soil_moisture_pct,temperature_c,humidity_pct,flow_rate_lpm,growth_stage,soil_type,recent_irrigation_l,irrigation_required
76.44,31.85,50.77,5.75,initial,loamy,10.63,0
44.06,18.8,47.54,3.45,development,clay,4.7,0
73.3,22.4,89.19,0,development,loamy,0,0
6.72,28.47,81.37,5.27,initial,clay,6.45,0
22.95,30.78,83.45,4.89,initial,loamy,4.59,0
33.36,23.01,84.11,0,initial,clay,0,0
51.89,27.75,53.55,3.17,late,clay,3.45,0
74.2,28.95,48.71,4.44,initial,clay,1.34,0
32.14,26.51,83.27,4.8,development,sandy,4.61,0
25.7,32.6,83.57,4.53,development,loamy,9.54,0
55.96,18.84,78.8,2.32,late,clay,19.76,0
39.53,19.5,86.52,4.47,development,loamy,6.58,0
48.19,30.06,60.38,1.91,late,sandy,28.56,0
85.09,35.56,82.85,5.53,development,clay,11.04,0
74.56,37.68,66.39,3.58,mid_season,sandy,2.98,0
47.98,23.43,69.7,0,initial,loamy,0,0
50.92,32.56,51.76,0,development,clay,0,0
84.48,28.73,71.27,0,development,clay,0,0
80.98,31.04,52.56,3.52,late,sandy,3.69,0
53.46,27.07,49.76,3.04,initial,clay,10.43,0
62.51,24.81,85.12,2.5,development,sandy,3.81,0
86.55,35.24,80.13,0,late,loamy,0,0
83.73,26.97,51.68,4.44,initial,clay,8.41,0
23.08,32.86,72.15,4.13,mid_season,clay,1.0,0
63.01,35.89,85.08,3.4,mid_season,clay,22.7,0
69.64,29.11,55.78,3.55,mid_season,loamy,7.45,0
59.12,29.28,82.77,4.3,mid_season,loamy,3.64,0
39.22,36.47,86.28,4.27,late,clay,18.05,0
95,23.59,40.91,4.72,late,clay,12.17,0
37.49,33.1,60.14,3.12,mid_season,sandy,8.35,0
27.88,37.77,50.5,4.71,initial,sandy,12.65,0
23.65,37.61,79.24,4.38,mid_season,clay,27.52,0
50.04,31.33,59.84,4.44,initial,clay,1.32,0
55.66,31.45,67.7,3.89,development,clay,1.05,0
32.02,29.65,56.15,3.04,development,loamy,1.31,0
13.21,36.16,80.44,4.78,late,clay,30.55,0
52.07,24.14,73.37,4.62,late,clay,18.85,0
18.4,20.27,44.03,5.16,mid_season,loamy,10.1,0
53.94,33.64,80.68,2.39,late,sandy,9.79,0
76.53,34.63,61.12,2.68,mid_season,sandy,1.3,0
50.13,21.23,79.16,4.14,development,loamy,22.65,0
63.48,29.04,70.06,0,mid_season,sandy,0,0
32.01,27.04,60.61,4.68,mid_season,loamy,10.68,0
86.57,36.87,45.69,2.09,mid_season,loamy,13.7,0
40.85,36.67,67.25,6.35,initial,loamy,5.49,0
62.38,19.92,74.62,6.68,development,clay,3.6,0
61.11,27.17,67.46,2.95,late,clay,9.05,0
43.31,20.53,79.66,3.66,late,loamy,13.38,0
46.2,35.93,40.59,3.87,initial,loamy,10.92,0
69.51,34.14,53.67,4.86,late,clay,13.34,0
63.5,20.76,75.98,3.86,mid_season,loamy,13.82,0
61.43,36.64,67.27,5.62,development,loamy,11.12,0
53.2,21.48,83.27,0,late,sandy,0,1
58.75,24.65,70.8,4.27,mid_season,clay,20.83,0
67.18,25.4,75.19,1.89,initial,clay,3.09,0
95,21.27,82.29,0,mid_season,loamy,0,0
73.67,34.52,68.98,4.77,development,loamy,8.28,0
39.4,24.5,71.89,3.59,late,sandy,5.02,0
45.54,35.71,62.74,0,initial,loamy,0,0
54.92,37.49,68.2,5.32,initial,sandy,9.42,0
75.26,25.78,69.97,4.52,development,loamy,7.65,0
54.05,37.62,50.07,4.51,mid_season,loamy,16.01,0
69.33,21.87,57.01,5.09,late,clay,19.65,0
44.36,30.74,85.37,4.19,initial,clay,1.96,0
64.72,20.33,79.97,0,initial,clay,0,0
45.19,22.65,65.67,0,mid_season,loamy,0,1
83.81,21.89,65.59,5.85,initial,clay,1.65,0
34.58,35.89,75.07,4.46,development,sandy,10.37,0
64.53,26.14,44.19,2.34,mid_season,sandy,5.36,0
80.11,31.23,83.15,4.35,development,loamy,9.15,0
89.29,30.67,43.2,3.05,mid_season,clay,7.01,0
68.07,33.32,53.4,4.36,late,sandy,11.91,0
48.57,21.51,47.48,2.65,late,loamy,16.8,0
70.32,33.5,52.66,4.54,mid_season,clay,13.72,0
53.44,26.5,41.0,0,initial,clay,0,0
62.0,27.21,72.21,3.09,initial,loamy,5.21,0
24.57,29.75,46.82,3.43,initial,loamy,4.89,0
76.33,37.0,41.2,0,mid_season,loamy,0,0
61.04,26.08,57.19,4.21,late,sandy,5.28,0
79.62,31.66,84.28,0,development,clay,0,0
20.01,31.28,52.15,1.91,mid_season,sandy,0.39,0
70.67,18.01,69.35,0,late,clay,0,0
60.13,30.77,89.53,5.75,mid_season,loamy,13.32,0
78.71,25.1,57.94,3.68,late,sandy,0.6,0
57.46,18.93,82.7,4.38,mid_season,clay,12.94,0
39.37,35.66,56.03,4.02,mid_season,clay,11.87,0
56.7,22.65,56.22,4.14,late,clay,8.15,0
52.27,20.28,65.93,3.64,mid_season,sandy,8.1,0
68.31,35.71,81.36,4.64,development,loamy,11.26,0
49.68,25.37,51.87,4.65,development,loamy,24.65,0
40.95,20.75,85.6,4.38,mid_season,sandy,3.95,0
64.81,26.29,43.99,0,development,loamy,0,0
37.84,31.65,80.64,3.9,initial,sandy,0.82,0
53.87,35.58,88.58,4.68,mid_season,loamy,3.12,0
53.06,20.81,85.44,0,mid_season,sandy,0,1
29.38,29.55,65.26,4.03,initial,clay,7.21,0
45.58,22.64,84.06,4.82,mid_season,clay,5.56,0
57.55,29.2,42.1,4.96,development,loamy,4.73,0
75.43,36.91,81.75,4.23,late,clay,3.57,0
48.16,27.88,71.02,5.01,development,loamy,3.62,0
57.57,20.73,65.82,3.07,development,clay,6.88,0
53.84,18.54,51.31,4.85,late,sandy,4.08,0
66.76,21.16,81.14,0,initial,loamy,0,0
64.69,30.68,76.57,3.38,late,loamy,18.59,0
36.16,18.49,42.78,5.15,late,loamy,20.82,0
31.07,26.49,85.83,3.31,mid_season,clay,19.27,0
35.28,29.44,86.45,0,mid_season,loamy,0,1
32.91,34.66,56.08,3.42,mid_season,clay,16.11,0
54.17,20.63,69.06,3.04,late,sandy,21.94,0
44.79,36.9,61.25,4.91,mid_season,loamy,4.92,0
47.5,34.64,87.65,0,initial,clay,0,0
61.76,27.93,44.71,0,mid_season,clay,0,0
23.28,18.06,40.69,4.26,development,loamy,10.21,0
16.72,36.81,54.9,2.56,late,clay,14.27,0
55.42,26.13,74.53,3.28,mid_season,loamy,0.38,0
43.59,21.52,69.51,0,mid_season,sandy,0,1
55.26,29.34,65.93,5.26,late,sandy,11.73,0
70.78,26.92,55.16,3.56,mid_season,loamy,3.36,0
67.41,28.78,77.61,0,mid_season,sandy,0,0
41.99,30.79,81.82,4.88,mid_season,loamy,16.57,0
51.32,32.12,72.59,5.7,late,loamy,8.54,0
53.19,19.87,69.45,0,late,loamy,0,0
44.82,25.09,75.98,4.33,late,sandy,13.53,0
62.84,21.11,87.23,4.8,development,loamy,18.92,0
52.91,30.56,65.69,3.97,initial,clay,2.05,0
5,28.74,41.95,3.99,mid_season,loamy,11.96,0
70.87,30.53,66.76,3.44,late,loamy,16.85,0
77.99,21.13,45.22,4.68,development,clay,5.59,0
93.72,24.83,86.72,3.89,development,clay,5.87,0
95,18.94,86.26,6.03,late,loamy,8.25,0
46.66,37.55,46.09,3.52,development,clay,11.99,0
82.51,25.47,44.01,4.67,mid_season,loamy,21.26,0
84.7,31.06,50.31,3.55,initial,clay,6.15,0
71.63,25.31,83.58,4.69,late,sandy,5.72,0
49.96,20.46,82.67,4.37,late,loamy,22.06,0
74.75,22.83,45.84,4.13,late,loamy,8.69,0
32.36,34.75,63.53,5.66,late,sandy,3.85,0
61.84,37.84,59.21,5.8,mid_season,clay,11.96,0
32.88,32.34,49.14,3.48,initial,clay,22.61,0
81.21,35.91,63.85,2.84,mid_season,loamy,6.27,0
75.58,35.93,54.5,4.08,mid_season,clay,16.67,0
49.37,26.66,67.67,3.6,development,sandy,4.21,0
43.12,22.8,72.36,3.71,development,loamy,10.46,0
65.99,22.42,72.6,3.9,mid_season,clay,16.47,0
57.59,24.35,41.86,4.76,initial,sandy,1.92,0
77.43,24.34,56.48,0,initial,sandy,0,0
75.42,22.84,59.0,0,initial,loamy,0,0
95,18.34,71.59,0,initial,loamy,0,0
58.28,31.85,73.68,2.2,development,clay,10.46,0
78.1,25.84,44.2,0,late,sandy,0,0
43.59,36.03,55.26,3.27,development,sandy,9.3,0
21.42,18.93,89.81,4.7,development,sandy,5.53,0
58.56,21.74,42.52,3.78,mid_season,sandy,14.04,0
44.06,18.8,42.73,2.92,mid_season,loamy,4.14,0
33.61,19.83,86.81,4.66,initial,loamy,12.92,0
65.4,32.24,50.08,4.44,development,loamy,7.16,0
50.09,18.13,50.58,6.28,development,loamy,4.69,0
74.31,31.5,44.36,0,initial,clay,0,0
42.83,34.23,81.56,4.42,initial,clay,2.74,0
47.94,18.04,48.2,3.37,mid_season,sandy,25.03,0
71.74,21.09,71.25,0,late,loamy,0,0
28.34,26.65,78.86,3.21,late,sandy,18.35,0
72.83,28.7,51.41,0,mid_season,loamy,0,0
80.46,32.32,54.74,4.46,mid_season,sandy,15.07,0
46.29,19.66,55.08,5.97,mid_season,sandy,5.69,0
78.2,33.85,75.0,3.92,initial,sandy,21.62,0
28.58,34.59,45.25,3.81,late,loamy,4.56,0
37.01,35.99,71.85,3.43,late,sandy,10.32,0
39.83,25.85,70.39,6.86,initial,sandy,12.84,0
95,19.02,73.11,2.31,initial,loamy,10.17,0
33.14,23.67,58.39,3.94,mid_season,loamy,9.17,0
39.35,21.54,70.35,3.11,mid_season,loamy,2.16,0
57.92,24.8,62.99,3.64,development,clay,4.63,0
44.36,20.49,57.71,6.25,late,loamy,2.98,0
87.95,31.33,58.54,2.57,mid_season,loamy,14.01,0
64.9,26.25,42.38,6.39,development,clay,10.37,0
41.9,22.18,60.43,5.35,late,clay,8.19,0
17.36,30.22,66.55,4.1,development,clay,3.27,0
63.24,23.86,67.62,4.45,initial,clay,2.11,0
58.34,34.12,68.27,1.35,development,sandy,11.11,0
82.04,35.22,70.76,7.39,development,clay,15.21,0
61.65,32.71,88.25,2.62,development,clay,3.21,0
67.18,25.55,50.02,1.84,development,sandy,5.45,0
47.01,25.0,74.64,4.35,mid_season,clay,5.08,0
47.61,26.53,54.93,3.14,mid_season,sandy,0.85,0
41.16,34.36,58.25,6.25,late,clay,17.12,0
40.22,18.15,46.38,3.26,development,sandy,0.73,0
82.12,28.51,79.8,4.14,development,sandy,4.72,0
54.57,26.85,60.8,5.55,mid_season,loamy,10.22,0
77.1,22.26,51.36,4.36,late,sandy,9.48,0
78.19,21.43,84.53,4.01,mid_season,clay,8.11,0
46.93,18.07,49.7,4.6,late,sandy,1.51,0
67.59,20.99,81.23,3.65,mid_season,loamy,19.07,0
59.56,32.58,65.29,0,initial,clay,0,0
59.36,19.35,79.89,0,initial,sandy,0,0
46.83,31.41,89.92,5.87,late,loamy,10.47,0
13.73,25.53,70.26,3.62,mid_season,clay,7.22,0
38.05,26.45,79.13,4.9,development,clay,17.68,0
31.82,29.64,77.68,3.26,development,clay,12.17,0
50.7,35.23,87.67,3.94,development,sandy,8.47,0
72.84,23.44,47.24,3.03,mid_season,sandy,9.19,0
54.51,19.84,48.05,4.75,late,loamy,5.65,0
56.03,25.91,49.9,2.84,late,sandy,12.6,0
20.86,31.41,65.62,3.58,initial,sandy,1.08,0
72.2,20.26,75.35,2.05,mid_season,clay,8.37,0
81.84,34.16,42.1,4.23,late,loamy,10.53,0
85.27,31.55,86.96,3.6,late,sandy,1.92,0
56.61,36.4,70.12,3.72,development,sandy,10.82,0
62.93,24.98,66.45,3.96,initial,sandy,9.99,0
84.76,35.35,81.2,4.85,late,clay,9.24,0
47.91,30.64,46.69,1.6,mid_season,sandy,23.48,0
58.15,20.85,83.86,3.21,late,sandy,0.21,0
43.1,24.8,50.54,3.05,mid_season,clay,10.75,0
65.75,22.96,56.67,0,initial,loamy,0,0
87.71,32.71,80.56,4.83,mid_season,loamy,10.25,0
53.0,22.11,67.18,4.74,mid_season,sandy,11.93,0
51.97,31.27,89.61,4.23,initial,sandy,0.54,0
41.37,18.66,53.66,4.6,late,clay,12.33,0
69.45,22.41,53.84,5.49,initial,loamy,15.67,0
39.05,34.35,49.38,4.2,mid_season,clay,17.36,0
58.7,25.74,83.48,0,development,loamy,0,0
47.44,21.58,84.29,0,initial,sandy,0,0
68.1,21.07,57.32,4.33,initial,loamy,5.53,0
66.05,34.05,45.59,6.73,development,clay,18.51,0
77.91,21.89,61.14,2.8,mid_season,clay,12.29,0
16.75,27.13,53.94,1.63,initial,loamy,2.66,0
64.53,30.79,58.99,5.3,development,sandy,7.67,0
14.88,23.42,57.28,5.07,late,loamy,16.59,0
65.46,23.6,40.4,4.73,development,sandy,3.05,0
7.91,32.83,42.77,2.95,late,loamy,9.43,0
60.92,30.04,79.24,3.99,late,clay,15.58,0
62.88,24.66,47.95,2.66,initial,loamy,5.24,0
62.81,31.64,81.97,0,late,loamy,0,0
39.92,28.36,49.01,3.48,late,sandy,20.65,0
64.05,37.6,74.29,3.38,development,loamy,3.82,0
65.25,24.92,75.36,1.6,late,sandy,8.96,0
58.56,21.56,70.59,5.6,late,loamy,1.9,0
60.73,23.19,81.54,0,late,sandy,0,0
60.88,31.49,83.11,4.16,initial,loamy,3.69,0
36.24,28.63,78.62,0,initial,sandy,0,0
49.42,27.79,45.84,3.67,late,clay,0.48,0
75.5,24.79,52.22,3.64,development,loamy,5.49,0
38.78,26.37,57.32,4.72,late,clay,9.86,0
65.32,28.11,40.91,0,late,loamy,0,0
47.29,32.99,85.7,3.53,late,loamy,9.59,0
54.47,32.26,79.23,4.02,initial,loamy,5.89,0
47.32,27.51,55.14,4.71,mid_season,loamy,2.58,0
59.65,21.4,75.79,5.38,late,clay,10.04,0
66.44,35.53,59.98,2.94,development,clay,0.06,0
64.64,34.7,55.66,0,late,loamy,0,0
57.76,25.5,58.62,0,development,loamy,0,0
50.57,29.33,66.81,3.96,initial,sandy,1.48,0
51.98,24.88,41.94,0,initial,clay,0,0
22.39,35.64,71.39,0,initial,clay,0,0
85.25,19.73,84.61,1.72,mid_season,sandy,16.83,0
35.27,37.6,86.68,5.3,development,sandy,10.81,0
70.73,20.22,45.08,3.59,late,loamy,9.58,0
70.68,35.61,60.64,0,initial,sandy,0,0
14.99,20.57,71.42,5.02,development,clay,1.57,0
51.62,20.89,66.45,3.29,initial,sandy,9.79,0
64.13,37.52,44.9,3.87,initial,clay,10.58,0
74.19,21.63,47.67,4.28,late,loamy,21.47,0
70.4,28.89,45.91,0,late,sandy,0,0
54.54,30.64,45.8,3.66,late,clay,8.29,0
46.33,33.75,73.73,4.69,mid_season,loamy,22.34,0
42.3,29.37,52.6,4.9,initial,sandy,1.62,0
81.33,31.22,55.1,2.3,initial,sandy,5.09,0
74.19,31.83,51.2,3.0,late,clay,4.75,0
31.51,23.42,79.46,4.43,late,clay,15.94,0
76.2,22.53,42.84,0,initial,loamy,0,0
70.98,25.38,42.43,4.36,development,sandy,0.84,0
57.59,27.14,79.29,3.9,development,clay,8.49,0
64.61,33.9,89.23,0,initial,sandy,0,0
61.83,31.34,41.31,3.14,development,loamy,9.5,0
36.52,34.77,64.96,3.11,late,sandy,20.97,0
42.38,25.82,40.65,3.3,mid_season,clay,9.29,0
87.47,23.97,54.03,4.56,development,clay,14.68,0
60.35,21.49,82.28,4.9,development,loamy,10.07,0
40.83,22.04,81.07,4.38,mid_season,sandy,6.93,0
68.4,34.19,87.66,5.59,initial,sandy,3.62,0
95,27.7,66.26,3.98,development,sandy,14.69,0
64.01,31.04,50.05,4.21,development,sandy,8.15,0
72.31,19.78,78.77,4.58,initial,loamy,8.07,0
48.61,29.49,89.07,0,initial,sandy,0,0
52.94,19.09,76.1,4.56,initial,sandy,6.09,0
50.11,26.23,42.45,4.47,mid_season,sandy,15.28,0
40.24,26.31,51.61,4.51,development,sandy,4.7,0
63.98,25.17,45.38,4.24,mid_season,clay,15.03,0
52.16,34.51,43.15,4.4,late,loamy,20.58,0
48.69,36.52,75.58,4.63,development,sandy,14.64,0
26.16,30.17,77.03,4.34,mid_season,sandy,9.6,0
90.22,37.21,45.12,0,development,clay,0,0
63.47,28.63,60.58,0,late,clay,0,0
15.3,37.6,57.82,0,initial,sandy,0,1
69.69,25.64,88.3,4.04,late,clay,3.36,0
50.89,34.13,44.33,5.24,development,sandy,7.93,0
36.06,28.77,70.02,0,initial,sandy,0,0
80.85,33.58,48.81,0,initial,clay,0,0
16.99,30.59,79.49,4.46,late,loamy,15.63,0
58.13,30.21,82.32,4.37,development,loamy,3.54,0
40.65,29.45,77.98,1.74,development,clay,4.6,0
30.93,20.99,56.26,1.92,mid_season,clay,17.94,0
57.18,21.27,60.33,6.6,mid_season,clay,9.05,0
43.05,24.57,42.94,3.57,initial,sandy,14.08,0
64.08,25.88,57.9,5.31,late,loamy,9.02,0
39.72,27.81,53.16,3.27,initial,loamy,2.07,0
38.27,28.07,85.15,3.0,development,clay,4.94,0
40.53,20.95,55.02,4.01,mid_season,clay,15.97,0
40.98,20.28,46.42,6.19,mid_season,sandy,12.72,0
71.73,26.59,52.24,2.09,development,clay,12.8,0
26.51,34.39,85.04,5.61,initial,loamy,8.73,0
63.04,30.43,40.94,0,mid_season,sandy,0,0
50.48,36.9,52.54,3.48,late,sandy,12.76,0
95,32.23,69.56,5.87,mid_season,sandy,3.65,0
42.58,24.9,52.58,5.67,mid_season,loamy,11.8,0
28.09,36.34,47.69,4.77,development,loamy,4.64,0
74.13,34.78,64.36,3.77,late,sandy,3.56,0
40.62,23.41,51.99,4.31,initial,sandy,13.73,0
74.46,20.48,84.35,5.19,development,sandy,12.45,0
26.87,33.3,40.88,0,mid_season,sandy,0,1
67.75,37.49,40.21,3.18,development,loamy,10.59,0
72.89,35.66,79.48,2.7,mid_season,sandy,9.67,0
59.77,32.37,51.18,4.02,initial,loamy,1.41,0
46.78,18.08,76.6,5.22,late,sandy,4.88,0
60.52,19.71,55.86,3.13,initial,sandy,11.87,0
25.22,19.7,85.38,0.8,initial,sandy,10.72,0
38.27,25.44,80.25,2.92,mid_season,sandy,2.56,0
39.05,25.64,61.84,4.48,late,clay,9.21,0
71.56,37.4,51.48,2.24,development,clay,8.21,0
36.21,30.47,77.47,5.44,development,loamy,10.52,0
42.84,19.76,62.98,2.42,mid_season,sandy,2.52,0
49.81,18.85,57.08,3.33,initial,sandy,5.61,0
70.29,26.64,59.14,4.05,mid_season,loamy,6.39,0
41.34,21.79,81.72,4.92,initial,clay,0.37,0
47.84,25.5,42.82,4.31,initial,clay,5.47,0
49.85,27.5,57.68,0,development,sandy,0,1
38.64,21.33,68.21,5.57,initial,sandy,13.35,0
38.72,29.79,58.78,3.65,mid_season,sandy,13.02,0
85.81,35.91,50.48,3.32,development,loamy,1.88,0
40.51,33.68,83.81,3.65,initial,clay,5.12,0
65.05,32.75,69.83,0,initial,loamy,0,0
81.4,26.18,75.73,0.94,development,sandy,6.46,0
67.93,25.5,46.09,4.45,mid_season,sandy,10.72,0
61.15,30.78,48.33,5.99,mid_season,clay,10.53,0
51.53,23.11,63.56,2.65,initial,sandy,5.68,0
36.85,35.81,40.95,0,development,sandy,0,1
58.77,31.65,87.88,6.31,late,sandy,5.71,0
39.25,32.4,74.81,4.28,late,loamy,18.42,0
77.52,32.57,63.23,4.95,mid_season,clay,8.64,0
68.68,26.22,70.87,4.92,mid_season,clay,26.51,0
47.33,29.86,79.99,4.1,late,loamy,4.94,0
62.37,36.81,84.78,5.51,late,loamy,5.44,0
66.99,20.43,44.86,3.38,mid_season,loamy,1.97,0
25.63,20.38,77.4,3.81,initial,clay,16.02,0
68.2,25.7,42.78,2.84,mid_season,loamy,0.64,0
35.75,22.41,66.01,3.21,initial,sandy,1.88,0
69.07,24.07,41.59,0,initial,loamy,0,0
65.96,32.79,84.41,3.44,initial,loamy,4.5,0
38.9,31.92,66.47,4.11,late,sandy,10.47,0
39.51,35.8,40.07,4.75,late,clay,13.03,0
67.18,33.53,54.44,2.87,initial,loamy,1.08,0
75.21,36.99,48.35,2.56,initial,clay,7.8,0
71.34,27.64,66.1,3.01,late,clay,13.63,0
40.29,31.89,73.98,3.2,late,sandy,7.27,0
50.58,33.75,89.53,4.71,mid_season,sandy,6.52,0
37.69,27.67,80.91,3.36,development,clay,10.99,0
76.95,36.69,42.82,0,development,loamy,0,0
38.81,30.09,54.4,2.12,development,sandy,10.78,0
75.36,20.13,45.63,4.0,mid_season,sandy,4.58,0
77.61,30.23,64.11,3.42,mid_season,clay,27.99,0
45.27,37.94,80.55,0,initial,clay,0,0
56.96,20.56,85.49,2.78,initial,sandy,13.28,0
64.41,18.77,68.37,6.01,development,clay,3.71,0
42.9,30.77,68.2,2.89,initial,loamy,8.01,0
73.56,22.35,67.97,2.54,late,clay,17.14,0
69.28,29.85,82.94,0,initial,clay,0,0
5,24.76,60.13,5.7,late,sandy,2.66,0
87.99,37.51,51.2,2.41,initial,sandy,0.26,0
80.76,32.95,73.87,5.2,initial,loamy,13.12,0
55.95,26.83,46.17,2.53,mid_season,loamy,12.56,0
26.52,34.79,75.12,2.78,mid_season,loamy,19.17,0
70.94,29.63,69.79,0,mid_season,sandy,0,0
49.64,29.5,87.37,3.89,initial,loamy,6.96,0
69.67,34.03,74.84,5.44,late,clay,8.43,0
46.63,26.2,48.24,3.56,development,sandy,5.15,0
69.65,31.03,66.96,4.37,mid_season,loamy,0.45,0
66.39,27.78,62.18,4.25,mid_season,clay,15.44,0
44.09,26.85,70.7,4.92,initial,sandy,10.04,0
66.15,30.91,78.79,3.64,initial,loamy,9.92,0
50.36,33.33,49.31,3.49,development,sandy,10.65,0
58.17,20.04,58.73,3.37,development,sandy,5.08,0
5,33.96,80.13,5.71,late,loamy,3.85,0
42.8,26.71,72.01,5.14,late,clay,7.44,0
69.78,21.53,46.52,4.04,late,sandy,3.91,0
74.96,19.01,65.92,3.72,development,clay,21.57,0
64.69,32.45,42.78,3.83,mid_season,sandy,9.33,0
85.82,34.68,55.3,4.37,mid_season,sandy,12.42,0
68.26,33.31,46.12,4.21,development,sandy,0.51,0
74.16,33.33,74.95,0,initial,loamy,0,0
66.48,27.57,80.51,2.82,development,loamy,9.02,0
67.58,26.07,72.97,3.83,mid_season,sandy,9.88,0
46.95,25.24,41.33,3.95,initial,clay,0.19,0
87.04,23.33,48.87,4.73,development,clay,14.13,0
79.06,35.89,50.22,2.53,late,sandy,3.72,0
68.79,31.08,78.23,5.17,mid_season,sandy,1.33,0
38.23,30.12,62.32,4.2,mid_season,loamy,12.28,0
60.41,29.88,66.76,4.93,late,loamy,9.9,0
49.03,20.75,70.94,5.64,development,loamy,14.79,0
68.2,34.04,60.88,3.29,initial,sandy,11.85,0
60.16,30.44,68.45,0,initial,sandy,0,0
62.9,34.25,81.86,3.13,late,sandy,10.04,0
43.57,33.01,72.14,4.45,initial,clay,12.37,0
50.27,34.72,70.73,4.27,initial,clay,4.83,0
45.47,23.94,52.24,3.84,mid_season,sandy,1.09,0
59.25,34.65,40.23,5.24,development,clay,3.95,0
47.97,20.93,58.78,6.4,mid_season,clay,16.72,0
15.51,26.47,60.78,3.16,mid_season,loamy,9.91,0
73.76,35.85,64.78,2.83,mid_season,clay,3.33,0
84.51,29.93,47.59,3.15,mid_season,sandy,10.82,0
64.8,35.39,60.08,0,mid_season,sandy,0,0
37.19,34.14,71.01,3.27,initial,clay,2.23,0
72.52,24.83,44.79,3.46,development,sandy,19.08,0
41.49,23.95,77.12,0,initial,loamy,0,0
55.72,37.1,87.79,6.19,development,clay,6.79,0
95,36.69,86.13,5.05,mid_season,loamy,5.54,0
83.94,24.54,66.33,5.82,late,clay,12.43,0
49.75,21.61,42.35,4.37,mid_season,sandy,9.46,0
44.91,20.76,54.68,5.19,development,sandy,13.61,0
67.55,30.96,77.33,0,initial,sandy,0,0
43.58,20.1,73.82,2.29,initial,loamy,2.19,0
19.29,26.38,54.94,3.94,development,loamy,13.39,0
55.23,27.84,43.99,2.24,late,sandy,9.05,0
86.11,20.98,54.85,3.14,late,clay,6.24,0
70.73,29.29,77.83,4.5,late,sandy,11.82,0
70.91,30.74,85.64,3.94,initial,sandy,9.92,0
67.76,18.78,85.09,6.55,mid_season,sandy,9.75,0
84.02,27.84,49.2,3.96,initial,clay,8.05,0
23.99,18.78,86.4,3.45,late,sandy,9.33,0
39.87,37.68,65.73,5.01,development,sandy,2.26,0
95,35.15,89.72,0,development,loamy,0,0
44.84,30.83,74.55,0,late,loamy,0,1
40.3,35.93,54.53,6.44,development,clay,4.96,0
58.07,25.66,54.49,4.61,mid_season,sandy,10.39,0
59.34,34.66,75.05,4.22,mid_season,loamy,12.42,0
34.27,34.88,79.39,2.26,mid_season,sandy,10.15,0
81.25,36.47,54.73,2.12,mid_season,sandy,0.19,0
53.41,33.36,43.32,4.64,development,sandy,9.1,0
42.74,35.99,76.45,0,initial,clay,0,0
53.01,19.34,46.15,4.23,development,clay,12.14,0
77.73,24.9,46.78,3.16,mid_season,sandy,8.37,0
89.75,33.08,63.62,6.18,late,sandy,0.7,0
74.75,33.82,40.6,5.42,late,clay,2.0,0
43.39,36.34,85.62,4.88,initial,sandy,5.65,0
58.18,24.3,89.37,0,development,sandy,0,1
45.88,37.06,46.08,4.38,late,clay,15.87,0
10.95,32.4,42.47,5.31,development,clay,5.11,0
69.63,19.48,73.1,4.17,late,sandy,2.76,0
45.58,21.66,48.42,4.82,mid_season,clay,3.5,0
38.48,24.74,40.73,2.12,mid_season,clay,4.52,0
60.84,26.61,55.7,4.32,mid_season,loamy,14.82,0
51.45,28.39,41.33,5.23,late,clay,8.05,0
5,22.43,84.05,5.25,late,clay,14.52,0
72.58,21.38,53.36,6.94,development,sandy,8.95,0
55.87,24.8,87.43,2.31,late,sandy,8.66,0
73.55,26.34,76.29,5.01,mid_season,loamy,4.18,0
89.45,35.98,87.25,2.76,late,sandy,8.35,0
32.01,23.98,78.93,0,development,clay,0,1
44.29,19.8,55.93,0,initial,sandy,0,0
68.14,25.72,54.19,0,initial,loamy,0,0
53.0,37.14,64.13,3.7,late,sandy,8.37,0
33.42,24.08,53.67,0,development,loamy,0,1
67.49,33.54,76.72,0,mid_season,clay,0,0
61.76,27.87,62.92,3.41,development,sandy,20.33,0
44.47,20.58,75.81,3.82,late,clay,4.57,0
37.65,33.16,62.17,4.29,development,sandy,12.45,0
86.95,24.3,87.64,2.91,late,loamy,8.06,0
55.01,26.21,76.58,0,initial,clay,0,0
57.17,28.96,58.0,4.28,initial,clay,20.2,0
59.9,33.32,63.35,4.29,mid_season,loamy,10.19,0
24.23,29.27,77.16,5.56,development,sandy,4.62,0
37.83,19.17,45.95,2.42,late,sandy,9.49,0
45.67,27.97,66.38,0,late,clay,0,0
44.65,19.33,67.61,2.18,late,loamy,6.49,0
49.64,34.71,85.88,0,late,clay,0,0
59.37,19.74,88.46,0,development,sandy,0,1
53.19,22.18,49.34,3.1,late,loamy,2.82,0
61.58,23.13,84.77,2.34,mid_season,clay,12.01,0
32.06,37.59,77.59,5.65,late,loamy,6.87,0
42.51,25.15,44.2,3.15,initial,sandy,4.88,0
44.18,18.82,74.12,0,late,clay,0,1
56.34,28.09,89.67,3.12,development,clay,23.91,0
87.51,21.28,84.27,3.94,mid_season,clay,22.49,0
61.54,27.88,53.32,0,mid_season,loamy,0,0
39.17,28.83,46.67,4.88,development,sandy,4.93,0
73.88,27.55,64.68,0,initial,loamy,0,0
44.81,19.21,63.1,4.67,development,clay,2.53,0
56.59,31.21,47.87,2.96,mid_season,clay,6.79,0
64.51,34.94,73.89,0,initial,loamy,0,0
57.79,30.71,52.71,4.61,development,clay,20.44,0
75.59,30.67,80.21,3.81,initial,clay,14.63,0
27.33,19.53,72.34,0,late,sandy,0,1
42.5,26.22,57.48,3.83,initial,clay,7.25,0
38.78,36.63,56.22,6.43,initial,clay,2.07,0
49.52,23.52,56.68,4.62,late,clay,13.06,0
62.48,22.66,72.11,0,initial,sandy,0,0
22.12,22.44,41.05,5.0,late,clay,15.52,0
50.04,26.52,54.37,3.87,initial,clay,11.76,0
31.45,24.63,73.83,4.17,initial,sandy,12.64,0
84.82,35.87,77.63,3.55,late,loamy,8.15,0
66.64,22.16,87.08,4.5,late,loamy,5.94,0
34.98,32.79,50.14,3.38,late,sandy,7.12,0
73.51,21.28,43.72,5.86,mid_season,loamy,7.79,0
60.52,32.26,89.17,5.86,mid_season,clay,3.96,0
63.11,23.15,81.91,4.72,initial,clay,2.59,0
75.49,20.12,66.04,4.15,initial,loamy,3.39,0
32.45,36.06,63.43,3.02,initial,sandy,4.33,0
57.96,36.66,69.26,0,initial,sandy,0,0
19.34,26.92,50.83,4.86,initial,loamy,4.43,0
50.33,22.16,41.55,4.36,mid_season,sandy,10.49,0
64.23,25.82,51.8,0,initial,loamy,0,0
65.26,22.91,58.23,2.68,mid_season,clay,14.28,0
40.22,30.96,61.99,4.25,development,loamy,13.3,0
70.77,26.21,51.95,4.83,development,clay,23.28,0
69.9,24.83,51.58,3.85,development,loamy,3.91,0
71.53,24.81,47.85,4.46,initial,clay,11.52,0
84.68,34.97,49.97,2.63,late,clay,6.39,0
65.58,23.24,56.17,0,late,clay,0,0
58.36,37.35,73.35,0,initial,sandy,0,0
62.3,36.72,53.81,4.15,initial,clay,4.59,0
65.91,21.08,84.2,0,late,clay,0,0
12.48,22.14,87.94,3.86,development,loamy,12.36,0
34.95,18.58,73.49,5.45,development,clay,13.9,0
48.26,31.98,84.25,4.91,development,clay,4.89,0
79.55,34.07,50.78,6.07,mid_season,sandy,20.72,0
17.74,22.3,84.44,4.18,late,sandy,4.5,0
50.78,33.16,71.68,5.53,mid_season,clay,29.22,0
55.4,20.19,83.73,4.18,late,loamy,7.05,0
14.89,28.52,66.33,5.9,initial,sandy,11.41,0
42.39,30.19,55.56,4.95,development,sandy,11.59,0
19.22,28.25,57.69,4.5,late,clay,13.64,0
21.79,21.25,73.64,3.8,initial,loamy,0.63,0
75.83,35.46,72.87,2.97,mid_season,sandy,11.12,0
52.15,29.41,73.0,3.16,mid_season,clay,2.01,0
54.84,24.62,62.6,4.57,mid_season,loamy,14.98,0
55.57,20.18,50.51,4.19,development,loamy,0.35,0
49.86,36.9,82.48,0,late,sandy,0,1
64.36,24.09,50.54,0,development,clay,0,0
48.99,24.64,79.87,0,initial,sandy,0,0
38.38,23.39,65.32,3.35,initial,clay,1.21,0
59.86,19.71,40.73,4.41,mid_season,clay,22.06,0
37.9,24.17,64.06,3.54,late,clay,21.06,0
59.35,25.92,83.37,3.84,mid_season,loamy,9.95,0
60.73,20.89,43.71,2.52,development,clay,4.3,0
62.46,35.82,62.39,3.69,late,sandy,19.98,0
49.92,19.18,53.46,5.5,mid_season,sandy,16.31,0
70.13,29.49,49.52,4.21,development,sandy,10.01,0
27.3,19.93,43.37,6.22,initial,loamy,17.15,0
28.94,29.72,81.12,4.83,development,loamy,8.29,0
76.78,37.46,46.96,0,initial,sandy,0,0
35.36,23.78,62.79,2.9,mid_season,sandy,12.46,0
61.47,31.36,62.85,5.08,initial,loamy,3.02,0
66.19,26.84,58.24,4.5,mid_season,clay,12.81,0
35.75,30.67,40.18,5.06,development,loamy,13.08,0
47.1,37.78,55.47,3.75,development,clay,9.36,0
49.72,26.18,48.53,2.56,mid_season,sandy,25.9,0
43.18,32.75,83.49,5.11,late,clay,5.16,0
65.77,33.89,40.27,4.19,late,clay,3.34,0
74.77,20.99,40.29,3.36,mid_season,loamy,0.63,0
73.84,22.67,76.5,5.24,late,loamy,2.1,0
36.55,30.24,87.54,4.42,initial,sandy,1.99,0
66.99,25.95,74.52,3.87,late,loamy,5.64,0
61.48,30.36,89.31,2.98,development,clay,10.06,0
59.62,34.97,64.3,4.96,initial,clay,0.62,0
95,21.04,50.31,5.25,development,sandy,15.35,0
41.43,27.01,52.78,3.05,initial,clay,3.58,0
49.42,32.47,83.48,0,development,loamy,0,1
71.6,26.49,76.98,4.25,initial,sandy,6.5,0
72.45,31.87,85.62,5.65,mid_season,clay,4.3,0
78.07,21.21,87.17,4.11,development,sandy,21.04,0
33.24,23.42,44.64,4.8,development,loamy,14.98,0
76.0,35.75,47.54,3.19,development,loamy,6.36,0
56.54,34.04,54.99,0,initial,clay,0,0
56.19,33.92,54.75,2.63,late,loamy,20.58,0
50.19,18.33,65.36,3.19,initial,clay,2.23,0
59.03,20.56,74.44,1.72,development,sandy,17.11,0
67.75,33.32,55.38,0,development,clay,0,0
63.69,24.12,49.06,0.3,initial,clay,6.14,0
24.04,24.53,50.78,3.36,late,loamy,6.1,0
66.48,35.35,72.33,5.92,late,clay,5.83,0
26.78,30.19,57.87,2.5,initial,sandy,0.08,0
51.93,28.72,48.51,3.6,development,sandy,12.6,0
59.56,32.83,80.39,5.42,development,loamy,5.39,0
87.01,37.63,57.77,5.55,late,loamy,26.98,0
95,31.52,58.19,4.01,mid_season,loamy,13.91,0
35.13,36.28,77.79,7.03,initial,loamy,11.05,0
61.36,21.24,84.78,4.21,late,sandy,11.11,0
29.53,23.45,47.8,5.2,mid_season,loamy,6.18,0
68.65,37.67,79.84,3.72,development,loamy,15.19,0
57.23,18.29,44.68,5.47,late,clay,16.92,0
58.47,32.01,66.53,4.96,late,sandy,10.35,0
58.01,18.96,43.44,2.04,mid_season,loamy,2.84,0
17.91,25.25,75.85,3.25,development,clay,8.55,0
55.22,24.83,63.57,4.46,late,loamy,1.81,0
67.18,34.35,89.82,3.84,initial,loamy,8.9,0
65.47,35.75,81.72,5.9,development,loamy,4.81,0
45.4,29.7,50.75,5.43,mid_season,sandy,13.23,0
73.47,22.62,87.37,1.58,mid_season,loamy,9.8,0
15.56,37.27,78.28,2.97,initial,clay,12.01,0
39.24,20.0,61.87,3.57,mid_season,loamy,6.47,0
72.2,35.72,71.11,0,late,clay,0,0
81.72,30.0,80.75,0,initial,sandy,0,0
54.02,21.65,53.74,2.65,late,loamy,12.36,0
41.59,30.32,86.77,3.76,late,clay,8.0,0
67.29,26.09,84.08,7.25,late,clay,9.84,0
26.62,35.23,56.78,3.66,late,clay,19.85,0
31.94,31.7,50.75,0,development,clay,0,1
45.19,23.21,58.63,2.6,initial,clay,12.96,0
28.78,32.19,47.71,5.2,development,sandy,20.84,0
50.04,25.97,45.65,5.02,development,clay,18.11,0
28.43,25.6,56.42,0,initial,clay,0,0
39.65,23.78,88.08,4.08,mid_season,clay,15.68,0
63.58,34.47,55.52,3.8,late,clay,8.66,0
28.41,23.85,43.35,4.07,initial,clay,6.3,0
37.36,34.12,70.61,1.83,late,clay,0.02,0
45.99,28.13,44.47,4.33,late,sandy,2.39,0
43.79,35.26,43.48,2.99,development,loamy,18.74,0
78.65,22.22,48.87,4.09,initial,clay,2.66,0
50.47,33.23,55.99,5.76,initial,sandy,11.2,0
27.72,19.39,57.14,2.97,mid_season,loamy,3.48,0
58.11,33.98,57.94,5.01,late,loamy,12.07,0
54.23,35.3,60.16,4.81,mid_season,sandy,5.91,0
52.78,22.98,54.41,3.61,late,loamy,7.59,0
67.97,19.31,46.73,2.39,late,loamy,14.3,0
95,18.41,44.12,4.96,initial,clay,9.18,0
58.06,18.75,89.2,5.9,late,loamy,26.87,0
57.99,18.63,50.56,3.83,mid_season,sandy,18.98,0
49.97,27.76,51.16,0,initial,sandy,0,0
62.89,36.0,63.7,0,initial,clay,0,0
78.2,36.28,55.83,5.04,mid_season,loamy,15.79,0
63.36,37.57,75.27,6.62,mid_season,sandy,12.23,0
38.49,28.45,64.06,2.67,late,loamy,3.98,0
29.1,29.32,82.46,0,development,sandy,0,1
61.32,36.71,48.1,2.92,initial,sandy,10.31,0
64.92,34.42,67.34,0,initial,clay,0,0
49.26,19.59,52.81,0,mid_season,sandy,0,1
67.34,18.59,78.16,3.19,development,loamy,26.49,0
55.2,31.31,59.26,5.91,mid_season,sandy,3.91,0
27.81,32.04,67.67,2.71,development,sandy,11.55,0
52.82,24.07,52.41,4.72,late,clay,10.95,0
62.83,25.05,63.67,4.14,late,loamy,8.58,0
19.2,36.91,50.32,0,initial,sandy,0,1
83.27,33.73,48.74,2.68,late,clay,1.88,0
81.94,36.08,77.25,4.68,mid_season,clay,5.34,0
29.81,36.02,48.53,0,late,sandy,0,1
55.36,25.8,81.04,3.63,development,loamy,8.37,0
26.24,22.85,71.74,0,mid_season,loamy,0,1
20.9,36.21,71.83,4.48,late,sandy,4.77,0
38.55,23.48,82.58,3.87,mid_season,loamy,1.64,0
53.7,33.71,42.17,3.78,initial,sandy,14.89,0
54.11,19.76,68.84,4.04,initial,loamy,8.9,0
56.06,33.94,61.3,0,mid_season,sandy,0,1
50.01,20.38,50.18,3.35,initial,sandy,14.67,0
37.22,33.37,63.79,3.98,initial,clay,9.68,0
85.16,26.27,63.65,4.06,development,clay,8.16,0
28.16,35.51,42.68,4.49,late,loamy,15.55,0
78.69,28.65,50.65,6.5,development,clay,9.44,0
54.81,23.47,76.29,0,development,loamy,0,0
69.41,30.99,58.55,4.93,mid_season,sandy,1.32,0
50.89,26.74,59.88,5.74,initial,loamy,11.51,0
72.4,21.99,55.28,4.26,late,sandy,2.63,0
50.98,19.07,41.96,2.64,development,clay,3.98,0
76.63,29.5,41.59,3.97,development,clay,21.05,0
85.98,19.93,79.5,0,late,loamy,0,0
71.1,29.72,51.79,4.77,initial,loamy,5.35,0
63.82,22.36,73.96,4.36,initial,clay,18.13,0
27.59,21.38,68.87,0,initial,sandy,0,0
61.67,35.95,73.9,6.32,development,loamy,4.68,0
37.2,30.24,53.11,0,late,sandy,0,1
95,22.52,40.82,2.45,mid_season,sandy,8.62,0
25.23,23.64,73.14,0,development,loamy,0,1
33.77,21.05,62.04,5.03,late,clay,8.75,0
62.73,23.09,85.55,4.73,development,loamy,13.61,0
51.95,21.08,64.52,5.26,mid_season,clay,17.18,0
39.0,31.47,80.44,0,initial,loamy,0,0
75.09,21.39,51.36,4.48,development,clay,17.56,0
49.67,21.18,79.87,6.17,late,loamy,8.09,0
43.99,21.71,56.64,2.06,mid_season,sandy,10.29,0
50.55,37.03,72.3,5.49,initial,sandy,2.13,0
59.18,22.56,71.15,0.6,mid_season,sandy,7.99,0
59.29,32.87,87.51,2.71,mid_season,sandy,4.98,0
73.42,35.37,51.76,2.9,development,clay,11.43,0
85.79,33.96,70.46,0,late,loamy,0,0
78.82,19.9,41.87,4.19,development,clay,22.4,0
57.61,31.25,56.09,0,development,clay,0,0
51.34,28.03,71.39,4.34,development,loamy,8.44,0
81.05,34.74,70.74,0,development,loamy,0,0
40.47,31.83,49.03,5.2,development,sandy,1.6,0
5.76,36.03,71.34,2.55,late,loamy,11.25,0
31.05,37.85,57.81,4.16,late,sandy,10.7,0
83.74,20.11,77.28,3.75,late,sandy,5.35,0
83.32,20.75,59.87,0,late,sandy,0,0
42.3,34.64,56.85,2.75,development,loamy,12.55,0
55.99,19.79,87.88,3.27,mid_season,loamy,12.0,0
40.33,35.38,52.24,5.76,development,clay,14.4,0
60.95,33.48,42.44,4.33,mid_season,clay,0.45,0
55.89,27.36,61.31,4.61,development,loamy,11.42,0
74.21,29.21,81.19,4.56,late,clay,14.57,0
52.55,33.57,81.96,3.54,development,clay,22.13,0
52.6,28.03,62.37,4.54,late,clay,15.57,0
46.43,28.2,80.21,4.19,late,clay,15.47,0
59.35,26.95,60.98,2.14,mid_season,clay,8.34,0
35.22,23.72,46.3,4.15,initial,sandy,6.92,0
67.87,26.53,57.97,2.65,initial,loamy,7.22,0
63.77,36.71,57.69,3.54,initial,loamy,11.13,0
30.51,34.31,89.68,4.71,development,sandy,11.72,0
73.46,36.86,53.38,3.16,development,loamy,10.08,0
53.77,31.36,51.43,0,initial,clay,0,0
60.17,18.7,48.25,4.22,mid_season,loamy,10.32,0
42.26,19.1,84.6,4.72,initial,sandy,8.7,0
14.21,33.36,54.92,4.48,initial,sandy,3.48,0
90.28,27.44,77.46,3.07,late,sandy,9.88,0
67.53,28.1,77.01,3.3,late,loamy,7.78,0
63.18,23.88,63.69,2.86,development,sandy,6.46,0
89.15,26.62,63.96,4.4,initial,clay,7.52,0
62.58,33.37,51.39,4.2,mid_season,sandy,2.31,0
55.75,28.81,72.16,0,development,loamy,0,0
50.99,19.55,47.64,4.85,mid_season,loamy,5.99,0
67.96,22.0,42.25,3.41,development,loamy,10.88,0
34.28,37.8,75.25,2.5,development,clay,6.55,0
42.85,37.99,79.51,3.28,mid_season,clay,32.93,0
40.1,18.56,79.69,3.11,initial,loamy,12.45,0
60.39,21.61,65.58,0,mid_season,sandy,0,0
63.59,22.31,51.66,3.8,development,clay,10.48,0
40.27,24.83,42.28,2.43,late,clay,9.2,0
30.36,24.85,43.13,3.21,initial,sandy,12.26,0
48.08,34.58,56.03,6.36,mid_season,clay,12.24,0
58.78,18.09,70.93,3.41,mid_season,clay,16.19,0
34.52,20.34,70.92,3.16,initial,sandy,12.32,0
56.45,25.11,82.93,4.04,late,clay,3.59,0
88.94,28.87,43.07,4.19,initial,loamy,1.25,0
91.27,19.32,73.25,5.5,initial,clay,8.44,0
40.93,30.32,46.93,3.11,development,sandy,3.57,0
59.28,22.71,70.69,5.41,initial,loamy,14.09,0
50.62,35.75,85.98,6.29,late,clay,7.99,0
63.64,22.99,48.45,4.58,mid_season,sandy,10.19,0
58.41,27.08,86.01,3.56,development,sandy,5.24,0
45.76,24.65,52.05,4.88,development,sandy,8.48,0
49.58,36.7,88.08,5.56,late,clay,6.47,0
79.51,27.7,60.57,3.7,development,clay,12.13,0
92.87,32.16,72.14,2.33,mid_season,sandy,15.47,0
43.64,32.33,61.39,2.68,initial,clay,1.48,0
29.7,21.81,42.58,3.74,late,sandy,17.04,0
50.92,34.62,64.38,5.04,late,sandy,3.61,0
58.77,36.91,52.49,5.58,development,clay,16.85,0
38.72,35.27,70.35,2.0,mid_season,clay,4.38,0
68.79,36.84,40.09,2.34,development,clay,16.96,0
34.59,28.6,65.62,3.59,development,loamy,5.99,0
55.02,35.55,48.95,5.16,mid_season,clay,12.29,0
56.85,21.73,83.66,3.29,mid_season,clay,9.84,0
76.72,24.45,84.41,3.77,development,clay,22.93,0
57.61,36.23,76.61,4.84,mid_season,sandy,15.23,0
83.83,37.43,78.76,4.91,mid_season,clay,1.96,0
49.25,31.86,88.62,2.92,late,loamy,1.0,0
65.84,35.93,50.32,4.65,late,clay,1.11,0
43.35,31.49,43.32,4.59,initial,sandy,14.54,0
31.8,32.13,82.19,1.97,initial,loamy,7.54,0
54.19,24.97,81.33,2.46,development,sandy,4.41,0
35.68,31.28,47.29,4.5,mid_season,loamy,13.17,0
66.86,28.84,73.51,4.6,initial,sandy,1.44,0
30.64,19.76,74.35,3.64,initial,loamy,6.33,0
73.07,34.21,88.86,5.58,initial,clay,6.96,0
68.49,29.11,47.48,0,development,loamy,0,0
58.21,32.44,43.32,2.88,late,clay,5.21,0
55.08,33.97,79.02,0,late,loamy,0,0
45.25,34.08,42.95,4.38,late,loamy,0.89,0
36.52,32.86,63.91,0,late,loamy,0,1
59.8,27.39,53.39,2.39,late,loamy,13.95,0
69.42,29.25,79.08,3.42,late,sandy,2.71,0
95,36.62,78.04,4.65,development,sandy,15.93,0
60.59,19.16,64.53,3.56,initial,clay,11.15,0
73.82,35.48,83.86,0,mid_season,clay,0,0
62.99,24.87,52.11,3.78,mid_season,sandy,14.54,0
66.91,23.25,42.61,2.11,initial,loamy,3.63,0
43.04,36.31,87.83,0,development,sandy,0,1
80.86,22.56,49.43,0,development,sandy,0,0
51.86,26.04,63.49,4.11,initial,loamy,12.12,0
62.97,22.2,43.6,3.5,initial,clay,2.64,0
36.85,23.98,57.96,3.77,development,loamy,6.21,0
66.24,18.19,50.99,5.31,initial,clay,5.29,0
60.21,28.86,44.43,3.61,initial,clay,7.53,0
62.05,23.43,82.94,1.38,mid_season,sandy,5.13,0
34.13,19.71,58.53,3.47,development,sandy,14.22,0
54.59,25.13,46.6,3.51,late,sandy,18.35,0
49.24,36.58,52.27,5.06,mid_season,clay,14.13,0
58.71,28.2,68.21,0,development,loamy,0,0
41.33,29.17,83.21,2.87,late,clay,8.99,0
75.96,23.04,44.09,2.25,late,sandy,4.88,0
35.63,34.26,65.64,0,initial,loamy,0,0
67.99,32.98,82.5,2.34,mid_season,clay,18.17,0
77.65,35.65,61.18,2.55,initial,loamy,13.11,0
95,28.71,46.24,2.04,development,loamy,6.26,0
69.04,22.6,44.63,0,development,sandy,0,0
61.17,34.0,54.47,3.64,late,clay,15.47,0
75.03,30.72,77.76,3.27,development,loamy,5.85,0
66.74,37.78,55.01,4.81,initial,loamy,15.85,0
53.4,22.58,85.84,4.17,development,sandy,19.6,0
59.06,34.38,56.81,0,development,clay,0,0
49.16,24.94,62.48,5.74,late,sandy,9.11,0
24.77,22.93,53.12,4.64,development,clay,14.85,0
32.11,32.48,42.21,3.77,mid_season,clay,12.93,0
75.26,21.34,45.42,6.88,development,sandy,10.61,0
44.61,29.52,89.05,4.97,late,clay,17.49,0
71.0,19.04,81.13,5.45,late,sandy,1.05,0
52.76,24.64,55.13,3.53,mid_season,loamy,7.32,0
46.34,29.7,43.0,4.71,mid_season,sandy,9.94,0
75.56,24.23,83.71,0,initial,clay,0,0
49.7,36.57,89.85,5.37,mid_season,sandy,7.92,0
75.05,18.69,81.86,3.03,initial,clay,16.15,0
65.43,37.26,71.36,5.44,late,clay,17.71,0
44.96,35.78,86.5,3.55,late,loamy,7.15,0
59.97,23.63,55.58,0,late,sandy,0,1
52.55,31.72,83.06,4.73,mid_season,sandy,7.0,0
78.81,21.56,40.58,3.87,development,sandy,0.74,0
68.97,36.89,68.08,5.79,development,clay,0.49,0
89.72,18.32,85.56,5.01,development,loamy,15.47,0
54.43,20.18,86.9,3.97,late,sandy,1.28,0
75.72,24.3,41.03,5.86,mid_season,clay,11.67,0
32.48,23.81,57.13,4.0,initial,loamy,1.92,0
76.52,22.76,53.5,0,late,sandy,0,0
63.04,30.95,74.14,5.11,late,clay,5.13,0
35.07,20.84,47.16,0,late,loamy,0,1
36.63,37.13,57.15,2.25,development,sandy,11.72,0
31.0,27.86,74.29,0,mid_season,clay,0,1
95,31.42,52.86,3.7,mid_season,loamy,3.72,0
47.56,28.33,89.85,2.35,development,sandy,17.44,0
58.28,21.06,65.91,3.27,mid_season,loamy,6.71,0
39.64,35.56,61.71,4.17,initial,clay,7.31,0
69.36,20.1,80.86,4.64,initial,loamy,7.89,0
84.34,26.12,75.82,4.14,late,loamy,9.6,0
55.09,24.79,53.23,2.73,development,sandy,22.0,0
80.32,26.12,68.95,4.3,development,clay,3.49,0
44.36,36.99,53.72,3.75,initial,sandy,12.52,0
43.09,32.57,68.44,0,initial,clay,0,0
43.83,32.32,55.3,5.51,mid_season,sandy,17.43,0
67.23,35.5,60.76,3.35,initial,clay,4.53,0
40.12,37.52,73.69,4.22,development,clay,8.13,0
77.09,24.92,46.36,3.93,mid_season,clay,10.45,0
27.16,29.94,79.46,4.25,mid_season,loamy,20.85,0
36.31,22.49,84.74,3.32,late,clay,14.71,0
56.51,32.09,76.99,2.52,late,clay,8.48,0
69.92,31.32,76.76,4.63,development,clay,1.09,0
24.09,29.62,59.04,5.51,mid_season,clay,6.65,0
29.0,24.45,83.14,3.9,development,sandy,12.29,0
62.62,19.28,74.95,2.84,mid_season,clay,6.52,0
31.85,23.9,48.69,3.5,initial,clay,7.21,0
63.21,21.45,64.12,3.85,development,sandy,5.11,0
54.79,36.67,77.87,5.91,late,loamy,15.4,0
48.75,29.2,62.32,2.61,initial,clay,14.32,0
74.86,35.37,73.7,4.56,late,loamy,2.85,0
58.85,23.3,68.81,5.43,mid_season,loamy,3.26,0
67.64,24.74,49.67,3.34,initial,loamy,7.76,0
17.02,30.26,57.35,4.53,initial,sandy,4.29,0
66.32,32.19,54.91,2.87,mid_season,sandy,2.43,0
44.23,24.5,45.31,2.65,mid_season,clay,5.19,0
40.05,34.3,46.03,2.68,mid_season,clay,13.76,0
47.33,33.97,57.31,0,initial,loamy,0,0
49.66,24.86,48.78,0,mid_season,sandy,0,1
77.27,24.24,62.99,0,initial,clay,0,0
76.05,20.39,88.83,0,late,loamy,0,0
44.86,23.12,71.08,3.69,initial,clay,10.42,0
87.19,25.3,50.19,2.89,development,sandy,9.24,0
47.35,34.79,70.18,0,initial,sandy,0,0
55.82,28.56,45.83,4.92,late,loamy,0.06,0
30.06,20.32,73.56,4.74,development,sandy,20.89,0
70.86,37.04,67.21,3.58,initial,loamy,1.31,0
28.37,33.58,57.96,5.17,mid_season,clay,2.73,0
73.66,19.2,40.47,3.97,mid_season,clay,6.2,0
47.78,35.8,43.64,4.68,development,clay,5.2,0
48.0,27.5,83.75,3.76,mid_season,loamy,12.26,0
46.87,31.07,85.69,3.76,development,loamy,13.66,0
63.77,19.46,43.83,3.94,development,sandy,4.16,0
46.71,28.13,55.91,3.95,late,loamy,4.3,0
65.01,35.71,51.64,4.47,late,sandy,4.45,0
15.35,21.01,66.93,5.02,initial,loamy,8.81,0
62.5,35.81,78.08,4.56,late,loamy,11.12,0
69.61,27.1,67.32,0,late,clay,0,0
58.13,26.35,43.43,0,mid_season,sandy,0,1
12.38,26.96,76.41,2.74,mid_season,loamy,11.4,0
61.98,34.41,81.06,4.62,late,clay,6.48,0
61.36,35.36,64.08,0,initial,sandy,0,0
32.45,28.64,48.48,0,development,sandy,0,1
23.4,29.67,74.29,6.46,mid_season,clay,3.33,0
71.68,23.11,88.8,0,mid_season,loamy,0,0
43.37,28.67,41.02,3.43,initial,clay,5.45,0
57.29,21.03,71.0,0,late,loamy,0,0
57.8,35.41,89.07,3.52,late,sandy,10.66,0
17.81,20.77,58.58,3.89,mid_season,sandy,13.05,0
51.72,27.69,59.33,2.58,late,sandy,8.62,0
48.13,35.19,49.29,5.27,initial,clay,9.61,0
39.44,29.48,89.26,3.85,development,clay,3.92,0
71.26,22.7,63.22,3.11,mid_season,clay,10.84,0
37.59,18.21,87.53,4.6,initial,clay,3.29,0
61.68,28.12,40.3,3.22,late,loamy,4.56,0
58.22,18.68,77.06,3.97,initial,loamy,13.36,0
46.76,24.75,83.82,3.03,mid_season,loamy,2.57,0
91.79,20.8,56.9,2.32,mid_season,loamy,6.94,0
31.39,32.54,69.91,3.87,development,loamy,3.97,0
52.67,34.76,52.44,2.85,late,sandy,1.21,0
75.57,30.27,70.75,0,late,loamy,0,0
67.93,24.69,56.82,4.17,development,sandy,15.2,0
49.39,31.48,85.27,5.87,development,loamy,13.55,0
41.52,26.03,63.28,3.87,development,loamy,5.79,0
59.13,30.53,70.89,3.88,late,loamy,0.7,0
64.72,18.77,49.49,4.82,late,sandy,7.75,0
70.75,28.43,78.93,0,late,sandy,0,0
41.59,27.49,69.24,0,mid_season,sandy,0,1
35.59,21.83,67.58,4.48,initial,clay,9.28,0
73.63,29.21,74.67,2.69,development,clay,1.97,0
54.57,35.97,71.94,5.9,development,sandy,23.72,0
71.23,29.33,49.4,3.36,mid_season,sandy,14.56,0
63.91,37.71,52.7,4.79,mid_season,loamy,19.17,0
54.34,22.46,89.46,3.93,initial,sandy,7.93,0
58.78,26.77,50.59,5.27,mid_season,sandy,10.28,0
56.57,27.6,65.92,0,mid_season,clay,0,0
43.26,25.39,53.59,1.79,late,loamy,12.76,0
28.31,18.6,50.46,4.26,development,sandy,21.24,0
76.33,23.36,65.41,7.08,initial,loamy,15.35,0
28.1,24.0,69.7,0,mid_season,loamy,0,1
32.62,26.82,70.09,3.14,initial,loamy,8.62,0
51.93,19.84,72.92,3.96,development,sandy,10.93,0
73.23,26.88,73.0,0,initial,sandy,0,0
63.23,19.58,41.2,3.51,initial,sandy,2.22,0
32.53,22.94,52.54,0,initial,sandy,0,0
16.66,36.18,68.43,3.15,mid_season,clay,21.09,0
43.12,29.15,51.19,4.1,mid_season,clay,4.87,0
40.08,27.52,54.44,5.8,mid_season,sandy,8.7,0
52.96,33.16,55.52,2.95,late,sandy,16.16,0
46.77,27.92,73.26,5.6,late,clay,11.57,0
35.76,26.03,45.96,5.43,initial,sandy,1.48,0
61.85,26.86,71.18,5.3,initial,loamy,10.93,0
25.97,26.47,67.57,5.74,late,loamy,3.65,0
53.88,22.91,40.23,3.07,mid_season,loamy,12.57,0
40.99,26.77,51.43,2.49,late,clay,19.83,0
48.06,30.95,76.51,5.81,initial,clay,1.6,0
37.47,21.46,45.13,3.2,mid_season,loamy,20.04,0
52.53,22.3,66.39,4.47,development,clay,12.62,0
47.98,26.66,84.65,4.69,late,sandy,10.61,0
57.26,29.28,60.27,0,initial,loamy,0,0
47.95,28.94,79.23,0,development,loamy,0,1
94.49,32.78,53.43,3.06,initial,clay,6.31,0
68.82,23.16,71.5,4.34,late,loamy,0.86,0
54.55,26.82,40.39,4.57,initial,clay,0.69,0
46.66,27.33,89.7,4.07,mid_season,loamy,8.1,0
72.7,20.08,63.01,3.5,late,clay,6.26,0
73.98,32.73,55.04,0,development,sandy,0,0
18.47,20.09,40.85,2.81,mid_season,sandy,12.64,0
69.86,24.75,43.85,4.01,late,sandy,5.96,0
53.71,18.14,69.27,4.08,development,clay,12.36,0
57.73,34.2,83.53,1.88,mid_season,loamy,7.6,0
22.91,19.1,40.59,3.02,late,sandy,19.25,0
67.07,33.47,59.01,2.79,development,sandy,13.35,0
40.8,22.87,46.95,5.24,development,clay,13.11,0
43.17,34.17,65.86,2.99,development,loamy,7.83,0
69.82,32.66,74.17,4.97,mid_season,sandy,2.87,0
60.35,22.67,82.55,4.01,mid_season,clay,16.0,0
40.46,24.87,64.19,4.65,development,sandy,21.4,0
27.72,31.71,89.17,2.38,mid_season,clay,14.21,0
46.63,28.8,53.04,4.35,development,loamy,2.98,0
36.28,30.29,87.71,0,initial,clay,0,0
56.4,26.19,44.24,3.08,mid_season,clay,19.45,0
60.14,33.57,41.54,4.4,development,clay,2.37,0
80.84,19.3,43.28,0,development,loamy,0,0
63.15,34.42,81.31,2.91,development,clay,0.06,0
68.54,18.62,88.66,5.28,development,clay,6.44,0
39.07,27.34,59.54,0,initial,loamy,0,0
49.6,21.19,40.4,4.22,mid_season,loamy,14.89,0
63.07,22.04,77.51,0,development,sandy,0,0
54.67,18.66,53.11,4.69,initial,loamy,7.09,0
57.14,36.29,67.75,3.08,development,loamy,12.91,0
44.68,25.86,41.41,3.47,mid_season,sandy,23.34,0
50.84,19.75,42.74,0,mid_season,sandy,0,1
76.25,34.67,86.3,4.44,development,clay,8.85,0
21.55,31.86,45.12,4.77,late,sandy,14.58,0
48.39,26.85,52.42,3.26,late,clay,12.48,0
47.56,24.4,45.9,1.95,development,sandy,12.02,0
24.63,23.11,76.49,0,mid_season,sandy,0,1
56.48,28.05,75.56,3.57,initial,loamy,16.7,0
46.28,26.43,69.17,4.97,mid_season,loamy,9.41,0
53.0,28.6,61.44,4.37,late,clay,16.01,0
36.21,35.27,87.65,3.67,mid_season,clay,12.43,0
81.78,29.36,77.62,2.55,mid_season,loamy,0.6,0
60.01,21.83,59.42,3.43,initial,sandy,4.25,0
70.31,29.73,65.89,3.9,late,loamy,7.82,0
85.54,18.06,48.49,2.35,mid_season,sandy,3.18,0
74.41,34.26,87.18,5.15,mid_season,loamy,11.03,0
54.61,28.67,69.92,4.69,initial,sandy,4.31,0
60.75,33.64,64.03,2.63,initial,loamy,5.33,0
64.28,30.14,68.72,6.25,late,clay,1.35,0
73.56,22.83,81.58,4.34,development,sandy,11.44,0
61.17,28.76,71.67,0,late,loamy,0,0
73.33,26.12,77.71,4.63,late,clay,12.21,0
36.79,29.61,44.83,5.91,development,clay,3.69,0
71.88,19.52,80.66,5.48,mid_season,clay,10.87,0
40.67,34.15,68.72,0,initial,loamy,0,0
71.45,28.86,49.45,4.23,late,clay,21.6,0
47.99,33.15,50.5,0,mid_season,sandy,0,1
15.03,29.79,55.38,3.35,mid_season,clay,11.53,0
35.85,25.12,52.43,3.12,mid_season,clay,17.37,0
45.8,24.76,76.98,4.46,mid_season,loamy,14.78,0
43.57,32.21,89.02,0,development,sandy,0,1
85.38,23.76,48.72,3.86,late,clay,17.02,0
16.25,19.4,64.51,2.2,late,clay,1.62,0
43.13,21.28,64.39,4.49,mid_season,clay,10.72,0
67.33,34.21,76.81,4.26,mid_season,clay,13.45,0
62.96,31.69,74.44,3.38,development,sandy,24.48,0
70.45,33.33,47.12,3.91,development,clay,7.32,0
49.32,23.99,58.46,0,mid_season,loamy,0,1
64.95,23.07,43.11,3.62,mid_season,loamy,8.93,0
52.68,30.02,58.58,2.8,development,sandy,4.31,0
36.73,33.29,70.44,2.6,development,loamy,11.27,0
50.7,37.82,66.81,4.32,late,clay,8.86,0
32.26,32.77,86.69,4.17,late,loamy,4.69,0
60.4,26.24,58.68,4.53,initial,sandy,9.13,0
59.99,26.8,69.82,4.94,mid_season,clay,13.45,0
45.33,26.07,67.41,3.35,mid_season,sandy,6.94,0
39.35,36.79,62.01,3.05,late,sandy,14.46,0
86.16,34.66,62.69,3.85,development,clay,12.45,0
83.29,25.43,67.29,2.78,late,clay,8.27,0
69.72,26.18,58.24,0,initial,loamy,0,0
67.78,19.74,61.89,1.86,late,loamy,8.26,0
61.56,29.0,46.64,3.59,mid_season,clay,20.36,0
46.17,35.14,46.73,4.98,initial,clay,4.23,0
77.71,20.27,60.95,5.92,late,clay,13.23,0
35.19,25.84,60.76,3.29,mid_season,clay,9.12,0
79.53,33.94,75.3,5.5,initial,sandy,14.02,0
46.89,18.92,46.28,2.54,initial,clay,11.01,0
57.14,32.94,52.8,4.58,late,clay,20.44,0
60.29,25.9,49.17,5.09,mid_season,loamy,12.37,0
59.08,33.97,73.79,2.49,mid_season,sandy,17.03,0
46.57,28.84,66.59,0,initial,sandy,0,0
74.64,18.48,60.18,4.82,initial,sandy,1.32,0
52.31,25.15,89.51,4.72,mid_season,sandy,12.29,0
71.33,33.34,72.63,4.0,development,clay,12.55,0
60.93,25.47,85.13,0,initial,loamy,0,0
23.73,27.9,63.67,5.71,mid_season,clay,25.77,0
64.3,35.05,67.56,3.85,development,sandy,5.97,0
53.08,34.23,79.28,3.21,late,sandy,15.13,0
54.28,35.74,84.44,6.71,development,clay,8.17,0
59.86,23.58,87.22,4.52,development,loamy,8.09,0
35.08,20.56,57.36,5.45,late,loamy,4.7,0
52.71,35.69,48.19,3.22,mid_season,loamy,21.38,0
35.92,34.64,80.78,2.25,mid_season,loamy,12.12,0
60.66,28.66,65.49,1.31,development,loamy,8.02,0
42.2,34.55,64.12,5.32,initial,loamy,1.99,0
69.37,30.14,76.97,5.77,mid_season,loamy,14.72,0
60.82,33.1,69.39,1.95,mid_season,sandy,14.49,0
72.54,22.91,87.92,1.82,late,loamy,1.31,0
70.45,24.74,73.74,4.05,late,loamy,0.02,0
95,18.28,48.02,0,development,sandy,0,0
49.97,35.62,76.7,0,late,sandy,0,1
79.98,19.55,69.6,4.81,late,loamy,9.63,0
62.38,19.93,49.72,0,late,clay,0,0
71.63,30.95,63.59,4.27,development,sandy,11.14,0
37.66,20.62,71.29,0,initial,sandy,0,0
52.05,32.55,87.0,5.67,development,loamy,3.65,0
57.58,21.75,41.3,0,late,clay,0,0
70.93,31.06,76.76,3.59,initial,sandy,4.14,0
63.31,29.37,66.61,3.7,development,sandy,5.48,0
84.11,24.3,46.7,4.88,mid_season,loamy,11.07,0
95,30.36,83.39,3.54,late,loamy,3.67,0
68.37,37.57,75.86,3.57,mid_season,sandy,7.61,0
45.87,29.68,68.23,3.82,initial,clay,6.35,0
42.12,20.7,64.16,2.32,late,sandy,3.45,0
62.94,24.82,48.64,0,mid_season,loamy,0,0
53.82,37.57,87.86,4.92,mid_season,sandy,7.15,0
45.55,34.39,66.86,2.48,development,sandy,14.73,0
61.18,33.43,64.19,3.42,mid_season,loamy,20.11,0
77.35,27.77,79.74,2.78,development,sandy,8.38,0
74.95,29.3,76.43,5.87,mid_season,clay,10.29,0
30.11,27.94,60.49,3.93,initial,loamy,5.6,0
36.89,35.94,40.36,0,initial,loamy,0,1
50.36,35.94,70.47,5.29,initial,clay,8.42,0
35.75,25.76,76.27,1.94,late,clay,4.36,0
86.97,24.94,53.0,4.63,initial,loamy,13.12,0
57.37,27.06,85.84,5.37,initial,sandy,2.25,0
49.38,32.93,83.35,4.59,mid_season,clay,0.18,0
43.09,29.98,87.65,3.36,development,clay,9.32,0
82.59,34.8,44.22,3.78,initial,loamy,19.46,0
75.2,34.31,44.62,0,late,loamy,0,0
61.53,18.74,62.04,4.01,late,loamy,2.93,0
69.06,22.91,49.21,1.22,development,clay,3.0,0
87.68,27.76,59.04,3.11,development,loamy,18.36,0
54.17,26.17,83.15,5.14,development,sandy,8.92,0
35.14,32.4,46.74,3.26,development,sandy,3.45,0
27.29,32.78,41.15,0.09,development,clay,9.25,1
65.28,23.11,44.65,3.3,development,sandy,10.2,0
67.29,28.4,72.35,3.69,initial,loamy,8.15,0
56.44,25.46,41.2,5.19,development,loamy,4.3,0
79.77,32.34,65.66,3.57,initial,sandy,5.47,0
47.9,37.19,89.99,4.56,initial,sandy,2.19,0
42.79,37.29,54.32,3.59,development,sandy,5.58,0
53.64,18.27,69.89,5.18,late,loamy,7.37,0
55.95,28.76,67.1,0,initial,clay,0,0
9.34,31.73,67.21,2.94,initial,loamy,5.67,0
67.35,37.54,82.3,5.35,development,loamy,5.86,0
19.01,34.95,83.59,4.7,development,clay,6.8,0
38.65,27.01,61.14,4.41,development,loamy,13.67,0
68.88,36.54,84.83,0,mid_season,clay,0,0
71.16,35.97,54.62,3.11,mid_season,sandy,13.33,0
66.6,29.57,46.62,5.29,late,sandy,9.43,0
63.93,29.6,70.99,5.55,mid_season,clay,16.45,0
86.29,28.41,49.92,1.69,initial,loamy,11.84,0
29.76,35.58,76.45,5.41,late,clay,1.07,0
95,23.79,74.68,3.72,mid_season,loamy,9.94,0
87.53,20.25,50.56,4.82,initial,sandy,15.25,0
64.75,32.59,60.84,4.78,mid_season,clay,10.58,0
47.12,36.65,61.08,3.56,initial,loamy,10.31,0
51.16,33.91,59.58,3.64,initial,sandy,7.71,0
55.62,23.33,77.5,4.26,late,clay,9.91,0
74.22,29.62,74.22,0,initial,clay,0,0
50.41,34.42,75.75,0,development,clay,0,0
31.55,28.65,71.48,4.12,late,sandy,2.49,0
17.25,25.54,77.93,2.51,development,clay,8.93,0
58.09,18.56,84.22,0,development,loamy,0,0
54.3,30.72,70.3,3.84,late,clay,19.37,0
81.55,18.51,51.45,3.58,late,clay,16.91,0
71.01,18.77,87.08,4.34,initial,sandy,11.21,0
77.16,24.62,42.26,5.33,mid_season,sandy,9.38,0
85.08,30.57,84.96,0,initial,sandy,0,0
79.61,35.07,82.1,3.21,initial,clay,12.31,0
66.24,18.98,49.43,0,late,loamy,0,0
36.53,29.54,81.48,4.65,late,sandy,0.56,0
73.72,31.79,57.02,3.62,development,clay,9.66,0
82.85,18.09,75.87,3.83,initial,sandy,5.52,0
61.8,18.5,76.61,4.31,mid_season,sandy,3.16,0
50.95,20.12,78.01,3.71,late,sandy,8.59,0
81.63,25.0,44.76,0,development,clay,0,0
45.64,35.15,77.89,4.49,mid_season,loamy,12.13,0
59.9,30.77,48.9,2.32,late,sandy,5.08,0
60.59,18.04,47.97,6.73,development,sandy,2.8,0
41.36,20.31,85.45,5.19,mid_season,loamy,11.54,0
51.45,19.22,64.85,4.53,mid_season,clay,14.99,0
38.12,31.08,75.55,0,late,sandy,0,1
33.55,37.16,62.58,5.24,development,loamy,11.13,0
66.11,27.4,63.34,3.59,development,sandy,14.3,0
39.27,33.27,72.93,2.88,initial,clay,2.43,0
36.25,20.59,71.42,0,initial,loamy,0,0
42.61,18.6,74.07,4.1,development,sandy,4.63,0
54.65,19.09,65.85,0,late,loamy,0,0
58.97,36.75,41.83,3.58,initial,clay,10.47,0
41.57,33.21,55.52,6.71,development,clay,6.79,0
57.42,23.88,72.21,0,initial,loamy,0,0
63.61,22.1,47.61,0,development,sandy,0,0
65.46,29.53,52.41,4.71,development,clay,13.25,0
69.47,33.76,80.55,4.81,mid_season,clay,2.48,0
63.76,25.97,59.3,5.15,mid_season,loamy,1.1,0
10.39,31.47,64.8,0,initial,clay,0,0
42.81,27.56,71.84,4.88,development,sandy,12.4,0
50.76,31.67,55.25,2.27,late,loamy,10.74,0
40.69,28.61,81.17,0,mid_season,loamy,0,1
62.5,37.04,43.77,0,mid_season,clay,0,0
33.78,32.94,69.55,0,development,sandy,0,1
55.38,35.46,64.15,4.74,mid_season,clay,7.44,0
38.72,35.19,85.09,4.59,mid_season,loamy,11.41,0
56.77,34.56,41.57,5.52,late,clay,5.06,0
66.04,21.96,48.53,0,initial,clay,0,0
19.33,19.4,62.47,0,mid_season,clay,0,1
59.93,25.65,67.47,3.46,development,clay,12.13,0
69.02,18.13,55.72,3.44,initial,clay,9.83,0
24.2,20.76,43.7,0,development,loamy,0,1
30.05,32.56,48.79,0,development,clay,0,1
63.47,24.77,41.32,5.99,mid_season,loamy,8.9,0
66.93,26.99,45.99,5.08,initial,loamy,9.16,0
50.26,29.85,82.11,4.62,mid_season,clay,0.11,0
52.09,19.14,71.61,5.75,initial,clay,9.46,0
23.75,21.64,54.08,0,initial,sandy,0,0
31.03,33.57,55.02,5.06,development,sandy,9.18,0
38.66,26.13,80.28,2.39,mid_season,loamy,14.53,0
49.92,19.77,72.59,2.5,mid_season,loamy,24.91,0
50.25,31.97,80.44,3.32,late,sandy,2.8,0
49.29,22.87,73.96,4.42,development,clay,9.48,0
84.63,34.13,62.68,3.34,development,sandy,1.32,0
28.47,25.93,63.94,3.28,mid_season,loamy,18.06,0
91.45,32.02,83.16,3.16,mid_season,sandy,5.91,0
84.2,19.06,48.65,0,initial,clay,0,0
34.2,22.63,72.85,1.77,initial,clay,13.21,0
54.69,25.03,74.34,5.3,mid_season,loamy,0.66,0
76.92,23.29,45.42,2.91,mid_season,clay,18.45,0
36.45,21.43,62.97,3.44,development,sandy,13.57,0
73.48,32.7,75.66,3.07,late,sandy,9.83,0
67.03,21.44,86.57,6.52,late,sandy,3.59,0
11.2,37.67,71.56,2.57,mid_season,clay,12.09,0
65.79,25.91,83.7,3.86,mid_season,loamy,3.32,0
46.4,30.66,43.13,4.24,mid_season,clay,14.08,0
78.74,24.75,62.63,5.29,initial,sandy,3.04,0
63.86,34.8,88.77,3.96,mid_season,clay,13.1,0
30.35,22.94,86.12,3.7,initial,clay,12.54,0
62.9,31.0,66.5,0,late,sandy,0,0
55.33,34.06,44.97,6.68,mid_season,loamy,10.47,0
55.91,35.24,81.9,3.68,initial,loamy,0.52,0
59.71,31.04,68.84,5.01,development,loamy,13.48,0
92.21,20.43,54.89,3.32,mid_season,loamy,11.55,0
74.76,18.91,75.07,3.95,initial,clay,4.72,0
38.31,28.83,53.94,3.31,mid_season,sandy,16.23,0
55.76,24.85,58.36,1.59,late,loamy,4.56,0
60.62,26.12,86.27,0,development,loamy,0,0
60.4,25.14,64.93,4.37,mid_season,clay,13.48,0
5,23.8,73.67,0,mid_season,sandy,0,1
46.63,36.46,56.07,1.73,development,clay,14.23,0
81.4,26.32,66.28,3.89,development,loamy,13.11,0
36.14,27.02,74.5,4.69,development,loamy,7.55,0
64.79,22.22,56.07,3.46,mid_season,sandy,5.62,0
67.03,35.28,40.65,3.08,late,loamy,14.19,0
60.92,31.18,71.91,4.92,development,loamy,13.49,0
52.84,19.88,85.07,3.93,initial,sandy,11.13,0
71.21,33.15,48.34,4.25,initial,clay,4.45,0
28.13,18.98,70.78,2.2,late,loamy,14.1,0
45.97,37.59,56.07,4.86,mid_season,loamy,25.99,0
94.45,31.88,52.68,3.45,mid_season,loamy,11.35,0
74.38,21.9,74.38,4.46,initial,loamy,2.12,0
54.74,19.36,41.77,0,initial,clay,0,0
48.34,29.78,86.92,6.16,initial,loamy,8.35,0
44.01,31.51,46.63,4.05,development,loamy,8.98,0
76.7,33.02,45.55,0,development,loamy,0,0
80.74,33.56,88.29,4.83,late,loamy,3.48,0
59.6,33.87,88.17,2.72,development,clay,5.33,0
18.72,21.49,80.04,3.82,development,clay,11.26,0
46.8,34.25,44.68,3.19,late,loamy,12.27,0
77.92,37.9,79.17,0,late,sandy,0,0
68.11,32.79,66.88,3.61,late,clay,15.88,0
37.77,23.08,52.76,4.85,late,sandy,4.66,0
41.64,28.55,46.1,4.06,late,loamy,5.98,0
92.32,27.28,89.65,5.67,mid_season,sandy,18.06,0
47.06,29.14,87.11,0,development,loamy,0,1
33.29,32.56,60.67,5.06,initial,loamy,11.49,0
58.69,23.94,74.01,0,late,sandy,0,1
69.2,24.85,61.45,0,initial,loamy,0,0
53.55,27.59,53.91,4.58,development,clay,32.43,0
18.45,19.99,49.8,4.91,initial,sandy,7.01,0
27.04,35.05,80.31,0,late,sandy,0,1
80.16,27.45,60.64,2.78,mid_season,loamy,7.67,0
85.11,21.67,78.28,6.78,late,sandy,5.71,0
41.24,33.15,72.7,4.39,initial,clay,9.82,0
64.33,18.43,50.43,1.96,initial,loamy,1.63,0
65.92,31.42,75.85,0,development,loamy,0,0
58.05,22.84,67.97,3.07,late,loamy,6.9,0
40.71,31.08,42.72,5.37,development,loamy,7.74,0
39.72,31.32,83.98,3.29,initial,clay,3.3,0
5,33.45,47.83,0,initial,sandy,0,0
51.31,27.97,52.4,3.82,initial,clay,6.57,0
48.12,19.36,77.43,0,development,sandy,0,1
38.85,30.68,55.64,2.88,development,clay,18.44,0
95,19.88,46.64,4.42,development,loamy,20.71,0
58.17,23.17,86.29,5.31,mid_season,loamy,18.91,0
59.36,29.22,85.99,0,mid_season,clay,0,0
47.93,32.3,43.03,6.19,development,clay,8.52,0
62.33,35.43,52.14,0,initial,clay,0,0
50.96,24.57,88.48,4.42,late,loamy,12.68,0
95,20.67,66.2,4.26,mid_season,clay,14.43,0
52.75,20.05,63.93,5.06,mid_season,loamy,0.94,0
53.78,21.88,86.43,4.06,initial,clay,9.57,0
41.92,24.69,72.67,1.26,development,clay,12.94,0
31.34,26.6,76.92,4.8,development,clay,11.65,0
44.14,29.62,53.19,0,initial,loamy,0,0
60.45,24.67,70.79,3.78,initial,loamy,15.08,0
45.22,31.3,67.46,5.63,development,loamy,15.27,0
5,22.78,43.82,4.16,mid_season,sandy,11.79,0
72.68,26.07,89.63,4.09,initial,sandy,2.49,0
37.23,20.22,70.41,3.19,mid_season,clay,10.17,0
53.1,21.77,59.12,0,initial,loamy,0,0
69.29,21.46,67.28,0,mid_season,clay,0,0
45.97,31.75,40.68,0,late,sandy,0,1
7.06,25.91,80.47,3.51,initial,clay,7.88,0
56.75,23.2,74.55,3.79,mid_season,loamy,3.37,0
56.3,32.49,81.13,0,late,clay,0,0
58.45,25.72,45.58,2.7,initial,clay,2.02,0
85.25,23.9,46.5,4.21,mid_season,sandy,15.19,0
55.66,27.46,86.35,4.48,development,sandy,4.82,0
40.03,32.28,61.38,4.27,mid_season,loamy,4.14,0
21.93,21.27,75.48,4.25,late,sandy,4.72,0
45.27,18.9,68.18,0,development,loamy,0,1
64.45,19.15,54.62,5.06,mid_season,sandy,20.58,0
38.95,37.66,62.72,3.38,late,clay,10.92,0
70.92,21.95,54.9,3.91,development,loamy,15.82,0
62.0,30.14,73.88,3.72,development,clay,5.09,0
73.76,22.77,43.33,3.48,mid_season,clay,18.71,0
21.69,28.6,56.91,2.71,late,clay,10.1,0
39.81,24.37,84.96,2.56,late,clay,16.15,0
69.8,19.75,87.31,0,initial,sandy,0,0
83.12,19.92,58.0,0,initial,loamy,0,0
65.6,21.31,82.64,0,development,clay,0,0
74.01,30.77,60.27,4.39,initial,sandy,8.19,0
68.22,24.7,73.39,4.39,initial,loamy,6.33,0
65.47,25.76,51.13,2.69,development,loamy,9.67,0
66.97,18.16,55.3,1.81,late,sandy,5.46,0
83.03,22.91,64.24,0,mid_season,clay,0,0
38.99,30.49,72.44,2.41,mid_season,loamy,9.1,0
63.94,22.05,56.56,3.66,initial,loamy,5.06,0
64.06,34.32,46.69,3.64,initial,clay,17.22,0
58.22,29.3,44.6,0,initial,clay,0,0
87.73,30.26,49.47,3.12,late,clay,2.44,0
80.14,26.7,70.2,2.77,mid_season,loamy,7.47,0
51.79,26.38,81.66,3.65,development,sandy,9.31,0
37.66,37.41,87.03,5.44,mid_season,clay,16.75,0
83.08,36.35,41.27,4.33,initial,clay,9.96,0
35.61,29.69,52.95,3.81,mid_season,clay,10.36,0
83.13,37.77,81.29,2.49,initial,sandy,3.07,0
37.89,33.64,49.55,0,development,sandy,0,1
41.74,20.4,55.22,3.01,development,loamy,11.98,0
55.12,33.04,48.36,4.18,mid_season,clay,7.51,0
44.59,27.72,48.83,4.28,development,clay,3.78,0
62.39,24.55,63.22,4.48,initial,sandy,6.35,0
48.99,34.85,85.22,3.02,initial,loamy,3.43,0
34.95,32.49,54.63,2.03,late,loamy,1.38,0
24.64,37.09,77.5,3.1,mid_season,loamy,25.94,0
95,25.07,57.01,3.02,initial,loamy,3.64,0
89.59,24.33,49.1,2.37,development,clay,11.35,0
49.52,26.29,60.96,5.1,development,sandy,3.73,0
38.37,20.15,64.27,3.46,initial,clay,5.5,0
42.0,35.08,66.92,4.12,mid_season,sandy,11.26,0
43.15,28.7,70.26,6.32,mid_season,sandy,12.24,0
68.36,21.98,82.09,1.03,development,loamy,18.22,0
79.19,21.71,42.35,3.08,initial,clay,9.16,0
47.04,33.76,53.86,0,development,sandy,0,1
22.6,25.27,55.14,4.49,late,loamy,19.7,0
65.08,20.4,89.49,5.53,initial,loamy,0.57,0
62.61,30.92,49.15,0,mid_season,clay,0,0
5.14,21.55,89.89,2.74,development,sandy,9.08,0
83.76,28.57,45.88,4.99,development,clay,14.37,0
21.08,35.79,55.84,4.5,initial,sandy,10.2,0
59.38,18.77,51.74,5.26,initial,loamy,4.61,0
79.78,33.82,73.89,0,late,loamy,0,0
43.92,28.78,48.85,4.39,development,loamy,11.66,0
41.13,23.55,72.89,4.79,mid_season,loamy,13.15,0
54.15,23.36,65.24,2.97,mid_season,clay,14.41,0
77.37,37.24,51.74,0,late,clay,0,0
57.22,21.3,69.97,3.06,initial,clay,4.11,0
44.42,31.53,57.38,0,late,clay,0,1
59.56,19.32,49.52,3.86,initial,clay,6.31,0
83.44,22.39,85.04,0,mid_season,loamy,0,0
71.96,34.1,51.92,0,mid_season,sandy,0,0
59.63,23.92,59.27,3.86,development,sandy,2.47,0
54.55,36.48,85.29,4.13,mid_season,clay,7.4,0
13.51,36.68,84.45,4.18,mid_season,clay,7.41,0
60.1,21.35,89.92,3.96,late,clay,9.77,0
33.12,22.48,79.77,4.01,development,loamy,3.83,0
37.21,37.84,66.88,3.43,development,clay,11.35,0
59.55,33.31,82.95,4.21,initial,clay,16.58,0
22.75,21.57,89.67,2.87,late,clay,4.32,0
73.24,27.83,71.88,3.94,mid_season,clay,14.27,0
42.45,34.22,66.52,4.29,mid_season,clay,4.84,0
95,24.02,57.02,3.63,late,loamy,4.65,0
50.3,22.52,69.2,0,late,loamy,0,1
73.64,33.5,83.27,3.58,late,clay,7.38,0
23.9,18.31,66.5,0,initial,clay,0,0
76.43,19.17,54.18,0,late,loamy,0,0
36.94,35.6,42.39,2.93,initial,loamy,11.38,0
59.47,31.98,75.34,4.36,initial,loamy,2.63,0
73.67,26.63,68.44,0,late,loamy,0,0
25.64,23.98,84.89,0,late,sandy,0,1
20.25,36.69,82.62,0,mid_season,sandy,0,1
40.91,32.34,67.38,5.02,initial,sandy,8.61,0
95,21.49,53.95,2.72,initial,loamy,10.91,0
65.64,18.62,65.68,5.28,late,loamy,4.84,0
39.96,36.41,64.4,5.48,mid_season,sandy,0.29,0
80.68,30.28,54.87,3.63,late,clay,14.4,0
62.73,34.94,75.32,0,mid_season,sandy,0,0
55.33,33.54,87.92,0,initial,sandy,0,0
30.63,29.91,50.44,5.6,late,loamy,7.83,0
58.49,19.49,50.51,3.16,development,sandy,3.92,0
46.87,31.78,72.63,3.27,late,clay,22.75,0
35.86,33.18,71.67,4.35,development,clay,4.49,0
73.17,20.25,80.34,0,initial,loamy,0,0
41.98,31.8,54.34,4.35,mid_season,loamy,14.02,0
73.34,28.44,46.96,2.64,development,sandy,4.49,0
52.09,18.19,52.07,0,initial,sandy,0,0
66.74,37.51,51.89,4.07,mid_season,clay,7.68,0
72.29,34.7,54.72,3.95,initial,clay,8.64,0
71.3,24.13,61.72,0,late,sandy,0,0
65.96,30.22,46.64,4.37,late,sandy,10.5,0
34.78,22.56,86.84,2.58,late,sandy,17.56,0
54.07,24.12,44.05,3.55,late,loamy,8.49,0
67.02,32.46,83.33,3.21,late,clay,6.32,0
95,32.23,52.38,0,late,sandy,0,0
58.8,37.18,87.44,3.13,development,clay,15.28,0
65.6,34.77,69.41,0,initial,loamy,0,0
78.42,34.53,76.44,3.73,development,loamy,6.88,0
48.84,26.15,89.07,0,late,sandy,0,1
60.41,24.92,83.23,0,late,clay,0,0
72.54,27.07,51.25,4.15,initial,clay,6.9,0
80.75,32.42,87.41,4.86,development,sandy,11.39,0
55.36,19.63,84.47,4.5,mid_season,loamy,9.78,0
78.65,36.42,64.25,3.79,development,clay,8.88,0
75.27,19.71,52.78,4.94,development,clay,5.49,0
45.21,30.91,75.24,5.15,mid_season,clay,14.04,0
63.17,20.66,42.72,3.45,late,sandy,17.32,0
36.98,28.85,41.42,4.35,late,sandy,6.31,0
34.86,29.41,88.28,4.75,late,loamy,19.52,0
29.69,34.58,50.22,4.24,late,sandy,12.28,0
69.55,26.94,45.18,4.2,mid_season,loamy,5.2,0
31.44,34.99,85.35,5.09,development,clay,12.21,0
5,18.84,87.51,2.41,mid_season,loamy,0.57,0
63.0,32.67,73.0,5.04,initial,sandy,0.35,0
68.04,27.16,47.53,0,mid_season,sandy,0,0
38.02,27.22,53.5,5.67,late,loamy,14.58,0
20.04,32.02,74.69,3.56,mid_season,clay,15.9,0
48.66,24.56,88.86,3.99,development,loamy,16.28,0
54.52,21.37,60.57,5.04,late,clay,2.09,0
60.62,30.82,82.86,5.08,initial,sandy,10.88,0
49.99,31.15,74.91,2.41,mid_season,clay,13.22,0
71.34,21.99,64.09,6.1,initial,loamy,5.3,0
46.36,20.78,89.11,3.11,initial,sandy,8.21,0
56.7,35.49,48.95,4.68,mid_season,clay,8.53,0
37.0,23.65,45.96,4.26,late,sandy,14.84,0
53.29,34.26,85.77,4.71,initial,sandy,2.56,0
64.1,18.79,49.7,3.48,mid_season,sandy,8.11,0
72.47,20.56,56.06,2.92,initial,loamy,5.33,0
62.56,26.6,48.71,5.15,development,loamy,0.08,0
29.89,19.74,70.81,2.77,late,clay,18.11,0
66.28,28.51,75.2,3.93,initial,sandy,6.02,0
49.6,27.55,49.92,2.33,initial,loamy,17.96,0
63.17,18.37,44.78,2.99,initial,loamy,3.21,0
50.23,31.03,49.57,5.46,mid_season,loamy,18.52,0
59.0,37.73,64.79,3.05,mid_season,loamy,8.75,0
36.94,19.25,78.16,4.67,late,sandy,8.49,0
55.73,19.77,56.43,3.9,initial,loamy,5.71,0
61.43,25.28,75.27,4.56,late,clay,12.83,0
43.61,36.96,83.46,3.01,initial,sandy,0.22,0
27.51,18.16,73.59,3.93,mid_season,sandy,0.01,0
71.79,21.9,42.6,3.59,development,loamy,9.12,0
65.35,36.43,84.83,2.24,late,loamy,20.39,0
26.61,36.1,58.55,5.23,mid_season,loamy,11.89,0
37.8,30.49,88.76,0,late,sandy,0,1
41.35,37.29,41.36,4.65,late,loamy,0.67,0
55.88,31.62,82.09,3.75,late,clay,14.16,0
72.94,23.97,50.36,4.84,late,loamy,12.42,0
68.93,22.73,53.57,3.27,initial,loamy,5.51,0
40.61,26.67,86.04,5.06,mid_season,sandy,11.23,0
65.43,21.11,63.69,3.12,development,loamy,6.54,0
35.43,22.31,62.29,5.21,mid_season,sandy,9.07,0
53.56,23.71,71.83,5.41,mid_season,clay,14.49,0
77.64,23.4,60.12,3.7,development,loamy,3.21,0
50.4,20.3,49.79,0,late,loamy,0,1
74.65,24.37,70.68,3.58,initial,sandy,2.19,0
39.51,22.58,43.5,6.05,late,sandy,1.1,0
58.6,23.3,60.64,3.52,mid_season,clay,8.38,0
57.98,36.16,41.85,0,development,sandy,0,1
34.38,27.66,73.58,2.03,development,sandy,0.63,0
33.12,28.64,70.92,3.54,development,loamy,8.26,0
60.75,24.98,74.51,2.99,development,loamy,1.51,0
71.09,26.93,78.19,4.46,development,sandy,4.81,0
36.52,37.75,49.66,2.39,mid_season,loamy,7.4,0
53.36,37.39,69.81,0,development,sandy,0,1
66.93,31.78,44.14,4.66,development,clay,13.13,0
38.43,30.1,66.04,1.91,late,loamy,0.77,0
87.12,28.36,82.63,0,initial,sandy,0,0
56.02,22.46,79.95,3.91,initial,loamy,3.06,0
61.95,31.83,45.89,3.08,late,clay,8.21,0
64.33,30.9,87.49,4.93,development,loamy,5.82,0
65.36,32.54,70.07,6.04,mid_season,sandy,8.97,0
54.98,35.07,56.26,3.6,late,loamy,13.47,0
62.45,25.01,65.27,3.37,development,clay,5.6,0
80.72,19.11,72.36,3.23,initial,loamy,9.59,0
68.83,18.22,40.23,2.68,initial,sandy,4.77,0
39.53,33.6,62.26,0,late,sandy,0,1
37.95,18.1,79.75,0,mid_season,sandy,0,1
52.82,22.56,84.83,3.63,development,sandy,15.85,0
9.29,18.03,54.79,2.85,late,sandy,13.39,0
61.82,32.9,40.4,3.43,mid_season,clay,19.95,0
49.86,20.92,75.43,5.4,mid_season,sandy,13.54,0
87.46,31.72,80.63,5.5,late,loamy,6.22,0
71.6,24.54,46.71,3.91,late,loamy,0.89,0
55.66,36.02,69.97,2.56,late,sandy,1.43,0
58.78,27.57,70.56,3.82,mid_season,clay,12.38,0
46.2,21.57,50.28,2.82,development,sandy,4.05,0
52.71,26.76,69.95,4.4,initial,loamy,16.73,0
16.2,27.33,85.83,4.5,mid_season,loamy,6.37,0
59.25,37.9,76.1,5.83,initial,clay,9.2,0
72.84,24.41,62.0,2.92,development,clay,7.25,0
77.37,21.46,58.44,6.2,late,loamy,11.07,0
40.05,22.36,63.02,5.13,mid_season,clay,21.74,0
36.52,32.53,41.34,3.29,development,clay,0.21,0
44.19,29.79,44.2,5.3,initial,clay,9.43,0
10.15,35.03,79.4,3.57,late,loamy,3.88,0
64.52,29.5,55.0,0,mid_season,sandy,0,0
69.26,18.81,40.48,2.72,late,clay,6.98,0
74.97,28.37,88.47,4.91,mid_season,clay,7.09,0
64.11,31.99,52.87,5.44,development,loamy,1.7,0
59.53,34.11,84.32,4.76,initial,sandy,6.85,0
57.69,19.57,50.16,3.63,mid_season,loamy,5.15,0
72.89,18.2,63.68,3.18,development,clay,11.14,0
44.79,20.51,49.18,3.79,development,clay,10.04,0
53.68,24.95,73.18,2.85,late,clay,8.5,0
64.9,33.28,70.3,3.42,initial,sandy,10.18,0
41.22,33.06,76.21,4.89,development,sandy,8.92,0
38.12,30.08,85.01,3.21,initial,loamy,7.25,0
57.18,33.61,44.97,0,initial,clay,0,0
62.84,37.01,69.57,2.61,development,loamy,1.22,0
49.79,31.9,44.37,4.87,mid_season,loamy,9.14,0
38.55,32.27,51.79,0,development,loamy,0,1
45.09,30.17,81.63,0,initial,sandy,0,0
43.68,32.94,60.54,1.69,late,loamy,1.98,0
64.32,23.67,49.18,5.23,development,sandy,9.05,0
37.74,28.29,69.39,4.91,mid_season,loamy,1.4,0
38.11,37.69,82.4,5.1,initial,clay,2.28,0
79.76,19.73,84.63,2.84,late,sandy,2.28,0
74.75,31.49,49.98,2.4,development,sandy,14.4,0
52.32,21.79,48.61,4.88,late,loamy,11.79,0
68.33,26.7,47.79,4.83,development,sandy,14.51,0
30.54,18.67,48.06,3.47,late,loamy,2.6,0
58.84,24.63,77.41,1.15,initial,sandy,12.04,0
81.41,18.13,64.55,2.95,late,clay,6.72,0
49.07,37.82,57.77,5.32,initial,sandy,8.98,0
34.93,22.05,80.57,2.55,development,sandy,6.19,0
56.7,35.05,40.73,2.41,development,sandy,4.17,0
42.85,36.46,63.65,6.97,initial,clay,9.27,0
22.77,31.0,80.93,4.01,development,loamy,2.41,0
49.17,19.4,61.61,1.87,late,loamy,1.18,0
40.56,35.81,81.76,4.91,development,loamy,2.87,0
69.26,23.48,72.15,3.6,initial,sandy,6.16,0
19.93,23.34,87.52,0,development,sandy,0,1
56.24,22.83,55.8,4.78,development,loamy,5.71,0
54.62,20.79,69.18,4.76,initial,sandy,5.06,0
46.45,23.19,58.84,1.84,development,clay,4.54,0
24.7,31.19,40.34,2.51,initial,loamy,13.35,0
35.91,27.66,66.82,0,initial,clay,0,0
62.85,19.87,53.52,3.32,development,clay,14.83,0
80.06,21.08,76.18,5.84,mid_season,clay,9.93,0
48.64,18.42,87.47,0,development,sandy,0,0
43.71,24.82,75.56,2.4,mid_season,loamy,6.22,0
58.65,26.14,79.64,2.34,mid_season,loamy,13.84,0
66.81,37.36,55.89,6.05,late,sandy,4.86,0
53.22,24.7,62.69,4.39,development,sandy,7.64,0
48.99,36.29,71.2,0,development,loamy,0,1
51.01,31.87,46.34,4.34,mid_season,sandy,4.32,0
39.78,26.52,53.27,1.85,initial,clay,6.01,0
50.47,22.9,86.56,3.9,initial,sandy,2.33,0
54.03,27.96,45.42,4.27,mid_season,sandy,6.96,0
39.83,18.28,76.64,4.23,development,loamy,17.29,0
68.49,34.69,63.65,0,initial,sandy,0,0
32.22,23.38,58.63,3.77,initial,clay,4.24,0
95,34.18,71.28,5.35,initial,clay,19.16,0
77.57,18.45,79.31,3.82,mid_season,clay,7.28,0
68.63,37.36,67.04,5.21,initial,sandy,6.5,0
58.94,25.24,40.57,5.95,initial,clay,2.22,0
31.64,24.07,69.72,1.8,late,clay,2.06,0
55.11,28.76,62.67,0,late,clay,0,0
32.02,33.49,70.62,6.46,development,sandy,14.0,0
68.02,28.55,69.82,4.65,initial,loamy,0.31,0
46.18,35.42,74.13,3.0,late,loamy,4.37,0
64.18,28.02,51.32,5.13,initial,sandy,8.08,0
50.51,36.18,72.9,4.31,development,loamy,11.62,0
62.05,29.81,77.79,5.44,development,clay,15.41,0
46.35,23.93,88.21,4.31,initial,loamy,11.47,0
34.94,32.89,47.29,4.44,development,clay,6.63,0
53.45,24.5,83.01,3.48,initial,loamy,2.07,0
59.19,33.47,70.65,0,development,loamy,0,0
66.4,37.79,80.88,6.77,initial,clay,8.12,0
63.82,36.34,86.87,0,initial,clay,0,0
37.9,32.22,42.44,5.41,late,loamy,6.42,0
34.94,32.73,48.77,3.45,initial,clay,17.23,0
41.97,33.83,78.24,3.36,initial,clay,22.65,0
41.59,19.7,44.18,4.04,development,clay,4.71,0
39.77,22.88,41.35,0,initial,loamy,0,0
54.57,36.67,43.91,3.88,mid_season,loamy,16.56,0
55.58,22.32,44.25,4.99,initial,loamy,6.25,0
35.45,24.81,72.1,4.02,development,sandy,11.47,0
47.64,19.89,64.8,4.01,initial,clay,14.06,0
68.0,28.09,71.51,3.47,late,loamy,9.59,0
70.58,29.46,40.96,0,mid_season,loamy,0,0
46.35,32.06,62.53,0,initial,sandy,0,0
51.78,19.7,57.74,4.55,initial,clay,11.68,0
40.82,35.35,63.09,2.59,late,loamy,16.75,0
75.84,19.3,50.68,2.91,mid_season,sandy,1.48,0
62.2,36.96,60.69,3.86,development,clay,7.77,0
43.59,22.96,85.82,4.18,initial,clay,6.98,0
83.65,28.99,72.42,4.33,development,clay,3.39,0
41.86,27.22,41.13,3.74,mid_season,clay,3.51,0
86.52,27.25,83.17,4.39,initial,loamy,6.23,0
65.89,26.25,72.12,4.87,initial,loamy,1.71,0
38.16,35.49,76.57,5.43,development,loamy,3.12,0
64.83,35.02,44.15,0,mid_season,sandy,0,0
23.79,30.14,67.96,2.93,development,clay,22.66,0
53.92,27.17,61.57,4.38,initial,loamy,7.21,0
67.65,20.96,81.8,3.34,late,loamy,6.64,0
52.22,18.06,70.72,3.6,late,sandy,1.95,0
34.76,26.19,65.07,2.83,development,sandy,16.95,0
85.03,18.49,85.33,1.87,development,clay,0.71,0
42.4,23.66,43.64,4.22,late,clay,2.02,0
77.71,36.05,58.32,2.84,late,clay,21.08,0
35.34,27.13,63.97,4.16,late,sandy,9.56,0
30.86,23.73,77.77,2.81,development,clay,4.83,0
76.17,25.69,63.96,4.97,development,sandy,9.29,0
79.24,22.94,62.97,3.26,mid_season,loamy,20.47,0
44.41,29.18,75.57,0,development,loamy,0,1
51.51,25.02,68.2,4.77,development,clay,14.37,0
61.06,26.15,51.12,6.22,initial,clay,11.72,0
65.18,34.45,49.0,3.36,late,clay,1.57,0
50.08,30.87,61.33,4.28,late,sandy,1.06,0
58.99,20.81,69.6,3.94,initial,sandy,7.18,0
34.17,30.22,77.03,0,initial,sandy,0,0
73.39,37.74,76.1,3.55,development,sandy,8.27,0
79.13,29.74,66.26,3.57,initial,loamy,4.57,0
47.15,18.71,58.22,2.04,late,loamy,6.42,0
41.61,22.75,59.1,6.23,initial,loamy,15.49,0
50.02,20.71,82.24,3.38,initial,clay,16.78,0
56.11,25.69,55.33,2.33,mid_season,clay,6.98,0
66.93,35.34,43.81,5.54,late,loamy,10.42,0
73.18,36.25,51.9,3.78,late,clay,14.23,0
73.51,27.7,79.7,4.3,development,clay,10.52,0
51.32,18.83,56.2,0,initial,loamy,0,0
60.42,29.48,68.87,5.84,development,loamy,8.02,0
37.74,18.33,81.97,2.61,development,clay,10.42,0
70.17,19.87,49.74,4.71,late,loamy,5.19,0
70.3,18.35,67.19,1.51,late,loamy,8.52,0
82.66,22.22,52.05,5.11,late,sandy,5.34,0
35.08,23.36,56.68,4.18,late,clay,6.82,0
49.61,27.18,64.56,2.68,initial,loamy,5.48,0
62.12,18.99,71.9,3.51,late,clay,5.11,0
83.27,25.79,86.53,0,initial,clay,0,0
40.14,29.13,46.63,3.76,mid_season,loamy,11.21,0
74.2,18.15,41.75,3.64,development,loamy,6.42,0
81.31,32.26,60.12,4.11,late,loamy,11.51,0
63.31,33.81,48.38,2.88,mid_season,loamy,12.44,0
61.98,23.71,75.1,2.84,late,clay,12.1,0
61.98,37.55,82.56,3.66,initial,clay,5.85,0
67.7,24.85,63.48,3.63,development,sandy,14.69,0
55.22,37.72,61.64,3.23,late,clay,7.71,0
23.44,27.15,54.14,4.45,late,loamy,4.86,0
53.09,29.13,44.5,2.26,initial,clay,1.86,0
27.62,22.86,73.06,0,mid_season,loamy,0,1
54.04,33.5,75.63,1.89,mid_season,sandy,14.74,0
62.13,34.66,86.19,3.76,late,clay,8.13,0
74.39,29.83,52.07,0,initial,loamy,0,0
73.36,31.86,83.34,3.31,development,clay,1.31,0
70.62,30.85,54.98,5.0,initial,clay,3.18,0
42.28,34.0,59.88,3.91,development,sandy,0.18,0
15.43,22.39,87.67,5.65,mid_season,loamy,16.95,0
37.72,27.23,89.95,3.65,development,sandy,1.59,0
34.46,24.92,65.37,3.18,mid_season,clay,8.77,0
44.01,23.02,52.21,4.74,late,sandy,8.63,0
60.13,21.79,71.78,3.36,mid_season,sandy,8.97,0
51.02,33.28,78.53,3.62,development,clay,3.29,0
55.49,19.3,83.1,3.18,late,clay,7.89,0
54.9,34.22,81.86,4.68,initial,clay,12.91,0
66.76,21.14,78.11,4.37,late,sandy,10.22,0
86.06,30.98,55.58,2.43,late,sandy,8.49,0
55.26,27.64,82.63,4.56,initial,sandy,3.42,0
34.3,36.46,79.55,2.45,mid_season,sandy,3.62,0
59.34,25.8,72.46,4.18,late,loamy,5.84,0
73.3,18.71,80.94,0,initial,sandy,0,0
27.75,27.76,43.17,5.31,development,loamy,2.08,0
22.03,24.47,64.76,3.09,development,loamy,12.67,0
61.89,23.33,61.17,4.21,initial,sandy,3.72,0
22.86,19.08,83.2,4.69,mid_season,sandy,4.37,0
56.07,30.76,70.55,4.22,late,clay,14.1,0
70.95,33.07,64.0,4.27,mid_season,clay,3.87,0
65.1,25.63,77.27,3.48,mid_season,loamy,16.71,0
50.94,21.65,43.71,2.76,initial,sandy,7.32,0
21.82,21.52,48.78,0,initial,loamy,0,0
79.47,31.19,42.34,2.64,development,sandy,0.4,0
42.34,33.0,65.1,0,development,sandy,0,1
59.01,37.35,59.13,3.89,late,clay,13.58,0
53.17,25.13,47.68,0,development,loamy,0,0
36.95,18.29,51.26,0,initial,sandy,0,0
64.15,19.56,43.88,3.39,development,loamy,6.48,0
86.45,23.43,77.38,3.55,mid_season,sandy,13.32,0
48.24,33.45,45.58,5.21,mid_season,sandy,15.1,0
66.13,21.12,84.72,4.08,initial,sandy,14.59,0
63.82,18.73,81.07,4.39,development,sandy,14.09,0
66.9,24.5,58.35,5.32,initial,clay,10.18,0
46.14,19.25,66.44,4.1,late,sandy,2.18,0
72.73,26.6,83.55,3.23,initial,sandy,6.9,0
71.76,37.1,68.31,4.08,mid_season,loamy,4.92,0
10.57,18.34,54.04,3.22,development,loamy,12.35,0
37.23,33.14,80.56,3.06,late,clay,13.21,0
41.41,23.4,72.28,3.53,development,loamy,3.19,0
61.07,37.83,73.16,4.42,development,sandy,0.72,0
21.73,35.18,52.61,0,initial,loamy,0,0
62.89,20.59,85.02,5.19,development,sandy,4.47,0
48.28,23.9,69.28,0,development,loamy,0,1
20.64,32.65,65.09,3.08,development,sandy,14.2,0
62.08,35.02,48.18,3.91,mid_season,sandy,6.55,0
78.1,24.24,59.07,2.54,late,loamy,7.43,0
66.69,28.84,51.82,4.6,initial,sandy,4.78,0
72.32,30.47,83.27,3.62,mid_season,loamy,14.85,0
46.16,20.57,65.92,3.0,initial,sandy,10.42,0
45.29,21.98,65.02,4.33,development,loamy,20.45,0
66.86,35.14,42.96,2.34,development,sandy,8.13,0
62.68,30.31,81.44,0,mid_season,sandy,0,0
49.78,30.46,55.74,5.21,initial,loamy,8.76,0
46.99,36.53,85.34,1.2,development,clay,20.11,0
95,37.0,84.22,0,late,loamy,0,0
47.24,20.06,58.04,4.22,late,clay,11.65,0
49.13,25.46,49.57,0,initial,sandy,0,0
50.59,30.25,66.05,3.0,development,sandy,12.81,0
19.59,31.25,88.6,0,late,loamy,0,1
42.21,24.73,64.55,4.74,late,sandy,5.51,0
85.58,27.5,42.38,3.85,mid_season,loamy,11.7,0
72.55,28.47,59.3,3.35,mid_season,clay,1.71,0
58.92,35.33,73.51,6.1,late,loamy,5.57,0
38.43,20.46,60.61,3.45,initial,loamy,17.81,0
55.8,26.73,88.07,1.73,mid_season,loamy,4.86,0
85.83,27.67,62.33,4.58,development,sandy,6.04,0
39.78,27.82,42.33,0,late,loamy,0,1
41.6,18.61,87.72,3.65,development,sandy,8.68,0
60.1,22.38,76.13,4.14,mid_season,clay,12.67,0
65.98,24.21,79.85,5.35,initial,sandy,7.98,0
39.04,21.69,40.12,4.88,late,sandy,4.92,0
53.78,26.99,74.1,3.66,mid_season,clay,9.38,0
31.69,19.26,62.13,5.08,late,loamy,9.98,0
65.87,22.76,81.15,3.97,development,clay,15.92,0
37.36,19.66,46.67,5.1,development,loamy,11.4,0
74.33,35.21,56.11,3.56,initial,clay,9.59,0
62.58,33.65,79.76,3.11,mid_season,sandy,18.3,0
59.43,29.7,46.25,0,late,clay,0,0
49.79,34.62,60.45,6.36,development,clay,10.73,0
47.01,21.06,52.77,4.39,late,clay,8.72,0
39.74,31.8,74.8,0,initial,sandy,0,0
51.52,29.01,58.27,4.56,initial,loamy,0.6,0
55.36,36.31,53.96,4.68,late,sandy,3.04,0
47.62,26.44,88.6,2.13,late,clay,8.89,0
68.07,29.04,68.53,3.71,mid_season,loamy,7.66,0
70.09,30.77,67.54,0,late,sandy,0,0
88.61,25.07,80.55,3.32,late,loamy,6.64,0
56.51,33.32,79.78,0,initial,clay,0,0
29.15,30.06,67.08,3.6,development,clay,3.51,0
68.61,24.77,46.76,3.65,mid_season,sandy,10.91,0
52.52,20.57,65.98,0,initial,sandy,0,0
47.72,18.01,62.01,2.29,mid_season,clay,12.71,0
42.38,35.75,46.2,0.31,development,sandy,6.33,1
51.52,36.53,58.14,6.1,initial,loamy,4.8,0
36.05,18.06,78.64,3.98,initial,loamy,14.2,0
90.56,28.31,86.52,3.47,development,loamy,7.94,0
27.13,34.85,50.55,0,mid_season,sandy,0,1
36.77,24.91,60.15,4.03,mid_season,clay,9.22,0
34.46,29.93,65.87,4.09,mid_season,loamy,16.34,0
87.31,19.1,40.55,5.1,initial,loamy,9.05,0
36.37,32.59,52.02,0,late,clay,0,1
67.85,23.38,54.56,0,initial,clay,0,0
61.24,32.61,40.3,3.48,development,clay,12.89,0
60.66,26.43,87.13,3.05,late,sandy,5.5,0
89.48,24.91,53.39,4.59,mid_season,loamy,12.7,0
68.83,22.57,50.08,2.64,development,clay,13.77,0
49.93,21.91,53.89,4.5,initial,loamy,13.11,0
65.93,29.84,54.09,3.32,development,loamy,10.59,0
93.4,33.65,80.92,2.8,mid_season,clay,15.89,0
62.71,18.83,58.89,0,late,sandy,0,0
57.63,21.99,53.74,0,initial,sandy,0,0
52.88,37.9,84.8,4.02,late,clay,2.38,0
80.99,27.06,72.85,6.23,development,sandy,3.15,0
40.07,26.26,42.35,3.61,mid_season,loamy,14.96,0
72.18,34.44,44.83,3.61,mid_season,sandy,5.05,0
67.6,37.88,73.32,4.18,development,clay,11.29,0
38.08,35.05,65.98,0.89,initial,loamy,5.12,0
48.4,31.6,65.99,3.74,initial,clay,9.59,0
43.02,26.48,59.18,4.57,initial,loamy,14.86,0
48.9,25.12,89.33,4.52,late,loamy,6.9,0
37.45,18.33,49.52,4.86,mid_season,sandy,11.6,0
51.07,34.05,47.15,4.44,late,loamy,8.16,0
62.54,25.67,46.34,5.59,development,clay,9.67,0
31.86,19.73,78.65,5.05,late,loamy,2.74,0
40.48,19.07,62.49,4.32,mid_season,sandy,7.19,0
43.11,29.99,55.74,3.25,late,loamy,13.77,0
68.71,19.75,88.52,4.33,mid_season,sandy,20.44,0
51.91,26.68,72.82,3.5,mid_season,sandy,28.28,0
58.89,28.9,65.67,1.25,late,sandy,13.25,0
24.4,37.17,80.66,5.27,development,loamy,1.84,0
49.72,18.78,51.5,3.09,initial,clay,2.55,0
22.98,23.9,74.78,4.53,mid_season,loamy,10.18,0
74.15,30.21,61.31,3.07,development,loamy,10.36,0
27.9,37.92,87.63,4.76,development,loamy,5.65,0
65.14,29.43,73.81,3.74,mid_season,loamy,8.45,0
32.64,29.22,87.92,3.13,initial,sandy,9.19,0
74.44,36.3,55.84,5.0,mid_season,clay,5.41,0
57.08,20.84,46.15,0,late,loamy,0,0
44.33,32.02,47.45,5.65,initial,loamy,29.82,0
47.37,30.22,59.43,3.49,late,clay,11.07,0
59.29,27.96,59.13,3.75,initial,loamy,16.02,0
91.4,24.28,62.23,3.02,development,loamy,17.71,0
59.14,34.51,69.05,3.13,mid_season,clay,32.73,0
50.47,31.28,62.74,3.55,development,sandy,5.54,0
62.66,18.28,42.23,4.76,development,clay,14.41,0
73.91,18.33,79.05,5.25,late,loamy,4.22,0
53.36,19.04,72.97,4.27,late,clay,11.2,0
45.85,18.99,40.21,5.88,mid_season,sandy,8.3,0
46.73,24.23,56.13,0,initial,clay,0,0
36.41,30.53,70.7,6.63,mid_season,loamy,15.38,0
36.59,27.19,72.65,0,late,sandy,0,1
49.53,20.76,88.6,1.84,mid_season,clay,3.2,0
34.51,35.03,47.53,4.8,development,clay,2.22,0
28.39,24.32,89.46,5.43,development,clay,20.05,0
77.49,30.56,43.76,2.18,development,clay,16.75,0
61.05,19.39,73.7,5.02,late,loamy,14.4,0
56.21,25.36,48.58,2.36,late,loamy,1.74,0
43.86,26.14,73.05,3.0,initial,clay,4.25,0
48.48,26.39,69.83,4.68,initial,sandy,5.72,0
46.0,26.07,44.52,4.42,development,clay,10.64,0
39.93,27.32,70.37,3.75,late,loamy,9.32,0
64.45,29.74,52.46,4.41,late,sandy,7.62,0
24.71,32.84,64.99,3.76,mid_season,sandy,3.08,0
65.54,36.49,88.58,2.84,mid_season,clay,17.46,0
55.93,28.58,46.04,3.77,late,sandy,10.13,0
74.27,20.78,71.78,3.15,initial,sandy,5.64,0
57.68,29.67,63.85,7.13,initial,sandy,11.18,0
58.33,22.8,47.34,0,development,loamy,0,0
54.63,22.6,74.64,0,development,clay,0,0
43.24,18.86,52.16,4.39,late,sandy,11.44,0
63.0,32.89,69.54,3.77,initial,sandy,4.12,0
67.26,32.97,55.5,4.17,mid_season,loamy,15.4,0
58.62,30.73,61.75,0,initial,loamy,0,0
53.14,32.0,48.13,6.63,late,sandy,11.31,0
71.65,29.36,56.04,2.51,late,sandy,0.74,0
14.09,24.95,74.47,3.61,mid_season,clay,5.23,0
41.06,22.05,58.01,2.98,late,sandy,21.27,0
57.49,35.67,41.7,2.63,development,loamy,7.06,0
31.34,28.08,64.61,2.86,late,clay,15.96,0
70.86,34.55,46.36,3.2,initial,sandy,3.46,0
74.23,37.52,40.33,2.48,initial,sandy,5.01,0
48.0,31.12,89.19,0,mid_season,loamy,0,1
21.82,24.36,64.13,0,development,sandy,0,1
82.48,30.52,71.89,5.23,development,sandy,11.46,0
75.28,29.55,49.46,5.92,development,clay,3.01,0
58.12,31.4,46.3,0,initial,loamy,0,0
47.58,37.56,56.14,0,development,clay,0,0
73.83,34.19,63.64,5.24,mid_season,clay,12.85,0
72.02,33.53,74.63,3.6,development,sandy,18.1,0
87.67,20.09,52.04,3.67,late,sandy,12.01,0
45.73,33.8,43.99,3.71,mid_season,loamy,3.3,0
49.41,31.88,85.59,3.39,development,sandy,12.18,0
57.68,30.74,71.63,3.6,development,clay,8.56,0
12.54,37.81,89.24,4.52,development,clay,16.86,0
50.94,21.28,74.42,0,initial,sandy,0,0
65.62,34.15,63.48,5.04,development,sandy,4.06,0
78.11,23.39,71.67,5.37,mid_season,sandy,2.55,0
78.57,31.91,63.62,4.65,late,clay,8.06,0
41.37,23.34,73.15,0,mid_season,sandy,0,1
70.67,19.92,79.46,5.65,late,clay,4.5,0
54.52,20.46,53.54,2.1,late,loamy,20.95,0
46.05,24.05,55.77,3.85,late,loamy,8.76,0
95,22.57,54.01,4.19,development,sandy,8.7,0
89.0,32.77,69.93,0,development,loamy,0,0
81.46,36.45,47.59,2.79,development,sandy,7.89,0
65.95,34.63,89.46,6.39,development,loamy,1.46,0
40.92,34.45,58.71,3.89,development,sandy,6.6,0
74.83,26.75,70.85,1.8,mid_season,loamy,12.68,0
54.83,30.35,87.79,4.73,initial,loamy,10.49,0
48.79,33.95,87.75,4.14,mid_season,sandy,11.79,0
80.88,26.89,62.21,0,initial,sandy,0,0
28.51,18.59,42.82,4.42,initial,clay,10.2,0
22.37,36.14,77.06,3.9,late,sandy,4.22,0
38.84,19.02,85.95,2.33,mid_season,sandy,17.14,0
51.57,27.92,54.88,3.86,development,sandy,2.41,0
79.14,20.46,84.21,3.47,late,clay,13.62,0
56.4,19.04,60.73,3.69,late,loamy,17.41,0
41.74,33.66,48.48,5.32,late,clay,16.11,0
76.68,30.2,45.32,4.39,mid_season,sandy,12.64,0
68.6,31.45,69.18,2.9,mid_season,sandy,5.93,0
20.96,30.67,80.23,4.17,initial,sandy,0.01,0
53.3,25.74,75.11,0,initial,clay,0,0
65.38,26.99,62.6,4.13,mid_season,clay,12.84,0
29.7,27.81,77.01,3.52,late,sandy,4.37,0
54.74,26.93,61.73,3.93,late,sandy,3.53,0
67.93,23.29,66.95,5.77,mid_season,clay,5.82,0
35.18,26.34,81.82,5.92,mid_season,sandy,10.07,0
68.5,20.96,49.28,4.15,late,sandy,4.04,0
44.59,28.08,48.16,2.84,mid_season,clay,11.57,0
45.94,28.42,85.71,4.45,initial,clay,9.51,0
76.73,23.43,52.2,4.06,mid_season,clay,12.77,0
71.75,24.48,41.14,4.51,mid_season,loamy,15.69,0
32.63,29.38,73.82,3.25,initial,loamy,0.4,0
64.79,37.02,48.78,2.41,late,loamy,16.09,0
20.3,35.96,71.47,5.04,mid_season,loamy,8.08,0
56.35,30.58,71.12,4.88,mid_season,sandy,11.64,0
84.75,29.2,87.09,4.43,development,sandy,1.65,0
63.86,32.25,45.06,0,mid_season,clay,0,0
49.52,18.52,46.41,3.65,development,loamy,2.2,0
74.84,34.83,43.1,4.23,late,clay,4.73,0
59.11,28.53,60.55,4.27,development,sandy,13.14,0
26.18,35.99,46.58,3.92,initial,clay,15.76,0
65.49,31.66,59.97,3.23,initial,sandy,12.81,0
74.77,33.52,69.81,0,mid_season,sandy,0,0
46.22,21.69,56.93,4.35,initial,clay,18.25,0
36.13,36.45,47.02,6.15,mid_season,loamy,13.15,0
42.14,37.58,69.03,5.52,late,sandy,12.59,0
71.25,29.13,64.77,2.4,mid_season,clay,15.14,0
92.31,31.85,67.64,0,development,clay,0,0
86.36,31.81,69.04,5.01,development,loamy,4.53,0
82.76,26.76,43.86,2.28,development,loamy,7.91,0
23.32,35.63,86.17,3.1,development,loamy,5.53,0
57.22,28.28,78.94,3.42,late,clay,10.64,0
53.58,21.13,66.96,5.79,late,sandy,4.39,0
69.24,21.66,73.0,6.26,mid_season,clay,8.11,0
43.96,31.89,42.97,3.37,development,loamy,17.46,0
60.52,30.64,73.16,4.13,initial,loamy,8.14,0
51.57,37.5,51.59,3.23,initial,clay,5.28,0
84.71,25.98,42.34,0,initial,clay,0,0
32.82,22.66,84.78,3.35,mid_season,sandy,10.92,0
50.14,29.81,64.93,4.74,mid_season,sandy,6.59,0
62.39,20.21,54.13,4.03,late,clay,12.1,0
30.38,24.77,86.74,3.37,mid_season,loamy,7.81,0
65.89,19.9,47.08,0,mid_season,loamy,0,0
68.35,19.68,54.78,3.01,initial,sandy,10.07,0
21.09,20.35,64.54,4.5,late,sandy,1.06,0
30.11,26.75,68.66,2.42,initial,sandy,0.02,0
63.76,21.14,65.35,0.61,mid_season,clay,29.23,0
74.28,24.02,60.83,4.2,development,sandy,3.02,0
64.6,26.31,56.96,3.04,initial,loamy,17.1,0
60.44,22.79,77.76,4.79,development,loamy,8.26,0
60.75,33.45,79.02,2.8,late,clay,10.57,0
82.65,18.31,52.33,3.84,initial,loamy,9.22,0
55.26,29.54,67.44,4.87,mid_season,sandy,7.92,0
59.53,29.85,53.64,5.21,initial,loamy,5.97,0
52.13,27.04,54.08,3.65,mid_season,sandy,17.26,0
60.81,21.36,79.62,0,initial,clay,0,0
68.1,21.79,79.78,3.45,development,loamy,6.21,0
42.38,26.12,46.43,4.99,development,loamy,14.58,0
65.8,22.36,41.73,5.7,late,sandy,8.48,0
54.89,26.52,42.82,4.8,development,loamy,4.16,0
63.1,23.14,70.42,4.1,late,sandy,0.88,0
68.63,24.83,79.79,3.55,late,sandy,8.73,0
26.44,29.68,89.17,0,development,clay,0,1
40.36,34.24,67.5,5.19,development,sandy,2.39,0
84.88,36.13,61.95,3.89,late,sandy,2.53,0
36.31,36.99,55.77,5.51,mid_season,clay,5.4,0
42.49,26.03,56.84,3.67,initial,clay,4.86,0
62.05,18.16,69.65,1.84,late,clay,12.95,0
68.4,36.08,82.06,1.88,mid_season,clay,13.77,0
33.31,24.47,86.66,5.29,mid_season,loamy,15.03,0
51.82,26.36,41.27,5.12,initial,sandy,2.21,0
54.33,27.68,44.2,4.49,late,sandy,0.03,0
38.56,26.27,64.65,4.27,development,sandy,1.37,0
57.25,35.89,41.13,5.29,mid_season,clay,2.34,0
67.83,28.83,63.54,3.84,development,sandy,0.51,0
88.47,19.43,78.47,3.37,late,clay,13.49,0
16.24,19.71,46.05,0,initial,sandy,0,0
56.06,35.92,69.77,3.8,mid_season,loamy,26.17,0
36.08,18.5,43.59,4.52,late,clay,6.85,0
67.59,25.52,59.81,5.57,mid_season,sandy,6.4,0
30.49,33.62,45.13,4.67,mid_season,loamy,1.04,0
67.87,35.9,42.89,5.44,late,sandy,4.0,0
53.97,25.71,70.58,4.73,development,loamy,1.15,0
40.26,21.12,71.48,4.84,mid_season,sandy,9.01,0
57.13,33.73,71.71,3.81,mid_season,loamy,14.67,0
49.71,29.66,53.69,3.48,mid_season,loamy,8.75,0
65.22,29.84,54.82,4.73,mid_season,loamy,13.22,0
65.43,26.83,47.01,3.53,mid_season,sandy,8.28,0
52.13,30.64,55.56,4.09,late,loamy,3.01,0
60.44,27.3,71.64,0,initial,clay,0,0
50.18,34.24,59.65,1.02,initial,sandy,7.26,0
66.21,26.92,54.58,4.05,initial,sandy,6.77,0
50.93,21.24,51.83,5.24,initial,sandy,4.54,0
58.83,33.39,68.39,4.34,late,sandy,1.04,0
28.37,26.02,65.4,4.85,late,loamy,2.17,0
57.05,21.53,52.59,4.27,development,loamy,1.58,0
50.65,23.77,81.52,3.23,development,loamy,11.32,0
71.49,26.95,85.51,4.65,late,clay,4.91,0
62.37,22.94,68.48,2.32,late,sandy,11.34,0
68.85,33.06,48.29,3.64,mid_season,loamy,11.61,0
37.4,28.87,73.16,2.38,initial,loamy,1.59,0
53.5,34.37,70.13,0,initial,sandy,0,0
63.6,27.35,56.79,3.79,late,sandy,13.56,0
58.79,24.37,65.65,2.46,mid_season,sandy,6.17,0
27.69,33.33,83.52,2.76,initial,clay,6.09,0
47.45,34.98,66.25,3.48,late,loamy,11.77,0
51.06,34.15,50.83,3.09,development,clay,5.69,0
57.38,20.66,63.53,2.61,late,sandy,5.42,0
51.31,24.12,59.09,0,late,clay,0,0
62.89,19.52,49.16,2.62,development,clay,13.88,0
72.59,24.46,53.35,5.74,mid_season,loamy,11.73,0
75.76,27.81,82.23,2.29,initial,clay,1.1,0
33.67,30.08,43.13,3.18,late,sandy,5.97,0
46.9,28.79,59.71,0,initial,sandy,0,0
53.82,25.89,54.54,4.22,late,clay,2.72,0
45.35,22.48,47.69,3.73,mid_season,loamy,8.44,0
46.71,31.21,83.78,3.93,development,loamy,3.68,0
86.46,27.35,65.69,3.03,mid_season,clay,11.04,0
62.96,32.41,80.89,5.04,development,sandy,5.65,0
60.62,33.73,72.57,6.11,initial,loamy,4.74,0
65.5,22.52,46.25,3.78,late,sandy,3.42,0
36.61,26.96,46.37,3.25,late,clay,1.61,0
62.27,19.88,59.24,5.25,late,loamy,6.03,0
68.44,25.39,85.38,0.98,initial,loamy,5.99,0
53.33,28.6,54.54,4.16,mid_season,clay,11.81,0
77.06,28.95,44.88,3.98,initial,sandy,2.24,0
67.85,24.52,85.74,4.1,late,sandy,15.05,0
61.6,37.86,76.24,3.95,initial,sandy,8.92,0
48.48,31.85,73.95,4.46,mid_season,clay,13.22,0
36.21,21.8,62.8,3.49,initial,clay,6.85,0
37.02,29.16,78.07,2.27,initial,sandy,0.52,0
40.64,37.67,83.03,2.94,initial,loamy,8.54,0
65.02,35.29,41.75,2.92,development,clay,6.71,0
72.73,29.38,74.39,4.87,development,loamy,16.89,0
54.52,25.09,61.37,4.87,late,loamy,12.51,0
53.86,18.69,49.0,0,development,loamy,0,0
63.37,27.89,61.49,4.08,development,loamy,0.12,0
26.59,29.26,77.39,3.35,late,sandy,4.76,0
78.92,19.48,58.37,5.16,initial,clay,6.3,0
64.7,35.01,73.02,4.72,late,loamy,3.77,0
70.54,37.6,77.0,5.68,late,loamy,9.69,0
79.77,21.56,55.56,3.68,development,loamy,3.08,0
56.85,36.31,89.09,3.05,initial,sandy,4.41,0
83.89,21.2,48.62,3.83,mid_season,sandy,5.93,0
79.0,23.31,72.51,6.45,late,clay,13.91,0
68.92,27.17,68.06,2.26,development,clay,13.91,0
59.4,33.64,89.62,4.19,late,clay,11.89,0
56.38,22.79,43.4,2.17,initial,sandy,13.4,0
55.88,19.34,55.9,3.44,development,sandy,9.55,0
95,29.11,72.85,0,late,sandy,0,0
64.73,29.03,60.77,4.04,mid_season,loamy,2.01,0
59.15,37.64,87.46,4.89,mid_season,sandy,10.33,0
46.22,25.85,70.71,3.09,mid_season,sandy,18.28,0
37.85,18.42,70.64,0,initial,clay,0,0
31.32,33.43,85.2,4.25,initial,sandy,0.01,0
83.49,22.13,59.13,0,initial,sandy,0,0
13.56,24.75,60.73,0,mid_season,loamy,0,1
53.25,25.05,55.51,4.74,mid_season,loamy,16.91,0
75.0,25.55,84.19,2.36,mid_season,clay,12.6,0
50.24,34.55,40.43,3.51,late,clay,13.88,0
64.19,27.64,62.87,3.07,initial,sandy,14.78,0
56.06,33.67,52.73,5.1,development,loamy,9.99,0
71.41,30.55,70.05,4.0,initial,sandy,0.89,0
52.79,18.15,78.53,3.19,development,loamy,7.36,0
49.16,37.44,43.12,4.14,mid_season,clay,11.25,0
31.31,21.07,50.66,3.87,development,loamy,19.46,0
52.06,33.61,68.32,4.73,mid_season,clay,1.2,0
11.8,35.81,81.02,3.84,mid_season,clay,19.44,0
63.52,24.63,43.39,3.56,initial,clay,7.48,0
74.92,34.62,59.27,0,late,loamy,0,0
58.91,18.24,84.67,3.38,initial,loamy,0.71,0
38.19,21.2,74.76,3.83,late,clay,10.6,0
85.0,29.21,53.15,0,late,clay,0,0
19.97,26.22,83.45,5.32,late,loamy,1.7,0
60.6,33.66,44.85,3.18,late,clay,16.18,0
27.69,30.9,82.57,3.58,mid_season,clay,11.32,0
43.51,21.75,66.33,2.73,late,clay,10.03,0
71.25,29.17,73.23,4.5,mid_season,loamy,4.03,0
38.97,23.52,89.29,2.88,development,loamy,16.24,0
23.49,22.12,85.97,3.89,initial,loamy,0.62,0
50.31,23.4,62.82,5.43,development,sandy,23.41,0
41.29,33.47,54.8,3.1,development,clay,11.62,0
63.75,20.69,83.34,5.2,late,sandy,7.07,0
29.89,28.91,52.6,5.1,late,sandy,8.25,0
95,24.7,47.58,4.06,mid_season,clay,13.43,0
66.6,33.14,88.06,4.18,initial,sandy,2.76,0
66.51,19.01,69.94,4.87,mid_season,sandy,12.54,0
50.32,25.12,77.16,3.37,development,sandy,8.06,0
55.64,22.06,75.62,5.6,late,clay,7.13,0
55.94,37.94,42.44,0,mid_season,sandy,0,1
38.19,32.74,69.85,0,late,clay,0,1
58.3,34.66,86.22,5.67,late,sandy,6.35,0
40.98,33.7,47.7,3.52,late,sandy,0.63,0
60.05,19.64,78.14,5.3,late,loamy,1.82,0
67.47,30.49,84.72,3.91,development,sandy,11.7,0
35.31,22.81,53.73,3.02,mid_season,sandy,8.93,0
20.32,27.38,51.4,4.42,initial,loamy,7.1,0
67.9,19.35,61.49,2.51,late,sandy,2.07,0
44.86,19.63,81.6,0,development,loamy,0,1
47.03,30.51,74.88,0,initial,sandy,0,0
74.58,30.45,55.91,4.47,development,sandy,7.59,0
57.96,26.33,72.12,3.99,mid_season,loamy,4.86,0
64.8,21.96,73.01,2.22,mid_season,sandy,2.24,0
19.33,23.62,67.28,5.11,late,clay,6.92,0
59.81,22.74,40.08,2.88,initial,clay,9.82,0
79.1,36.35,81.72,0,development,sandy,0,0
54.41,21.69,64.0,3.28,mid_season,sandy,7.61,0
83.71,26.14,40.37,4.27,initial,loamy,9.54,0
73.88,37.79,76.0,4.63,late,sandy,12.0,0
33.54,20.32,52.9,1.97,mid_season,clay,15.91,0
59.36,21.48,41.6,3.95,initial,sandy,3.58,0
62.48,26.31,79.03,0,development,sandy,0,0
65.79,26.47,88.71,2.34,mid_season,loamy,2.89,0
67.14,20.66,48.1,0,development,clay,0,0
79.98,20.37,70.75,3.23,initial,clay,3.04,0
56.81,29.17,57.6,2.22,mid_season,clay,13.53,0
32.9,32.56,43.28,0,initial,clay,0,0
56.94,26.11,49.85,6.38,development,sandy,18.72,0
40.62,32.43,50.28,4.82,late,loamy,19.41,0
42.48,25.22,48.99,3.48,mid_season,loamy,15.29,0
45.85,25.55,41.64,0,late,sandy,0,1
47.01,22.53,71.0,2.58,initial,loamy,3.83,0
42.51,27.3,85.25,6.29,mid_season,loamy,9.51,0
25.18,27.46,65.39,3.33,development,clay,2.8,0
72.37,35.39,60.5,4.04,mid_season,sandy,12.47,0
44.06,26.64,81.85,4.49,mid_season,sandy,0.23,0
70.72,32.24,84.28,0,initial,clay,0,0
41.47,28.3,88.0,0,initial,sandy,0,0
58.12,18.94,83.74,0,late,sandy,0,1
63.66,31.28,55.93,4.93,initial,sandy,1.02,0
39.69,27.85,49.58,2.23,mid_season,loamy,17.05,0
45.25,35.39,86.62,5.13,mid_season,loamy,16.45,0
59.11,34.34,81.96,2.67,initial,loamy,5.87,0
54.17,33.04,45.13,2.28,mid_season,clay,12.4,0
33.52,32.86,74.96,0,initial,loamy,0,0
31.39,35.34,87.65,3.5,development,loamy,6.07,0
25.3,23.84,44.06,2.93,late,sandy,10.46,0
44.62,30.94,88.4,4.07,mid_season,loamy,9.56,0
58.21,28.54,63.48,4.22,development,sandy,1.58,0
56.73,21.03,59.15,3.84,mid_season,sandy,3.72,0
55.23,20.63,43.89,0,late,loamy,0,0
29.1,27.94,67.45,2.75,development,sandy,0.41,0
49.77,33.63,87.67,4.14,development,loamy,1.29,0
54.31,37.03,74.64,5.68,late,loamy,17.62,0
5,24.1,50.14,3.49,mid_season,clay,14.0,0
79.73,34.01,46.29,5.23,initial,sandy,8.31,0
72.27,36.75,80.81,2.0,initial,clay,12.22,0
63.59,36.58,60.22,3.86,development,sandy,17.2,0
60.94,21.71,75.4,6.54,late,sandy,1.5,0
77.55,35.19,63.1,1.43,initial,loamy,16.93,0
75.98,28.08,77.16,0,development,loamy,0,0
71.5,31.69,88.5,4.8,late,sandy,8.15,0
46.3,32.1,49.83,0,development,loamy,0,1
56.51,20.78,56.1,4.78,initial,sandy,15.78,0
79.03,28.66,72.78,3.21,development,loamy,9.02,0
67.95,20.95,71.15,3.37,late,loamy,14.26,0
67.32,33.57,84.59,2.78,mid_season,sandy,0.45,0
62.16,36.42,40.48,2.69,mid_season,clay,9.58,0
66.04,22.6,62.93,4.21,mid_season,sandy,10.53,0
33.3,31.89,71.93,0,development,loamy,0,1
49.78,21.25,65.98,2.48,late,clay,15.47,0
46.82,28.39,61.81,1.36,mid_season,clay,8.67,0
95,20.14,71.91,3.24,development,clay,13.32,0
72.34,32.56,49.8,4.11,initial,sandy,3.08,0
90.58,31.21,74.16,0,late,loamy,0,0
63.99,30.63,62.07,3.71,initial,clay,3.19,0
73.38,18.42,67.27,4.61,late,clay,22.66,0
47.87,22.15,78.76,0,development,clay,0,0
35.65,25.51,67.48,3.29,late,clay,11.45,0
39.84,18.2,81.72,0,late,loamy,0,1
61.83,34.68,41.22,4.13,mid_season,clay,11.94,0
56.68,32.57,82.52,5.41,development,sandy,1.51,0
85.47,26.7,41.62,4.36,late,sandy,12.54,0
64.96,27.97,53.46,0,mid_season,clay,0,0
39.06,33.59,53.66,3.91,late,loamy,8.99,0
54.84,24.07,52.64,4.53,initial,sandy,10.24,0
29.58,37.43,75.93,3.41,initial,clay,1.53,0
87.36,24.8,47.87,3.8,mid_season,loamy,19.04,0
59.75,25.79,56.54,4.29,development,loamy,5.09,0
55.61,36.78,40.84,3.12,development,loamy,1.87,0
50.63,23.02,76.26,3.54,late,clay,19.4,0
38.59,25.03,59.03,4.99,mid_season,sandy,6.08,0
43.79,26.19,42.47,0,initial,loamy,0,0
62.2,37.0,73.87,4.03,mid_season,sandy,6.59,0
81.81,35.09,46.43,3.86,mid_season,loamy,4.4,0
66.5,37.9,62.93,3.93,late,clay,7.59,0
48.96,21.1,45.91,5.32,development,loamy,1.21,0
40.98,24.48,81.76,6.25,mid_season,loamy,8.09,0
44.41,32.74,63.55,4.22,late,clay,15.98,0
40.1,31.51,41.79,5.68,initial,loamy,3.76,0
42.33,24.76,89.07,3.28,initial,loamy,8.25,0
36.34,24.12,41.63,4.82,late,clay,13.35,0
57.31,21.44,78.72,3.89,development,clay,9.39,0
52.96,35.62,78.63,4.37,development,loamy,0.89,0
55.88,37.91,75.15,2.96,initial,clay,16.17,0
41.75,26.73,71.6,0,initial,loamy,0,0
19.77,19.14,62.92,4.82,development,clay,13.21,0
44.41,34.03,42.81,4.56,late,clay,7.14,0
15.4,34.33,65.65,4.16,late,loamy,8.24,0
41.51,23.22,59.17,3.15,development,loamy,16.01,0
72.93,26.53,50.05,4.61,late,loamy,12.53,0
89.67,25.49,53.54,4.52,late,loamy,16.3,0
51.83,29.69,58.14,4.52,mid_season,sandy,9.53,0
49.61,27.84,73.96,2.81,initial,clay,14.41,0
58.17,36.72,57.79,3.37,initial,loamy,1.1,0
55.91,20.88,89.7,4.52,late,sandy,0.42,0
55.8,28.26,66.32,0,initial,sandy,0,0
38.55,27.92,75.64,0,late,sandy,0,1
54.95,34.61,40.24,0,initial,clay,0,0
39.03,28.47,54.81,4.04,development,clay,9.06,0
47.55,35.41,56.12,3.69,initial,clay,4.68,0
46.71,35.87,80.17,3.78,initial,sandy,10.52,0
37.55,35.33,69.7,4.85,initial,sandy,10.28,0
53.3,22.31,76.11,5.37,late,clay,11.54,0
87.48,29.08,67.09,4.66,development,loamy,10.58,0
46.41,23.76,68.76,3.35,development,clay,22.86,0
48.91,31.34,42.59,4.0,initial,sandy,3.92,0
57.93,32.93,44.69,4.21,development,clay,12.52,0
64.0,33.09,67.76,0,late,sandy,0,0
74.28,18.81,66.91,4.15,initial,loamy,7.21,0
35.19,26.86,57.58,3.9,mid_season,clay,13.78,0
76.98,36.41,40.42,4.11,development,clay,2.8,0
59.25,18.44,77.13,5.91,mid_season,loamy,12.66,0
47.24,19.83,89.75,0,development,sandy,0,1
11.88,20.46,46.79,5.74,initial,loamy,9.2,0
36.21,21.17,74.23,2.83,initial,sandy,2.82,0
61.74,24.71,59.68,3.69,initial,sandy,4.91,0
19.0,29.0,49.43,0,mid_season,sandy,0,1
43.91,20.36,59.06,4.68,late,clay,1.5,0
36.15,23.72,76.02,0,late,sandy,0,1
34.44,37.57,87.42,5.43,development,clay,6.34,0
41.88,18.51,50.97,4.24,late,clay,17.12,0
53.98,25.0,73.84,2.94,mid_season,sandy,8.43,0
62.02,30.33,81.97,6.34,late,sandy,12.43,0
42.65,30.35,49.03,0,late,clay,0,1
49.08,19.57,82.59,3.48,initial,sandy,10.34,0
90.17,24.05,80.79,4.63,development,loamy,5.56,0
52.44,19.45,64.63,4.9,initial,clay,15.71,0
55.72,26.8,79.69,5.58,development,clay,5.08,0
40.4,33.61,62.03,3.76,mid_season,sandy,11.21,0
68.67,24.21,86.22,4.7,late,sandy,3.82,0
67.85,27.55,60.25,0,initial,sandy,0,0
70.69,21.12,42.21,6.8,development,clay,5.26,0
35.35,24.85,58.33,3.14,development,clay,11.61,0
18.08,29.62,69.13,5.06,mid_season,loamy,18.35,0
58.21,36.61,42.35,4.43,development,clay,1.82,0
21.17,24.49,63.36,0,development,clay,0,1
70.06,34.32,52.59,0,development,loamy,0,0
37.84,29.18,42.58,0,initial,sandy,0,0
64.9,36.0,86.58,3.6,late,sandy,2.05,0
64.35,29.34,68.2,3.83,development,clay,3.86,0
41.48,19.75,68.5,5.82,mid_season,loamy,10.57,0
51.2,33.58,86.91,3.63,mid_season,sandy,3.36,0
67.48,21.88,45.57,6.73,late,clay,11.97,0
47.29,27.37,80.31,0.74,late,sandy,13.07,0
72.52,36.78,44.8,1.52,late,clay,9.48,0
95,35.9,84.63,2.54,development,loamy,9.61,0
79.79,20.73,86.53,0,mid_season,loamy,0,0
80.7,22.04,74.68,0,development,sandy,0,0
47.06,29.15,55.22,0,initial,sandy,0,0
78.15,31.83,40.01,4.89,mid_season,clay,9.41,0
63.64,18.16,64.27,4.23,mid_season,sandy,5.14,0
40.29,29.3,45.45,4.36,late,clay,18.14,0
41.09,29.02,86.82,4.66,mid_season,clay,1.35,0
88.08,28.64,56.61,4.79,mid_season,loamy,15.67,0
32.74,36.19,80.65,4.33,mid_season,loamy,23.16,0
71.99,18.78,40.81,2.46,initial,loamy,3.68,0
70.54,21.34,86.11,3.76,late,clay,3.93,0
59.12,33.6,40.15,3.14,development,loamy,3.82,0
73.35,26.95,58.16,5.4,initial,clay,5.5,0
68.35,28.77,59.46,4.56,mid_season,loamy,5.84,0
44.1,26.63,55.97,2.38,late,clay,13.43,0
74.36,25.23,69.08,4.28,development,clay,7.04,0
61.72,18.31,68.19,4.57,development,loamy,13.66,0
84.44,32.02,73.71,3.88,initial,sandy,2.51,0
71.92,19.7,85.19,4.42,late,sandy,0.95,0
45.21,22.6,81.8,3.19,mid_season,clay,1.6,0
53.84,31.73,84.07,0,initial,sandy,0,0
20.33,21.51,75.96,3.68,development,clay,0.74,0
35.26,30.97,87.43,0,late,sandy,0,1
62.64,26.56,60.12,4.45,late,sandy,6.66,0
63.95,22.34,82.55,4.95,initial,clay,5.17,0
57.45,33.57,47.26,3.5,late,clay,10.32,0
67.67,19.0,44.33,0,initial,sandy,0,0
48.29,27.42,82.06,3.34,development,sandy,0.04,0
40.09,26.89,55.64,3.98,late,clay,8.86,0
50.65,33.25,60.13,5.27,development,sandy,6.28,0
77.02,22.26,51.41,5.93,initial,sandy,2.31,0
19.46,37.07,77.49,3.84,development,clay,5.92,0
55.74,35.08,58.0,0.52,initial,clay,16.52,0
29.49,24.37,83.95,4.97,late,sandy,1.95,0
27.94,31.34,65.6,0,late,clay,0,1
58.68,36.68,61.69,4.06,development,clay,14.87,0
59.96,23.14,41.39,3.62,development,loamy,18.46,0
68.61,32.53,64.66,5.05,development,loamy,4.99,0
68.38,21.17,51.44,0,development,sandy,0,0
7.18,32.96,89.71,4.7,mid_season,loamy,10.33,0
61.68,26.78,77.24,0,late,sandy,0,0
26.42,36.78,40.06,4.71,initial,clay,6.35,0
40.53,36.34,62.37,3.0,late,sandy,9.96,0
28.94,33.28,46.19,2.15,development,clay,4.63,0
82.69,21.98,70.43,3.15,development,sandy,9.08,0
51.19,32.79,82.63,0,mid_season,sandy,0,1
59.46,23.54,81.53,4.12,late,clay,3.9,0
44.42,36.83,81.45,5.31,mid_season,clay,21.1,0
40.31,24.04,61.31,3.12,development,clay,16.13,0
82.13,32.05,79.44,4.0,initial,sandy,8.01,0
47.69,25.97,54.99,5.87,late,sandy,5.81,0
36.48,19.94,51.42,6.24,late,loamy,6.67,0
59.1,28.17,71.72,4.45,late,sandy,21.57,0
55.58,37.2,49.35,3.94,late,clay,10.03,0
41.46,29.48,84.15,0,late,loamy,0,1
95,30.78,81.22,3.14,mid_season,loamy,25.13,0
32.01,36.41,73.06,4.91,late,sandy,10.23,0
38.51,34.87,85.15,0,development,loamy,0,1
39.34,35.36,87.73,4.32,initial,loamy,9.13,0
62.33,22.05,85.56,4.75,development,clay,5.18,0
49.41,18.46,56.68,5.62,mid_season,loamy,6.4,0
41.58,30.02,48.84,0,initial,loamy,0,0
93.28,28.03,85.04,4.62,mid_season,clay,12.89,0
25.64,35.46,75.94,3.27,initial,sandy,7.0,0
67.25,29.32,53.43,5.21,late,sandy,6.44,0
44.55,21.24,80.09,3.34,development,sandy,13.92,0
52.01,27.41,88.55,3.82,late,sandy,8.79,0
54.57,33.72,61.92,3.21,late,sandy,11.53,0
61.15,34.73,43.98,3.93,initial,loamy,0.54,0
46.36,33.97,54.72,4.25,mid_season,sandy,11.01,0
72.69,27.78,89.76,2.34,mid_season,sandy,6.52,0
44.54,23.79,78.92,3.68,development,clay,6.13,0
41.12,25.03,50.14,4.05,development,loamy,4.76,0
56.35,32.18,85.04,3.31,development,sandy,4.16,0
67.52,24.97,41.67,0,late,loamy,0,0
48.13,37.87,52.85,2.99,mid_season,clay,4.26,0
41.65,36.69,51.1,3.06,development,clay,11.22,0
74.07,27.05,81.58,3.81,development,loamy,2.57,0
67.18,28.14,85.28,3.08,mid_season,sandy,4.31,0
61.53,34.38,53.32,4.98,development,clay,6.52,0
45.87,37.53,86.1,5.11,development,clay,22.78,0
46.37,20.18,63.83,2.28,mid_season,clay,10.82,0
70.0,18.71,76.02,0,development,sandy,0,0
18.84,28.22,73.78,3.18,late,clay,21.64,0
70.07,18.23,46.62,0,mid_season,clay,0,0
95,22.39,55.23,0,initial,loamy,0,0
31.29,30.58,73.91,4.29,late,loamy,7.91,0
69.32,33.06,44.0,3.29,mid_season,sandy,3.57,0
61.1,18.65,48.92,5.49,late,sandy,3.4,0
49.15,33.3,52.59,5.08,late,clay,4.44,0
80.88,31.24,66.87,3.16,late,sandy,7.0,0
51.49,31.0,77.44,0,initial,sandy,0,0
70.97,27.23,64.07,2.52,late,clay,6.62,0
65.42,19.2,86.81,0,initial,loamy,0,0
79.25,31.15,71.77,4.32,late,sandy,7.52,0
65.58,19.04,59.14,4.29,development,clay,10.86,0
79.94,35.96,56.95,3.88,late,clay,20.1,0
40.06,29.03,46.51,4.41,initial,sandy,15.87,0
48.13,21.24,51.43,3.34,development,clay,7.49,0
54.41,37.14,62.07,4.97,mid_season,loamy,11.93,0
58.52,29.44,78.28,0,late,sandy,0,1
51.85,22.98,65.6,4.16,mid_season,clay,20.65,0
61.43,18.3,79.8,6.31,mid_season,sandy,5.88,0
28.16,24.28,43.9,2.98,late,loamy,15.23,0
73.48,21.46,48.4,3.93,development,clay,7.91,0
28.3,28.19,84.93,5.35,mid_season,clay,18.25,0
84.47,19.76,80.0,4.69,late,clay,16.36,0
39.55,25.68,61.34,3.81,late,clay,13.55,0
35.36,23.32,44.7,3.51,mid_season,loamy,0.06,0
79.95,35.16,83.35,3.77,initial,clay,1.15,0
60.93,27.49,54.86,0,late,sandy,0,0
46.77,35.76,40.41,2.74,late,clay,8.61,0
46.13,25.43,77.5,0,initial,loamy,0,0
49.91,36.81,81.36,5.59,mid_season,loamy,8.72,0
55.29,19.28,86.44,4.01,mid_season,clay,13.08,0
74.07,30.19,47.06,3.29,mid_season,sandy,18.49,0
64.4,21.34,87.72,4.23,initial,sandy,12.64,0
75.87,34.63,55.94,3.57,development,loamy,5.25,0
31.83,34.17,82.78,3.24,late,clay,3.94,0
55.96,25.45,71.6,4.09,development,loamy,4.09,0
72.04,21.76,88.91,4.76,mid_season,sandy,12.03,0
57.91,31.93,65.4,5.63,initial,loamy,15.84,0
85.15,28.19,52.34,2.99,development,loamy,21.65,0
63.25,20.51,72.4,5.58,initial,loamy,16.96,0
84.69,28.08,64.71,3.99,development,sandy,3.96,0
56.97,28.12,89.85,4.34,mid_season,clay,9.75,0
59.1,26.92,67.05,4.66,initial,sandy,4.46,0
70.54,24.2,86.14,3.26,initial,loamy,4.77,0
79.44,27.36,47.3,0,mid_season,loamy,0,0
47.5,33.7,40.86,4.67,mid_season,sandy,19.57,0
88.3,24.14,56.21,5.18,late,clay,3.04,0
40.19,23.39,40.2,4.24,initial,sandy,0.01,0
57.47,20.11,53.98,2.3,late,clay,21.97,0
28.17,28.74,47.88,4.55,initial,clay,12.92,0
42.46,27.06,55.44,4.69,mid_season,loamy,12.03,0
42.02,19.18,46.85,0,development,loamy,0,1
68.92,21.37,53.57,2.6,late,sandy,11.15,0
34.43,27.73,53.93,3.96,late,loamy,5.29,0
49.53,20.68,58.31,5.87,initial,loamy,15.67,0
47.66,31.24,52.59,4.53,late,clay,5.22,0
51.4,34.72,59.47,5.92,late,loamy,19.13,0
48.48,27.89,68.63,3.33,initial,sandy,7.69,0
80.94,30.4,45.01,4.13,initial,loamy,16.01,0
38.06,23.8,41.06,0,late,sandy,0,1
42.53,20.07,76.52,4.49,late,clay,7.68,0
36.3,21.02,40.9,3.94,late,sandy,5.54,0
47.8,32.78,53.43,4.25,mid_season,sandy,2.28,0
23.41,29.66,53.68,5.43,mid_season,clay,5.73,0
59.38,22.77,76.63,3.07,initial,sandy,3.69,0
46.88,28.56,89.56,3.54,mid_season,loamy,10.67,0
52.43,27.92,85.64,3.51,mid_season,sandy,7.91,0
67.29,28.8,78.64,3.27,mid_season,sandy,13.06,0
80.6,25.67,69.72,2.78,mid_season,clay,9.9,0
51.46,32.55,41.9,4.28,late,clay,5.14,0
28.66,27.48,85.39,0.61,development,sandy,9.92,0
57.26,36.24,81.38,2.96,mid_season,loamy,6.54,0
56.2,21.39,47.31,4.44,late,clay,20.22,0
61.9,19.49,62.67,1.72,initial,sandy,6.6,0
46.35,21.49,87.22,4.1,development,clay,11.43,0
64.15,18.5,80.47,0,initial,sandy,0,0
52.43,21.53,65.84,4.94,initial,clay,4.34,0
50.31,27.59,73.54,0,development,sandy,0,1
48.37,28.96,46.73,3.65,mid_season,clay,11.59,0
42.68,34.83,64.4,4.13,late,sandy,7.51,0
69.16,28.57,52.84,3.96,late,clay,3.61,0
42.07,20.83,54.84,5.39,development,clay,6.31,0
76.31,33.24,62.2,0,late,sandy,0,0
46.22,31.6,60.51,0,late,loamy,0,1
51.42,28.88,51.3,3.67,mid_season,sandy,6.19,0
71.43,26.76,57.2,0,late,loamy,0,0
43.12,35.03,70.92,0,development,sandy,0,1
49.02,35.19,69.38,2.73,initial,loamy,4.31,0
34.35,33.16,44.88,0,late,sandy,0,1
69.15,28.92,64.87,0,mid_season,sandy,0,0
58.65,18.32,46.74,5.41,late,clay,12.4,0
90.1,23.72,83.36,3.28,initial,sandy,5.92,0
39.69,25.51,66.82,2.75,initial,loamy,2.17,0
43.47,21.66,60.93,4.59,mid_season,sandy,3.51,0
54.18,28.88,43.17,3.1,initial,loamy,0.94,0
39.96,27.35,78.77,4.51,development,loamy,17.17,0
57.28,18.79,44.11,2.39,mid_season,sandy,6.14,0
49.42,37.87,74.79,2.99,development,loamy,8.03,0
67.53,20.33,40.73,3.0,initial,clay,13.07,0
30.85,35.97,79.99,3.69,late,loamy,15.65,0
79.71,21.51,89.26,0.96,development,clay,1.2,0
35.34,33.83,49.02,0,late,loamy,0,1
62.94,35.98,79.11,3.88,late,clay,3.44,0
47.47,32.36,50.36,4.35,development,clay,6.85,0
49.54,30.48,42.72,3.59,mid_season,sandy,4.15,0
62.0,36.83,88.04,0,late,loamy,0,0
95,18.13,64.36,4.34,development,clay,8.76,0
78.92,34.29,80.88,4.07,initial,loamy,17.86,0
5,19.86,52.31,3.16,initial,sandy,9.53,0
59.3,18.77,74.68,3.89,development,loamy,1.07,0
50.72,20.52,42.56,4.86,mid_season,sandy,9.27,0
66.57,37.16,50.23,2.49,late,sandy,10.93,0
38.24,32.27,79.73,2.84,late,clay,9.93,0
57.11,35.54,67.6,5.31,late,loamy,8.16,0
69.8,25.46,67.68,4.57,initial,clay,13.09,0
68.63,37.34,75.43,2.56,late,clay,6.8,0
46.16,19.08,44.17,5.51,initial,clay,12.87,0
68.42,19.58,50.86,4.2,mid_season,loamy,19.0,0
57.37,25.67,62.24,4.0,initial,clay,3.57,0
17.18,18.61,88.61,0,late,sandy,0,1
46.58,23.3,76.6,3.84,development,loamy,22.04,0
69.51,31.45,49.19,2.74,mid_season,clay,2.38,0
35.93,35.7,84.88,3.92,development,loamy,5.63,0
49.16,19.57,51.44,5.75,development,clay,2.12,0
95,30.03,79.41,5.09,initial,clay,15.33,0
85.78,32.11,68.91,3.38,mid_season,clay,15.41,0
41.75,35.53,83.32,4.3,development,sandy,7.32,0
47.52,29.32,79.44,4.63,late,clay,8.87,0
52.08,23.11,67.79,0,development,sandy,0,1
38.21,33.68,77.81,2.36,development,loamy,0.57,0
61.44,21.82,81.94,0,development,clay,0,0
22.87,22.35,84.62,0,development,sandy,0,1
83.06,29.92,77.0,4.56,development,sandy,3.92,0
47.68,33.98,67.64,4.38,initial,sandy,2.2,0
52.73,19.85,75.32,0,development,loamy,0,0
37.74,32.65,50.52,2.54,late,loamy,16.8,0
84.2,35.27,58.91,3.88,mid_season,loamy,4.53,0
57.5,23.5,58.32,4.92,initial,clay,8.02,0
15.01,35.86,44.2,5.21,initial,clay,7.13,0
58.75,20.11,54.8,4.68,late,sandy,13.08,0
43.74,18.88,68.09,2.35,mid_season,sandy,16.51,0
59.27,28.38,75.21,4.09,development,sandy,11.71,0
47.77,36.49,42.57,5.69,mid_season,sandy,11.91,0
43.24,26.27,81.59,2.12,initial,sandy,4.1,0
53.99,24.99,81.7,3.44,mid_season,clay,6.03,0
33.94,37.41,80.49,3.27,late,clay,17.4,0
74.58,20.28,72.31,4.43,initial,clay,3.89,0
20.14,36.59,68.95,5.3,late,clay,15.03,0
33.49,34.45,50.95,3.63,late,sandy,5.5,0
70.81,32.71,65.75,3.55,late,sandy,7.28,0
73.16,30.21,53.72,0,initial,sandy,0,0
47.02,31.69,62.85,3.31,development,loamy,11.87,0
45.41,18.97,42.53,3.55,late,sandy,10.06,0
42.27,34.7,40.69,3.83,late,sandy,17.84,0
54.35,22.84,87.31,2.87,initial,loamy,14.69,0
56.29,21.63,69.03,0,initial,clay,0,0
76.87,24.59,68.27,0,mid_season,clay,0,0
58.01,33.11,72.5,4.18,late,clay,10.38,0
39.21,20.63,43.68,2.58,development,sandy,8.13,0
47.71,24.32,68.66,0,initial,clay,0,0
60.27,24.27,88.32,2.92,development,loamy,11.91,0
69.6,37.94,44.89,2.81,initial,sandy,1.08,0
71.56,30.56,66.66,3.04,initial,loamy,6.6,0
81.67,18.67,40.59,3.57,development,clay,7.61,0
89.09,20.35,73.07,4.38,development,clay,8.05,0
87.67,27.94,87.52,3.86,mid_season,clay,4.07,0
48.02,23.94,49.77,2.78,development,sandy,12.58,0
68.92,24.56,53.05,0,late,clay,0,0
43.96,32.67,77.4,4.69,late,loamy,15.79,0
57.83,29.12,81.96,4.88,initial,clay,10.37,0
51.76,21.58,54.46,4.1,initial,clay,0.32,0
45.78,36.39,69.66,4.3,late,clay,18.52,0
64.45,26.35,54.33,3.37,initial,clay,2.7,0
64.89,35.18,63.51,4.63,initial,loamy,4.22,0
39.77,30.42,56.07,4.57,development,loamy,22.18,0
38.65,20.41,48.95,4.82,late,loamy,9.02,0
28.79,27.04,49.36,3.33,late,clay,12.45,0
68.63,31.82,89.24,4.72,initial,sandy,10.15,0
46.77,36.15,68.34,3.28,late,clay,8.22,0
35.38,25.29,61.62,2.67,mid_season,clay,6.73,0
70.17,27.71,84.56,4.16,mid_season,sandy,10.94,0
66.5,35.54,63.17,0,mid_season,clay,0,0
48.14,23.29,47.27,3.94,mid_season,sandy,3.67,0
63.08,30.03,89.1,4.3,development,clay,6.74,0
49.8,27.72,40.1,4.4,mid_season,loamy,11.06,0
28.57,35.74,56.81,5.44,development,clay,13.63,0
55.51,26.19,48.22,2.38,development,clay,6.09,0
61.55,23.09,86.04,0,initial,sandy,0,0
72.74,28.87,77.55,3.93,development,clay,18.89,0
33.15,24.22,73.16,4.52,development,loamy,4.38,0
12.11,34.53,58.0,3.12,mid_season,loamy,19.94,0
78.84,21.75,69.57,0,initial,clay,0,0
71.32,29.78,40.52,0,mid_season,loamy,0,0
62.41,37.89,70.52,0,late,clay,0,0
72.21,33.4,88.29,3.11,development,sandy,3.99,0
37.48,31.08,74.39,3.68,mid_season,loamy,7.67,0
51.84,19.2,41.66,5.53,development,sandy,5.11,0
72.71,35.52,63.84,5.77,initial,clay,9.59,0
44.41,20.62,81.19,3.89,late,loamy,10.01,0
41.94,27.06,50.52,3.46,development,sandy,5.51,0
71.72,24.61,68.04,3.09,late,loamy,16.8,0
50.43,20.67,61.75,2.73,development,loamy,6.96,0
55.75,20.77,83.18,4.01,mid_season,sandy,18.01,0
71.94,21.56,80.45,0,development,sandy,0,0
71.47,37.6,77.6,3.75,mid_season,sandy,6.48,0
44.26,36.6,41.25,3.93,late,sandy,12.75,0
52.47,35.34,83.68,4.7,late,sandy,11.94,0
67.37,33.89,61.99,2.69,late,clay,21.39,0
80.26,29.8,67.81,0,initial,loamy,0,0
61.77,34.61,78.36,0,development,loamy,0,0
63.39,19.77,61.78,0,initial,loamy,0,0
91.37,36.28,50.88,2.21,late,clay,4.28,0
43.12,33.11,61.91,3.48,late,loamy,15.78,0
18.66,34.67,46.95,4.31,development,clay,22.85,0
32.0,22.58,79.91,5.75,late,sandy,15.55,0
53.55,21.89,45.77,6.53,mid_season,sandy,6.32,0
64.26,32.04,64.53,4.35,mid_season,sandy,4.88,0
62.98,31.6,84.57,5.1,mid_season,clay,8.09,0
80.71,23.13,40.56,4.46,late,clay,13.0,0
26.02,27.99,72.43,4.18,initial,clay,23.53,0
65.71,36.54,65.0,3.23,development,clay,0.71,0
43.53,18.5,45.59,2.88,development,clay,3.1,0
61.83,18.83,62.72,0,late,sandy,0,0
41.67,33.21,83.01,2.82,initial,loamy,13.57,0
82.14,25.9,55.84,0,development,sandy,0,0
66.53,26.54,73.25,4.14,initial,sandy,7.24,0
68.13,19.06,48.78,4.3,late,loamy,19.45,0
21.0,35.38,54.66,4.76,mid_season,clay,15.24,0
64.73,24.66,52.64,4.85,development,sandy,16.14,0
59.48,23.31,78.17,4.79,late,clay,6.4,0
59.64,35.88,42.24,3.65,initial,loamy,14.08,0
48.39,35.98,79.68,4.71,development,clay,15.73,0
59.64,34.81,60.29,2.99,mid_season,clay,7.15,0
52.97,24.09,89.15,2.54,mid_season,sandy,7.79,0
53.07,36.25,85.89,2.26,mid_season,sandy,11.43,0
47.55,31.42,87.53,0,initial,clay,0,0
29.27,20.11,63.33,4.23,initial,clay,21.72,0
44.64,35.56,59.92,3.86,mid_season,loamy,12.28,0
43.99,34.83,61.94,5.92,mid_season,sandy,15.29,0
43.6,26.72,80.31,4.73,late,clay,12.9,0
33.38,25.57,74.0,3.66,late,loamy,12.04,0
53.66,36.77,85.55,3.71,initial,loamy,3.11,0
63.17,25.76,40.24,3.86,late,loamy,10.06,0
65.98,27.23,59.73,3.42,development,loamy,2.92,0
71.09,20.57,83.76,4.63,development,loamy,3.15,0
57.8,37.91,68.87,4.04,development,clay,6.3,0
64.08,33.95,40.69,3.66,initial,sandy,3.29,0
53.72,34.7,61.64,4.07,development,clay,3.45,0
73.23,20.88,86.89,3.51,mid_season,clay,7.71,0
62.64,29.96,88.16,2.38,mid_season,clay,7.35,0
58.77,37.06,81.94,3.49,mid_season,sandy,5.33,0
62.42,32.72,80.89,4.5,late,clay,16.46,0
64.11,26.88,80.74,4.58,initial,sandy,11.9,0
57.78,21.16,65.43,0,initial,sandy,0,0
42.01,18.49,71.19,3.31,development,loamy,15.18,0
58.72,25.31,76.1,5.18,mid_season,loamy,7.01,0
41.68,26.79,45.27,4.03,mid_season,sandy,7.57,0
16.26,37.91,65.58,4.22,late,loamy,13.72,0
63.51,30.58,46.27,5.03,late,loamy,7.02,0
67.24,27.21,41.11,0,initial,sandy,0,0
46.72,24.77,49.51,4.3,development,sandy,1.36,0
35.56,37.74,84.33,3.71,initial,loamy,2.31,0
18.34,37.94,87.69,4.26,mid_season,clay,7.14,0
56.17,23.81,60.68,1.16,mid_season,loamy,13.96,0
57.37,24.52,56.62,4.95,initial,sandy,7.52,0
31.51,28.64,74.39,4.08,late,clay,11.42,0
32.69,36.0,86.58,4.34,initial,loamy,6.4,0
87.63,18.65,78.06,3.66,late,sandy,8.03,0
60.56,19.69,80.91,3.34,late,sandy,10.68,0
55.96,22.44,83.32,2.28,initial,sandy,5.56,0
65.61,31.29,42.06,5.01,late,loamy,7.58,0
55.81,29.36,81.16,0,development,clay,0,0
65.61,24.6,55.33,0,late,sandy,0,0
56.71,18.24,58.72,2.98,mid_season,clay,13.99,0
50.78,32.79,76.06,0,initial,sandy,0,0
72.16,21.13,45.59,2.19,development,sandy,9.52,0
75.65,32.45,40.31,3.12,initial,loamy,4.05,0
62.77,27.13,87.03,3.97,initial,clay,7.39,0
14.05,20.28,49.29,6.26,mid_season,sandy,2.69,0
78.68,19.31,60.91,3.69,initial,loamy,0.81,0
67.25,30.69,77.57,2.92,development,clay,7.1,0
76.84,35.68,73.09,4.98,late,clay,20.31,0
72.74,27.21,43.12,5.04,development,sandy,13.15,0
41.9,19.79,54.29,5.39,mid_season,clay,9.26,0
28.37,36.43,86.58,4.29,late,loamy,4.34,0
39.73,24.7,63.06,5.15,initial,sandy,2.29,0
57.98,31.61,54.64,4.42,development,clay,4.63,0
44.33,29.25,57.33,0,mid_season,sandy,0,1
50.81,28.09,51.55,5.79,development,clay,11.92,0
33.52,35.67,63.78,2.82,development,clay,5.72,0
72.77,29.23,73.39,2.7,initial,clay,8.54,0
64.32,30.3,45.73,2.28,mid_season,clay,2.25,0
32.99,27.67,57.5,2.69,late,sandy,10.22,0
93.52,27.0,59.31,0,initial,sandy,0,0
76.84,23.92,42.49,5.28,late,loamy,6.6,0
27.13,25.09,69.48,4.53,late,loamy,9.05,0
68.43,23.09,66.93,4.56,mid_season,sandy,6.23,0
68.01,18.87,46.84,0,late,loamy,0,0
73.64,23.85,56.38,4.0,initial,clay,10.82,0
35.2,29.99,56.27,0,initial,loamy,0,0
43.61,34.54,43.18,2.41,mid_season,loamy,8.93,0
70.84,23.53,84.61,3.01,development,clay,2.3,0
77.0,25.63,57.46,2.46,initial,clay,9.62,0
80.19,22.75,75.41,4.4,late,sandy,7.74,0
32.94,36.47,43.88,3.77,development,clay,4.23,0
60.23,19.47,86.43,4.98,development,sandy,4.48,0
55.51,25.66,49.38,3.8,mid_season,clay,9.79,0
44.32,21.39,58.08,0,initial,sandy,0,0
78.92,37.88,60.86,3.97,mid_season,sandy,2.04,0
77.2,28.54,42.16,4.51,mid_season,sandy,6.86,0
21.97,35.29,60.83,2.41,initial,sandy,2.48,0
70.66,20.43,57.26,3.26,mid_season,loamy,5.09,0
41.12,34.05,53.23,0,initial,loamy,0,0
78.18,25.61,54.41,4.05,initial,clay,3.09,0
64.1,23.26,68.33,5.54,initial,clay,2.58,0
66.19,32.47,83.37,2.76,mid_season,loamy,13.46,0
72.15,33.75,70.26,4.53,initial,sandy,9.1,0
74.08,30.55,81.19,0,development,sandy,0,0
69.47,36.49,57.39,4.81,late,loamy,13.96,0
71.17,35.34,47.29,0,initial,loamy,0,0
55.29,25.79,54.24,4.75,mid_season,clay,15.56,0
58.45,23.1,66.46,0,initial,loamy,0,0
41.63,24.81,80.62,0,late,loamy,0,1
21.59,25.02,76.24,0,initial,clay,0,0
54.82,36.9,51.1,0,initial,clay,0,0
37.59,23.29,58.6,4.41,initial,clay,11.34,0
73.83,29.82,89.94,4.06,initial,sandy,5.8,0
56.12,25.66,43.86,2.78,late,loamy,15.91,0
70.15,23.95,60.03,3.01,initial,sandy,8.84,0
61.96,30.87,68.99,3.34,late,loamy,17.42,0
79.37,21.48,84.09,3.71,mid_season,loamy,7.03,0
62.43,28.56,84.11,2.31,initial,loamy,0.54,0
54.25,25.17,69.9,4.87,development,loamy,10.2,0
28.95,31.57,86.74,3.88,initial,sandy,10.54,0
86.08,33.09,82.02,3.7,development,sandy,8.27,0
51.21,31.32,62.69,4.28,initial,sandy,6.42,0
54.13,23.26,72.83,4.21,late,clay,9.21,0
65.92,35.13,41.22,3.44,initial,sandy,18.9,0
55.86,21.79,60.41,4.28,late,sandy,9.9,0
55.79,28.05,87.13,3.82,mid_season,clay,18.59,0
63.34,20.46,75.45,5.57,late,sandy,0.53,0
67.7,34.8,62.84,4.02,late,loamy,1.78,0
75.92,32.68,88.25,0,initial,clay,0,0
66.67,19.46,63.39,3.51,mid_season,sandy,0.91,0
38.75,28.95,49.07,4.4,initial,sandy,9.33,0
93.29,24.29,58.95,5.32,initial,sandy,22.53,0
54.33,37.69,81.35,3.99,initial,loamy,0.66,0
33.58,29.55,77.68,3.89,mid_season,loamy,14.83,0
66.97,27.47,65.0,3.61,initial,clay,0.23,0
72.03,30.58,53.75,0,initial,sandy,0,0
55.01,20.99,74.72,0,initial,sandy,0,0
50.54,26.06,74.37,4.87,mid_season,sandy,13.92,0
67.22,25.55,88.44,0,development,clay,0,0
66.42,29.27,60.46,0,late,sandy,0,0
58.4,26.66,46.68,4.43,development,clay,15.92,0
64.81,34.33,44.67,0,initial,loamy,0,0
60.37,37.15,46.12,0,mid_season,clay,0,0
12.68,33.97,49.14,4.42,initial,clay,2.45,0
57.47,26.1,62.58,4.86,mid_season,clay,16.34,0
55.7,20.02,60.27,3.46,late,loamy,9.24,0
36.25,31.5,86.21,4.88,late,loamy,3.98,0
56.28,21.15,44.02,3.23,mid_season,loamy,15.31,0
64.84,22.92,73.8,4.84,late,sandy,5.81,0
53.38,29.44,41.98,4.97,late,loamy,5.94,0
42.55,33.51,59.67,2.78,initial,clay,2.73,0
54.78,30.62,43.08,3.93,late,loamy,11.98,0
69.21,35.34,41.53,3.6,initial,clay,11.95,0
39.88,27.45,84.18,3.0,late,loamy,6.5,0
65.75,32.19,53.36,0,mid_season,sandy,0,0
81.27,33.84,89.59,1.99,development,clay,0.86,0
59.22,21.03,83.28,3.78,late,loamy,5.65,0
47.72,18.57,79.84,3.39,development,loamy,9.28,0
60.91,28.52,50.47,0,initial,sandy,0,0
65.64,23.85,44.6,3.81,initial,loamy,3.4,0
44.29,32.04,85.85,3.94,late,sandy,13.05,0
49.88,35.73,47.53,6.26,mid_season,clay,6.08,0
72.41,30.69,75.41,4.57,initial,loamy,8.06,0
30.43,34.97,57.99,3.26,development,sandy,9.02,0
25.43,27.65,55.69,5.27,initial,sandy,3.08,0
44.45,30.87,52.33,4.47,development,sandy,4.25,0
37.95,18.71,56.38,4.41,development,clay,25.47,0
50.87,21.3,80.77,4.63,late,loamy,0.12,0
49.6,34.8,77.82,3.55,development,loamy,19.46,0
71.89,32.81,57.13,4.03,late,clay,2.58,0
52.03,26.24,77.34,0,late,loamy,0,0
38.0,27.26,89.96,4.05,mid_season,clay,5.88,0
57.59,18.99,48.04,5.46,mid_season,loamy,7.6,0
87.42,32.31,56.56,3.26,development,loamy,5.07,0
32.34,21.8,74.78,5.5,initial,sandy,13.23,0
13.73,30.33,71.54,4.27,initial,clay,7.04,0
54.16,36.36,85.05,3.61,mid_season,loamy,17.11,0
43.52,26.03,78.11,3.19,late,clay,4.51,0
24.41,27.23,68.17,0,initial,sandy,0,0
83.27,34.87,57.61,3.93,late,sandy,8.18,0
58.85,36.8,76.79,2.83,mid_season,clay,4.97,0
65.06,36.44,61.24,0,initial,loamy,0,0
67.78,30.42,70.97,0,development,clay,0,0
81.36,27.11,75.34,1.95,late,clay,20.66,0
52.11,27.44,74.93,3.03,mid_season,loamy,28.03,0
27.43,21.7,46.35,4.24,mid_season,clay,4.76,0
63.78,29.31,85.09,3.08,development,loamy,11.74,0
65.3,35.01,55.59,5.69,initial,clay,3.15,0
50.62,31.03,65.82,2.67,initial,clay,1.05,0
67.93,31.37,76.77,5.67,development,loamy,9.7,0
82.7,21.97,53.06,2.19,development,clay,13.96,0
75.96,19.59,60.27,3.75,mid_season,loamy,4.14,0
70.16,21.43,78.74,3.56,mid_season,loamy,19.03,0
60.57,35.67,67.91,5.08,development,loamy,4.74,0
35.28,33.28,60.71,4.44,late,sandy,6.96,0
54.93,37.93,83.2,4.75,initial,loamy,0.17,0
62.25,24.34,51.72,3.67,late,clay,2.22,0
39.35,21.29,86.76,5.89,late,clay,8.55,0
32.32,19.33,46.91,6.47,late,sandy,8.89,0
38.53,35.68,67.79,0,initial,loamy,0,0
43.09,28.05,45.76,3.75,development,clay,1.14,0
55.73,21.99,67.25,4.98,late,sandy,5.13,0
65.42,24.33,84.23,0,initial,loamy,0,0
54.74,32.91,78.05,4.25,initial,clay,12.44,0
70.22,32.74,45.74,0,initial,clay,0,0
66.94,26.57,89.27,0,late,sandy,0,0
84.09,27.46,52.63,0,late,sandy,0,0
9.34,34.21,67.72,1.75,development,loamy,0.33,0
66.87,32.45,83.07,5.49,late,sandy,8.68,0
44.38,36.61,45.59,2.64,initial,loamy,10.92,0
49.85,27.09,85.3,4.06,development,loamy,10.33,0
35.9,22.47,87.59,3.77,late,loamy,5.94,0
58.48,21.62,51.18,2.67,development,clay,18.36,0
42.1,34.55,87.75,0,initial,loamy,0,0
49.88,33.75,48.8,3.77,initial,clay,11.98,0
64.32,25.89,72.24,5.46,late,loamy,0.81,0
65.18,36.38,57.3,0,mid_season,sandy,0,0
36.99,19.99,73.58,3.19,late,clay,2.05,0
72.49,22.34,85.98,0,initial,loamy,0,0
43.05,25.75,47.2,5.01,late,clay,6.83,0
44.22,26.76,57.2,4.48,mid_season,loamy,6.31,0
50.21,27.79,83.84,0,initial,clay,0,0
39.37,31.62,54.18,5.7,mid_season,sandy,6.19,0
58.75,32.75,68.68,6.04,mid_season,loamy,25.15,0
24.66,37.81,53.51,4.2,development,clay,23.56,0
60.83,20.4,60.51,6.68,initial,clay,9.69,0
78.79,26.78,40.57,2.9,late,sandy,4.89,0
59.65,34.45,62.25,0,late,loamy,0,0
65.97,37.71,72.65,4.55,initial,clay,7.65,0
38.36,22.54,64.01,2.66,development,clay,10.42,0
40.26,23.33,66.17,2.63,late,clay,13.6,0
95,27.7,88.73,0,initial,sandy,0,0
32.93,19.56,81.48,0,development,sandy,0,1
67.71,29.11,54.99,2.31,late,loamy,11.92,0
67.01,23.63,55.75,2.05,mid_season,loamy,5.91,0
35.92,31.67,76.69,4.36,mid_season,clay,12.42,0
60.34,21.97,48.34,4.94,late,loamy,4.29,0
77.77,32.37,55.43,4.69,initial,sandy,8.89,0
37.61,32.72,68.15,4.51,development,loamy,20.36,0
70.47,31.88,66.27,4.74,mid_season,clay,14.02,0
5,19.5,51.57,0,development,loamy,0,1
40.6,25.37,71.24,4.18,development,clay,7.58,0
68.21,20.73,84.21,0,development,sandy,0,0
62.52,29.74,63.34,4.53,mid_season,sandy,9.23,0
58.21,33.07,82.66,5.43,late,clay,3.56,0
45.85,21.51,51.79,4.17,mid_season,clay,6.18,0
66.45,20.07,79.59,4.4,mid_season,sandy,10.48,0
56.18,20.74,69.05,2.84,initial,sandy,4.41,0
70.74,30.06,82.1,2.76,development,sandy,5.01,0
50.97,35.22,54.39,4.17,initial,sandy,8.15,0
21.39,35.16,42.14,4.11,late,clay,0.21,0
53.46,21.8,70.38,4.56,development,loamy,8.29,0
49.48,35.74,76.6,4.87,development,sandy,9.71,0
64.27,31.64,89.62,3.68,late,loamy,12.07,0
41.24,35.99,55.83,3.56,mid_season,clay,9.71,0
25.78,34.84,63.85,3.62,development,clay,7.34,0
60.77,32.63,82.71,3.49,late,loamy,7.83,0
58.94,33.12,74.15,2.97,development,clay,24.36,0
56.36,34.88,49.6,0,initial,sandy,0,0
58.62,34.04,69.18,5.19,mid_season,clay,12.42,0
60.44,20.81,82.72,6.35,mid_season,loamy,4.45,0
26.68,36.13,85.32,4.35,development,sandy,4.7,0
55.56,35.68,56.65,5.68,late,clay,0.26,0
50.05,37.28,87.94,4.36,mid_season,sandy,6.09,0
74.88,28.16,47.81,3.04,development,clay,6.15,0
65.16,22.7,78.91,5.57,late,clay,5.01,0
40.63,33.83,67.58,0,development,sandy,0,1
42.67,19.64,55.72,0,late,clay,0,1
59.6,31.92,81.05,0,development,clay,0,0
56.59,20.6,68.34,2.76,late,clay,7.38,0
62.93,30.27,64.27,4.25,initial,sandy,7.08,0
76.81,19.31,56.91,4.45,late,loamy,2.1,0
46.13,35.12,78.31,5.43,initial,sandy,12.56,0
53.44,36.39,85.16,3.32,development,loamy,20.77,0
36.51,19.34,81.04,0,initial,loamy,0,0
39.48,24.74,61.32,0,mid_season,loamy,0,1
54.91,20.27,56.69,0,development,clay,0,0
43.07,18.19,75.43,3.62,late,sandy,9.49,0
85.52,35.02,42.25,3.99,initial,clay,9.83,0
64.87,29.17,86.88,2.75,initial,loamy,3.75,0
60.81,21.65,67.42,2.78,initial,clay,17.86,0
90.4,19.96,67.71,4.69,initial,sandy,5.37,0
35.45,27.56,55.58,3.72,late,clay,17.87,0
56.58,24.78,89.07,3.62,initial,sandy,3.3,0
51.66,19.75,61.31,6.27,development,clay,11.55,0
27.39,21.83,45.81,3.62,development,clay,18.53,0
80.26,21.53,53.27,3.49,late,clay,3.81,0
37.28,34.2,74.89,2.72,mid_season,sandy,14.86,0
55.05,21.3,87.71,4.28,mid_season,loamy,7.24,0
44.72,29.62,84.8,5.35,development,clay,4.73,0
32.88,25.25,64.98,1.38,initial,sandy,8.25,0
86.32,35.61,85.72,4.11,late,loamy,16.02,0
74.52,36.23,73.77,3.41,development,sandy,0.47,0
58.18,36.85,49.71,4.81,late,sandy,6.22,0
72.1,22.45,47.42,6.28,mid_season,clay,11.33,0
60.47,22.38,49.31,3.09,late,clay,3.46,0
48.25,22.45,85.35,4.31,late,clay,8.13,0
53.63,31.29,64.82,2.86,mid_season,loamy,14.8,0
51.08,18.47,85.89,4.37,development,loamy,10.52,0
37.91,33.59,61.2,3.91,initial,sandy,2.36,0
65.34,28.74,44.36,0,initial,clay,0,0
34.06,26.06,73.84,5.03,initial,loamy,7.61,0
60.42,20.55,52.71,1.62,initial,loamy,3.57,0
57.15,22.18,81.83,4.63,development,sandy,18.25,0
60.19,36.95,80.76,2.07,development,loamy,12.15,0
17.95,22.94,67.9,4.11,late,loamy,4.68,0
49.13,21.08,47.9,3.25,development,sandy,3.73,0
85.08,30.15,41.85,0,mid_season,clay,0,0
75.53,23.48,46.47,5.92,initial,loamy,2.51,0
87.39,25.27,65.51,3.89,mid_season,clay,8.93,0
78.48,23.77,47.49,5.2,late,sandy,10.03,0
19.01,32.62,58.04,0,mid_season,loamy,0,1
55.32,32.94,71.43,4.17,initial,loamy,11.01,0
54.45,25.65,85.43,0,initial,sandy,0,0
56.61,24.39,65.68,5.98,mid_season,sandy,12.48,0
52.77,19.92,62.47,3.6,mid_season,loamy,0.95,0
5,31.5,67.2,3.52,mid_season,clay,5.73,0
58.07,32.47,63.21,5.87,late,clay,15.97,0
75.95,28.27,55.32,2.69,mid_season,clay,10.73,0
56.48,27.05,55.81,2.51,mid_season,sandy,6.42,0
79.81,20.75,59.35,6.05,mid_season,sandy,5.39,0
45.63,19.65,48.55,3.36,initial,clay,5.53,0
51.79,19.76,72.4,3.34,mid_season,clay,10.42,0
31.18,18.07,60.82,3.67,mid_season,clay,8.87,0
59.51,25.22,52.6,5.59,late,sandy,10.59,0
67.66,37.55,55.76,0,development,sandy,0,0
67.78,25.45,48.67,0,initial,clay,0,0
34.17,28.54,47.32,0,late,clay,0,1
95,32.06,74.5,0,initial,loamy,0,0
65.47,36.38,77.01,3.95,mid_season,sandy,19.09,0
80.16,23.19,85.79,3.51,late,clay,20.99,0
57.85,30.43,74.11,3.27,late,clay,8.52,0
28.71,19.35,64.64,5.99,mid_season,sandy,13.26,0
53.31,21.99,79.35,2.39,development,clay,17.68,0
95,24.18,54.64,3.48,mid_season,loamy,3.95,0
39.93,18.5,65.64,3.72,mid_season,loamy,9.83,0
56.75,21.04,76.55,4.11,mid_season,clay,9.53,0
62.85,37.76,75.69,5.18,initial,loamy,3.41,0
19.46,20.68,64.2,0,development,sandy,0,1
36.11,24.89,47.9,4.29,development,clay,4.16,0
57.52,25.45,63.04,0,development,clay,0,0
24.9,30.85,70.55,3.36,development,sandy,7.81,0
70.14,30.83,46.6,4.34,initial,clay,0.11,0
75.54,31.65,64.68,3.23,initial,clay,2.07,0
60.52,21.84,76.45,0,initial,clay,0,0
61.56,25.12,46.57,2.49,initial,sandy,16.79,0
58.99,21.65,79.22,0,late,sandy,0,1
66.74,20.98,65.67,3.53,development,sandy,6.73,0
47.88,23.59,85.09,0,late,loamy,0,1
55.8,27.4,49.74,6.17,initial,sandy,5.87,0
18.49,34.26,73.74,2.37,initial,loamy,6.99,0
71.27,26.17,88.67,2.93,late,sandy,4.53,0
49.3,19.16,84.35,2.47,mid_season,loamy,15.66,0
59.54,19.79,48.78,5.36,initial,sandy,1.21,0
45.0,27.21,46.06,2.49,late,clay,6.2,0
68.96,22.43,81.14,4.06,development,clay,24.3,0
61.16,19.72,59.67,0,development,clay,0,0
51.88,31.84,50.47,3.7,late,clay,11.46,0
68.76,21.36,59.64,5.06,development,loamy,15.84,0
31.77,24.21,44.66,0,mid_season,sandy,0,1
83.01,28.74,51.57,3.78,initial,sandy,2.31,0
55.94,37.58,43.9,0,initial,clay,0,0
37.49,30.79,48.95,3.97,late,loamy,7.55,0
51.71,18.78,53.2,0,mid_season,sandy,0,1
80.23,20.64,50.93,2.21,late,sandy,20.17,0
69.12,22.22,83.15,4.73,development,clay,1.55,0
68.06,32.52,53.22,0,late,sandy,0,0
95,22.14,73.43,0,initial,sandy,0,0
67.92,34.19,68.92,0,initial,loamy,0,0
76.09,22.4,87.79,5.66,initial,sandy,15.55,0
60.89,20.49,75.32,0,mid_season,clay,0,0
51.75,22.89,52.26,0,initial,sandy,0,0
68.66,21.14,57.03,2.18,mid_season,sandy,7.29,0
61.29,20.15,53.92,4.95,development,clay,4.56,0
48.24,33.83,49.41,5.79,initial,loamy,7.31,0
30.51,30.59,75.44,0,mid_season,clay,0,1
55.27,22.59,62.07,4.22,mid_season,sandy,22.01,0
75.06,35.19,58.02,0,late,sandy,0,0
57.05,22.27,89.02,4.25,mid_season,clay,13.19,0
45.3,34.92,52.57,4.4,initial,clay,0.9,0
53.19,26.78,51.05,3.98,mid_season,sandy,12.42,0
72.43,33.26,55.26,4.1,late,loamy,11.93,0
47.94,18.96,84.11,0,late,sandy,0,1
95,19.46,54.08,4.35,initial,loamy,9.4,0
36.24,33.06,87.05,2.54,mid_season,sandy,3.13,0
42.63,28.5,74.71,5.18,development,loamy,11.01,0
59.3,35.67,65.27,5.4,mid_season,clay,11.27,0
47.35,36.4,85.58,5.16,initial,sandy,5.17,0
66.39,33.09,55.61,4.22,initial,clay,12.92,0
39.17,35.7,54.16,5.76,late,clay,13.45,0
59.37,28.22,84.16,4.9,initial,sandy,13.17,0
46.97,24.67,57.94,4.4,development,loamy,6.14,0
61.68,30.25,46.35,3.0,late,sandy,0.53,0
68.45,27.57,77.37,3.92,mid_season,clay,8.98,0
23.88,32.79,59.92,5.28,mid_season,clay,10.93,0
50.02,30.23,61.64,5.25,initial,loamy,2.15,0
67.37,26.32,45.86,0,initial,clay,0,0
68.81,25.4,63.82,5.18,development,sandy,5.9,0
64.8,32.05,62.44,5.02,late,sandy,11.38,0
95,20.2,66.4,2.79,development,sandy,8.68,0
69.33,28.36,70.61,0,development,loamy,0,0
45.78,24.76,86.04,3.39,development,loamy,4.76,0
67.36,24.5,89.19,3.25,initial,sandy,6.52,0
74.54,34.93,55.37,3.18,development,sandy,18.73,0
62.16,36.31,79.79,4.35,late,loamy,13.28,0
47.62,33.26,80.43,2.98,late,clay,14.87,0
78.56,27.1,41.1,4.25,late,loamy,31.38,0
60.18,23.7,66.41,0,late,sandy,0,0
22.47,29.88,43.74,5.05,late,clay,6.8,0
68.15,36.46,60.42,4.39,mid_season,sandy,13.12,0
49.52,22.18,73.43,3.3,initial,clay,12.73,0
71.38,36.25,70.9,0,late,clay,0,0
22.1,34.1,56.48,2.48,development,loamy,0.47,0
41.25,37.39,66.13,3.65,mid_season,sandy,4.21,0
78.2,22.08,86.45,6.32,late,sandy,10.73,0
45.72,27.42,62.29,5.57,development,loamy,5.39,0
58.09,30.82,82.87,4.11,development,clay,12.12,0
38.12,23.04,50.9,4.89,mid_season,sandy,2.05,0
58.85,34.88,58.93,0,mid_season,sandy,0,1
58.68,27.63,53.4,5.09,initial,clay,1.14,0
48.56,28.14,54.1,4.37,development,clay,2.75,0
44.74,26.86,85.21,0,late,sandy,0,1
50.91,36.09,57.98,3.95,development,clay,9.63,0
82.14,27.69,73.11,3.17,mid_season,loamy,8.42,0
55.55,21.69,88.89,2.64,development,loamy,6.1,0
34.04,19.0,52.33,4.06,initial,sandy,4.09,0
53.41,21.08,86.01,2.85,development,clay,4.12,0
30.48,20.86,41.1,4.35,development,sandy,1.62,0
44.29,21.21,45.62,3.42,initial,clay,9.12,0
66.15,26.74,48.19,3.41,mid_season,sandy,8.64,0
53.25,28.75,81.21,4.52,initial,clay,0.31,0
48.14,29.83,50.18,3.15,mid_season,sandy,9.9,0
62.98,20.75,80.55,4.54,development,sandy,7.92,0
81.44,35.24,84.0,3.1,initial,sandy,0.64,0
54.09,27.04,56.24,2.89,initial,loamy,1.8,0
77.34,24.41,47.33,4.14,late,sandy,17.7,0
55.61,34.67,87.16,4.06,mid_season,clay,12.99,0
35.36,26.01,80.2,2.03,late,clay,7.86,0
27.86,19.66,68.63,5.84,mid_season,clay,16.5,0
33.63,32.28,89.23,4.87,development,sandy,6.03,0
34.53,26.4,77.59,3.83,mid_season,clay,16.52,0
68.97,36.22,78.41,3.58,development,sandy,11.11,0
19.94,36.72,87.03,3.04,initial,sandy,1.53,0
63.64,33.51,40.58,2.24,mid_season,sandy,1.74,0
59.45,29.06,70.5,4.92,development,sandy,13.09,0
84.95,25.8,48.7,2.35,mid_season,loamy,2.04,0
34.89,28.79,67.4,3.28,mid_season,sandy,27.7,0
25.96,32.45,50.79,5.03,initial,sandy,2.77,0
70.54,36.85,74.21,0,late,sandy,0,0
33.12,33.63,40.59,3.56,mid_season,loamy,12.14,0
42.47,28.08,88.54,1.36,initial,loamy,5.35,0
40.44,20.67,53.29,5.58,development,sandy,7.61,0
85.72,37.8,80.8,2.66,late,loamy,6.97,0
50.41,26.1,56.57,4.34,initial,sandy,5.89,0
61.37,32.35,80.95,3.45,development,loamy,13.05,0
51.7,37.08,47.17,3.85,initial,sandy,1.2,0
10.34,31.74,52.89,0,initial,clay,0,0
59.77,18.36,66.49,2.67,late,clay,6.47,0
23.85,32.1,82.99,0,initial,loamy,0,0
39.4,23.42,49.1,4.71,late,clay,4.96,0
55.66,29.74,73.91,4.52,development,loamy,3.72,0
9.02,20.95,48.38,0,late,loamy,0,1
45.0,35.4,43.69,4.61,development,sandy,12.92,0
48.1,22.64,59.89,3.92,late,clay,21.52,0
8.69,35.91,56.01,5.61,mid_season,clay,21.58,0
63.45,20.31,41.17,3.87,late,clay,7.17,0
68.68,25.31,76.2,5.27,development,sandy,14.93,0
68.24,33.7,59.5,0,development,clay,0,0
56.02,28.89,79.47,5.87,initial,clay,10.82,0
72.6,37.73,84.37,3.33,development,clay,11.02,0
59.75,30.07,46.46,4.76,late,sandy,2.83,0
62.44,28.42,61.85,2.82,mid_season,sandy,1.27,0
39.07,27.61,45.15,0,initial,loamy,0,0
42.2,21.08,89.31,5.1,late,clay,10.68,0
79.23,27.32,79.84,4.01,late,clay,3.97,0
36.08,22.1,82.29,3.79,initial,sandy,13.64,0
67.28,20.03,64.76,0,development,sandy,0,0
44.63,37.91,69.68,4.11,initial,sandy,12.44,0
31.65,30.37,82.13,4.22,initial,clay,4.96,0
33.23,27.59,58.39,0,late,loamy,0,1
53.48,29.84,87.04,3.68,initial,clay,8.06,0
59.14,36.44,77.31,0,late,loamy,0,0
56.68,22.58,83.31,0,mid_season,loamy,0,0
43.4,36.49,48.15,4.83,development,clay,9.71,0
78.16,26.75,62.67,4.1,development,clay,8.39,0
49.07,25.3,73.93,6.1,initial,clay,5.79,0
27.09,25.22,58.84,4.78,development,clay,6.89,0
35.12,36.25,64.38,3.6,late,sandy,6.18,0
23.81,25.17,76.22,3.49,late,sandy,14.94,0
49.01,26.27,54.71,3.69,development,clay,8.87,0
29.23,37.83,70.29,0,initial,clay,0,0
53.62,25.85,61.54,1.27,mid_season,clay,11.22,0
37.75,32.07,44.8,2.42,late,clay,18.18,0
29.36,32.94,67.05,4.45,development,sandy,17.54,0
61.98,32.38,59.97,4.31,development,clay,1.05,0
52.49,27.12,63.55,3.45,late,sandy,12.55,0
32.66,29.82,78.14,0,late,sandy,0,1
94.25,36.78,57.82,2.97,late,clay,8.3,0
69.97,29.99,56.33,4.05,mid_season,clay,15.1,0
57.1,26.02,63.8,5.31,development,sandy,7.54,0
73.79,20.08,42.92,3.54,mid_season,clay,14.98,0
31.48,27.45,83.37,4.66,initial,sandy,0.69,0
47.25,19.36,46.97,4.44,development,sandy,3.49,0
54.02,21.84,78.74,4.23,development,clay,10.63,0
43.58,30.88,88.15,3.83,initial,loamy,7.66,0
59.92,20.68,59.02,4.17,late,sandy,12.89,0
80.05,25.19,64.63,3.95,initial,clay,3.01,0
48.72,31.26,82.34,4.24,late,sandy,14.9,0
54.12,20.03,72.45,0,initial,loamy,0,0
28.01,19.01,86.97,3.49,late,loamy,10.48,0
63.24,23.35,63.12,4.16,initial,sandy,12.08,0
58.5,23.88,56.51,1.14,development,clay,13.85,0
40.93,21.61,46.53,4.14,development,clay,9.03,0
33.3,37.95,49.0,3.66,mid_season,clay,26.95,0
57.09,30.23,84.26,3.64,mid_season,loamy,18.62,0
52.88,33.16,60.33,3.7,initial,loamy,14.4,0
67.26,29.07,65.79,3.81,late,clay,2.96,0
53.92,30.01,84.11,4.66,late,sandy,10.69,0
57.69,37.04,85.16,0,development,sandy,0,1
43.83,29.41,61.64,4.13,late,clay,14.57,0
95,18.23,82.49,0,development,sandy,0,0
67.45,18.99,55.14,3.46,development,clay,14.28,0
43.71,24.33,62.61,5.79,late,sandy,6.17,0
65.52,32.76,66.04,3.93,late,clay,9.97,0
12.01,29.29,54.18,3.85,late,clay,23.74,0
63.97,31.62,67.21,0,development,sandy,0,0
41.89,34.46,40.48,4.49,mid_season,loamy,19.99,0
67.2,31.58,87.0,5.99,development,clay,21.94,0
38.95,33.63,63.93,6.94,initial,clay,20.12,0
95,36.58,62.83,0,development,sandy,0,0
95,20.72,50.82,4.09,initial,clay,7.71,0
47.98,37.17,74.17,0,initial,sandy,0,0
56.13,19.64,52.67,3.49,late,sandy,11.98,0
47.01,33.16,42.94,3.19,mid_season,loamy,12.54,0
50.69,20.55,79.6,3.93,mid_season,sandy,12.32,0
88.7,30.54,42.93,5.44,development,sandy,12.71,0
56.56,21.54,67.08,5.4,development,loamy,0.96,0
39.83,20.58,58.58,6.25,mid_season,clay,6.35,0
47.09,33.93,72.96,3.14,development,loamy,16.52,0
32.43,34.07,80.75,3.66,initial,loamy,0.24,0
87.86,35.53,71.02,3.05,mid_season,clay,13.38,0
35.73,28.11,64.79,0,initial,clay,0,0
65.28,33.65,61.75,5.61,initial,clay,14.9,0
44.04,32.58,83.48,5.27,late,loamy,9.62,0
68.86,24.85,61.26,5.66,development,loamy,6.23,0
47.88,36.09,66.77,5.1,initial,clay,4.27,0
45.98,37.48,61.13,3.99,late,loamy,18.59,0
80.83,21.39,50.08,5.18,mid_season,loamy,9.46,0
17.11,37.73,73.35,4.16,initial,clay,6.72,0
60.51,33.26,78.84,0.9,mid_season,loamy,7.1,0
65.82,22.83,74.07,4.36,late,loamy,0.45,0
40.61,23.08,64.78,0,development,sandy,0,1
69.7,27.46,40.79,3.76,mid_season,loamy,26.19,0
55.06,37.15,78.99,3.91,initial,loamy,7.07,0
72.07,36.3,70.56,4.3,development,sandy,10.82,0
51.31,20.92,74.93,4.54,development,sandy,6.85,0
66.58,32.78,79.52,4.09,late,sandy,8.19,0
88.11,21.37,41.98,4.8,late,clay,8.83,0
55.2,23.26,82.06,2.51,mid_season,loamy,8.22,0
58.06,27.53,58.3,4.49,development,loamy,5.64,0
95,19.56,43.33,4.36,development,clay,3.73,0
55.11,25.96,40.2,2.19,development,loamy,2.68,0
75.66,33.67,43.02,3.49,initial,sandy,8.16,0
69.72,26.97,62.54,5.39,mid_season,loamy,5.15,0
59.33,21.23,71.1,4.24,development,sandy,7.75,0
31.9,20.43,44.48,6.07,initial,clay,19.61,0
39.41,18.82,79.76,5.66,development,loamy,14.0,0
76.81,19.85,61.77,5.24,initial,clay,2.87,0
35.08,34.58,48.8,4.05,late,sandy,2.37,0
67.6,29.05,51.63,2.6,development,sandy,8.56,0
54.27,37.49,85.92,0,initial,clay,0,0
60.24,33.38,60.87,3.76,initial,clay,13.15,0
40.91,18.2,44.0,4.27,development,loamy,3.24,0
58.68,21.62,54.25,2.8,late,clay,12.51,0
85.69,18.3,55.23,0,late,sandy,0,0
65.11,24.66,49.48,4.05,mid_season,clay,11.62,0
27.09,19.19,88.69,4.57,initial,sandy,4.93,0
46.17,34.49,69.12,4.03,mid_season,clay,10.66,0
53.35,35.2,61.14,3.81,late,loamy,8.32,0
12.61,20.71,83.28,3.91,mid_season,clay,17.02,0
47.98,23.58,48.24,2.9,development,loamy,6.23,0
50.7,21.52,56.78,5.77,development,sandy,14.21,0
70.33,19.58,44.81,0,late,clay,0,0
60.74,18.39,44.01,4.44,development,loamy,9.98,0
54.03,18.5,55.8,3.64,development,sandy,5.17,0
48.51,20.21,64.56,3.77,development,loamy,2.65,0
64.79,29.94,65.79,0,mid_season,loamy,0,0
42.84,21.95,66.96,3.53,mid_season,loamy,4.67,0
92.62,26.52,88.49,4.2,mid_season,clay,16.56,0
50.16,26.07,76.73,5.15,initial,loamy,4.8,0
76.74,27.65,83.17,3.61,initial,loamy,11.01,0
44.31,21.94,72.85,4.1,mid_season,sandy,11.87,0
59.95,23.86,55.01,2.03,development,sandy,9.5,0
75.32,27.06,85.85,4.82,development,loamy,5.32,0
42.76,35.08,69.32,3.68,mid_season,sandy,16.85,0
49.95,22.27,67.26,0,development,sandy,0,1
59.26,20.9,76.38,3.99,mid_season,clay,21.72,0
51.1,37.04,52.21,4.88,late,sandy,3.99,0
53.46,29.66,64.51,1.81,late,sandy,1.68,0
61.1,29.28,79.58,3.62,initial,loamy,7.62,0
67.38,22.34,85.65,0,initial,loamy,0,0
78.48,37.91,85.51,0.96,mid_season,sandy,7.36,0
79.89,20.88,75.57,5.2,mid_season,sandy,10.83,0
57.29,25.55,75.54,3.5,development,loamy,4.39,0
87.48,23.81,70.55,5.41,development,sandy,3.0,0
40.74,37.8,67.28,1.71,development,loamy,14.34,0
90.61,32.22,69.1,0,initial,clay,0,0
57.79,33.2,66.07,4.39,late,sandy,3.21,0
38.89,21.44,40.38,3.4,late,loamy,9.53,0
28.11,30.07,81.53,4.18,initial,loamy,0.55,0
57.87,34.33,57.26,5.12,mid_season,clay,9.6,0
54.74,27.9,43.92,1.92,mid_season,clay,20.5,0
40.48,34.56,81.35,3.73,initial,clay,1.04,0
52.31,37.48,82.84,4.47,development,loamy,10.59,0
36.98,20.1,40.14,4.46,mid_season,clay,5.35,0
56.37,26.35,49.03,3.71,late,sandy,1.8,0
55.25,32.87,56.66,0,initial,clay,0,0
56.25,27.17,69.64,2.76,late,sandy,3.36,0
54.12,33.51,43.28,4.3,development,clay,5.3,0
82.26,26.5,68.51,4.88,mid_season,loamy,11.23,0
66.67,30.36,64.45,5.61,late,clay,9.86,0
70.78,26.93,87.79,3.59,mid_season,sandy,4.24,0
63.35,25.26,55.86,0.03,development,clay,3.3,0
57.33,26.18,54.83,3.59,initial,loamy,12.52,0
66.75,34.14,70.56,5.09,mid_season,loamy,6.74,0
59.37,37.03,51.94,4.25,initial,loamy,5.24,0
47.33,36.83,45.62,0,late,sandy,0,1
48.39,20.52,61.2,3.53,late,loamy,0.53,0
58.8,18.54,77.73,0,late,loamy,0,0
36.97,35.35,78.81,4.4,mid_season,sandy,2.66,0
71.59,36.09,55.43,4.72,initial,sandy,7.27,0
35.75,29.83,73.41,4.49,mid_season,loamy,10.82,0
44.64,32.11,76.43,1.22,initial,clay,6.57,0
87.87,21.99,64.55,4.36,initial,sandy,6.15,0
61.75,30.26,71.03,0,mid_season,sandy,0,0
89.56,25.7,66.6,4.76,development,sandy,10.45,0
74.19,24.99,46.63,4.74,initial,loamy,4.66,0
48.06,25.87,67.25,3.93,development,sandy,8.92,0
38.69,24.86,88.57,0,initial,clay,0,0
66.11,33.43,51.01,5.32,initial,clay,9.45,0
46.34,18.16,89.24,4.91,mid_season,sandy,10.88,0
61.98,19.08,75.62,0,initial,sandy,0,0
69.04,31.44,74.55,3.67,mid_season,clay,2.45,0
68.36,32.99,57.63,3.29,mid_season,clay,24.1,0
51.8,26.01,74.98,3.26,development,clay,12.06,0
26.66,21.86,69.07,0,mid_season,loamy,0,1
53.08,26.21,57.25,5.09,mid_season,clay,8.95,0
19.28,24.99,60.09,3.77,development,loamy,10.09,0
42.74,27.98,85.49,5.05,late,clay,10.1,0
42.67,19.5,81.85,4.02,development,clay,16.73,0
44.46,34.17,86.55,4.02,initial,clay,7.06,0
54.93,23.39,81.5,0,initial,loamy,0,0
56.56,18.67,40.12,3.78,mid_season,clay,10.06,0
48.26,35.87,47.74,2.56,development,sandy,6.98,0
12.0,20.8,64.33,4.1,development,loamy,6.99,0
45.36,20.88,58.36,4.7,development,loamy,3.06,0
49.61,34.06,45.83,0,initial,loamy,0,0
59.82,29.86,71.76,1.53,initial,sandy,1.59,0
63.2,36.95,74.96,0,initial,loamy,0,0
16.42,19.04,66.4,0,initial,sandy,0,0
35.2,32.94,78.02,6.1,mid_season,sandy,10.73,0
71.79,28.81,61.2,3.13,initial,loamy,4.57,0
44.55,29.16,76.34,3.89,mid_season,loamy,10.46,0
65.02,23.77,62.98,3.45,initial,loamy,2.67,0
63.25,26.96,44.2,5.25,development,sandy,2.41,0
67.34,20.42,61.94,3.99,mid_season,sandy,9.89,0
57.99,30.04,43.53,3.98,late,clay,15.95,0
50.97,20.03,54.63,5.13,initial,loamy,4.3,0
49.98,36.25,77.41,5.6,initial,loamy,7.68,0
56.9,28.87,58.19,5.8,late,clay,10.53,0
35.92,21.47,78.08,4.39,late,clay,11.7,0
72.03,20.42,69.24,2.1,initial,loamy,12.61,0
60.57,22.07,44.38,3.64,late,clay,5.12,0
46.55,35.11,57.07,3.07,development,loamy,18.57,0
37.21,31.95,42.63,3.54,mid_season,clay,8.2,0
16.91,22.94,88.36,2.79,development,sandy,4.02,0
57.37,34.22,50.7,3.04,mid_season,clay,2.78,0
95,26.26,67.08,4.79,late,sandy,12.78,0
49.84,22.73,83.05,5.15,initial,clay,2.95,0
69.21,23.67,49.68,4.12,development,clay,6.9,0
69.03,28.21,89.94,5.8,late,loamy,5.41,0
54.48,23.68,82.92,4.37,initial,loamy,3.67,0
62.54,31.31,54.77,5.56,late,sandy,15.06,0
46.45,25.28,66.61,2.92,initial,sandy,7.97,0
90.84,21.29,57.42,3.33,development,clay,5.01,0
41.67,35.8,67.23,4.27,mid_season,sandy,7.78,0
41.77,30.74,74.5,3.31,development,loamy,16.23,0
34.24,28.16,81.4,4.36,mid_season,loamy,14.26,0
70.69,28.52,88.19,4.97,late,sandy,11.47,0
21.43,26.31,70.2,3.36,mid_season,clay,11.32,0
61.99,20.56,50.12,4.66,late,loamy,13.29,0
79.29,27.22,55.53,2.11,development,clay,18.02,0
45.82,34.6,59.4,3.21,initial,clay,5.26,0
71.25,22.93,50.1,0,initial,clay,0,0
47.82,23.81,44.92,0,mid_season,clay,0,0
86.61,18.72,61.29,2.43,initial,clay,7.99,0
64.57,36.91,68.72,0,development,clay,0,0
85.71,26.57,66.64,4.37,late,sandy,2.6,0
28.07,35.21,48.38,3.76,mid_season,sandy,18.71,0
12.74,35.65,79.78,4.49,mid_season,loamy,6.2,0
62.67,35.83,89.95,3.89,initial,loamy,8.49,0
45.31,31.59,82.6,5.14,mid_season,sandy,17.94,0
29.76,36.06,87.5,4.7,mid_season,clay,7.62,0
59.02,20.33,83.82,5.33,development,clay,5.5,0
20.78,35.3,78.43,4.84,late,loamy,1.26,0
59.34,31.58,84.35,3.04,development,clay,3.2,0
40.73,35.39,53.69,0,mid_season,loamy,0,1
50.3,25.0,50.26,3.46,development,loamy,6.37,0
44.28,33.57,40.39,3.67,development,loamy,7.2,0
52.17,25.41,73.66,4.77,development,clay,15.65,0
59.11,37.52,52.2,0,development,sandy,0,1
70.74,25.0,47.28,1.34,mid_season,clay,10.25,0
58.3,25.97,52.11,3.64,initial,clay,8.51,0
45.27,21.08,82.19,0,development,sandy,0,1
43.52,34.08,60.65,0,initial,loamy,0,0
35.98,25.61,56.51,0,initial,loamy,0,0
66.35,24.97,53.1,3.99,development,sandy,1.55,0
50.83,29.8,78.56,2.66,development,clay,16.38,0
70.74,28.56,54.04,2.93,development,loamy,8.95,0
79.74,27.23,44.8,4.06,development,loamy,14.74,0
88.72,25.71,49.93,4.45,development,loamy,13.54,0
69.71,18.07,65.09,3.23,mid_season,loamy,15.71,0
31.53,27.02,58.57,0,mid_season,sandy,0,1
60.16,19.43,51.44,3.44,development,clay,7.93,0
30.66,28.37,79.8,1.9,initial,clay,3.3,0
68.75,34.25,87.46,3.06,late,loamy,3.8,0
59.57,31.9,43.62,2.26,mid_season,loamy,4.02,0
40.14,31.74,62.33,3.55,development,sandy,17.65,0
82.68,32.35,70.83,3.45,initial,loamy,8.57,0
30.01,31.79,86.93,0,late,loamy,0,1
14.5,34.06,52.03,2.44,development,sandy,2.73,0
45.8,21.49,61.66,2.57,mid_season,sandy,4.24,0
88.99,21.84,64.93,4.03,initial,clay,17.0,0
38.26,24.83,66.83,3.5,mid_season,sandy,6.76,0
51.98,34.94,77.82,4.09,development,clay,4.39,0
36.04,24.73,79.39,2.54,initial,loamy,4.47,0
43.26,25.23,77.13,5.07,development,clay,16.43,0
58.04,19.89,51.74,4.45,mid_season,loamy,9.03,0
57.27,24.92,71.32,4.05,development,clay,14.86,0
55.82,36.37,56.4,0,development,sandy,0,1
58.03,26.14,67.84,0,initial,loamy,0,0
33.38,37.5,63.81,3.17,late,loamy,10.14,0
48.05,25.34,67.06,0,mid_season,sandy,0,1
37.31,36.1,68.26,1.68,mid_season,clay,12.9,0
72.79,29.73,71.19,2.33,development,sandy,10.33,0
46.18,25.36,50.01,3.77,development,clay,3.38,0
48.72,30.51,56.8,4.33,late,clay,14.72,0
36.51,20.38,52.87,0,late,loamy,0,1
79.13,37.48,87.2,4.98,late,sandy,5.65,0
58.57,25.24,81.08,0,initial,clay,0,0
39.16,20.76,83.65,4.59,development,loamy,0.46,0
46.41,32.98,69.51,4.37,initial,sandy,4.27,0
62.49,33.23,44.44,3.89,mid_season,loamy,3.74,0
66.43,29.61,71.38,4.2,late,loamy,3.26,0
37.78,34.05,63.24,4.79,initial,sandy,0.85,0
56.55,31.44,47.37,4.57,development,clay,15.83,0
77.02,34.57,65.86,5.43,mid_season,clay,9.51,0
34.49,21.34,62.28,4.64,development,loamy,16.24,0
41.52,33.56,45.54,4.55,mid_season,loamy,14.98,0
27.28,21.33,68.77,4.9,mid_season,clay,14.08,0
53.31,35.05,87.78,5.33,mid_season,clay,18.48,0
81.96,37.58,74.27,3.52,mid_season,clay,20.17,0
15.94,20.71,82.28,3.29,initial,loamy,5.92,0
37.39,27.91,85.21,4.46,late,sandy,16.92,0
83.11,25.8,47.31,4.25,initial,clay,0.33,0
41.75,27.65,43.63,4.09,mid_season,clay,9.13,0
37.4,33.67,58.49,2.56,development,sandy,14.9,0
51.26,31.04,78.28,3.71,late,loamy,8.22,0
63.83,37.96,68.03,4.12,late,sandy,1.7,0
63.83,23.74,55.24,0,mid_season,sandy,0,0
44.6,33.36,51.28,4.84,late,loamy,7.74,0
52.5,19.15,42.12,0,development,sandy,0,1
27.06,35.28,71.32,2.64,late,sandy,2.12,0
57.65,32.91,88.52,5.27,mid_season,loamy,6.54,0
8.91,36.06,55.04,3.37,initial,loamy,1.58,0
40.88,26.42,68.08,4.24,mid_season,sandy,2.4,0
60.04,25.15,41.92,2.96,development,sandy,5.1,0
29.78,23.63,73.39,5.72,development,sandy,12.69,0
95,27.56,51.53,2.2,development,clay,7.53,0
14.98,22.37,85.3,4.21,late,sandy,11.11,0
74.21,37.59,42.45,0,mid_season,sandy,0,0
71.09,25.12,57.56,3.27,late,loamy,11.55,0
27.39,27.46,52.93,5.43,mid_season,sandy,9.44,0
82.41,26.98,86.51,2.39,initial,sandy,10.34,0
84.24,36.67,51.35,4.0,late,loamy,9.37,0
60.65,23.64,51.16,4.22,late,clay,9.69,0
75.92,35.94,47.62,2.99,mid_season,clay,12.49,0
56.93,20.65,58.55,5.54,mid_season,sandy,2.61,0
95,19.5,57.1,5.21,mid_season,clay,11.35,0
95,28.76,52.47,4.36,mid_season,clay,12.96,0
57.07,23.85,76.24,5.13,mid_season,sandy,4.0,0
44.47,30.01,79.83,4.13,initial,loamy,7.31,0
66.82,21.27,68.89,4.41,late,clay,1.77,0
67.58,23.27,81.75,2.3,initial,sandy,4.5,0
66.23,19.4,82.71,3.89,late,sandy,1.57,0
79.88,31.58,88.57,3.85,development,sandy,5.32,0
63.49,26.83,79.96,5.58,development,loamy,6.45,0
59.84,32.26,64.38,0,initial,sandy,0,0
45.15,37.13,51.51,4.73,development,loamy,1.54,0
27.44,34.0,77.79,5.29,late,clay,6.63,0
54.25,29.1,66.12,2.32,mid_season,loamy,10.41,0
34.97,34.51,64.69,0,development,loamy,0,1
46.83,27.67,84.94,3.53,development,clay,10.52,0
58.4,28.01,84.59,4.84,late,sandy,1.27,0
17.12,18.06,81.33,4.05,development,clay,11.55,0
61.63,24.68,48.42,2.88,mid_season,clay,15.81,0
82.39,20.39,78.89,0,initial,loamy,0,0
58.4,30.74,60.63,0,development,sandy,0,1
48.29,20.01,47.62,3.9,mid_season,loamy,9.18,0
45.8,35.1,53.89,3.95,late,clay,2.6,0
67.31,19.83,66.56,4.61,initial,loamy,5.64,0
57.78,34.56,44.58,4.2,initial,loamy,3.18,0
42.45,23.73,72.17,4.73,initial,loamy,9.78,0
29.42,22.74,49.62,0,initial,sandy,0,0
50.61,36.6,76.59,3.67,mid_season,loamy,8.0,0
77.55,37.46,76.14,0,development,sandy,0,0
27.61,25.66,71.68,4.87,initial,sandy,16.07,0
52.06,21.52,68.39,2.71,late,loamy,13.32,0
35.95,37.92,52.42,2.1,development,sandy,12.81,0
58.73,22.73,61.31,4.51,late,sandy,8.68,0
64.33,19.34,62.67,3.89,late,clay,15.31,0
74.14,19.5,65.27,4.03,late,clay,13.06,0
41.16,25.19,43.01,0,late,loamy,0,1
66.61,25.59,58.77,2.6,development,loamy,3.12,0
44.07,24.64,53.97,3.55,late,clay,7.44,0
51.7,29.0,79.06,5.26,mid_season,loamy,7.17,0
69.8,25.56,69.57,4.5,mid_season,clay,14.33,0
58.7,25.55,78.89,0.16,mid_season,loamy,4.35,0
59.63,33.42,40.6,2.53,development,loamy,1.31,0
67.41,18.19,65.77,5.16,initial,clay,3.61,0
36.93,22.51,68.76,2.25,mid_season,loamy,7.9,0
75.06,32.95,84.74,4.54,mid_season,clay,9.44,0
57.15,30.65,42.78,4.77,mid_season,clay,17.56,0
44.25,32.76,42.75,6.92,late,loamy,6.39,0
50.39,27.97,43.3,3.42,development,loamy,6.76,0
68.27,21.19,66.75,5.04,initial,loamy,9.19,0
66.01,21.68,62.35,5.59,initial,sandy,10.9,0
27.46,20.91,71.96,4.68,mid_season,clay,15.37,0
37.14,34.08,40.69,0,initial,clay,0,1
50.93,18.65,49.34,5.28,development,loamy,10.57,0
5,29.27,83.94,4.87,mid_season,sandy,14.57,0
60.41,25.81,73.01,4.44,development,sandy,13.16,0
76.48,37.61,51.82,4.23,late,clay,13.59,0
46.18,34.28,48.68,3.48,mid_season,sandy,8.09,0
50.73,31.46,86.52,5.86,mid_season,sandy,9.75,0
64.29,27.07,41.58,0,initial,clay,0,0
33.41,25.86,70.21,3.32,late,clay,9.31,0
88.57,29.03,42.69,4.22,mid_season,clay,3.44,0
42.58,21.93,49.93,3.15,development,clay,8.13,0
67.92,20.02,74.61,4.4,development,sandy,6.76,0
53.01,20.15,73.35,5.25,initial,sandy,0.52,0
46.1,19.94,84.83,6.11,development,loamy,7.04,0
81.84,26.86,61.62,2.57,late,sandy,1.69,0
72.49,36.44,71.6,0,development,sandy,0,0
52.88,25.09,69.93,3.55,late,loamy,7.15,0
58.88,32.4,55.15,4.25,development,clay,16.04,0
63.25,29.35,53.33,2.41,late,loamy,5.28,0
52.58,36.1,69.16,0,initial,sandy,0,0
51.54,19.77,85.5,5.61,initial,sandy,0.43,0
65.16,28.74,52.75,3.93,initial,loamy,15.7,0
42.78,36.41,72.63,3.61,mid_season,sandy,10.24,0
77.3,24.8,71.44,1.52,initial,loamy,0.31,0
38.82,30.5,62.49,4.82,mid_season,clay,14.14,0
33.43,19.39,69.93,5.21,mid_season,loamy,15.41,0
92.47,37.52,51.8,3.13,late,clay,18.12,0
15.79,31.67,87.24,5.13,late,sandy,7.4,0
44.42,22.77,51.11,0,initial,loamy,0,0
33.63,29.99,86.97,0,development,sandy,0,1
60.54,26.6,54.06,4.19,initial,clay,8.71,0
59.31,30.43,47.67,4.66,late,loamy,13.23,0
57.8,33.37,67.18,0,initial,loamy,0,0
47.87,22.73,80.75,3.3,development,clay,4.85,0
40.81,35.35,68.79,5.21,initial,clay,6.93,0
34.39,31.92,55.95,4.15,initial,loamy,6.77,0
40.98,20.16,45.32,4.49,development,clay,12.74,0
49.68,35.19,52.98,3.41,mid_season,clay,9.89,0
79.47,26.0,50.23,4.06,mid_season,clay,11.88,0
34.48,25.0,52.56,2.84,initial,sandy,1.35,0
95,29.16,44.36,4.15,late,loamy,3.04,0
47.56,25.46,64.42,4.81,development,loamy,9.97,0
48.62,25.57,43.09,3.91,development,clay,12.19,0
36.72,36.56,77.5,0,mid_season,clay,0,1
48.8,23.54,63.91,2.68,development,clay,8.03,0
37.83,35.8,70.75,0,mid_season,loamy,0,1
48.93,20.71,46.84,5.06,late,loamy,14.66,0
66.78,22.67,62.88,4.71,development,clay,10.94,0
41.26,34.21,88.52,4.15,mid_season,loamy,9.96,0
43.38,22.76,65.29,1.83,late,clay,10.43,0
33.8,20.02,63.33,0,initial,loamy,0,0
42.89,20.63,68.7,5.55,development,sandy,5.81,0
31.54,26.13,62.69,3.52,initial,loamy,5.4,0
48.83,29.64,79.92,2.06,development,clay,8.29,0
21.46,36.64,48.04,0,late,sandy,0,1
58.97,33.58,72.83,4.77,development,clay,20.19,0
45.66,19.94,84.23,0,development,clay,0,0
38.3,27.6,49.22,0,mid_season,loamy,0,1
62.15,22.03,51.13,0,mid_season,clay,0,0
38.94,26.01,67.76,4.58,mid_season,sandy,17.85,0
89.71,32.46,63.14,1.5,development,loamy,24.08,0
50.48,30.71,40.45,2.71,late,clay,12.82,0
43.08,18.94,81.47,4.3,initial,clay,8.37,0
43.43,34.6,67.91,3.92,development,clay,7.27,0
59.47,28.93,69.19,3.95,late,loamy,16.43,0
52.27,32.25,50.19,3.9,development,loamy,11.64,0
35.87,36.23,65.61,4.05,mid_season,clay,0.28,0
32.88,23.8,75.55,6.54,mid_season,clay,5.28,0
63.06,25.31,63.92,3.29,mid_season,loamy,28.1,0
59.84,23.52,42.21,0,initial,clay,0,0
64.67,25.75,41.48,3.57,late,loamy,6.2,0
55.68,18.64,44.16,3.88,late,loamy,8.35,0
43.17,27.07,53.64,4.39,mid_season,clay,11.17,0
53.7,37.73,49.06,2.59,development,clay,2.36,0
56.86,22.14,42.42,2.91,late,loamy,8.74,0
74.11,25.98,84.97,4.21,late,loamy,1.03,0
28.82,31.87,40.3,6.92,mid_season,sandy,3.4,0
39.14,28.69,62.28,4.35,mid_season,sandy,4.94,0
64.55,32.96,46.63,4.07,development,clay,4.63,0
62.77,37.89,74.37,3.6,development,loamy,0.03,0
75.48,18.83,51.72,0,late,sandy,0,0
47.95,29.57,84.31,0,development,sandy,0,1
86.74,31.68,60.65,3.14,development,loamy,10.3,0
47.65,29.51,48.61,3.52,development,loamy,0.09,0
54.25,28.47,83.25,0,initial,clay,0,0
22.96,35.2,45.39,0,development,loamy,0,1
63.3,32.82,60.62,4.33,initial,loamy,7.05,0
30.99,37.32,51.78,5.05,development,loamy,7.75,0
35.58,30.11,47.98,0,initial,loamy,0,0
46.99,19.1,82.58,3.36,development,clay,9.09,0
51.97,26.23,58.36,4.02,initial,loamy,3.38,0
76.41,27.63,50.68,5.09,late,sandy,5.78,0
72.41,29.94,71.84,4.36,development,sandy,4.74,0
42.97,25.61,44.18,2.94,initial,loamy,6.06,0
44.83,29.44,63.77,3.0,initial,clay,5.12,0
5,34.24,70.49,2.5,late,sandy,12.1,0
52.53,31.35,49.5,0,development,clay,0,0
59.65,21.16,44.83,2.91,mid_season,clay,10.86,0
28.37,37.53,88.02,5.77,mid_season,loamy,25.36,0
34.65,31.11,49.31,6.57,mid_season,clay,15.95,0
54.58,28.98,44.41,0,mid_season,sandy,0,1
60.19,24.37,50.62,0,late,sandy,0,0
69.19,31.57,41.04,3.5,mid_season,clay,11.0,0
58.4,21.84,43.65,0,late,clay,0,0
70.38,20.09,85.44,3.63,late,clay,3.75,0
36.84,25.81,50.52,3.52,mid_season,clay,1.08,0
38.41,18.71,79.97,2.87,mid_season,loamy,10.67,0
22.83,31.89,54.04,0,initial,clay,0,0
71.25,35.35,63.34,5.75,mid_season,sandy,11.38,0
48.14,31.0,47.06,0,initial,loamy,0,0
42.43,36.81,66.83,3.93,initial,clay,23.11,0
27.33,23.11,84.02,3.07,development,clay,3.83,0
95,22.73,55.49,0,late,sandy,0,0
53.25,26.72,75.71,3.66,mid_season,sandy,8.31,0
23.14,35.34,63.43,2.88,late,loamy,7.24,0
54.87,28.61,51.93,5.13,initial,sandy,8.15,0
29.29,26.74,68.02,3.8,late,clay,9.11,0
59.69,30.32,81.87,0,initial,sandy,0,0
25.0,24.89,48.31,4.9,initial,loamy,4.42,0
55.87,26.8,50.1,4.72,late,clay,13.59,0
57.88,21.87,72.78,2.73,mid_season,clay,11.46,0
56.72,19.85,82.26,4.06,development,clay,1.2,0
70.24,36.79,60.52,5.83,initial,loamy,13.48,0
67.46,23.62,57.36,3.88,late,clay,10.66,0
20.32,24.37,52.22,3.36,development,loamy,7.01,0
57.74,19.9,48.51,5.18,development,sandy,9.45,0
44.5,20.74,54.32,0,initial,loamy,0,0
62.32,25.92,86.24,4.34,development,clay,2.99,0
22.19,20.83,58.75,1.57,late,sandy,5.1,0
51.81,36.17,84.17,3.2,late,clay,9.13,0
70.01,26.92,82.94,3.83,initial,loamy,7.58,0
22.94,37.92,67.59,3.62,mid_season,sandy,6.65,0
78.77,37.66,54.34,2.77,mid_season,loamy,0.09,0
43.96,29.55,66.58,3.61,mid_season,loamy,7.07,0
52.12,19.19,74.89,0,mid_season,sandy,0,1
66.37,18.08,82.7,4.25,initial,sandy,2.69,0
32.5,27.39,53.73,4.65,late,loamy,11.92,0
66.16,18.17,41.45,0,development,clay,0,0
45.19,29.78,74.83,5.26,late,sandy,6.04,0
22.41,22.56,40.45,3.88,late,loamy,11.41,0
69.66,27.94,59.85,0,late,loamy,0,0
29.24,23.24,80.95,2.63,initial,clay,19.0,0
41.19,20.09,55.92,4.37,development,clay,8.63,0
59.41,30.79,62.38,1.56,late,clay,15.4,0
76.36,32.07,76.62,3.44,development,sandy,14.48,0
30.86,32.27,65.27,5.83,initial,clay,12.2,0
58.65,21.68,69.66,0,initial,sandy,0,0
22.86,35.11,79.55,5.02,initial,loamy,5.46,0
54.46,21.07,73.5,4.98,mid_season,loamy,5.13,0
49.3,27.44,67.03,4.88,late,sandy,13.14,0
95,28.8,47.39,6.12,mid_season,loamy,2.4,0
40.09,22.23,66.76,6.41,late,sandy,5.91,0
77.36,20.11,80.32,3.75,development,sandy,3.87,0
39.7,34.29,64.09,3.28,initial,sandy,15.46,0
82.14,29.18,59.82,1.01,mid_season,loamy,6.49,0
42.81,31.43,66.05,6.33,initial,sandy,12.13,0
53.78,32.73,58.84,3.68,mid_season,loamy,6.39,0
48.8,22.23,87.65,0,late,sandy,0,1
69.6,32.47,80.01,3.62,development,loamy,7.88,0
58.65,31.53,69.33,0,late,loamy,0,0
60.14,31.84,52.19,1.25,development,clay,16.28,0
81.18,32.29,48.61,2.78,late,sandy,10.15,0
63.29,25.87,59.07,5.2,initial,sandy,12.53,0
60.57,20.36,46.03,4.77,mid_season,loamy,7.6,0
91.31,25.75,60.13,3.87,mid_season,loamy,2.32,0
75.92,26.18,60.28,4.07,late,loamy,2.03,0
65.76,19.17,79.7,3.33,initial,sandy,9.86,0
82.91,28.45,53.5,5.02,late,loamy,3.12,0
66.92,29.37,49.3,3.09,development,loamy,21.62,0
39.53,23.32,63.4,4.95,initial,clay,12.92,0
79.77,24.77,46.65,3.28,mid_season,sandy,10.35,0
74.97,27.0,79.39,3.68,mid_season,loamy,1.51,0
51.28,22.72,51.35,3.84,initial,sandy,5.63,0
43.36,35.97,82.71,3.11,mid_season,loamy,10.13,0
55.59,20.17,57.24,4.42,initial,clay,12.33,0
44.55,24.65,79.57,3.68,late,sandy,19.07,0
58.57,32.68,48.3,5.34,late,sandy,6.25,0
68.08,30.32,82.09,3.18,mid_season,loamy,10.69,0
56.52,26.42,42.51,3.29,late,sandy,3.46,0
44.97,21.18,52.85,0,initial,loamy,0,0
62.8,30.65,80.43,3.23,mid_season,loamy,4.51,0
71.0,29.72,83.99,4.09,late,clay,3.81,0
40.65,21.02,77.88,4.21,late,clay,17.17,0
40.62,29.47,50.71,4.11,mid_season,clay,17.01,0
49.75,30.35,71.4,2.99,mid_season,loamy,3.87,0
86.69,30.07,50.04,4.35,mid_season,sandy,6.82,0
70.04,19.67,51.99,3.35,mid_season,sandy,6.68,0
47.12,20.41,67.0,5.55,mid_season,loamy,6.13,0
65.54,34.64,55.84,3.23,late,loamy,2.85,0
41.08,18.37,41.74,0,initial,loamy,0,0
60.45,35.13,79.12,4.33,initial,sandy,14.7,0
28.92,26.93,72.51,3.62,initial,sandy,3.41,0
45.73,30.34,48.09,4.17,initial,clay,14.06,0
57.93,21.9,63.22,4.35,development,clay,3.47,0
50.03,34.54,57.22,0,development,sandy,0,1
58.63,23.94,44.33,3.86,mid_season,clay,21.85,0
45.1,23.99,41.19,5.24,development,sandy,6.66,0
36.35,22.16,59.34,3.59,mid_season,sandy,6.36,0
66.03,22.59,51.89,3.96,initial,sandy,8.53,0
77.99,28.21,58.46,4.35,initial,loamy,8.91,0
72.69,23.96,43.06,6.16,late,loamy,13.93,0
54.46,25.74,62.65,5.01,initial,loamy,5.19,0
95,18.47,51.64,3.1,late,sandy,11.27,0
68.7,29.38,56.99,5.21,initial,sandy,10.65,0
18.3,22.65,73.74,4.74,development,sandy,18.82,0
48.42,34.65,84.06,1.5,mid_season,sandy,14.59,0
28.46,28.66,70.79,4.13,initial,sandy,18.6,0
54.96,26.55,43.5,3.37,late,sandy,7.25,0
56.63,27.18,58.14,2.97,initial,loamy,1.07,0
57.42,19.35,75.65,2.99,mid_season,loamy,2.21,0
48.92,29.06,52.76,3.39,development,sandy,12.22,0
41.81,21.25,42.37,0,initial,sandy,0,0
71.1,26.16,44.45,3.05,initial,loamy,13.48,0
58.62,30.42,69.24,4.99,mid_season,loamy,9.92,0
68.83,19.31,79.38,2.67,development,loamy,14.67,0
37.55,20.51,64.11,4.4,initial,clay,15.09,0
65.8,21.29,72.82,4.05,late,sandy,1.98,0
69.51,30.38,63.29,4.24,mid_season,sandy,5.44,0
45.13,35.2,74.38,0,mid_season,sandy,0,1
58.5,34.62,72.75,0,initial,sandy,0,0
41.15,36.81,56.97,0,development,sandy,0,1
60.37,29.6,85.54,3.11,mid_season,clay,7.04,0
53.03,18.04,49.55,0,development,sandy,0,1
53.1,34.66,59.54,3.61,initial,clay,8.34,0
59.92,32.08,52.7,5.65,late,sandy,10.44,0
74.03,25.97,50.67,3.85,development,loamy,8.99,0
41.74,23.97,73.03,2.9,late,sandy,6.39,0
60.94,33.11,87.71,3.86,late,loamy,9.79,0
40.03,23.6,64.1,5.16,development,loamy,4.88,0
24.52,30.08,88.38,0,development,clay,0,1
47.69,31.58,42.04,0,late,loamy,0,1
75.31,29.16,75.11,3.99,development,loamy,6.33,0
60.25,27.39,82.41,2.65,late,clay,13.07,0
75.65,29.28,86.2,5.99,late,clay,12.52,0
67.24,32.68,60.53,2.36,late,clay,7.26,0
38.79,21.87,59.22,4.94,initial,clay,9.61,0
54.48,37.18,53.25,0,development,sandy,0,1
39.32,29.84,64.36,4.68,development,clay,8.41,0
47.56,22.69,69.11,5.23,initial,loamy,7.74,0
76.33,21.54,60.44,6.89,mid_season,clay,11.78,0
71.61,21.12,86.55,2.97,initial,loamy,11.1,0
51.46,21.54,52.1,5.7,mid_season,clay,5.81,0
57.31,31.4,73.18,4.66,development,loamy,10.66,0
37.04,18.52,50.32,0.74,mid_season,clay,9.15,0
64.71,26.92,73.05,3.41,mid_season,loamy,4.36,0
65.26,32.3,68.65,0,development,loamy,0,0
29.43,34.19,63.9,4.8,initial,clay,8.22,0
79.08,30.23,44.98,4.31,development,loamy,4.86,0
51.09,24.69,63.7,4.92,late,sandy,6.67,0
92.11,23.52,67.83,3.68,development,sandy,6.61,0
60.15,21.01,83.95,3.69,development,sandy,0.71,0
69.04,26.4,65.29,0,initial,sandy,0,0
31.21,28.06,75.92,0,initial,sandy,0,0
63.02,36.94,54.19,3.39,late,sandy,0.54,0
82.12,31.86,71.32,3.56,late,loamy,1.98,0
62.51,21.35,47.6,5.71,development,clay,8.23,0
69.18,28.36,46.13,6.42,development,clay,5.99,0
83.2,22.75,80.56,4.26,initial,loamy,3.71,0
78.82,26.53,43.17,0,development,clay,0,0
69.7,31.87,66.16,2.78,initial,clay,9.32,0
52.76,31.44,53.48,3.46,late,clay,17.66,0
80.14,31.0,79.32,4.59,initial,loamy,6.84,0
73.43,30.78,60.2,5.19,development,loamy,17.58,0
70.75,35.59,71.2,5.6,development,clay,20.12,0
48.28,27.9,73.99,6.02,late,loamy,14.48,0
62.37,33.42,69.84,3.96,initial,loamy,11.88,0
56.15,32.63,82.0,4.76,initial,loamy,4.4,0
38.31,19.49,53.94,5.64,development,loamy,6.28,0
63.82,27.68,41.43,3.59,initial,loamy,6.04,0
45.33,26.26,51.98,2.87,initial,loamy,10.54,0
83.54,30.34,84.33,4.45,late,clay,21.07,0
57.3,30.31,53.83,4.33,development,sandy,10.75,0
71.49,36.66,54.53,0,initial,sandy,0,0
27.87,26.24,46.07,5.67,late,clay,13.62,0
51.77,32.08,70.91,6.19,mid_season,sandy,3.34,0
57.51,31.35,49.22,3.14,mid_season,clay,8.12,0
30.89,29.31,66.86,4.79,development,clay,2.14,0
78.86,33.54,75.96,2.1,development,clay,15.25,0
66.14,19.83,86.7,2.82,development,clay,13.51,0
84.31,20.51,60.99,4.01,late,clay,12.16,0
53.75,25.82,61.27,3.13,development,sandy,6.3,0
57.47,21.74,53.58,4.5,late,loamy,7.31,0
35.96,27.31,58.03,3.68,development,clay,5.77,0
67.91,31.22,73.5,4.32,initial,clay,6.84,0
18.26,18.41,81.09,4.66,development,clay,11.88,0
78.71,34.12,50.09,3.99,development,loamy,7.66,0
62.59,31.75,65.45,0,initial,sandy,0,0
76.34,19.09,48.61,2.24,initial,sandy,14.31,0
85.21,21.06,45.17,3.15,mid_season,loamy,12.58,0
60.1,33.0,57.01,3.39,development,loamy,3.83,0
73.9,35.27,43.53,0,development,loamy,0,0
45.1,24.74,44.57,0,initial,sandy,0,0
24.95,29.73,63.15,0,mid_season,sandy,0,1
45.99,29.22,61.17,2.36,development,loamy,3.66,0
77.54,25.38,66.89,3.75,initial,clay,6.13,0
42.39,37.22,82.91,3.94,mid_season,clay,8.01,0
70.87,22.75,52.04,4.18,initial,loamy,14.65,0
42.28,18.84,86.17,5.46,development,clay,4.54,0
69.58,30.01,65.9,5.53,initial,loamy,7.6,0
52.08,21.73,53.95,4.78,development,clay,13.61,0
48.11,23.95,60.49,5.09,initial,sandy,5.06,0
38.21,30.97,75.75,0,initial,sandy,0,0
53.79,34.22,51.25,3.54,mid_season,sandy,17.58,0
84.48,21.41,54.47,6.3,development,sandy,11.06,0
46.12,25.18,78.82,4.08,development,sandy,9.56,0
65.61,21.54,73.75,0,initial,loamy,0,0
54.57,20.15,57.26,5.56,mid_season,clay,1.05,0
40.12,29.69,55.19,0,initial,clay,0,0
51.41,24.71,65.97,5.08,initial,clay,2.42,0
72.81,32.31,64.23,4.34,development,clay,10.18,0
66.6,20.1,86.21,0,initial,loamy,0,0
50.14,30.78,71.3,0,development,loamy,0,1
40.33,36.47,43.2,3.77,mid_season,sandy,17.04,0
35.79,23.81,77.75,3.79,late,clay,24.44,0
58.65,18.93,89.0,4.68,development,sandy,3.6,0
27.19,32.17,73.84,4.85,initial,clay,4.85,0
23.07,26.65,56.17,4.14,initial,clay,6.61,0
88.11,34.76,71.83,0,initial,clay,0,0
65.58,18.93,53.46,4.17,mid_season,clay,20.37,0
64.79,28.96,63.12,3.1,initial,loamy,5.21,0
52.77,18.45,75.82,0,development,sandy,0,1
72.99,24.63,45.26,0,development,sandy,0,0
61.31,32.83,75.52,5.76,late,loamy,21.73,0
42.25,34.21,74.03,2.11,mid_season,sandy,5.27,0
51.39,37.99,69.85,0,late,clay,0,0
52.6,20.68,55.73,3.65,development,loamy,3.44,0
47.47,37.54,75.45,4.07,development,clay,21.04,0
55.37,30.55,46.97,3.82,late,sandy,17.61,0
48.26,21.42,41.05,0,development,clay,0,0
47.33,24.03,45.62,3.58,initial,clay,4.16,0
39.47,28.28,82.47,5.45,mid_season,clay,12.34,0
64.66,27.78,78.78,3.97,development,loamy,5.18,0
68.22,23.94,84.06,3.01,mid_season,loamy,10.08,0
57.77,28.92,75.72,0,late,sandy,0,1
39.77,32.96,81.75,2.87,mid_season,clay,12.93,0
70.45,33.54,68.79,0,initial,clay,0,0
47.01,37.12,51.83,5.28,late,sandy,7.22,0
9.29,23.76,56.84,4.29,initial,loamy,2.29,0
56.11,20.71,73.12,2.03,mid_season,loamy,9.32,0
42.73,35.91,82.29,3.69,late,loamy,0.4,0
80.8,29.33,72.42,3.94,late,sandy,13.53,0
30.13,27.8,81.92,1.72,initial,clay,5.67,0
47.33,31.23,80.29,5.16,late,clay,5.52,0
56.09,31.9,57.07,4.37,mid_season,clay,10.3,0
53.91,36.67,85.51,3.94,development,loamy,10.87,0
72.92,34.56,45.88,4.52,initial,clay,9.85,0
83.38,28.11,78.73,4.78,late,loamy,10.29,0
44.96,20.35,64.1,1.91,late,clay,8.11,0
32.46,20.26,88.81,4.95,mid_season,sandy,6.78,0
58.49,24.52,74.03,3.57,development,sandy,8.19,0
43.45,23.39,40.91,4.57,initial,sandy,12.7,0
56.04,36.45,53.16,4.28,development,loamy,7.25,0
51.49,26.29,65.0,5.55,mid_season,sandy,0.37,0
74.36,35.66,63.89,4.41,late,sandy,13.53,0
56.38,31.09,43.77,5.67,development,clay,9.42,0
67.26,25.94,53.49,0,mid_season,sandy,0,0
67.33,26.73,53.31,2.5,mid_season,sandy,13.09,0
53.15,21.22,64.34,4.72,development,clay,1.21,0
79.43,26.7,89.94,1.95,late,clay,15.58,0
80.51,33.08,41.92,5.21,initial,loamy,6.69,0
62.86,30.46,84.86,4.42,mid_season,loamy,17.88,0
27.68,36.9,70.01,0,late,sandy,0,1
73.37,23.4,62.97,2.57,initial,loamy,5.61,0
35.6,22.9,61.02,2.95,development,loamy,19.06,0
78.31,25.1,89.29,0,development,sandy,0,0
71.78,31.59,69.42,3.53,development,clay,8.14,0
52.81,18.07,58.5,1.89,initial,sandy,9.95,0
36.82,22.8,71.82,4.17,development,loamy,1.99,0
80.73,35.68,86.93,0,development,sandy,0,0
41.44,26.57,44.24,3.66,late,sandy,14.25,0
63.36,35.13,44.15,0,initial,loamy,0,0
40.53,28.67,75.35,0,initial,clay,0,0
31.59,19.32,57.37,3.66,late,clay,0.88,0
52.28,25.5,89.38,2.99,development,clay,16.33,0
58.03,37.66,44.82,2.66,development,sandy,18.88,0
84.48,36.49,57.87,3.92,late,sandy,4.43,0
69.1,23.47,55.17,0,development,sandy,0,0
67.43,27.95,64.18,4.55,late,loamy,12.04,0
33.61,27.55,81.59,2.62,initial,clay,7.51,0
48.74,30.32,44.74,0,mid_season,loamy,0,1
60.23,30.78,47.22,4.94,late,clay,7.73,0
49.19,20.37,88.23,4.8,mid_season,loamy,9.74,0
84.26,22.82,41.83,5.52,mid_season,sandy,18.55,0
42.3,31.51,50.85,0,late,sandy,0,1
71.7,26.84,73.0,3.59,late,sandy,5.32,0
57.44,24.03,73.75,2.97,late,sandy,16.57,0
66.61,22.69,52.6,5.33,development,sandy,6.56,0
64.77,18.64,42.75,5.06,mid_season,sandy,6.61,0
41.72,24.98,51.01,3.26,late,clay,9.64,0
81.86,29.47,43.58,0,development,clay,0,0
35.32,35.95,60.57,5.24,late,loamy,12.91,0
49.3,37.37,59.34,3.26,initial,clay,7.35,0
66.67,18.59,86.39,5.28,initial,loamy,8.64,0
34.6,28.32,70.53,0,mid_season,sandy,0,1
58.92,32.98,71.31,3.71,development,clay,11.67,0
50.2,30.05,54.89,0,initial,clay,0,0
62.19,27.59,44.84,5.25,development,clay,12.54,0
57.18,22.09,82.41,3.58,mid_season,sandy,4.5,0
60.62,18.11,80.64,4.63,development,loamy,5.54,0
19.45,35.8,79.01,0,initial,loamy,0,0
74.5,35.77,70.14,2.91,late,clay,9.16,0
67.36,32.22,52.54,2.76,development,clay,0.31,0
59.23,36.3,88.21,4.33,mid_season,sandy,17.04,0
61.75,22.48,82.79,0,mid_season,sandy,0,0
95,23.78,86.97,3.23,late,sandy,11.96,0
40.9,34.98,74.83,0,development,sandy,0,1
51.69,25.57,49.42,5.91,late,loamy,16.4,0
70.38,19.93,45.2,3.46,development,loamy,7.68,0
61.14,23.25,73.01,6.96,late,loamy,12.79,0
49.62,19.99,77.18,3.9,development,sandy,10.91,0
38.02,23.6,72.98,4.99,development,sandy,14.07,0
57.58,26.31,88.7,3.47,late,loamy,8.51,0
39.51,19.58,64.57,2.7,mid_season,sandy,8.63,0
75.59,34.53,56.76,2.18,late,sandy,4.29,0
58.74,19.31,43.94,0,mid_season,loamy,0,0
38.89,19.52,82.9,4.49,initial,loamy,1.15,0
60.0,29.74,41.49,3.25,late,clay,4.06,0
44.02,35.04,77.95,2.83,initial,clay,9.08,0
68.69,31.01,49.24,3.46,late,clay,8.02,0
43.97,34.99,44.6,4.63,development,sandy,8.71,0
30.6,24.26,45.33,3.28,late,sandy,4.94,0
66.38,27.05,47.87,2.96,development,sandy,16.05,0
36.54,33.28,85.6,6.02,late,clay,20.58,0
37.09,19.84,74.43,0,late,sandy,0,1
75.48,25.61,75.88,5.32,development,sandy,5.44,0
75.12,18.41,45.45,0,initial,sandy,0,0
57.5,38.0,74.41,3.94,development,clay,19.63,0
61.83,30.95,66.96,7.66,mid_season,sandy,2.75,0
66.3,22.69,61.18,4.75,late,loamy,6.99,0
66.93,18.72,80.46,3.56,mid_season,sandy,19.41,0
71.91,19.19,54.66,3.09,initial,sandy,3.65,0
82.29,28.16,82.72,2.18,mid_season,sandy,23.79,0
74.77,37.17,57.76,3.54,development,sandy,20.25,0
54.52,20.08,51.23,3.91,initial,sandy,24.13,0
23.04,37.23,86.37,0,initial,clay,0,0
39.51,36.04,73.7,4.53,mid_season,sandy,3.0,0
43.18,30.7,46.61,2.96,development,clay,3.09,0
36.83,28.85,72.19,3.04,development,sandy,3.65,0
79.64,37.81,79.65,3.88,late,loamy,13.68,0
59.92,37.26,51.26,4.54,late,clay,14.41,0
38.4,29.16,89.63,5.23,late,loamy,24.32,0
50.56,20.44,61.84,4.07,initial,sandy,10.66,0
76.6,21.7,64.61,2.48,mid_season,loamy,1.09,0
30.76,37.99,86.08,4.08,development,sandy,7.66,0
51.72,25.4,45.23,3.8,initial,sandy,2.61,0
68.3,21.25,49.32,5.19,mid_season,clay,6.26,0
28.7,35.1,45.98,2.73,development,loamy,22.82,0
35.35,24.77,73.43,0,initial,sandy,0,0
56.15,33.37,49.78,3.4,development,sandy,2.71,0
40.24,35.85,64.94,2.93,mid_season,loamy,16.68,0
58.98,28.05,80.35,5.87,development,clay,3.08,0
61.45,31.88,53.17,1.93,mid_season,clay,3.62,0
58.44,33.49,57.88,5.31,initial,sandy,7.96,0
34.86,19.38,50.97,4.09,mid_season,clay,11.13,0
82.5,37.26,47.23,3.62,development,loamy,4.05,0
58.03,23.02,82.99,5.49,development,loamy,2.08,0
40.58,35.99,65.04,5.29,development,sandy,2.57,0
60.07,36.78,67.87,4.82,mid_season,loamy,19.12,0
63.79,37.15,63.84,3.51,initial,sandy,0.85,0
95,23.08,40.35,3.71,mid_season,sandy,14.5,0
57.8,28.46,73.46,1.76,initial,sandy,5.27,0
63.43,36.33,59.82,5.92,mid_season,sandy,2.31,0
58.21,35.79,61.23,4.91,initial,loamy,1.18,0
88.9,31.26,55.98,3.87,mid_season,loamy,15.98,0
27.54,28.84,44.13,5.4,late,loamy,4.91,0
65.17,36.8,48.66,3.5,initial,clay,1.68,0
57.04,24.96,85.4,3.87,mid_season,sandy,8.79,0
38.2,27.75,67.52,0,mid_season,sandy,0,1
55.39,35.66,78.68,2.83,development,clay,6.11,0
73.35,27.91,69.19,4.27,mid_season,clay,14.68,0
25.22,21.42,53.51,0,initial,loamy,0,0
17.01,35.76,52.06,4.75,late,clay,11.16,0
60.34,20.4,48.74,0,late,loamy,0,0
59.11,36.21,65.91,2.03,late,sandy,10.21,0
64.04,35.38,60.78,5.09,development,clay,15.63,0
33.19,32.84,88.67,0,development,clay,0,1
77.63,37.63,46.11,3.82,development,loamy,10.58,0
59.37,26.37,54.88,4.21,mid_season,clay,9.18,0
61.58,37.23,52.86,3.68,development,loamy,12.41,0
42.59,21.74,64.05,5.31,development,sandy,13.46,0
40.34,26.12,42.85,0,mid_season,sandy,0,1
86.21,32.89,61.43,0,late,loamy,0,0
57.76,21.84,69.52,4.8,mid_season,sandy,5.83,0
75.17,21.14,45.11,0,late,loamy,0,0
65.69,29.09,64.08,0,development,loamy,0,0
49.2,32.0,59.14,2.46,initial,clay,5.14,0
42.58,32.86,63.69,5.14,late,clay,1.79,0
45.08,30.49,62.05,4.28,late,clay,4.26,0
95,33.72,69.19,0,initial,sandy,0,0
44.47,28.81,76.11,0,late,clay,0,1
77.03,19.06,68.47,5.42,development,sandy,5.72,0
58.73,30.51,74.12,1.41,initial,sandy,3.09,0
28.66,23.79,89.79,4.91,initial,loamy,1.63,0
42.14,32.91,84.11,2.54,late,sandy,0.27,0
76.56,32.56,45.19,3.16,initial,loamy,3.27,0
69.74,24.96,42.71,3.67,mid_season,sandy,15.51,0
51.74,27.42,79.31,4.41,development,loamy,6.06,0
59.25,33.73,67.29,2.15,late,clay,4.75,0
44.75,36.18,64.93,5.29,late,clay,0.94,0
46.64,32.39,67.11,4.21,initial,clay,17.44,0
5.89,30.16,63.93,0,initial,sandy,0,0
13.93,30.85,85.39,1.76,initial,clay,1.99,0
26.05,19.33,66.33,3.61,initial,sandy,11.11,0
43.37,28.1,54.41,2.4,late,sandy,2.86,0
49.07,22.5,87.87,6.07,development,sandy,24.88,0
62.4,33.7,80.95,4.4,initial,loamy,1.43,0
63.2,20.05,79.85,3.75,late,clay,9.2,0
42.64,33.75,41.25,0,development,loamy,0,1
57.87,37.0,82.48,3.78,late,clay,5.2,0
74.73,30.23,44.01,3.43,late,loamy,8.9,0
34.91,21.58,47.24,4.82,initial,clay,9.74,0
60.0,24.23,84.99,3.83,initial,clay,16.54,0
26.97,29.56,72.26,3.93,development,loamy,6.38,0
47.81,37.68,73.88,2.54,mid_season,loamy,18.72,0
41.75,24.93,73.02,3.01,mid_season,loamy,4.21,0
28.41,30.81,79.16,3.6,development,loamy,3.33,0
38.77,32.17,64.72,4.97,initial,loamy,13.24,0
64.06,26.32,50.98,4.05,initial,sandy,6.06,0
70.72,22.43,85.88,3.37,development,clay,16.33,0
58.68,19.81,46.92,0,development,clay,0,0
42.49,30.41,59.24,3.39,initial,clay,7.79,0
79.34,29.03,89.42,4.27,development,sandy,5.15,0
75.66,30.51,48.44,4.04,development,loamy,19.06,0
63.94,31.63,50.01,2.11,development,loamy,0.11,0
44.16,22.18,85.27,1.68,development,clay,9.41,0
44.57,29.09,48.78,3.29,mid_season,sandy,8.17,0
27.12,34.61,47.42,0,initial,loamy,0,0
55.96,19.68,40.55,3.57,late,sandy,4.45,0
59.71,24.21,62.75,2.88,mid_season,clay,17.84,0
63.26,26.81,53.88,3.42,mid_season,clay,10.67,0
82.97,35.57,73.17,5.03,mid_season,sandy,2.8,0
88.4,21.39,78.93,6.05,development,loamy,18.98,0
50.08,36.95,73.27,3.33,mid_season,sandy,10.66,0
18.39,37.62,45.7,3.44,development,loamy,16.36,0
31.69,19.08,83.68,0,initial,loamy,0,0
59.05,30.55,66.86,0,initial,clay,0,0
59.38,33.3,62.65,4.86,mid_season,clay,2.37,0
51.26,33.03,55.32,4.16,initial,loamy,13.97,0
27.38,33.39,64.58,4.07,initial,clay,2.05,0
53.79,30.88,65.81,3.61,initial,sandy,4.06,0
56.74,37.53,84.35,2.86,development,sandy,7.18,0
51.85,28.03,84.73,2.3,development,sandy,12.77,0
53.21,34.37,56.18,0,development,clay,0,0
69.88,30.1,57.32,3.89,late,sandy,9.28,0
60.19,37.3,69.42,4.45,mid_season,sandy,13.76,0
47.53,37.53,58.54,1.99,development,loamy,9.92,0
77.17,37.59,58.55,4.1,late,sandy,14.02,0
77.17,36.52,84.46,4.65,mid_season,loamy,18.97,0
86.18,18.75,81.12,4.86,late,clay,19.47,0
43.51,21.18,72.82,2.05,development,clay,7.33,0
86.18,36.75,63.27,4.29,initial,loamy,5.56,0
36.88,18.3,81.74,0,initial,sandy,0,0
73.68,19.57,49.87,4.75,initial,loamy,9.46,0
42.08,18.38,48.32,2.38,development,clay,15.36,0
29.58,34.53,41.62,4.75,mid_season,clay,4.46,0
47.14,19.74,66.97,3.97,initial,clay,11.89,0
64.01,18.03,40.41,3.35,initial,clay,12.19,0
68.34,26.29,70.98,3.92,initial,sandy,12.92,0
59.05,22.65,70.63,3.65,mid_season,clay,12.33,0
69.48,27.36,47.69,0,late,loamy,0,0
51.93,34.96,51.06,1.21,initial,sandy,7.93,0
76.77,29.95,52.12,5.96,initial,loamy,2.21,0
63.01,28.14,40.03,5.34,late,sandy,1.3,0
35.9,33.97,73.31,4.56,mid_season,loamy,27.51,0
20.47,26.33,47.28,3.87,mid_season,loamy,14.55,0
33.34,36.78,59.8,2.05,mid_season,clay,6.46,0
48.26,24.15,69.98,3.06,initial,clay,9.33,0
66.63,32.81,89.47,0,development,loamy,0,0
53.16,37.79,47.1,3.57,late,loamy,10.99,0
64.46,20.24,62.74,4.39,initial,loamy,2.83,0
49.47,29.71,88.86,0,development,sandy,0,1
51.48,23.72,61.91,4.46,initial,loamy,1.19,0
33.84,34.74,64.82,1.36,mid_season,sandy,6.04,0
22.42,21.68,45.23,3.07,development,loamy,17.53,0
47.2,18.56,85.71,4.09,mid_season,clay,18.17,0
45.67,31.43,68.23,0,late,loamy,0,1
64.08,24.06,88.12,4.48,mid_season,loamy,4.93,0
46.53,26.69,59.09,3.32,late,clay,0.46,0
53.32,36.91,76.93,3.84,mid_season,clay,0.34,0
54.51,22.61,58.36,3.68,late,loamy,9.65,0
54.84,19.36,52.58,0,development,loamy,0,0
49.84,21.36,41.95,4.95,mid_season,sandy,13.71,0
39.41,25.66,77.64,3.78,mid_season,sandy,2.76,0
50.48,35.95,57.6,2.61,development,clay,16.74,0
60.82,32.14,73.92,4.89,development,loamy,3.11,0
30.29,25.26,80.44,1.9,mid_season,sandy,7.7,0
59.43,34.01,79.33,3.93,late,clay,12.56,0
95,33.53,81.85,3.12,mid_season,sandy,11.27,0
36.5,30.53,46.69,0,initial,clay,0,0
32.83,27.64,74.83,3.8,development,loamy,14.25,0
65.24,30.32,51.18,4.5,mid_season,sandy,6.2,0
62.11,35.2,66.51,5.75,initial,loamy,8.23,0
33.43,24.39,55.38,4.3,initial,loamy,11.98,0
53.38,25.31,57.12,5.21,development,clay,4.16,0
43.86,37.22,83.19,2.49,development,loamy,8.14,0
30.22,34.91,65.91,4.91,initial,sandy,5.93,0
69.62,36.87,47.18,3.19,initial,loamy,3.12,0
74.67,27.69,89.03,3.72,mid_season,loamy,8.62,0
65.69,25.81,68.83,2.79,initial,clay,8.17,0
73.58,20.7,68.56,2.73,development,clay,10.98,0
55.82,33.17,77.16,3.66,development,sandy,16.06,0
57.38,30.03,86.0,0,initial,clay,0,0
91.93,28.78,44.67,3.77,mid_season,clay,6.98,0
65.32,21.53,82.51,2.92,initial,clay,2.05,0
52.27,31.78,67.93,4.28,development,sandy,7.02,0
81.45,28.6,71.29,3.89,development,sandy,0.57,0
31.19,19.98,59.55,3.84,development,loamy,11.87,0
51.6,27.58,60.69,3.2,initial,clay,6.86,0
35.09,27.93,64.52,0,initial,loamy,0,0
47.6,30.25,54.69,2.73,mid_season,clay,8.69,0
41.0,30.31,85.23,3.87,late,loamy,10.03,0
19.43,24.47,78.26,4.28,development,sandy,9.05,0
46.78,25.51,46.35,6.94,initial,sandy,6.76,0
34.21,32.3,46.03,4.09,development,loamy,9.51,0
89.93,33.8,87.98,0,development,sandy,0,0
48.64,29.55,64.94,2.51,late,loamy,6.2,0
43.79,22.24,74.08,0,mid_season,clay,0,1
76.23,18.69,57.57,4.08,initial,clay,5.65,0
88.71,29.52,63.79,4.64,initial,clay,8.54,0
53.64,24.94,86.12,4.89,mid_season,clay,15.82,0
58.92,22.5,60.35,5.34,late,loamy,2.58,0
48.85,30.55,52.29,4.3,mid_season,sandy,13.77,0
47.58,35.46,85.92,3.31,mid_season,loamy,0.33,0
62.58,30.85,76.42,4.15,mid_season,sandy,11.39,0
59.47,35.78,64.68,0,late,loamy,0,0
57.73,35.18,89.58,4.64,initial,clay,9.38,0
28.9,27.67,52.45,5.02,late,loamy,8.76,0
35.62,32.68,78.78,4.43,development,clay,9.87,0
95,24.93,70.34,0,late,sandy,0,0
42.01,25.14,62.49,4.44,initial,loamy,11.9,0
71.94,22.68,66.53,4.26,initial,loamy,11.29,0
46.58,31.72,47.38,4.14,initial,clay,6.71,0
50.39,25.23,61.79,4.46,mid_season,sandy,3.65,0
64.57,32.49,47.57,5.26,development,clay,5.14,0
53.68,23.54,50.19,3.27,development,loamy,5.03,0
32.77,21.2,47.11,4.4,initial,clay,6.11,0
10.15,21.31,61.43,2.33,initial,clay,2.17,0
57.42,31.39,45.08,0,mid_season,sandy,0,1
25.28,29.69,72.1,3.63,development,sandy,9.4,0
83.85,20.51,81.69,3.88,development,loamy,3.45,0
95,30.77,41.85,4.46,initial,sandy,6.74,0
68.3,21.85,46.1,6.13,mid_season,loamy,8.66,0
41.46,29.47,45.0,4.82,mid_season,loamy,11.11,0
49.78,23.2,49.86,0,mid_season,sandy,0,1
5,35.26,71.8,0,mid_season,loamy,0,1
39.59,20.8,70.68,0,late,sandy,0,1
70.97,22.96,78.07,3.74,late,loamy,15.38,0
39.2,29.79,73.48,3.97,late,sandy,6.72,0
73.77,21.92,43.93,2.35,mid_season,clay,5.12,0
63.06,34.23,41.08,5.07,mid_season,sandy,5.06,0
63.76,30.69,42.87,4.52,mid_season,sandy,8.17,0
68.83,37.88,81.41,4.22,development,sandy,5.03,0
67.26,35.09,76.16,3.89,development,clay,13.56,0
39.36,29.11,78.37,3.86,development,sandy,3.91,0
53.91,18.07,62.28,0,development,loamy,0,0
64.49,36.8,74.9,3.53,mid_season,loamy,14.19,0
46.5,21.05,42.07,4.49,late,sandy,4.51,0
69.05,30.48,75.63,3.26,initial,clay,12.75,0
45.68,22.54,76.25,3.84,development,loamy,1.27,0
46.28,32.86,69.08,4.47,development,clay,12.7,0
34.9,37.28,78.34,4.45,initial,sandy,0.87,0
66.59,23.17,71.87,0,development,clay,0,0
48.69,34.87,40.84,4.23,late,sandy,5.94,0
52.33,35.77,61.53,3.08,initial,sandy,9.51,0
50.71,34.38,85.94,4.74,development,clay,19.64,0
54.71,30.59,41.16,4.33,late,sandy,6.08,0
56.08,25.02,42.28,5.32,mid_season,clay,11.5,0
48.32,34.33,42.69,3.85,mid_season,loamy,10.7,0
83.59,25.99,88.53,4.27,development,sandy,16.42,0
54.73,24.92,69.91,0,initial,clay,0,0
47.8,21.68,63.7,2.66,mid_season,loamy,15.18,0
49.88,18.37,69.1,3.86,mid_season,clay,2.91,0
77.02,28.13,60.86,2.5,mid_season,loamy,19.34,0
39.66,25.86,59.67,3.27,mid_season,loamy,3.4,0
61.03,19.57,71.38,1.77,development,loamy,19.33,0
54.67,34.79,43.59,3.56,mid_season,sandy,5.95,0
20.8,30.43,54.92,5.55,initial,clay,11.01,0
55.88,23.1,56.12,4.78,initial,clay,16.23,0
36.12,19.68,47.18,5.56,development,clay,5.57,0
40.45,22.9,43.87,5.59,mid_season,clay,23.97,0
61.4,37.88,43.83,3.58,mid_season,sandy,18.91,0
59.15,19.3,60.31,5.62,late,clay,9.47,0
63.65,26.32,70.36,4.59,development,loamy,16.49,0
95,27.85,75.15,0,late,loamy,0,0
28.54,33.08,58.03,3.95,initial,sandy,6.21,0
78.19,21.9,53.29,2.84,late,loamy,13.8,0
78.37,23.51,71.41,6.36,initial,clay,3.24,0
79.74,29.35,58.99,3.08,initial,clay,2.02,0
53.69,24.97,83.66,3.9,initial,loamy,13.76,0
61.43,33.37,65.79,4.15,late,sandy,3.21,0
67.31,34.27,65.07,0,late,loamy,0,0
66.99,29.82,71.29,4.71,late,sandy,8.57,0
57.71,19.61,75.94,2.31,late,clay,11.93,0
21.17,29.95,79.06,5.55,initial,loamy,7.86,0
31.51,18.32,84.31,5.13,initial,loamy,7.14,0
46.07,28.89,45.32,0,late,loamy,0,1
81.45,28.3,62.2,4.68,initial,sandy,2.15,0
43.18,20.94,72.19,4.87,development,clay,10.25,0
69.81,33.91,78.96,5.49,mid_season,sandy,12.72,0
49.67,26.6,66.97,2.0,initial,loamy,13.93,0
51.08,22.01,49.29,5.36,late,loamy,19.5,0
33.15,23.54,76.68,4.13,development,clay,11.9,0
57.36,33.05,59.03,2.35,mid_season,sandy,5.69,0
54.02,35.71,49.86,1.9,development,clay,13.98,0
49.66,29.62,75.14,2.27,late,sandy,8.49,0
32.23,18.33,80.74,4.65,mid_season,clay,12.16,0
89.05,30.86,40.47,0,initial,sandy,0,0
63.65,24.26,65.54,4.0,development,loamy,17.71,0
60.66,36.16,65.83,5.43,initial,clay,0.78,0
73.95,33.04,87.23,3.96,late,clay,14.4,0
67.18,36.74,44.14,3.3,mid_season,loamy,16.04,0
86.63,31.93,84.27,5.33,mid_season,clay,5.23,0
47.96,25.69,61.38,0,initial,loamy,0,0
52.89,18.69,64.79,4.68,development,clay,16.9,0
79.63,27.37,88.4,2.47,initial,clay,4.0,0
44.83,26.95,81.16,3.86,late,clay,8.88,0
68.36,33.09,49.96,0,initial,clay,0,0
31.24,21.56,46.21,3.29,initial,clay,12.43,0
65.44,26.2,51.37,3.24,late,loamy,6.69,0
70.56,21.48,63.26,2.07,development,sandy,6.74,0
80.01,18.84,80.7,5.12,mid_season,loamy,7.85,0
83.88,29.91,73.57,3.06,mid_season,clay,6.66,0
21.61,22.35,55.01,6.38,late,clay,16.65,0
28.71,37.49,40.14,3.71,mid_season,clay,20.29,0
74.67,34.73,51.96,5.47,development,loamy,3.64,0
55.1,18.7,56.71,4.32,development,sandy,9.46,0
66.63,30.91,89.61,4.07,development,sandy,12.69,0
20.74,22.67,62.54,2.19,initial,clay,15.2,0
82.09,25.85,72.56,4.21,mid_season,loamy,6.02,0
43.57,19.83,79.58,0,initial,sandy,0,0
66.19,32.82,41.46,0,mid_season,sandy,0,0
70.92,22.81,77.53,2.26,initial,loamy,6.99,0
67.84,32.35,82.18,5.97,mid_season,loamy,7.84,0
43.15,29.7,42.34,0,development,clay,0,1
55.71,26.78,77.21,0,initial,clay,0,0
73.82,30.34,45.62,6.48,initial,loamy,6.63,0
76.43,20.91,72.44,3.92,late,sandy,8.63,0
38.76,27.96,50.2,5.63,development,loamy,8.56,0
58.03,36.23,79.96,3.9,late,clay,12.88,0
50.82,35.59,57.75,5.23,mid_season,clay,9.53,0
64.92,24.84,64.13,5.44,mid_season,sandy,7.53,0
95,21.57,76.81,4.62,late,clay,8.49,0
68.43,19.79,84.15,0,initial,clay,0,0
40.55,37.38,49.83,0,development,loamy,0,1
52.42,37.51,79.31,3.79,initial,clay,12.2,0
57.21,23.52,64.27,5.34,mid_season,loamy,20.0,0
58.32,34.34,65.29,4.08,mid_season,clay,9.92,0
43.81,19.62,48.84,0,development,clay,0,1
53.84,18.7,77.87,4.25,initial,sandy,4.32,0
46.05,30.1,68.81,0,late,sandy,0,1
25.49,24.19,58.56,4.9,late,sandy,4.38,0
68.49,25.34,47.73,0,late,sandy,0,0
25.27,18.67,59.88,6.93,late,loamy,15.67,0
58.67,35.2,88.89,5.4,development,loamy,15.82,0
70.35,29.93,49.77,3.93,development,loamy,23.67,0
45.71,20.39,89.12,5.12,mid_season,clay,10.43,0
56.79,26.93,57.97,5.36,mid_season,loamy,7.39,0
73.23,26.17,61.82,0,late,sandy,0,0
85.4,37.45,74.67,0,initial,clay,0,0
71.94,30.45,40.96,0,development,loamy,0,0
41.33,33.05,73.79,4.28,initial,clay,1.7,0
54.24,29.78,89.94,0,initial,clay,0,0
64.63,18.31,71.52,0,development,sandy,0,0
40.98,27.63,58.96,5.29,development,clay,2.64,0
82.49,26.6,81.74,0,initial,sandy,0,0
67.32,19.3,87.58,6.15,late,clay,17.63,0
40.44,35.72,78.84,4.7,late,sandy,14.01,0
65.82,19.9,85.56,0,initial,sandy,0,0
54.79,23.54,86.53,4.04,mid_season,clay,10.3,0
58.57,22.47,77.52,4.55,initial,sandy,1.54,0
95,24.53,65.87,4.56,late,loamy,0.2,0
72.03,27.54,58.59,4.0,late,loamy,7.59,0
54.08,30.03,71.75,2.04,mid_season,loamy,15.48,0
66.24,18.67,54.71,0,mid_season,sandy,0,0
35.43,22.46,81.81,4.63,mid_season,clay,5.55,0
52.4,30.1,42.13,5.57,development,sandy,4.46,0
41.98,24.57,64.86,6.14,development,loamy,9.94,0
71.05,33.06,65.51,5.77,mid_season,loamy,3.89,0
30.61,31.73,68.11,3.93,initial,loamy,0.9,0
74.15,18.55,62.98,5.8,initial,clay,5.56,0
61.7,34.16,80.56,2.47,mid_season,loamy,8.39,0
80.22,33.76,44.52,6.17,initial,clay,11.14,0
60.11,23.04,68.34,0,initial,sandy,0,0
68.59,37.51,56.15,5.34,mid_season,loamy,11.84,0
26.35,29.42,44.01,5.91,initial,loamy,2.06,0
52.06,34.53,60.43,3.76,development,loamy,17.35,0
64.28,24.18,66.49,4.24,development,clay,15.94,0
78.44,22.74,72.2,3.82,late,loamy,1.13,0
72.05,19.08,52.2,4.88,development,sandy,2.69,0
55.26,18.98,82.75,3.87,initial,sandy,8.62,0
56.9,32.45,61.69,4.12,late,clay,11.74,0
66.29,22.81,40.21,4.93,mid_season,sandy,3.11,0
72.86,35.99,70.93,5.13,development,sandy,5.94,0
36.04,34.16,68.77,4.53,mid_season,loamy,18.29,0
85.2,33.25,73.73,4.03,development,clay,19.97,0
58.02,25.84,56.64,6.37,late,loamy,6.16,0
27.49,31.83,87.38,3.54,development,clay,16.68,0
83.93,31.13,54.52,4.49,mid_season,clay,4.28,0
50.18,36.42,83.7,5.24,mid_season,sandy,6.22,0
68.41,18.99,79.94,2.89,development,clay,22.85,0
28.61,36.82,78.11,0,development,loamy,0,1
61.52,31.16,53.2,0,initial,sandy,0,0
58.66,20.88,66.68,2.88,initial,sandy,4.68,0
30.98,18.11,55.15,5.28,mid_season,sandy,15.22,0
55.97,18.24,68.63,4.91,late,loamy,1.43,0
76.35,21.26,79.87,5.04,late,clay,0.8,0
54.49,20.88,48.36,3.58,mid_season,clay,4.38,0
68.64,34.3,64.71,2.82,mid_season,loamy,16.89,0
59.03,30.39,74.38,3.14,late,sandy,14.81,0
63.45,22.63,71.26,4.51,development,clay,9.43,0
65.36,26.89,46.69,4.11,development,loamy,1.07,0
29.16,24.53,81.13,3.78,mid_season,sandy,4.16,0
40.36,29.57,87.41,4.26,initial,sandy,4.63,0
60.76,33.92,48.99,3.35,development,clay,5.39,0
26.56,28.92,82.53,1.83,late,loamy,16.69,0
41.02,31.37,84.72,2.46,mid_season,sandy,21.63,0
26.35,34.94,60.01,5.67,late,loamy,7.18,0
51.06,29.9,81.26,0,initial,sandy,0,0
45.27,35.27,65.58,6.51,late,clay,14.95,0
72.65,36.3,42.42,3.32,late,loamy,3.31,0
59.58,32.02,46.47,3.91,late,loamy,6.24,0
59.64,30.43,58.86,4.81,mid_season,clay,5.45,0
68.96,34.16,69.52,3.14,initial,loamy,8.7,0
55.69,33.8,40.96,3.59,mid_season,clay,9.5,0
47.31,31.06,54.41,0.84,late,sandy,12.65,0
40.23,26.19,67.84,5.94,initial,clay,5.04,0
58.06,37.29,63.03,2.66,mid_season,clay,11.0,0
41.66,36.46,64.13,3.94,development,sandy,3.29,0
51.52,25.21,53.27,4.69,initial,clay,11.91,0
47.94,22.98,75.74,7.33,development,loamy,5.3,0
61.53,24.81,60.03,3.5,development,sandy,5.74,0
29.56,22.49,43.65,0,development,sandy,0,1
12.47,37.14,89.1,2.53,late,clay,14.17,0
71.08,32.66,77.15,0,initial,sandy,0,0
33.68,25.59,89.99,4.42,development,sandy,0.36,0
57.94,33.26,58.41,3.92,late,clay,8.38,0
48.9,22.24,85.14,2.58,late,sandy,17.93,0
45.03,18.01,82.12,3.37,mid_season,clay,15.4,0
65.67,32.69,53.67,5.25,late,loamy,8.59,0
34.4,18.86,83.58,2.85,late,loamy,9.28,0
46.65,23.77,71.95,5.33,late,loamy,16.82,0
29.69,23.51,75.78,4.37,late,sandy,8.01,0
36.65,26.81,87.44,5.59,development,clay,0.88,0
41.76,35.35,78.36,4.37,late,clay,0.59,0
49.48,25.09,81.4,4.42,development,sandy,9.62,0
32.8,37.08,77.37,3.02,initial,sandy,2.14,0
79.13,19.26,73.57,5.79,development,loamy,12.53,0
40.1,26.44,55.97,2.52,late,loamy,1.99,0
26.24,20.38,85.92,2.76,development,clay,5.79,0
70.51,19.88,78.02,0,initial,clay,0,0
53.08,19.59,64.78,3.98,initial,sandy,12.61,0
70.13,34.84,46.82,3.91,mid_season,clay,11.64,0
47.54,24.71,44.37,4.02,mid_season,sandy,4.01,0
43.9,30.65,51.92,4.87,initial,loamy,12.38,0
57.45,22.8,61.39,0,development,sandy,0,1
54.79,25.93,54.0,3.08,mid_season,sandy,6.0,0
53.38,28.36,68.53,0,initial,sandy,0,0
59.42,26.18,81.09,2.78,development,sandy,4.01,0
53.85,25.6,54.35,5.09,development,clay,6.09,0
73.64,21.89,77.7,4.7,mid_season,clay,2.77,0
58.04,29.24,84.2,3.85,mid_season,sandy,6.29,0
55.69,25.44,58.69,3.61,development,loamy,8.88,0
38.02,26.56,61.71,4.62,mid_season,sandy,11.53,0
61.72,21.92,84.1,6.27,mid_season,clay,23.38,0
87.05,21.08,80.12,3.03,late,sandy,0.9,0
66.76,24.93,80.94,3.16,development,loamy,10.94,0
36.15,28.88,59.26,2.31,late,clay,14.37,0
61.56,24.77,78.07,4.2,mid_season,sandy,6.04,0
46.99,36.88,74.17,2.54,mid_season,loamy,4.1,0
57.64,36.48,44.28,0,mid_season,sandy,0,1
84.86,19.95,42.79,0,initial,clay,0,0
50.8,22.51,69.97,0,initial,sandy,0,0
60.53,24.08,61.94,2.07,development,sandy,3.01,0
58.54,37.53,83.5,3.16,development,sandy,14.72,0
74.89,30.82,65.47,3.42,mid_season,sandy,8.95,0
22.79,30.76,83.27,3.85,development,sandy,8.15,0
75.24,32.55,55.89,3.61,mid_season,clay,8.71,0
50.74,31.95,82.63,2.83,late,clay,9.6,0
67.21,23.42,62.2,0,initial,clay,0,0
78.73,28.36,88.29,4.82,late,clay,7.75,0
59.66,23.5,58.01,5.94,late,sandy,1.23,0
53.97,27.65,73.07,5.71,development,sandy,1.59,0
64.65,33.62,45.65,0,mid_season,sandy,0,0
32.18,20.62,41.46,0,development,loamy,0,1
67.55,27.14,60.14,4.13,development,clay,9.7,0
82.9,22.19,45.41,4.32,late,clay,12.84,0
53.41,33.42,84.44,0,late,sandy,0,1
66.59,28.45,76.7,3.86,late,loamy,4.46,0
74.98,23.49,89.09,0,development,loamy,0,0
55.06,24.63,53.48,4.86,development,clay,8.02,0
39.08,32.49,86.58,4.92,development,clay,10.51,0
60.09,19.37,65.33,1.8,mid_season,sandy,7.7,0
76.18,32.66,47.95,2.25,late,sandy,7.52,0
43.83,18.06,53.96,4.39,development,sandy,4.98,0
74.85,28.13,75.41,3.72,late,loamy,2.7,0
54.76,29.09,52.6,4.25,late,loamy,5.67,0
72.02,27.36,77.81,5.87,development,clay,1.13,0
48.16,37.82,89.38,4.05,mid_season,loamy,6.99,0
60.19,29.95,81.42,4.06,mid_season,clay,11.37,0
31.45,27.67,54.5,3.56,late,loamy,9.26,0
46.96,33.5,67.61,5.81,initial,sandy,15.85,0
79.81,33.64,44.88,3.28,late,clay,13.37,0
47.65,34.14,61.88,4.47,development,sandy,5.54,0
47.5,37.47,52.39,0,development,sandy,0,1
45.53,36.57,72.02,5.46,mid_season,sandy,6.01,0
58.41,35.23,68.84,2.62,initial,clay,3.82,0
51.83,26.82,88.72,2.42,late,loamy,11.85,0
41.45,19.78,53.16,1.69,late,sandy,12.66,0
88.31,36.34,51.84,0,mid_season,sandy,0,0
47.29,27.37,72.96,6.0,late,clay,1.45,0
61.04,20.81,61.96,5.24,initial,clay,9.1,0
46.61,18.97,64.25,3.78,initial,clay,11.04,0
48.55,33.26,87.99,2.61,late,clay,3.54,0
63.03,26.2,62.21,4.36,late,loamy,3.14,0
72.04,20.46,54.64,3.92,initial,sandy,1.83,0
36.42,22.61,69.62,3.68,mid_season,loamy,19.43,0
24.5,30.74,42.91,0,initial,sandy,0,0
78.47,31.66,89.3,1.19,development,loamy,3.21,0
66.43,35.68,59.05,3.32,late,clay,11.25,0
47.76,28.19,45.67,3.88,late,clay,1.73,0
50.66,27.17,42.25,2.62,development,sandy,12.02,0
42.13,31.64,79.85,3.25,initial,clay,3.51,0
38.81,28.48,76.5,3.08,late,loamy,12.27,0
57.5,28.89,70.77,2.93,mid_season,loamy,5.7,0
56.19,31.0,60.48,2.66,late,loamy,2.87,0
65.35,31.0,72.38,5.76,initial,sandy,13.9,0
44.26,36.52,50.44,0,development,clay,0,1
46.0,30.37,56.33,0,development,clay,0,0
41.83,32.28,50.63,4.01,initial,sandy,16.38,0
30.5,33.71,72.37,3.35,development,clay,10.68,0
43.39,35.73,85.99,3.48,mid_season,clay,17.73,0
20.79,22.59,84.97,0,initial,clay,0,0
63.22,27.4,58.44,0,initial,clay,0,0
68.66,20.89,79.59,0,development,loamy,0,0
42.05,30.36,65.29,2.59,initial,clay,3.68,0
45.33,27.16,64.85,6.46,mid_season,sandy,5.59,0
69.21,18.38,78.74,4.04,mid_season,loamy,10.03,0
32.3,34.98,40.28,5.21,mid_season,clay,20.11,0
54.84,20.21,46.32,2.97,initial,clay,9.16,0
55.8,18.26,65.03,4.83,late,clay,16.26,0
35.56,25.04,61.93,0,initial,sandy,0,0
70.45,34.55,59.95,5.61,development,sandy,10.49,0
48.47,31.11,86.86,3.14,development,clay,11.25,0
55.05,24.82,48.61,3.67,mid_season,clay,14.36,0
25.82,25.94,47.82,3.32,mid_season,clay,14.26,0
68.1,24.9,45.79,0,development,sandy,0,0
69.58,27.5,69.61,0,initial,clay,0,0
5,25.41,89.09,5.16,late,loamy,1.44,0
36.13,33.56,83.15,4.93,late,sandy,5.57,0
18.94,27.33,46.32,4.11,mid_season,loamy,11.82,0
89.61,20.5,45.89,4.95,development,clay,9.81,0
57.62,37.61,63.77,0,development,loamy,0,0
50.9,37.01,61.19,3.05,development,clay,13.94,0
31.8,20.01,51.27,5.2,late,loamy,9.74,0
61.21,22.85,47.32,4.35,late,loamy,4.85,0
19.54,20.22,74.3,0,development,clay,0,1
43.25,27.98,86.72,0,mid_season,sandy,0,1
38.74,30.25,40.77,4.15,development,loamy,4.7,0
30.02,24.61,40.03,4.32,initial,sandy,7.83,0
76.56,27.77,63.21,0,development,clay,0,0
89.13,33.73,88.91,3.34,initial,sandy,11.62,0
89.03,35.17,46.7,0,initial,sandy,0,0
92.78,28.94,47.77,2.03,development,loamy,14.1,0
73.28,18.83,60.75,2.09,development,clay,1.44,0
71.11,36.53,75.05,2.2,development,loamy,24.73,0
63.77,37.91,77.19,5.59,initial,clay,7.15,0
62.22,24.42,50.88,2.7,initial,clay,10.16,0
71.71,29.14,49.87,4.63,mid_season,loamy,3.13,0
80.81,28.45,74.63,2.9,development,sandy,5.95,0
53.02,22.47,74.25,3.73,initial,clay,8.23,0
46.42,34.88,73.17,0,initial,loamy,0,0
76.17,23.15,41.03,0,initial,sandy,0,0
81.51,22.45,55.36,4.2,development,sandy,13.53,0
61.13,36.89,74.83,4.82,initial,sandy,7.11,0
59.67,35.57,56.77,2.91,late,clay,7.97,0
30.69,26.96,83.11,3.12,mid_season,sandy,11.8,0
69.68,35.3,57.81,3.13,mid_season,clay,9.55,0
38.3,32.0,52.16,5.14,mid_season,clay,9.68,0
15.2,23.77,86.79,0,late,sandy,0,1
37.98,33.24,44.45,3.51,late,clay,13.42,0
44.39,27.77,87.37,4.34,initial,loamy,16.95,0
24.41,30.97,51.34,4.2,initial,loamy,5.33,0
20.42,36.7,61.45,4.49,development,sandy,2.53,0
35.25,34.91,72.4,3.82,initial,loamy,10.5,0
58.8,28.14,40.2,3.93,late,clay,6.5,0
55.1,26.88,79.2,0,initial,sandy,0,0
95,36.81,71.1,2.36,development,sandy,3.35,0
77.55,36.28,84.19,3.92,initial,clay,3.85,0
31.81,32.3,65.93,5.12,development,clay,14.53,0
58.49,22.39,73.22,0,late,sandy,0,1
49.99,27.78,43.72,4.93,development,loamy,9.3,0
47.22,31.23,43.96,5.29,late,sandy,10.07,0
56.54,27.93,78.94,2.43,development,sandy,14.84,0
68.0,33.0,78.56,4.34,mid_season,loamy,19.09,0
56.04,19.18,69.63,0,initial,sandy,0,0
64.52,36.67,81.87,0,development,loamy,0,0
60.67,28.29,67.8,1.51,late,clay,13.01,0
52.21,31.94,66.89,5.08,late,loamy,17.01,0
31.72,27.2,47.19,3.11,mid_season,clay,18.41,0
68.04,27.74,54.23,1.61,late,loamy,9.65,0
60.38,37.42,47.39,4.66,late,sandy,15.83,0
50.02,29.72,54.0,5.04,initial,loamy,1.87,0
58.09,34.08,89.37,5.07,development,clay,11.54,0
68.57,28.86,86.52,2.97,mid_season,sandy,3.75,0
64.85,23.15,59.18,0,development,clay,0,0
48.79,29.77,53.9,4.37,development,clay,5.04,0
45.8,27.19,88.98,0,late,sandy,0,1
89.27,32.96,89.39,2.44,late,sandy,5.1,0
84.71,18.75,83.54,4.66,development,sandy,14.86,0
76.45,19.72,69.09,4.89,mid_season,clay,12.2,0
53.06,36.52,40.2,4.14,late,loamy,10.31,0
42.75,31.49,66.25,5.57,mid_season,loamy,5.59,0
59.95,31.48,68.47,4.96,late,loamy,5.21,0
36.7,32.36,47.72,4.71,development,loamy,1.34,0
45.92,29.03,66.0,3.64,mid_season,clay,7.34,0
42.21,34.59,61.15,3.02,development,clay,11.92,0
33.86,36.69,68.39,5.08,late,clay,3.67,0
40.26,18.54,54.41,0,mid_season,sandy,0,1
45.28,34.92,52.23,0,development,sandy,0,1
72.73,19.34,47.93,4.78,late,loamy,9.3,0
29.85,26.24,69.25,3.59,development,clay,17.82,0
34.6,33.08,58.67,4.22,development,sandy,6.83,0
50.74,37.69,61.06,5.32,initial,clay,4.71,0
66.78,28.33,72.8,3.56,development,sandy,12.26,0
68.19,35.48,48.86,4.4,mid_season,sandy,16.94,0
61.43,23.48,67.18,0,late,clay,0,0
57.17,20.68,59.83,2.74,development,sandy,7.72,0
27.81,33.8,62.8,3.68,mid_season,clay,24.4,0
78.57,28.02,71.8,0,mid_season,loamy,0,0
48.78,23.72,51.57,5.46,initial,sandy,7.15,0
47.62,37.34,56.79,5.25,late,loamy,15.19,0
71.9,25.13,41.0,3.72,late,clay,7.95,0
63.97,22.24,40.79,3.71,mid_season,clay,16.22,0
44.33,37.61,55.43,4.56,late,loamy,17.34,0
53.98,23.66,85.57,0,initial,loamy,0,0
53.03,25.1,45.42,3.05,initial,clay,17.35,0
54.54,23.98,49.51,4.8,mid_season,loamy,0.79,0
69.51,28.5,49.38,3.36,initial,clay,5.67,0
47.66,20.0,84.38,4.62,initial,sandy,3.33,0
50.81,24.45,89.75,6.16,development,sandy,4.96,0
56.99,32.09,63.24,2.87,development,clay,9.3,0
59.96,37.43,43.38,4.6,development,loamy,8.78,0
29.48,18.32,73.21,3.57,development,clay,4.24,0
70.47,30.96,42.42,0,initial,loamy,0,0
44.12,20.33,46.98,4.65,initial,loamy,4.45,0
71.1,37.61,76.32,4.04,development,sandy,1.57,0
56.56,36.18,78.17,5.33,development,sandy,2.49,0
58.3,18.81,65.2,2.39,late,loamy,2.68,0
44.19,35.52,81.02,1.56,late,clay,15.45,0
23.53,20.74,75.74,5.15,mid_season,clay,12.11,0
53.94,27.52,78.91,5.11,development,loamy,7.24,0
81.39,30.21,42.81,2.76,mid_season,clay,9.82,0
48.44,26.02,89.55,3.37,mid_season,loamy,18.63,0
44.97,19.57,40.47,3.32,development,clay,12.49,0
18.8,24.06,49.28,6.1,mid_season,sandy,9.54,0
82.09,32.54,82.84,3.89,development,sandy,4.67,0
35.97,32.58,59.92,0,mid_season,loamy,0,1
33.91,35.64,77.15,2.61,development,loamy,11.84,0
70.0,23.51,74.09,3.74,initial,clay,3.94,0
56.83,22.63,60.38,0,mid_season,loamy,0,0
62.48,30.75,49.24,0,late,sandy,0,0
42.55,30.24,61.65,5.64,mid_season,loamy,11.3,0
86.42,21.01,53.58,2.42,initial,sandy,3.62,0
40.91,37.82,81.9,1.74,initial,clay,13.9,0
35.07,35.93,63.03,4.03,initial,loamy,9.42,0
73.34,32.64,85.66,0,development,clay,0,0
56.65,18.76,73.53,0,initial,clay,0,0
43.87,35.53,77.23,5.3,mid_season,loamy,8.57,0
75.54,18.66,86.28,3.43,late,clay,8.58,0
74.36,27.06,89.0,5.41,initial,sandy,1.61,0
34.6,30.11,40.64,0,mid_season,sandy,0,1
49.69,30.69,86.86,2.79,initial,loamy,16.05,0
63.24,33.09,78.93,3.8,initial,clay,12.24,0
56.55,24.69,86.11,0,development,clay,0,0
89.76,31.3,83.85,3.02,late,sandy,4.05,0
84.46,35.83,80.36,4.0,initial,loamy,11.8,0
19.36,22.33,67.02,4.66,late,clay,12.53,0
57.01,18.94,44.75,2.95,initial,sandy,9.96,0
38.46,20.96,40.15,3.51,initial,sandy,18.08,0
40.15,32.78,88.34,6.04,initial,sandy,5.23,0
12.53,21.94,61.65,5.87,development,sandy,9.53,0
31.38,37.15,66.69,2.3,initial,loamy,6.36,0
65.21,24.2,57.64,3.86,development,loamy,1.25,0
33.5,21.73,64.57,4.6,late,sandy,10.6,0
44.85,30.04,71.23,0,late,sandy,0,1
81.23,23.81,81.26,3.07,late,clay,9.96,0
21.72,27.96,62.11,3.99,mid_season,loamy,10.93,0
38.83,37.77,42.19,6.57,initial,loamy,7.67,0
32.16,32.6,54.52,4.49,late,sandy,11.48,0
65.58,22.75,47.16,3.9,late,clay,11.31,0
90.18,21.02,68.54,2.81,mid_season,sandy,7.57,0
60.9,25.75,66.34,4.4,initial,clay,18.69,0
61.78,31.21,77.3,3.82,late,sandy,4.74,0
89.46,36.46,56.59,2.7,late,loamy,12.48,0
79.23,37.79,81.17,0,development,clay,0,0
59.67,29.81,45.11,2.94,initial,loamy,5.25,0
70.8,25.03,56.04,0,mid_season,loamy,0,0
84.12,32.61,56.28,0,late,sandy,0,0
56.86,22.28,85.94,4.7,development,loamy,1.08,0
41.05,26.43,88.79,3.27,late,sandy,0.81,0
65.38,21.87,47.89,5.79,late,clay,19.74,0
48.74,22.2,75.58,4.03,mid_season,loamy,8.38,0
51.66,25.36,45.73,5.53,initial,loamy,7.36,0
81.67,22.01,76.6,3.77,late,clay,3.21,0
38.0,30.09,55.94,4.95,development,loamy,12.63,0
31.08,25.04,82.11,2.54,development,loamy,4.23,0
74.53,26.99,89.63,5.77,mid_season,sandy,15.92,0
43.24,25.58,47.27,0,initial,clay,0,0
63.18,19.08,50.66,3.46,development,sandy,18.97,0
75.98,28.12,44.04,0,initial,clay,0,0
49.14,27.67,79.45,0,mid_season,sandy,0,1
55.5,22.97,76.14,3.29,development,sandy,5.75,0
70.42,25.74,48.89,0,development,clay,0,0
37.46,31.16,76.15,3.66,development,clay,11.02,0
31.43,28.39,57.48,5.97,development,sandy,14.05,0
58.9,26.28,46.49,4.67,mid_season,loamy,12.66,0
72.44,33.88,54.27,3.94,development,sandy,12.35,0
62.71,27.98,74.98,2.57,mid_season,loamy,1.54,0
62.74,37.8,70.92,4.16,mid_season,clay,1.77,0
41.72,26.26,79.61,3.56,late,loamy,3.64,0
58.18,33.07,43.49,3.34,initial,clay,2.49,0
75.58,34.69,78.29,0,initial,sandy,0,0
36.67,23.13,70.69,4.04,initial,clay,2.76,0
56.43,24.09,47.72,3.82,mid_season,clay,11.48,0
48.64,37.34,62.35,4.14,development,clay,3.5,0
43.47,24.54,62.71,3.6,development,loamy,0.88,0
64.02,19.43,89.61,5.02,mid_season,sandy,2.67,0
26.33,30.77,58.91,0,development,clay,0,1
51.01,32.77,46.59,3.01,mid_season,loamy,4.97,0
60.47,23.79,71.24,5.63,mid_season,loamy,18.88,0
40.16,37.32,48.74,4.62,development,clay,7.72,0
38.94,33.2,50.97,3.54,development,loamy,11.92,0
59.6,31.47,46.36,3.06,development,sandy,1.77,0
63.21,31.28,85.0,4.24,mid_season,sandy,19.87,0
64.51,22.26,63.88,3.72,mid_season,loamy,2.3,0
82.01,21.39,50.32,4.2,late,sandy,17.4,0
75.52,28.75,73.42,3.06,initial,sandy,0.89,0
95,18.73,89.03,4.43,development,sandy,3.76,0
59.87,27.14,49.86,2.9,mid_season,clay,21.2,0
76.13,20.95,42.81,4.31,late,loamy,5.93,0
29.61,20.51,78.6,0,late,loamy,0,1
43.32,27.78,88.09,0.95,development,clay,10.01,0
29.7,18.4,65.41,4.08,late,clay,13.78,0
67.38,20.77,47.22,4.04,initial,clay,7.82,0
57.59,34.58,50.18,3.57,development,loamy,17.29,0
61.02,37.41,62.35,4.02,initial,loamy,9.36,0
78.81,33.9,71.17,3.96,initial,sandy,7.14,0
58.45,37.44,82.62,4.08,development,loamy,6.44,0
49.77,19.95,85.72,2.16,late,sandy,6.98,0
51.75,29.42,61.93,2.69,development,sandy,7.93,0
49.48,19.8,65.73,3.4,initial,loamy,3.38,0
60.14,25.02,43.9,0,development,loamy,0,0
75.23,34.7,42.82,5.74,late,loamy,7.23,0
27.84,34.94,62.06,1.77,initial,sandy,4.05,0
53.19,21.27,80.2,4.97,late,clay,6.25,0
42.48,36.36,59.19,5.17,initial,clay,9.83,0
67.06,18.19,64.54,3.18,mid_season,clay,22.57,0
66.22,35.23,62.72,0,initial,clay,0,0
39.47,26.56,49.18,0,initial,loamy,0,0
41.25,24.43,79.08,4.89,development,sandy,8.7,0
46.84,26.17,67.11,3.38,mid_season,clay,7.0,0
55.51,31.05,49.85,2.44,late,sandy,12.21,0
52.26,30.11,77.88,2.14,development,sandy,5.62,0
46.63,21.44,66.48,1.93,development,loamy,9.57,0
41.58,23.13,57.79,0,initial,sandy,0,0
61.84,26.12,67.6,5.18,mid_season,clay,8.61,0
50.34,18.08,69.24,0,development,loamy,0,1
51.47,24.45,87.47,5.18,development,loamy,2.01,0
50.48,18.37,88.91,4.0,development,clay,0.65,0
10.3,31.64,56.69,2.86,initial,sandy,6.11,0
93.66,25.67,60.74,0,initial,sandy,0,0
47.28,35.28,48.79,3.74,late,loamy,11.29,0
53.45,30.33,69.36,3.78,late,loamy,3.28,0
41.21,35.82,52.48,0,development,clay,0,1
44.26,19.36,86.83,2.77,mid_season,clay,13.04,0
52.26,19.33,44.52,2.7,mid_season,clay,8.55,0
50.22,34.87,52.11,3.86,mid_season,sandy,2.05,0
44.16,35.0,42.87,0,late,loamy,0,1
83.18,37.7,85.9,3.19,late,loamy,1.17,0
52.14,22.76,72.02,5.38,mid_season,loamy,3.28,0
36.52,21.03,70.87,3.89,late,loamy,9.32,0
34.41,27.72,61.24,3.74,initial,clay,5.73,0
55.0,21.08,81.65,4.82,development,loamy,11.96,0
68.78,26.43,66.12,4.79,mid_season,clay,17.88,0
39.45,23.53,68.54,5.01,late,loamy,5.17,0
63.52,21.53,61.06,4.96,initial,loamy,15.07,0
72.78,21.97,85.62,3.37,late,sandy,16.84,0
42.52,24.12,40.87,2.62,late,clay,7.37,0
38.6,22.74,64.85,3.44,development,loamy,7.61,0
92.58,22.85,53.02,0,initial,sandy,0,0
33.34,19.98,62.87,2.15,development,clay,0.64,0
78.07,37.28,47.73,0,initial,loamy,0,0
28.03,19.07,63.88,3.45,mid_season,loamy,9.42,0
49.54,18.4,80.41,5.63,late,sandy,15.94,0
43.92,37.47,62.66,3.68,initial,clay,8.78,0
73.0,32.15,50.19,2.18,late,loamy,6.48,0
56.44,27.99,73.38,2.31,initial,loamy,3.31,0
64.66,18.77,40.21,5.12,initial,clay,15.04,0
66.12,18.28,41.81,1.62,initial,loamy,5.92,0
59.97,29.87,54.44,3.03,mid_season,clay,15.44,0
70.84,18.79,59.9,0,development,sandy,0,0
49.99,19.58,49.56,2.19,mid_season,sandy,4.22,0
68.51,29.62,81.94,0,mid_season,loamy,0,0
48.55,25.59,42.92,0,initial,sandy,0,0
32.48,18.49,60.65,3.54,mid_season,sandy,3.03,0
62.98,30.68,59.35,3.75,development,clay,15.5,0
66.93,37.72,54.18,5.94,late,loamy,11.39,0
47.5,29.83,76.28,4.7,initial,clay,14.15,0
42.08,24.26,64.98,5.29,initial,sandy,3.68,0
37.06,27.91,46.45,5.36,late,sandy,11.96,0
58.02,20.68,63.2,4.02,mid_season,loamy,8.33,0
36.67,31.59,73.85,4.16,mid_season,clay,16.19,0
39.59,35.51,57.32,2.84,mid_season,loamy,15.25,0
41.33,20.66,66.47,3.59,initial,loamy,6.83,0
59.22,33.4,56.73,0,development,clay,0,0
56.21,35.55,45.58,3.66,initial,clay,2.9,0
84.46,21.45,52.68,2.34,development,sandy,0.71,0
29.59,36.83,83.22,4.56,initial,loamy,8.46,0
95,22.37,43.68,4.42,late,clay,16.69,0
62.69,23.39,66.6,4.08,development,clay,3.77,0
40.86,35.58,55.03,0,late,sandy,0,1
60.39,27.97,81.93,5.11,development,sandy,8.39,0
72.8,31.96,48.53,0,mid_season,sandy,0,0
53.95,25.11,59.05,4.99,mid_season,clay,6.5,0
61.81,37.1,47.24,4.11,mid_season,clay,8.64,0
65.81,32.95,43.1,4.5,initial,loamy,0.06,0
67.32,18.47,85.06,2.96,development,loamy,4.37,0
65.13,21.36,48.92,5.86,mid_season,sandy,9.56,0
47.45,34.45,87.85,1.39,mid_season,clay,14.21,0
90.94,32.24,89.39,3.04,late,sandy,13.86,0
29.35,32.99,47.72,3.94,mid_season,sandy,12.03,0
44.25,20.8,49.49,2.1,late,clay,23.9,0
51.64,23.95,58.13,1.53,development,clay,16.22,0
46.9,36.35,44.93,0,development,clay,0,0
50.64,22.9,52.41,1.1,mid_season,clay,0.27,0
50.34,18.92,66.28,3.02,late,clay,9.16,0
73.78,18.59,55.36,1.6,initial,clay,13.16,0
63.03,18.85,78.93,4.31,development,sandy,12.89,0
41.56,36.32,88.74,3.62,development,clay,8.82,0
70.47,23.22,71.92,5.58,development,loamy,14.58,0
75.62,35.07,72.95,3.74,mid_season,loamy,3.3,0
39.99,32.25,77.72,0,late,loamy,0,1
74.11,37.19,60.09,3.28,initial,loamy,8.89,0
81.33,34.09,46.6,4.21,development,loamy,12.38,0
54.28,21.73,66.07,2.43,initial,sandy,1.23,0
36.88,30.57,76.05,2.72,mid_season,loamy,10.14,0
54.42,36.71,87.94,4.56,late,sandy,6.87,0
49.85,37.43,47.32,0,development,sandy,0,1
52.12,29.74,46.2,4.12,initial,clay,10.75,0
66.08,21.18,71.05,0,development,loamy,0,0
27.37,36.79,42.09,3.69,development,clay,8.42,0
53.58,30.75,47.72,5.27,mid_season,sandy,5.05,0
55.7,27.07,58.69,2.44,development,sandy,3.26,0
63.04,36.93,60.48,1.95,development,clay,9.31,0
62.47,26.7,68.28,2.75,development,loamy,8.07,0
48.13,19.63,45.92,3.82,late,loamy,9.36,0
45.71,37.05,80.62,5.63,development,sandy,1.72,0
82.16,29.35,71.61,0,late,sandy,0,0
30.05,22.48,53.11,4.86,initial,clay,1.05,0
38.99,24.34,42.25,4.54,late,loamy,8.52,0
26.94,25.03,82.83,2.97,mid_season,clay,13.63,0
60.33,26.26,65.88,0,late,clay,0,0
54.11,37.17,71.45,0,initial,clay,0,0
86.83,21.1,88.1,1.25,initial,sandy,8.97,0
45.58,23.01,89.84,5.83,development,sandy,1.02,0
90.24,21.85,76.99,0,late,clay,0,0
43.95,28.9,72.22,5.05,late,clay,14.08,0
52.7,27.83,75.53,3.35,mid_season,clay,12.67,0
37.11,30.33,46.06,5.44,development,clay,12.09,0
48.33,27.21,57.28,2.44,initial,sandy,7.05,0
63.27,34.17,56.52,3.03,mid_season,sandy,12.59,0
68.02,20.97,59.88,4.65,mid_season,sandy,2.67,0
57.47,27.26,76.53,4.89,late,clay,22.83,0
75.78,36.59,76.8,4.56,initial,clay,17.44,0
12.95,28.86,49.67,4.0,development,sandy,16.81,0
58.62,29.59,57.1,6.28,late,sandy,8.91,0
51.78,24.33,79.7,1.69,late,loamy,10.96,0
81.58,28.94,66.95,3.76,initial,sandy,16.08,0
20.26,35.96,50.41,3.42,mid_season,sandy,13.22,0
70.18,28.4,56.15,4.55,mid_season,loamy,2.54,0
67.75,33.21,78.13,0,development,sandy,0,0
35.0,29.76,68.65,4.44,mid_season,clay,10.14,0
53.65,21.86,50.68,3.12,development,clay,2.01,0
87.02,22.19,73.33,3.75,initial,clay,0.63,0
68.01,30.87,60.62,0,initial,loamy,0,0
57.2,32.92,70.56,3.69,initial,sandy,11.99,0
30.22,34.25,66.27,3.62,initial,sandy,13.89,0
23.41,27.53,62.7,0,initial,sandy,0,0
74.08,29.98,88.33,4.01,late,loamy,13.91,0
54.68,18.8,84.51,6.56,mid_season,clay,8.35,0
37.08,32.68,51.49,0,late,sandy,0,1
77.85,18.84,54.12,5.85,mid_season,clay,2.95,0
53.64,37.69,76.97,0,late,loamy,0,0
72.7,28.44,63.01,0,initial,sandy,0,0
38.9,27.39,80.55,2.56,mid_season,clay,16.38,0
50.51,33.44,79.56,4.42,mid_season,sandy,0.34,0
38.74,30.56,47.64,2.38,initial,sandy,12.36,0
31.46,31.11,82.51,3.34,development,clay,12.23,0
17.67,24.5,84.11,4.55,late,sandy,6.24,0
47.74,22.15,61.41,1.98,mid_season,clay,11.39,0
80.58,20.81,63.49,4.93,initial,clay,12.56,0
84.47,20.21,72.49,3.27,initial,sandy,3.96,0
51.78,20.52,87.94,5.0,mid_season,loamy,16.07,0
73.07,37.1,77.36,5.59,development,clay,21.63,0
32.99,29.37,49.9,1.54,development,clay,9.54,0
70.75,21.17,80.76,4.73,development,sandy,7.12,0
90.16,37.46,69.18,5.23,initial,sandy,12.27,0
53.95,35.16,75.63,2.83,mid_season,clay,13.37,0
91.47,35.42,76.28,3.51,mid_season,sandy,6.9,0
55.21,19.76,65.27,3.5,initial,clay,8.54,0
63.89,21.65,65.23,0,mid_season,loamy,0,0
72.29,23.69,48.44,3.59,mid_season,sandy,10.33,0
91.12,26.42,77.89,3.18,development,loamy,6.21,0
50.69,28.94,62.4,4.14,initial,loamy,3.51,0
75.42,37.37,87.88,5.69,initial,loamy,0.55,0
25.79,22.55,67.25,5.51,mid_season,clay,8.66,0
19.67,33.56,63.71,2.52,mid_season,loamy,8.75,0
15.75,18.11,55.53,0,late,loamy,0,1
42.43,18.54,60.85,3.65,late,sandy,8.1,0
27.48,31.44,86.6,0,late,clay,0,1
37.27,30.29,89.58,3.72,initial,clay,16.77,0
75.38,23.49,83.15,0,late,clay,0,0
59.9,22.47,73.65,4.21,initial,clay,5.44,0
81.9,34.72,67.57,0,late,clay,0,0
49.16,35.54,49.34,3.49,mid_season,loamy,18.81,0
63.66,26.91,46.03,0,mid_season,sandy,0,0
30.48,29.58,89.57,3.02,development,sandy,6.24,0
62.57,24.46,49.39,5.91,initial,loamy,4.89,0
48.21,20.42,43.04,0,initial,loamy,0,0
26.02,25.63,48.68,5.13,mid_season,sandy,0.59,0
34.74,37.05,79.92,5.38,late,loamy,7.76,0
28.9,23.02,59.8,4.55,initial,clay,7.7,0
62.07,29.18,86.27,5.17,initial,sandy,2.56,0
78.27,19.27,50.36,2.68,late,loamy,2.67,0
80.47,35.75,73.16,0,initial,clay,0,0
63.18,29.56,66.6,4.28,initial,clay,7.09,0
74.31,21.04,63.74,2.69,mid_season,loamy,3.61,0
60.53,27.69,51.48,3.99,initial,sandy,14.76,0
37.29,37.97,60.75,5.29,mid_season,clay,18.64,0
82.91,28.75,68.63,5.39,mid_season,clay,12.74,0
31.99,22.42,51.33,4.04,mid_season,loamy,12.11,0
33.47,23.39,67.05,1.53,late,clay,20.3,0
90.66,19.87,47.01,4.06,initial,sandy,14.72,0
58.26,27.14,60.81,0,initial,sandy,0,0
40.84,34.04,87.75,5.61,late,loamy,3.07,0
48.27,22.32,51.52,0,mid_season,sandy,0,1
69.98,25.56,59.23,3.69,late,clay,14.66,0
69.12,30.8,63.64,0,initial,sandy,0,0
82.46,37.45,77.0,2.79,late,clay,14.08,0
79.39,26.64,60.48,0,development,clay,0,0
50.84,20.88,55.75,3.76,mid_season,sandy,0.28,0
30.67,25.41,66.41,1.75,development,sandy,0.82,0
72.66,23.48,76.18,4.91,late,clay,3.87,0
28.47,20.1,60.07,4.04,development,clay,4.9,0
44.61,32.68,65.12,2.1,development,clay,12.29,0
81.48,26.34,67.48,4.95,initial,clay,3.66,0
57.48,22.97,43.54,0,development,loamy,0,0
56.09,36.34,69.42,6.24,mid_season,clay,20.02,0
36.41,32.95,83.0,5.72,development,clay,14.42,0
34.03,19.17,73.93,0,development,loamy,0,1
45.6,21.32,47.25,4.94,initial,sandy,17.32,0
70.19,33.51,57.27,3.97,development,clay,17.62,0
60.68,28.91,52.71,6.0,development,sandy,0.99,0
51.13,35.96,82.77,0,initial,clay,0,0
76.12,19.5,58.76,0,development,clay,0,0
41.88,22.3,58.68,3.73,mid_season,loamy,6.6,0
40.23,21.98,58.48,5.0,initial,sandy,4.47,0
45.89,23.75,51.5,3.78,late,loamy,7.86,0
51.69,21.02,41.38,5.14,late,sandy,20.32,0
63.69,19.78,87.27,3.39,initial,loamy,12.02,0
51.49,24.13,86.61,6.24,initial,clay,8.43,0
40.86,35.92,55.83,3.65,late,loamy,15.2,0
62.15,26.67,57.26,5.04,late,sandy,9.2,0
40.4,26.82,48.68,2.87,initial,clay,6.78,0
31.52,34.15,62.58,5.27,mid_season,clay,14.81,0
71.05,19.31,72.61,4.36,development,loamy,7.47,0
90.77,20.86,45.74,3.82,late,clay,0.94,0
60.1,31.33,67.21,2.94,mid_season,sandy,10.03,0
46.91,34.93,60.28,4.75,late,sandy,11.04,0
51.66,32.08,56.57,4.23,mid_season,loamy,7.01,0
71.35,37.83,61.73,4.04,mid_season,sandy,13.3,0
55.58,28.34,83.94,4.36,development,clay,6.91,0
56.58,23.31,66.51,3.7,development,sandy,5.94,0
62.33,27.2,73.53,4.66,initial,sandy,9.05,0
61.01,34.88,57.98,3.45,development,sandy,8.15,0
61.22,20.56,70.3,4.27,initial,sandy,5.71,0
82.56,37.67,57.69,4.79,initial,loamy,10.76,0
46.16,22.37,48.27,4.04,development,sandy,24.19,0
30.57,18.98,60.6,4.18,late,clay,0.75,0
61.74,23.41,61.42,0,late,sandy,0,0
55.05,30.83,85.0,3.65,late,sandy,7.29,0
38.32,24.46,52.69,4.09,late,clay,11.4,0
57.86,30.82,48.89,4.5,development,sandy,0.21,0
80.89,23.86,73.85,3.47,mid_season,sandy,7.94,0
72.95,21.36,78.88,4.58,mid_season,loamy,14.21,0
84.57,36.89,78.04,4.08,development,clay,5.52,0
71.68,34.85,41.95,5.18,mid_season,sandy,6.65,0
34.13,29.46,85.39,4.8,mid_season,loamy,13.64,0
74.37,30.55,56.49,3.09,late,clay,19.04,0
24.97,18.68,77.84,4.32,initial,loamy,10.79,0
19.92,22.38,82.62,0,late,loamy,0,1
51.48,20.71,70.17,0,initial,sandy,0,0
55.69,30.35,76.37,2.47,development,clay,8.35,0
51.65,31.66,87.68,5.13,mid_season,sandy,6.21,0
56.94,36.13,79.85,3.72,initial,clay,6.9,0
39.12,28.75,46.82,4.12,initial,loamy,4.63,0
59.55,27.19,40.29,3.93,late,sandy,16.0,0
53.12,31.62,43.67,4.16,mid_season,sandy,17.73,0
55.38,37.43,61.6,4.56,development,loamy,7.75,0
81.36,35.89,64.43,0,late,loamy,0,0
86.76,18.77,61.85,3.92,mid_season,clay,13.29,0
50.23,23.36,46.15,2.78,initial,loamy,1.77,0
41.8,29.72,87.31,3.85,initial,loamy,8.64,0
75.2,31.92,40.26,3.76,development,clay,12.2,0
50.1,36.29,44.58,4.22,development,sandy,10.99,0
46.86,24.29,41.52,3.5,mid_season,loamy,8.17,0
54.73,30.82,53.55,4.81,late,sandy,15.49,0
57.62,23.15,59.34,3.56,initial,sandy,7.91,0
28.74,22.09,53.2,2.92,late,sandy,6.95,0
81.15,29.72,58.17,5.13,mid_season,loamy,6.49,0
46.76,26.69,51.97,2.42,development,clay,6.21,0
21.78,22.16,89.57,3.93,development,clay,16.58,0
56.38,35.31,75.63,4.4,development,loamy,12.79,0
73.14,27.01,56.84,0,initial,sandy,0,0
70.81,30.36,81.32,4.71,late,loamy,17.59,0
51.44,36.87,46.12,4.78,late,clay,1.53,0
76.87,32.44,79.22,3.56,initial,clay,7.66,0
63.01,26.02,65.03,4.51,initial,clay,7.4,0
49.73,33.69,48.24,3.14,late,clay,0.71,0
34.38,35.83,68.64,5.04,mid_season,clay,2.92,0
60.58,23.96,87.79,3.98,initial,loamy,2.35,0
17.0,20.66,55.44,4.6,late,clay,16.87,0
57.64,36.14,61.52,2.64,development,loamy,1.46,0
65.11,21.6,43.0,4.34,late,sandy,2.8,0
43.84,24.39,41.65,4.52,initial,clay,5.61,0
37.96,29.49,68.87,5.13,mid_season,sandy,16.96,0
39.38,35.83,70.53,5.05,late,clay,15.15,0
75.95,33.11,64.5,4.5,mid_season,loamy,19.82,0
39.63,28.12,77.41,4.61,late,loamy,2.82,0
35.43,22.29,84.14,0,development,sandy,0,1
12.73,37.42,60.22,3.04,initial,loamy,18.08,0
66.91,37.95,40.0,3.78,late,loamy,3.64,0
74.28,30.97,81.39,2.41,mid_season,clay,6.99,0
87.39,34.75,65.76,2.87,development,loamy,18.58,0
78.91,22.97,55.06,2.93,mid_season,clay,10.36,0
63.82,24.92,44.15,4.7,mid_season,sandy,6.83,0
12.32,36.42,56.31,3.28,mid_season,loamy,3.82,0
90.49,29.52,87.36,4.82,mid_season,sandy,6.71,0
58.42,20.04,57.94,0,initial,loamy,0,0
67.23,29.27,74.53,4.32,initial,sandy,0.72,0
62.23,33.98,54.45,4.23,development,clay,10.88,0
73.15,28.47,49.67,4.47,initial,sandy,0.12,0
64.17,20.35,88.21,4.47,late,loamy,11.22,0
48.36,27.07,52.23,0,development,loamy,0,1
44.81,30.39,48.31,3.77,initial,loamy,1.76,0
31.19,34.85,82.78,0,development,clay,0,1
50.74,25.84,58.49,3.54,mid_season,clay,7.1,0
68.97,37.64,44.93,0,initial,sandy,0,0
66.73,30.85,83.53,4.12,late,clay,9.85,0
80.95,18.45,88.06,0,development,sandy,0,0
63.38,18.99,78.37,2.06,late,loamy,6.45,0
59.12,31.3,70.7,3.17,initial,sandy,13.29,0
68.66,28.65,53.05,4.32,initial,loamy,0.49,0
50.21,35.4,66.45,5.86,development,sandy,7.04,0
83.7,36.44,59.69,4.66,mid_season,loamy,2.44,0
45.32,27.72,43.58,1.92,development,sandy,5.17,0
59.96,25.02,87.04,3.09,development,sandy,10.08,0
56.39,33.24,47.05,3.46,development,sandy,7.41,0
73.03,35.52,43.89,3.5,initial,loamy,2.29,0
32.6,26.56,62.39,4.31,mid_season,loamy,4.32,0
78.51,31.2,61.99,4.56,late,sandy,5.55,0
38.19,37.23,56.2,3.71,initial,sandy,3.88,0
64.62,22.57,47.3,0,late,loamy,0,0
59.63,21.69,82.27,0,initial,sandy,0,0
73.66,26.49,58.21,3.12,late,loamy,13.94,0
52.3,29.33,45.15,4.16,mid_season,sandy,0.43,0
46.35,34.79,58.85,3.79,mid_season,clay,9.84,0
51.66,31.89,55.69,3.8,development,sandy,4.23,0
63.56,19.22,50.73,2.99,development,loamy,4.29,0
52.29,20.72,56.8,4.17,late,loamy,4.48,0
72.49,28.13,87.36,3.99,mid_season,clay,1.8,0
62.92,36.49,55.1,3.64,late,loamy,15.88,0
51.96,29.55,87.55,4.1,development,sandy,3.47,0
38.73,20.27,69.41,0,development,loamy,0,1
47.54,34.09,50.61,3.58,initial,loamy,2.36,0
39.1,21.42,43.35,4.87,initial,clay,5.29,0
71.87,21.81,69.42,1.98,mid_season,clay,6.47,0
32.84,33.09,51.14,4.97,late,sandy,8.74,0
55.52,20.34,46.99,3.44,late,sandy,3.39,0
66.46,28.51,86.63,2.25,development,loamy,3.78,0
89.37,35.25,53.05,5.14,development,loamy,11.32,0
51.55,29.77,58.99,5.39,mid_season,clay,7.43,0
35.45,24.39,41.29,3.76,development,clay,7.87,0
74.78,36.83,57.06,4.19,mid_season,clay,6.67,0
48.7,29.77,79.67,0,mid_season,loamy,0,1
92.2,25.79,86.1,2.02,mid_season,loamy,16.99,0
65.83,36.64,65.34,2.71,initial,sandy,10.25,0
50.18,21.76,61.64,2.71,development,sandy,5.19,0
39.03,27.58,63.23,2.81,mid_season,clay,3.2,0
43.52,36.87,47.57,2.89,late,clay,13.34,0
29.04,31.96,76.54,0,initial,loamy,0,0
30.06,24.04,71.23,2.89,mid_season,clay,5.46,0
51.72,35.64,68.5,3.79,initial,loamy,17.61,0
66.29,30.88,83.84,5.28,late,loamy,6.41,0
44.81,25.77,58.19,3.39,initial,sandy,9.91,0
38.47,31.12,65.45,5.15,mid_season,sandy,6.44,0
26.57,22.94,52.52,0,initial,clay,0,0
80.09,28.02,52.96,4.88,mid_season,clay,22.46,0
51.85,24.48,65.6,3.56,development,sandy,3.37,0
46.91,34.44,56.63,4.72,development,loamy,14.43,0
79.98,26.77,55.91,5.36,development,sandy,8.28,0
14.98,30.33,54.77,5.94,mid_season,clay,14.76,0
55.99,19.09,84.29,4.13,late,clay,14.68,0
61.16,27.53,70.26,0,mid_season,sandy,0,0
70.61,23.55,51.55,0,late,clay,0,0
62.86,26.25,66.52,3.75,initial,clay,7.15,0
53.68,23.62,53.99,4.54,development,loamy,8.2,0
67.01,34.51,87.31,4.49,development,clay,5.55,0
35.9,32.03,67.77,4.94,late,sandy,5.14,0
34.38,25.3,65.66,5.37,initial,loamy,13.18,0
82.83,31.71,80.9,3.27,mid_season,clay,25.78,0
45.76,32.64,40.22,4.67,late,loamy,13.43,0
80.58,35.21,76.97,4.03,mid_season,loamy,6.64,0
70.01,20.16,77.73,4.63,late,loamy,10.62,0
28.82,22.74,55.02,3.78,mid_season,loamy,21.58,0
38.4,18.14,71.19,2.69,late,sandy,18.02,0
47.17,19.09,62.51,4.29,late,loamy,10.63,0
60.97,35.72,72.7,5.97,development,loamy,7.42,0
82.83,33.75,51.27,0,mid_season,sandy,0,0
36.54,27.96,64.54,4.44,late,clay,0.68,0
35.87,24.34,65.12,2.94,mid_season,sandy,13.6,0
31.26,25.73,69.02,2.98,development,loamy,12.18,0
80.79,37.21,52.25,3.81,initial,loamy,2.71,0
76.04,23.28,44.08,0,mid_season,clay,0,0
73.35,24.75,78.44,5.47,mid_season,clay,11.54,0
69.36,35.45,74.63,4.36,development,loamy,18.17,0
29.77,30.82,69.01,1.97,initial,clay,6.63,0
77.83,31.46,70.71,0,development,clay,0,0
56.28,23.52,53.83,3.54,mid_season,clay,2.5,0
26.23,29.27,66.64,1.1,development,clay,1.91,0
60.93,30.89,42.71,3.89,late,sandy,1.99,0
35.3,33.99,78.31,3.0,late,clay,11.38,0
88.41,21.77,89.04,1.89,development,clay,7.55,0
75.04,21.95,72.5,4.23,mid_season,sandy,16.77,0
76.71,32.35,89.31,3.82,development,sandy,14.86,0
32.9,25.3,41.76,4.47,mid_season,loamy,10.17,0
42.13,29.62,43.23,4.58,late,clay,21.94,0
44.33,31.71,87.02,0,initial,sandy,0,0
31.36,20.68,63.99,1.72,late,clay,8.74,0
26.78,29.14,64.3,3.6,development,clay,14.81,0
39.93,29.71,41.51,5.33,initial,sandy,2.96,0
72.5,22.67,84.3,3.8,mid_season,clay,17.06,0
56.25,25.78,86.77,4.05,late,sandy,2.03,0
47.33,26.89,77.12,4.62,initial,loamy,12.67,0
88.03,24.75,68.58,3.96,mid_season,clay,12.39,0
70.31,26.63,58.74,4.39,mid_season,sandy,4.49,0
59.38,35.27,47.28,3.95,mid_season,loamy,8.8,0
58.02,18.92,89.81,4.49,mid_season,clay,13.23,0
30.02,23.69,48.46,3.88,development,loamy,6.18,0
58.09,28.21,80.45,4.07,mid_season,loamy,7.12,0
53.09,26.11,80.6,4.49,initial,loamy,5.97,0
63.25,25.27,42.53,3.93,development,sandy,9.68,0
30.54,34.65,42.71,4.81,initial,sandy,6.3,0
37.77,37.96,63.85,4.53,initial,sandy,1.79,0
73.77,19.99,78.05,4.87,development,sandy,12.55,0
68.49,31.17,56.82,3.38,late,clay,9.98,0
70.32,34.48,82.58,0,late,loamy,0,0
41.62,29.13,76.88,3.72,late,loamy,3.48,0
63.51,37.85,76.95,5.99,late,sandy,9.86,0
34.4,24.8,87.84,3.99,mid_season,sandy,13.06,0
53.0,36.52,54.87,3.18,development,sandy,10.64,0
57.89,35.59,65.19,0,late,sandy,0,1
71.29,18.09,66.45,0,initial,sandy,0,0
69.37,21.81,77.69,0,late,sandy,0,0
42.29,32.88,60.57,2.76,initial,clay,0.25,0
73.07,32.1,50.45,0,late,loamy,0,0
50.43,25.62,62.86,3.17,mid_season,clay,4.61,0
66.11,26.6,65.19,3.06,late,sandy,3.64,0
82.66,24.36,63.57,0,late,sandy,0,0
68.72,34.58,46.38,0,late,sandy,0,0
56.43,31.87,67.89,3.21,development,clay,4.68,0
60.22,30.18,78.67,3.71,development,loamy,3.38,0
38.88,23.0,89.07,4.15,late,clay,7.15,0
59.35,36.33,45.34,4.87,development,sandy,5.79,0
40.13,30.26,64.63,0,development,sandy,0,1
60.45,25.45,45.93,4.29,mid_season,loamy,2.91,0
64.91,24.52,74.19,2.75,initial,clay,14.67,0
44.68,21.75,80.0,1.16,development,sandy,12.08,0
51.42,31.95,65.8,4.58,late,loamy,9.97,0
32.61,23.85,88.73,4.54,initial,loamy,6.53,0
70.73,28.87,44.32,4.13,development,clay,0.28,0
66.99,26.98,56.82,4.76,mid_season,sandy,0.91,0
14.4,28.9,71.04,2.41,mid_season,loamy,7.97,0
41.93,23.71,53.96,0.45,development,sandy,18.9,0
38.41,21.5,58.46,3.68,late,clay,15.82,0
42.02,29.68,82.41,0,late,sandy,0,1
95,35.45,65.63,2.2,late,clay,7.88,0
41.19,26.73,42.54,3.24,mid_season,clay,2.12,0
42.2,24.09,53.15,4.81,mid_season,clay,13.5,0
41.31,32.28,68.77,4.9,late,clay,9.47,0
16.4,27.99,47.3,1.49,mid_season,sandy,4.06,0
28.02,24.37,72.29,5.28,initial,loamy,5.89,0
60.69,35.01,74.0,3.98,mid_season,loamy,21.08,0
39.45,33.9,42.97,5.26,initial,sandy,12.58,0
21.42,27.32,88.79,4.69,development,loamy,1.33,0
62.75,19.78,81.57,4.59,mid_season,clay,18.93,0
54.41,19.85,57.56,4.13,late,loamy,8.42,0
50.54,35.13,80.9,0,initial,sandy,0,0
56.69,36.93,85.09,3.7,late,clay,6.87,0
70.08,33.4,82.84,2.56,mid_season,clay,6.26,0
63.23,35.4,49.05,5.22,mid_season,sandy,17.41,0
32.06,36.79,78.18,3.96,late,sandy,7.68,0
52.5,33.43,60.08,0,development,loamy,0,0
54.47,36.1,74.42,2.84,initial,sandy,1.77,0
95,30.67,74.11,0,development,sandy,0,0
83.76,34.16,55.03,5.27,late,clay,7.41,0
52.21,24.82,42.43,0,late,sandy,0,1
51.73,36.83,64.61,3.8,mid_season,loamy,15.83,0
65.17,34.86,72.09,4.12,mid_season,clay,11.63,0
69.07,23.54,78.51,3.82,development,clay,1.33,0
39.13,34.37,66.7,4.39,development,sandy,13.44,0
69.55,35.35,46.93,5.27,development,clay,20.93,0
90.65,37.0,86.1,3.98,development,clay,16.49,0
26.97,35.29,84.69,4.03,mid_season,loamy,4.38,0
30.17,22.1,52.46,2.33,mid_season,sandy,14.55,0
95,37.96,83.61,2.94,development,sandy,3.8,0
30.83,30.99,42.38,3.79,development,clay,0.8,0
44.06,22.86,79.24,4.58,mid_season,loamy,0.02,0
36.36,21.04,74.42,0,initial,loamy,0,0
69.75,31.53,52.88,0,initial,loamy,0,0
41.67,18.23,57.92,0,development,clay,0,1
73.48,18.86,76.87,3.73,late,loamy,8.94,0
60.13,31.39,47.87,5.06,mid_season,clay,18.19,0
60.8,18.63,73.84,4.01,late,clay,11.12,0
62.49,32.19,44.1,3.02,late,clay,6.75,0
58.0,34.14,40.37,0,initial,loamy,0,0
45.7,37.2,71.67,4.64,late,clay,9.24,0
66.32,36.59,70.92,4.3,late,sandy,0.61,0
68.32,31.32,52.09,5.11,development,sandy,10.35,0
47.0,18.69,41.08,0,initial,sandy,0,0
52.19,27.81,51.95,0,initial,loamy,0,0
41.76,32.69,51.16,2.61,late,clay,3.46,0
42.8,18.44,49.67,4.33,development,loamy,13.57,0
53.52,24.59,87.08,4.88,initial,loamy,9.48,0
69.84,35.81,63.6,4.95,initial,clay,5.03,0
48.5,21.42,76.13,3.38,mid_season,sandy,3.26,0
43.67,34.69,78.58,5.57,initial,clay,16.46,0
77.28,36.73,43.39,2.19,mid_season,clay,6.99,0
64.13,26.31,45.81,4.68,development,sandy,4.99,0
50.65,30.95,49.74,3.31,late,loamy,20.05,0
61.54,19.85,53.48,3.36,mid_season,clay,10.63,0
53.68,36.58,41.42,3.78,development,clay,9.18,0
49.06,26.84,67.94,0,development,loamy,0,1
40.95,18.06,68.59,0,initial,sandy,0,0
61.06,37.95,46.02,3.35,initial,sandy,9.55,0
43.35,36.92,89.09,0,development,loamy,0,1
45.7,33.07,57.92,4.25,mid_season,loamy,9.77,0
39.58,20.11,42.82,3.62,mid_season,sandy,6.17,0
39.81,31.57,50.07,4.94,development,loamy,15.23,0
56.31,37.6,47.6,4.37,late,clay,6.73,0
45.55,20.19,43.38,4.0,initial,sandy,3.52,0
77.04,30.08,46.21,5.72,development,clay,11.42,0
73.62,22.95,41.15,3.66,initial,loamy,5.35,0
14.75,34.72,81.82,3.1,mid_season,loamy,7.2,0
50.97,30.72,56.42,3.22,development,clay,11.18,0
64.03,34.61,58.33,4.52,development,clay,16.45,0
54.3,18.47,88.2,3.02,initial,sandy,3.58,0
64.51,36.53,46.38,4.47,mid_season,clay,2.59,0
57.97,37.1,64.04,0,initial,sandy,0,0
86.43,37.49,62.08,4.86,late,sandy,1.58,0
60.77,18.94,41.38,2.27,late,sandy,19.49,0
44.29,22.97,68.1,3.02,late,loamy,21.66,0
54.21,19.6,65.64,3.45,initial,loamy,2.93,0
36.68,34.51,66.95,4.44,development,clay,0.27,0
66.93,37.01,58.82,3.29,development,loamy,14.46,0
79.55,23.35,59.85,0,initial,loamy,0,0
22.4,28.03,67.59,1.85,initial,sandy,9.14,0
49.42,19.68,79.67,2.02,development,sandy,10.84,0
37.47,25.9,79.15,3.65,mid_season,loamy,12.23,0
26.86,25.93,86.46,5.74,development,loamy,8.96,0
33.57,32.01,84.39,5.36,late,sandy,11.85,0
69.89,20.72,67.29,5.46,mid_season,clay,11.66,0
63.89,21.91,64.28,3.75,mid_season,loamy,11.84,0
31.62,36.34,42.92,0,mid_season,sandy,0,1
74.3,29.71,58.72,6.39,mid_season,clay,8.91,0
40.29,33.83,87.25,0,initial,loamy,0,0
50.1,18.51,47.51,3.72,mid_season,loamy,10.68,0
46.94,18.84,63.02,5.39,initial,clay,9.04,0
81.5,22.83,53.39,4.35,mid_season,sandy,11.92,0
72.61,19.53,57.19,2.34,late,clay,4.39,0
28.62,20.59,61.4,6.31,mid_season,loamy,20.5,0
50.47,25.04,57.66,4.71,initial,sandy,13.72,0
77.79,31.7,47.14,0,development,loamy,0,0
52.28,32.17,68.61,3.13,mid_season,loamy,2.22,0
36.62,38.0,85.84,0,mid_season,loamy,0,1
74.06,30.3,68.02,2.66,mid_season,sandy,13.48,0
40.68,26.73,43.19,4.32,initial,loamy,3.79,0
70.21,18.39,60.22,2.29,development,clay,10.27,0
49.8,35.93,59.38,0,initial,sandy,0,0
11.12,31.28,87.23,3.2,development,sandy,16.72,0
79.11,19.67,49.93,2.53,initial,sandy,3.82,0
64.16,27.15,63.05,0,initial,sandy,0,0
52.96,28.24,40.3,2.49,initial,clay,7.89,0
71.55,26.09,73.36,2.04,late,sandy,7.25,0
21.93,33.33,87.11,3.27,mid_season,sandy,1.73,0
59.35,35.95,66.21,2.4,late,loamy,3.46,0
62.85,19.94,76.06,5.01,late,clay,10.65,0
61.74,19.81,51.1,6.19,mid_season,clay,9.7,0
88.69,21.42,82.79,2.98,mid_season,loamy,21.43,0
60.6,34.95,87.43,3.8,late,loamy,11.0,0
49.23,35.37,43.79,2.47,late,sandy,12.1,0
94.1,30.55,45.32,0,late,sandy,0,0
86.0,20.02,53.62,5.26,development,loamy,2.21,0
53.79,28.39,44.12,5.61,mid_season,loamy,4.6,0
35.07,27.73,84.51,4.41,late,clay,8.12,0
72.8,33.17,44.22,5.1,late,clay,17.48,0
32.12,19.26,72.09,4.86,initial,loamy,25.45,0
56.67,26.33,46.26,2.69,mid_season,clay,25.28,0
61.49,27.23,66.65,3.52,development,sandy,5.82,0
39.25,24.7,65.31,0,late,loamy,0,1
62.03,18.24,63.21,2.18,mid_season,loamy,2.6,0
62.63,34.32,51.74,0,mid_season,clay,0,0
73.58,29.87,60.06,4.75,mid_season,clay,7.12,0
79.91,18.4,84.07,3.25,initial,loamy,1.6,0
36.79,25.49,77.73,3.77,development,sandy,15.6,0
64.85,22.82,55.48,3.06,initial,loamy,4.42,0
32.46,33.56,78.44,4.34,mid_season,clay,11.61,0
45.87,29.62,47.99,5.22,development,loamy,5.71,0
52.01,24.24,56.4,0,late,loamy,0,0
47.2,29.11,57.86,0,initial,sandy,0,0
35.81,32.32,50.56,4.31,development,clay,12.16,0
64.63,31.5,75.34,0,late,sandy,0,0
80.92,35.16,46.15,4.38,initial,loamy,8.3,0
27.4,37.6,63.93,4.12,initial,clay,3.94,0
73.19,19.79,65.66,5.61,late,clay,3.8,0
47.78,25.13,82.18,0,late,clay,0,0
84.73,24.03,80.15,2.22,development,loamy,6.39,0
80.05,36.86,65.29,4.54,mid_season,clay,9.96,0
31.85,20.71,76.6,3.67,mid_season,loamy,5.33,0
50.28,36.41,53.33,3.44,mid_season,clay,22.75,0
41.71,22.19,61.53,5.76,mid_season,loamy,9.52,0
51.07,20.78,72.34,3.84,mid_season,loamy,20.83,0
59.99,34.87,68.22,4.75,initial,clay,3.18,0
24.96,18.34,71.43,4.57,late,loamy,11.1,0
52.11,37.4,86.14,5.56,development,loamy,5.71,0
56.85,34.96,83.75,3.48,mid_season,clay,15.71,0
54.98,30.27,54.41,5.31,mid_season,clay,19.59,0
92.4,33.58,44.08,4.33,mid_season,sandy,14.77,0
81.62,20.24,58.67,0,initial,clay,0,0
71.72,34.86,65.8,6.5,mid_season,loamy,17.59,0
34.52,18.75,57.41,4.59,mid_season,clay,5.75,0
21.94,22.06,69.7,5.37,late,loamy,9.68,0
42.87,36.64,73.77,3.73,mid_season,sandy,11.54,0
74.66,31.63,58.13,5.56,development,sandy,4.18,0
49.27,30.46,84.01,2.84,mid_season,loamy,14.7,0
42.95,18.06,48.46,3.06,late,sandy,3.38,0
7.99,35.99,55.81,6.16,development,clay,0.49,0
27.88,32.83,50.44,3.76,development,clay,13.69,0
54.03,22.15,84.41,3.75,late,loamy,6.17,0
48.58,32.44,47.64,2.9,late,clay,14.92,0
47.81,36.16,85.39,3.36,late,clay,12.88,0
86.63,22.73,80.04,6.42,development,clay,12.98,0
63.4,36.87,75.53,3.55,initial,sandy,7.51,0
37.21,32.93,42.18,5.46,late,sandy,12.49,0
42.29,31.21,59.9,3.37,initial,clay,7.14,0
61.24,37.3,73.55,3.2,development,clay,5.32,0
54.91,23.64,57.27,0,initial,sandy,0,0
77.76,22.77,56.65,5.71,development,clay,24.61,0
69.74,19.08,55.62,6.05,development,clay,6.71,0
69.99,30.02,47.29,0,mid_season,sandy,0,0
74.99,25.14,60.15,0,initial,sandy,0,0
70.33,31.9,50.91,2.65,development,clay,8.88,0
12.98,36.71,48.07,3.48,mid_season,sandy,7.48,0
81.3,36.49,79.64,0,late,clay,0,0
56.3,34.26,87.45,2.81,development,loamy,1.02,0
20.54,32.4,69.87,4.96,initial,loamy,6.09,0
62.22,30.35,81.15,3.0,initial,loamy,7.69,0
43.28,30.61,81.72,3.54,development,clay,13.84,0
51.59,18.35,42.37,4.81,initial,sandy,7.97,0
65.02,35.59,60.76,5.43,late,clay,13.89,0
39.86,19.79,75.22,5.05,initial,clay,15.14,0
48.32,24.43,81.08,2.68,development,clay,7.32,0
86.58,34.58,47.8,0,mid_season,sandy,0,0
63.01,30.43,61.25,4.29,mid_season,clay,1.78,0
14.29,36.78,85.82,2.48,late,sandy,11.31,0
73.56,32.11,58.78,2.92,mid_season,loamy,12.2,0
78.71,27.17,67.04,2.36,late,sandy,2.93,0
38.15,34.85,52.38,4.18,late,loamy,5.45,0
49.37,30.51,41.59,5.51,initial,loamy,9.16,0
37.9,18.74,47.63,2.35,mid_season,clay,8.41,0
49.61,24.57,52.97,4.43,initial,clay,11.46,0
61.45,19.35,64.4,6.24,mid_season,loamy,5.23,0
57.19,20.9,76.77,0,development,clay,0,0
39.32,37.99,65.45,5.06,initial,sandy,5.8,0
30.73,31.55,72.86,2.58,initial,sandy,8.09,0
58.65,29.5,72.96,0,late,sandy,0,1
17.98,23.3,87.92,3.33,mid_season,sandy,5.84,0
58.83,35.34,57.74,0,development,sandy,0,1
67.77,27.35,70.2,2.37,initial,sandy,2.96,0
57.36,24.19,51.71,4.02,initial,sandy,10.61,0
59.69,23.97,88.92,7.75,initial,sandy,23.23,0
27.5,32.39,81.5,0,initial,loamy,0,0
51.76,28.37,63.19,4.07,mid_season,clay,12.01,0
42.85,32.7,46.68,0,late,sandy,0,1
52.98,29.37,83.06,3.78,mid_season,clay,13.16,0
45.86,27.3,80.84,5.21,initial,clay,6.27,0
82.7,21.11,81.76,0,development,sandy,0,0
64.58,29.17,45.88,4.04,development,loamy,6.77,0
36.69,22.19,69.05,4.36,late,clay,8.58,0
68.24,36.59,73.63,3.93,initial,loamy,10.78,0
78.56,32.03,53.85,3.53,late,loamy,8.12,0
58.49,26.97,58.82,4.43,mid_season,loamy,15.17,0
46.56,20.87,80.17,4.91,mid_season,loamy,2.24,0
46.33,26.31,51.26,0,mid_season,sandy,0,1
90.78,24.41,71.81,3.09,late,sandy,0.18,0
34.92,30.46,62.52,3.48,development,sandy,12.7,0
63.87,31.46,77.5,4.51,mid_season,loamy,26.87,0
53.74,37.15,44.15,6.2,mid_season,loamy,0.92,0
34.02,21.22,64.36,3.33,initial,loamy,7.85,0
46.66,19.88,84.23,5.44,development,clay,8.47,0
53.06,21.86,84.27,2.8,mid_season,sandy,5.27,0
51.75,28.75,43.49,3.4,late,sandy,15.29,0
41.96,37.1,42.66,4.12,initial,sandy,1.07,0
36.8,20.48,88.26,4.64,development,loamy,16.87,0
69.46,20.3,64.32,2.7,late,sandy,8.47,0
42.23,27.53,45.05,2.8,initial,loamy,4.56,0
43.57,19.46,79.21,0,development,sandy,0,1
63.46,19.38,51.58,0,mid_season,loamy,0,0
38.94,28.52,40.69,5.73,initial,loamy,0.41,0
74.43,36.29,53.36,3.8,development,sandy,20.22,0
36.04,26.12,58.13,3.74,development,sandy,4.84,0
23.23,20.75,89.37,6.35,initial,clay,4.71,0
81.46,22.43,55.36,1.81,mid_season,clay,12.7,0
75.96,26.07,44.25,2.88,mid_season,loamy,3.5,0
33.6,26.76,42.89,4.1,mid_season,sandy,3.75,0
46.13,19.0,80.74,3.64,initial,loamy,5.71,0
26.77,26.42,55.62,0,late,sandy,0,1
30.87,26.86,45.13,3.6,mid_season,sandy,5.62,0
53.14,27.44,57.44,0,late,clay,0,0
64.63,36.55,50.6,0,initial,sandy,0,0
71.07,37.89,56.62,4.58,development,loamy,3.1,0
46.88,25.84,83.15,0,initial,loamy,0,0
63.49,22.24,64.2,1.28,initial,clay,4.81,0
80.51,32.71,88.12,4.37,mid_season,clay,2.51,0
75.18,20.48,80.04,5.61,initial,loamy,10.67,0
61.83,26.22,48.89,0,initial,sandy,0,0
28.68,29.75,76.93,5.66,late,loamy,10.84,0
95,21.53,73.24,5.53,development,sandy,8.85,0
41.11,25.46,53.36,4.29,late,sandy,15.74,0
35.58,28.28,70.18,3.1,mid_season,sandy,5.66,0
40.14,32.62,74.13,4.32,mid_season,clay,21.82,0
10.36,18.83,73.11,3.98,development,clay,20.75,0
51.8,26.71,43.95,4.72,late,clay,1.56,0
60.32,28.72,68.09,0,initial,clay,0,0
46.65,30.74,67.29,5.99,initial,sandy,9.55,0
54.45,33.12,41.66,3.54,development,loamy,9.88,0
51.23,35.91,72.44,0,development,sandy,0,1
59.53,25.95,53.08,4.18,mid_season,sandy,6.13,0
22.19,27.52,61.4,1.87,mid_season,loamy,8.99,0
64.31,31.2,81.5,2.73,late,loamy,9.18,0
42.57,34.66,56.87,4.95,late,loamy,1.9,0
56.08,32.48,77.55,4.54,late,clay,16.21,0
74.05,19.84,71.64,2.22,initial,loamy,6.15,0
62.89,21.48,72.61,5.43,development,loamy,6.31,0
64.65,20.63,63.54,3.08,initial,clay,4.74,0
68.11,34.47,52.8,2.67,mid_season,sandy,1.02,0
61.01,35.13,75.19,2.48,initial,clay,3.04,0
36.97,27.48,63.69,4.32,development,loamy,12.49,0
24.37,37.91,76.21,4.27,mid_season,clay,10.37,0
61.03,33.98,80.03,2.85,mid_season,sandy,8.25,0
91.46,31.62,72.38,3.87,mid_season,sandy,8.46,0
72.25,31.32,66.19,3.22,development,clay,8.09,0
62.25,28.4,65.56,0,initial,sandy,0,0
55.95,21.43,56.32,4.83,late,sandy,0.86,0
46.35,26.61,50.03,4.28,development,loamy,14.29,0
68.96,34.49,60.86,3.03,late,loamy,12.55,0
64.66,36.59,60.12,3.91,initial,sandy,5.84,0
40.13,35.91,79.74,5.49,initial,clay,5.04,0
62.53,19.48,40.24,4.3,mid_season,sandy,19.99,0
62.36,27.71,63.18,2.27,development,clay,1.9,0
38.3,28.7,65.91,4.05,development,sandy,1.19,0
61.3,24.12,87.25,5.29,development,sandy,16.64,0
62.47,30.1,72.1,0,development,sandy,0,0
35.39,19.06,64.91,0,initial,sandy,0,0
76.92,22.8,72.49,0,initial,clay,0,0
72.47,22.92,63.43,2.09,development,clay,11.28,0
69.23,29.48,65.97,4.86,mid_season,loamy,15.65,0
64.86,21.17,62.05,3.65,mid_season,loamy,15.04,0
76.9,33.72,54.55,4.34,mid_season,loamy,18.71,0
58.94,28.46,87.9,3.39,initial,loamy,6.09,0
75.52,29.71,79.16,4.39,late,sandy,18.61,0
77.38,23.13,45.29,3.5,development,loamy,18.25,0
62.54,33.8,48.66,3.94,development,loamy,13.24,0
60.87,31.86,53.13,0,mid_season,sandy,0,0
44.19,23.12,61.95,4.01,mid_season,clay,7.21,0
95,22.71,83.09,4.4,mid_season,sandy,9.12,0
73.48,36.47,76.95,2.37,initial,sandy,0.33,0
39.61,31.58,85.05,4.03,development,loamy,16.08,0
75.81,35.34,86.86,5.37,late,clay,11.13,0
44.26,25.11,64.7,3.28,initial,loamy,12.09,0
63.37,29.79,69.67,5.0,mid_season,clay,14.9,0
25.92,20.43,64.41,5.71,mid_season,clay,16.96,0
87.46,28.56,51.11,2.43,development,clay,15.26,0
29.39,24.83,52.17,0,mid_season,loamy,0,1
63.82,36.41,54.45,1.73,late,clay,9.56,0
59.03,25.97,64.67,5.81,late,loamy,17.75,0
56.31,27.34,64.56,0,late,clay,0,0
61.98,23.82,56.66,2.79,late,clay,9.86,0
56.81,30.42,41.45,0,initial,clay,0,0
41.6,33.26,40.3,3.03,late,clay,10.16,0
33.64,28.84,78.63,0,development,sandy,0,1
47.12,18.2,56.09,0,initial,sandy,0,0
93.78,25.99,73.73,5.02,development,loamy,4.9,0
75.12,37.09,76.07,4.09,development,loamy,4.56,0
57.76,34.32,70.8,5.05,late,loamy,9.58,0
44.06,20.62,49.12,3.79,initial,clay,1.41,0
62.61,20.96,64.62,4.98,late,sandy,18.97,0
39.2,35.97,84.43,5.42,initial,sandy,5.28,0
41.11,36.52,66.87,2.39,mid_season,loamy,1.65,0
38.29,37.24,76.76,2.53,late,clay,1.23,0
56.64,31.63,73.92,4.19,initial,sandy,10.24,0
72.01,23.48,54.68,3.52,mid_season,clay,5.83,0
5,25.8,50.21,2.26,late,clay,9.86,0
63.1,26.72,71.81,3.58,initial,loamy,7.27,0
59.81,21.15,66.72,0,development,clay,0,0
75.7,28.89,73.07,4.5,development,loamy,8.44,0
57.34,29.44,64.82,3.39,late,loamy,3.39,0
42.44,20.89,47.68,0,initial,clay,0,0
71.61,35.01,69.46,4.99,late,clay,13.05,0
95,31.85,73.17,5.03,mid_season,loamy,10.39,0
25.61,34.04,71.16,3.71,late,clay,10.86,0
57.99,35.05,60.42,5.15,development,loamy,1.71,0
28.59,30.55,73.8,5.35,mid_season,clay,1.58,0
77.0,21.67,79.55,0,late,sandy,0,0
62.56,31.83,69.32,0,development,loamy,0,0
42.87,33.57,63.37,0,initial,loamy,0,0
63.4,26.6,50.43,3.86,late,loamy,9.1,0
17.92,28.38,68.79,3.42,late,clay,3.79,0
76.13,28.13,49.94,3.46,initial,clay,4.96,0
63.34,27.29,65.5,0,initial,clay,0,0
46.46,25.51,51.94,3.37,initial,clay,5.28,0
53.78,23.99,74.91,3.11,mid_season,clay,11.03,0
61.78,18.29,56.67,4.06,development,loamy,2.57,0
72.15,20.37,59.97,3.83,late,clay,7.31,0
64.94,34.82,55.4,7.1,mid_season,clay,0.08,0
55.56,28.58,78.04,2.97,initial,sandy,11.18,0
47.15,23.61,75.76,1.1,late,loamy,7.56,0
76.38,32.25,50.17,3.66,mid_season,sandy,5.25,0
27.27,19.79,86.43,2.47,mid_season,loamy,4.09,0
32.39,21.81,86.99,5.11,late,sandy,3.29,0
64.99,29.1,60.83,5.37,late,clay,18.04,0
59.8,30.08,42.09,4.45,late,clay,6.67,0
72.97,31.78,51.47,1.92,development,clay,0.21,0
85.55,35.61,55.1,2.07,development,clay,10.92,0
75.86,20.27,60.38,0,initial,loamy,0,0
51.61,22.98,58.63,6.2,late,clay,9.14,0
56.23,18.61,40.25,4.39,initial,clay,0.75,0
45.7,37.62,88.76,4.91,late,clay,11.51,0
53.27,34.98,48.18,5.05,late,sandy,8.99,0
76.32,31.38,71.94,3.44,development,sandy,2.36,0
77.84,37.14,85.03,5.38,initial,clay,2.57,0
40.8,37.21,50.28,2.89,initial,loamy,14.13,0
62.64,21.38,44.25,4.44,development,loamy,1.84,0
65.78,31.0,83.66,3.02,initial,clay,13.12,0
46.95,37.17,80.33,5.03,development,sandy,8.51,0
69.75,32.61,49.68,5.61,mid_season,clay,12.83,0
88.87,26.0,64.78,0,initial,sandy,0,0
65.57,19.41,61.16,4.6,development,clay,6.19,0
72.19,37.94,61.38,3.59,initial,sandy,16.72,0
55.87,27.79,58.18,4.92,initial,sandy,4.62,0
89.86,27.64,88.94,2.74,late,clay,13.51,0
34.88,34.19,79.96,3.98,late,sandy,5.47,0
37.32,19.3,59.52,2.98,initial,clay,3.63,0
63.49,22.25,45.2,0,mid_season,sandy,0,0
66.64,21.44,70.25,3.35,development,sandy,2.54,0
53.41,36.49,72.37,3.8,development,sandy,5.47,0
43.81,27.78,60.67,5.44,development,clay,8.95,0
53.38,21.16,84.23,5.97,development,loamy,5.01,0
39.63,36.79,88.51,0,late,clay,0,1
49.23,26.47,80.14,2.56,mid_season,sandy,11.12,0
76.92,34.0,47.38,2.21,development,loamy,2.96,0
46.07,33.98,70.15,4.84,mid_season,loamy,0.77,0
51.09,37.32,52.4,5.12,late,clay,2.1,0
74.76,19.25,50.26,5.32,mid_season,sandy,6.29,0
73.46,24.92,61.81,4.33,development,loamy,2.44,0
33.76,31.15,50.93,0,initial,clay,0,0
34.64,31.97,83.19,2.6,initial,clay,3.22,0
59.63,18.83,43.97,0,late,clay,0,0
63.1,30.07,65.23,5.02,late,sandy,19.24,0
36.52,18.63,77.52,2.05,late,sandy,3.02,0
60.67,30.7,89.15,2.74,late,clay,6.84,0
54.68,36.86,68.21,3.56,mid_season,loamy,6.35,0
52.6,27.81,71.79,4.16,late,sandy,1.96,0
67.08,32.42,79.59,3.93,mid_season,clay,33.92,0
44.7,19.22,73.72,3.34,mid_season,clay,11.35,0
51.68,22.84,61.05,6.28,late,sandy,6.55,0
62.6,22.09,63.92,3.85,initial,loamy,5.01,0
42.35,31.66,62.45,0,initial,loamy,0,0
5,31.72,88.9,5.72,development,clay,13.73,0
70.94,22.45,44.56,0,initial,loamy,0,0
43.29,20.94,89.99,3.74,development,clay,4.77,0
30.82,21.89,72.51,4.97,late,sandy,6.84,0
44.42,24.66,55.41,3.41,mid_season,clay,14.47,0
83.61,18.22,86.66,4.27,initial,clay,2.74,0
28.53,31.65,81.0,5.18,late,sandy,9.85,0
67.56,32.0,43.43,4.11,late,clay,7.98,0
78.9,35.98,66.46,0,mid_season,sandy,0,0
83.98,26.96,54.9,4.27,late,clay,10.99,0
18.84,31.97,44.09,3.79,initial,loamy,0.68,0
38.12,27.15,88.79,2.56,mid_season,loamy,7.29,0
53.63,34.6,44.28,2.83,late,clay,9.91,0
37.35,23.18,64.83,0,initial,sandy,0,0
48.42,24.7,55.85,3.5,initial,sandy,13.61,0
56.56,22.47,86.89,3.54,development,loamy,1.8,0
70.06,19.55,59.7,4.43,initial,loamy,2.48,0
73.16,36.76,67.39,3.54,development,loamy,19.07,0
34.31,19.54,55.73,4.99,mid_season,loamy,7.98,0
53.56,20.45,89.86,5.29,mid_season,sandy,2.84,0
65.46,23.43,87.97,0,late,loamy,0,0
53.32,25.75,86.29,1.32,late,clay,2.3,0
72.16,32.2,79.21,3.95,development,clay,12.79,0
43.81,36.01,70.31,4.09,late,clay,1.52,0
64.11,25.49,48.66,4.03,mid_season,sandy,2.9,0
49.67,28.99,47.38,4.02,initial,sandy,3.17,0
42.16,28.62,67.69,2.66,initial,loamy,3.66,0
33.36,30.46,82.94,5.58,mid_season,clay,20.17,0
50.21,28.19,68.09,5.3,late,clay,6.98,0
52.41,31.95,82.04,3.69,initial,loamy,8.24,0
49.42,26.84,64.81,0,late,loamy,0,1
63.07,35.75,68.47,2.83,initial,sandy,10.03,0
42.31,26.11,83.23,0,development,sandy,0,1
65.26,30.51,41.17,3.66,initial,clay,3.37,0
65.6,20.52,62.08,3.89,initial,sandy,11.18,0
81.21,18.24,88.0,4.74,initial,clay,7.34,0
47.85,23.5,68.51,4.86,late,clay,2.79,0
38.96,24.74,46.4,3.64,initial,clay,6.76,0
56.09,37.58,87.05,3.23,late,clay,3.74,0
38.57,31.9,48.69,4.17,late,clay,14.86,0
68.58,34.86,73.46,5.76,mid_season,loamy,4.45,0
64.82,36.67,79.26,4.25,development,sandy,13.8,0
9.22,19.91,89.9,2.78,development,sandy,7.51,0
57.58,28.01,85.71,2.6,initial,clay,3.32,0
46.91,24.93,67.6,3.82,development,clay,8.48,0
57.23,37.06,89.88,4.32,initial,loamy,14.88,0
35.66,29.93,53.75,3.07,development,clay,0.07,0
53.41,26.67,57.23,3.97,initial,sandy,13.38,0
34.31,36.23,79.15,5.39,late,sandy,4.64,0
48.84,22.53,77.66,3.88,initial,sandy,9.45,0
63.91,21.16,68.36,4.65,initial,clay,4.49,0
52.41,20.73,62.0,0,late,sandy,0,1
65.12,26.63,52.2,3.68,initial,sandy,6.58,0
49.56,34.0,88.48,3.36,development,clay,9.63,0
79.13,36.34,78.22,4.53,late,loamy,12.56,0
25.85,32.04,78.43,0,development,loamy,0,1
95,25.15,65.89,2.57,development,sandy,4.42,0
58.93,32.51,45.24,2.1,development,clay,5.87,0
57.36,28.24,42.13,4.51,development,loamy,6.05,0
50.33,23.95,52.35,4.04,initial,clay,2.29,0
35.59,25.07,88.45,3.2,initial,loamy,9.4,0
50.94,34.59,63.85,3.31,late,clay,10.87,0
48.49,31.57,72.11,2.7,late,sandy,5.88,0
69.84,29.72,56.01,0,mid_season,loamy,0,0
67.96,32.33,44.18,4.12,late,sandy,2.93,0
89.83,27.08,70.98,1.9,development,clay,14.21,0
73.92,26.47,40.29,4.42,initial,loamy,3.27,0
53.06,29.98,58.92,4.06,mid_season,clay,18.33,0
48.92,29.91,70.45,3.81,initial,clay,5.49,0
58.82,27.79,59.54,3.77,initial,clay,11.32,0
47.4,37.9,48.14,3.35,development,loamy,4.78,0
60.48,21.97,71.52,6.26,late,loamy,9.86,0
46.61,24.29,66.12,0,late,loamy,0,1
51.37,26.98,81.78,3.19,late,loamy,0.76,0
65.56,31.25,59.66,3.96,mid_season,clay,6.67,0
40.87,26.21,84.95,2.97,late,clay,10.47,0
76.18,22.7,79.38,3.95,late,sandy,13.6,0
49.91,31.04,86.91,4.89,development,clay,8.38,0
55.03,31.8,86.63,5.46,initial,clay,7.03,0
35.9,33.0,84.1,2.27,initial,clay,9.5,0
52.16,23.55,71.39,4.26,mid_season,clay,18.26,0
40.61,22.09,73.56,2.76,development,clay,6.37,0
13.89,23.91,69.71,0.5,mid_season,loamy,12.22,0
66.79,30.57,68.09,3.76,initial,clay,17.96,0
54.71,25.78,49.15,0,mid_season,sandy,0,1
86.97,22.64,56.42,2.29,mid_season,loamy,12.97,0
52.59,26.96,75.13,4.73,mid_season,loamy,4.6,0
30.9,29.6,81.81,2.53,late,clay,5.75,0
26.58,29.98,55.57,3.67,initial,sandy,9.11,0
20.98,19.23,79.34,4.29,initial,loamy,0.08,0
27.65,20.67,75.84,0,mid_season,sandy,0,1
67.04,21.59,76.18,0,development,loamy,0,0
27.0,33.07,61.69,4.53,development,clay,4.66,0
27.17,36.74,62.27,3.57,late,loamy,10.29,0
51.91,30.95,82.03,3.48,development,sandy,13.28,0
43.92,19.45,84.52,3.28,mid_season,sandy,0.1,0
76.94,32.74,43.84,3.34,development,clay,14.6,0
95,31.42,45.15,4.24,development,sandy,2.59,0
61.37,26.67,48.05,3.67,initial,sandy,2.21,0
51.37,36.06,74.92,0,mid_season,sandy,0,1
56.61,28.79,69.82,5.06,late,clay,5.83,0
76.46,29.42,55.55,3.79,development,sandy,1.44,0
73.06,21.09,71.32,5.81,late,clay,20.21,0
43.62,19.9,68.25,4.5,mid_season,sandy,3.61,0
16.45,19.73,86.11,0,development,sandy,0,1
30.98,19.43,82.47,3.79,development,sandy,13.53,0
50.92,23.48,69.04,5.85,mid_season,sandy,17.63,0
35.26,29.52,72.14,1.48,mid_season,sandy,1.01,0
64.0,30.87,83.17,2.09,mid_season,clay,16.5,0
83.08,35.9,62.34,5.63,initial,sandy,18.93,0
30.67,29.5,54.39,4.03,mid_season,clay,3.27,0
70.58,28.26,48.98,3.4,mid_season,loamy,4.57,0
58.53,35.42,84.53,2.75,initial,clay,11.74,0
67.98,23.3,68.41,5.22,late,loamy,14.76,0
27.02,25.78,68.42,0,mid_season,clay,0,1
43.81,28.16,83.43,2.62,initial,sandy,0.34,0
53.45,18.49,70.19,0,initial,loamy,0,0
57.52,37.46,79.37,4.02,development,sandy,19.7,0
55.25,28.36,67.48,2.83,development,loamy,9.35,0
28.85,36.02,66.6,2.89,late,loamy,14.04,0
64.93,31.76,43.93,2.61,late,loamy,5.84,0
60.21,23.81,46.97,3.59,initial,loamy,5.42,0
5,21.37,47.06,4.91,development,loamy,8.04,0
55.97,37.01,86.27,3.83,mid_season,loamy,9.95,0
29.32,35.27,89.93,0,initial,sandy,0,0
58.12,24.14,66.62,2.36,initial,clay,16.68,0
52.12,34.67,73.09,3.83,late,loamy,14.15,0
68.38,27.26,43.21,0,mid_season,loamy,0,0
59.64,24.35,62.12,5.24,initial,loamy,2.87,0
47.47,30.35,61.51,3.84,development,sandy,22.24,0
42.63,21.16,50.19,3.69,late,sandy,14.15,0
55.53,29.81,82.7,6.7,development,clay,6.21,0
65.97,37.85,81.54,3.79,late,loamy,2.14,0
54.09,19.55,53.93,0,development,sandy,0,1
69.62,37.96,88.2,3.19,initial,sandy,5.32,0
51.09,34.03,61.89,5.08,mid_season,clay,10.2,0
41.14,35.81,71.95,5.6,late,sandy,11.2,0
68.91,37.57,73.17,3.31,late,clay,5.15,0
55.42,35.28,55.54,4.19,development,sandy,15.12,0
22.15,19.2,87.53,5.59,mid_season,clay,19.58,0
38.27,28.35,89.07,3.9,late,clay,14.99,0
83.84,27.67,59.99,4.24,late,sandy,7.1,0
43.97,32.8,50.36,4.43,initial,sandy,5.16,0
63.41,35.06,81.8,4.46,initial,loamy,9.8,0
22.84,23.63,71.94,3.09,initial,sandy,6.29,0
56.87,32.68,69.96,0,development,sandy,0,1
46.43,35.14,74.67,0,late,sandy,0,1
49.71,36.99,48.87,3.94,development,loamy,3.62,0
43.25,21.04,67.0,0,development,loamy,0,1
57.69,27.87,87.71,4.92,initial,sandy,9.18,0
66.79,34.29,61.89,5.36,mid_season,clay,3.14,0
58.31,23.22,64.26,5.17,late,loamy,5.2,0
71.41,30.96,42.63,0,mid_season,sandy,0,0
58.13,32.09,49.31,3.32,late,loamy,25.54,0
59.17,26.04,59.56,0,initial,sandy,0,0
62.83,29.48,59.47,2.48,development,loamy,10.42,0
51.46,36.28,68.84,4.35,initial,sandy,7.04,0
58.53,21.81,71.76,0,initial,loamy,0,0
38.99,31.61,58.45,3.15,mid_season,sandy,17.2,0
59.39,32.98,53.7,3.55,late,loamy,6.07,0
41.44,35.41,75.13,4.63,development,sandy,9.72,0
73.47,33.08,77.41,0,mid_season,sandy,0,0
45.82,25.87,45.88,2.44,development,loamy,9.13,0
86.53,21.35,43.68,0,late,sandy,0,0
43.39,20.62,45.84,1.21,initial,clay,14.73,0
64.7,34.79,51.79,3.44,initial,clay,7.15,0
40.44,18.67,82.0,4.73,initial,clay,2.06,0
50.14,19.72,63.59,5.18,mid_season,sandy,19.27,0
95,23.19,58.07,5.62,initial,loamy,8.81,0
32.99,25.72,76.84,2.3,development,sandy,9.54,0
51.58,28.19,42.1,4.63,initial,sandy,17.32,0
62.35,20.96,43.94,4.71,mid_season,loamy,2.78,0
50.55,37.39,86.37,0.28,mid_season,sandy,15.96,1
73.58,21.97,76.78,4.4,development,loamy,12.04,0
72.04,23.3,42.5,0,late,clay,0,0
64.04,36.28,63.0,4.01,mid_season,sandy,0.43,0
57.82,29.78,73.95,3.93,late,loamy,2.27,0
92.54,24.74,43.1,4.69,initial,clay,12.92,0
65.72,23.75,81.74,4.37,mid_season,loamy,13.31,0
87.31,24.33,76.56,4.36,initial,sandy,7.93,0
52.41,34.69,68.66,5.36,late,clay,16.2,0
62.88,20.32,82.32,3.38,development,loamy,13.29,0
67.02,18.29,78.31,3.11,late,loamy,10.21,0
72.22,21.92,79.41,4.66,mid_season,loamy,11.75,0
42.14,27.37,84.32,0,initial,sandy,0,0
65.5,31.23,72.89,3.88,initial,clay,14.63,0
46.51,30.83,69.78,4.49,late,clay,7.96,0
68.83,35.59,60.18,0,late,sandy,0,0
58.02,24.31,53.68,3.24,mid_season,clay,5.18,0
46.58,30.03,51.16,0,mid_season,clay,0,0
17.59,26.89,58.97,4.13,development,clay,3.55,0
51.22,37.66,42.25,4.34,development,clay,2.83,0
78.19,25.43,63.6,3.43,mid_season,loamy,16.34,0
54.21,22.83,58.0,5.46,late,clay,5.77,0
22.7,37.44,45.23,3.42,mid_season,clay,13.17,0
80.32,21.4,50.63,0,initial,loamy,0,0
92.22,22.18,65.6,6.1,mid_season,sandy,11.23,0
48.14,35.46,44.75,3.65,late,sandy,6.05,0
58.72,34.52,72.32,4.64,late,clay,10.99,0
42.7,19.73,76.97,4.18,development,clay,7.24,0
50.53,28.06,60.78,5.2,development,sandy,2.51,0
46.65,36.3,84.19,4.97,initial,clay,13.75,0
27.99,26.52,75.14,5.59,development,clay,9.27,0
52.1,28.71,49.99,0,initial,loamy,0,0
49.31,24.21,42.5,5.51,initial,clay,3.81,0
39.31,28.84,41.3,4.66,initial,loamy,15.13,0
60.68,20.75,59.27,4.93,late,loamy,13.11,0
65.1,20.31,52.26,0,late,sandy,0,0
37.67,18.65,40.32,5.18,development,clay,10.13,0
55.26,36.28,89.92,0,initial,loamy,0,0
23.65,21.05,74.13,0,development,sandy,0,1
12.16,18.64,85.64,3.24,mid_season,sandy,10.18,0
74.58,36.06,65.89,1.24,initial,loamy,13.94,0
13.26,32.75,71.75,3.9,initial,clay,14.81,0
57.65,24.49,46.03,3.91,development,clay,12.63,0
43.83,26.48,47.24,3.52,initial,sandy,9.9,0
72.78,29.88,82.22,4.72,late,loamy,4.4,0
73.48,33.42,68.47,2.19,late,clay,7.91,0
46.55,32.97,75.58,3.25,late,sandy,15.28,0
48.97,34.92,74.44,4.27,development,clay,5.14,0
60.06,23.04,57.87,3.68,mid_season,loamy,19.65,0
44.85,37.2,67.55,4.57,mid_season,loamy,6.84,0
69.59,20.39,43.69,4.88,initial,loamy,13.29,0
71.76,26.22,56.32,1.97,late,sandy,4.08,0
85.9,18.28,86.69,4.5,initial,loamy,1.63,0
83.57,20.2,46.35,2.1,initial,sandy,1.49,0
40.81,36.05,71.77,0,initial,clay,0,0
58.77,23.06,69.08,2.38,initial,loamy,12.68,0
86.07,30.79,87.75,3.8,development,clay,11.49,0
55.62,36.02,43.18,4.72,development,loamy,7.95,0
53.51,34.32,61.67,2.82,late,clay,13.54,0
74.47,34.06,61.55,2.68,development,clay,15.79,0
47.3,28.77,42.33,5.4,development,loamy,8.07,0
72.59,34.87,79.14,4.74,mid_season,clay,9.8,0
75.2,20.1,84.54,4.51,development,loamy,5.48,0
34.08,33.04,75.58,3.61,development,sandy,2.99,0
47.83,32.72,44.32,0,initial,clay,0,0
42.63,31.05,57.4,3.22,development,loamy,25.52,0
77.77,30.63,80.92,4.32,initial,loamy,13.65,0
87.2,32.04,54.35,1.91,mid_season,clay,18.66,0
36.01,32.89,48.32,6.12,mid_season,sandy,3.02,0
65.1,23.01,43.16,0,late,loamy,0,0
57.65,27.24,79.04,2.59,mid_season,loamy,21.01,0
41.4,19.58,48.62,3.66,development,clay,1.66,0
55.9,18.63,57.16,4.56,late,clay,10.04,0
63.13,30.63,82.53,3.56,development,sandy,4.75,0
52.66,34.08,78.14,5.28,initial,clay,4.37,0
63.9,21.73,49.28,3.06,initial,sandy,1.55,0
78.1,18.68,72.9,5.64,initial,loamy,11.65,0
63.78,36.84,45.7,4.61,mid_season,clay,19.11,0
16.64,24.45,51.71,0,mid_season,sandy,0,1
51.21,18.71,63.06,0,initial,clay,0,0
43.89,36.81,64.86,3.89,development,loamy,6.18,0
39.84,23.43,49.74,0,initial,clay,0,0
76.79,23.97,74.33,3.64,development,loamy,14.48,0
50.23,22.77,57.21,4.44,initial,loamy,4.23,0
60.93,22.41,58.85,2.93,mid_season,clay,10.23,0
63.36,31.86,53.09,2.74,development,clay,6.44,0
64.41,20.7,48.61,4.38,mid_season,loamy,12.89,0
44.68,35.42,86.24,3.92,mid_season,loamy,3.35,0
34.75,25.21,42.79,5.71,initial,sandy,4.8,0
58.34,20.93,51.54,3.52,mid_season,clay,17.45,0
57.18,27.99,75.87,5.49,mid_season,sandy,4.4,0
72.01,32.35,78.28,0,development,sandy,0,0
81.93,27.37,77.73,4.16,late,sandy,0.67,0
95,25.49,49.88,0,initial,sandy,0,0
47.11,28.11,74.18,4.97,initial,loamy,20.91,0
83.46,34.19,50.23,4.69,initial,loamy,4.75,0
60.75,18.07,57.09,3.48,initial,clay,8.48,0
81.12,30.07,73.97,4.21,development,loamy,6.87,0
68.13,35.59,89.02,3.63,late,sandy,2.79,0
74.75,18.09,67.12,5.01,late,loamy,2.87,0
31.29,35.27,76.41,0,initial,clay,0,0
60.32,37.66,57.91,4.18,mid_season,clay,10.32,0
48.83,36.42,80.21,2.65,mid_season,sandy,1.95,0
42.16,37.11,59.66,4.93,development,sandy,6.29,0
55.03,25.61,53.92,0,development,loamy,0,0
51.12,21.75,65.18,4.89,mid_season,sandy,11.85,0
51.58,24.46,57.18,3.33,late,sandy,11.88,0
71.92,30.98,72.57,3.5,mid_season,sandy,19.57,0
43.53,20.19,55.17,2.45,late,clay,11.03,0
51.94,18.8,48.53,2.13,development,clay,16.03,0
49.5,19.41,71.67,5.3,development,sandy,11.93,0
20.77,29.81,50.21,4.64,late,clay,12.46,0
86.55,29.66,52.51,4.98,mid_season,loamy,13.64,0
66.98,32.22,85.82,0,development,loamy,0,0
59.28,30.81,51.83,3.53,mid_season,loamy,18.81,0
33.45,36.34,76.97,4.67,mid_season,loamy,24.22,0
56.3,18.92,42.8,4.54,late,clay,6.66,0
81.73,30.91,40.27,3.21,development,loamy,2.72,0
22.36,28.23,66.88,0,development,clay,0,1
79.13,28.27,55.34,4.72,mid_season,clay,6.08,0
33.39,18.23,84.41,3.75,late,sandy,14.45,0
55.99,26.62,48.61,3.19,mid_season,loamy,3.98,0
44.46,33.95,41.3,3.63,development,loamy,21.53,0
42.31,29.51,57.75,0,mid_season,loamy,0,1
42.29,29.39,87.04,0,development,loamy,0,1
37.63,32.24,85.99,4.42,mid_season,clay,10.91,0
44.78,28.28,86.91,3.86,mid_season,clay,18.26,0
6.75,19.83,46.62,4.73,initial,loamy,2.28,0
70.47,36.07,52.15,0.5,development,loamy,2.94,0
41.88,23.92,49.68,3.09,development,clay,13.55,0
68.49,28.56,41.72,5.52,late,clay,2.12,0
68.78,21.68,48.91,3.52,mid_season,clay,17.73,0
57.03,24.17,50.83,4.3,development,sandy,11.3,0
77.14,35.97,54.75,0,initial,sandy,0,0
56.66,34.38,77.85,5.37,development,clay,17.62,0
57.18,35.28,52.54,5.12,mid_season,clay,13.56,0
12.88,31.39,72.64,4.75,late,loamy,1.42,0
52.95,18.4,82.26,2.75,initial,clay,3.05,0
54.92,22.46,53.15,4.93,development,sandy,0.24,0
59.04,35.5,62.51,3.4,mid_season,sandy,4.17,0
35.69,31.87,71.87,4.2,mid_season,loamy,8.75,0
52.7,22.6,61.39,3.36,development,sandy,13.58,0
66.0,36.05,82.14,6.76,initial,clay,16.26,0
41.36,32.65,80.95,3.31,mid_season,sandy,3.5,0
34.47,35.6,44.87,0,initial,clay,0,1
38.74,29.0,73.9,6.16,development,loamy,4.24,0
26.17,30.83,84.7,4.72,mid_season,sandy,22.76,0
53.42,18.3,62.5,4.85,mid_season,loamy,7.4,0
64.51,19.51,63.93,4.96,initial,sandy,16.26,0
57.18,26.02,81.02,3.97,development,sandy,8.28,0
70.06,35.4,84.67,2.36,development,clay,10.68,0
55.73,23.31,83.12,3.04,development,sandy,6.35,0
37.41,31.33,63.1,3.08,mid_season,sandy,10.39,0
41.29,35.03,64.97,6.49,development,sandy,16.99,0
46.36,20.59,58.2,3.41,development,clay,17.12,0
51.31,23.71,49.52,4.65,mid_season,sandy,6.06,0
41.39,23.71,59.98,0,initial,loamy,0,0
70.35,19.04,85.44,3.41,initial,sandy,2.24,0
48.02,37.8,65.81,0,mid_season,sandy,0,1
72.51,29.96,72.67,4.63,initial,loamy,11.97,0
45.03,30.43,65.64,5.44,development,clay,1.44,0
82.2,23.45,47.73,4.38,development,sandy,7.85,0
37.85,18.83,57.53,4.18,late,clay,9.31,0
60.83,18.83,89.28,5.67,late,clay,7.91,0
20.26,28.45,48.44,3.9,mid_season,sandy,6.56,0
67.89,18.06,78.8,6.24,initial,loamy,14.17,0
44.86,19.52,86.92,0,initial,sandy,0,0
55.4,25.85,58.2,2.78,development,sandy,4.68,0
41.02,18.99,54.53,4.48,late,clay,7.39,0
36.41,21.02,69.55,5.13,initial,loamy,0.31,0
49.85,33.48,54.79,3.7,development,clay,1.32,0
60.7,21.09,57.01,0,initial,clay,0,0
80.28,31.75,40.45,5.83,development,loamy,3.33,0
64.22,32.46,78.67,2.72,late,sandy,4.27,0
55.37,26.25,53.73,2.8,mid_season,sandy,4.06,0
46.23,33.44,62.9,4.53,initial,loamy,1.29,0
65.34,33.01,88.5,0,late,loamy,0,0
61.07,28.99,83.36,0,initial,sandy,0,0
53.66,34.55,45.14,0,initial,sandy,0,1
84.45,28.42,68.88,4.35,development,loamy,0.29,0
66.48,37.79,52.63,3.0,mid_season,loamy,6.95,0
49.58,18.02,69.7,2.73,mid_season,sandy,1.34,0
54.77,32.21,79.16,4.56,late,sandy,3.49,0
36.48,22.61,56.83,0,initial,sandy,0,0
57.95,31.4,45.16,5.04,initial,clay,2.07,0
86.07,27.42,78.96,0,initial,sandy,0,0
34.18,33.83,74.27,3.42,late,loamy,4.02,0
79.18,32.9,78.9,1.01,development,clay,2.56,0
78.62,19.8,77.48,0,initial,clay,0,0
33.36,28.48,82.42,0,mid_season,loamy,0,1
89.39,29.14,46.17,1.57,late,clay,5.37,0
47.54,23.53,59.27,4.37,late,clay,6.7,0
41.41,25.32,68.08,4.93,initial,sandy,17.37,0
36.27,24.58,53.37,5.85,mid_season,clay,12.64,0
86.06,20.22,78.55,3.8,mid_season,loamy,12.53,0
85.22,21.78,41.57,2.72,development,sandy,18.15,0
46.94,23.13,66.35,5.78,late,loamy,1.36,0
62.2,28.94,59.98,1.97,late,clay,0.72,0
89.66,25.55,84.45,6.36,mid_season,loamy,7.85,0
69.7,29.84,83.52,3.02,development,loamy,6.21,0
51.82,32.47,42.33,3.58,development,clay,4.48,0
62.25,18.76,64.27,4.56,initial,sandy,13.61,0
32.65,18.38,71.93,4.82,initial,clay,2.59,0
45.94,29.81,50.69,3.83,late,clay,14.95,0
77.32,21.0,40.46,3.35,late,loamy,1.71,0
10.05,18.69,69.82,2.32,late,sandy,2.64,0
66.16,20.66,57.42,3.62,mid_season,clay,10.77,0
91.08,33.45,79.44,0,initial,loamy,0,0
74.13,22.03,76.75,3.97,development,clay,8.52,0
58.27,35.21,65.81,0,initial,clay,0,0
67.06,34.61,56.02,3.01,late,sandy,8.26,0
53.88,31.6,59.89,4.73,mid_season,loamy,8.17,0
54.01,29.22,73.02,2.5,mid_season,clay,15.93,0
17.37,18.86,73.83,5.19,mid_season,loamy,17.66,0
72.69,37.85,63.56,3.81,initial,loamy,1.62,0
73.87,25.59,73.41,5.74,mid_season,sandy,4.1,0
25.66,18.85,47.32,0,initial,sandy,0,0
63.71,24.35,77.52,2.91,mid_season,sandy,13.58,0
72.95,30.1,82.94,6.06,development,sandy,2.54,0
53.67,36.64,77.59,1.12,mid_season,sandy,15.23,0
57.16,24.07,62.61,2.87,initial,clay,2.38,0
69.11,23.46,69.27,2.79,development,loamy,11.67,0
53.24,20.01,84.47,3.69,late,loamy,0.77,0
64.28,30.92,55.81,0,development,sandy,0,0
35.95,19.33,54.41,3.95,late,clay,1.75,0
55.42,28.92,60.68,3.01,development,loamy,8.76,0
74.51,24.34,48.57,2.9,late,clay,2.85,0
36.25,36.69,42.72,4.55,development,clay,19.32,0
37.9,27.59,67.56,2.84,development,loamy,9.95,0
73.55,35.11,82.77,6.04,initial,loamy,0.49,0
38.91,20.1,78.47,3.71,mid_season,clay,25.55,0
63.42,35.13,63.03,3.48,initial,loamy,8.18,0
56.47,23.82,84.33,0,initial,clay,0,0
44.32,27.68,61.68,0,initial,sandy,0,0
74.53,32.26,45.33,2.69,development,loamy,0.56,0
49.31,34.74,69.39,4.05,late,clay,9.9,0
64.96,21.07,84.66,3.82,initial,clay,4.42,0
70.38,28.66,83.55,0,initial,loamy,0,0
36.45,24.34,45.5,3.9,mid_season,loamy,10.79,0
45.4,28.31,60.9,3.66,late,sandy,5.01,0
65.19,37.27,78.72,4.0,mid_season,loamy,8.0,0
30.83,30.35,45.34,4.78,mid_season,loamy,9.78,0
40.87,25.47,64.35,2.62,late,clay,16.13,0
50.62,29.94,67.67,0,mid_season,clay,0,0
52.51,22.19,48.53,5.17,mid_season,loamy,3.57,0
48.0,25.59,84.22,2.28,late,clay,11.85,0
58.23,31.48,72.06,2.75,development,loamy,15.56,0
28.73,23.99,53.53,5.03,mid_season,clay,8.93,0
63.97,25.03,74.08,0,initial,loamy,0,0
67.45,22.96,81.47,4.1,late,clay,10.34,0
71.4,23.3,44.66,5.46,mid_season,clay,23.12,0
37.42,35.04,42.49,0,late,sandy,0,1
48.74,28.27,41.47,3.12,initial,sandy,9.84,0
35.03,23.85,62.14,2.96,development,clay,8.91,0
63.79,29.49,46.8,0,initial,sandy,0,0
31.35,20.8,82.97,2.96,mid_season,sandy,10.35,0
53.18,37.63,67.52,4.54,mid_season,loamy,8.17,0
44.58,29.8,88.76,3.49,late,loamy,8.91,0
56.85,34.53,69.59,2.24,initial,loamy,7.36,0
80.11,27.9,50.41,0,late,loamy,0,0
65.28,19.66,60.62,2.95,mid_season,loamy,3.06,0
53.62,24.07,82.24,4.43,late,clay,4.4,0
66.21,34.96,52.13,2.75,late,sandy,1.76,0
47.01,18.61,55.04,3.4,late,clay,14.37,0
43.86,18.2,44.67,0,mid_season,sandy,0,1
38.13,21.58,53.36,3.68,initial,sandy,13.8,0
45.31,30.37,43.65,4.69,mid_season,sandy,12.52,0
33.01,18.7,52.08,4.67,development,clay,8.02,0
33.14,28.11,67.95,4.35,mid_season,clay,18.97,0
52.77,21.56,47.22,4.64,late,loamy,16.31,0
64.3,20.7,44.02,4.06,mid_season,loamy,3.29,0
35.7,25.41,40.33,0,initial,clay,0,0
45.86,26.08,59.04,5.22,mid_season,sandy,2.45,0
50.86,33.22,73.2,1.34,initial,loamy,8.49,0
49.1,25.2,85.34,1.78,development,clay,16.5,0
49.3,23.78,54.07,2.89,mid_season,clay,13.84,0
66.84,20.03,53.79,3.82,late,loamy,9.35,0
31.0,23.96,73.16,2.66,late,clay,5.1,0
43.23,27.62,83.69,4.19,development,clay,16.85,0
52.81,19.92,83.46,2.4,development,clay,15.19,0
95,23.8,76.03,4.4,development,sandy,6.35,0
74.42,21.74,51.76,5.52,late,sandy,13.61,0
56.18,29.41,69.25,5.95,mid_season,sandy,4.91,0
62.49,27.88,82.67,2.43,mid_season,loamy,5.14,0
68.06,20.1,57.04,0,initial,sandy,0,0
41.88,22.66,88.5,3.74,mid_season,clay,4.38,0
32.75,32.83,51.98,5.73,mid_season,clay,15.81,0
71.95,22.67,56.92,5.72,development,clay,7.86,0
60.85,24.9,60.69,4.38,initial,sandy,12.56,0
10.93,24.39,67.23,4.14,initial,clay,8.46,0
55.74,36.64,81.71,2.78,late,loamy,10.18,0
65.22,29.33,42.78,2.36,initial,loamy,0.35,0
69.62,18.84,55.19,0,development,sandy,0,0
48.69,18.36,48.03,3.85,late,clay,10.08,0
50.33,32.65,60.95,0,development,clay,0,0
70.04,36.93,69.16,3.78,initial,sandy,1.43,0
84.7,22.22,46.34,4.93,mid_season,loamy,21.37,0
32.08,27.79,52.87,0,development,clay,0,1
52.63,24.36,58.34,3.43,development,loamy,5.68,0
51.84,37.71,65.82,3.38,development,clay,18.28,0
45.57,37.82,66.07,0,initial,clay,0,0
66.95,32.08,51.71,3.36,late,loamy,3.31,0
51.1,34.17,80.39,3.34,mid_season,loamy,2.77,0
16.26,23.75,72.64,5.75,mid_season,sandy,8.46,0
62.77,27.83,43.15,3.9,late,sandy,1.19,0
39.68,25.72,66.2,0,mid_season,sandy,0,1
70.93,31.18,71.9,4.17,late,clay,14.27,0
57.01,20.04,46.46,4.23,initial,loamy,2.22,0
78.54,32.09,53.32,2.34,development,sandy,4.16,0
79.3,19.82,70.47,0,development,clay,0,0
41.14,31.45,44.25,3.14,mid_season,loamy,4.45,0
59.85,32.91,63.82,0,late,clay,0,0
84.63,37.73,46.91,0,initial,sandy,0,0
52.99,35.2,87.69,4.88,mid_season,loamy,8.81,0
69.25,20.54,45.38,3.37,mid_season,clay,6.98,0
53.88,30.0,53.47,6.16,initial,sandy,6.89,0
33.98,32.17,70.34,4.69,late,clay,22.01,0
50.76,25.9,77.59,5.25,development,clay,2.08,0
34.64,32.3,41.2,3.32,mid_season,clay,13.54,0
56.56,31.86,62.97,4.95,late,loamy,4.81,0
70.99,22.85,75.95,6.19,late,loamy,5.02,0
85.55,27.0,80.3,2.41,mid_season,sandy,6.88,0
58.08,31.39,47.2,4.96,mid_season,sandy,7.28,0
56.09,26.2,40.27,4.32,initial,loamy,9.01,0
38.18,26.18,45.16,2.88,late,sandy,19.75,0
30.28,33.29,44.29,3.57,late,clay,7.65,0
57.36,21.11,75.32,0,mid_season,loamy,0,0
34.25,24.29,56.97,3.56,development,sandy,13.6,0
39.64,33.29,48.15,0,initial,clay,0,0
10.4,20.37,82.32,3.22,initial,loamy,3.84,0
80.37,31.97,74.46,4.3,development,clay,0.4,0
51.76,24.99,83.82,0,initial,loamy,0,0
58.92,34.71,66.92,1.71,initial,loamy,6.73,0
24.64,23.46,65.25,5.26,development,clay,13.0,0
41.1,18.11,74.94,2.36,mid_season,sandy,15.53,0
58.91,23.59,46.15,2.81,initial,loamy,12.9,0
37.89,36.66,72.64,3.02,mid_season,sandy,12.56,0
24.27,25.23,66.54,4.79,development,sandy,13.6,0
56.35,37.12,59.1,2.8,development,loamy,1.81,0
53.4,27.59,71.68,4.4,initial,clay,11.57,0
71.41,34.69,77.59,2.91,initial,clay,9.55,0
36.59,35.32,66.99,3.2,mid_season,loamy,13.59,0
91.3,22.74,89.99,3.45,mid_season,sandy,5.87,0
55.53,23.11,87.69,0,initial,clay,0,0
51.29,30.85,41.17,0,mid_season,sandy,0,1
63.49,26.67,87.32,4.87,late,loamy,13.45,0
54.4,25.56,53.22,3.6,late,clay,8.98,0
69.35,35.63,70.67,3.33,mid_season,sandy,0.57,0
74.04,34.7,42.46,4.4,development,loamy,11.04,0
55.55,26.77,89.3,3.74,initial,sandy,16.92,0
43.79,32.86,74.83,2.77,late,sandy,5.52,0
52.32,24.05,70.02,0,development,sandy,0,1
48.08,32.6,45.0,3.56,initial,clay,4.17,0
46.67,18.58,53.03,0,late,sandy,0,1
43.53,28.27,61.02,6.12,development,loamy,13.79,0
42.12,33.38,55.63,4.37,late,clay,9.08,0
53.17,20.69,49.39,5.02,development,loamy,12.07,0
71.34,37.13,62.48,3.34,late,clay,17.73,0
52.47,37.5,51.01,2.47,development,sandy,8.06,0
57.05,30.73,61.84,4.35,late,clay,1.59,0
68.66,22.55,40.97,6.68,late,clay,3.87,0
61.6,29.05,72.99,0,mid_season,clay,0,0
51.43,21.67,74.07,3.13,development,loamy,4.54,0
37.87,31.47,47.58,6.94,late,clay,20.83,0
56.44,27.66,70.6,4.94,development,clay,9.22,0
50.55,26.48,71.39,1.15,mid_season,sandy,11.22,0
51.88,34.43,76.05,7.44,mid_season,clay,12.17,0
29.87,31.45,70.08,5.31,development,clay,6.44,0
75.3,27.44,87.96,6.92,development,clay,18.18,0
67.02,23.64,54.2,3.08,mid_season,loamy,4.82,0
27.17,34.05,62.81,3.25,mid_season,sandy,1.63,0
54.5,19.53,56.64,5.12,late,sandy,8.14,0
33.93,18.73,86.35,4.09,initial,loamy,3.21,0
53.95,26.92,54.49,4.7,initial,clay,3.4,0
44.26,18.53,43.58,3.2,late,loamy,16.3,0
44.93,27.61,82.15,4.02,development,clay,10.24,0
12.8,23.17,78.73,1.86,late,sandy,8.47,0
28.03,25.23,83.83,3.05,mid_season,loamy,13.59,0
69.06,32.71,78.7,1.64,mid_season,clay,23.27,0
33.93,25.36,66.42,4.05,initial,loamy,4.02,0
20.44,29.69,71.94,0,late,clay,0,1
77.82,23.68,63.72,4.08,development,clay,4.79,0
37.92,22.16,87.92,4.37,mid_season,loamy,9.71,0
24.01,21.69,59.62,4.48,late,sandy,2.03,0
71.73,24.85,44.55,2.79,late,sandy,5.59,0
54.18,29.85,50.8,3.92,mid_season,clay,4.79,0
35.97,20.3,55.41,0,initial,clay,0,0
48.53,22.38,50.96,2.93,mid_season,sandy,23.22,0
38.02,18.17,85.0,3.7,initial,clay,2.22,0
55.56,35.29,50.85,3.38,development,clay,9.9,0
52.13,34.54,70.26,4.22,initial,clay,6.05,0
36.06,19.14,44.9,0,development,clay,0,1
22.31,26.58,49.83,1.64,late,clay,0.38,0
75.01,30.89,65.65,3.74,development,loamy,1.67,0
44.89,22.96,52.37,3.64,late,loamy,0.87,0
47.02,20.06,66.44,4.01,late,loamy,6.63,0
70.24,21.04,43.48,3.37,development,clay,3.4,0
63.26,24.71,47.76,2.78,initial,sandy,2.27,0
78.35,37.36,52.87,5.22,late,clay,17.44,0
51.86,26.24,50.88,4.16,initial,clay,8.22,0
70.9,19.23,41.4,4.52,mid_season,clay,12.0,0
58.23,31.71,45.83,4.86,mid_season,loamy,6.6,0
52.56,28.96,44.58,6.95,mid_season,sandy,9.92,0
55.81,37.95,72.21,3.73,development,clay,8.62,0
82.67,19.64,69.89,4.91,late,sandy,0.06,0
50.43,19.05,84.65,0,initial,loamy,0,0
32.42,26.05,45.34,0,initial,loamy,0,0
39.83,28.25,65.52,0,mid_season,clay,0,1
88.06,26.03,81.04,2.39,late,loamy,15.07,0
40.57,36.55,78.66,1.01,mid_season,sandy,7.91,0
60.12,31.71,47.29,2.81,initial,loamy,8.04,0
46.57,19.12,42.28,5.48,mid_season,loamy,16.45,0
34.43,32.15,84.5,0,initial,sandy,0,0
71.34,18.3,50.61,1.8,initial,loamy,16.77,0
62.08,21.0,88.59,5.37,initial,clay,10.16,0
57.75,28.08,62.86,2.89,late,loamy,8.62,0
49.46,35.36,61.67,3.14,development,loamy,2.51,0
83.27,37.86,43.14,0,late,sandy,0,0
69.18,27.97,79.98,3.57,late,loamy,12.19,0
49.68,24.28,45.48,3.66,mid_season,clay,8.41,0
53.91,37.57,89.41,0,mid_season,loamy,0,0
76.46,22.5,43.36,4.88,initial,loamy,3.84,0
45.17,34.69,55.15,0,late,sandy,0,1
81.77,24.54,89.38,3.94,mid_season,loamy,13.12,0
37.32,33.12,55.74,3.09,mid_season,clay,12.3,0
89.37,20.23,64.14,3.95,late,clay,11.45,0
68.48,21.52,51.67,4.68,late,sandy,7.15,0
64.49,18.49,70.98,2.88,mid_season,clay,17.38,0
60.39,29.72,85.32,3.43,late,loamy,7.02,0
60.24,20.83,76.54,0,development,sandy,0,0
56.59,20.77,80.76,6.31,mid_season,clay,10.8,0
39.64,27.73,67.32,2.8,late,clay,9.97,0
42.9,23.95,63.79,1.88,mid_season,loamy,6.34,0
64.68,35.49,55.19,5.11,late,loamy,13.9,0
51.04,28.63,64.25,0,late,clay,0,0
22.41,33.83,59.9,0,development,sandy,0,1
54.64,35.55,55.9,3.75,late,loamy,9.77,0
47.18,30.88,85.07,4.13,development,sandy,10.71,0
53.0,27.07,64.72,0,mid_season,clay,0,0
82.79,27.68,64.98,5.33,late,loamy,5.31,0
51.44,23.76,46.44,5.87,mid_season,loamy,15.44,0
76.97,25.04,57.25,0,mid_season,sandy,0,0
66.13,33.17,46.99,4.1,development,sandy,13.03,0
86.35,34.46,62.66,3.98,development,sandy,3.91,0
69.45,37.3,54.61,4.51,initial,clay,8.54,0
88.53,28.75,46.91,4.24,development,loamy,10.54,0
50.29,31.5,53.36,6.69,late,clay,7.56,0
85.28,25.57,56.19,1.52,development,clay,12.33,0
47.47,24.39,82.75,3.14,development,sandy,0.81,0
33.73,27.94,83.8,5.87,development,loamy,6.02,0
47.03,31.88,75.71,0,initial,loamy,0,0
83.83,26.52,80.82,0,late,sandy,0,0
70.36,24.26,73.15,3.73,initial,clay,7.23,0
40.43,29.48,40.1,3.91,initial,clay,8.97,0
55.43,30.63,48.5,2.75,late,loamy,8.5,0
67.58,35.98,81.98,4.47,initial,loamy,3.97,0
34.39,31.02,60.51,4.71,late,clay,11.31,0
47.8,18.23,58.08,5.16,mid_season,loamy,14.97,0
79.65,29.84,51.58,3.19,initial,sandy,5.5,0
43.93,34.56,55.78,4.79,initial,sandy,11.53,0
41.37,21.36,77.05,4.16,mid_season,clay,8.15,0
20.92,26.85,53.99,5.34,late,clay,19.47,0
67.4,26.55,60.47,2.91,initial,sandy,1.21,0
43.03,37.85,87.19,0,development,sandy,0,1
44.09,25.47,53.35,3.17,late,clay,6.5,0
69.19,28.58,63.49,0,development,sandy,0,0
71.64,27.14,83.8,5.47,late,clay,8.98,0
7.52,18.37,49.45,5.81,development,sandy,2.84,0
52.29,22.28,59.46,3.96,development,loamy,2.3,0
68.42,29.65,51.0,7.56,late,clay,10.32,0
52.34,32.52,61.14,6.05,development,sandy,12.99,0
31.35,34.96,87.11,2.75,development,clay,13.63,0
36.3,32.04,71.92,4.83,mid_season,sandy,22.87,0
57.11,35.78,73.76,5.44,late,sandy,13.96,0
80.23,34.08,48.23,2.92,mid_season,sandy,13.72,0
63.48,26.78,54.58,4.29,development,sandy,7.96,0
56.96,18.94,65.17,5.64,late,loamy,1.56,0
29.98,30.92,76.04,0,development,clay,0,1
52.11,23.14,65.03,3.24,initial,loamy,3.87,0
62.02,24.38,86.54,4.17,mid_season,sandy,2.33,0
39.51,37.66,54.66,0,initial,loamy,0,1
36.43,27.27,71.22,4.42,late,loamy,14.78,0
78.37,36.73,52.22,0,late,loamy,0,0
66.41,34.45,76.77,3.16,late,clay,6.93,0
43.98,22.7,54.27,4.53,initial,loamy,9.87,0
44.79,32.19,86.08,3.53,mid_season,clay,8.58,0
33.74,36.83,41.09,6.12,mid_season,sandy,13.21,0
29.85,37.54,52.82,3.75,late,loamy,3.66,0
56.3,33.8,42.39,4.11,mid_season,clay,12.69,0
61.94,18.03,62.81,5.55,mid_season,clay,3.49,0
66.5,34.84,88.64,2.42,initial,clay,10.35,0
74.0,30.45,49.07,0,development,clay,0,0
64.61,29.22,83.84,4.33,late,loamy,4.93,0
67.81,34.0,46.68,3.3,initial,sandy,9.58,0
52.78,26.99,66.51,0,initial,sandy,0,0
47.8,29.0,64.04,3.12,development,clay,10.57,0
63.17,29.25,47.22,2.55,mid_season,sandy,0.09,0
49.82,19.87,64.96,3.55,late,loamy,17.75,0
55.31,26.35,83.59,3.82,mid_season,clay,11.27,0
42.44,29.18,57.02,3.01,initial,sandy,9.26,0
59.77,18.42,72.43,4.21,development,clay,5.36,0
52.49,20.07,88.98,0,late,clay,0,0
63.84,25.78,65.59,0,development,clay,0,0
24.35,30.98,79.77,0,initial,clay,0,0
32.5,30.25,52.42,3.64,initial,sandy,11.11,0
49.48,28.36,67.51,4.2,late,clay,8.42,0
67.83,25.7,44.19,5.26,mid_season,clay,19.68,0
31.37,19.5,51.13,3.52,late,clay,2.98,0
58.89,24.43,64.25,4.13,development,clay,19.72,0
37.39,20.4,60.03,5.88,late,sandy,8.31,0
61.4,21.35,74.91,4.65,late,sandy,8.14,0
65.33,34.8,78.8,0,mid_season,clay,0,0
43.9,24.19,40.31,0,development,clay,0,1
91.95,29.38,54.65,3.93,development,clay,10.03,0
52.93,21.03,58.12,5.03,late,loamy,0.11,0
90.65,35.46,69.5,2.3,mid_season,clay,11.74,0
33.15,32.95,58.0,5.05,development,sandy,5.5,0
90.11,24.13,76.36,5.38,development,sandy,14.18,0
71.63,37.89,86.24,0,initial,clay,0,0
95,37.38,76.18,0,development,clay,0,0
49.21,30.07,88.31,4.27,mid_season,sandy,4.08,0
49.39,25.36,41.41,4.99,late,sandy,3.53,0
72.35,20.2,57.63,4.81,mid_season,clay,8.09,0
56.75,34.16,45.52,4.17,mid_season,sandy,9.75,0
56.37,18.94,41.41,4.49,mid_season,clay,14.68,0
64.08,19.61,67.98,4.32,mid_season,sandy,2.94,0
43.68,21.42,59.72,5.89,development,sandy,17.4,0
60.55,20.98,75.51,3.68,late,loamy,6.35,0
58.15,37.04,54.77,3.15,mid_season,sandy,5.64,0
45.43,31.24,43.56,4.29,development,clay,5.8,0
55.69,26.43,74.0,3.64,mid_season,sandy,15.53,0
11.8,27.51,78.84,0,development,loamy,0,1
49.12,28.37,61.69,4.1,initial,loamy,1.14,0
64.03,24.23,85.95,4.59,mid_season,loamy,4.76,0
63.59,19.26,58.35,4.77,late,sandy,12.03,0
38.5,31.42,58.86,4.55,development,loamy,14.64,0
65.09,37.68,57.72,4.08,mid_season,loamy,5.45,0
25.82,22.54,44.34,4.01,development,clay,7.06,0
55.97,22.84,40.47,3.75,development,sandy,2.37,0
59.01,33.32,44.47,5.19,mid_season,sandy,7.83,0
53.55,35.68,73.51,3.96,initial,loamy,8.59,0
50.49,18.45,58.82,3.89,late,loamy,2.7,0
56.22,32.21,77.88,1.84,late,clay,6.36,0
50.1,21.81,72.21,6.49,late,clay,22.74,0
42.74,22.06,65.75,0,mid_season,loamy,0,1
59.99,33.75,60.57,4.5,late,loamy,8.7,0
46.91,26.09,51.81,4.23,development,sandy,19.52,0
52.57,22.51,70.57,4.47,mid_season,clay,12.4,0
86.94,34.18,67.28,4.98,mid_season,clay,5.23,0
55.94,36.3,75.15,3.67,late,clay,9.54,0
75.29,32.27,66.93,4.48,initial,loamy,12.17,0
69.08,26.43,74.27,2.23,mid_season,sandy,19.83,0
77.2,30.42,56.62,5.35,initial,sandy,20.64,0
95,29.52,68.19,3.7,initial,sandy,1.12,0
68.42,29.61,83.65,2.24,late,sandy,8.49,0
64.09,36.47,40.27,4.57,late,clay,3.98,0
54.23,34.81,87.82,3.43,late,loamy,10.6,0
39.52,29.26,53.14,2.07,mid_season,sandy,11.74,0
70.26,20.9,44.01,2.84,late,clay,6.54,0
53.92,30.07,59.54,3.73,mid_season,clay,23.28,0
37.6,31.28,81.05,2.86,development,sandy,24.22,0
27.81,26.22,56.58,4.25,late,sandy,9.86,0
65.14,27.4,54.66,4.92,late,clay,14.86,0
42.02,23.81,74.99,4.95,mid_season,loamy,12.58,0
72.47,29.5,56.42,4.92,initial,loamy,7.54,0
73.9,26.37,54.56,2.99,mid_season,loamy,1.5,0
80.33,25.0,62.7,0,initial,clay,0,0
95,35.33,50.77,2.35,development,sandy,7.31,0
66.69,33.95,56.32,3.09,initial,sandy,5.57,0
59.25,26.67,74.84,2.33,development,loamy,8.14,0
18.88,31.3,81.12,2.01,mid_season,loamy,11.49,0
38.05,28.06,40.72,0,mid_season,sandy,0,1
53.82,32.89,57.7,0,initial,loamy,0,0
39.87,21.46,46.19,0,development,sandy,0,1
53.31,27.41,78.16,5.63,late,clay,12.8,0
78.78,22.49,56.24,2.64,mid_season,loamy,4.33,0
52.17,36.72,73.09,3.39,initial,loamy,8.38,0
39.26,22.68,40.56,5.76,mid_season,sandy,14.96,0
56.57,24.35,72.4,2.37,initial,clay,4.36,0
58.47,19.27,72.6,4.11,development,clay,3.73,0
45.14,30.81,77.84,2.99,initial,clay,8.67,0
63.01,33.06,40.74,0,mid_season,loamy,0,0
49.66,25.84,86.72,0,mid_season,sandy,0,1
43.35,30.95,86.06,5.12,mid_season,loamy,14.33,0
42.39,34.08,83.48,0,mid_season,sandy,0,1
21.06,35.65,80.61,3.81,late,loamy,4.57,0
46.54,23.26,87.09,3.06,mid_season,loamy,10.66,0
52.32,30.97,63.49,4.49,mid_season,sandy,0.04,0
62.13,33.23,62.26,4.41,development,clay,16.03,0
86.81,37.63,49.2,6.67,late,sandy,3.67,0
57.39,23.64,47.92,0,initial,sandy,0,0
46.03,29.49,50.37,2.9,development,sandy,5.64,0
84.7,29.97,80.39,3.0,initial,clay,1.64,0
44.54,28.51,83.53,4.24,initial,loamy,1.8,0
58.64,34.37,57.47,5.78,late,loamy,11.92,0
56.02,23.03,54.87,3.4,initial,loamy,2.08,0
51.73,33.25,60.95,4.22,initial,loamy,11.57,0
55.11,30.57,84.37,3.17,late,loamy,12.39,0
48.26,28.13,78.77,3.57,mid_season,loamy,3.77,0
69.89,34.6,42.82,1.84,late,sandy,7.07,0
54.73,35.83,63.75,0,initial,loamy,0,0
37.15,20.45,86.5,6.4,initial,loamy,4.66,0
60.55,33.62,85.48,2.41,development,loamy,12.44,0
70.55,24.06,66.58,0,late,loamy,0,0
63.83,19.3,71.25,3.03,mid_season,clay,15.88,0
24.05,19.66,52.8,4.2,late,clay,8.54,0
63.24,19.91,70.02,3.21,mid_season,clay,1.17,0
57.59,26.88,47.1,1.47,late,sandy,6.5,0
34.13,35.96,54.8,5.3,mid_season,sandy,8.62,0
62.18,25.24,64.39,1.48,initial,sandy,7.55,0
90.81,24.43,62.68,3.81,initial,clay,14.93,0
35.56,26.45,51.8,4.19,initial,sandy,17.0,0
50.29,32.33,79.51,5.34,development,loamy,9.65,0
80.64,34.38,56.48,5.19,mid_season,clay,12.48,0
45.24,34.28,68.76,3.44,mid_season,clay,6.18,0
49.71,22.58,43.34,0,development,loamy,0,1
32.44,31.11,74.03,2.88,late,clay,6.87,0
53.6,26.37,55.16,4.46,late,clay,4.65,0
52.95,33.6,41.12,0,development,loamy,0,0
67.25,18.08,76.38,3.39,late,clay,19.62,0
75.33,33.74,41.04,4.81,development,clay,14.59,0
57.15,37.68,73.0,2.6,development,sandy,9.15,0
68.74,32.34,46.19,4.08,initial,sandy,7.22,0
48.91,19.36,79.75,2.96,late,loamy,12.67,0
50.69,37.51,70.45,2.72,development,clay,2.34,0
66.99,35.59,83.37,2.76,late,clay,12.1,0
49.59,26.29,75.4,3.78,development,loamy,5.96,0
63.19,19.76,45.7,4.51,development,loamy,6.1,0
41.33,25.79,45.5,5.72,late,sandy,5.22,0
44.46,33.84,46.16,4.99,initial,clay,4.5,0
39.08,21.05,49.84,2.83,late,sandy,2.63,0
18.44,21.36,52.18,0,late,sandy,0,1
59.94,18.18,59.62,3.79,initial,loamy,9.13,0
56.89,36.44,84.27,3.64,mid_season,loamy,4.06,0
80.2,25.59,50.91,0,initial,clay,0,0
77.12,21.96,49.32,3.69,development,loamy,6.39,0
83.39,25.23,56.43,3.59,late,loamy,2.79,0
61.64,25.52,72.83,4.65,initial,loamy,18.95,0
37.76,31.29,61.45,6.54,development,sandy,0.73,0
47.75,20.38,61.42,3.12,development,sandy,5.79,0
59.17,31.3,42.23,0,initial,loamy,0,0
56.33,26.62,89.85,0,development,loamy,0,0
66.61,19.82,71.04,3.87,initial,loamy,10.94,0
36.76,25.83,52.14,5.51,initial,loamy,14.13,0
13.91,33.55,88.96,5.62,development,loamy,13.17,0
84.38,23.18,43.67,4.26,late,loamy,9.25,0
88.8,19.25,71.41,4.59,development,loamy,10.26,0
19.67,35.33,58.54,4.6,initial,sandy,7.78,0
28.52,29.54,41.37,1.95,development,loamy,3.79,0
78.89,21.29,41.19,4.11,initial,loamy,5.2,0
95,24.24,40.07,3.93,development,loamy,7.17,0
24.35,34.96,48.8,7.18,mid_season,sandy,2.45,0
42.73,37.25,66.15,5.36,late,sandy,12.03,0
68.6,27.32,73.51,4.44,initial,sandy,8.46,0
57.84,30.48,79.09,0,development,clay,0,0
50.39,23.98,55.07,5.1,late,clay,12.21,0
33.83,29.69,47.16,4.22,initial,sandy,3.18,0
72.93,21.72,82.56,4.26,late,clay,9.21,0
31.21,23.74,60.27,5.38,development,loamy,19.65,0
8.95,27.83,50.46,2.95,development,sandy,5.66,0
59.37,32.44,55.52,3.77,mid_season,clay,8.01,0
78.96,28.0,82.8,3.95,development,loamy,14.2,0
43.97,27.06,83.21,0,development,clay,0,1
42.34,33.41,82.66,5.61,development,clay,8.93,0
67.37,28.2,78.85,4.45,initial,loamy,9.7,0
69.21,37.6,65.63,4.44,mid_season,loamy,19.63,0
78.56,34.4,85.65,3.54,late,loamy,8.02,0
64.92,36.55,48.42,4.81,mid_season,sandy,5.93,0
61.48,19.74,78.49,4.47,late,clay,14.19,0
69.31,25.07,76.9,4.96,mid_season,sandy,14.02,0
59.55,18.52,45.24,0,initial,loamy,0,0
38.45,37.89,69.5,2.99,late,loamy,10.92,0
34.56,21.78,71.71,3.98,late,clay,10.27,0
64.48,18.15,46.76,5.7,mid_season,clay,9.06,0
61.27,20.69,85.96,4.73,development,loamy,13.52,0
23.67,32.74,43.65,0,late,loamy,0,1
30.64,35.63,72.37,3.6,initial,clay,6.23,0
46.44,31.12,57.95,4.02,late,loamy,15.83,0
44.17,29.31,69.49,0,late,loamy,0,1
55.88,21.73,49.06,4.06,mid_season,clay,11.53,0
78.13,34.4,44.3,3.98,late,loamy,6.17,0
62.8,26.78,51.02,4.45,development,clay,15.15,0
49.82,18.62,80.75,2.96,late,loamy,0.33,0
90.05,21.47,45.0,4.06,late,clay,5.86,0
70.99,19.84,85.53,0,late,sandy,0,0
69.39,29.58,54.58,4.14,mid_season,clay,16.33,0
65.5,25.68,61.32,2.32,development,clay,0.98,0
55.41,33.2,80.39,4.19,initial,loamy,1.06,0
59.88,30.68,42.18,4.62,mid_season,clay,4.05,0
64.97,19.2,84.62,3.06,mid_season,loamy,2.54,0
66.57,31.19,83.39,4.96,mid_season,sandy,21.33,0
31.57,32.05,83.44,3.33,mid_season,loamy,10.92,0
36.68,28.74,85.76,5.18,late,loamy,7.79,0
32.77,27.57,77.59,1.93,mid_season,sandy,15.15,0
24.59,31.08,55.91,4.19,mid_season,clay,21.32,0
47.73,33.04,61.41,4.78,late,clay,6.29,0
91.34,24.71,54.91,4.0,initial,clay,10.67,0
48.53,35.52,73.88,2.37,late,sandy,14.65,0
64.17,34.14,40.35,4.6,mid_season,sandy,7.67,0
73.94,37.37,72.6,3.29,mid_season,clay,7.04,0
28.25,19.02,56.28,2.4,development,clay,17.24,0
30.97,27.72,44.92,5.65,mid_season,clay,11.79,0
65.2,27.09,45.79,4.05,development,loamy,1.51,0
87.58,25.54,45.16,0,initial,loamy,0,0
55.99,31.25,51.8,0,initial,sandy,0,0
37.33,32.84,86.04,4.76,development,clay,1.48,0
67.83,31.29,71.88,0,initial,sandy,0,0
65.57,37.2,43.07,5.66,late,loamy,11.59,0
61.36,31.2,48.63,0,initial,clay,0,0
36.63,30.78,69.83,0,development,sandy,0,1
62.7,18.12,68.5,0,mid_season,sandy,0,0
83.42,31.43,54.73,3.26,development,clay,13.05,0
68.59,29.21,54.48,3.16,mid_season,clay,7.81,0
37.27,24.08,70.16,0,development,clay,0,1
39.78,31.59,74.09,0,initial,sandy,0,0
58.47,22.05,41.36,4.08,mid_season,clay,7.94,0
94.4,30.93,79.83,4.55,late,sandy,12.44,0
42.76,19.37,72.13,4.8,development,loamy,1.1,0
94.86,33.42,58.35,0,development,sandy,0,0
95,30.94,48.96,3.35,mid_season,clay,17.73,0
76.85,26.6,78.21,5.8,mid_season,clay,3.95,0
86.51,23.34,41.03,3.16,development,sandy,12.59,0
59.6,28.42,68.04,4.17,mid_season,loamy,0.15,0
92.2,27.3,81.07,0,mid_season,sandy,0,0
45.06,36.49,66.91,2.58,mid_season,sandy,8.33,0
74.12,20.14,46.5,6.15,mid_season,sandy,2.99,0
36.18,23.32,76.92,4.35,mid_season,clay,6.19,0
26.63,37.38,74.7,4.57,development,loamy,8.99,0
70.84,26.26,51.79,4.17,late,sandy,3.21,0
30.69,28.75,75.3,4.32,late,loamy,1.18,0
41.09,28.44,81.4,0,mid_season,loamy,0,1
62.53,26.03,42.07,3.8,mid_season,sandy,15.53,0
29.59,22.94,70.57,0,mid_season,loamy,0,1
46.69,18.5,83.2,2.34,development,loamy,20.61,0
52.37,35.44,58.15,2.63,development,loamy,18.34,0
47.91,25.63,83.4,5.57,development,sandy,14.62,0
53.87,22.89,66.11,4.67,development,sandy,14.91,0
44.81,34.89,62.09,2.82,development,clay,10.83,0
57.59,29.6,87.38,4.75,mid_season,sandy,6.53,0
40.32,30.99,67.62,4.3,development,clay,11.17,0
77.19,34.64,63.74,0,late,sandy,0,0
76.35,19.81,75.2,0,mid_season,clay,0,0
68.99,32.7,71.11,4.39,development,loamy,17.4,0
71.06,33.56,66.07,3.85,late,clay,11.85,0
79.73,26.76,82.17,2.83,late,sandy,8.72,0
53.81,22.28,78.75,3.71,initial,sandy,4.12,0
65.48,21.49,40.88,5.02,mid_season,clay,6.51,0
29.63,18.72,44.51,3.74,late,loamy,14.51,0
59.02,35.17,82.69,0,initial,clay,0,0
85.41,30.54,68.91,4.16,initial,clay,0.98,0
68.22,24.07,62.31,2.91,development,sandy,9.85,0
60.88,24.86,44.15,0,development,loamy,0,0
70.81,28.29,88.64,0,late,sandy,0,0
71.86,28.19,58.03,2.22,mid_season,sandy,4.78,0
37.45,24.64,79.84,2.15,initial,sandy,2.35,0
57.04,24.91,75.62,5.37,late,sandy,1.85,0
46.85,22.5,51.74,0,late,loamy,0,1
54.61,22.96,87.32,5.34,initial,sandy,3.27,0
12.6,33.32,56.05,5.44,mid_season,clay,20.27,0
50.95,25.45,76.53,5.94,development,loamy,4.89,0
72.7,18.04,49.73,0,late,sandy,0,0
17.74,28.72,57.83,3.72,late,sandy,9.31,0
83.28,37.17,74.69,5.84,initial,sandy,12.67,0
33.67,24.86,54.5,3.11,development,loamy,13.92,0
59.42,26.59,57.74,0,initial,loamy,0,0
70.24,19.09,80.57,4.67,mid_season,sandy,2.99,0
63.64,34.0,65.34,5.09,mid_season,clay,19.58,0
62.63,26.23,48.14,3.59,late,sandy,4.62,0
54.12,19.12,43.22,0,initial,sandy,0,0
46.93,25.45,65.74,6.01,development,sandy,2.61,0
54.46,22.63,80.22,4.89,development,sandy,6.6,0
43.91,34.49,68.91,3.88,development,sandy,15.52,0
52.87,30.66,44.84,5.17,initial,clay,12.08,0
76.05,36.77,83.29,2.82,mid_season,loamy,9.25,0
45.14,24.6,61.99,3.45,initial,clay,6.01,0
63.12,34.17,46.72,5.28,late,sandy,21.13,0
52.27,32.51,52.24,4.31,mid_season,clay,8.24,0
55.74,33.0,55.2,4.43,development,loamy,4.98,0
76.4,37.99,69.57,3.93,late,sandy,2.32,0
56.68,32.38,83.62,5.54,initial,loamy,11.5,0
58.52,18.3,83.09,3.93,development,loamy,27.36,0
79.6,31.71,87.52,6.55,late,clay,13.52,0
27.96,37.18,61.56,2.27,development,loamy,10.84,0
79.67,33.83,84.59,4.02,late,sandy,6.54,0
47.65,36.66,58.45,2.99,mid_season,loamy,2.4,0
69.14,29.49,68.53,0,late,sandy,0,0
65.13,25.32,80.66,3.9,development,clay,0.89,0
50.52,22.94,89.25,4.52,development,loamy,12.84,0
72.34,29.56,55.96,0,initial,clay,0,0
61.34,26.74,42.98,4.34,mid_season,clay,16.25,0
51.54,24.51,74.51,3.15,mid_season,loamy,5.43,0
37.44,31.63,87.16,4.77,late,sandy,4.2,0
56.35,34.43,86.44,3.58,mid_season,sandy,8.67,0
63.76,23.01,70.67,3.9,late,sandy,7.01,0
27.18,33.24,45.0,4.57,initial,sandy,11.99,0
54.79,25.28,73.06,3.43,late,loamy,5.63,0
55.64,23.35,45.24,3.82,development,sandy,6.92,0
64.47,34.68,44.49,3.86,mid_season,clay,6.28,0
52.17,33.75,61.37,4.46,late,sandy,14.83,0
59.55,22.42,76.6,4.74,late,clay,6.82,0
34.23,36.85,61.48,2.16,late,sandy,0.9,0
64.29,22.2,44.0,4.07,mid_season,clay,19.48,0
63.53,33.17,59.8,4.5,initial,sandy,14.35,0
65.89,35.18,64.21,3.88,development,loamy,6.58,0
67.25,19.09,70.89,3.77,development,clay,11.59,0
40.33,26.75,73.31,0,initial,sandy,0,0
34.78,29.97,52.91,2.98,development,clay,4.61,0
53.48,26.2,87.65,0,mid_season,clay,0,0
68.1,19.99,57.43,3.47,initial,sandy,7.79,0
53.36,34.72,89.59,4.31,mid_season,loamy,7.49,0
20.83,31.32,62.72,0,late,sandy,0,1
42.18,33.06,81.81,3.36,mid_season,loamy,20.37,0
35.3,31.54,54.25,6.42,late,sandy,13.38,0
38.17,36.46,58.42,3.42,late,loamy,19.16,0
88.25,20.75,76.01,6.88,development,clay,4.32,0
64.11,20.29,62.13,0,mid_season,loamy,0,0
29.78,20.59,73.68,0,mid_season,sandy,0,1
60.94,19.88,73.76,4.5,mid_season,clay,13.15,0
53.99,35.55,85.49,3.4,late,sandy,15.62,0
37.59,24.38,87.19,0,late,sandy,0,1
47.77,22.46,87.27,4.06,initial,sandy,8.44,0
68.14,27.78,83.56,4.0,initial,clay,7.86,0
67.73,24.13,73.84,3.21,development,loamy,6.37,0
75.92,31.31,83.88,2.85,late,sandy,8.44,0
63.31,33.37,82.47,3.83,late,clay,8.48,0
42.58,35.62,43.75,4.01,initial,sandy,1.41,0
70.77,19.34,78.5,0,initial,sandy,0,0
62.16,37.29,88.35,2.71,initial,clay,1.24,0
78.1,24.8,75.46,4.51,development,sandy,14.7,0
73.83,24.25,51.7,4.88,mid_season,clay,12.11,0
52.55,19.71,45.12,3.86,late,clay,8.71,0
75.62,31.31,80.05,0,late,sandy,0,0
51.69,22.99,83.6,3.88,development,sandy,10.97,0
35.02,22.67,46.19,3.63,initial,loamy,0.48,0
72.78,34.32,62.97,4.3,mid_season,loamy,7.43,0
62.3,19.14,60.54,3.35,development,clay,5.05,0
68.88,30.14,61.88,3.55,initial,sandy,8.64,0
49.13,35.41,44.14,4.65,initial,loamy,5.52,0
58.67,25.81,80.48,3.95,initial,clay,10.42,0
64.65,27.7,71.76,4.54,mid_season,sandy,11.77,0
51.82,35.38,71.12,4.22,initial,sandy,7.14,0
32.9,37.7,87.56,3.83,initial,loamy,2.12,0
60.43,22.65,87.07,5.29,mid_season,loamy,9.11,0
76.01,30.79,85.69,1.52,mid_season,sandy,8.2,0
50.56,28.34,61.17,0,initial,loamy,0,0
45.88,27.5,44.97,3.38,mid_season,loamy,14.67,0
63.62,34.31,89.12,3.92,mid_season,sandy,9.53,0
65.57,18.72,47.15,2.85,late,sandy,13.56,0
67.88,19.1,68.92,4.07,late,loamy,22.27,0
40.55,25.1,89.42,3.65,initial,clay,5.44,0
35.81,31.22,44.01,3.55,late,sandy,13.33,0
39.71,22.07,65.94,4.93,late,clay,15.38,0
69.36,25.31,57.74,4.34,mid_season,clay,22.71,0
39.85,20.34,81.26,0,initial,sandy,0,0
50.73,35.84,53.39,0,mid_season,loamy,0,1
91.95,19.82,82.97,2.93,mid_season,sandy,4.07,0
42.5,23.78,61.27,2.26,late,sandy,3.99,0
39.33,30.77,64.7,4.16,late,clay,16.31,0
48.4,29.55,53.15,3.43,initial,sandy,2.56,0
58.49,18.72,59.25,3.51,initial,sandy,0.96,0
42.59,18.93,77.12,5.35,initial,clay,3.62,0
69.32,36.45,56.56,0,initial,clay,0,0
62.29,28.37,66.79,0,initial,loamy,0,0
71.37,34.83,77.88,2.23,initial,sandy,6.75,0
61.09,19.45,79.81,0,initial,loamy,0,0
70.34,33.73,41.74,0,late,loamy,0,0
34.74,20.06,46.66,0,late,sandy,0,1
62.32,35.29,73.56,3.84,initial,sandy,8.99,0
86.77,33.19,82.85,5.73,development,sandy,5.92,0
47.03,21.81,59.28,0,initial,clay,0,0
59.88,35.11,52.33,3.64,initial,loamy,5.41,0
63.58,30.5,45.78,6.05,initial,sandy,21.12,0
46.05,29.38,44.89,4.19,mid_season,clay,5.01,0
28.64,33.7,41.53,2.98,development,loamy,11.19,0
41.13,37.41,63.91,4.81,development,sandy,8.5,0
75.28,21.95,47.91,2.58,development,loamy,3.21,0
38.19,36.44,57.93,2.68,late,clay,12.44,0
50.96,23.95,72.69,4.86,initial,clay,7.86,0
72.1,36.1,89.17,5.43,initial,loamy,17.58,0
59.39,31.45,46.94,3.62,mid_season,loamy,16.4,0
51.96,26.9,61.97,5.55,development,clay,0.53,0
77.46,32.78,82.86,5.25,mid_season,clay,5.58,0
51.66,19.39,51.54,5.29,development,clay,17.15,0
84.39,29.01,50.93,2.48,mid_season,sandy,20.51,0
78.43,21.23,82.73,3.66,late,sandy,12.81,0
63.11,34.07,72.16,5.17,late,sandy,18.94,0
62.37,25.41,50.22,3.66,development,sandy,11.49,0
26.06,35.47,88.25,1.75,mid_season,clay,17.42,0
65.63,33.69,71.63,4.37,mid_season,sandy,13.94,0
74.79,23.8,63.09,4.59,development,loamy,10.53,0
31.69,20.98,48.94,2.35,development,loamy,6.13,0
48.83,27.31,86.33,3.21,mid_season,loamy,24.92,0
76.77,37.17,69.72,6.59,mid_season,loamy,15.72,0
53.48,21.65,70.11,5.38,late,sandy,2.44,0
36.15,21.28,65.92,5.44,mid_season,loamy,0.26,0
78.99,27.54,53.7,5.59,mid_season,loamy,18.8,0
67.86,19.15,75.86,2.72,mid_season,clay,7.98,0
60.33,22.81,75.17,3.78,late,loamy,1.73,0
25.24,23.81,67.21,2.64,mid_season,loamy,9.08,0
56.68,25.27,68.56,3.06,development,loamy,5.63,0
40.53,37.67,84.88,2.35,development,loamy,12.49,0
38.45,32.32,78.62,3.44,development,sandy,11.79,0
43.47,36.4,74.93,2.79,development,loamy,5.01,0
78.55,25.03,77.3,3.59,initial,sandy,4.43,0
38.18,22.45,84.17,0,mid_season,sandy,0,1
30.93,20.88,55.19,4.32,initial,clay,7.63,0
79.1,23.46,53.95,2.79,mid_season,clay,0.62,0
45.88,26.09,76.31,3.91,initial,loamy,2.99,0
61.31,36.9,84.48,3.09,development,sandy,1.64,0
47.92,18.57,48.99,2.57,initial,sandy,4.53,0
90.15,31.95,64.88,6.03,initial,sandy,6.15,0
33.63,33.61,78.08,6.38,late,clay,21.93,0
48.8,35.5,69.94,0,mid_season,loamy,0,1
56.91,33.1,55.41,2.16,mid_season,sandy,13.28,0
26.19,36.03,73.77,3.63,late,clay,12.32,0
76.15,20.84,84.7,0,development,loamy,0,0
58.85,20.52,73.08,4.91,mid_season,loamy,11.64,0
47.9,28.99,79.42,5.74,mid_season,loamy,4.65,0
50.5,29.99,51.37,5.62,development,clay,10.54,0
49.94,34.47,54.54,4.43,mid_season,clay,2.9,0
58.13,26.01,87.49,1.7,late,clay,10.72,0
56.94,32.18,60.87,0,initial,clay,0,0
45.66,36.68,85.04,3.43,late,clay,12.46,0
52.81,33.05,53.26,3.96,development,loamy,7.18,0
76.1,31.51,81.71,3.51,development,clay,13.94,0
32.3,25.61,48.88,2.15,late,sandy,2.88,0
26.88,22.39,77.12,3.1,late,sandy,11.43,0
44.69,23.72,48.52,1.84,late,loamy,2.11,0
58.22,37.33,57.76,4.46,initial,loamy,3.77,0
52.83,34.42,86.27,0,initial,loamy,0,0
76.04,27.25,72.84,5.32,mid_season,clay,1.09,0
38.84,24.73,55.17,0,late,loamy,0,1
70.07,19.76,48.81,0.75,initial,loamy,4.24,0
39.0,36.52,72.57,6.49,initial,sandy,8.37,0
36.38,31.45,61.83,4.61,late,clay,17.62,0
85.33,20.08,68.06,0,development,loamy,0,0
25.54,37.54,89.08,4.93,development,sandy,5.34,0
42.2,22.04,44.95,4.31,mid_season,sandy,11.42,0
42.36,21.9,41.45,0,late,clay,0,1
30.94,35.96,73.16,4.64,late,loamy,16.74,0
71.49,18.97,57.94,2.5,mid_season,clay,17.65,0
59.84,27.7,57.46,0,initial,sandy,0,0
15.03,20.1,56.14,0,late,clay,0,1
46.41,27.59,72.5,3.92,late,sandy,4.56,0
38.11,25.41,62.13,0,initial,sandy,0,0
63.8,30.37,79.17,3.98,late,loamy,9.62,0
46.43,25.29,53.85,0,initial,sandy,0,0
30.23,18.89,46.41,0,initial,clay,0,0
76.59,25.92,43.76,4.29,development,sandy,7.1,0
56.78,30.88,51.05,3.65,initial,clay,4.94,0
37.23,22.57,84.9,3.68,initial,loamy,11.1,0
91.69,26.02,79.46,5.8,development,sandy,17.68,0
33.56,20.86,67.56,0,initial,clay,0,0
44.52,22.21,61.93,6.01,initial,loamy,1.0,0
46.77,33.91,48.03,4.87,initial,clay,8.88,0
54.85,37.62,55.07,0,late,loamy,0,0
69.49,31.53,56.2,4.02,initial,clay,12.86,0
24.23,30.9,59.88,4.52,late,loamy,22.09,0
50.33,24.58,62.63,0,late,sandy,0,1
23.3,28.65,78.5,1.74,development,sandy,5.37,0
79.14,34.85,48.15,5.23,initial,clay,22.55,0
85.19,30.03,84.98,3.2,late,clay,10.38,0
21.39,37.72,63.69,2.4,initial,clay,10.03,0
68.85,25.82,53.38,5.65,mid_season,clay,6.19,0
42.15,23.1,64.27,0,initial,loamy,0,0
40.52,24.0,42.94,4.98,late,loamy,3.03,0
82.11,21.4,86.51,0,late,sandy,0,0
34.83,29.19,76.17,3.28,late,sandy,22.42,0
47.63,30.45,48.16,4.59,late,clay,1.92,0
46.42,18.4,73.43,0,late,loamy,0,1
34.75,34.05,43.25,5.34,late,sandy,3.85,0
42.54,35.93,86.71,3.46,mid_season,sandy,15.02,0
57.47,33.99,87.48,0,development,sandy,0,1
69.13,22.06,82.35,3.45,initial,loamy,10.86,0
75.99,24.97,52.98,6.01,late,loamy,19.35,0
52.19,22.6,69.52,0,late,sandy,0,1
36.33,30.98,59.67,4.82,mid_season,clay,11.42,0
64.23,21.15,51.09,4.31,development,sandy,0.78,0
42.35,28.93,50.76,0,initial,clay,0,0
73.21,21.0,49.81,0,development,loamy,0,0
47.44,35.97,61.9,0,initial,loamy,0,0
62.44,36.7,86.18,3.6,mid_season,sandy,4.04,0
81.2,23.84,82.03,3.45,initial,sandy,10.44,0
22.1,24.12,68.58,5.25,development,clay,3.23,0
52.21,26.35,45.85,4.21,late,sandy,7.02,0
69.8,21.25,65.8,6.87,initial,loamy,5.97,0
39.54,31.31,72.73,0,initial,loamy,0,0
53.33,18.43,44.06,4.03,initial,loamy,20.35,0
70.75,28.8,56.36,3.59,late,clay,5.94,0
59.87,35.13,46.79,3.9,initial,clay,8.68,0
44.96,33.87,46.83,4.06,late,loamy,2.78,0
64.47,29.44,45.68,2.73,development,sandy,5.77,0
48.33,30.89,67.29,4.19,development,loamy,11.68,0
18.34,25.28,77.1,2.25,late,loamy,9.98,0
49.89,26.35,47.01,0,development,loamy,0,1
58.13,37.49,77.34,0,development,clay,0,0
28.8,18.12,75.62,5.56,late,loamy,19.65,0
64.04,37.42,46.9,4.74,initial,clay,2.07,0
63.61,27.9,75.04,0,initial,clay,0,0
28.12,21.8,41.36,3.61,late,clay,14.53,0
50.82,27.55,78.17,4.53,mid_season,loamy,4.39,0
69.31,23.86,44.09,4.81,late,sandy,2.02,0
67.22,33.45,49.6,4.93,mid_season,sandy,17.05,0
41.39,35.69,70.26,3.89,late,clay,8.3,0
62.57,21.04,44.91,0,late,sandy,0,0
55.98,33.8,54.3,3.7,mid_season,sandy,13.99,0
30.53,25.52,40.25,4.01,late,sandy,4.54,0
41.9,35.79,85.43,5.73,development,clay,13.23,0
67.81,21.19,82.99,4.53,late,sandy,21.11,0
68.68,36.83,74.4,3.84,development,clay,8.81,0
62.17,25.04,50.64,4.29,late,clay,7.71,0
64.27,21.47,45.7,0,mid_season,clay,0,0
31.66,22.93,84.1,3.64,mid_season,sandy,14.76,0
34.31,35.59,64.64,4.62,late,sandy,11.08,0
35.19,19.32,62.26,6.16,late,loamy,15.06,0
45.25,24.53,69.33,4.14,mid_season,loamy,10.19,0
65.29,27.32,86.87,0,initial,loamy,0,0
53.41,25.63,60.56,0,development,clay,0,0
49.63,24.69,57.33,3.2,development,clay,3.43,0
48.4,25.7,47.72,5.13,development,clay,3.6,0
38.63,25.95,44.58,4.45,mid_season,sandy,4.46,0
51.81,21.49,89.88,4.55,development,loamy,14.15,0
55.5,36.7,85.35,5.83,mid_season,clay,9.0,0
16.59,37.4,84.51,3.61,late,sandy,12.35,0
29.96,19.86,61.45,0,late,clay,0,1
63.48,20.26,43.17,3.26,development,sandy,16.17,0
80.76,32.98,86.03,5.39,mid_season,clay,14.66,0
30.21,32.47,65.35,4.65,late,loamy,2.69,0
56.05,34.22,81.63,2.71,initial,clay,6.54,0
54.07,22.01,88.84,4.97,mid_season,loamy,13.59,0
67.53,33.91,41.19,3.08,late,sandy,1.72,0
45.09,30.74,60.17,3.76,initial,clay,9.93,0
45.47,22.86,46.3,2.59,initial,loamy,3.1,0
42.71,29.21,58.96,4.1,late,loamy,0.69,0
54.71,24.16,47.41,4.67,mid_season,clay,8.79,0
63.48,31.05,54.17,5.49,mid_season,sandy,0.79,0
75.78,22.27,40.5,5.13,late,sandy,7.22,0
35.28,21.71,72.68,2.69,initial,sandy,10.53,0
32.54,22.6,72.61,3.32,late,sandy,18.8,0
69.94,30.07,80.83,2.53,late,sandy,5.37,0
95,22.88,48.27,3.52,development,loamy,0.72,0
56.66,26.87,89.79,3.63,late,loamy,5.39,0
33.52,32.31,47.31,3.25,initial,sandy,9.72,0
87.13,30.67,47.24,4.3,initial,clay,13.75,0
78.05,25.18,71.69,4.39,mid_season,sandy,15.22,0
60.51,27.91,89.48,2.93,initial,clay,6.04,0
45.56,36.32,88.01,3.0,initial,loamy,1.58,0
43.22,26.9,52.72,3.24,late,clay,11.79,0
75.92,30.86,75.47,5.31,late,clay,23.68,0
64.96,21.33,86.74,4.57,mid_season,sandy,6.62,0
63.11,28.29,64.93,3.81,mid_season,sandy,13.52,0
61.77,18.47,83.38,4.05,mid_season,sandy,14.61,0
61.09,25.74,76.92,3.54,development,loamy,8.22,0
55.38,37.1,49.47,5.8,late,sandy,11.01,0
64.22,27.22,42.41,4.13,mid_season,clay,3.18,0
66.88,28.91,75.76,3.73,initial,loamy,4.6,0
57.36,19.46,61.9,1.66,late,sandy,3.79,0
28.29,30.58,89.39,0,mid_season,sandy,0,1
53.85,35.31,50.18,4.06,development,loamy,4.42,0
72.11,34.04,43.38,6.1,development,sandy,0.84,0
32.72,23.77,55.75,4.84,mid_season,loamy,1.73,0
54.71,23.97,66.37,4.74,initial,sandy,0.42,0
80.18,23.93,67.38,0,mid_season,sandy,0,0
76.09,29.24,78.97,0,initial,sandy,0,0
75.51,21.48,80.4,3.51,development,loamy,9.34,0
48.05,34.46,89.63,5.4,mid_season,sandy,8.8,0
74.61,24.07,57.51,3.18,mid_season,loamy,11.54,0
24.67,19.69,52.68,3.27,mid_season,clay,10.53,0
57.92,35.21,48.85,0,initial,loamy,0,0
81.25,32.29,82.39,3.62,development,clay,8.08,0
62.61,30.08,66.52,1.99,late,loamy,22.18,0
58.84,19.75,85.66,2.92,mid_season,loamy,3.09,0
41.27,36.78,45.91,5.26,initial,clay,4.24,0
41.67,34.84,56.85,3.99,late,loamy,20.13,0
39.61,20.46,88.53,0,initial,sandy,0,0
55.14,24.92,68.48,5.68,late,sandy,3.48,0
28.9,33.3,65.75,0,initial,clay,0,0
46.56,31.17,40.04,5.4,late,sandy,12.64,0
56.72,26.92,76.61,3.05,mid_season,clay,3.2,0
46.59,35.92,58.16,3.56,late,sandy,9.67,0
41.02,21.44,51.81,4.52,late,clay,2.11,0
37.13,35.32,87.74,0.65,late,sandy,7.94,0
51.97,21.74,86.81,1.95,development,sandy,4.93,0
46.33,31.04,58.04,5.28,initial,loamy,2.39,0
29.07,28.5,70.87,2.51,initial,clay,2.43,0
57.01,21.97,84.98,5.92,mid_season,loamy,12.15,0
80.5,33.57,78.89,4.45,late,loamy,4.72,0
76.51,21.31,62.01,3.36,initial,clay,16.27,0
34.1,20.56,67.75,1.4,mid_season,loamy,16.03,0
67.96,25.89,89.57,3.1,initial,loamy,0.88,0
62.47,31.56,62.11,1.63,late,sandy,9.68,0
62.28,20.19,76.26,3.21,late,clay,12.63,0
76.68,29.17,66.24,3.53,mid_season,clay,26.39,0
81.14,30.88,50.99,3.36,mid_season,clay,13.53,0
68.68,35.07,68.43,4.06,initial,clay,6.08,0
37.56,30.1,80.37,4.69,development,clay,8.87,0
57.21,25.0,77.75,3.8,mid_season,loamy,8.3,0
66.89,33.38,67.15,5.07,initial,clay,7.47,0
54.4,23.72,65.69,4.52,development,loamy,5.14,0
90.34,19.41,51.34,3.67,development,sandy,11.62,0
36.71,24.22,48.63,4.05,initial,loamy,9.32,0
61.54,32.56,66.24,3.39,initial,loamy,14.19,0
68.17,20.0,81.37,5.33,late,clay,9.58,0
25.92,18.75,84.39,1.87,initial,loamy,4.47,0
66.8,27.97,60.54,0,mid_season,sandy,0,0
63.93,19.96,53.02,0,development,clay,0,0
71.6,31.1,65.99,6.63,initial,sandy,16.17,0
30.24,23.12,79.62,2.39,development,clay,22.29,0
53.13,22.25,57.99,3.61,initial,clay,7.43,0
39.67,33.21,60.54,5.78,development,loamy,2.69,0
78.94,22.98,59.04,0,development,sandy,0,0
45.22,26.92,84.43,5.86,mid_season,loamy,10.32,0
47.85,23.87,84.72,3.27,development,loamy,6.63,0
56.79,33.51,63.54,0,development,sandy,0,1
32.68,37.17,46.23,0,initial,loamy,0,1
16.98,37.24,69.44,3.9,late,sandy,9.69,0
30.08,19.6,88.65,4.29,initial,clay,5.98,0
41.51,32.58,82.02,0,initial,loamy,0,0
31.62,23.27,58.78,4.3,mid_season,loamy,7.62,0
54.57,23.6,83.11,2.81,late,loamy,1.19,0
42.12,18.87,41.42,5.01,late,sandy,3.35,0
51.07,36.78,40.19,4.03,initial,loamy,7.97,0
70.24,28.79,64.09,5.01,initial,clay,13.46,0
34.8,35.82,43.99,3.5,initial,loamy,3.7,0
47.01,22.73,54.98,0,mid_season,clay,0,0
66.82,37.16,64.54,3.96,development,clay,14.04,0
52.33,27.63,48.6,3.52,initial,sandy,0.73,0
32.06,33.86,68.43,2.34,initial,clay,13.2,0
78.88,24.46,49.92,2.88,mid_season,sandy,13.26,0
55.43,19.86,41.08,3.44,late,sandy,9.63,0
79.16,34.31,72.31,5.43,mid_season,sandy,6.95,0
58.71,37.6,54.26,0,initial,loamy,0,0
72.71,34.48,75.94,3.65,development,loamy,4.97,0
68.25,29.1,40.9,4.84,development,clay,8.06,0
44.05,37.68,80.64,4.36,development,clay,8.68,0
47.2,37.15,73.29,5.38,late,sandy,3.49,0
77.53,23.86,61.91,5.01,mid_season,clay,0.97,0
41.06,21.81,52.25,2.36,late,sandy,13.34,0
39.25,31.03,67.9,3.91,development,loamy,2.69,0
28.95,25.06,70.81,4.24,late,sandy,17.68,0
72.45,29.19,73.29,4.7,initial,sandy,8.33,0
67.74,20.04,56.27,3.42,mid_season,sandy,7.72,0
50.97,36.02,54.1,2.39,development,sandy,1.95,0
44.45,18.79,68.73,3.01,initial,sandy,13.6,0
77.99,23.6,73.53,3.67,mid_season,sandy,8.55,0
67.44,19.96,74.08,0,initial,sandy,0,0
37.93,27.84,80.58,4.31,initial,sandy,4.41,0
43.71,37.95,60.58,5.29,mid_season,loamy,1.14,0
59.7,20.13,45.89,4.09,mid_season,sandy,10.93,0
42.8,34.53,53.81,5.87,late,sandy,5.95,0
44.27,22.22,89.73,4.14,late,sandy,4.18,0
67.37,22.74,73.52,4.19,late,loamy,6.39,0
54.51,30.42,78.97,4.77,late,loamy,4.07,0
56.87,18.99,82.58,4.73,late,clay,21.05,0
63.34,26.94,57.7,1.35,initial,loamy,12.72,0
27.03,36.27,58.3,2.54,mid_season,clay,8.15,0
70.43,28.0,80.0,0,initial,clay,0,0
41.69,23.33,40.94,2.61,initial,clay,21.73,0
84.3,30.36,68.9,4.59,mid_season,sandy,14.12,0
44.49,24.9,79.11,0,initial,sandy,0,0
57.94,21.49,73.29,7.11,late,sandy,14.97,0
64.64,25.83,76.45,0,initial,loamy,0,0
62.44,33.71,84.82,4.16,late,loamy,1.61,0
67.52,24.55,69.83,4.85,late,clay,3.41,0
58.34,36.9,74.73,5.87,development,clay,21.18,0
34.06,33.84,86.84,4.34,mid_season,clay,11.99,0
32.66,19.98,69.03,3.88,mid_season,loamy,11.94,0
82.15,35.2,53.6,2.7,late,clay,3.19,0
60.73,28.81,52.5,4.07,mid_season,clay,7.48,0
45.6,37.09,76.29,4.85,mid_season,sandy,9.87,0
35.06,20.11,48.21,4.2,mid_season,sandy,4.32,0
47.32,29.6,87.09,5.53,late,sandy,11.97,0
16.74,30.19,58.07,3.32,mid_season,loamy,15.94,0
46.71,18.71,88.39,3.59,late,clay,4.92,0
88.35,37.9,44.68,1.22,mid_season,clay,7.62,0
88.59,20.91,81.48,2.83,late,sandy,3.63,0
64.33,32.09,40.19,4.36,late,clay,7.31,0
80.29,23.78,86.34,5.49,initial,sandy,19.89,0
62.92,33.08,72.88,4.78,development,sandy,8.58,0
52.34,36.75,55.96,3.85,late,loamy,17.91,0
30.72,29.82,57.77,2.89,mid_season,sandy,11.91,0
25.12,20.9,71.03,0,initial,sandy,0,0
50.69,29.78,58.06,3.4,development,sandy,1.46,0
37.47,28.81,82.42,4.65,late,loamy,12.36,0
63.95,29.95,43.76,5.02,late,loamy,4.24,0
63.71,28.46,54.55,4.88,mid_season,clay,10.81,0
75.24,23.49,79.69,3.89,development,clay,28.62,0
51.32,26.41,45.04,3.03,mid_season,loamy,13.22,0
33.34,33.04,83.35,0,initial,loamy,0,0
68.68,20.87,48.75,3.75,mid_season,loamy,8.12,0
55.47,26.75,70.16,0,mid_season,clay,0,0
34.81,29.27,81.21,6.14,development,loamy,11.12,0
72.34,30.38,43.23,3.84,mid_season,sandy,17.02,0
57.6,33.11,49.97,3.32,development,loamy,11.65,0
37.53,26.6,86.34,0,late,sandy,0,1
37.35,31.18,62.92,5.2,development,loamy,2.18,0
41.45,24.9,89.27,4.98,initial,clay,7.08,0
67.67,37.08,57.59,5.11,initial,sandy,3.17,0
17.89,30.94,70.44,0,initial,sandy,0,0
47.7,29.93,52.64,2.31,development,sandy,4.0,0
43.22,35.36,83.13,5.43,mid_season,clay,18.08,0
54.02,30.98,54.67,5.26,development,clay,6.56,0
37.0,21.46,50.23,4.43,late,sandy,15.33,0
61.89,21.23,72.19,2.65,development,sandy,8.41,0
80.94,18.26,49.75,0,initial,loamy,0,0
59.16,26.88,85.35,3.02,development,clay,18.85,0
62.09,25.03,66.29,5.26,mid_season,sandy,4.77,0
25.72,18.49,66.3,4.51,development,sandy,1.76,0
42.36,23.73,85.45,5.97,late,clay,9.25,0
53.18,27.41,85.96,4.07,development,loamy,24.14,0
48.18,28.85,44.28,3.92,mid_season,sandy,20.68,0
43.73,23.7,55.7,5.3,mid_season,loamy,13.84,0
59.58,19.66,55.28,2.88,development,sandy,5.48,0
47.75,19.71,69.8,3.18,mid_season,loamy,4.73,0
76.36,24.61,58.48,3.49,late,clay,17.06,0
81.2,36.77,53.72,4.5,late,clay,2.68,0
79.26,24.28,42.08,3.94,mid_season,loamy,17.35,0
77.34,26.54,76.56,4.28,initial,clay,4.99,0
75.55,35.79,70.19,4.14,mid_season,sandy,13.18,0
65.24,20.27,44.32,0,development,clay,0,0
18.24,36.27,41.77,5.76,mid_season,loamy,12.23,0
95,31.66,46.62,1.98,initial,loamy,10.98,0
43.98,25.6,59.31,3.96,mid_season,clay,16.0,0
38.1,30.93,58.73,2.54,late,loamy,11.19,0
95,30.99,57.85,3.66,late,loamy,6.2,0
37.59,21.95,63.31,4.57,mid_season,sandy,7.74,0
36.58,37.55,55.21,2.82,mid_season,sandy,2.44,0
5,21.04,87.98,3.36,development,loamy,2.85,0
26.88,36.98,46.71,2.86,late,clay,9.7,0
31.2,27.36,75.85,3.4,initial,loamy,2.48,0
42.68,28.7,51.04,4.3,initial,loamy,15.47,0
45.72,36.75,69.47,5.43,late,clay,0.6,0
70.86,22.13,82.6,0,initial,clay,0,0
64.22,36.47,76.92,2.68,late,clay,8.9,0
43.82,28.72,63.9,3.09,development,clay,2.91,0
60.43,30.63,40.99,4.6,development,sandy,8.86,0
67.83,24.95,67.47,5.14,late,sandy,10.39,0
95,33.87,61.0,4.29,late,loamy,14.52,0
29.62,19.07,86.9,3.81,initial,loamy,9.59,0
71.76,30.45,74.68,0,late,sandy,0,0
44.97,35.52,61.97,0,initial,loamy,0,0
41.33,20.67,68.63,4.45,mid_season,clay,11.11,0
56.16,36.77,73.93,6.31,mid_season,loamy,8.04,0
40.12,32.44,62.96,5.09,mid_season,loamy,4.67,0
61.37,26.79,77.72,3.52,late,loamy,5.52,0
21.62,28.47,49.23,3.43,development,loamy,15.22,0
5,33.47,54.59,3.73,mid_season,loamy,14.62,0
55.06,36.44,52.14,4.88,development,clay,20.19,0
61.83,18.45,47.74,3.62,late,clay,6.75,0
41.56,35.94,49.18,3.22,mid_season,loamy,9.28,0
45.61,22.04,64.61,0,initial,clay,0,0
49.04,37.76,72.96,2.19,initial,clay,0.94,0
41.16,18.51,63.91,0,late,sandy,0,1
73.08,22.25,43.13,3.73,development,loamy,2.03,0
41.09,31.26,47.8,5.56,mid_season,loamy,9.89,0
73.5,28.38,81.35,4.08,development,sandy,9.75,0
37.43,25.21,62.27,5.18,mid_season,loamy,3.37,0
89.14,36.33,61.68,3.9,mid_season,sandy,1.73,0
31.01,28.57,76.98,5.75,development,clay,8.4,0
49.12,23.77,56.76,3.84,development,sandy,17.0,0
75.79,28.8,64.5,3.28,initial,loamy,4.36,0
50.03,26.88,73.05,4.0,development,clay,7.03,0
51.92,20.83,88.57,5.64,development,clay,11.44,0
50.3,35.92,79.03,4.1,mid_season,clay,0.17,0
39.29,35.09,54.26,3.47,development,clay,11.53,0
56.46,22.91,50.2,3.67,mid_season,sandy,18.46,0
28.35,24.33,77.61,3.4,mid_season,loamy,14.51,0
62.59,19.81,40.85,0,initial,clay,0,0
68.37,29.18,42.12,3.26,late,clay,8.01,0
57.35,25.91,70.44,2.33,development,sandy,18.6,0
23.43,28.67,84.99,4.62,mid_season,clay,11.79,0
49.29,35.34,66.55,0,development,sandy,0,1
24.66,32.04,63.24,3.59,mid_season,clay,9.0,0
54.18,31.5,81.46,4.55,initial,loamy,0.63,0
51.1,28.5,48.85,3.27,late,sandy,4.15,0
58.03,37.0,60.43,5.04,late,sandy,12.26,0
51.93,34.8,49.96,4.27,late,sandy,18.85,0
55.03,32.88,72.66,2.46,mid_season,loamy,14.21,0
40.09,23.64,58.74,3.1,mid_season,sandy,9.29,0
53.44,34.0,58.05,2.2,development,sandy,6.27,0
46.01,25.22,54.74,4.14,initial,sandy,2.4,0
48.92,21.82,77.66,4.15,late,sandy,4.55,0
51.55,33.69,81.61,5.49,late,sandy,4.35,0
88.47,32.92,72.77,5.05,initial,loamy,8.4,0
67.06,26.91,72.64,3.37,development,sandy,4.39,0
31.27,19.44,41.16,0,development,sandy,0,1
54.94,24.89,51.19,5.53,mid_season,sandy,6.59,0
51.57,22.66,64.08,4.61,initial,loamy,8.34,0
57.57,32.08,81.89,5.61,development,clay,8.99,0
38.55,29.21,46.88,5.6,development,loamy,8.52,0
40.63,31.46,45.9,3.52,initial,loamy,8.23,0
71.17,25.2,80.98,4.15,initial,loamy,4.15,0
70.41,27.43,72.15,3.52,late,sandy,5.35,0
84.66,36.6,44.74,4.06,late,sandy,2.04,0
45.79,20.67,65.39,0,initial,clay,0,0
60.29,22.13,55.92,4.75,late,loamy,4.22,0
52.27,19.75,81.89,0,development,clay,0,0
46.93,33.54,73.93,5.35,late,sandy,8.92,0
92.51,24.73,87.57,5.01,development,loamy,15.92,0
46.43,21.78,52.95,0,mid_season,loamy,0,1
56.36,25.06,50.12,2.96,mid_season,clay,17.94,0
49.66,25.68,61.15,7.12,development,loamy,1.81,0
87.7,31.55,49.88,3.67,late,sandy,12.75,0
41.86,23.94,68.25,0,late,sandy,0,1
34.09,33.02,67.62,0,initial,sandy,0,0
54.65,20.86,67.14,0,late,sandy,0,1
87.07,37.5,48.12,0,development,sandy,0,0
38.73,30.05,84.56,0,initial,loamy,0,0
56.0,36.91,75.21,3.6,mid_season,clay,6.59,0
48.52,35.87,71.95,5.64,development,clay,7.03,0
64.57,37.62,87.31,3.24,mid_season,clay,20.53,0
69.53,18.35,81.29,0,late,loamy,0,0
65.67,19.8,53.74,3.49,late,loamy,3.86,0
72.17,35.55,70.21,6.7,initial,sandy,2.22,0
76.54,24.36,62.08,5.93,late,loamy,8.08,0
53.33,26.16,71.74,3.56,development,loamy,1.63,0
49.25,22.46,66.14,5.47,development,loamy,11.69,0
63.11,35.09,72.51,2.6,late,clay,16.99,0
55.52,21.26,48.73,0,initial,sandy,0,0
43.5,22.89,47.39,0,late,loamy,0,1
49.63,33.16,74.41,3.52,late,sandy,1.94,0
34.69,37.03,78.72,3.59,late,clay,5.75,0
82.6,28.04,75.24,3.85,initial,clay,14.03,0
69.78,26.89,53.68,4.32,late,sandy,8.49,0
14.46,22.0,56.07,3.99,mid_season,sandy,12.84,0
67.34,30.93,65.07,3.01,late,sandy,4.07,0
66.49,34.47,85.88,4.13,mid_season,sandy,7.16,0
55.22,37.94,58.71,1.84,mid_season,sandy,18.58,0
31.18,30.8,44.19,0,development,sandy,0,1
69.28,29.03,51.86,3.82,initial,sandy,3.91,0
63.0,21.28,72.93,6.11,development,sandy,7.49,0
82.32,28.47,55.21,3.81,mid_season,clay,10.85,0
66.62,28.57,71.75,0,development,sandy,0,0
49.47,32.53,57.32,4.43,initial,sandy,11.75,0
37.23,19.05,40.86,3.6,late,sandy,14.16,0
63.07,19.0,60.14,0,late,sandy,0,0
67.72,35.42,61.11,3.41,mid_season,clay,8.76,0
5,32.18,88.68,2.34,development,clay,5.39,0
29.78,26.03,75.64,4.45,mid_season,loamy,16.89,0
44.89,20.12,51.23,5.5,initial,clay,11.23,0
41.93,27.94,71.47,3.29,development,clay,12.02,0
76.13,21.01,69.89,2.84,initial,loamy,7.56,0
37.95,24.16,76.16,3.17,initial,clay,5.23,0
45.35,33.46,87.83,5.18,development,sandy,11.62,0
45.58,19.86,69.38,3.18,mid_season,loamy,14.24,0
49.64,36.65,84.85,4.23,mid_season,sandy,6.75,0
38.06,22.24,88.44,4.44,late,loamy,2.18,0
58.67,22.34,67.29,0,mid_season,loamy,0,0
50.11,20.94,80.58,4.46,mid_season,loamy,11.11,0
60.16,23.71,57.08,1.87,development,sandy,1.38,0
73.56,26.84,67.91,0,late,sandy,0,0
38.47,31.35,55.11,0,initial,clay,0,0
48.52,32.42,59.08,1.56,initial,loamy,15.02,0
81.54,29.2,50.72,3.57,development,clay,15.4,0
52.81,28.91,83.7,2.82,mid_season,loamy,15.19,0
68.23,27.88,67.68,4.98,development,clay,4.13,0
64.07,31.08,41.89,3.42,mid_season,sandy,12.9,0
54.05,34.11,72.78,0,development,sandy,0,1
59.93,36.27,82.24,4.71,mid_season,sandy,22.81,0
52.28,34.84,81.68,2.99,mid_season,clay,29.79,0
50.75,37.16,77.05,2.35,late,clay,7.8,0
29.73,21.33,78.04,4.38,late,loamy,9.3,0
70.98,28.81,59.93,0,mid_season,clay,0,0
49.57,34.47,45.56,5.5,initial,loamy,3.42,0
84.47,23.66,76.27,5.34,development,loamy,12.75,0
64.58,21.43,88.83,4.17,late,loamy,17.32,0
68.6,35.31,64.4,0,initial,clay,0,0
39.16,20.19,42.64,3.53,mid_season,sandy,14.19,0
39.2,19.89,88.12,2.52,mid_season,loamy,12.25,0
31.16,32.37,84.31,0,mid_season,sandy,0,1
30.37,21.08,58.31,0,late,sandy,0,1
60.01,20.95,57.33,2.77,late,loamy,2.36,0
37.5,24.85,48.7,5.53,mid_season,loamy,13.47,0
28.27,22.41,41.49,4.53,development,loamy,3.27,0
71.87,35.17,63.98,3.5,mid_season,sandy,8.53,0
71.96,36.99,61.51,0,late,loamy,0,0
71.21,21.87,78.11,3.22,late,sandy,7.97,0
72.25,34.91,73.81,0,development,sandy,0,0
33.33,37.34,89.13,5.35,initial,clay,1.06,0
49.35,23.25,57.9,3.87,mid_season,loamy,21.44,0
61.22,19.26,71.39,4.28,mid_season,loamy,13.23,0
28.54,21.7,80.48,4.61,late,loamy,11.76,0
53.06,21.24,67.73,5.62,late,sandy,1.04,0
45.21,32.94,76.42,3.59,late,clay,1.86,0
78.59,32.09,77.36,5.06,late,sandy,12.02,0
48.24,26.94,84.67,2.45,mid_season,sandy,10.74,0
31.68,30.04,67.95,5.21,mid_season,loamy,8.24,0
33.38,20.59,54.89,0,mid_season,clay,0,1
68.32,32.83,83.5,5.38,late,sandy,7.14,0
50.27,30.84,43.54,3.77,development,clay,6.87,0
37.34,35.77,87.68,0,initial,sandy,0,0
27.93,19.28,66.73,3.63,mid_season,loamy,16.9,0
62.39,22.39,56.12,4.95,development,loamy,9.09,0
61.91,26.44,68.17,3.79,development,clay,8.55,0
58.54,28.48,72.17,3.54,mid_season,loamy,11.82,0
43.84,32.75,60.62,5.44,late,clay,8.77,0
62.35,28.02,60.39,4.1,development,loamy,3.61,0
39.4,35.78,74.84,5.78,mid_season,sandy,23.6,0
54.23,25.76,84.32,4.51,late,sandy,8.53,0
60.74,20.35,89.89,3.7,late,loamy,10.34,0
37.74,25.77,86.16,3.57,mid_season,sandy,1.44,0
61.83,24.72,44.64,2.16,initial,sandy,5.96,0
39.98,29.85,44.89,3.08,development,sandy,5.87,0
67.59,24.9,47.77,0,development,clay,0,0
64.75,19.34,55.15,0,development,sandy,0,0
79.05,27.35,60.66,5.33,development,loamy,6.03,0
31.4,36.97,43.13,3.98,late,clay,9.26,0
60.24,30.94,51.38,3.4,mid_season,sandy,10.82,0
48.74,32.07,74.47,5.77,development,sandy,12.08,0
72.53,31.54,65.67,3.79,late,sandy,2.89,0
34.48,31.34,66.56,4.16,mid_season,loamy,12.73,0
59.83,31.09,42.71,2.94,initial,sandy,9.28,0
76.23,24.15,67.12,4.88,late,clay,2.53,0
40.57,28.05,57.89,3.85,late,clay,3.51,0
64.62,28.41,51.35,0,late,loamy,0,0
49.86,35.01,58.97,0,development,sandy,0,1
28.74,24.04,68.34,0,late,clay,0,1
32.85,24.2,41.2,5.07,development,loamy,24.38,0
43.06,36.74,70.55,3.23,mid_season,loamy,10.26,0
57.91,24.95,44.17,2.68,development,clay,8.16,0
28.43,36.52,89.26,3.05,late,sandy,8.8,0
82.55,33.12,60.96,6.77,late,clay,10.59,0
64.81,33.9,57.17,3.66,development,clay,1.89,0
48.54,20.14,59.57,6.06,late,sandy,19.73,0
66.86,23.5,63.43,5.56,mid_season,sandy,21.92,0
75.51,26.92,82.85,5.22,late,sandy,21.37,0
46.53,37.18,78.95,5.24,late,sandy,5.66,0
77.85,26.28,66.89,3.4,mid_season,loamy,14.42,0
73.58,28.69,51.67,3.69,late,sandy,16.05,0
68.98,28.43,53.49,3.28,late,sandy,10.58,0
55.9,32.63,59.09,4.42,mid_season,sandy,9.32,0
41.72,31.98,49.76,4.21,initial,sandy,3.86,0
92.64,21.71,68.84,0,initial,clay,0,0
78.74,20.69,70.8,0,development,loamy,0,0
42.89,33.6,86.31,4.55,mid_season,clay,5.81,0
36.39,22.93,63.14,4.28,mid_season,loamy,5.02,0
61.63,26.93,40.93,3.06,mid_season,loamy,7.6,0
57.8,26.83,73.07,0,development,loamy,0,0
70.97,27.79,58.6,3.68,development,clay,13.87,0
43.87,37.48,52.36,0,development,loamy,0,1
49.85,30.34,45.19,5.58,development,clay,10.91,0
55.85,36.4,89.07,4.4,late,clay,13.15,0
54.9,37.1,71.52,0,late,loamy,0,0
37.16,30.37,75.65,4.12,development,clay,11.35,0
36.26,22.6,57.21,5.38,mid_season,loamy,7.15,0
56.79,30.05,77.21,5.81,initial,loamy,0.09,0
79.44,31.77,45.33,3.06,late,sandy,4.16,0
74.81,21.52,58.8,5.5,mid_season,clay,15.45,0
57.11,36.67,72.63,4.79,late,loamy,6.18,0
29.93,32.78,49.61,0,initial,loamy,0,0
76.12,22.27,61.02,4.68,initial,sandy,1.57,0
46.63,20.63,82.94,4.89,mid_season,sandy,16.67,0
60.99,19.79,87.32,3.43,development,clay,2.55,0
66.54,24.0,77.02,5.63,mid_season,clay,16.11,0
46.36,30.15,59.18,4.29,mid_season,clay,2.51,0
71.57,27.86,58.49,7.06,initial,sandy,2.54,0
53.99,32.1,61.96,3.21,development,loamy,2.88,0
61.11,27.74,74.46,4.79,development,loamy,1.94,0
66.03,29.75,82.25,3.37,mid_season,loamy,4.68,0
69.99,30.83,84.53,4.36,initial,loamy,0.26,0
59.67,32.74,61.32,2.86,mid_season,loamy,3.13,0
61.25,26.96,60.47,4.65,mid_season,clay,11.38,0
65.84,21.85,64.13,4.83,development,loamy,10.03,0
63.3,27.41,84.67,4.9,initial,sandy,8.09,0
63.02,25.44,55.43,4.42,initial,sandy,2.98,0
45.0,25.4,59.95,4.34,initial,clay,1.67,0
64.0,32.45,62.18,4.39,development,sandy,18.41,0
39.66,35.12,41.46,4.57,late,loamy,15.7,0
23.52,19.06,48.3,4.0,development,clay,6.77,0
75.71,20.08,54.6,3.05,late,clay,11.63,0
78.93,19.6,64.17,6.24,mid_season,clay,2.15,0
58.76,27.34,55.23,3.46,late,clay,2.95,0
54.32,21.77,74.67,0,initial,sandy,0,0
57.77,33.01,40.76,3.66,late,clay,1.53,0
70.77,26.53,62.27,3.48,development,clay,18.5,0
36.98,28.6,64.61,5.25,late,clay,14.32,0
68.89,34.35,62.63,5.56,mid_season,loamy,13.96,0
41.32,25.16,87.15,2.55,mid_season,clay,13.82,0
68.77,21.63,79.87,4.73,mid_season,clay,13.78,0
77.69,32.33,62.44,0,development,sandy,0,0
56.16,18.77,73.89,2.33,mid_season,loamy,0.61,0
63.97,30.42,73.04,4.88,late,sandy,5.53,0
53.58,28.03,86.01,4.56,development,sandy,20.83,0
66.85,26.88,69.96,5.46,initial,clay,11.27,0
52.79,28.88,85.61,1.53,mid_season,clay,8.37,0
95,30.91,87.73,5.26,initial,loamy,10.0,0
51.75,20.52,69.5,4.94,late,clay,20.46,0
43.54,35.97,57.27,5.07,mid_season,loamy,1.3,0
65.03,36.3,72.3,3.27,development,sandy,2.59,0
43.15,25.22,61.88,4.22,initial,loamy,1.52,0
51.37,24.36,71.88,3.15,mid_season,loamy,1.5,0
42.56,25.76,45.99,4.46,mid_season,clay,12.95,0
35.6,34.83,75.96,5.22,development,loamy,3.65,0
56.9,26.35,63.3,4.36,mid_season,sandy,2.52,0
18.22,25.29,83.75,2.34,mid_season,loamy,17.3,0
83.53,20.23,82.93,3.19,development,sandy,18.68,0
32.13,22.45,61.66,5.14,initial,clay,2.76,0
50.9,31.87,82.79,5.69,initial,clay,12.26,0
25.57,29.04,74.21,3.2,late,clay,21.9,0
80.33,35.16,56.04,4.32,initial,sandy,5.71,0
39.8,31.28,40.91,0,late,clay,0,1
68.28,35.35,85.65,3.95,late,clay,0.93,0
49.7,22.56,71.14,5.59,development,sandy,2.11,0
63.31,35.6,81.79,4.88,initial,clay,9.99,0
64.23,31.3,41.4,5.22,late,clay,20.02,0
29.22,24.24,52.76,5.22,late,sandy,11.88,0
61.03,32.07,57.51,5.82,development,clay,14.29,0
65.37,24.01,70.69,2.39,mid_season,sandy,18.18,0
45.8,21.5,69.15,3.34,development,loamy,6.94,0
35.29,33.55,78.94,4.04,initial,loamy,9.66,0
50.76,22.0,64.27,2.91,late,clay,10.17,0
80.08,34.06,85.02,2.65,mid_season,sandy,15.71,0
63.91,31.78,60.43,3.55,late,clay,3.79,0
75.23,27.98,60.19,3.48,development,loamy,3.75,0
69.14,21.12,56.57,4.77,mid_season,loamy,8.24,0
34.9,37.92,66.41,2.83,development,clay,8.72,0
75.17,25.85,49.09,2.27,mid_season,sandy,16.0,0
77.06,21.44,71.44,3.24,late,clay,14.25,0
55.66,35.58,53.61,2.68,development,loamy,17.61,0
36.12,32.5,52.86,0,late,sandy,0,1
82.44,30.1,78.52,0,development,sandy,0,0
33.14,36.19,63.54,2.86,mid_season,sandy,9.67,0
46.33,26.99,58.95,5.17,mid_season,clay,18.11,0
57.5,24.08,84.3,3.19,mid_season,clay,18.0,0
84.63,26.61,84.86,3.39,late,clay,31.32,0
58.43,26.24,47.62,0,initial,sandy,0,0
54.45,26.95,56.94,4.91,mid_season,loamy,12.91,0
66.71,21.02,82.97,0,development,loamy,0,0
18.68,26.6,63.35,5.81,development,sandy,12.32,0
83.7,28.91,44.86,5.64,late,sandy,12.15,0
51.02,25.25,63.47,4.2,development,loamy,1.75,0
58.48,31.64,83.36,0,development,sandy,0,1
67.24,30.34,78.4,3.59,late,sandy,4.28,0
34.59,19.49,86.19,0,initial,loamy,0,0
50.52,26.18,83.28,5.25,mid_season,clay,4.23,0
42.28,35.67,58.41,4.9,development,sandy,8.77,0
52.77,35.88,87.05,3.39,initial,clay,16.25,0
67.41,27.37,81.36,3.79,development,clay,12.73,0
39.62,28.96,79.48,2.56,development,clay,1.56,0
41.29,20.39,62.79,3.78,late,loamy,6.88,0
46.77,22.8,85.74,2.31,late,sandy,2.11,0
92.37,33.3,70.86,4.39,mid_season,loamy,23.11,0
57.27,31.09,68.6,2.87,late,clay,3.28,0
92.63,21.0,70.51,0,development,loamy,0,0
44.15,32.29,40.19,2.69,late,clay,3.44,0
51.12,28.3,51.45,3.74,late,clay,7.85,0
67.93,35.21,86.7,3.43,initial,loamy,3.83,0
37.95,37.9,76.59,3.41,development,loamy,5.22,0
37.68,33.27,70.23,2.63,initial,loamy,14.89,0
60.98,20.39,45.75,2.82,late,loamy,7.46,0
67.89,22.86,71.47,3.27,initial,clay,14.56,0
33.01,27.97,84.85,3.96,late,sandy,7.67,0
57.97,23.54,88.06,1.63,late,loamy,11.0,0
73.28,26.66,52.7,3.73,late,sandy,0.28,0
30.87,18.44,76.42,3.42,initial,clay,10.11,0
64.25,22.71,46.0,3.18,mid_season,clay,11.42,0
28.98,18.52,52.82,4.5,development,clay,5.2,0
45.1,22.18,41.45,6.36,mid_season,clay,14.68,0
40.37,19.67,73.62,4.29,late,loamy,2.55,0
39.23,20.55,81.14,0,initial,clay,0,0
17.97,35.1,66.11,5.88,mid_season,loamy,7.77,0
50.29,18.62,69.94,3.64,initial,clay,3.03,0
54.37,21.19,61.23,4.77,initial,sandy,5.98,0
56.7,24.4,53.13,3.85,mid_season,loamy,14.14,0
75.24,25.65,83.5,4.1,late,loamy,12.07,0
39.3,24.73,70.57,5.41,initial,sandy,3.1,0
45.86,19.01,77.38,5.06,development,clay,4.69,0
95,30.76,41.49,2.89,mid_season,clay,13.97,0
5,27.45,59.52,0,mid_season,sandy,0,1
49.66,37.69,78.25,2.61,late,loamy,1.22,0
41.31,26.37,41.83,0,development,clay,0,1
61.36,34.3,72.31,5.05,late,clay,5.06,0
71.47,21.03,57.41,5.14,initial,loamy,10.19,0
75.17,30.76,59.62,4.96,late,clay,12.54,0
42.79,19.16,54.01,5.26,development,sandy,3.32,0
81.07,26.71,45.01,4.84,development,sandy,11.69,0
42.72,24.89,74.82,4.42,late,loamy,16.6,0
95,28.23,67.09,4.92,mid_season,clay,14.91,0
34.33,29.08,65.4,3.71,late,loamy,20.71,0
58.69,36.75,89.17,2.32,development,sandy,13.67,0
27.38,32.89,66.28,0,initial,loamy,0,0
49.55,18.86,51.3,5.25,initial,sandy,7.09,0
50.52,28.31,85.62,1.01,mid_season,loamy,9.4,0
73.33,20.14,43.28,4.11,initial,sandy,2.26,0
49.85,28.16,78.99,3.08,development,clay,4.4,0
50.29,26.61,57.74,4.46,mid_season,loamy,8.75,0
52.99,32.31,72.68,4.42,mid_season,clay,13.24,0
56.84,37.26,85.32,3.68,initial,sandy,6.87,0
72.77,29.91,73.59,0,mid_season,sandy,0,0
28.89,37.94,64.28,4.99,initial,clay,3.87,0
47.73,22.99,71.71,3.98,initial,loamy,19.15,0
86.06,32.62,43.15,4.38,initial,clay,20.59,0
51.55,22.91,56.14,3.25,development,clay,1.31,0
70.65,31.91,55.45,3.31,development,clay,5.95,0
86.91,36.4,83.02,0,late,sandy,0,0
44.34,18.37,58.03,3.22,development,loamy,0.21,0
48.71,23.57,87.61,3.77,initial,loamy,15.28,0
63.0,30.39,89.49,0,mid_season,clay,0,0
48.15,27.4,67.51,0,initial,sandy,0,0
82.01,25.47,84.3,4.16,late,clay,6.12,0
49.43,22.46,76.98,0,late,loamy,0,1
69.23,30.0,81.93,4.21,initial,clay,18.33,0
36.02,18.41,49.6,6.69,development,sandy,7.22,0
46.37,34.34,70.47,5.0,initial,loamy,5.34,0
35.04,32.46,52.64,0,late,sandy,0,1
88.62,23.53,86.91,5.11,initial,sandy,11.87,0
28.47,35.84,66.6,0,mid_season,clay,0,1
39.98,27.05,67.11,0,late,sandy,0,1
72.34,30.6,61.04,4.72,late,clay,10.82,0
26.67,37.73,44.62,5.9,initial,loamy,5.59,0
54.37,35.72,47.09,5.6,initial,clay,10.65,0
25.29,26.39,65.27,1.16,late,clay,5.94,0
73.01,21.49,56.73,5.88,mid_season,loamy,0.08,0
43.78,32.05,45.99,3.02,initial,sandy,0.05,0
61.18,28.06,71.18,3.7,mid_season,clay,12.91,0
62.97,22.7,58.91,5.29,initial,sandy,6.04,0
64.23,34.57,70.73,3.6,development,sandy,0.3,0
62.56,30.81,83.6,2.63,development,sandy,11.92,0
19.83,31.51,73.4,4.71,late,clay,7.62,0
44.0,20.96,64.68,0,late,loamy,0,1
81.19,33.15,77.2,0,initial,loamy,0,0
38.29,33.02,53.27,2.45,mid_season,sandy,10.74,0
63.4,35.01,86.79,3.46,mid_season,loamy,10.05,0
50.17,36.85,45.45,4.17,mid_season,sandy,16.31,0
65.81,18.43,53.41,0,late,sandy,0,0
63.15,20.25,71.45,2.8,development,sandy,11.18,0
85.77,25.93,88.65,2.49,mid_season,clay,14.13,0
53.23,28.76,86.62,1.54,mid_season,loamy,2.46,0
56.84,26.77,43.6,3.22,initial,loamy,0.99,0
37.62,27.38,84.28,0,late,clay,0,1
60.36,28.37,85.38,0,initial,loamy,0,0
44.78,18.96,50.04,2.79,late,loamy,18.99,0
52.31,25.03,51.63,1.44,development,sandy,8.25,0
65.74,23.01,70.57,3.75,mid_season,sandy,9.76,0
52.07,25.45,67.97,2.69,development,clay,5.67,0
51.29,20.32,82.78,3.29,late,sandy,19.28,0
51.98,28.16,47.09,3.35,development,clay,4.19,0
62.03,21.49,52.9,0,mid_season,sandy,0,0
59.99,19.84,69.41,1.87,mid_season,clay,6.73,0
47.75,19.19,48.83,3.01,development,loamy,12.58,0
90.62,34.22,70.86,5.21,late,loamy,13.89,0
66.18,29.12,82.36,1.15,late,sandy,9.58,0
64.29,25.93,74.81,3.7,mid_season,clay,7.4,0
81.8,18.46,40.24,3.34,mid_season,clay,18.87,0
58.91,28.85,48.15,4.71,initial,sandy,5.01,0
63.0,19.6,70.77,4.71,mid_season,clay,11.45,0
78.58,29.88,63.44,2.47,mid_season,clay,4.3,0
64.83,23.73,68.99,4.67,initial,sandy,0.2,0
34.05,27.04,77.38,5.32,mid_season,loamy,19.74,0
86.1,36.52,70.47,2.14,late,loamy,12.48,0
30.86,23.96,86.79,3.44,development,clay,4.25,0
46.79,18.02,61.32,4.57,initial,loamy,3.99,0
49.59,28.5,64.25,4.0,initial,sandy,7.81,0
52.29,26.22,42.85,4.66,initial,clay,4.39,0
43.71,31.92,77.24,3.43,mid_season,loamy,14.56,0
56.77,27.58,79.64,2.54,late,sandy,20.26,0
89.11,35.57,59.43,5.15,mid_season,sandy,9.37,0
55.78,21.12,45.52,4.77,initial,sandy,9.78,0
62.3,37.1,78.57,5.12,late,sandy,9.57,0
85.76,34.36,83.43,3.73,mid_season,sandy,12.79,0
37.95,37.15,67.76,4.62,initial,clay,13.94,0
58.62,24.83,44.45,4.49,initial,loamy,11.79,0
76.54,35.1,52.8,3.94,initial,sandy,1.33,0
46.13,26.19,52.07,4.22,development,loamy,5.83,0
69.01,22.02,60.24,5.53,development,sandy,5.17,0
53.8,21.84,75.81,4.37,mid_season,clay,11.24,0
61.4,18.07,80.9,4.39,development,sandy,11.69,0
38.79,21.91,82.23,0,mid_season,loamy,0,1
44.33,31.65,48.52,4.04,late,sandy,7.06,0
67.39,28.96,67.25,5.0,mid_season,clay,12.24,0
44.41,19.88,79.97,4.77,late,loamy,9.25,0
45.51,26.15,70.1,2.7,development,clay,10.44,0
55.13,35.59,74.2,2.48,mid_season,loamy,12.16,0
25.2,34.08,60.38,4.48,initial,sandy,5.71,0
40.08,34.61,53.24,0,late,clay,0,1
36.67,20.61,51.36,3.43,initial,clay,0.18,0
41.81,24.33,84.67,5.31,development,sandy,0.57,0
66.78,23.26,67.96,3.9,late,sandy,6.29,0
11.24,32.63,48.29,3.18,late,sandy,6.89,0
66.93,35.12,85.83,4.53,development,loamy,22.97,0
87.38,36.75,89.06,3.29,initial,sandy,1.71,0
60.81,34.14,50.26,2.3,mid_season,loamy,11.91,0
60.02,19.99,51.79,5.72,mid_season,sandy,4.96,0
58.01,36.82,89.43,5.22,mid_season,clay,22.1,0
19.34,24.12,45.61,2.23,initial,clay,15.45,0
34.69,35.18,84.91,4.5,late,clay,11.59,0
54.82,30.16,51.26,3.9,mid_season,sandy,15.42,0
83.12,27.24,42.08,0,late,loamy,0,0
35.35,28.86,68.56,5.14,development,loamy,21.82,0
44.08,31.15,50.67,3.56,development,clay,3.15,0
28.36,18.57,45.59,3.97,development,clay,12.64,0
5.29,31.41,66.43,5.09,late,loamy,4.08,0
95,26.36,62.73,0,initial,sandy,0,0
63.3,27.45,78.97,3.18,mid_season,clay,7.08,0
42.05,33.49,54.85,0,mid_season,sandy,0,1
61.56,28.4,76.53,3.71,late,clay,9.94,0
60.35,29.34,58.55,3.68,mid_season,sandy,3.66,0
59.83,31.22,73.89,5.69,late,loamy,4.83,0
74.98,37.75,84.5,4.76,mid_season,sandy,7.24,0
63.2,27.69,57.79,1.6,development,loamy,6.57,0
48.96,31.69,51.16,0,mid_season,sandy,0,1
67.41,24.86,42.63,4.8,late,clay,20.29,0
41.36,29.67,80.82,2.79,late,clay,5.36,0
21.0,30.58,45.33,3.72,mid_season,loamy,10.78,0
84.97,23.96,81.16,2.03,initial,sandy,14.27,0
70.6,29.92,69.44,3.51,mid_season,clay,15.64,0
58.46,36.77,89.93,2.78,mid_season,loamy,15.21,0
95,29.99,59.5,2.97,initial,sandy,8.26,0
45.87,23.57,63.63,1.44,late,loamy,0.82,0
39.37,33.57,68.05,0,mid_season,sandy,0,1
31.64,29.0,84.1,0,initial,sandy,0,0
66.35,21.9,67.53,0,development,sandy,0,0
37.35,26.12,58.21,2.69,mid_season,loamy,9.48,0
60.52,28.71,51.47,5.83,late,clay,0.26,0
41.85,36.41,61.81,0,initial,loamy,0,0
61.17,37.66,79.58,3.57,development,loamy,7.63,0
68.4,22.19,83.19,1.01,mid_season,sandy,4.18,0
58.16,21.77,56.48,0,initial,clay,0,0
33.41,28.03,71.69,5.92,initial,clay,7.63,0
69.61,21.12,71.52,0,initial,loamy,0,0
72.49,30.94,75.48,3.42,initial,clay,8.56,0
59.8,22.14,73.47,5.07,initial,clay,0.2,0
74.64,32.13,53.4,2.59,mid_season,loamy,19.62,0
54.57,24.97,66.0,4.65,mid_season,loamy,8.07,0
26.11,36.0,51.19,4.49,late,clay,17.8,0
77.61,32.53,62.56,0,late,clay,0,0
70.88,20.13,64.46,2.73,late,clay,2.94,0
58.53,28.42,70.35,4.34,late,sandy,12.68,0
65.16,23.78,55.81,2.61,mid_season,sandy,15.03,0
40.97,23.78,81.78,3.69,development,sandy,10.7,0
86.93,31.94,55.4,2.91,development,sandy,3.76,0
70.37,24.48,86.3,4.71,development,sandy,7.86,0
95,24.38,40.53,0,initial,sandy,0,0
47.78,27.69,42.7,5.01,initial,sandy,18.36,0
52.1,25.73,65.26,5.51,initial,loamy,11.18,0
48.56,21.41,56.1,3.6,mid_season,clay,14.44,0
75.24,26.11,71.73,0,initial,sandy,0,0
75.12,21.26,88.39,3.97,late,clay,7.38,0
69.31,23.15,67.19,3.21,development,clay,6.64,0
53.28,34.0,83.93,1.56,late,loamy,15.55,0
43.96,20.98,78.45,1.38,initial,sandy,8.4,0
71.61,29.67,63.24,6.18,late,clay,11.7,0
32.69,20.81,70.06,3.4,development,sandy,7.91,0
44.31,29.66,55.84,1.61,mid_season,loamy,15.46,0
82.51,31.54,74.91,3.98,development,clay,4.55,0
60.07,34.92,82.38,4.05,late,loamy,14.15,0
66.2,22.69,50.05,0,initial,sandy,0,0
49.29,20.37,47.05,0,initial,sandy,0,0
42.95,27.21,64.05,4.38,mid_season,clay,9.04,0
42.27,30.47,74.66,0,development,loamy,0,1
54.65,33.95,81.74,4.54,mid_season,clay,21.3,0
76.31,22.64,60.01,5.34,development,sandy,16.53,0
67.76,23.01,86.23,0,development,sandy,0,0
73.82,25.03,88.95,2.12,mid_season,loamy,15.45,0
76.34,22.4,40.99,0,late,clay,0,0
41.99,23.25,89.4,4.95,mid_season,sandy,1.16,0
39.57,27.2,57.13,5.93,initial,clay,5.42,0
30.56,35.39,59.6,0,development,loamy,0,1
72.51,36.07,67.73,2.82,late,clay,18.22,0
94.59,26.62,74.62,2.74,late,clay,3.6,0
71.61,18.91,44.49,3.47,initial,clay,22.36,0
90.09,20.4,55.41,4.89,late,clay,0.62,0
23.58,36.52,41.9,2.37,initial,loamy,6.68,0
52.33,33.95,47.56,4.85,late,loamy,12.37,0
43.89,23.45,60.24,3.3,initial,sandy,5.25,0
47.79,22.13,43.33,0,mid_season,loamy,0,1
68.14,30.53,74.37,3.41,development,clay,3.87,0
27.22,26.81,50.5,5.24,late,sandy,5.43,0
62.97,34.5,86.74,3.25,initial,loamy,1.54,0
45.52,36.71,82.8,1.22,mid_season,sandy,8.85,0
53.45,24.35,47.66,5.88,initial,clay,11.74,0
57.63,37.68,47.51,0,late,sandy,0,1
64.77,25.3,66.16,3.92,late,loamy,11.26,0
40.24,23.81,69.85,5.49,mid_season,clay,15.22,0
56.81,21.03,65.63,1.65,late,loamy,10.29,0
81.01,26.81,52.99,5.72,initial,clay,6.45,0
34.35,20.53,55.06,0,late,sandy,0,1
56.85,32.6,63.23,4.65,late,sandy,12.99,0
46.48,31.07,84.49,4.2,initial,clay,8.35,0
64.53,19.62,75.11,3.35,mid_season,loamy,14.85,0
60.24,37.63,72.02,3.36,mid_season,sandy,6.4,0
38.11,33.91,88.37,3.52,late,sandy,25.41,0
90.77,27.95,55.04,4.55,mid_season,loamy,0.92,0
27.97,37.89,83.22,4.98,development,loamy,1.21,0
27.7,27.97,49.17,4.87,late,sandy,25.73,0
47.39,20.87,44.67,6.07,mid_season,clay,11.29,0
81.04,18.74,64.91,0,mid_season,sandy,0,0
74.96,22.03,53.75,4.08,mid_season,loamy,19.1,0
31.69,19.38,61.94,4.18,late,sandy,3.7,0
37.13,30.72,82.54,4.43,late,sandy,12.37,0
60.59,30.78,77.2,3.61,development,sandy,6.95,0
45.44,31.61,54.31,2.95,mid_season,loamy,12.64,0
40.99,27.38,49.6,5.16,initial,sandy,4.03,0
38.9,34.77,86.33,5.75,late,loamy,13.34,0
57.01,22.38,86.49,5.16,mid_season,clay,10.6,0
34.24,37.81,60.58,2.59,mid_season,sandy,15.82,0
47.44,29.42,50.36,0,initial,clay,0,0
46.24,36.19,89.24,0,initial,loamy,0,0
48.63,19.89,44.74,6.95,late,loamy,11.4,0
94.41,32.36,71.09,3.39,initial,loamy,14.95,0
20.87,36.73,81.32,0,initial,loamy,0,0
71.92,29.64,40.5,5.76,development,sandy,3.85,0
60.72,35.07,68.52,0,initial,loamy,0,0
54.38,28.15,56.4,4.08,late,sandy,12.6,0
68.82,33.77,51.52,3.0,initial,clay,7.63,0
52.28,22.16,68.66,0,initial,sandy,0,0
54.55,33.49,84.22,4.88,mid_season,sandy,1.78,0
50.88,22.87,89.23,4.51,late,sandy,9.7,0
63.28,28.1,88.1,3.74,development,clay,8.78,0
55.16,22.26,54.74,0,mid_season,sandy,0,1
63.83,27.14,48.1,1.38,initial,clay,7.43,0
52.79,30.93,64.73,4.77,initial,clay,9.33,0
35.71,33.98,72.93,1.66,initial,sandy,7.36,0
41.25,24.95,67.79,3.2,development,sandy,17.92,0
69.03,27.15,55.12,4.2,late,sandy,15.75,0
61.24,18.66,70.15,0,initial,clay,0,0
44.99,33.05,75.36,4.26,mid_season,clay,10.17,0
63.98,31.77,65.13,5.13,late,loamy,7.26,0
48.84,19.86,71.89,3.66,mid_season,loamy,4.16,0
27.29,21.03,48.36,5.4,development,loamy,5.73,0
76.81,27.15,64.0,3.59,development,clay,5.33,0
53.73,18.81,53.71,0,initial,clay,0,0
95,27.75,48.18,3.15,mid_season,loamy,5.23,0
87.48,26.71,70.64,3.92,mid_season,loamy,0.79,0
80.95,19.97,58.11,3.96,mid_season,clay,24.63,0
75.48,28.23,83.39,4.08,late,clay,1.19,0
19.36,27.95,45.7,0,development,clay,0,1
55.3,31.09,68.64,0,initial,loamy,0,0
81.48,18.28,73.68,5.14,mid_season,loamy,8.49,0
54.54,28.61,52.26,0,development,loamy,0,0
41.38,22.99,88.55,3.23,initial,clay,11.91,0
66.71,23.93,54.91,0,late,sandy,0,0
58.69,33.98,89.33,0,mid_season,sandy,0,1
76.72,25.51,81.93,3.78,mid_season,sandy,19.18,0
39.78,30.3,52.46,4.47,mid_season,loamy,10.58,0
38.11,24.47,87.78,4.12,initial,sandy,8.3,0
57.27,28.43,57.9,6.93,mid_season,loamy,1.77,0
59.95,22.08,72.43,4.05,initial,sandy,8.1,0
63.52,23.32,58.33,3.15,development,sandy,4.99,0
75.66,31.94,63.44,5.3,initial,clay,16.41,0
43.73,22.85,47.7,4.66,late,clay,19.55,0
42.02,20.14,65.89,3.43,development,clay,10.92,0
35.1,37.69,70.49,3.49,initial,sandy,18.15,0
74.57,22.61,75.44,0,initial,sandy,0,0
52.64,31.31,77.81,2.24,development,sandy,7.03,0
66.57,35.72,89.46,5.75,late,loamy,11.63,0
40.56,26.28,49.14,0,initial,loamy,0,0
75.96,35.28,72.53,5.79,mid_season,loamy,12.85,0
56.6,25.41,60.59,4.1,late,loamy,6.59,0
81.87,37.14,63.9,5.31,development,loamy,4.11,0
63.19,20.37,77.74,3.75,mid_season,sandy,4.14,0
81.51,21.31,52.18,0,mid_season,loamy,0,0
80.14,21.56,45.27,3.93,development,loamy,15.82,0
48.29,25.45,80.46,4.44,initial,clay,11.85,0
42.05,20.63,42.69,4.22,mid_season,sandy,11.0,0
69.68,31.58,52.19,2.48,mid_season,loamy,8.34,0
62.96,36.49,47.85,0,development,loamy,0,0
63.75,18.5,52.71,5.18,late,clay,14.59,0
56.08,34.8,89.29,3.15,initial,loamy,3.31,0
46.33,27.99,52.81,4.26,initial,clay,12.58,0
58.64,23.82,63.19,3.69,mid_season,loamy,8.13,0
58.34,32.21,53.69,6.62,mid_season,loamy,6.03,0
21.72,34.45,89.73,5.91,development,loamy,12.19,0
35.5,31.75,70.14,4.15,initial,sandy,16.67,0
23.65,29.65,70.31,5.69,initial,sandy,8.17,0
57.99,34.18,53.27,4.76,mid_season,clay,1.49,0
26.16,21.91,87.86,2.33,late,clay,3.61,0
47.8,34.87,60.73,2.73,development,sandy,2.35,0
74.95,25.18,85.35,5.58,initial,clay,1.33,0
52.52,21.39,89.61,4.6,mid_season,loamy,8.15,0
51.25,31.04,89.24,6.39,mid_season,clay,9.08,0
49.84,35.69,57.07,3.48,development,sandy,9.77,0
43.61,19.4,55.73,0,development,loamy,0,1
61.2,19.43,72.02,4.24,late,sandy,7.52,0
63.48,37.2,65.53,0,initial,sandy,0,0
70.96,33.64,48.48,4.7,late,loamy,13.33,0
95,27.59,76.38,3.6,late,loamy,7.58,0
74.96,23.69,62.1,1.8,initial,clay,17.5,0
53.12,29.63,50.91,4.18,mid_season,loamy,14.01,0
80.54,37.9,55.4,3.59,development,sandy,3.67,0
95,32.49,46.57,3.28,mid_season,clay,2.0,0
82.46,36.58,56.49,5.78,initial,loamy,24.81,0
61.17,24.02,68.39,4.79,development,sandy,4.14,0
29.89,27.43,69.96,4.74,development,loamy,3.41,0
59.73,30.65,79.37,3.53,initial,loamy,12.42,0
59.19,37.17,75.56,2.93,mid_season,sandy,21.05,0
10.49,20.26,81.83,2.97,development,loamy,3.55,0
47.76,31.31,83.06,0,late,sandy,0,1
60.14,19.16,86.16,3.96,development,clay,16.91,0
28.73,32.62,68.15,3.69,development,loamy,18.4,0
21.23,36.5,81.17,4.35,late,sandy,8.22,0
55.08,25.3,69.75,4.17,late,sandy,11.2,0
58.1,33.67,60.33,4.37,mid_season,clay,23.85,0
53.2,21.58,83.37,4.87,initial,clay,2.23,0
39.09,37.86,76.2,0,initial,loamy,0,0
42.14,30.09,60.95,5.18,initial,clay,6.1,0
57.35,19.68,46.95,2.74,mid_season,sandy,0.28,0
95,37.11,73.17,1.32,late,sandy,8.34,0
50.52,29.83,44.4,5.36,initial,loamy,10.62,0
33.44,31.79,40.63,5.07,mid_season,sandy,16.9,0
65.26,36.29,76.84,0,initial,loamy,0,0
43.72,35.19,69.37,3.01,development,loamy,0.79,0
81.0,23.35,49.78,0,initial,sandy,0,0
62.7,26.66,77.41,3.19,mid_season,sandy,5.69,0
61.53,20.81,60.89,4.44,mid_season,loamy,8.81,0
30.88,34.6,69.69,0,initial,clay,0,0
30.35,30.02,80.21,3.63,development,clay,6.15,0
26.41,22.68,47.67,3.09,late,sandy,5.67,0
30.01,31.59,66.3,5.72,mid_season,sandy,20.2,0
20.2,21.81,88.43,3.42,late,clay,4.63,0
59.83,29.48,68.59,3.07,mid_season,loamy,13.88,0
74.71,22.48,67.7,3.52,initial,sandy,16.93,0
59.14,37.74,83.7,0,late,sandy,0,1
65.79,19.9,55.49,0,initial,sandy,0,0
34.85,21.01,86.69,6.12,mid_season,loamy,11.3,0
49.62,37.89,59.17,3.43,initial,loamy,8.93,0
38.51,25.94,45.25,5.03,initial,clay,12.12,0
23.53,22.12,51.5,3.42,mid_season,clay,14.93,0
50.21,33.25,43.15,3.9,mid_season,clay,6.15,0
53.94,34.74,78.3,4.91,late,loamy,5.53,0
47.92,21.64,51.65,3.25,initial,clay,0.67,0
19.2,30.37,86.88,5.34,mid_season,clay,18.74,0
62.77,34.58,73.02,5.03,late,loamy,2.07,0
70.72,22.26,64.42,5.05,mid_season,clay,5.14,0
43.67,25.18,42.09,3.49,development,sandy,16.07,0
62.87,34.29,65.37,5.31,late,clay,5.28,0
28.43,19.34,61.83,5.05,initial,clay,4.4,0
41.77,23.56,51.44,3.21,development,loamy,6.34,0
51.06,19.26,43.43,0,mid_season,sandy,0,1
69.97,34.67,63.05,5.17,late,sandy,23.49,0
66.19,22.06,49.97,4.86,development,loamy,6.68,0
87.05,27.27,63.76,3.16,initial,loamy,10.24,0
58.31,35.36,54.93,4.08,late,loamy,4.78,0
25.12,22.5,53.29,3.23,mid_season,sandy,6.14,0
51.43,27.38,87.31,4.6,initial,loamy,3.24,0
50.04,30.54,54.69,0,development,clay,0,0
48.1,23.81,53.91,5.24,mid_season,sandy,8.56,0
56.31,30.36,76.69,0,late,loamy,0,0
78.93,18.57,51.54,3.96,development,loamy,4.95,0
42.94,34.75,83.77,5.02,initial,sandy,1.09,0
71.89,27.67,57.3,4.4,initial,loamy,10.74,0
47.93,28.88,48.23,5.23,late,loamy,30.15,0
73.73,22.42,59.28,5.85,mid_season,clay,6.2,0
95,28.41,89.99,3.11,mid_season,sandy,5.97,0
59.25,31.52,49.93,3.29,mid_season,sandy,10.0,0
55.16,28.19,54.43,3.68,mid_season,sandy,6.31,0
54.01,31.2,41.93,5.94,late,loamy,5.22,0
13.04,18.9,77.29,4.05,development,loamy,14.25,0
79.87,34.1,83.2,4.24,initial,loamy,12.56,0
12.87,21.74,63.61,1.94,mid_season,loamy,10.91,0
37.99,22.98,66.16,3.1,development,sandy,18.46,0
70.7,32.91,89.34,0.79,development,sandy,10.93,0
40.26,29.16,81.59,4.79,development,loamy,0.41,0
59.16,31.37,44.76,3.85,initial,sandy,8.2,0
51.08,30.34,85.42,2.99,initial,sandy,17.77,0
40.29,30.87,41.89,3.05,mid_season,loamy,7.18,0
87.19,22.93,84.19,2.68,late,sandy,4.7,0
61.28,29.43,88.21,3.51,mid_season,loamy,13.76,0
54.3,20.02,73.28,4.61,mid_season,sandy,2.53,0
93.64,23.2,76.18,6.3,mid_season,sandy,6.26,0
83.77,27.35,86.63,2.02,late,sandy,10.08,0
74.28,32.11,88.54,4.45,initial,clay,21.41,0
61.15,22.64,57.46,0,mid_season,loamy,0,0
48.6,19.0,45.16,2.71,initial,loamy,10.53,0
79.02,19.93,40.1,2.1,mid_season,clay,13.88,0
37.76,34.8,54.15,4.16,late,clay,16.51,0
48.11,21.77,51.3,5.72,initial,loamy,13.57,0
54.87,28.28,68.21,3.38,development,clay,4.73,0
52.1,32.57,49.95,5.42,development,sandy,11.15,0
42.54,32.0,52.23,3.83,development,clay,3.71,0
48.42,35.97,89.51,4.46,initial,sandy,6.44,0
80.59,36.12,69.6,4.4,late,loamy,16.68,0
60.56,28.13,85.73,4.7,late,clay,11.38,0
39.26,22.3,70.6,2.76,mid_season,clay,14.54,0
79.07,20.21,54.01,3.54,initial,clay,4.04,0
84.74,21.13,78.34,4.11,mid_season,sandy,10.36,0
36.45,32.96,64.61,0,mid_season,sandy,0,1
50.29,28.82,62.65,0,late,loamy,0,1
74.0,19.09,86.96,4.15,mid_season,clay,15.48,0
38.75,20.24,82.7,4.24,mid_season,loamy,9.09,0
58.81,31.48,49.97,4.04,late,loamy,0.58,0
87.86,24.06,77.06,2.76,mid_season,sandy,7.7,0
64.98,37.77,72.47,4.76,late,sandy,12.96,0
64.42,31.78,48.02,2.56,development,clay,10.24,0
27.58,24.68,60.96,5.47,late,sandy,8.85,0
55.97,25.25,47.39,0,initial,sandy,0,0
68.07,28.58,59.39,2.58,development,clay,12.32,0
41.6,28.73,64.34,4.62,development,sandy,17.17,0
57.72,34.78,62.47,5.69,development,sandy,6.33,0
82.59,32.86,46.97,5.1,development,clay,2.04,0
95,26.0,49.89,4.02,late,loamy,12.61,0
46.9,31.38,41.74,4.3,late,clay,8.38,0
20.46,19.07,45.13,3.14,development,clay,2.48,0
10.69,36.57,64.58,1.63,initial,sandy,4.48,0
95,20.1,63.28,0,mid_season,sandy,0,0
89.46,34.92,77.72,3.33,mid_season,clay,14.57,0
49.52,25.39,42.45,4.89,late,clay,4.7,0
56.82,19.54,79.12,5.26,initial,clay,3.84,0
36.24,28.86,54.06,5.26,development,loamy,7.15,0
56.47,35.44,78.56,0,mid_season,sandy,0,1
34.49,37.63,60.12,0,development,loamy,0,1
36.82,25.83,53.94,4.74,mid_season,clay,18.46,0
50.99,20.18,69.11,2.64,mid_season,loamy,1.05,0
69.82,18.09,57.7,6.06,initial,clay,14.46,0
50.3,29.34,76.06,0,mid_season,sandy,0,1
92.47,19.85,54.43,0,late,clay,0,0
51.07,18.45,76.26,5.22,development,sandy,9.82,0
69.7,27.93,53.26,3.39,development,loamy,0.26,0
69.65,18.31,88.25,4.8,development,sandy,2.69,0
50.21,28.83,82.37,3.85,initial,sandy,5.54,0
34.17,28.05,81.97,4.32,mid_season,clay,19.85,0
21.92,34.68,83.27,4.3,initial,sandy,3.2,0
42.94,24.4,84.6,4.91,mid_season,loamy,10.41,0
69.73,26.26,48.27,4.18,development,clay,11.76,0
56.8,31.52,89.42,0,initial,loamy,0,0
85.51,26.63,40.32,3.57,late,clay,12.16,0
36.71,29.99,83.73,3.95,late,clay,11.44,0
39.1,21.55,46.71,4.4,mid_season,sandy,15.55,0
48.26,23.31,87.83,3.81,mid_season,clay,20.98,0
77.69,26.07,44.23,0,initial,clay,0,0
34.03,24.16,76.69,5.63,mid_season,clay,7.37,0
54.93,32.37,77.3,2.29,mid_season,sandy,3.03,0
57.2,22.47,45.39,3.14,development,sandy,3.89,0
90.59,32.94,58.82,0,initial,loamy,0,0
63.92,28.93,83.28,4.35,mid_season,sandy,5.12,0
57.4,18.67,86.82,3.64,development,loamy,1.35,0
45.92,22.4,70.68,3.27,initial,loamy,11.67,0
88.73,26.27,76.75,4.97,initial,loamy,12.65,0
65.3,34.88,78.63,4.25,late,loamy,9.52,0
15.83,30.62,42.78,4.47,mid_season,loamy,14.0,0
52.57,22.05,81.32,4.79,development,loamy,2.5,0
48.46,23.3,57.74,4.84,initial,clay,10.09,0
45.5,34.48,45.58,5.08,development,loamy,12.52,0
57.2,20.45,67.82,5.81,development,clay,7.46,0
65.01,32.29,85.99,0,late,sandy,0,0
76.33,27.05,56.67,5.84,initial,clay,14.13,0
26.95,31.0,71.81,2.96,late,loamy,4.24,0
47.27,20.44,69.66,3.37,development,loamy,4.22,0
66.73,37.75,45.67,5.36,development,clay,12.6,0
50.1,18.37,87.39,4.24,development,sandy,4.03,0
32.47,30.06,51.04,2.38,development,sandy,4.57,0
58.35,24.7,50.34,2.05,development,clay,6.16,0
61.9,34.13,44.82,4.13,mid_season,loamy,8.74,0
49.1,36.41,54.66,4.11,development,sandy,0.98,0
51.81,19.15,47.69,2.18,development,clay,11.68,0
51.71,21.65,66.79,3.08,development,sandy,9.08,0
52.01,20.11,56.97,4.29,late,sandy,13.12,0
64.05,34.15,68.57,0,development,loamy,0,0
95,31.16,83.38,3.5,mid_season,loamy,9.7,0
54.6,37.41,88.91,5.87,mid_season,clay,17.73,0
95,31.13,89.47,4.47,late,loamy,3.98,0
34.62,25.08,57.6,4.27,mid_season,clay,9.97,0
74.45,27.86,60.96,3.2,development,clay,6.67,0
49.56,23.53,65.26,4.06,late,sandy,14.74,0
69.21,37.49,81.21,3.49,development,loamy,4.55,0
65.43,30.29,57.2,4.67,late,clay,5.85,0
75.78,27.33,88.55,4.02,development,loamy,6.37,0
20.02,36.81,73.13,4.49,late,sandy,20.5,0
36.66,22.23,66.98,0,late,clay,0,1
44.65,34.22,81.25,4.99,late,sandy,3.11,0
35.27,26.74,89.78,1.88,development,clay,1.6,0
95,30.79,83.37,2.92,development,clay,3.24,0
48.0,32.71,60.04,5.22,development,loamy,8.73,0
42.19,31.99,40.63,3.91,late,clay,8.64,0
76.1,26.52,61.83,5.43,initial,loamy,6.71,0
52.74,27.9,80.74,2.88,development,loamy,5.46,0
51.03,19.91,54.26,3.13,development,sandy,11.31,0
42.43,31.84,41.96,2.19,initial,sandy,9.03,0
73.97,27.71,66.67,5.36,mid_season,clay,6.57,0
62.04,19.39,45.74,2.71,late,clay,1.68,0
74.86,31.1,74.25,3.3,mid_season,loamy,8.93,0
66.66,33.63,45.0,0,mid_season,sandy,0,0
43.23,26.13,50.76,5.16,initial,sandy,9.64,0
66.29,37.37,51.93,4.5,development,sandy,9.4,0
29.42,27.44,80.38,3.69,mid_season,clay,7.62,0
53.22,29.07,47.78,3.21,mid_season,sandy,2.76,0
50.3,34.36,89.04,4.13,mid_season,loamy,18.2,0
35.79,33.72,73.48,4.24,late,clay,16.82,0
69.0,25.13,79.2,3.47,late,sandy,15.35,0
71.57,29.2,84.76,4.61,development,clay,18.47,0
29.48,20.74,43.06,0,initial,sandy,0,0
64.1,20.63,77.58,0,development,sandy,0,0
43.63,23.09,83.6,5.26,mid_season,loamy,7.88,0
84.68,24.41,71.87,2.88,late,loamy,19.09,0
53.32,37.19,77.3,4.45,mid_season,loamy,2.99,0
27.09,35.09,68.31,5.17,initial,sandy,0.1,0
40.98,24.81,60.47,2.81,initial,sandy,7.63,0
59.22,32.29,43.84,4.91,late,clay,1.2,0
52.32,33.01,82.46,4.35,development,clay,0.14,0
43.35,25.72,88.41,2.36,initial,sandy,7.88,0
39.24,29.44,57.83,5.02,mid_season,loamy,8.75,0
53.52,22.14,53.96,0,development,sandy,0,1
44.09,33.11,84.62,3.65,late,clay,15.44,0
90.06,18.32,76.2,5.53,mid_season,clay,12.31,0
53.52,27.03,59.97,4.47,mid_season,clay,3.09,0
44.29,29.92,47.5,3.14,initial,sandy,5.99,0
40.36,30.11,50.99,3.31,late,sandy,8.19,0
55.15,23.33,43.96,0,late,clay,0,0
53.34,19.24,74.58,3.33,late,clay,5.14,0
52.32,27.19,85.8,1.66,late,loamy,5.78,0
75.27,27.09,84.36,3.98,development,sandy,16.23,0
47.25,33.36,51.01,0,development,sandy,0,1
15.68,25.36,65.36,3.17,mid_season,sandy,7.18,0
57.89,21.03,54.48,0,development,loamy,0,0
37.89,34.07,50.3,2.09,mid_season,loamy,7.7,0
36.05,28.86,67.22,3.14,mid_season,clay,18.38,0
50.34,24.87,74.47,3.87,mid_season,clay,17.41,0
39.91,37.55,73.76,5.31,mid_season,sandy,14.72,0
37.49,18.12,88.76,3.56,mid_season,clay,16.01,0
35.52,35.22,54.61,3.45,mid_season,sandy,13.09,0
49.87,35.55,40.73,3.53,development,loamy,1.48,0
36.06,19.9,77.83,4.54,initial,clay,0.12,0
60.75,23.33,56.91,5.04,development,loamy,6.98,0
8.9,33.29,43.19,2.65,late,loamy,9.23,0
5,22.87,44.63,5.0,initial,loamy,18.26,0
35.86,37.03,41.79,4.51,development,clay,3.42,0
76.58,35.52,68.8,5.55,late,clay,15.81,0
70.79,28.55,71.37,4.77,development,loamy,2.89,0
32.42,32.33,65.6,3.47,development,sandy,15.69,0
45.19,25.88,65.86,3.61,initial,clay,8.34,0
45.91,22.14,69.12,3.12,mid_season,loamy,7.52,0
44.95,28.57,86.48,5.19,initial,loamy,6.6,0
33.46,35.53,55.32,0,initial,clay,0,0
81.84,26.55,77.17,0,late,sandy,0,0
60.5,35.02,53.62,4.31,development,sandy,6.88,0
32.81,38.0,47.41,3.11,late,clay,2.49,0
76.84,20.04,48.01,2.29,late,clay,20.66,0
65.85,32.66,50.55,5.02,development,sandy,6.96,0
23.66,21.49,71.42,5.15,mid_season,sandy,1.08,0
52.23,26.09,76.33,2.92,initial,clay,4.76,0
61.62,28.02,43.96,3.56,development,clay,19.24,0
79.06,37.44,74.05,5.19,late,loamy,11.52,0
38.56,24.28,47.8,4.66,development,sandy,5.73,0
43.2,27.67,64.78,4.4,development,sandy,6.17,0
55.01,34.16,79.82,0,initial,loamy,0,0
44.2,25.07,81.48,2.68,mid_season,sandy,10.73,0
71.99,29.0,79.6,3.76,development,clay,0.33,0
53.18,23.13,70.83,3.42,initial,loamy,8.37,0
59.61,18.82,86.19,5.1,initial,loamy,18.19,0
66.25,24.85,73.57,6.34,initial,loamy,11.25,0
13.59,29.95,71.09,0,initial,sandy,0,0
70.14,36.83,66.92,0,mid_season,clay,0,0
59.63,23.99,56.19,3.78,mid_season,clay,22.08,0
62.82,22.35,49.06,3.38,development,loamy,6.56,0
43.12,30.89,81.17,0,initial,sandy,0,0
76.27,22.3,73.51,4.6,development,sandy,3.09,0
47.68,35.49,55.15,3.08,mid_season,clay,11.2,0
43.55,23.93,89.75,2.56,mid_season,loamy,6.34,0
69.71,22.41,43.7,3.27,late,clay,20.67,0
53.78,34.75,69.6,0,mid_season,loamy,0,0
55.7,27.98,42.92,2.93,late,loamy,1.39,0
67.79,25.45,63.18,0,mid_season,clay,0,0
57.83,30.41,63.22,6.84,development,loamy,11.33,0
67.63,24.63,82.72,3.67,late,loamy,11.69,0
54.78,31.53,50.37,4.74,development,sandy,10.46,0
71.34,22.24,87.41,4.62,late,loamy,10.75,0
70.22,27.13,73.83,0,late,clay,0,0
57.52,31.65,79.63,3.64,late,sandy,11.41,0
43.54,29.02,78.85,5.14,initial,loamy,5.66,0
59.56,33.81,82.67,3.95,mid_season,loamy,6.46,0
53.64,21.55,47.23,2.28,late,clay,11.01,0
58.84,25.65,88.06,4.75,mid_season,clay,6.57,0
22.11,37.49,68.66,3.12,mid_season,sandy,3.43,0
46.06,18.71,79.99,0,development,sandy,0,1
89.89,34.19,47.14,2.61,development,sandy,5.27,0
58.57,30.62,80.76,3.32,late,sandy,13.84,0
31.48,26.18,53.73,4.64,late,loamy,15.07,0
36.92,24.46,65.34,3.36,initial,sandy,1.35,0
46.61,26.46,63.78,4.1,initial,clay,9.28,0
49.5,24.02,76.8,4.16,mid_season,clay,16.62,0
55.15,36.03,87.14,4.13,late,sandy,4.57,0
85.35,29.5,58.34,4.58,development,loamy,8.92,0
64.5,35.89,77.12,3.94,mid_season,clay,5.12,0
39.42,28.95,51.75,3.66,mid_season,loamy,3.28,0
57.1,30.29,64.72,2.28,late,clay,8.75,0
59.89,26.76,45.94,2.69,development,loamy,6.31,0
73.3,37.5,46.02,2.42,mid_season,clay,16.34,0
69.03,25.58,45.4,3.23,mid_season,loamy,8.29,0
40.95,26.53,65.61,5.32,development,sandy,2.57,0
66.23,26.46,82.28,0,development,clay,0,0
43.59,36.05,61.25,4.26,mid_season,sandy,7.32,0
79.99,22.4,64.55,0,late,clay,0,0
72.6,34.96,71.62,0,development,loamy,0,0
62.49,37.06,49.23,0,development,sandy,0,0
32.14,21.79,45.84,0,initial,loamy,0,0
66.39,25.37,59.11,0,development,sandy,0,0
58.78,34.1,70.28,0,development,clay,0,0
53.04,32.99,55.86,0,mid_season,sandy,0,1
66.52,23.45,72.7,4.99,mid_season,sandy,2.55,0
61.1,34.21,55.79,6.85,mid_season,clay,21.2,0
59.28,22.27,50.54,3.6,mid_season,loamy,2.14,0
43.3,22.09,51.22,4.04,late,loamy,9.36,0
42.66,25.5,65.56,2.68,initial,clay,1.08,0
65.22,20.33,77.7,1.1,late,clay,18.52,0
41.36,29.25,54.6,2.98,initial,clay,4.0,0
44.24,23.52,85.65,2.75,development,loamy,12.81,0
57.74,32.5,50.68,3.96,initial,sandy,4.61,0
58.61,34.19,62.42,5.08,development,clay,6.21,0
33.66,30.41,66.26,4.65,initial,clay,2.44,0
55.83,22.9,75.54,3.48,initial,loamy,4.18,0
22.56,20.76,82.78,0,development,clay,0,1
49.4,24.91,73.29,2.52,late,loamy,0.06,0
52.97,32.36,60.74,3.95,late,sandy,10.34,0
36.43,37.98,51.02,0,initial,loamy,0,1
44.28,31.48,43.43,4.19,development,clay,9.38,0
43.38,30.87,74.62,5.28,initial,clay,5.62,0
87.83,27.85,76.22,4.27,mid_season,sandy,14.82,0
62.13,26.76,53.5,0,late,loamy,0,0
57.82,34.87,41.51,3.86,development,clay,13.47,0
50.09,26.17,55.18,3.56,late,clay,1.56,0
8.59,28.93,47.39,0,initial,loamy,0,0
65.71,26.5,87.87,4.49,late,loamy,20.96,0
6.64,32.08,57.62,5.15,late,clay,22.61,0
49.88,21.46,65.5,2.81,late,sandy,7.51,0
56.42,29.55,45.86,6.64,late,clay,10.49,0
76.39,27.19,69.85,0,mid_season,clay,0,0
63.44,35.82,67.87,4.67,initial,loamy,2.86,0
80.02,37.97,87.15,4.3,mid_season,loamy,9.44,0
39.73,35.35,89.31,3.75,mid_season,sandy,6.07,0
34.64,18.65,81.58,4.46,development,sandy,16.11,0
65.18,30.13,60.69,5.53,late,loamy,3.47,0
82.21,19.84,80.93,0,development,sandy,0,0
51.4,30.27,44.7,6.27,initial,clay,8.92,0
40.84,35.06,45.21,2.73,late,sandy,3.42,0
56.27,20.15,75.63,0,initial,clay,0,0
46.52,29.06,81.5,2.43,mid_season,loamy,10.95,0
51.11,36.97,80.49,3.82,late,clay,8.49,0
71.11,37.68,50.59,4.76,mid_season,clay,2.49,0
87.27,26.97,49.16,3.52,mid_season,sandy,9.29,0
38.16,34.34,71.11,3.09,mid_season,sandy,11.75,0
67.34,20.07,83.18,3.06,late,loamy,24.29,0
55.48,28.55,40.33,2.24,late,clay,8.54,0
53.57,26.37,49.24,2.8,initial,sandy,0.67,0
48.36,20.31,77.39,3.85,development,clay,12.58,0
84.79,32.73,82.23,4.08,mid_season,sandy,8.72,0
19.66,28.35,68.42,1.67,mid_season,loamy,12.29,0
46.46,27.36,55.81,4.66,late,sandy,3.11,0
48.57,34.79,83.98,0,initial,sandy,0,0
69.97,25.94,60.22,2.66,initial,clay,6.87,0
86.61,37.8,51.14,0,development,loamy,0,0
57.25,35.1,80.06,5.16,late,clay,13.02,0
32.27,24.23,48.28,0,development,sandy,0,1
68.5,29.91,50.03,0,mid_season,sandy,0,0
34.66,25.11,40.44,5.0,initial,sandy,4.33,0
65.44,33.36,44.56,4.06,initial,loamy,15.03,0
57.27,28.98,41.04,3.92,development,loamy,10.02,0
65.9,35.65,74.41,3.31,late,loamy,8.15,0
94.59,31.73,44.85,4.8,mid_season,loamy,1.94,0
88.14,33.59,51.44,2.53,late,clay,0.95,0
63.36,31.2,43.56,4.4,late,clay,10.06,0
46.95,33.58,43.36,3.49,initial,clay,9.62,0
59.64,30.81,88.69,0,late,loamy,0,0
43.52,18.71,79.1,6.25,late,clay,8.21,0
50.78,23.64,84.02,0,initial,sandy,0,0
42.68,33.75,81.61,4.43,mid_season,clay,7.12,0
69.7,31.08,45.43,2.64,development,clay,14.87,0
44.21,34.25,88.43,3.45,development,loamy,13.19,0
36.92,32.87,65.07,0,mid_season,clay,0,1
53.84,35.79,65.61,3.22,mid_season,clay,5.47,0
75.77,26.53,43.49,0,late,clay,0,0
52.77,26.16,58.31,5.88,mid_season,loamy,3.81,0
28.05,18.08,73.73,2.13,development,clay,4.8,0
48.44,27.5,86.33,2.81,initial,clay,8.86,0
57.62,21.93,83.01,3.92,development,loamy,2.76,0
72.4,28.18,69.83,0,development,loamy,0,0
42.12,29.83,42.27,3.33,development,sandy,9.96,0
45.8,21.74,87.81,4.26,late,loamy,0.99,0
61.29,21.79,62.1,4.88,initial,sandy,0.11,0
49.91,28.27,46.66,3.24,initial,sandy,10.34,0
51.6,19.47,88.21,6.01,development,clay,12.94,0
47.16,18.58,52.28,5.8,development,clay,9.39,0
58.48,23.35,88.29,4.87,development,sandy,2.86,0
48.91,31.8,60.59,3.64,initial,clay,5.07,0
68.28,27.4,44.25,1.2,initial,clay,3.8,0
52.7,33.74,87.49,4.82,mid_season,loamy,2.1,0
20.54,19.4,64.13,4.56,late,loamy,0.69,0
37.17,23.81,89.11,2.89,late,loamy,4.35,0
56.81,24.15,45.58,3.0,initial,clay,7.72,0
33.71,22.57,61.06,5.18,late,sandy,9.7,0
42.58,22.18,43.75,0,initial,clay,0,0
22.07,24.53,46.53,3.08,late,clay,3.38,0
59.84,19.51,46.77,3.72,mid_season,clay,3.22,0
87.55,33.06,53.75,0,initial,sandy,0,0
23.23,31.91,64.26,0,development,sandy,0,1
20.54,18.73,80.64,4.59,development,clay,11.38,0
13.1,29.49,78.99,4.53,mid_season,clay,3.55,0
56.12,34.51,76.73,2.81,mid_season,sandy,9.91,0
68.31,30.91,68.55,4.28,development,sandy,6.35,0
37.44,33.02,45.69,4.58,initial,sandy,9.4,0
62.75,21.76,73.49,2.7,initial,sandy,1.83,0
67.93,19.27,72.78,0,late,loamy,0,0
36.88,19.07,70.45,6.11,development,sandy,17.99,0
95,30.37,40.72,0,initial,sandy,0,0
35.54,26.36,50.99,5.66,development,clay,1.41,0
33.63,21.23,83.8,4.23,development,clay,17.16,0
44.71,18.05,62.79,5.03,development,clay,9.08,0
47.43,32.87,75.6,5.27,mid_season,sandy,13.24,0
41.96,30.4,40.48,0,development,clay,0,1
51.67,28.83,64.93,3.06,development,sandy,6.45,0
51.41,28.48,76.64,4.04,late,sandy,0.52,0
60.69,36.02,52.32,4.06,initial,sandy,13.0,0
70.09,20.65,67.5,5.17,initial,sandy,2.73,0
63.88,27.09,83.92,2.08,development,sandy,1.23,0
75.07,25.82,75.82,4.09,development,sandy,12.48,0
91.11,22.22,74.42,3.59,late,loamy,6.18,0
55.52,23.84,66.61,4.78,initial,sandy,4.2,0
76.52,34.14,80.15,0,mid_season,loamy,0,0
75.75,19.16,87.13,5.47,late,clay,4.92,0
55.62,30.24,76.34,2.69,development,loamy,5.23,0
47.88,33.79,54.92,0,initial,sandy,0,0
48.74,34.79,44.8,4.78,mid_season,loamy,3.95,0
52.33,31.68,75.82,3.01,late,loamy,10.66,0
39.26,27.98,53.89,4.47,late,clay,12.03,0
59.5,20.17,69.47,0,mid_season,sandy,0,1
32.95,36.75,65.34,5.01,mid_season,clay,8.05,0
49.87,24.06,81.25,4.74,development,sandy,8.71,0
57.57,20.81,41.74,4.11,initial,clay,13.29,0
66.66,20.71,87.52,1.59,development,loamy,16.64,0
50.24,22.79,52.62,4.83,mid_season,clay,18.73,0
59.39,18.54,58.24,4.22,mid_season,sandy,8.53,0
44.52,26.61,77.69,2.83,mid_season,sandy,12.01,0
46.81,32.69,77.62,3.52,initial,loamy,9.97,0
46.79,25.01,84.28,0.66,development,sandy,2.85,0
59.67,32.71,83.22,0,initial,loamy,0,0
64.25,36.14,84.75,4.51,late,loamy,11.06,0
83.54,21.81,40.67,5.05,mid_season,loamy,11.69,0
41.69,30.82,82.23,5.32,late,loamy,4.54,0
29.82,36.61,78.68,4.75,mid_season,loamy,9.98,0
30.62,30.04,47.29,4.46,development,clay,3.99,0
51.43,26.25,47.44,4.1,development,clay,30.19,0
65.78,20.73,86.58,4.29,late,sandy,4.88,0
63.48,35.83,54.69,4.35,development,sandy,8.67,0
60.3,36.98,68.94,5.49,development,loamy,12.29,0
44.85,29.92,85.86,2.92,late,sandy,3.5,0
59.99,19.4,64.95,0.94,initial,sandy,2.68,0
89.39,23.53,63.38,4.65,late,sandy,14.86,0
59.91,20.29,75.33,5.22,development,sandy,5.19,0
66.66,23.38,45.25,5.33,development,sandy,13.88,0
29.82,36.46,48.44,3.71,development,clay,23.06,0
45.52,22.27,79.69,2.19,initial,clay,8.34,0
36.5,37.55,73.69,1.25,late,sandy,5.36,0
47.34,32.56,73.3,2.97,initial,clay,4.97,0
38.53,26.81,59.86,5.32,mid_season,loamy,3.8,0
40.74,35.46,49.23,3.71,initial,clay,9.14,0
54.52,37.05,85.9,3.22,initial,loamy,16.15,0
67.5,22.11,68.83,3.45,late,loamy,3.89,0
92.6,33.11,62.39,0,late,sandy,0,0
35.95,20.8,57.22,4.14,initial,sandy,5.36,0
45.4,36.65,61.64,4.65,late,sandy,11.2,0
36.29,23.9,46.07,4.07,initial,clay,7.47,0
42.58,18.47,60.27,5.16,late,sandy,10.02,0
49.49,25.15,50.13,4.16,mid_season,loamy,14.71,0
70.97,20.77,78.52,3.12,development,loamy,16.96,0
68.91,19.15,43.53,3.58,development,loamy,18.61,0
36.78,31.9,72.75,3.3,development,sandy,6.13,0
65.34,26.2,40.6,2.96,mid_season,loamy,14.13,0
47.88,19.64,67.89,4.37,initial,loamy,7.32,0
63.38,32.07,47.01,6.02,mid_season,loamy,0.16,0
65.98,22.15,58.23,0,late,clay,0,0
69.97,30.53,85.22,2.72,mid_season,clay,20.51,0
33.47,36.91,81.44,5.53,mid_season,sandy,9.05,0
34.92,34.16,72.87,0,development,clay,0,1
43.22,36.15,76.58,0,late,clay,0,1
37.73,28.8,57.7,4.58,initial,clay,3.58,0
46.86,34.87,76.97,5.66,development,sandy,1.15,0
54.92,34.59,48.05,4.14,mid_season,sandy,2.34,0
55.71,34.93,67.48,4.03,initial,loamy,8.82,0
92.0,22.51,51.77,4.41,initial,clay,2.74,0
65.03,24.95,85.4,4.8,development,loamy,6.62,0
54.87,21.1,71.02,3.58,late,sandy,7.82,0
81.54,21.56,87.54,4.26,late,loamy,3.89,0
25.03,20.25,68.46,4.15,mid_season,clay,8.15,0
45.01,27.89,83.28,4.11,initial,clay,21.29,0
33.36,34.92,78.01,0,initial,clay,0,0
35.4,28.95,41.46,0,mid_season,sandy,0,1
81.14,19.94,74.3,4.41,mid_season,sandy,5.91,0
36.21,27.35,75.97,4.62,mid_season,loamy,14.65,0
49.65,27.39,64.32,4.28,initial,loamy,6.7,0
36.45,34.76,63.0,0,late,clay,0,1
62.85,24.99,58.53,3.97,late,loamy,5.46,0
55.04,20.55,87.57,4.17,mid_season,sandy,4.95,0
55.32,29.9,84.46,3.29,development,loamy,8.2,0
57.41,26.14,41.03,0,initial,loamy,0,0
30.08,19.75,61.27,5.05,mid_season,loamy,5.24,0
28.62,30.44,75.37,5.45,initial,sandy,10.44,0
95,35.88,54.97,5.93,initial,loamy,18.95,0
76.57,20.48,42.58,2.21,late,loamy,8.97,0
53.96,32.44,65.77,3.9,initial,loamy,14.23,0
49.96,21.61,43.81,3.75,development,clay,17.81,0
57.9,36.92,78.75,4.33,late,loamy,18.69,0
21.78,20.34,44.34,2.83,initial,loamy,8.19,0
65.36,36.41,58.95,4.56,mid_season,sandy,15.69,0
77.94,36.11,58.46,0,initial,loamy,0,0
61.03,29.41,63.74,4.14,development,clay,10.1,0
70.81,26.91,59.98,3.71,development,sandy,9.26,0
66.72,31.23,64.47,3.64,development,sandy,9.59,0
59.11,18.81,85.68,2.65,late,loamy,1.38,0
74.88,34.9,50.34,5.53,initial,sandy,9.1,0
57.23,24.46,54.75,3.02,initial,clay,8.44,0
84.89,26.08,53.24,3.55,mid_season,clay,1.5,0
59.89,34.04,77.37,3.69,mid_season,clay,17.3,0
77.91,23.8,51.44,1.7,late,sandy,6.87,0
43.26,24.93,60.22,4.02,initial,loamy,7.18,0
42.2,27.02,62.81,2.76,late,loamy,13.94,0
52.67,29.41,84.63,0,initial,loamy,0,0
51.37,26.6,87.38,5.06,initial,sandy,3.62,0
72.99,31.78,72.11,0,development,sandy,0,0
32.49,21.67,78.37,0,development,sandy,0,1
63.42,25.59,62.15,3.25,initial,loamy,17.59,0
64.33,18.28,73.75,3.57,initial,sandy,6.26,0
36.61,29.41,63.53,3.18,initial,sandy,0.63,0
82.75,29.06,50.98,5.77,initial,sandy,14.68,0
68.98,22.23,88.22,5.23,mid_season,clay,12.06,0
51.28,30.42,62.76,0,late,sandy,0,1
47.72,29.74,47.9,5.34,mid_season,clay,14.52,0
72.53,34.57,81.43,0,initial,clay,0,0
85.61,18.12,42.08,5.41,late,sandy,4.37,0
52.12,34.17,59.92,4.09,initial,clay,7.41,0
68.53,26.92,77.19,3.88,late,sandy,14.48,0
87.41,23.55,74.14,3.24,development,sandy,11.84,0
77.95,24.67,41.48,3.21,mid_season,sandy,12.79,0
66.25,22.04,78.15,4.93,development,loamy,3.47,0
36.71,33.79,81.41,4.59,mid_season,loamy,15.5,0
21.96,34.39,55.84,4.53,development,loamy,1.71,0
66.58,37.72,66.6,0,late,loamy,0,0
60.99,37.3,85.67,2.4,late,loamy,9.52,0
94.2,32.1,89.81,3.92,mid_season,clay,4.79,0
51.76,34.8,66.19,5.76,mid_season,sandy,18.22,0
35.93,23.83,59.44,0,mid_season,clay,0,1
23.83,32.49,56.54,3.96,development,clay,5.98,0
59.71,37.92,49.84,3.98,initial,loamy,12.95,0
37.84,30.2,71.17,2.74,development,sandy,1.34,0
53.77,25.06,52.27,4.29,late,clay,4.29,0
32.78,37.58,85.69,2.66,development,sandy,4.14,0
39.8,36.74,68.63,3.68,initial,sandy,3.85,0
16.16,32.83,88.02,1.49,late,loamy,4.84,0
65.32,28.76,65.8,5.62,initial,clay,10.26,0
41.98,28.72,64.44,4.13,late,loamy,9.93,0
45.84,32.72,83.01,3.9,mid_season,clay,11.86,0
91.63,26.35,54.47,4.76,development,loamy,8.1,0
56.15,29.65,40.6,2.53,late,sandy,4.59,0
57.85,29.02,77.32,4.62,development,clay,9.29,0
59.44,31.93,45.05,0,initial,clay,0,0
27.99,31.1,65.11,4.59,development,loamy,3.7,0
72.22,30.56,54.82,5.55,development,clay,5.41,0
72.03,21.61,47.58,4.21,late,sandy,0.96,0
10.38,27.41,50.77,4.05,late,sandy,9.06,0
5,36.96,78.49,3.77,initial,sandy,5.98,0
55.16,18.16,66.48,0,initial,sandy,0,0
53.64,18.23,87.9,0,late,sandy,0,1
52.08,30.12,48.96,4.53,mid_season,sandy,16.93,0
53.58,22.07,82.87,3.03,late,sandy,18.9,0
42.52,31.04,46.65,4.87,mid_season,loamy,22.53,0
46.25,18.86,55.7,1.53,late,sandy,2.78,0
21.5,28.39,52.54,4.44,initial,loamy,7.74,0
57.78,23.35,64.39,2.24,late,loamy,22.75,0
32.7,28.93,59.12,2.27,initial,sandy,0.47,0
39.64,24.95,73.26,1.97,initial,loamy,14.69,0
39.11,37.08,65.67,2.66,late,loamy,11.48,0
54.99,29.39,75.26,3.89,mid_season,loamy,19.19,0
69.71,31.02,83.73,0,development,loamy,0,0
49.33,22.62,66.94,3.83,mid_season,clay,2.56,0
95,32.06,84.44,2.64,late,clay,7.1,0
65.55,31.5,77.11,6.27,mid_season,clay,13.94,0
48.7,26.59,69.09,3.04,development,clay,9.62,0
61.56,21.45,60.46,4.46,initial,sandy,15.81,0
67.86,29.85,51.6,3.96,development,sandy,3.68,0
50.95,20.32,79.12,3.53,mid_season,sandy,3.94,0
60.05,23.93,53.35,3.35,mid_season,clay,10.3,0
52.81,25.11,65.16,3.03,initial,loamy,4.12,0
47.35,23.06,58.41,4.24,development,loamy,8.01,0
88.59,29.43,79.7,4.89,initial,loamy,8.97,0
47.46,35.06,87.78,4.53,development,sandy,4.54,0
67.85,24.89,73.94,3.84,late,loamy,2.02,0
37.93,19.87,48.59,4.41,mid_season,sandy,19.73,0
95,30.61,66.12,3.75,development,clay,14.04,0
44.3,21.18,75.52,3.1,mid_season,clay,6.64,0
60.1,36.3,61.78,4.48,development,loamy,10.79,0
58.29,24.87,64.65,0,development,loamy,0,0
41.79,18.36,74.66,4.01,late,loamy,10.43,0
63.65,34.34,84.0,3.55,mid_season,loamy,13.34,0
51.38,34.23,53.38,4.03,mid_season,sandy,2.58,0
56.77,32.76,51.29,0,mid_season,loamy,0,0
40.47,21.63,60.79,6.68,late,clay,17.12,0
39.92,34.96,58.63,5.94,development,loamy,6.66,0
63.44,30.03,48.49,3.09,late,sandy,6.48,0
75.31,20.5,60.87,0,development,loamy,0,0
54.94,27.77,60.58,3.98,development,loamy,14.5,0
56.58,23.73,73.41,3.93,development,clay,9.18,0
72.24,27.27,43.53,3.9,late,sandy,1.87,0
58.68,27.32,56.13,4.76,mid_season,clay,10.56,0
58.12,35.02,49.38,2.89,late,loamy,16.0,0
73.57,32.07,75.4,0,initial,loamy,0,0
46.47,19.48,79.39,1.92,late,sandy,5.87,0
21.74,34.55,41.77,1.37,initial,loamy,12.56,0
44.77,31.64,82.08,3.13,initial,clay,0.04,0
45.71,20.29,41.78,3.52,late,sandy,2.05,0
80.75,27.87,85.15,6.12,mid_season,loamy,19.08,0
56.59,30.37,58.92,2.49,initial,clay,5.51,0
36.13,21.97,56.3,3.94,late,clay,12.67,0
41.39,37.37,54.95,0,late,sandy,0,1
41.72,37.42,54.2,0,development,clay,0,1
38.69,37.13,42.67,4.16,initial,clay,18.05,0
50.38,34.68,69.33,3.93,development,clay,6.9,0
46.0,33.7,75.33,4.95,late,loamy,13.0,0
58.91,27.4,80.85,0,initial,clay,0,0
63.54,23.65,56.3,4.51,mid_season,loamy,9.99,0
44.79,22.92,54.97,3.68,development,sandy,2.71,0
54.79,31.68,55.54,4.13,late,clay,4.06,0
52.2,23.8,54.42,0,development,sandy,0,1
47.82,30.19,59.22,0,development,sandy,0,1
22.29,29.9,40.15,3.86,development,sandy,17.27,0
13.49,22.31,89.84,0,initial,sandy,0,0
86.87,23.74,48.92,3.52,initial,clay,8.07,0
73.17,20.74,55.16,2.63,development,loamy,22.54,0
64.13,32.68,79.25,3.88,initial,clay,1.51,0
45.06,33.46,67.8,4.08,mid_season,loamy,7.17,0
68.96,31.35,82.73,4.1,initial,sandy,1.61,0
46.01,34.94,53.83,2.71,mid_season,clay,13.99,0
61.96,30.28,80.49,3.64,mid_season,loamy,19.78,0
28.88,23.34,40.71,5.57,late,sandy,9.38,0
75.08,35.82,55.73,3.9,initial,loamy,1.29,0
44.47,37.43,53.46,0,late,sandy,0,1
40.76,19.43,79.33,2.5,mid_season,sandy,15.61,0
75.1,20.01,51.66,4.18,mid_season,clay,5.41,0
48.05,19.73,68.6,4.46,late,clay,8.86,0
67.84,22.99,83.88,3.55,mid_season,clay,5.95,0
68.5,18.32,89.47,3.97,development,loamy,0.0,0
58.71,32.85,77.34,0,late,clay,0,0
56.75,22.39,47.31,2.47,initial,clay,13.25,0
46.78,21.34,58.77,4.41,late,sandy,1.51,0
49.01,32.84,50.54,3.85,mid_season,clay,10.58,0
71.34,36.94,49.16,6.32,late,clay,2.25,0
64.96,24.78,62.79,4.21,initial,sandy,12.1,0
41.29,23.71,84.67,3.46,development,clay,9.92,0
73.26,35.43,72.88,3.79,late,clay,8.21,0
47.31,23.98,81.88,4.32,late,clay,12.66,0
34.16,27.71,68.14,0,initial,loamy,0,0
81.53,34.02,77.77,5.58,development,sandy,15.24,0
16.53,24.13,42.23,5.84,mid_season,loamy,2.83,0
51.72,21.46,57.98,4.43,mid_season,clay,3.83,0
55.13,37.85,53.08,2.61,initial,clay,19.16,0
53.88,34.92,60.16,3.6,initial,sandy,9.49,0
45.84,32.3,57.37,5.18,development,clay,3.68,0
23.23,25.33,80.86,3.18,initial,clay,15.01,0
15.34,33.15,76.87,3.78,late,loamy,7.35,0
85.73,36.42,84.59,4.35,initial,sandy,6.33,0
94.12,25.14,83.75,5.68,development,sandy,10.94,0
56.85,20.56,74.88,4.71,initial,clay,5.11,0
48.42,35.07,53.75,3.19,mid_season,clay,7.74,0
47.99,35.05,77.54,0,initial,sandy,0,0
61.19,37.34,41.4,3.76,development,clay,7.86,0
37.34,33.16,56.88,2.38,mid_season,clay,12.22,0
69.26,35.46,73.52,3.74,mid_season,loamy,12.71,0
63.55,25.31,52.42,4.7,development,clay,2.69,0
32.22,21.65,54.3,4.08,mid_season,sandy,12.37,0
45.68,29.17,69.75,3.38,development,clay,0.89,0
86.13,36.3,75.3,3.88,late,loamy,4.93,0
61.21,27.71,76.0,3.11,late,sandy,9.09,0
39.28,23.96,81.63,3.63,late,clay,19.59,0
46.81,31.42,61.89,3.88,mid_season,loamy,19.6,0
40.78,36.82,67.86,5.65,late,sandy,29.46,0
87.97,33.26,77.07,3.85,late,loamy,5.63,0
41.46,27.63,61.02,5.24,initial,loamy,8.61,0
52.84,21.32,80.34,0,development,loamy,0,0
68.56,32.15,69.65,4.95,development,loamy,8.24,0
8.34,20.73,45.84,0,development,sandy,0,1
38.5,25.74,66.68,0,mid_season,loamy,0,1
95,29.43,54.8,5.35,development,sandy,22.54,0
54.72,24.35,76.1,4.65,late,sandy,5.16,0
63.15,28.09,73.48,0,initial,clay,0,0
40.27,34.23,74.91,5.86,development,clay,3.74,0
47.32,28.31,69.57,3.04,late,sandy,5.16,0
65.24,36.99,42.64,3.11,initial,loamy,5.39,0
39.31,19.52,61.38,5.08,development,clay,2.9,0
62.95,19.19,80.73,0,initial,clay,0,0
43.35,29.31,68.06,0,initial,clay,0,0
35.09,33.39,59.11,5.62,development,loamy,6.93,0
62.42,31.19,88.03,2.58,development,sandy,13.76,0
59.18,34.08,43.73,3.79,development,loamy,11.5,0
83.0,18.34,89.07,3.89,initial,loamy,1.54,0
57.35,34.47,46.09,0,initial,sandy,0,1
71.44,21.31,88.9,4.24,late,sandy,10.29,0
26.01,34.96,46.22,4.14,mid_season,loamy,4.93,0
56.83,30.1,78.05,4.02,late,loamy,20.18,0
70.96,20.76,50.41,4.21,late,sandy,10.43,0
62.45,20.01,52.22,4.93,initial,sandy,7.26,0
37.98,30.39,52.76,5.91,mid_season,clay,18.87,0
31.98,32.55,85.92,6.91,mid_season,clay,13.94,0
35.7,25.51,71.45,3.61,mid_season,loamy,11.75,0
65.51,22.68,86.08,1.83,mid_season,loamy,12.66,0
52.29,21.93,43.09,3.65,mid_season,sandy,0.67,0
32.81,20.98,42.18,0,development,loamy,0,1
68.31,26.63,50.0,0,initial,sandy,0,0
23.88,37.32,59.73,4.4,late,sandy,7.74,0
44.27,30.57,63.66,4.34,development,loamy,11.34,0
48.81,24.08,46.92,5.49,development,sandy,2.99,0
46.79,35.97,63.56,4.7,late,clay,1.64,0
25.43,37.61,57.01,0,late,sandy,0,1
65.99,19.3,74.09,1.49,development,clay,21.22,0
42.47,25.72,79.3,3.22,development,sandy,23.59,0
46.87,19.14,78.34,0,late,sandy,0,1
56.23,36.76,41.29,3.32,initial,clay,5.02,0
53.31,21.92,89.07,2.33,late,clay,13.92,0
62.92,25.02,67.03,3.68,development,loamy,15.17,0
39.48,20.42,74.69,5.07,initial,loamy,5.87,0
56.03,33.19,57.56,0,development,loamy,0,0
72.19,20.55,82.37,3.77,late,clay,11.01,0
54.58,27.09,71.45,3.5,initial,loamy,8.96,0
77.76,20.67,69.57,4.09,late,clay,5.22,0
79.83,24.53,53.06,5.02,development,clay,13.79,0
71.94,18.06,45.63,3.31,mid_season,sandy,10.54,0
80.52,29.68,80.56,2.16,mid_season,clay,1.85,0
60.76,27.17,51.11,4.01,late,sandy,14.4,0
65.25,25.22,63.42,3.39,late,sandy,13.49,0
81.36,29.23,42.61,4.7,development,loamy,6.77,0
90.89,31.47,57.51,4.18,mid_season,loamy,8.39,0
45.47,22.02,44.43,0,late,sandy,0,1
72.47,35.91,83.61,2.8,mid_season,clay,7.28,0
62.96,33.13,67.8,0,late,clay,0,0
37.39,29.72,88.67,0,mid_season,sandy,0,1
94.38,32.5,60.93,3.84,initial,clay,4.59,0
76.67,34.24,67.65,5.12,initial,sandy,9.55,0
64.71,34.91,41.05,2.14,mid_season,clay,18.2,0
63.75,36.03,68.69,1.48,mid_season,clay,17.55,0
16.88,35.96,50.4,4.5,development,loamy,5.52,0
62.56,37.61,72.95,4.92,late,clay,13.54,0
25.97,22.56,63.65,2.92,late,clay,19.16,0
61.95,24.96,79.41,3.07,initial,clay,7.78,0
89.69,26.54,71.68,4.31,late,clay,19.49,0
53.74,24.62,87.31,3.14,late,clay,18.85,0
67.29,23.58,76.77,3.61,mid_season,sandy,10.84,0
54.38,29.85,87.78,4.76,mid_season,loamy,12.77,0
33.23,19.75,58.19,3.22,development,sandy,10.12,0
59.79,29.27,69.54,2.74,development,sandy,8.28,0
55.9,25.3,89.67,4.11,mid_season,loamy,16.84,0
69.2,31.47,68.09,2.37,initial,sandy,8.72,0
74.75,33.42,67.26,3.02,mid_season,loamy,15.74,0
81.84,21.02,68.94,2.72,late,loamy,7.5,0
55.32,22.89,65.28,4.86,development,clay,22.39,0
60.15,20.14,80.96,3.19,initial,sandy,6.49,0
80.95,32.51,41.02,2.51,initial,clay,9.74,0
59.61,34.06,42.37,2.75,development,loamy,3.37,0
65.34,22.94,45.74,3.17,development,loamy,6.78,0
50.92,30.68,61.3,3.1,initial,sandy,2.33,0
33.41,32.81,72.77,0,late,clay,0,1
60.5,23.49,55.73,0,development,clay,0,0
85.32,20.81,83.53,0,development,clay,0,0
63.08,35.46,73.29,5.2,development,clay,12.05,0
73.64,25.56,85.61,4.07,development,loamy,5.65,0
37.74,24.98,80.82,3.88,initial,sandy,2.08,0
54.87,34.46,79.29,4.58,mid_season,sandy,13.13,0
34.59,28.03,89.69,4.46,initial,loamy,16.63,0
41.23,24.82,42.86,0,mid_season,loamy,0,1
49.84,27.74,58.54,5.32,initial,loamy,12.44,0
65.77,35.14,41.47,2.44,development,loamy,7.91,0
65.7,19.2,47.3,1.46,mid_season,sandy,1.2,0
54.44,31.99,79.63,3.68,initial,sandy,13.65,0
58.05,30.52,73.83,5.21,late,sandy,9.46,0
60.97,20.78,82.77,3.93,mid_season,clay,17.14,0
33.67,35.44,52.76,3.25,late,loamy,9.88,0
63.15,27.52,76.96,3.84,initial,sandy,7.23,0
47.1,35.35,51.44,2.67,mid_season,clay,11.52,0
94.41,29.46,58.49,0,initial,loamy,0,0
53.14,25.07,71.82,3.1,development,loamy,3.67,0
60.23,25.85,71.21,3.92,mid_season,loamy,26.79,0
45.23,25.69,89.06,5.2,mid_season,clay,10.94,0
64.04,18.12,87.48,2.72,development,clay,6.37,0
20.41,20.16,55.45,3.91,development,sandy,16.96,0
66.27,34.65,87.3,2.45,late,sandy,0.03,0
61.34,32.57,67.1,2.55,initial,sandy,18.91,0
64.21,36.26,82.84,5.86,late,sandy,14.55,0
54.91,28.62,81.86,2.41,mid_season,sandy,6.89,0
65.65,34.06,42.68,3.61,development,sandy,8.02,0
43.34,18.04,64.77,3.19,late,clay,4.08,0
49.13,26.91,70.29,0,initial,sandy,0,0
84.54,37.27,70.07,3.11,initial,sandy,6.45,0
23.49,31.49,86.12,2.52,development,sandy,9.46,0
31.73,18.5,45.98,2.48,late,clay,13.85,0
93.69,19.14,63.92,3.95,late,loamy,15.81,0
77.85,30.96,85.26,0,initial,sandy,0,0
50.06,34.14,82.2,4.37,development,sandy,0.7,0
73.09,22.19,55.46,5.62,late,loamy,8.47,0
53.57,19.05,89.7,3.72,development,clay,10.99,0
76.22,34.65,74.82,3.58,mid_season,clay,13.42,0
37.18,32.82,68.15,0,initial,sandy,0,0
71.84,31.42,45.29,6.86,initial,loamy,21.71,0
27.89,20.6,88.18,6.08,mid_season,sandy,1.89,0
39.7,24.29,43.85,4.07,initial,clay,6.2,0
56.76,36.57,83.27,0,initial,sandy,0,0
61.0,25.5,69.25,2.78,mid_season,clay,10.51,0
41.4,24.37,78.45,2.85,development,sandy,4.67,0
95,32.35,45.72,5.47,mid_season,sandy,11.52,0
42.95,25.25,84.23,4.0,initial,loamy,8.64,0
83.94,25.46,87.32,4.61,initial,clay,9.24,0
70.25,21.11,77.62,4.51,mid_season,clay,21.65,0
51.05,22.5,69.02,4.65,initial,clay,2.12,0
31.26,30.18,71.44,3.98,development,clay,12.77,0
64.77,31.05,58.37,0,initial,clay,0,0
59.39,24.74,49.95,3.59,mid_season,clay,1.77,0
39.87,24.76,54.76,3.59,development,sandy,1.22,0
48.33,24.86,76.84,2.58,initial,loamy,18.66,0
17.87,26.82,77.26,2.93,mid_season,sandy,12.61,0
39.29,30.28,65.74,3.27,mid_season,clay,15.9,0
53.37,23.65,61.83,0,development,loamy,0,0
23.93,18.47,52.16,3.32,initial,loamy,3.02,0
59.99,18.33,41.31,0,initial,sandy,0,0
71.62,35.68,76.08,3.86,development,loamy,10.86,0
44.7,21.41,89.93,4.65,late,clay,13.67,0
60.37,23.32,40.78,4.6,late,clay,16.49,0
55.82,32.31,57.59,5.51,mid_season,sandy,23.11,0
73.01,20.1,63.3,5.22,development,loamy,10.63,0
57.75,18.0,47.93,4.31,late,clay,4.13,0
73.57,32.69,66.67,3.87,mid_season,sandy,8.65,0
66.47,26.95,82.83,5.23,initial,sandy,4.91,0
89.09,25.47,64.13,3.05,late,sandy,0.93,0
70.94,18.62,66.3,2.1,development,sandy,18.74,0
54.53,30.28,74.11,4.66,development,clay,8.05,0
82.79,18.84,41.75,2.1,development,sandy,2.6,0
52.88,26.6,62.03,0,late,sandy,0,1
28.43,36.4,81.17,0,late,sandy,0,1
70.95,28.8,60.67,4.18,development,clay,2.65,0
44.62,23.02,52.87,3.99,mid_season,sandy,5.7,0
29.78,21.79,44.96,4.54,initial,sandy,22.34,0
43.48,34.53,72.74,3.72,mid_season,sandy,4.72,0
94.19,25.93,48.73,4.66,development,loamy,7.4,0
77.01,37.1,85.93,0,initial,sandy,0,0
48.92,18.4,85.44,2.94,mid_season,loamy,0.54,0
45.61,26.15,43.19,0,development,loamy,0,1
51.99,20.15,46.49,3.05,development,clay,14.79,0
57.15,18.17,46.04,2.45,mid_season,loamy,3.04,0
54.93,37.55,82.67,3.73,mid_season,sandy,8.2,0
5,20.07,60.9,3.88,initial,clay,6.5,0
61.9,36.33,84.68,3.79,late,sandy,3.44,0
67.16,32.02,56.95,4.82,initial,loamy,12.8,0
45.78,24.0,62.65,4.42,development,sandy,18.56,0
46.14,24.11,54.07,4.01,initial,sandy,4.01,0
74.67,25.94,43.49,5.06,late,clay,11.51,0
22.5,37.17,64.67,3.96,initial,loamy,4.14,0
69.48,35.32,82.82,4.29,development,sandy,0.97,0
69.82,18.45,54.76,4.81,initial,clay,13.98,0
11.15,18.67,43.53,3.11,late,sandy,0.45,0
69.24,29.14,57.17,2.97,late,clay,8.24,0
54.35,18.63,88.7,4.34,mid_season,clay,3.94,0
85.72,20.83,42.75,3.73,development,clay,6.42,0
67.52,33.67,74.82,1.93,mid_season,clay,3.71,0
74.81,23.87,82.5,3.47,initial,loamy,2.49,0
34.47,30.18,83.45,5.27,mid_season,sandy,8.31,0
29.6,29.27,89.71,0,mid_season,loamy,0,1
25.48,33.54,87.74,3.35,late,clay,18.48,0
34.45,35.14,77.1,0,mid_season,clay,0,1
60.5,37.74,88.4,3.69,late,sandy,0.27,0
77.1,30.84,79.76,3.15,mid_season,sandy,0.42,0
67.48,35.95,79.36,1.57,mid_season,loamy,32.77,0
58.91,21.81,43.27,0,late,sandy,0,1
11.36,31.74,43.32,3.9,development,sandy,14.58,0
67.91,32.19,86.53,2.51,development,sandy,14.37,0
73.28,26.67,43.81,4.18,mid_season,sandy,12.59,0
61.0,29.48,51.66,5.71,late,loamy,3.71,0
38.33,37.15,51.94,0,late,loamy,0,1
95,23.2,60.13,0,late,loamy,0,0
61.25,22.55,80.16,1.92,late,clay,9.18,0
64.47,18.01,40.69,4.98,late,sandy,3.99,0
91.5,25.57,59.36,0,mid_season,loamy,0,0
71.17,32.69,55.68,3.57,mid_season,loamy,5.2,0
66.73,25.38,45.6,5.74,development,sandy,8.13,0
29.82,33.69,87.41,3.28,mid_season,loamy,10.21,0
63.27,19.05,59.27,4.37,development,loamy,18.66,0
46.59,24.37,78.64,4.28,late,sandy,4.58,0
56.47,30.05,62.05,0,mid_season,loamy,0,0
87.6,29.72,70.46,0,mid_season,clay,0,0
54.13,37.54,86.91,4.52,late,clay,5.02,0
62.92,30.24,75.91,4.36,initial,loamy,4.73,0
44.3,31.54,53.01,0,initial,loamy,0,0
78.47,18.25,75.3,4.06,mid_season,loamy,7.58,0
31.11,22.47,66.61,5.09,late,clay,21.1,0
47.9,22.79,81.69,4.64,initial,loamy,21.19,0
69.5,35.22,56.18,2.79,development,clay,15.01,0
55.07,25.74,82.46,3.18,late,clay,11.35,0
53.2,36.18,78.5,0,initial,sandy,0,0
49.86,26.91,72.07,4.09,late,clay,12.72,0
69.32,22.82,88.75,0,initial,sandy,0,0
86.48,19.45,55.62,0,initial,loamy,0,0
51.37,26.92,73.69,2.24,mid_season,sandy,0.02,0
72.64,33.85,63.94,5.39,initial,sandy,13.94,0
43.92,24.72,46.93,4.94,late,loamy,1.69,0
57.98,18.21,87.66,4.29,development,sandy,10.23,0
95,22.71,78.59,3.24,initial,sandy,10.89,0
48.81,36.08,84.77,3.86,initial,sandy,11.98,0
71.75,37.23,71.81,5.95,development,loamy,7.79,0
51.64,19.59,47.8,0,initial,loamy,0,0
73.12,23.91,87.15,3.15,initial,clay,7.71,0
31.95,25.98,75.78,4.25,late,sandy,14.31,0
60.77,37.57,81.92,3.62,development,loamy,9.82,0
55.91,36.96,59.98,4.2,development,clay,11.78,0
26.72,24.29,85.69,3.87,development,sandy,8.26,0
47.86,33.2,76.79,2.57,development,loamy,11.53,0
35.91,22.29,85.17,3.46,late,clay,11.36,0
7.69,18.47,79.16,1.87,late,loamy,9.42,0
55.16,27.01,55.15,6.87,initial,clay,13.55,0
55.14,30.47,81.37,3.33,development,sandy,8.24,0
48.77,37.37,42.41,3.22,initial,loamy,13.02,0
43.37,31.27,65.54,5.15,mid_season,sandy,6.29,0
69.73,18.05,67.83,5.72,late,sandy,6.18,0
84.18,21.11,44.36,4.15,mid_season,clay,8.5,0
43.83,19.06,79.24,3.49,mid_season,loamy,14.28,0
91.2,35.58,67.47,5.23,mid_season,sandy,5.46,0
68.88,23.22,70.42,5.53,development,loamy,6.7,0
81.38,26.18,41.34,3.03,initial,sandy,0.5,0
61.52,19.08,46.9,4.34,late,clay,8.79,0
43.46,34.88,60.38,0.94,mid_season,sandy,7.97,0
40.82,30.78,60.7,4.27,initial,loamy,1.17,0
48.96,27.61,75.2,4.56,initial,loamy,13.13,0
55.87,18.29,48.56,4.56,late,loamy,13.78,0
45.73,25.91,71.96,0,initial,loamy,0,0
74.59,37.41,76.96,4.48,development,loamy,9.49,0
78.69,29.58,50.69,4.56,late,clay,11.66,0
34.95,21.86,89.68,2.43,development,sandy,18.38,0
63.75,29.9,86.49,0,late,sandy,0,0
44.0,27.65,88.82,2.66,late,loamy,13.77,0
52.06,32.8,75.97,2.96,initial,clay,6.35,0
53.51,29.22,59.29,3.22,development,clay,11.41,0
36.34,21.72,80.98,5.3,initial,sandy,12.65,0
44.85,20.29,54.58,0,late,clay,0,1
47.35,35.12,76.14,3.46,mid_season,clay,13.37,0
49.48,19.25,83.98,3.35,development,loamy,5.62,0
81.41,37.83,50.05,4.77,mid_season,sandy,6.41,0
16.87,27.91,53.16,2.78,initial,sandy,14.26,0
50.93,27.86,76.91,4.84,initial,clay,10.62,0
41.38,30.35,64.99,4.83,initial,loamy,17.24,0
79.65,26.62,53.44,2.44,development,sandy,16.74,0
46.64,36.82,46.56,0,mid_season,clay,0,0
64.9,26.4,74.32,4.66,initial,clay,6.53,0
70.53,36.58,63.97,5.01,late,clay,3.71,0
36.64,25.97,66.89,5.37,development,sandy,6.27,0
52.12,36.77,88.72,5.25,late,clay,6.41,0
42.81,21.38,64.66,0,development,clay,0,1
90.58,21.19,81.23,4.06,mid_season,clay,11.15,0
33.27,19.53,66.62,0,mid_season,loamy,0,1
63.53,28.76,75.16,3.89,mid_season,clay,20.5,0
67.34,27.17,70.8,0,development,sandy,0,0
41.41,35.82,73.27,3.86,late,clay,2.0,0
32.92,30.09,55.88,0,mid_season,sandy,0,1
63.66,19.38,40.5,4.83,mid_season,clay,16.58,0
68.7,37.52,86.18,5.61,late,sandy,5.91,0
38.18,18.92,77.55,2.58,mid_season,loamy,7.75,0
52.57,36.15,86.94,5.88,late,sandy,16.09,0
42.2,19.2,67.91,5.2,late,loamy,2.64,0
36.98,25.92,79.98,2.57,late,clay,8.84,0
49.16,30.45,70.65,4.46,development,sandy,8.43,0
72.48,24.93,60.98,2.81,mid_season,loamy,13.19,0
49.46,21.33,64.71,5.06,mid_season,loamy,9.09,0
61.61,22.42,40.59,2.16,development,clay,0.96,0
48.91,20.19,82.96,2.47,late,loamy,21.46,0
31.28,36.86,89.57,3.62,late,loamy,12.6,0
66.07,30.16,54.95,3.56,development,clay,6.24,0
84.08,29.94,75.76,4.93,mid_season,loamy,7.5,0
25.5,31.45,41.67,2.16,mid_season,clay,14.51,0
39.3,23.48,67.24,3.49,development,clay,9.58,0
59.94,18.31,59.13,3.03,mid_season,sandy,11.45,0
41.13,23.32,72.68,3.85,late,sandy,9.88,0
30.96,18.3,59.52,4.92,development,sandy,11.48,0
60.75,21.77,69.08,2.27,development,clay,2.85,0
70.95,19.46,56.36,5.19,mid_season,sandy,27.76,0
39.21,29.01,60.48,5.48,initial,loamy,0.17,0
57.33,34.29,72.01,0,late,clay,0,0
66.35,34.07,80.34,0,initial,clay,0,0
77.8,22.89,81.74,3.69,late,loamy,6.85,0
64.96,36.18,41.89,4.38,development,sandy,1.92,0
27.69,25.25,85.88,0,mid_season,loamy,0,1
89.88,18.28,66.29,2.94,late,loamy,8.61,0
56.17,31.51,46.71,4.27,mid_season,loamy,12.07,0
63.58,36.17,40.5,5.75,initial,loamy,14.01,0
19.37,34.52,86.43,6.16,late,loamy,4.82,0
57.11,30.76,79.39,3.36,mid_season,sandy,8.6,0
75.65,20.31,89.3,5.19,mid_season,clay,8.33,0
46.22,34.56,82.32,2.09,development,loamy,5.41,0
29.46,24.48,72.39,0,mid_season,loamy,0,1
62.71,30.14,61.33,4.35,initial,clay,0.02,0
51.84,32.97,77.4,5.41,development,loamy,15.64,0
21.64,24.51,54.28,3.73,mid_season,loamy,11.79,0
33.61,37.64,43.26,2.89,late,loamy,12.15,0
37.63,35.41,84.99,3.98,mid_season,loamy,14.11,0
29.8,33.7,55.52,4.48,mid_season,sandy,10.76,0
23.62,36.2,63.24,4.84,development,clay,13.21,0
50.17,37.09,63.15,0,initial,clay,0,0
58.73,20.37,57.6,0,initial,sandy,0,0
56.5,23.35,62.72,3.77,development,loamy,0.11,0
41.04,26.52,59.24,2.71,development,loamy,11.85,0
47.13,36.5,60.52,4.72,mid_season,clay,5.88,0
48.83,36.43,73.1,4.68,development,loamy,17.28,0
42.6,31.66,54.75,4.25,mid_season,loamy,12.69,0
65.25,33.61,73.05,0,initial,loamy,0,0
71.81,28.55,83.62,0,initial,sandy,0,0
78.85,34.0,66.87,0,initial,clay,0,0
54.67,25.59,52.43,6.43,initial,loamy,5.19,0
68.05,19.93,84.76,5.69,late,sandy,14.94,0
87.46,21.73,89.24,3.9,late,loamy,1.54,0
44.72,36.75,42.6,1.91,late,sandy,6.83,0
64.42,23.98,81.46,2.69,late,clay,1.42,0
37.85,32.73,52.88,5.05,initial,loamy,0.9,0
74.63,22.17,54.67,4.35,initial,clay,9.09,0
66.34,24.73,73.83,3.16,late,clay,6.0,0
68.87,30.18,60.78,3.33,mid_season,loamy,10.69,0
44.09,31.14,65.69,4.6,mid_season,sandy,4.02,0
13.03,27.41,62.76,3.63,late,sandy,10.75,0
87.23,21.81,42.63,4.8,development,clay,0.61,0
51.44,24.23,46.21,4.22,mid_season,sandy,5.24,0
60.77,35.66,81.88,3.35,initial,loamy,2.86,0
46.42,20.76,41.15,0,development,sandy,0,1
43.91,26.07,62.99,2.87,mid_season,clay,21.54,0
51.23,30.23,85.93,3.51,mid_season,clay,17.19,0
44.41,30.64,44.42,3.66,mid_season,sandy,11.97,0
63.58,22.08,45.94,4.58,initial,loamy,22.33,0
53.91,32.12,43.66,3.66,mid_season,loamy,1.18,0
72.12,30.68,63.5,0,late,clay,0,0
41.12,25.06,79.43,3.84,mid_season,sandy,5.75,0
46.72,25.69,54.68,2.62,late,loamy,11.71,0
63.54,23.64,43.39,2.63,initial,clay,12.33,0
66.5,24.68,61.5,4.09,initial,sandy,7.57,0
55.3,22.9,68.02,3.67,late,clay,16.67,0
61.6,36.15,80.4,0,development,sandy,0,0
50.45,34.95,43.23,0,initial,clay,0,0
39.7,18.53,89.45,0,initial,clay,0,0
41.66,37.26,86.14,4.65,development,sandy,3.58,0
24.03,22.01,64.5,4.66,late,loamy,19.88,0
61.11,20.58,57.62,3.69,development,loamy,0.29,0
89.69,23.73,53.15,4.93,mid_season,loamy,11.2,0
72.98,18.4,60.11,4.48,development,sandy,4.81,0
42.47,20.58,71.15,3.2,late,sandy,12.58,0
56.8,33.56,71.16,4.59,late,loamy,7.72,0
39.78,34.19,55.43,2.94,development,sandy,3.77,0
62.51,24.21,75.08,4.28,development,loamy,9.88,0
76.92,27.34,87.55,4.05,development,loamy,6.39,0
69.79,26.05,73.75,5.12,development,loamy,6.15,0
34.19,23.15,63.85,3.08,mid_season,loamy,16.11,0
58.69,20.01,87.71,1.55,development,loamy,0.56,0
53.92,24.16,88.22,2.91,late,sandy,8.79,0
34.81,35.51,73.63,5.62,late,clay,13.32,0
65.89,18.83,64.51,4.55,late,loamy,8.13,0
47.53,37.26,49.87,3.04,late,loamy,12.92,0
65.4,24.38,40.71,6.02,late,clay,8.17,0
56.48,32.28,43.12,0,mid_season,loamy,0,0
51.01,21.05,89.74,4.89,late,clay,20.83,0
76.97,36.2,75.72,4.21,late,loamy,2.98,0
88.6,34.75,82.37,3.77,mid_season,loamy,12.58,0
66.57,24.17,53.38,2.77,late,clay,13.88,0
14.28,30.86,78.72,5.15,mid_season,clay,31.72,0
48.76,18.13,86.35,2.41,late,loamy,10.76,0
47.35,18.2,76.89,3.12,late,clay,15.74,0
81.31,28.66,49.43,3.54,mid_season,clay,20.92,0
61.68,34.68,70.13,2.79,late,loamy,9.44,0
64.09,18.13,77.15,0,initial,clay,0,0
48.55,35.13,73.35,4.22,development,sandy,4.89,0
73.91,28.85,40.75,4.05,initial,clay,11.6,0
62.35,33.65,52.08,2.55,development,sandy,22.45,0
25.85,20.12,63.33,5.06,development,clay,13.33,0
45.19,35.89,81.15,2.49,development,clay,6.08,0
46.86,22.93,47.92,3.97,initial,sandy,7.37,0
87.61,34.64,59.44,4.17,development,clay,31.91,0
35.75,18.61,88.36,0,development,clay,0,0
24.18,24.18,52.93,3.02,initial,sandy,8.74,0
46.62,37.28,57.94,4.07,initial,loamy,5.22,0
29.25,21.49,53.52,0,initial,clay,0,0
73.4,30.84,70.62,5.28,initial,sandy,12.77,0
44.88,37.38,77.3,2.16,development,loamy,17.5,0
48.48,28.27,46.45,2.74,initial,clay,14.49,0
66.05,22.76,77.51,4.46,mid_season,clay,10.07,0
64.53,30.88,73.24,4.44,development,loamy,9.54,0
69.33,18.46,51.05,4.12,late,sandy,9.86,0
40.61,21.88,75.52,4.24,late,loamy,5.08,0
55.5,26.77,61.48,3.43,initial,clay,5.7,0
38.05,34.46,46.42,3.86,late,clay,6.92,0
75.36,20.28,65.68,5.59,development,clay,13.57,0
39.54,25.9,40.13,4.24,development,sandy,17.65,0
54.89,25.04,47.31,4.94,development,clay,9.87,0
52.34,21.26,53.86,4.37,mid_season,loamy,10.28,0
61.28,37.26,88.1,3.6,late,clay,5.59,0
70.55,18.59,56.64,3.99,late,loamy,14.7,0
92.35,19.03,70.31,3.22,initial,clay,13.08,0
64.24,34.9,58.52,0,initial,sandy,0,0
64.34,24.09,47.65,4.6,initial,loamy,16.67,0
35.27,34.62,65.52,3.44,mid_season,loamy,12.23,0
54.13,19.37,80.1,0,development,clay,0,0
46.46,22.73,82.55,3.51,development,clay,1.27,0
73.12,33.73,71.63,0,development,loamy,0,0
42.95,23.8,55.68,3.72,late,sandy,19.14,0
32.32,23.0,64.31,3.66,late,clay,22.78,0
59.17,23.22,81.54,5.41,development,clay,7.31,0
50.96,31.77,76.86,4.05,late,clay,11.68,0
74.73,30.51,77.25,5.19,development,loamy,4.64,0
89.81,21.29,77.19,3.15,development,loamy,1.21,0
40.99,33.92,83.19,0,initial,clay,0,0
50.81,30.09,59.0,2.59,initial,clay,11.28,0
57.54,30.86,78.39,4.13,mid_season,clay,14.96,0
81.99,28.92,84.1,6.32,mid_season,clay,12.6,0
37.28,36.31,70.22,0,late,sandy,0,1
70.46,22.51,49.46,4.21,late,sandy,12.67,0
38.7,27.8,64.85,3.09,initial,clay,4.36,0
49.81,33.65,45.12,3.48,mid_season,clay,19.88,0
27.31,33.9,40.67,3.77,development,sandy,12.47,0
12.19,18.58,82.63,6.2,late,clay,15.93,0
48.18,32.29,69.68,3.2,initial,sandy,14.2,0
55.41,24.19,67.27,5.25,mid_season,sandy,4.58,0
88.84,31.99,45.69,4.09,late,loamy,12.25,0
55.13,25.73,56.11,4.33,mid_season,sandy,9.79,0
44.62,23.81,44.1,3.65,initial,sandy,8.62,0
32.09,32.55,61.87,5.43,mid_season,clay,9.33,0
95,27.26,64.33,0,initial,clay,0,0
39.15,19.32,55.92,6.82,mid_season,loamy,10.93,0
60.01,36.85,62.33,5.29,late,sandy,7.03,0
54.76,29.43,72.19,4.34,development,sandy,6.78,0
42.23,30.37,87.99,0,initial,loamy,0,0
65.44,37.47,83.6,4.4,mid_season,sandy,5.95,0
22.21,30.41,45.53,3.92,mid_season,loamy,12.92,0
37.06,30.09,74.71,6.25,initial,loamy,8.6,0
32.08,27.45,87.05,3.4,initial,clay,14.67,0
35.62,31.79,43.71,0,mid_season,sandy,0,1
60.42,28.6,87.87,0,initial,loamy,0,0
73.98,26.75,84.36,3.39,development,loamy,6.93,0
50.33,24.71,74.84,5.64,development,loamy,6.65,0
61.25,37.91,75.63,4.86,initial,sandy,2.81,0
48.66,23.21,50.91,3.91,late,loamy,9.58,0
61.28,20.23,40.29,5.58,late,sandy,4.45,0
70.24,19.25,76.85,4.1,late,loamy,0.69,0
44.33,18.18,83.45,3.28,mid_season,loamy,10.76,0
55.87,32.95,86.5,3.48,mid_season,loamy,13.18,0
48.55,25.86,63.16,3.85,development,clay,7.52,0
26.52,26.31,66.77,3.47,late,clay,7.64,0
73.24,24.05,79.76,3.5,initial,loamy,5.84,0
49.49,33.31,59.3,3.39,mid_season,loamy,12.44,0
62.02,23.63,88.92,0,late,clay,0,0
67.16,30.53,53.02,3.69,mid_season,sandy,4.52,0
61.53,19.06,50.55,4.05,initial,clay,6.17,0
39.66,20.06,71.27,2.56,development,sandy,15.98,0
69.97,30.76,61.37,0,mid_season,clay,0,0
58.48,20.08,69.93,4.15,development,clay,14.47,0
39.93,21.35,48.7,5.44,initial,sandy,11.63,0
58.37,32.03,89.1,4.47,development,sandy,12.73,0
54.72,23.33,80.18,4.7,development,sandy,9.55,0
54.98,23.57,48.62,2.9,initial,clay,4.64,0
40.09,32.13,43.34,5.41,late,clay,5.58,0
44.42,28.51,76.52,4.69,development,loamy,21.42,0
58.68,34.33,55.55,6.44,late,sandy,4.76,0
37.91,20.29,47.84,1.97,late,loamy,3.75,0
46.23,20.59,68.18,3.79,mid_season,loamy,15.27,0
58.14,34.45,86.06,3.08,initial,sandy,15.3,0
74.47,35.28,51.09,6.91,development,clay,17.55,0
84.93,18.87,69.32,4.91,mid_season,sandy,6.61,0
56.27,26.75,42.33,2.77,mid_season,clay,12.85,0
56.33,34.06,74.98,3.58,late,loamy,3.2,0
60.4,20.84,61.36,0,development,loamy,0,0
47.68,29.03,42.02,3.64,mid_season,loamy,2.69,0
50.38,23.87,71.68,3.62,mid_season,sandy,5.51,0
50.57,25.6,85.93,2.4,initial,loamy,5.83,0
55.45,24.31,88.87,4.67,initial,sandy,11.88,0
63.12,27.29,85.92,4.9,mid_season,loamy,9.59,0
40.81,24.94,89.3,0,late,loamy,0,1
58.33,31.01,47.15,3.34,mid_season,clay,17.43,0
50.19,20.5,52.56,0,development,clay,0,0
53.58,31.28,89.25,2.96,mid_season,loamy,6.91,0
29.0,28.85,68.31,1.71,development,sandy,8.35,0
70.49,25.66,66.45,2.69,initial,sandy,5.89,0
37.87,19.78,60.65,0,initial,clay,0,0
56.1,33.93,50.7,4.61,mid_season,clay,9.22,0
38.73,20.81,47.39,5.09,mid_season,clay,4.85,0
25.6,37.68,68.52,3.62,development,clay,3.31,0
47.53,24.06,42.28,5.38,development,clay,21.71,0
34.83,29.02,89.94,4.69,late,sandy,9.18,0
61.89,21.01,73.1,5.69,development,clay,2.68,0
30.77,36.27,66.71,4.17,late,clay,10.26,0
33.06,23.14,80.4,5.06,development,loamy,12.82,0
49.99,18.11,64.64,3.95,mid_season,loamy,2.95,0
56.49,25.69,67.56,4.61,initial,clay,9.07,0
30.78,36.97,82.58,3.78,development,loamy,15.94,0
45.06,28.17,62.92,3.57,development,clay,4.8,0
36.67,30.18,75.51,4.97,late,loamy,12.69,0
72.86,33.1,81.25,3.22,mid_season,loamy,2.86,0
48.47,30.4,64.46,4.36,late,sandy,3.81,0
51.09,21.05,83.9,4.75,development,sandy,8.13,0
39.15,23.52,67.17,6.26,initial,loamy,4.34,0
52.65,26.6,73.08,6.14,development,clay,5.85,0
82.98,33.67,83.36,5.54,initial,sandy,16.24,0
59.89,26.0,49.64,0,late,sandy,0,1
41.5,34.75,67.08,3.41,mid_season,sandy,0.34,0
41.42,18.31,84.07,4.91,mid_season,loamy,9.89,0
78.45,27.47,80.98,3.31,mid_season,sandy,11.7,0
50.81,36.24,62.21,3.31,late,sandy,10.9,0
27.13,24.7,74.04,3.19,mid_season,sandy,5.87,0
40.03,24.52,54.03,4.2,late,loamy,15.37,0
54.93,32.88,87.37,3.63,initial,loamy,7.11,0
52.64,30.51,58.85,4.5,mid_season,clay,15.02,0
41.31,37.17,60.92,4.19,late,clay,13.5,0
82.54,24.07,66.61,3.57,mid_season,sandy,9.83,0
70.88,22.25,52.0,4.94,mid_season,sandy,5.86,0
81.37,36.34,43.08,6.57,development,clay,14.56,0
44.47,23.07,56.17,4.37,late,clay,10.21,0
41.37,28.41,50.84,1.37,late,loamy,2.06,0
37.1,32.47,86.23,1.76,mid_season,loamy,7.49,0
73.11,34.42,72.5,5.48,mid_season,sandy,2.56,0
65.51,32.01,56.57,2.57,mid_season,clay,2.42,0
38.96,24.37,77.63,0,late,clay,0,1
56.49,29.81,55.19,5.01,mid_season,sandy,6.75,0
42.36,37.52,57.81,4.27,mid_season,sandy,7.41,0
29.81,30.03,60.15,3.45,mid_season,sandy,3.03,0
63.55,18.8,80.19,2.33,late,clay,9.23,0
47.28,26.31,76.0,5.63,development,clay,8.72,0
74.44,36.03,43.14,0,initial,loamy,0,0
69.42,28.0,48.51,5.66,mid_season,clay,15.09,0
47.99,28.91,82.68,6.52,mid_season,sandy,10.26,0
75.56,28.6,65.19,0,initial,loamy,0,0
23.64,31.76,83.23,5.22,development,clay,4.64,0
30.11,22.98,56.88,3.38,development,clay,4.71,0
50.56,37.73,78.96,4.51,mid_season,sandy,4.86,0
34.61,20.61,46.17,5.04,late,loamy,2.95,0
21.79,28.6,88.69,3.55,initial,clay,3.32,0
47.37,37.62,64.78,1.38,mid_season,loamy,14.78,0
56.37,25.44,67.57,5.28,development,loamy,8.29,0
77.37,28.24,49.34,3.93,mid_season,sandy,15.73,0
48.16,22.17,61.92,3.97,initial,clay,7.23,0
43.33,24.26,55.52,4.48,late,clay,9.8,0
66.71,24.13,66.45,3.21,mid_season,sandy,2.15,0
76.01,32.43,51.47,4.52,development,sandy,4.74,0
66.52,33.39,51.21,4.47,development,loamy,1.56,0
58.91,33.48,76.47,3.68,initial,sandy,6.18,0
60.54,23.17,86.82,3.25,late,loamy,11.56,0
21.42,21.09,69.07,3.68,initial,clay,5.62,0
37.09,27.44,49.04,5.25,late,clay,18.37,0
60.92,33.58,74.43,0,development,sandy,0,0
81.48,18.65,42.04,5.45,initial,loamy,7.51,0
55.15,22.58,78.29,4.57,initial,loamy,5.47,0
71.47,23.17,76.21,3.75,late,clay,4.81,0
45.55,26.06,69.34,0,mid_season,clay,0,0
79.62,29.35,54.58,4.99,development,loamy,0.09,0
84.33,29.52,54.54,4.1,development,sandy,1.36,0
74.72,23.16,81.25,2.04,late,loamy,0.59,0
65.7,35.27,78.71,5.42,development,sandy,0.52,0
65.31,24.47,44.56,0,development,clay,0,0
54.63,30.67,82.23,1.76,development,sandy,8.78,0
49.67,35.46,86.82,0,mid_season,loamy,0,1
53.48,33.92,59.21,3.26,development,loamy,5.8,0
52.81,28.92,76.37,4.93,mid_season,loamy,5.71,0
58.4,18.84,60.68,3.42,late,clay,16.34,0
68.84,18.26,87.38,0,late,sandy,0,0
49.33,28.24,48.15,3.56,initial,clay,6.81,0
46.12,18.03,84.35,0,development,sandy,0,0
73.9,34.87,81.72,4.28,mid_season,clay,8.32,0
60.31,28.97,59.5,3.66,mid_season,clay,11.1,0
61.64,35.77,81.12,3.58,initial,clay,11.3,0
58.03,35.41,47.49,1.14,development,loamy,18.51,0
47.13,21.74,50.45,4.65,mid_season,sandy,1.12,0
85.41,33.44,53.9,0,development,loamy,0,0
63.23,28.54,50.9,4.61,late,clay,13.45,0
52.06,26.25,62.94,6.41,development,loamy,7.94,0
69.14,21.07,68.27,3.3,mid_season,loamy,11.94,0
57.18,27.22,60.07,4.78,initial,sandy,4.54,0
73.28,29.72,89.04,3.44,development,clay,0.43,0
39.67,36.91,65.16,5.11,mid_season,sandy,12.57,0
86.09,28.62,84.8,3.74,mid_season,sandy,14.69,0
45.41,24.83,44.07,0,late,sandy,0,1
35.0,18.39,60.14,5.63,late,clay,10.54,0
39.88,31.8,76.17,2.94,development,loamy,18.34,0
57.76,18.04,82.97,3.77,late,clay,8.79,0
36.16,34.93,53.42,3.83,mid_season,loamy,11.01,0
42.7,24.17,69.46,0,development,sandy,0,1
56.29,19.49,83.24,5.74,initial,sandy,3.03,0
58.08,31.0,81.82,3.76,mid_season,loamy,16.09,0
67.09,25.16,89.75,3.8,development,sandy,7.83,0
49.27,25.46,71.94,0,development,loamy,0,1
55.58,22.59,68.08,5.75,development,loamy,15.91,0
60.96,35.9,59.92,7.07,development,clay,14.69,0
67.46,19.46,61.54,3.21,development,clay,20.55,0
20.44,32.3,88.26,3.39,mid_season,loamy,0.84,0
70.1,25.59,56.04,2.54,late,clay,13.13,0
80.4,19.29,86.48,4.82,late,loamy,2.23,0
47.06,35.0,60.98,5.09,mid_season,clay,5.37,0
39.42,35.71,59.27,4.25,development,clay,28.65,0
30.04,36.84,84.5,2.25,development,sandy,11.91,0
74.29,22.84,89.46,1.83,initial,loamy,9.59,0
72.44,22.58,50.35,6.16,development,loamy,24.87,0
74.44,33.91,46.33,4.08,initial,loamy,5.49,0
10.19,22.43,55.67,0,initial,loamy,0,0
70.39,34.13,89.91,5.13,development,clay,18.32,0
74.82,37.09,45.63,4.85,late,sandy,13.36,0
56.23,29.46,64.59,4.68,mid_season,clay,7.36,0
49.66,36.99,49.2,3.95,mid_season,sandy,10.2,0
57.69,18.26,76.18,1.31,initial,loamy,11.37,0
73.9,20.45,41.66,4.86,development,loamy,9.06,0
48.48,26.06,73.15,3.78,development,clay,8.85,0
51.01,18.9,51.78,5.14,development,loamy,6.32,0
63.23,26.22,78.92,4.86,initial,loamy,8.32,0
55.78,30.42,80.93,4.56,late,loamy,4.93,0
62.51,23.39,85.41,6.66,initial,sandy,3.53,0
82.94,29.34,74.47,4.34,late,loamy,14.86,0
42.52,30.94,77.1,5.54,initial,loamy,5.4,0
72.88,33.12,61.23,0,mid_season,loamy,0,0
67.46,34.94,58.75,0,initial,sandy,0,0
19.74,24.4,46.76,3.29,mid_season,loamy,14.36,0
46.14,22.52,44.32,0,initial,sandy,0,0
60.3,21.34,78.61,3.83,mid_season,sandy,16.38,0
75.19,27.42,86.71,5.15,late,clay,11.25,0
74.23,34.22,82.25,4.49,late,clay,6.79,0
39.12,34.09,49.49,5.53,mid_season,clay,14.62,0
63.84,30.84,78.59,3.95,mid_season,loamy,26.35,0
73.44,37.77,76.48,0,initial,clay,0,0
37.54,26.39,53.45,3.18,late,loamy,24.72,0
77.73,37.91,62.6,0.9,development,clay,2.88,0
58.27,30.53,89.19,0,development,loamy,0,0
89.84,30.58,49.35,4.17,late,loamy,5.67,0
92.12,34.63,87.11,0,late,loamy,0,0
30.76,35.57,50.61,5.44,late,sandy,6.18,0
75.07,26.45,66.56,0,development,loamy,0,0
30.71,29.45,53.65,3.36,mid_season,sandy,19.75,0
82.7,33.24,43.79,3.66,initial,loamy,11.35,0
37.94,37.02,56.23,0,late,clay,0,1
35.68,34.09,72.77,4.93,late,clay,16.46,0
60.4,18.93,65.77,4.44,mid_season,loamy,17.05,0
60.8,24.85,79.7,2.84,development,sandy,0.19,0
70.29,21.27,52.63,4.75,initial,loamy,1.55,0
52.42,24.96,75.94,0.83,mid_season,clay,17.93,0
54.82,18.94,66.88,3.28,development,loamy,8.51,0
73.28,26.02,50.51,4.54,development,clay,12.99,0
40.76,23.36,67.14,4.91,initial,clay,8.65,0
46.6,27.85,48.27,4.09,development,sandy,10.74,0
47.24,20.45,43.79,0,initial,clay,0,0
78.55,20.77,41.18,2.82,initial,loamy,5.24,0
52.79,30.21,70.93,3.32,development,loamy,7.51,0
26.97,20.8,41.75,0,development,loamy,0,1
31.55,20.74,63.36,4.68,mid_season,loamy,0.84,0
27.78,24.02,57.45,4.21,late,clay,6.7,0
37.49,27.43,69.2,4.31,mid_season,loamy,7.02,0
41.7,31.97,67.71,4.17,mid_season,loamy,5.46,0
33.04,27.68,61.78,0,development,loamy,0,1
58.09,21.72,78.45,0,initial,loamy,0,0
53.24,27.68,53.83,4.27,late,loamy,8.55,0
59.79,27.95,44.08,5.11,late,clay,8.33,0
56.08,33.06,71.07,4.28,development,loamy,12.12,0
74.21,26.22,75.36,3.42,initial,sandy,2.98,0
63.77,23.64,74.69,3.82,late,clay,16.88,0
40.01,18.99,84.95,4.14,development,sandy,10.21,0
46.88,31.53,64.04,6.05,development,loamy,6.93,0
53.69,35.01,46.17,5.34,development,sandy,14.42,0
36.29,23.44,88.08,4.67,late,clay,9.25,0
56.77,18.89,48.21,2.84,initial,clay,13.84,0
68.88,31.75,62.83,3.41,development,loamy,3.5,0
45.66,22.61,83.11,4.22,initial,clay,7.95,0
58.14,19.31,67.24,5.53,initial,loamy,4.94,0
67.85,34.7,61.99,3.0,initial,sandy,6.85,0
23.53,18.23,85.47,0,mid_season,sandy,0,1
63.01,30.38,50.5,5.45,development,sandy,3.42,0
68.9,18.74,85.4,5.26,development,sandy,11.49,0
76.57,18.83,42.55,0,late,sandy,0,0
77.92,23.88,43.35,2.75,late,sandy,0.85,0
95,31.19,75.36,1.88,initial,loamy,5.2,0
82.56,34.15,68.9,3.36,initial,sandy,3.64,0
50.04,34.12,49.4,4.42,development,sandy,9.98,0
60.92,21.7,61.04,5.34,development,clay,5.05,0
55.98,37.99,73.36,4.18,mid_season,sandy,14.7,0
47.68,32.66,57.34,0,initial,clay,0,0
43.61,30.23,52.37,5.3,mid_season,loamy,7.4,0
19.88,37.69,51.86,4.12,development,clay,13.72,0
84.01,18.88,68.35,3.18,initial,loamy,3.02,0
52.59,20.0,40.74,2.59,late,clay,10.85,0
26.96,28.93,73.43,3.09,late,sandy,15.59,0
94.05,24.13,67.82,2.89,late,clay,17.28,0
50.53,31.97,59.93,4.63,late,clay,10.54,0
63.48,34.77,66.66,4.84,initial,loamy,4.32,0
43.91,34.5,87.08,0,initial,loamy,0,0
28.66,23.32,65.11,1.89,development,clay,11.41,0
45.25,21.67,54.87,3.21,initial,loamy,5.78,0
39.9,18.54,64.75,2.67,mid_season,loamy,15.6,0
68.36,31.99,68.24,3.35,mid_season,clay,13.6,0
68.83,19.36,85.52,4.01,mid_season,loamy,15.9,0
53.04,30.13,83.83,2.56,development,clay,8.05,0
70.04,36.96,53.86,4.17,development,sandy,5.39,0
73.95,26.23,43.21,3.6,mid_season,sandy,14.19,0
35.23,31.82,65.11,2.78,mid_season,clay,11.03,0
66.92,28.93,52.83,0,initial,loamy,0,0
46.27,25.77,85.39,4.18,initial,loamy,8.27,0
64.65,28.07,49.81,0,late,sandy,0,0
88.63,26.07,46.4,4.81,late,loamy,7.18,0
50.75,36.3,59.99,3.83,late,loamy,14.06,0
70.93,19.47,69.26,4.68,initial,loamy,6.37,0
39.29,23.39,89.37,3.23,late,sandy,0.11,0
22.41,19.93,72.93,4.89,initial,sandy,0.33,0
39.12,25.75,51.31,3.3,mid_season,sandy,10.66,0
46.66,22.63,74.41,4.13,mid_season,sandy,16.03,0
69.97,27.6,42.95,2.77,initial,loamy,4.63,0
41.97,23.75,59.85,2.36,mid_season,loamy,9.18,0
71.67,35.61,55.28,4.76,development,clay,10.35,0
60.99,25.24,75.84,3.51,mid_season,sandy,0.96,0
27.53,37.03,62.27,4.75,initial,clay,4.12,0
62.08,20.23,83.95,4.63,development,loamy,11.22,0
53.71,28.28,85.11,4.39,late,clay,20.04,0
74.83,22.49,74.86,3.27,late,clay,1.47,0
34.41,21.58,81.12,4.15,initial,clay,4.87,0
60.93,26.74,63.78,0,development,sandy,0,0
57.64,21.27,84.61,2.49,development,clay,5.97,0
49.64,20.81,74.22,2.79,mid_season,clay,9.82,0
54.69,32.91,87.23,3.08,mid_season,loamy,5.98,0
50.52,23.12,88.26,3.02,development,clay,1.86,0
89.87,27.27,89.55,5.27,mid_season,clay,3.48,0
50.35,30.94,54.19,3.19,late,sandy,3.74,0
50.37,32.34,43.09,4.88,mid_season,sandy,18.66,0
61.4,33.89,45.83,0,development,sandy,0,0
71.42,25.63,57.92,0,late,loamy,0,0
46.74,29.86,76.06,6.31,initial,clay,2.59,0
46.73,35.26,47.5,0,late,sandy,0,1
38.3,23.45,54.2,5.73,initial,sandy,3.61,0
58.78,37.9,79.57,4.6,mid_season,sandy,14.79,0
47.12,36.62,89.37,2.07,mid_season,loamy,5.67,0
42.37,36.45,68.59,2.93,initial,sandy,7.8,0
71.65,20.98,70.43,3.32,late,clay,10.37,0
64.48,31.98,81.8,3.5,initial,sandy,14.17,0
64.94,31.73,42.65,3.56,development,loamy,7.39,0
66.48,18.09,79.84,0,initial,loamy,0,0
56.52,22.86,59.72,0,mid_season,clay,0,0
45.77,34.46,52.75,5.51,late,sandy,3.93,0
80.17,20.34,64.82,0,initial,clay,0,0
69.59,37.11,58.31,4.07,initial,sandy,9.87,0
41.18,32.33,70.56,3.38,late,clay,13.04,0
21.74,19.2,44.4,2.61,late,sandy,8.29,0
47.51,25.62,73.95,2.46,late,clay,8.81,0
32.01,36.52,77.61,1.92,mid_season,sandy,7.88,0
56.74,23.4,55.63,3.41,development,loamy,15.32,0
47.5,23.61,48.13,2.66,mid_season,loamy,10.23,0
52.79,21.36,65.7,2.99,initial,clay,12.0,0
55.71,23.34,52.4,0,development,loamy,0,0
26.48,28.95,84.47,4.22,initial,clay,16.3,0
77.96,25.13,82.14,2.77,mid_season,clay,20.16,0
40.76,27.31,83.96,1.71,development,loamy,12.58,0
66.05,24.33,89.13,0,initial,loamy,0,0
76.09,34.23,72.56,3.77,development,clay,24.02,0
34.67,26.42,53.17,3.08,mid_season,clay,24.01,0
27.02,35.62,89.53,4.72,initial,sandy,6.21,0
70.07,33.25,45.51,6.88,late,sandy,2.89,0
60.12,30.44,61.16,4.55,mid_season,sandy,13.37,0
71.05,26.5,79.61,2.39,development,sandy,12.16,0
50.81,24.27,47.0,4.02,development,sandy,1.05,0
42.02,32.94,46.18,4.82,initial,loamy,2.88,0
95,18.07,52.03,5.67,late,loamy,1.84,0
65.63,29.77,40.77,4.74,initial,clay,1.48,0
63.14,30.37,51.59,5.2,development,loamy,14.4,0
30.97,29.97,61.6,4.05,mid_season,sandy,7.18,0
44.25,29.88,47.68,4.54,mid_season,clay,19.85,0
94.44,23.19,78.94,3.46,initial,clay,3.7,0
51.11,19.95,64.72,5.37,development,loamy,3.01,0
43.98,20.94,66.87,5.36,initial,loamy,0.51,0
39.69,33.7,66.04,2.49,late,clay,8.65,0
86.17,29.63,47.82,3.49,mid_season,sandy,7.19,0
49.8,28.7,79.85,3.47,initial,sandy,16.98,0
55.26,34.26,64.95,2.16,development,sandy,9.87,0
82.35,19.11,48.79,1.94,mid_season,loamy,2.63,0
61.48,29.16,75.81,4.6,mid_season,clay,1.33,0
68.38,37.55,47.63,4.66,development,loamy,6.43,0
51.57,35.8,44.62,5.11,development,loamy,9.59,0
69.47,25.88,71.45,4.88,mid_season,clay,6.15,0
70.2,21.03,79.36,0,initial,sandy,0,0
49.57,18.64,86.54,0,initial,clay,0,0
77.39,22.16,71.54,4.29,late,sandy,2.61,0
50.95,37.65,64.62,4.17,mid_season,loamy,12.52,0
39.88,24.76,49.3,4.96,late,loamy,14.92,0
41.2,37.62,70.29,5.46,late,clay,5.47,0
25.13,31.2,61.55,2.78,late,clay,17.04,0
47.32,34.2,86.18,4.05,mid_season,loamy,5.66,0
52.17,35.15,71.01,3.04,development,clay,10.09,0
62.4,29.84,49.39,4.92,mid_season,sandy,12.35,0
32.41,31.07,63.76,2.42,late,clay,7.33,0
55.25,21.95,84.32,6.29,late,sandy,7.07,0
59.29,31.55,62.82,4.03,late,clay,3.72,0
48.67,23.8,40.81,3.82,late,clay,8.77,0
39.12,22.41,57.94,4.01,mid_season,loamy,10.22,0
73.59,35.59,77.97,4.7,initial,sandy,1.51,0
48.45,24.87,50.39,4.17,development,loamy,2.67,0
48.47,36.33,41.29,3.27,initial,clay,7.35,0
47.45,23.05,42.68,0,late,loamy,0,1
37.93,31.92,77.73,4.04,mid_season,sandy,0.78,0
88.86,22.26,67.41,4.47,development,clay,14.75,0
62.02,35.84,58.04,4.32,late,clay,1.07,0
36.86,33.35,65.69,0,mid_season,clay,0,1
31.66,20.9,55.1,4.01,development,clay,8.82,0
85.34,27.02,50.9,4.63,mid_season,sandy,13.56,0
73.13,27.86,45.16,5.32,initial,loamy,0.48,0
73.92,21.42,68.3,3.17,mid_season,sandy,4.14,0
58.75,27.96,75.49,3.69,initial,loamy,9.89,0
60.78,29.88,45.01,6.18,mid_season,clay,4.98,0
47.17,34.72,62.62,4.85,development,loamy,4.21,0
29.45,26.03,60.45,4.07,development,clay,11.17,0
69.73,31.03,45.66,0,development,sandy,0,0
54.36,32.48,81.44,4.88,development,loamy,0.92,0
40.96,29.24,64.31,0,development,loamy,0,1
5,18.22,78.61,3.1,late,sandy,10.71,0
61.88,26.98,53.66,3.2,development,loamy,0.58,0
33.44,33.09,40.85,3.29,late,sandy,2.86,0
43.14,21.37,61.23,0,development,loamy,0,1
56.15,23.05,75.79,0,initial,loamy,0,0
50.73,18.98,46.92,0,initial,clay,0,0
59.62,32.3,74.35,3.39,late,clay,1.71,0
72.91,29.3,85.73,4.63,initial,sandy,6.07,0
78.37,35.18,78.62,0,late,loamy,0,0
68.63,34.46,71.11,3.06,late,sandy,6.2,0
29.63,37.7,69.72,3.26,development,clay,17.57,0
64.95,33.73,68.46,4.01,mid_season,loamy,3.93,0
70.31,31.44,82.52,5.33,development,clay,14.24,0
61.81,34.06,50.65,3.11,development,sandy,6.35,0
62.84,33.89,85.72,0,initial,sandy,0,0
19.25,24.78,70.83,2.75,mid_season,clay,16.11,0
47.18,33.97,49.95,4.45,mid_season,loamy,21.46,0
21.96,35.24,45.36,0,initial,sandy,0,1
60.26,19.46,50.45,3.24,development,loamy,14.21,0
50.6,36.08,76.58,3.58,development,loamy,12.98,0
20.44,27.16,58.34,5.1,development,loamy,23.07,0
49.06,28.66,59.4,5.46,development,loamy,7.48,0
69.42,35.59,60.31,4.53,late,loamy,11.27,0
20.78,36.0,62.02,6.78,development,clay,4.94,0
67.59,33.49,66.71,3.26,development,sandy,9.75,0
25.75,36.47,81.28,3.05,initial,clay,14.52,0
42.85,24.95,53.05,5.35,development,sandy,14.44,0
44.31,23.62,68.77,5.82,late,loamy,6.38,0
57.4,25.72,68.89,4.26,initial,clay,1.56,0
50.45,25.75,46.97,4.41,mid_season,loamy,12.56,0
50.5,28.56,82.68,3.57,initial,loamy,4.91,0
83.99,34.0,60.59,4.47,development,clay,4.98,0
67.1,23.91,69.77,5.62,mid_season,loamy,13.65,0
56.85,32.29,84.82,0,mid_season,clay,0,0
27.97,25.91,45.15,5.97,mid_season,clay,27.0,0
75.58,26.7,52.78,1.87,development,sandy,22.23,0
89.66,34.21,48.26,0,development,clay,0,0
35.17,31.34,81.13,3.73,late,sandy,11.9,0
55.98,33.57,58.25,4.32,development,sandy,15.56,0
18.54,24.16,70.63,5.47,initial,sandy,2.29,0
79.7,29.8,82.06,3.46,initial,clay,9.66,0
48.04,18.66,53.9,4.18,late,sandy,17.83,0
61.36,28.49,48.25,3.29,development,clay,5.04,0
92.41,25.81,74.64,4.76,mid_season,loamy,16.47,0
51.0,33.43,47.65,3.54,development,clay,6.33,0
66.21,35.78,43.86,0,initial,loamy,0,0
40.98,31.2,69.04,4.72,initial,loamy,10.54,0
38.61,22.15,56.0,0,late,loamy,0,1
37.81,31.17,89.8,5.68,late,clay,14.16,0
36.71,36.17,51.96,4.23,initial,sandy,1.4,0
76.33,33.34,86.79,0,mid_season,loamy,0,0
37.95,27.9,67.99,0,initial,sandy,0,0
51.36,37.49,83.71,2.72,late,clay,12.95,0
55.03,22.98,66.42,0,initial,loamy,0,0
31.99,24.05,66.55,2.91,mid_season,clay,8.32,0
77.34,26.33,82.19,0,development,clay,0,0
38.45,34.48,55.46,2.34,mid_season,loamy,8.32,0
91.22,26.25,76.79,2.61,development,clay,2.05,0
42.11,37.46,40.92,5.13,development,clay,10.4,0
78.22,23.98,40.08,3.09,late,loamy,2.24,0
49.9,37.33,61.84,4.29,late,sandy,1.04,0
59.5,25.96,66.83,2.13,mid_season,loamy,14.66,0
62.11,35.21,45.75,2.59,mid_season,sandy,1.17,0
51.72,30.63,40.77,3.97,late,clay,3.41,0
87.11,26.25,49.65,0,initial,loamy,0,0
42.64,21.36,54.18,5.88,late,clay,6.36,0
16.36,23.21,41.55,6.21,mid_season,loamy,19.34,0
40.14,20.55,80.27,3.06,mid_season,sandy,5.88,0
59.89,33.08,84.99,0,initial,clay,0,0
62.59,24.13,55.35,2.65,mid_season,sandy,15.9,0
50.98,19.15,86.05,0,late,clay,0,0
76.22,18.63,69.3,5.81,development,clay,5.25,0
52.74,37.58,42.83,2.42,development,clay,2.88,0
95,34.43,67.94,3.39,development,clay,4.64,0
17.29,36.67,58.51,5.69,mid_season,loamy,8.18,0
46.97,19.29,86.34,4.57,initial,clay,0.52,0
79.6,22.85,49.56,0,development,loamy,0,0
69.14,35.26,88.14,3.94,mid_season,sandy,1.61,0
33.59,28.8,75.26,2.89,development,sandy,10.57,0
70.41,19.65,84.13,0,initial,loamy,0,0
34.25,33.26,62.46,5.82,initial,clay,9.49,0
29.23,33.81,77.73,4.05,development,sandy,20.79,0
71.09,37.24,45.55,3.57,late,loamy,2.59,0
40.18,36.19,89.67,5.33,late,clay,19.42,0
60.33,34.54,79.11,0,mid_season,clay,0,0
22.7,29.66,75.67,5.73,late,sandy,18.53,0
60.21,30.89,75.46,0,development,clay,0,0
76.29,31.75,55.72,3.32,mid_season,clay,5.1,0
59.8,18.9,79.51,4.53,initial,clay,9.1,0
66.65,19.84,57.07,0,development,clay,0,0
50.64,20.25,74.3,3.39,initial,sandy,15.18,0
54.05,33.14,83.36,4.26,development,loamy,1.5,0
44.66,37.35,48.91,3.1,development,clay,3.57,0
11.71,30.56,73.52,3.44,late,loamy,11.48,0
66.91,23.75,69.41,3.25,development,sandy,0.98,0
84.18,28.01,41.3,3.87,development,sandy,9.76,0
55.92,22.45,58.05,3.52,initial,loamy,11.78,0
47.36,35.21,83.46,4.43,development,sandy,2.68,0
32.3,19.18,46.68,5.23,late,loamy,1.22,0
47.32,29.4,87.56,3.41,mid_season,loamy,8.78,0
75.67,37.92,47.79,4.12,late,clay,12.24,0
70.6,23.67,63.44,5.98,mid_season,clay,2.76,0
41.87,19.1,42.3,2.51,mid_season,loamy,10.94,0
65.79,21.66,63.48,4.49,development,clay,5.45,0
50.35,27.56,52.23,3.21,late,sandy,0.87,0
65.78,28.84,48.41,2.59,late,sandy,7.74,0
34.83,36.36,73.48,3.6,mid_season,clay,20.48,0
72.33,33.56,50.92,3.82,development,clay,10.47,0
75.65,18.07,61.92,4.53,mid_season,loamy,12.31,0
49.22,32.32,73.05,4.22,initial,loamy,4.23,0
39.95,31.04,85.52,6.77,late,loamy,8.89,0
32.14,33.32,61.03,3.32,initial,sandy,1.54,0
33.93,20.4,65.56,4.09,late,clay,10.26,0
69.83,34.98,44.01,5.38,development,loamy,14.0,0
71.34,29.38,72.08,0,late,sandy,0,0
55.89,32.36,81.61,3.45,initial,loamy,12.04,0
86.13,35.62,84.0,3.59,development,loamy,11.58,0
60.6,30.24,64.95,3.35,initial,clay,14.53,0
54.66,24.55,46.19,0,initial,loamy,0,0
38.38,30.84,71.81,4.07,late,loamy,8.5,0
83.01,20.82,49.93,2.76,mid_season,clay,14.13,0
52.41,36.59,52.39,1.77,development,clay,7.71,0
59.39,36.18,74.86,6.35,development,sandy,4.68,0
45.11,37.14,83.09,3.42,development,loamy,8.08,0
79.74,36.99,73.28,4.38,initial,loamy,4.7,0
79.55,26.17,46.35,4.69,development,sandy,3.9,0
8.33,21.83,49.14,0,mid_season,loamy,0,1
45.36,31.3,51.74,0,initial,loamy,0,0
46.6,20.81,54.19,3.44,development,loamy,8.23,0
62.03,36.17,80.31,6.93,late,clay,6.03,0
61.67,30.98,43.38,2.33,late,sandy,5.58,0
61.95,30.35,43.04,4.57,initial,clay,9.34,0
67.63,23.28,78.8,4.15,late,clay,7.42,0
45.9,35.48,76.95,4.03,development,clay,15.97,0
78.25,30.47,81.15,5.49,initial,clay,6.93,0
49.78,18.69,77.58,4.44,mid_season,clay,12.25,0
79.9,20.36,59.08,4.46,late,loamy,4.29,0
20.47,31.4,75.49,0,initial,sandy,0,0
47.65,37.16,57.83,3.44,mid_season,loamy,3.63,0
27.45,34.99,46.31,5.97,mid_season,loamy,2.53,0
48.61,37.79,44.62,3.05,late,sandy,4.75,0
89.85,33.24,87.66,0,late,loamy,0,0
65.72,27.2,78.4,4.43,initial,sandy,7.72,0
67.2,24.9,67.78,2.63,mid_season,sandy,11.98,0
67.93,27.95,43.57,2.13,mid_season,clay,10.18,0
88.82,19.91,43.57,3.79,mid_season,loamy,1.38,0
70.61,33.23,52.41,3.67,development,sandy,3.95,0
57.62,31.38,62.73,0,development,clay,0,0
73.52,23.38,53.8,4.47,late,loamy,5.91,0
47.98,34.78,64.36,4.21,development,clay,7.22,0
86.07,21.38,60.12,6.81,late,clay,14.2,0
78.26,19.7,84.78,2.47,late,clay,3.14,0
63.06,21.91,78.15,5.64,initial,loamy,3.57,0
69.58,20.24,78.17,2.3,mid_season,sandy,2.3,0
41.82,27.67,64.03,3.77,development,clay,8.8,0
40.02,23.26,77.53,3.32,mid_season,loamy,16.03,0
72.32,29.22,85.42,3.98,development,sandy,5.82,0
71.67,22.5,79.39,3.97,development,clay,19.59,0
64.43,23.85,64.57,4.14,development,sandy,5.93,0
53.98,36.25,61.38,0,late,clay,0,0
95,20.79,68.64,4.22,initial,loamy,7.25,0
41.52,36.48,77.31,0,late,loamy,0,1
69.43,31.54,76.03,2.08,initial,clay,12.47,0
95,22.59,47.2,4.4,mid_season,loamy,4.7,0
86.58,31.47,65.59,2.97,development,clay,16.7,0
50.32,20.06,59.55,4.07,development,loamy,14.73,0
47.72,29.66,68.59,2.98,mid_season,loamy,0.42,0
44.84,33.32,85.54,3.35,late,sandy,4.47,0
71.33,32.92,52.6,4.01,mid_season,sandy,7.84,0
46.21,28.92,40.06,5.39,mid_season,sandy,11.96,0
39.68,35.67,66.96,5.06,late,sandy,3.28,0
54.1,26.96,86.08,2.04,mid_season,clay,7.19,0
64.67,32.69,58.57,3.59,development,loamy,4.99,0
55.27,32.58,54.7,3.5,initial,loamy,2.97,0
46.72,18.66,50.13,2.78,initial,clay,1.48,0
32.55,26.89,70.7,2.38,initial,loamy,8.62,0
51.84,32.32,67.25,0,development,loamy,0,1
66.17,32.57,60.84,4.79,late,loamy,13.8,0
74.87,25.22,83.93,6.43,late,loamy,9.45,0
46.1,24.14,61.99,4.5,initial,clay,8.68,0
52.05,23.33,78.54,5.06,late,clay,1.41,0
69.74,19.09,83.34,2.58,late,loamy,7.92,0
78.69,21.48,47.39,2.78,mid_season,sandy,6.08,0
54.59,31.31,50.86,2.9,mid_season,loamy,0.53,0
27.76,22.21,88.45,2.99,late,sandy,8.1,0
51.42,33.71,53.09,3.64,development,clay,4.6,0
50.76,19.11,43.11,3.93,development,sandy,4.27,0
77.55,30.66,40.78,3.33,mid_season,clay,9.06,0
56.31,35.31,57.46,3.56,late,sandy,4.03,0
31.75,25.51,49.05,2.36,mid_season,sandy,6.52,0
40.84,33.02,80.35,2.72,initial,clay,7.23,0
61.64,26.07,70.32,3.1,development,loamy,7.02,0
64.05,34.1,57.08,5.58,late,sandy,4.35,0
41.09,34.19,65.42,0,initial,clay,0,0
41.16,23.26,84.43,4.18,mid_season,clay,15.79,0
32.47,21.15,57.54,5.54,late,clay,9.33,0
48.32,30.42,57.43,0,initial,clay,0,0
27.33,35.02,88.21,3.82,late,loamy,7.88,0
52.26,21.85,88.81,3.44,development,sandy,10.75,0
52.02,21.12,77.51,3.76,mid_season,clay,8.44,0
54.77,24.3,71.87,4.96,mid_season,clay,13.85,0
65.97,23.36,66.49,2.38,mid_season,sandy,3.85,0
95,20.09,56.9,3.19,development,loamy,5.07,0
76.09,22.11,59.93,4.52,mid_season,loamy,7.02,0
34.21,33.22,50.95,5.77,late,loamy,11.82,0
75.7,18.58,72.38,3.79,initial,sandy,5.84,0
34.64,22.33,87.54,3.6,initial,sandy,13.56,0
45.7,24.06,50.83,6.92,initial,sandy,15.24,0
52.5,18.0,41.83,4.17,late,sandy,4.65,0
47.24,27.25,68.44,3.83,development,clay,5.55,0
55.85,29.79,70.62,3.38,initial,loamy,7.66,0
39.22,19.05,73.15,3.2,initial,sandy,9.49,0
71.94,36.28,75.49,3.37,initial,loamy,4.91,0
33.04,31.58,58.98,1.96,development,sandy,15.38,0
57.47,19.17,48.92,3.75,late,loamy,1.94,0
50.99,26.25,53.97,2.88,mid_season,sandy,3.13,0
86.65,18.34,71.62,4.22,mid_season,loamy,16.04,0
46.79,29.89,84.98,5.45,initial,sandy,3.22,0
62.44,27.7,69.43,4.49,development,sandy,0.18,0
93.19,21.82,46.87,4.69,development,clay,8.65,0
95,36.38,75.72,4.81,initial,loamy,10.82,0
18.58,25.92,51.71,5.1,mid_season,sandy,1.57,0
7.52,21.71,56.3,3.7,mid_season,clay,15.66,0
17.84,32.73,76.67,6.02,mid_season,sandy,3.39,0
61.59,23.33,73.15,3.49,late,sandy,10.49,0
93.71,35.36,51.23,2.49,mid_season,sandy,12.11,0
25.59,24.07,75.71,1.54,development,sandy,6.07,0
65.95,19.46,44.57,0,initial,loamy,0,0
77.09,35.53,46.03,3.75,late,sandy,4.24,0
52.04,37.16,40.75,3.95,mid_season,loamy,9.74,0
39.46,19.59,85.09,3.08,mid_season,loamy,9.63,0
56.26,19.11,65.51,4.2,late,sandy,12.31,0
72.84,25.31,66.28,5.72,late,clay,10.94,0
71.82,19.35,80.79,2.71,late,loamy,1.03,0
49.53,33.35,89.68,6.42,development,loamy,2.75,0
58.98,24.68,87.63,4.53,mid_season,loamy,10.04,0
58.55,27.72,84.63,3.67,development,sandy,2.88,0
48.61,35.44,54.63,0,initial,clay,0,0
30.36,23.49,43.24,4.41,development,sandy,12.91,0
77.85,28.43,70.11,3.66,initial,sandy,6.92,0
49.63,32.88,69.34,4.64,mid_season,loamy,5.14,0
76.26,29.95,72.15,3.56,mid_season,sandy,5.53,0
31.0,37.29,79.5,4.15,late,clay,17.13,0
66.1,34.82,78.45,5.1,mid_season,clay,13.07,0
69.65,21.57,88.51,0,development,sandy,0,0
45.49,35.64,41.59,4.88,initial,sandy,3.28,0
51.25,21.0,40.85,4.01,mid_season,loamy,16.08,0
79.82,30.14,58.67,3.13,development,loamy,8.42,0
46.04,31.85,79.61,4.2,initial,loamy,12.19,0
42.0,19.41,70.84,2.98,mid_season,loamy,14.56,0
48.77,21.3,64.22,3.19,late,sandy,19.55,0
66.14,27.02,50.72,4.11,initial,loamy,14.26,0
74.0,24.59,71.75,4.08,development,clay,20.89,0
37.1,22.72,45.0,4.03,late,loamy,9.02,0
57.67,21.87,48.05,3.77,mid_season,sandy,8.23,0
52.14,20.1,67.85,0,late,sandy,0,1
32.48,19.1,54.02,4.2,development,clay,3.37,0
28.24,19.02,79.66,3.28,initial,clay,8.06,0
54.32,18.82,59.25,6.05,late,clay,6.04,0
52.42,21.57,61.0,0,late,sandy,0,1
39.49,21.55,87.7,2.57,development,loamy,0.0,0
29.83,22.51,79.53,3.76,late,sandy,8.29,0
52.6,20.4,66.14,0,late,loamy,0,0
76.41,29.58,87.1,5.62,development,sandy,7.44,0
47.86,36.1,87.28,0,initial,loamy,0,0
64.82,20.57,84.7,5.33,late,clay,6.63,0
48.61,34.37,53.1,2.19,development,clay,10.15,0
61.83,23.79,50.1,0,initial,loamy,0,0
72.95,29.95,55.73,3.19,development,sandy,5.24,0
70.58,30.62,60.89,1.63,late,loamy,11.93,0
36.94,29.63,54.7,4.31,development,loamy,12.84,0
51.33,32.51,44.79,3.94,mid_season,clay,13.53,0
22.64,19.21,83.5,4.6,development,sandy,6.7,0
30.78,23.35,48.0,0,late,sandy,0,1
73.62,33.11,89.7,5.08,initial,loamy,4.58,0
61.04,27.73,62.13,4.09,mid_season,clay,13.08,0
47.2,29.87,71.6,0,initial,loamy,0,0
63.86,33.72,47.22,4.81,late,loamy,14.26,0
38.21,25.18,70.45,5.54,mid_season,clay,15.19,0
52.16,25.71,57.96,3.64,late,loamy,9.62,0
61.08,22.87,81.69,4.46,late,sandy,7.5,0
61.1,34.22,83.22,4.8,late,loamy,2.53,0
40.35,33.58,61.31,4.32,development,clay,5.53,0
52.7,35.53,45.97,4.52,late,sandy,3.71,0
35.38,23.36,87.24,5.27,initial,clay,7.02,0
34.41,22.67,71.17,4.28,late,clay,11.86,0
56.07,26.5,48.92,3.78,late,clay,10.83,0
82.4,26.08,71.12,5.1,late,clay,9.67,0
60.51,33.16,59.13,3.15,development,sandy,5.83,0
65.79,29.75,43.6,4.11,initial,clay,8.35,0
27.43,36.56,60.67,5.38,development,loamy,18.99,0
67.76,19.17,67.0,0,initial,clay,0,0
70.71,37.49,88.87,5.34,development,sandy,8.3,0
38.39,20.27,48.6,2.75,initial,clay,7.52,0
75.85,36.43,47.11,3.12,initial,clay,5.52,0
67.98,37.83,77.24,2.88,development,sandy,7.81,0
59.29,31.54,67.77,6.22,development,loamy,25.94,0
71.45,34.05,68.64,5.61,development,sandy,9.03,0
39.73,27.42,58.63,5.79,late,loamy,12.9,0
19.16,29.21,78.39,4.33,development,clay,14.8,0
35.89,23.34,48.93,0,initial,loamy,0,0
85.07,29.76,77.64,5.34,late,clay,5.52,0
78.98,24.08,78.05,0,initial,loamy,0,0
50.12,31.79,67.98,4.25,late,clay,14.98,0
79.18,32.53,54.38,4.01,mid_season,loamy,5.98,0
37.72,34.14,60.67,0,initial,loamy,0,0
95,36.04,73.36,5.22,development,loamy,14.2,0
48.32,27.84,59.93,0,initial,sandy,0,0
46.87,35.96,82.6,6.43,mid_season,loamy,17.03,0
75.94,20.67,71.97,0,development,clay,0,0
22.26,25.72,76.14,4.14,mid_season,sandy,6.64,0
72.61,27.94,69.6,3.58,initial,sandy,0.95,0
74.78,25.58,45.52,0,development,loamy,0,0
49.34,28.57,63.57,3.15,development,sandy,9.54,0
95,28.28,69.18,3.52,initial,sandy,2.93,0
59.88,23.18,44.72,5.26,late,clay,14.44,0
73.98,27.63,69.2,5.23,initial,loamy,5.51,0
63.62,19.25,66.85,4.49,mid_season,loamy,10.45,0
81.35,28.22,48.62,4.5,initial,sandy,3.58,0
62.26,32.68,69.88,4.18,late,clay,14.5,0
65.47,20.35,85.31,3.67,late,sandy,13.28,0
48.42,34.51,60.85,4.64,initial,sandy,5.25,0
39.27,31.64,63.59,0,initial,clay,0,0
79.72,24.61,52.43,3.17,development,clay,9.71,0
43.65,37.62,55.91,3.16,late,sandy,7.9,0
49.35,18.63,42.62,0,mid_season,clay,0,0
18.69,34.6,83.31,0,initial,loamy,0,0
44.55,30.36,85.4,3.44,mid_season,sandy,25.73,0
52.53,34.73,72.3,3.57,mid_season,sandy,13.95,0
40.84,35.74,82.39,0,development,sandy,0,1
41.48,25.82,61.99,3.77,initial,clay,4.66,0
66.91,22.17,42.88,0,mid_season,clay,0,0
46.06,33.15,69.05,3.26,development,clay,3.51,0
68.85,19.89,81.31,5.98,mid_season,clay,12.21,0
26.31,19.12,87.53,4.66,development,clay,14.76,0
43.33,26.14,67.13,2.76,late,sandy,8.44,0
66.81,22.16,69.13,4.78,late,clay,27.88,0
33.51,37.37,41.23,4.15,late,loamy,15.36,0
42.51,34.02,55.67,0,initial,sandy,0,0
58.39,35.8,73.93,5.08,development,loamy,9.03,0
95,24.45,56.85,3.15,development,sandy,5.1,0
67.05,32.66,61.41,5.09,mid_season,loamy,15.87,0
60.07,21.41,73.93,3.33,development,loamy,2.7,0
65.89,36.1,57.14,3.7,development,clay,11.36,0
36.06,19.47,59.25,0,initial,loamy,0,0
44.02,24.02,52.12,4.31,development,loamy,3.68,0
53.58,19.15,73.89,0,late,loamy,0,0
80.95,21.83,44.92,4.73,development,clay,10.77,0
60.47,37.24,80.62,3.14,development,sandy,2.1,0
45.55,34.35,56.24,4.91,late,sandy,17.06,0
64.31,19.0,44.69,4.18,initial,clay,26.24,0
32.45,19.35,67.49,0,initial,sandy,0,0
46.09,26.61,61.28,3.11,late,clay,11.7,0
65.57,24.13,60.02,4.09,late,loamy,8.42,0
45.37,20.82,51.31,3.59,late,clay,28.1,0
65.5,18.63,51.64,3.07,initial,loamy,1.79,0
61.74,31.99,86.39,3.77,initial,clay,7.52,0
58.98,36.72,42.64,4.29,initial,loamy,16.05,0
42.32,28.91,71.52,4.87,late,loamy,3.99,0
69.47,37.57,72.26,4.49,mid_season,sandy,0.79,0
20.48,35.35,75.72,4.93,development,sandy,12.28,0
5,28.53,75.6,2.62,late,clay,9.18,0
48.62,21.81,50.35,4.62,development,loamy,10.6,0
38.3,28.8,49.32,4.5,late,sandy,6.34,0
36.49,25.6,63.62,0,development,sandy,0,1
38.53,22.32,71.77,3.55,initial,clay,3.25,0
32.03,27.63,61.28,4.88,development,clay,6.85,0
64.99,35.72,52.38,3.74,mid_season,sandy,2.57,0
30.36,23.25,66.45,0,initial,loamy,0,0
66.86,22.33,74.62,2.17,mid_season,clay,12.87,0
51.5,18.43,58.91,4.09,initial,clay,1.83,0
47.6,31.8,47.94,4.06,initial,loamy,8.92,0
68.55,22.3,65.97,0,late,clay,0,0
17.85,29.84,61.55,0,initial,clay,0,0
38.65,21.18,80.25,4.79,late,loamy,6.24,0
72.09,28.13,71.63,3.5,mid_season,loamy,10.29,0
58.14,21.08,51.23,2.54,mid_season,clay,10.55,0
75.35,31.05,74.89,2.7,development,loamy,0.01,0
16.09,23.38,50.71,0,development,loamy,0,1
33.96,29.78,74.06,2.73,late,clay,21.42,0
61.27,27.47,74.25,4.28,late,clay,15.35,0
61.81,22.63,70.1,2.33,mid_season,loamy,12.98,0
60.79,18.03,40.71,0,initial,loamy,0,0
21.25,33.52,62.06,2.77,initial,sandy,11.48,0
66.3,35.86,88.61,4.58,late,sandy,13.47,0
70.12,31.78,72.66,5.65,late,clay,8.21,0
55.65,28.6,49.92,6.4,late,loamy,10.69,0
74.07,29.93,65.59,4.39,mid_season,clay,7.84,0
59.98,26.26,77.72,5.06,mid_season,sandy,8.86,0
73.39,34.46,85.3,3.13,late,clay,5.13,0
46.78,34.56,73.85,2.24,development,loamy,10.21,0
59.79,21.82,88.03,0,development,clay,0,0
70.04,20.77,49.31,4.55,development,clay,23.63,0
66.31,18.87,82.84,4.99,development,sandy,4.59,0
15.49,24.08,74.0,0.93,mid_season,loamy,10.35,0
31.93,35.46,84.28,4.55,development,clay,9.2,0
52.36,31.72,54.6,0,initial,sandy,0,0
66.3,35.89,69.86,2.74,development,clay,13.16,0
6.47,30.98,50.03,3.08,mid_season,sandy,17.94,0
64.17,24.98,86.69,3.52,initial,clay,3.89,0
47.49,34.92,78.41,5.44,development,sandy,15.68,0
48.68,31.61,54.15,4.87,late,clay,5.25,0
40.17,37.23,86.86,5.69,late,sandy,14.2,0
88.2,32.49,49.65,2.85,development,loamy,8.06,0
56.75,37.27,52.25,5.4,late,clay,8.26,0
29.15,36.28,64.65,0,late,sandy,0,1
49.92,19.51,66.54,0,late,loamy,0,1
49.55,19.09,45.22,2.16,late,loamy,12.79,0
66.73,27.76,67.61,0,initial,loamy,0,0
67.25,24.57,86.11,0,development,sandy,0,0
34.4,20.79,71.26,3.91,initial,loamy,9.04,0
82.77,19.29,51.96,2.9,late,clay,12.01,0
60.66,33.94,60.04,3.84,development,clay,12.76,0
66.26,21.71,64.2,3.55,initial,loamy,5.45,0
62.6,36.72,82.71,0,initial,sandy,0,0
46.3,27.59,83.2,3.92,initial,clay,8.13,0
34.43,32.07,44.11,4.87,mid_season,clay,9.98,0
95,26.5,41.29,2.86,late,clay,4.22,0
76.37,27.05,58.19,4.17,late,loamy,10.09,0
7.98,37.61,68.72,2.7,initial,clay,3.6,0
27.63,27.87,84.57,5.42,late,sandy,6.57,0
59.46,29.62,87.2,0,initial,loamy,0,0
35.48,26.27,77.35,2.28,mid_season,clay,17.89,0
59.48,23.01,86.08,3.2,development,clay,6.62,0
77.89,19.06,41.81,3.33,mid_season,sandy,4.93,0
47.59,35.89,63.78,3.65,mid_season,clay,7.44,0
68.57,35.75,51.93,3.29,late,sandy,14.09,0
50.23,26.56,53.06,4.15,mid_season,loamy,15.99,0
54.28,18.9,89.63,2.79,development,clay,11.23,0
58.15,28.49,69.66,4.05,development,clay,5.08,0
60.48,20.28,59.03,5.43,late,clay,17.56,0
51.67,19.93,79.96,0,initial,sandy,0,0
45.67,29.43,56.15,5.14,late,sandy,3.27,0
95,21.23,72.49,0,initial,loamy,0,0
46.86,19.37,41.19,0,initial,clay,0,0
73.58,18.0,59.8,4.03,initial,clay,9.88,0
48.34,20.11,79.28,4.04,mid_season,sandy,2.44,0
42.69,32.71,83.9,3.07,initial,sandy,13.14,0
52.32,26.97,49.82,4.74,development,clay,0.3,0
72.34,23.95,61.42,0,initial,loamy,0,0
63.32,23.94,56.76,4.4,late,loamy,9.13,0
66.87,20.73,53.41,2.9,late,loamy,10.67,0
27.85,30.07,52.28,2.17,mid_season,loamy,7.55,0
43.47,28.24,70.25,1.38,late,loamy,8.71,0
42.12,37.86,53.07,4.28,development,loamy,12.38,0
43.05,27.99,50.98,4.36,mid_season,sandy,4.97,0
39.62,24.69,89.88,4.66,development,loamy,5.88,0
44.89,25.8,53.15,2.12,initial,loamy,19.2,0
94.84,22.22,60.99,5.4,initial,clay,6.01,0
33.91,23.62,81.21,5.82,mid_season,sandy,20.72,0
29.09,23.33,42.37,2.54,mid_season,sandy,0.5,0
46.91,29.62,75.44,5.29,mid_season,loamy,8.47,0
44.68,28.01,40.93,4.25,late,clay,3.52,0
80.77,35.56,49.04,4.3,mid_season,loamy,21.04,0
25.7,26.98,41.19,2.74,initial,sandy,8.4,0
68.3,27.52,72.87,3.86,development,loamy,4.78,0
57.98,37.63,52.51,4.19,late,sandy,7.04,0
26.62,33.96,87.92,1.29,initial,sandy,1.16,0
50.86,37.86,52.05,2.87,mid_season,sandy,9.17,0
58.81,34.34,81.61,0,development,loamy,0,0
57.65,33.66,80.56,2.86,late,clay,25.64,0
52.43,25.84,79.66,5.78,development,loamy,0.67,0
31.08,21.37,53.29,4.24,initial,loamy,4.56,0
39.48,32.39,80.23,4.91,mid_season,loamy,5.74,0
71.83,31.01,46.89,3.18,mid_season,sandy,15.98,0
53.83,36.78,85.55,5.75,late,sandy,13.82,0
28.56,22.73,41.83,0,mid_season,clay,0,1
34.85,29.85,42.4,0,initial,clay,0,0
51.16,34.79,89.06,5.31,late,sandy,4.89,0
68.46,22.14,71.12,3.34,initial,sandy,6.63,0
57.36,24.31,61.01,4.26,late,sandy,2.19,0
69.63,26.05,76.57,4.08,initial,clay,2.41,0
57.16,33.13,65.97,2.73,late,sandy,10.66,0
60.25,25.78,79.37,5.24,development,clay,2.88,0
33.15,28.85,48.55,4.0,mid_season,clay,26.17,0
34.24,33.08,85.52,4.25,development,sandy,11.87,0
64.08,20.6,60.73,3.36,initial,sandy,2.6,0
36.35,30.37,70.13,3.59,development,loamy,4.14,0
58.0,31.37,61.25,4.56,initial,clay,7.68,0
65.43,18.97,85.84,0,initial,sandy,0,0
68.47,19.76,73.77,1.42,development,loamy,12.3,0
25.7,35.38,63.1,3.4,development,sandy,20.68,0
30.51,22.49,44.19,3.46,late,sandy,16.65,0
49.18,29.67,88.59,0,initial,clay,0,0
37.81,30.21,65.34,3.54,mid_season,clay,17.24,0
64.52,25.99,62.42,5.11,development,clay,12.83,0
53.62,36.37,74.02,0,initial,loamy,0,0
47.56,29.36,70.37,4.12,initial,clay,14.68,0
34.17,25.91,72.15,1.87,late,sandy,2.21,0
73.41,33.77,57.22,3.48,development,sandy,2.7,0
39.12,19.68,52.27,4.35,late,loamy,5.09,0
31.34,27.37,69.43,4.32,late,loamy,2.47,0
56.31,19.63,83.07,3.88,mid_season,sandy,13.43,0
83.81,21.16,89.22,3.08,late,clay,5.67,0
25.34,29.72,83.9,4.58,mid_season,clay,8.39,0
13.17,18.43,87.01,3.06,initial,clay,8.38,0
47.7,23.06,42.34,4.11,late,sandy,0.53,0
25.46,36.25,72.65,4.59,late,loamy,8.16,0
23.06,36.88,48.2,3.61,development,sandy,4.19,0
47.43,20.12,67.01,3.4,late,sandy,11.16,0
16.01,30.77,48.68,0,initial,sandy,0,0
16.3,19.45,67.9,5.89,development,loamy,0.65,0
37.28,29.36,67.78,5.67,late,clay,19.0,0
56.6,18.51,46.22,3.14,mid_season,clay,10.48,0
71.06,24.31,65.03,3.58,initial,clay,1.5,0
72.24,32.94,59.15,0,initial,clay,0,0
70.16,25.92,61.67,4.37,mid_season,loamy,2.41,0
65.53,34.94,73.14,2.85,initial,sandy,12.96,0
78.27,28.01,70.07,0,initial,clay,0,0
70.45,19.64,50.6,0,development,clay,0,0
39.21,24.17,52.23,5.34,mid_season,loamy,20.43,0
46.07,36.79,71.54,4.8,initial,sandy,1.7,0
81.25,20.36,41.08,3.33,mid_season,sandy,6.72,0
58.97,33.25,59.32,4.77,development,clay,13.71,0
62.69,31.55,75.34,4.64,mid_season,clay,16.7,0
48.57,22.32,53.6,1.92,mid_season,clay,12.46,0
48.92,21.49,70.51,0,development,clay,0,0
72.58,19.09,76.1,2.7,late,sandy,16.83,0
58.99,34.08,62.56,0,late,clay,0,0
36.33,28.82,49.87,3.0,mid_season,clay,3.7,0
55.15,26.91,53.16,0,initial,loamy,0,0
60.44,25.51,73.98,2.81,development,clay,12.52,0
86.12,18.76,82.63,3.69,initial,sandy,2.73,0
59.96,19.11,62.74,4.86,mid_season,sandy,4.58,0
11.85,34.65,61.08,5.38,mid_season,clay,3.12,0
46.56,36.4,48.05,1.75,development,clay,13.88,0
85.15,18.65,74.17,2.55,late,loamy,0.31,0
74.37,27.37,58.65,5.22,development,loamy,4.37,0
61.63,34.2,80.54,5.96,development,clay,8.95,0
83.37,24.49,69.58,5.39,mid_season,clay,2.72,0
78.88,27.84,56.05,5.62,development,clay,2.37,0
45.82,24.48,40.4,4.03,development,clay,17.41,0
53.2,24.02,77.35,0,initial,sandy,0,0
61.82,20.15,53.0,3.92,mid_season,loamy,14.89,0
87.03,34.8,74.03,5.59,development,sandy,17.62,0
50.93,37.84,78.96,0,initial,sandy,0,0
77.75,19.24,47.71,2.76,late,loamy,5.7,0
56.21,31.61,65.57,3.69,late,sandy,2.83,0
58.69,23.24,87.93,4.58,initial,sandy,2.25,0
51.45,22.74,79.89,3.99,mid_season,sandy,9.4,0
48.93,19.99,74.08,4.01,initial,sandy,8.74,0
92.84,20.5,88.75,4.81,late,sandy,7.13,0
67.11,21.16,83.32,5.18,mid_season,clay,7.92,0
10.59,33.06,72.78,3.61,mid_season,loamy,19.38,0
40.02,35.78,84.1,3.78,initial,loamy,1.51,0
79.3,25.88,48.91,5.38,mid_season,clay,8.81,0
84.59,22.63,55.34,0,initial,clay,0,0
36.17,29.32,41.72,2.74,late,clay,5.53,0
53.84,24.78,72.19,1.86,late,loamy,5.63,0
10.47,28.46,51.72,0,mid_season,sandy,0,1
25.47,20.0,45.88,0,development,loamy,0,1
60.41,20.37,51.18,4.95,late,clay,19.0,0
40.92,32.92,73.9,2.88,mid_season,loamy,11.26,0
37.32,37.51,69.85,0,initial,loamy,0,0
66.24,27.74,58.79,5.08,mid_season,loamy,7.96,0
62.76,35.55,73.83,4.0,initial,clay,6.25,0
77.37,29.93,80.8,4.19,late,clay,17.08,0
74.75,23.93,88.62,4.5,late,sandy,12.46,0
63.02,22.67,54.04,1.82,initial,clay,12.8,0
41.37,32.82,64.12,3.74,mid_season,sandy,3.32,0
51.5,27.25,40.04,0,late,sandy,0,1
56.66,35.42,50.38,3.61,late,sandy,1.61,0
64.87,18.06,54.36,3.7,late,loamy,7.93,0
49.28,30.38,83.46,4.11,initial,clay,4.06,0
74.15,35.52,78.53,3.46,mid_season,loamy,10.87,0
49.01,31.19,63.46,4.02,initial,sandy,0.4,0
86.7,30.34,47.94,4.99,late,sandy,3.76,0
35.4,35.01,68.85,4.34,late,sandy,22.52,0
70.99,37.82,42.51,4.73,late,clay,24.1,0
5,18.91,89.42,3.5,mid_season,sandy,4.57,0
54.02,31.64,42.38,4.4,initial,sandy,17.64,0
38.88,27.88,71.07,3.11,development,loamy,1.29,0
45.49,33.83,53.71,2.83,development,clay,9.53,0
77.31,21.07,74.55,4.4,mid_season,clay,13.15,0
62.18,25.58,47.0,4.41,development,loamy,4.93,0
26.04,36.56,51.03,2.9,initial,clay,0.75,0
75.5,21.95,41.1,3.89,development,clay,6.46,0
57.75,37.84,72.5,3.01,initial,sandy,0.39,0
50.25,23.96,46.43,4.3,late,loamy,2.62,0
19.79,34.23,65.16,3.43,development,loamy,4.92,0
53.15,26.89,89.01,2.9,mid_season,loamy,13.86,0
74.9,30.84,83.4,3.71,development,loamy,1.54,0
73.95,36.05,47.92,3.16,development,clay,2.43,0
61.08,28.02,47.9,2.33,development,loamy,11.39,0
60.68,25.13,70.31,2.85,development,sandy,1.26,0
25.85,25.46,87.31,0,initial,loamy,0,0
53.89,34.54,52.26,3.36,mid_season,loamy,10.79,0
54.99,36.36,65.26,0,late,loamy,0,0
27.28,24.82,81.49,3.1,late,sandy,4.02,0
82.54,27.06,75.96,4.99,late,clay,3.96,0
51.91,18.27,63.5,0,initial,loamy,0,0
17.99,31.63,64.03,3.51,initial,sandy,7.95,0
52.58,37.36,56.99,4.13,development,sandy,5.17,0
57.3,33.96,87.84,3.06,development,loamy,7.28,0
26.23,18.36,43.48,3.71,late,loamy,3.81,0
44.35,29.53,70.61,0,initial,clay,0,0
68.17,35.51,89.87,2.09,initial,clay,8.66,0
28.3,30.34,46.93,2.73,initial,clay,0.4,0
44.0,31.2,81.72,3.1,development,sandy,12.59,0
41.76,30.14,46.24,3.74,mid_season,clay,4.78,0
63.89,37.26,80.24,4.43,mid_season,clay,11.88,0
55.88,27.85,60.34,3.05,development,loamy,4.68,0
65.4,36.86,57.91,4.03,late,loamy,3.27,0
50.09,31.35,88.19,0,development,loamy,0,1
53.91,25.16,77.23,3.94,development,sandy,5.47,0
40.04,20.82,49.71,4.29,initial,sandy,13.37,0
71.57,19.99,75.2,4.37,mid_season,loamy,0.05,0
65.51,36.77,68.92,4.57,mid_season,loamy,6.43,0
60.08,26.69,75.58,4.33,initial,sandy,3.45,0
51.79,21.21,86.06,0,late,clay,0,0
47.1,37.57,44.38,4.73,mid_season,loamy,9.4,0
42.95,37.27,43.06,1.17,development,sandy,3.68,0
75.44,19.99,44.67,4.4,development,loamy,0.06,0
63.83,25.32,44.01,3.02,late,sandy,4.12,0
57.74,34.61,55.44,3.5,initial,sandy,14.27,0
31.05,28.41,55.84,5.26,mid_season,loamy,10.61,0
51.16,22.78,82.38,5.27,initial,clay,2.39,0
31.17,35.49,77.25,4.9,mid_season,loamy,4.21,0
41.71,31.35,86.47,4.59,late,loamy,3.91,0
45.38,32.05,64.52,4.13,late,sandy,6.61,0
20.97,18.88,72.23,4.36,development,clay,7.47,0
53.06,24.07,64.75,2.18,late,clay,6.2,0
33.13,29.93,67.19,0,mid_season,sandy,0,1
75.25,24.92,52.58,0,development,sandy,0,0
73.57,21.05,61.82,3.43,mid_season,clay,0.38,0
76.64,18.62,54.51,2.01,late,loamy,7.27,0
72.88,23.03,70.02,3.81,late,sandy,10.63,0
21.18,37.87,56.89,4.15,mid_season,clay,14.16,0
51.58,34.47,59.69,3.67,mid_season,loamy,8.84,0
29.31,19.71,64.02,2.39,late,loamy,5.16,0
26.4,21.49,54.36,3.57,mid_season,clay,10.41,0
32.48,35.52,89.14,7.45,initial,clay,18.72,0
53.42,22.2,59.66,4.66,late,loamy,15.91,0
49.78,31.68,83.82,4.71,mid_season,loamy,9.53,0
91.76,21.22,47.77,3.15,development,sandy,11.1,0
56.69,30.09,49.16,0,mid_season,sandy,0,1
41.58,26.77,68.38,2.78,initial,loamy,2.2,0
73.64,28.94,55.96,4.92,mid_season,sandy,7.2,0
53.44,18.18,74.89,3.44,late,sandy,7.23,0
26.63,34.22,68.01,0,initial,sandy,0,0
66.36,18.17,80.86,5.39,development,sandy,2.25,0
41.45,25.7,43.58,4.9,late,clay,9.83,0
39.35,35.31,42.95,5.09,initial,clay,3.92,0
49.88,18.64,52.02,1.96,mid_season,clay,9.87,0
33.61,20.24,54.06,3.06,development,clay,8.94,0
26.79,21.42,82.69,1.98,late,clay,11.34,0
63.68,35.16,76.08,1.58,late,sandy,13.68,0
88.66,32.58,76.5,3.07,late,loamy,10.0,0
74.69,22.05,65.76,3.31,late,loamy,7.77,0
91.8,33.81,56.3,4.11,late,loamy,4.09,0
36.61,21.52,53.54,0,initial,sandy,0,0
62.69,18.34,70.13,4.71,initial,loamy,0.03,0
17.31,19.16,73.95,3.18,mid_season,clay,17.05,0
54.73,26.86,49.26,3.51,development,sandy,1.97,0
79.88,27.12,66.59,0,late,clay,0,0
57.39,36.1,75.76,4.55,development,sandy,3.75,0
77.27,25.32,43.18,4.82,late,clay,16.09,0
70.51,28.6,89.08,4.81,mid_season,clay,14.01,0
89.44,18.44,76.85,2.78,initial,clay,3.33,0
40.99,22.12,60.33,6.0,mid_season,loamy,10.96,0
36.62,36.93,61.76,4.23,late,clay,8.44,0
43.36,20.95,64.39,5.28,late,clay,2.69,0
75.1,34.02,48.31,0,late,sandy,0,0
59.36,23.79,54.85,4.25,initial,loamy,11.83,0
72.06,35.29,57.87,3.89,development,clay,12.3,0
32.17,36.06,66.35,4.61,initial,loamy,15.7,0
57.73,23.38,70.59,4.29,mid_season,clay,17.92,0
91.59,27.6,45.51,1.51,mid_season,clay,5.25,0
61.18,24.03,66.47,3.79,late,sandy,2.53,0
61.45,19.87,85.19,4.25,late,sandy,14.51,0
55.61,24.38,78.15,3.44,initial,loamy,7.8,0
68.69,24.87,59.96,3.89,development,sandy,8.03,0
49.42,34.53,59.46,3.47,late,sandy,8.8,0
39.11,22.81,62.99,4.96,initial,loamy,10.11,0
46.4,37.07,86.82,6.81,development,loamy,1.4,0
22.76,28.63,63.12,2.52,late,loamy,13.0,0
34.05,23.61,81.92,3.89,late,loamy,21.09,0
55.43,32.71,70.28,5.09,mid_season,loamy,8.21,0
62.2,28.2,58.4,2.55,initial,loamy,11.53,0
42.86,30.56,44.69,5.67,mid_season,clay,13.63,0
42.01,26.44,78.23,3.75,late,loamy,12.39,0
40.19,33.56,88.79,4.04,development,loamy,2.0,0
25.02,30.13,86.69,3.17,late,sandy,23.14,0
68.56,23.73,43.65,3.67,late,clay,9.17,0
36.4,34.66,53.98,0,development,loamy,0,1
71.54,23.03,63.38,4.52,mid_season,clay,9.76,0
22.0,32.97,44.13,0,initial,loamy,0,0
44.03,24.73,78.84,1.52,initial,clay,1.29,0
58.1,22.29,42.31,2.53,late,clay,11.92,0
67.85,33.03,58.04,2.38,development,clay,6.1,0
32.05,25.95,51.52,5.26,initial,sandy,6.53,0
68.61,25.08,58.9,0,development,sandy,0,0
35.84,24.96,65.69,5.22,development,loamy,5.34,0
47.21,35.92,51.01,4.93,mid_season,sandy,16.46,0
48.74,32.11,51.04,0,mid_season,loamy,0,1
41.72,24.33,74.34,0,initial,loamy,0,0
57.12,22.23,75.01,5.39,late,clay,10.02,0
57.82,23.83,62.02,0,initial,loamy,0,0
36.35,26.68,78.67,3.54,mid_season,loamy,4.24,0
61.07,36.97,41.55,0,mid_season,sandy,0,0
78.07,22.8,76.69,4.02,late,clay,10.82,0
73.18,25.68,49.41,4.63,development,clay,4.48,0
35.75,20.28,75.1,0,initial,loamy,0,0
72.75,25.89,69.61,2.73,mid_season,clay,5.21,0
57.75,25.41,88.04,4.51,late,sandy,6.47,0
63.65,33.37,79.38,2.84,development,sandy,9.04,0
49.61,31.68,89.78,3.34,development,loamy,14.02,0
59.93,22.86,51.87,1.84,late,clay,7.79,0
69.16,21.22,79.79,3.04,development,loamy,13.49,0
38.96,35.79,76.15,1.55,initial,loamy,12.71,0
52.03,28.25,49.45,4.01,late,sandy,11.41,0
52.17,31.01,88.75,2.99,mid_season,sandy,10.49,0
20.85,26.01,83.88,0,initial,clay,0,0
47.01,32.01,60.96,2.92,development,clay,8.13,0
60.92,18.67,87.41,4.64,mid_season,clay,11.9,0
45.58,30.19,82.93,1.7,development,sandy,3.7,0
43.21,23.49,40.74,5.02,late,clay,16.15,0
65.99,18.49,76.52,0,development,loamy,0,0
72.3,36.78,47.96,4.2,mid_season,loamy,11.21,0
64.26,19.9,55.61,3.17,development,loamy,1.21,0
24.12,19.4,61.24,4.53,initial,clay,6.83,0
40.2,24.16,57.56,5.74,late,sandy,12.37,0
44.96,28.03,49.04,0.61,mid_season,loamy,5.65,0
55.85,24.82,79.27,4.05,development,clay,16.67,0
62.14,19.96,85.93,3.16,late,loamy,10.72,0
31.05,37.07,61.34,2.81,mid_season,loamy,19.18,0
28.22,26.23,44.93,4.28,mid_season,loamy,6.65,0
23.45,18.92,46.44,2.77,development,clay,2.65,0
70.83,25.17,76.92,2.39,mid_season,clay,17.3,0
48.09,35.53,83.52,4.34,initial,clay,9.51,0
82.08,35.37,53.57,4.15,initial,loamy,10.64,0
39.55,26.79,82.99,5.75,mid_season,loamy,10.59,0
40.89,30.1,43.74,2.1,development,loamy,14.15,0
87.28,34.76,64.79,5.53,initial,clay,10.42,0
49.23,37.78,81.02,2.81,late,clay,4.42,0
56.52,20.69,42.32,6.24,mid_season,loamy,14.24,0
51.58,37.61,75.6,5.03,late,loamy,5.87,0
24.2,34.63,42.01,4.45,late,loamy,12.2,0
40.74,28.16,42.45,4.28,late,loamy,4.87,0
81.89,25.84,48.08,3.61,development,sandy,11.49,0
47.89,33.64,44.92,2.62,mid_season,clay,4.46,0
67.2,29.5,59.61,3.89,development,loamy,0.19,0
80.28,18.83,44.81,0,initial,clay,0,0
58.73,31.11,67.97,5.62,development,sandy,1.05,0
49.9,23.09,57.78,0,initial,clay,0,0
92.98,36.63,70.83,3.63,mid_season,clay,9.28,0
68.7,23.15,40.56,5.51,development,sandy,7.08,0
75.47,18.43,89.01,4.2,mid_season,sandy,17.49,0
74.74,36.77,89.44,4.65,initial,sandy,2.87,0
78.83,35.4,45.64,4.46,late,loamy,2.42,0
27.77,29.09,56.01,4.21,late,loamy,8.77,0
56.68,25.74,78.55,4.99,mid_season,clay,13.73,0
44.56,30.81,83.09,4.25,mid_season,loamy,16.71,0
75.16,33.46,76.01,5.38,late,sandy,0.91,0
24.45,27.44,80.28,4.06,development,clay,6.1,0
54.12,32.89,56.82,2.15,initial,clay,17.02,0
45.61,30.88,65.25,2.73,mid_season,sandy,5.11,0
45.85,20.07,40.08,2.68,mid_season,clay,6.65,0
55.8,18.34,55.03,4.3,development,clay,17.35,0
63.79,25.01,62.79,4.83,mid_season,clay,17.38,0
76.29,19.53,63.46,3.14,initial,clay,10.88,0
64.88,31.78,88.25,3.45,late,loamy,12.84,0
26.99,29.51,69.47,0,initial,sandy,0,0
56.14,33.29,74.26,2.08,initial,loamy,5.46,0
24.7,36.17,53.33,3.06,late,sandy,11.43,0
64.54,35.47,64.1,4.51,late,clay,15.27,0
63.33,24.26,43.52,3.56,initial,loamy,7.78,0
46.31,20.16,72.9,4.77,mid_season,clay,2.88,0
71.86,29.69,65.28,0,mid_season,sandy,0,0
58.51,35.7,61.54,3.94,mid_season,clay,2.87,0
41.05,37.25,57.02,2.46,late,sandy,1.53,0
42.69,28.68,42.15,3.26,mid_season,loamy,11.64,0
71.37,32.93,43.17,3.1,mid_season,sandy,4.82,0
61.67,32.4,81.17,3.2,late,loamy,15.45,0
95,32.0,48.93,3.15,initial,clay,1.17,0
26.76,25.9,53.36,4.63,initial,sandy,5.98,0
39.71,29.65,82.47,0,late,loamy,0,1
36.14,27.38,40.75,4.31,development,loamy,5.43,0
87.82,19.23,49.05,3.28,initial,sandy,18.73,0
35.15,36.41,87.84,3.29,development,sandy,7.24,0
80.46,36.2,57.08,3.15,initial,sandy,5.87,0
95,19.3,73.75,3.74,late,sandy,14.73,0
5,22.18,85.51,2.93,mid_season,sandy,3.59,0
19.76,22.79,88.73,2.86,initial,loamy,5.11,0
62.98,35.78,49.23,3.41,initial,loamy,2.38,0
49.61,30.05,63.88,5.34,development,loamy,2.92,0
48.13,18.81,71.16,3.98,initial,loamy,10.41,0
61.19,36.21,65.33,5.18,initial,loamy,4.77,0
59.93,35.51,46.89,0,initial,sandy,0,1
20.07,33.83,73.23,4.14,late,loamy,6.18,0
34.95,24.29,43.73,2.64,initial,loamy,8.31,0
76.55,27.86,83.11,3.44,initial,clay,13.39,0
59.84,37.21,88.23,0,development,sandy,0,1
46.43,33.82,48.26,4.97,development,loamy,4.63,0
40.67,32.05,42.88,2.23,late,loamy,5.13,0
56.46,24.52,54.68,0,development,loamy,0,0
53.72,18.63,68.15,2.38,mid_season,clay,13.46,0
54.46,25.17,55.41,2.09,development,clay,1.13,0
36.6,24.16,81.43,4.78,initial,loamy,4.37,0
60.38,29.6,42.3,4.6,mid_season,sandy,4.8,0
33.85,32.18,64.82,4.78,development,clay,6.79,0
36.4,19.35,84.27,4.47,development,loamy,11.9,0
44.89,19.26,89.06,5.65,mid_season,loamy,3.58,0
64.9,20.68,87.26,3.85,late,clay,2.3,0
41.92,24.95,61.06,3.94,late,loamy,20.87,0
62.99,33.33,89.3,3.23,development,sandy,11.71,0
46.94,22.92,54.12,0,initial,clay,0,0
61.18,29.65,88.66,4.59,initial,sandy,2.32,0
71.64,25.68,80.65,0,initial,sandy,0,0
77.87,24.78,62.99,4.33,initial,loamy,4.73,0
35.41,36.52,83.17,5.49,mid_season,loamy,1.54,0
25.43,18.04,70.19,1.56,development,clay,4.6,0
26.81,18.67,82.95,3.96,initial,loamy,5.49,0
35.04,33.49,71.31,3.77,development,clay,4.96,0
88.28,24.61,46.63,3.85,late,clay,16.97,0
20.98,33.12,41.13,2.78,development,sandy,15.69,0
36.39,30.05,84.5,4.7,development,sandy,10.87,0
62.08,20.45,77.98,4.34,late,clay,10.43,0
50.17,36.08,86.73,4.1,mid_season,loamy,11.44,0
72.26,25.01,81.94,0,initial,clay,0,0
50.29,34.78,54.77,5.47,initial,loamy,8.95,0
41.51,22.87,55.55,0,development,sandy,0,1
49.36,18.93,43.59,2.26,late,sandy,5.1,0
79.69,18.43,40.58,3.67,development,clay,13.04,0
54.62,25.5,42.78,0,initial,loamy,0,0
59.38,37.21,81.73,2.23,development,clay,3.78,0
77.06,30.85,44.85,4.72,late,loamy,0.41,0
56.37,29.18,65.92,0,initial,clay,0,0
39.32,25.0,42.02,3.66,initial,sandy,5.5,0
57.68,22.69,42.39,4.62,initial,loamy,11.35,0
53.67,24.02,83.04,3.14,late,loamy,3.44,0
39.2,18.64,47.21,2.35,mid_season,loamy,13.6,0
74.42,33.1,59.14,6.1,mid_season,clay,8.34,0
60.29,19.16,53.0,4.4,initial,loamy,2.85,0
45.96,24.33,62.85,4.55,late,sandy,11.02,0
37.37,26.94,73.02,0,initial,sandy,0,0
18.32,21.52,89.96,4.38,development,sandy,20.81,0
29.6,37.52,74.67,0,late,loamy,0,1
77.9,21.5,69.18,2.9,late,sandy,11.07,0
74.59,22.92,62.81,4.04,late,sandy,4.97,0
45.73,32.44,45.96,6.01,development,sandy,18.92,0
25.81,26.21,49.01,4.54,late,loamy,11.76,0
54.0,37.97,76.61,0,development,sandy,0,1
54.3,33.34,76.22,1.29,development,sandy,8.48,0
67.74,34.85,59.47,4.78,development,sandy,0.42,0
59.11,30.73,75.23,2.9,late,sandy,3.74,0
95,35.45,63.59,3.27,mid_season,clay,11.25,0
39.28,19.69,87.21,0,late,loamy,0,1
57.78,18.8,65.34,3.39,late,clay,4.37,0
51.76,23.79,76.16,2.83,late,loamy,2.66,0
38.47,33.35,87.13,0,initial,clay,0,0
64.0,34.07,76.63,1.57,initial,sandy,8.49,0
76.18,32.58,55.97,4.09,development,sandy,7.35,0
78.15,32.93,72.93,3.92,mid_season,sandy,12.81,0
92.39,27.84,77.27,4.58,initial,sandy,12.87,0
68.93,35.86,41.22,2.97,late,sandy,0.02,0
65.49,24.1,80.88,0,development,sandy,0,0
66.44,35.14,74.64,3.66,late,clay,9.66,0
57.81,20.89,78.64,4.14,initial,loamy,3.84,0
41.13,26.44,72.93,4.56,development,loamy,1.08,0
57.65,30.75,85.48,3.99,development,clay,8.46,0
33.34,18.37,44.25,0,development,sandy,0,1
57.09,27.91,41.52,5.82,mid_season,clay,10.42,0
49.34,34.43,88.53,0,initial,sandy,0,0
66.68,30.69,58.64,2.82,initial,loamy,3.45,0
79.07,18.08,43.94,6.39,development,loamy,17.46,0
51.81,18.52,74.05,0,initial,loamy,0,0
74.45,29.9,77.14,4.57,initial,sandy,1.66,0
37.03,19.45,44.48,3.83,initial,clay,8.54,0
67.11,33.42,78.36,2.02,mid_season,sandy,0.86,0
70.69,30.98,53.77,4.65,development,clay,18.03,0
95,18.26,56.13,4.51,late,sandy,4.42,0
34.21,35.72,63.73,4.13,development,loamy,14.0,0
25.7,36.96,64.14,5.6,late,clay,17.72,0
57.36,32.65,47.24,3.95,development,clay,15.04,0
64.78,35.15,49.58,5.28,development,sandy,10.94,0
95,32.62,44.44,3.13,late,sandy,11.77,0
72.95,28.24,46.44,5.15,mid_season,loamy,0.04,0
36.14,31.53,54.57,0,mid_season,sandy,0,1
40.03,31.67,85.37,4.44,development,sandy,8.38,0
65.78,23.77,75.28,4.59,initial,sandy,2.97,0
59.31,32.65,60.81,0,initial,sandy,0,0
83.33,22.82,45.4,4.29,development,loamy,11.97,0
26.92,21.72,63.36,3.47,development,loamy,10.31,0
73.02,28.98,55.57,3.8,development,sandy,4.86,0
63.95,22.54,48.82,1.15,development,sandy,2.99,0
64.68,30.44,46.58,0,development,sandy,0,0
76.36,24.63,69.66,0,development,sandy,0,0
83.16,36.09,55.52,0,initial,clay,0,0
55.39,37.62,70.88,0,late,sandy,0,1
59.72,24.5,71.14,2.64,development,sandy,6.92,0
11.05,18.57,52.95,3.33,development,clay,9.38,0
44.91,22.2,48.29,3.53,mid_season,clay,0.14,0
67.14,23.57,40.76,5.11,mid_season,loamy,1.71,0
57.86,26.14,64.1,3.58,initial,loamy,8.71,0
60.95,24.58,52.22,0,late,clay,0,0
38.94,36.28,54.3,6.62,late,loamy,9.26,0
75.65,28.96,46.18,3.08,initial,loamy,0.7,0
24.43,26.89,44.87,0,late,loamy,0,1
67.4,28.01,54.92,3.78,late,sandy,0.27,0
37.97,31.85,77.95,2.84,late,clay,3.75,0
77.65,22.76,53.13,0,development,loamy,0,0
72.68,18.12,78.29,3.88,mid_season,sandy,2.17,0
38.82,18.52,80.73,4.12,mid_season,clay,11.23,0
40.82,19.08,54.35,4.78,initial,clay,5.61,0
56.24,33.02,88.77,1.62,development,loamy,12.71,0
76.07,31.8,86.16,0,mid_season,loamy,0,0
46.44,37.38,78.75,5.65,initial,clay,14.0,0
73.74,22.28,70.28,0,initial,loamy,0,0
54.23,30.64,69.24,2.92,mid_season,clay,0.38,0
59.62,25.68,86.42,4.12,development,loamy,9.46,0
57.07,26.91,74.9,4.51,late,sandy,15.95,0
47.03,23.53,81.79,3.62,mid_season,loamy,6.54,0
56.61,31.27,81.62,3.91,initial,sandy,5.65,0
44.03,30.2,63.37,0,initial,sandy,0,0
69.86,27.28,75.6,5.61,mid_season,loamy,9.0,0
37.09,29.98,81.4,0,late,sandy,0,1
75.15,23.29,65.54,0,development,sandy,0,0
46.4,35.38,79.46,3.26,mid_season,clay,0.36,0
76.63,19.29,46.8,3.63,late,clay,11.19,0
42.5,30.42,45.25,4.05,development,loamy,2.02,0
35.55,36.94,75.59,4.3,development,sandy,15.85,0
71.43,32.86,78.13,4.84,development,loamy,0.88,0
61.35,31.39,40.42,0,initial,sandy,0,0
52.67,30.79,83.31,2.82,initial,loamy,4.71,0
85.78,21.26,63.41,4.39,mid_season,clay,9.32,0
36.61,37.98,48.19,3.47,development,sandy,5.16,0
74.69,26.37,73.36,5.64,mid_season,clay,8.66,0
56.29,19.72,55.83,4.77,initial,loamy,12.39,0
67.05,32.55,60.08,4.67,mid_season,clay,15.05,0
68.28,29.53,82.54,3.56,late,loamy,7.22,0
56.5,24.62,68.21,4.26,development,loamy,4.05,0
68.17,27.33,89.35,4.15,initial,loamy,10.77,0
46.0,24.31,73.25,5.4,initial,clay,0.77,0
67.48,23.43,49.27,5.57,mid_season,sandy,6.2,0
58.85,22.4,69.76,3.85,development,loamy,4.49,0
80.9,33.5,56.54,5.83,development,clay,11.67,0
86.13,29.16,77.0,5.37,mid_season,loamy,9.72,0
46.04,29.68,65.61,3.37,mid_season,loamy,16.36,0
46.03,32.68,41.54,2.18,development,clay,15.34,0
56.79,33.96,66.65,4.71,development,clay,9.99,0
85.87,18.58,48.44,5.39,initial,loamy,3.61,0
54.27,22.29,86.36,3.9,development,clay,13.98,0
73.85,24.34,67.51,4.98,mid_season,loamy,3.17,0
76.74,24.93,40.77,2.17,development,loamy,15.39,0
49.6,31.25,71.7,3.2,late,sandy,4.77,0
47.24,30.33,80.02,3.13,late,clay,5.38,0
48.27,30.21,76.5,4.39,mid_season,sandy,14.48,0
65.14,35.77,84.66,0,initial,loamy,0,0
66.16,18.32,60.54,0,initial,loamy,0,0
43.98,33.09,76.06,0,late,clay,0,1
47.98,18.4,75.15,0,late,clay,0,0
57.55,21.29,79.13,4.99,late,clay,2.87,0
49.5,21.86,75.38,3.81,mid_season,sandy,2.01,0
42.07,25.59,60.77,3.98,development,clay,10.79,0
52.2,31.55,74.94,3.26,late,clay,24.85,0
68.3,24.36,46.9,3.07,mid_season,clay,6.04,0
75.96,21.01,51.39,5.7,mid_season,clay,7.8,0
67.67,19.86,43.17,0,mid_season,sandy,0,0
56.93,24.44,88.52,5.5,late,loamy,17.97,0
38.99,27.9,42.0,4.77,late,sandy,5.01,0
62.26,33.11,50.01,2.54,mid_season,clay,5.42,0
80.26,33.32,66.67,4.64,late,clay,16.06,0
55.13,28.3,65.16,4.61,mid_season,sandy,7.27,0
62.03,24.13,47.71,0,initial,sandy,0,0
60.8,24.11,62.78,4.84,late,clay,6.08,0
48.27,32.57,78.68,4.78,mid_season,sandy,8.8,0
54.0,33.27,76.26,0,initial,sandy,0,0
70.16,18.59,45.59,0,initial,sandy,0,0
29.16,20.11,71.47,4.71,late,clay,23.9,0
50.28,32.19,82.74,5.75,initial,sandy,2.01,0
69.25,24.82,76.76,2.68,late,clay,15.75,0
58.48,34.51,62.39,3.4,late,sandy,9.06,0
72.92,18.61,77.08,3.25,development,clay,5.59,0
58.76,31.7,79.73,4.61,development,loamy,5.28,0
65.61,25.04,56.59,3.94,initial,loamy,12.44,0
81.75,27.11,45.04,2.61,development,sandy,17.53,0
80.34,29.97,58.29,3.01,late,clay,9.55,0
51.78,20.68,52.76,3.16,mid_season,loamy,8.71,0
57.18,23.05,43.45,2.83,development,loamy,3.24,0
53.19,28.84,69.41,5.54,late,clay,13.48,0
37.11,23.32,78.04,2.8,development,sandy,7.7,0
56.25,37.86,63.31,3.36,development,clay,10.28,0
69.41,19.21,81.09,4.11,mid_season,sandy,12.19,0
71.84,29.57,89.64,3.35,late,clay,14.99,0
36.05,21.25,79.76,3.19,late,sandy,5.42,0
67.24,24.72,82.48,4.66,mid_season,loamy,1.62,0
83.01,35.24,83.53,3.25,development,sandy,10.04,0
6.86,21.93,73.06,4.54,mid_season,loamy,5.75,0
58.99,35.51,73.82,4.16,late,clay,13.96,0
44.87,32.31,56.66,0,late,loamy,0,1
27.56,30.69,81.86,4.0,initial,clay,14.48,0
54.55,36.62,68.78,4.05,mid_season,clay,11.34,0
14.06,29.17,82.17,0,initial,sandy,0,0
63.29,25.51,50.84,3.85,initial,loamy,2.36,0
79.74,31.89,80.33,2.52,mid_season,clay,10.3,0
60.81,29.45,82.64,0,initial,loamy,0,0
44.27,30.29,86.65,0,development,loamy,0,1
78.06,20.77,42.98,3.66,initial,clay,6.21,0
65.41,33.78,42.23,0,development,sandy,0,0
78.13,22.32,70.26,4.05,development,sandy,10.79,0
58.94,37.43,71.0,2.92,development,loamy,6.61,0
73.87,21.41,88.3,3.12,initial,loamy,1.49,0
71.34,33.47,89.53,1.93,mid_season,sandy,8.72,0
72.93,21.83,43.9,4.07,late,clay,10.7,0
63.39,32.43,61.89,3.23,development,clay,5.58,0
76.39,36.04,77.21,0,late,sandy,0,0
54.84,36.34,84.34,3.73,development,loamy,1.92,0
37.79,34.04,51.57,5.11,initial,sandy,3.31,0
62.77,29.77,70.82,4.32,mid_season,sandy,10.0,0
51.43,30.17,81.88,3.58,late,sandy,0.04,0
69.41,23.17,82.09,4.28,development,sandy,10.0,0
30.81,31.28,89.17,7.03,late,loamy,14.43,0
40.34,34.63,55.98,0,late,sandy,0,1
70.7,31.92,75.74,2.33,initial,clay,9.79,0
23.3,25.88,62.36,4.36,mid_season,sandy,9.58,0
66.51,28.52,48.58,0,late,loamy,0,0
65.74,21.71,65.16,5.14,development,sandy,9.09,0
73.47,34.18,54.59,4.25,initial,clay,2.48,0
88.9,25.79,40.68,3.51,initial,clay,15.27,0
40.61,36.34,88.11,5.14,late,clay,6.82,0
23.08,31.13,79.65,3.69,mid_season,clay,6.32,0
75.9,20.88,54.88,3.64,mid_season,clay,1.48,0
45.23,27.97,79.97,2.42,initial,loamy,2.17,0
66.12,37.2,79.0,3.54,late,clay,5.99,0
18.21,19.78,43.69,2.97,initial,loamy,3.29,0
34.12,18.72,73.93,5.77,late,loamy,18.89,0
43.49,18.26,81.63,4.41,mid_season,loamy,18.1,0
46.65,19.69,88.59,3.98,mid_season,loamy,10.43,0
65.48,32.46,78.85,0,development,clay,0,0
42.05,33.45,51.22,4.65,development,loamy,13.54,0
71.8,31.28,70.67,4.54,development,loamy,14.94,0
38.7,29.58,51.8,3.08,late,clay,11.72,0
74.31,27.89,64.42,3.99,initial,clay,5.43,0
41.64,35.92,54.87,0,initial,sandy,0,0
52.46,28.89,74.08,4.17,mid_season,clay,11.88,0
57.78,25.49,76.02,4.79,development,sandy,15.17,0
47.76,28.17,76.73,4.44,late,loamy,9.17,0
69.42,19.35,44.09,0,development,clay,0,0
78.05,32.97,59.99,3.31,late,sandy,15.17,0
38.11,21.23,89.74,0,initial,sandy,0,0
40.37,32.34,51.17,0,development,loamy,0,1
52.54,31.01,50.53,4.15,development,sandy,12.39,0
32.05,19.95,73.92,0,development,loamy,0,1
83.06,37.8,88.9,3.93,mid_season,sandy,15.36,0
46.32,23.61,71.46,0,initial,loamy,0,0
57.23,32.07,84.03,2.67,initial,clay,2.62,0
45.26,19.76,71.18,3.23,late,sandy,17.05,0
84.34,20.92,83.45,3.34,mid_season,clay,5.23,0
50.86,22.93,79.67,4.53,late,clay,6.61,0
80.33,30.28,53.52,3.98,late,sandy,13.61,0
29.1,37.86,80.63,5.71,mid_season,sandy,16.77,0
73.76,25.37,57.27,2.64,mid_season,sandy,5.94,0
65.12,34.06,86.07,0,mid_season,sandy,0,0
48.22,28.94,74.44,2.75,mid_season,loamy,12.96,0
95,31.77,67.05,4.71,mid_season,clay,4.94,0
37.84,23.12,45.42,3.46,mid_season,sandy,6.94,0
12.79,37.98,69.97,3.09,mid_season,sandy,18.29,0
46.94,20.62,67.76,3.24,initial,sandy,13.38,0
51.09,21.71,46.69,0,development,clay,0,0
46.83,25.07,45.5,3.67,development,loamy,12.62,0
52.31,31.67,89.72,3.93,mid_season,clay,24.0,0
47.67,25.76,59.88,0,initial,sandy,0,0
51.19,27.97,53.22,4.32,initial,loamy,3.28,0
73.04,34.27,86.02,3.42,late,clay,12.62,0
38.87,22.34,80.43,0,initial,clay,0,0
55.17,28.7,46.26,2.99,late,clay,0.3,0
48.62,35.96,78.78,3.25,late,clay,11.73,0
65.01,25.2,49.57,5.53,development,sandy,2.26,0
50.49,25.5,51.21,1.94,mid_season,sandy,1.9,0
29.19,30.74,40.38,5.29,development,loamy,7.74,0
28.9,25.79,55.57,4.83,late,sandy,10.54,0
31.72,25.84,47.94,4.0,initial,loamy,10.12,0
55.51,19.17,58.0,4.8,development,loamy,3.64,0
35.34,28.56,74.95,0,development,sandy,0,1
56.8,23.21,76.8,3.88,initial,loamy,4.92,0
63.11,37.73,86.03,4.75,late,clay,1.99,0
47.27,24.18,60.02,5.36,late,loamy,9.43,0
68.82,33.76,83.73,4.57,development,sandy,2.12,0
22.06,35.81,45.28,2.56,mid_season,sandy,11.52,0
23.46,36.18,50.7,0,development,sandy,0,1
46.48,32.25,57.95,5.2,development,loamy,0.98,0
68.3,27.73,65.04,2.01,mid_season,loamy,11.23,0
69.07,32.39,69.08,5.18,development,clay,6.07,0
41.25,21.53,54.91,4.04,development,clay,14.03,0
23.27,34.3,77.5,4.99,mid_season,loamy,14.08,0
77.52,36.31,57.23,3.82,mid_season,loamy,13.04,0
68.58,24.58,70.62,2.13,late,loamy,11.45,0
62.59,22.51,66.89,4.49,development,loamy,6.33,0
50.21,21.87,50.67,3.62,mid_season,loamy,8.14,0
33.69,30.69,82.27,3.86,late,loamy,13.91,0
52.83,22.39,46.27,3.85,development,loamy,5.44,0
26.02,29.14,56.41,3.73,mid_season,clay,13.42,0
45.96,30.24,55.34,3.36,initial,sandy,9.81,0
25.69,27.38,58.29,2.76,initial,loamy,4.22,0
68.56,27.06,68.43,3.01,initial,sandy,5.59,0
34.1,35.66,55.4,0,initial,clay,0,0
68.85,18.29,70.56,3.63,development,sandy,2.5,0
8.24,19.56,75.28,6.06,late,loamy,13.23,0
9.45,19.03,88.05,2.07,late,loamy,11.77,0
57.43,32.67,54.3,3.22,late,loamy,4.51,0
70.87,20.4,51.17,0,mid_season,sandy,0,0
29.18,20.06,63.27,4.19,late,loamy,1.03,0
27.35,30.52,44.24,0,development,clay,0,1
36.54,25.1,50.46,4.11,development,clay,6.45,0
51.24,22.89,56.42,2.49,mid_season,loamy,12.77,0
50.75,29.06,57.68,0,initial,clay,0,0
60.27,28.71,40.89,3.45,mid_season,clay,5.37,0
62.57,37.47,66.21,2.71,initial,loamy,6.24,0
79.49,36.05,50.81,3.02,late,sandy,3.6,0
81.13,29.93,71.77,4.14,initial,loamy,10.76,0
38.66,24.51,51.15,2.96,development,clay,13.29,0
51.93,24.56,51.91,0,late,loamy,0,1
53.31,18.29,84.82,5.72,late,sandy,12.82,0
64.65,27.19,42.18,5.76,late,loamy,13.88,0
37.77,23.89,78.75,0,initial,loamy,0,0
70.77,22.74,40.47,4.22,initial,sandy,1.84,0
52.97,19.27,57.35,5.52,mid_season,sandy,13.16,0
42.73,37.84,43.08,5.17,late,loamy,12.35,0
36.34,27.2,88.49,6.28,mid_season,clay,4.63,0
62.91,22.5,82.88,0,mid_season,loamy,0,0
42.99,24.77,73.24,4.16,development,loamy,1.36,0
68.56,31.22,66.48,2.97,initial,sandy,0.53,0
61.02,23.31,69.75,4.14,mid_season,sandy,10.21,0
43.34,22.42,79.82,3.48,development,loamy,3.68,0
66.01,31.4,89.99,3.41,development,loamy,8.85,0
37.1,31.86,51.54,1.77,mid_season,loamy,7.87,0
81.87,34.55,73.19,3.52,development,loamy,16.23,0
27.64,26.83,47.83,0,initial,sandy,0,0
37.01,20.33,75.83,4.88,development,sandy,6.25,0
68.31,31.81,89.39,3.62,late,loamy,1.45,0
33.27,30.36,61.04,2.99,mid_season,clay,13.74,0
63.38,18.5,51.41,4.76,late,loamy,5.79,0
71.99,21.51,52.09,0,development,clay,0,0
79.54,34.38,87.76,3.46,development,loamy,11.86,0
55.18,29.83,79.49,2.35,mid_season,sandy,9.78,0
64.62,26.66,58.17,3.4,development,loamy,9.14,0
36.37,33.89,60.67,3.7,development,sandy,21.6,0
71.16,28.27,89.0,5.65,development,clay,8.52,0
46.66,26.48,40.92,3.09,late,clay,0.69,0
45.43,28.13,84.96,4.69,late,clay,5.47,0
26.45,35.91,66.23,3.57,late,clay,18.88,0
32.84,21.16,41.5,4.35,initial,sandy,6.36,0
43.87,18.59,60.25,4.04,initial,loamy,12.17,0
77.05,30.41,88.63,3.91,mid_season,clay,2.64,0
62.6,24.32,77.91,3.28,development,loamy,1.66,0
29.85,24.35,71.64,0,mid_season,loamy,0,1
56.85,30.22,58.68,2.66,mid_season,sandy,4.26,0
40.5,21.7,46.86,4.0,mid_season,sandy,11.52,0
94.93,22.6,71.17,0,initial,loamy,0,0
77.87,21.47,44.94,4.17,mid_season,clay,12.69,0
74.03,21.83,86.42,4.68,development,loamy,15.47,0
95,21.1,86.42,3.61,development,sandy,14.55,0
61.86,23.98,56.88,5.08,initial,clay,5.0,0
38.61,30.73,59.4,3.22,late,sandy,11.98,0
31.69,24.33,57.08,4.95,late,loamy,4.92,0
46.16,19.42,52.73,3.39,late,clay,12.12,0
68.21,30.09,44.91,4.16,mid_season,sandy,2.08,0
55.21,22.47,70.98,3.42,mid_season,clay,4.99,0
71.31,31.23,52.46,5.17,initial,loamy,8.76,0
62.73,32.83,51.1,4.9,mid_season,clay,18.17,0
37.7,23.74,88.95,0,initial,loamy,0,0
19.06,29.09,49.51,3.16,mid_season,loamy,4.54,0
54.36,24.44,67.68,3.16,mid_season,sandy,6.93,0
73.89,34.12,59.93,3.3,development,clay,1.02,0
26.11,31.41,70.51,5.38,initial,loamy,7.33,0
56.66,24.73,66.38,4.52,mid_season,loamy,10.99,0
55.46,31.8,63.39,3.36,mid_season,clay,10.11,0
95,29.13,73.51,3.97,development,loamy,9.55,0
43.57,23.74,73.55,4.58,development,sandy,5.96,0
53.96,37.02,55.56,6.08,late,sandy,7.95,0
23.19,25.0,51.24,4.36,initial,sandy,0.61,0
33.82,25.55,50.08,1.51,initial,clay,12.84,0
50.9,22.34,45.29,3.34,development,sandy,10.57,0
41.94,36.8,88.79,6.01,late,sandy,2.51,0
47.69,33.69,51.1,5.21,development,clay,0.45,0
47.19,22.74,70.9,3.1,mid_season,loamy,0.31,0
72.86,25.8,80.74,3.58,development,clay,13.0,0
68.26,20.1,62.72,0,mid_season,sandy,0,0
41.86,27.12,64.83,3.26,development,clay,13.65,0
43.05,30.45,67.78,7.39,development,clay,17.03,0
84.93,28.79,49.03,2.23,late,loamy,4.97,0
55.21,30.99,41.11,0.75,late,loamy,8.31,0
78.02,20.47,88.55,3.35,mid_season,clay,25.37,0
79.39,32.24,42.3,4.4,mid_season,loamy,17.18,0
77.05,23.75,49.0,2.13,initial,loamy,15.03,0
32.24,37.02,50.58,0,mid_season,sandy,0,1
22.66,30.78,50.31,5.4,late,clay,25.92,0
67.7,26.65,77.96,5.1,late,clay,2.47,0
43.67,25.94,51.45,2.05,late,loamy,22.89,0
35.47,21.18,40.83,4.42,mid_season,sandy,12.58,0
21.17,33.2,82.93,2.09,initial,loamy,6.06,0
54.48,29.92,60.06,4.26,development,loamy,7.88,0
46.41,18.86,61.36,0,initial,loamy,0,0
60.38,35.53,46.48,5.05,late,loamy,10.92,0
56.75,29.59,77.8,0,initial,sandy,0,0
36.71,36.81,77.0,5.48,development,loamy,9.79,0
95,36.59,47.76,0,development,clay,0,0
85.91,37.54,81.43,3.35,initial,loamy,1.57,0
35.61,37.31,45.0,7.26,late,sandy,4.79,0
59.67,25.47,79.2,2.46,initial,loamy,1.21,0
74.07,33.6,74.29,0,initial,loamy,0,0
30.66,31.6,56.58,4.5,mid_season,loamy,21.53,0
74.48,34.54,55.81,3.1,late,clay,6.07,0
48.54,23.82,87.56,0,initial,sandy,0,0
75.81,18.21,75.09,4.35,late,loamy,14.49,0
46.09,26.45,80.61,3.77,development,clay,3.63,0
34.84,30.48,81.81,4.55,development,sandy,4.17,0
48.14,35.06,60.34,4.48,development,clay,21.85,0
41.76,37.57,55.93,3.0,initial,loamy,1.89,0
49.19,22.37,86.19,0,mid_season,sandy,0,1
65.48,26.44,82.45,5.54,late,sandy,17.44,0
56.26,24.36,72.99,0,development,sandy,0,1
67.93,27.85,81.44,4.89,mid_season,clay,7.43,0
41.62,27.96,58.75,6.9,development,loamy,12.14,0
83.9,25.56,40.53,3.93,development,loamy,4.58,0
34.49,29.29,74.71,5.67,late,sandy,10.41,0
54.22,19.16,52.23,4.35,development,sandy,5.65,0
48.59,30.97,87.03,3.16,development,loamy,7.28,0
65.61,18.15,68.04,4.35,initial,sandy,9.87,0
59.81,26.12,62.56,3.03,development,clay,3.67,0
65.86,32.83,79.66,1.84,mid_season,clay,19.61,0
73.81,22.76,89.13,5.48,late,clay,11.01,0
60.67,30.69,71.09,5.86,development,sandy,1.82,0
55.78,28.27,88.12,3.01,initial,loamy,2.68,0
71.7,27.61,86.9,4.23,mid_season,sandy,16.95,0
64.65,23.89,88.64,6.85,development,sandy,16.44,0
46.41,36.75,50.46,0,initial,sandy,0,1
23.46,29.17,41.74,3.23,late,clay,14.33,0
20.8,26.06,77.76,0,mid_season,clay,0,1
64.94,28.29,81.59,2.84,late,sandy,0.33,0
49.72,19.54,83.63,4.92,late,clay,17.57,0
80.32,35.44,81.03,4.74,mid_season,clay,14.91,0
78.62,34.63,63.49,4.38,mid_season,sandy,7.79,0
51.21,35.82,55.83,2.13,mid_season,clay,9.01,0
60.65,30.98,88.44,4.3,late,clay,2.46,0
61.22,25.86,54.85,4.67,development,clay,11.19,0
61.56,30.1,50.27,3.76,initial,clay,18.35,0
85.28,29.07,42.46,3.87,development,loamy,3.2,0
57.35,22.73,79.88,0,initial,sandy,0,0
71.7,31.65,47.89,3.71,development,loamy,13.89,0
38.89,25.75,66.64,0,late,loamy,0,1
55.05,32.17,71.94,5.81,development,loamy,14.54,0
68.91,31.08,49.47,4.96,initial,loamy,8.31,0
36.18,24.91,89.53,3.0,development,loamy,0.9,0
42.13,32.09,74.85,4.04,initial,loamy,1.99,0
58.13,34.7,71.67,4.63,development,sandy,11.23,0
55.7,25.83,87.05,3.32,development,clay,2.26,0
54.77,24.14,87.27,5.27,mid_season,sandy,27.11,0
65.16,27.18,88.29,3.21,mid_season,clay,9.02,0
61.82,27.21,87.76,4.14,late,loamy,6.08,0
54.66,29.84,78.83,3.95,mid_season,loamy,15.67,0
42.49,36.35,62.17,0,mid_season,sandy,0,1
40.45,20.18,79.82,0,initial,sandy,0,0
92.69,26.54,85.5,4.49,development,clay,2.91,0
36.85,36.42,71.52,4.37,development,loamy,4.99,0
35.8,34.66,53.87,4.3,mid_season,sandy,0.26,0
56.61,35.2,67.26,0,development,loamy,0,0
50.32,32.93,70.31,0,initial,loamy,0,0
42.06,35.4,72.43,0,development,clay,0,1
77.04,22.58,58.28,3.56,development,clay,9.84,0
43.55,29.66,76.84,3.22,initial,sandy,6.09,0
42.1,20.15,55.82,3.11,mid_season,clay,6.27,0
59.71,21.98,82.39,1.44,mid_season,clay,12.42,0
52.72,27.21,42.48,4.14,initial,clay,3.32,0
35.61,27.62,78.11,4.37,mid_season,loamy,12.6,0
82.32,21.47,41.45,3.33,development,clay,7.17,0
51.48,31.45,87.72,3.66,late,loamy,6.84,0
71.09,36.71,49.41,3.38,mid_season,sandy,4.47,0
54.42,37.53,43.31,3.8,late,loamy,16.52,0
66.32,21.8,69.28,4.57,initial,clay,17.67,0
42.92,26.24,44.06,6.26,development,clay,11.95,0
76.57,18.15,53.48,2.9,initial,clay,6.64,0
67.15,18.44,70.18,0,development,sandy,0,0
45.35,25.92,87.97,3.93,late,clay,15.74,0
54.07,22.56,76.57,3.95,initial,loamy,1.9,0
68.97,22.49,65.5,0,initial,clay,0,0
78.35,21.97,47.47,2.62,development,loamy,7.26,0
42.25,35.3,78.7,4.5,late,sandy,16.05,0
53.02,25.73,56.68,4.54,development,sandy,3.48,0
37.24,26.61,46.0,4.64,late,loamy,2.26,0
54.08,30.98,82.85,4.36,late,clay,3.04,0
45.98,36.93,56.58,0,initial,loamy,0,1
40.74,29.81,42.57,0,development,clay,0,1
39.66,23.67,70.09,1.74,late,sandy,17.92,0
57.46,19.68,75.84,4.52,development,loamy,6.07,0
69.19,31.86,41.08,6.98,late,loamy,6.06,0
44.23,32.54,84.15,3.24,mid_season,sandy,13.25,0
72.5,22.43,57.18,3.68,late,loamy,4.14,0
65.95,26.11,87.55,2.98,initial,loamy,5.24,0
48.13,19.09,73.39,2.29,late,clay,16.8,0
61.33,22.62,61.67,5.07,development,sandy,12.55,0
55.35,37.98,79.31,4.01,development,clay,5.68,0
82.44,33.01,52.11,5.93,initial,loamy,5.75,0
32.35,28.83,76.71,3.37,late,clay,7.06,0
49.08,20.33,68.25,4.65,initial,clay,8.53,0
71.86,30.63,61.11,3.13,mid_season,sandy,3.97,0
31.89,35.99,43.02,2.78,initial,clay,5.69,0
66.2,19.07,81.47,3.0,late,sandy,9.08,0
21.52,19.65,55.36,5.04,development,loamy,10.0,0
45.15,20.21,83.55,3.71,late,sandy,6.66,0
51.65,25.75,44.62,4.91,development,sandy,9.6,0
54.59,34.45,76.4,3.6,initial,sandy,5.46,0
38.87,30.99,66.56,4.7,initial,loamy,9.22,0
70.7,29.48,81.19,0,development,loamy,0,0
56.97,18.3,47.62,3.18,development,clay,2.16,0
47.18,36.99,69.15,2.98,development,clay,7.44,0
53.6,29.84,45.53,3.43,initial,sandy,6.36,0
64.58,23.55,65.55,5.47,initial,loamy,3.59,0
62.15,27.15,84.55,3.63,development,loamy,8.48,0
25.48,31.15,66.2,6.56,mid_season,sandy,4.57,0
37.73,21.45,42.06,4.31,mid_season,sandy,13.14,0
49.99,28.03,64.81,3.82,mid_season,clay,16.21,0
43.49,30.8,46.24,4.39,late,loamy,15.23,0
66.9,34.1,61.01,6.01,development,clay,14.1,0
59.95,34.52,78.4,3.43,mid_season,clay,12.73,0
35.93,30.5,54.68,4.82,initial,clay,9.68,0
49.22,23.23,77.93,4.2,development,clay,5.63,0
57.34,28.71,79.92,2.31,mid_season,sandy,10.55,0
70.51,30.29,78.6,3.42,mid_season,loamy,3.3,0
70.91,24.06,72.37,4.7,late,clay,2.44,0
62.62,25.33,70.58,5.07,initial,loamy,2.79,0
80.59,23.68,68.49,0,development,loamy,0,0
51.35,29.32,63.59,2.86,late,clay,9.8,0
41.44,22.61,79.45,2.3,late,clay,12.11,0
39.79,25.05,75.01,1.75,initial,sandy,7.22,0
48.09,29.45,48.19,0,initial,loamy,0,0
38.95,34.67,88.45,0,development,sandy,0,1
66.17,29.36,41.34,5.3,mid_season,clay,8.97,0
63.82,30.13,85.17,3.49,mid_season,clay,8.45,0
31.56,31.15,46.61,5.22,mid_season,clay,15.67,0
71.58,21.98,40.63,0,initial,loamy,0,0
58.82,33.52,59.05,2.13,late,sandy,21.26,0
39.93,27.6,45.92,0.79,late,clay,11.03,0
69.58,30.48,68.8,5.47,late,sandy,7.54,0
50.39,28.13,51.08,3.85,initial,loamy,1.27,0
43.72,28.96,76.41,5.2,development,sandy,1.0,0
51.12,27.68,70.43,3.3,initial,loamy,2.7,0
59.46,19.55,77.5,4.6,late,clay,12.96,0
53.67,37.45,83.57,5.34,late,clay,7.57,0
36.28,34.6,54.65,4.0,mid_season,loamy,8.82,0
85.09,18.02,49.05,0,development,sandy,0,0
38.95,31.54,87.65,0.29,mid_season,clay,6.41,1
34.35,21.68,68.12,4.83,initial,sandy,3.64,0
20.39,29.09,88.6,0,development,loamy,0,1
81.51,35.62,75.97,3.85,late,sandy,2.55,0
82.74,33.83,77.62,4.27,initial,loamy,1.17,0
49.01,22.94,88.5,3.06,development,sandy,9.73,0
78.18,25.73,47.23,3.94,late,sandy,5.54,0
72.78,34.74,84.66,0,mid_season,clay,0,0
52.04,37.81,58.32,3.45,late,loamy,15.54,0
43.58,35.46,79.09,4.23,initial,clay,13.17,0
16.89,27.66,45.77,3.81,development,clay,1.32,0
85.11,36.45,58.46,5.0,late,loamy,10.4,0
95,26.05,71.39,5.13,development,loamy,5.54,0
83.2,37.09,42.16,5.48,development,clay,8.52,0
54.13,32.66,56.58,4.16,development,sandy,14.28,0
55.31,34.52,65.59,4.6,development,sandy,1.26,0
51.28,18.39,71.26,3.12,initial,loamy,4.82,0
21.57,24.39,87.36,6.91,initial,clay,5.38,0
43.91,35.06,78.95,3.66,development,sandy,6.02,0
43.77,18.35,78.66,5.76,development,sandy,0.43,0
46.08,24.0,69.48,0,late,sandy,0,1
63.47,36.91,80.32,4.47,initial,sandy,10.95,0
42.56,20.71,67.28,3.57,development,clay,22.42,0
46.28,36.01,49.62,5.03,development,loamy,20.94,0
71.75,35.11,49.11,3.8,mid_season,clay,19.1,0
55.71,27.71,75.98,5.88,initial,clay,15.19,0
44.5,23.01,60.49,0,development,sandy,0,1
58.66,24.43,84.18,4.47,late,clay,24.44,0
51.76,19.45,75.21,6.2,late,loamy,6.51,0
71.17,28.32,43.24,0,mid_season,sandy,0,0
57.31,30.38,55.31,3.55,late,loamy,9.87,0
74.98,20.38,85.44,5.51,mid_season,clay,25.23,0
77.15,35.51,43.86,2.01,development,clay,18.11,0
25.2,24.29,87.9,5.43,development,sandy,1.01,0
40.38,26.41,52.06,0,development,loamy,0,1
68.12,24.11,44.28,3.45,development,sandy,7.87,0
42.19,31.78,74.44,5.23,late,sandy,4.99,0
70.14,33.28,71.83,4.6,initial,clay,4.22,0
43.47,20.99,48.87,4.8,mid_season,loamy,10.73,0
50.37,28.77,76.95,1.81,development,loamy,14.75,0
55.98,19.75,79.52,4.1,late,loamy,0.58,0
16.38,18.84,45.53,3.61,initial,sandy,4.13,0
63.48,20.55,72.78,3.96,late,loamy,1.11,0
62.53,27.28,43.63,2.78,development,loamy,1.82,0
71.96,23.45,56.69,2.71,initial,sandy,12.34,0
57.31,18.87,74.74,5.33,initial,clay,13.72,0
32.58,19.13,56.18,4.79,late,clay,18.59,0
50.02,24.47,77.46,4.18,late,sandy,13.87,0
54.77,22.25,59.55,2.61,late,sandy,5.83,0
44.91,26.21,84.4,6.06,mid_season,loamy,11.26,0
84.2,20.22,84.52,3.13,initial,clay,12.9,0
64.97,28.61,88.56,4.07,development,clay,6.01,0
64.02,18.77,73.12,4.29,development,loamy,12.18,0
67.37,25.43,52.27,3.18,late,loamy,3.6,0
78.1,27.95,86.92,3.53,mid_season,loamy,20.22,0
36.93,28.6,66.65,5.45,development,clay,12.37,0
45.24,20.09,85.88,2.97,development,clay,12.15,0
61.51,27.02,42.05,4.83,late,clay,14.08,0
62.27,23.51,51.29,0,initial,clay,0,0
50.36,32.71,48.25,3.37,late,clay,9.45,0
66.56,37.0,64.82,0,initial,clay,0,0
80.25,36.9,64.08,2.86,development,sandy,3.42,0
48.87,34.41,45.66,5.62,mid_season,clay,15.1,0
26.05,27.55,59.47,5.36,initial,sandy,6.94,0
38.81,30.14,75.71,5.48,late,loamy,5.08,0
73.71,21.39,46.78,4.09,initial,loamy,16.97,0
77.06,37.38,55.54,3.34,development,sandy,7.32,0
56.99,37.78,70.28,0,mid_season,sandy,0,1
83.98,37.2,51.63,0,late,sandy,0,0
45.95,27.26,60.27,0,initial,sandy,0,0
55.85,33.21,72.75,3.49,late,sandy,1.89,0
81.14,28.53,40.07,4.07,initial,clay,11.61,0
89.4,25.49,55.39,2.65,initial,loamy,1.24,0
35.82,22.06,48.57,3.53,development,loamy,4.15,0
42.1,18.17,70.13,5.92,initial,sandy,2.47,0
63.96,21.19,86.18,3.46,late,sandy,4.19,0
81.82,33.65,81.69,2.51,mid_season,sandy,10.59,0
64.23,27.07,49.95,4.1,late,loamy,7.48,0
26.42,28.06,65.2,4.98,late,clay,0.28,0
35.58,19.21,51.66,4.57,initial,loamy,12.06,0
49.07,29.64,49.33,2.0,development,clay,15.89,0
61.92,19.66,57.65,4.73,mid_season,clay,5.15,0
52.12,26.43,78.49,4.12,development,loamy,8.63,0
76.33,33.37,85.91,0,initial,loamy,0,0
59.37,35.46,75.22,3.38,late,loamy,12.61,0
6.94,27.74,56.74,3.69,mid_season,loamy,3.92,0
71.97,36.65,71.68,2.22,mid_season,clay,15.52,0
44.74,22.39,65.5,3.9,initial,sandy,9.83,0
28.45,37.84,80.42,3.46,mid_season,sandy,0.43,0
61.95,32.29,56.88,4.21,development,sandy,6.28,0
46.72,35.95,80.0,2.42,late,clay,14.76,0
43.25,24.29,52.46,1.78,late,sandy,15.98,0
81.21,36.94,48.37,3.02,initial,sandy,6.62,0
67.12,18.69,84.83,3.12,initial,sandy,0.21,0
51.29,22.44,60.95,0,initial,sandy,0,0
32.9,18.44,69.71,0,initial,clay,0,0
55.92,28.41,51.02,0,initial,loamy,0,0
40.36,35.21,54.86,3.53,mid_season,loamy,6.98,0
69.76,20.08,84.4,3.97,development,clay,16.16,0
41.01,33.53,45.21,0,initial,loamy,0,0
36.14,32.43,67.28,2.55,late,loamy,7.03,0
47.35,30.82,83.24,2.46,late,loamy,2.64,0
55.24,29.06,42.74,3.16,late,clay,2.16,0
77.84,20.67,72.63,0,initial,clay,0,0
34.58,31.29,41.55,3.1,initial,loamy,6.63,0
63.51,37.5,75.83,4.16,late,loamy,3.49,0
61.04,27.07,60.46,0,development,loamy,0,0
40.75,21.66,87.76,2.27,late,clay,17.75,0
51.18,37.58,49.03,5.19,late,sandy,2.33,0
76.75,25.85,53.1,3.78,mid_season,loamy,3.2,0
46.8,24.39,83.85,0,development,sandy,0,1
60.73,29.39,41.82,5.46,initial,sandy,9.91,0
62.0,19.05,59.6,4.72,mid_season,sandy,14.25,0
64.98,26.05,84.44,3.23,mid_season,loamy,8.15,0
41.02,37.72,49.15,0,initial,sandy,0,1
78.91,30.61,51.29,3.5,mid_season,sandy,11.41,0
51.98,22.51,66.55,0,initial,sandy,0,0
20.1,24.22,62.95,4.49,development,sandy,6.89,0
56.3,32.1,72.64,3.35,initial,loamy,2.6,0
43.51,29.55,55.5,0,mid_season,sandy,0,1
64.21,19.4,55.25,0,development,sandy,0,0
40.59,24.0,51.47,5.4,development,clay,1.78,0
40.89,23.84,48.12,1.89,initial,loamy,10.1,0
84.03,22.09,86.24,3.6,initial,sandy,10.38,0
48.42,34.26,62.3,0,initial,loamy,0,0
73.4,30.07,88.5,5.35,development,sandy,1.13,0
44.35,23.41,52.73,0,mid_season,loamy,0,1
64.25,24.89,50.43,0,development,sandy,0,0
45.99,20.97,86.55,2.58,initial,clay,15.76,0
75.42,37.38,55.44,2.67,development,sandy,7.31,0
49.8,21.17,55.22,4.36,late,loamy,11.25,0
13.74,22.96,66.26,4.89,development,clay,2.82,0
51.97,36.94,60.15,0,initial,sandy,0,0
45.09,22.78,64.5,3.19,late,sandy,4.17,0
61.57,18.72,81.54,3.63,initial,clay,3.76,0
47.54,36.64,45.66,6.43,mid_season,sandy,8.37,0
40.86,19.0,52.07,0,mid_season,loamy,0,1
37.11,18.97,60.94,3.18,development,loamy,3.21,0
36.77,36.27,53.56,2.81,mid_season,clay,14.19,0
23.02,36.36,89.24,4.56,late,loamy,2.79,0
37.5,33.8,77.02,4.28,development,loamy,1.68,0
56.41,30.98,72.61,3.28,mid_season,clay,8.34,0
34.65,35.06,45.41,3.33,mid_season,sandy,7.34,0
48.14,35.99,70.56,3.78,initial,sandy,2.15,0
63.05,32.49,72.75,3.0,mid_season,loamy,18.85,0
64.23,35.97,67.02,4.54,initial,loamy,21.87,0
68.9,18.66,61.84,0,initial,sandy,0,0
45.04,26.56,42.28,3.18,development,clay,4.89,0
68.98,28.53,75.57,2.96,mid_season,clay,8.07,0
29.84,20.3,76.75,4.33,development,loamy,14.12,0
73.53,19.91,71.38,3.84,initial,loamy,2.18,0
41.31,21.13,88.3,3.72,development,clay,10.3,0
59.53,22.7,50.7,5.6,development,clay,12.48,0
69.67,25.5,88.44,3.31,initial,clay,11.06,0
34.24,29.99,84.92,4.21,late,sandy,11.0,0
15.94,19.66,50.15,3.57,mid_season,clay,5.67,0
57.11,32.21,51.58,1.89,initial,loamy,7.35,0
85.32,27.74,44.68,0,initial,clay,0,0
25.62,20.21,42.92,3.79,mid_season,sandy,14.41,0
72.6,27.3,64.08,0,mid_season,clay,0,0
51.35,29.09,59.11,3.81,mid_season,sandy,2.0,0
49.63,20.19,66.06,3.71,development,clay,5.17,0
35.72,24.86,74.46,5.42,mid_season,sandy,4.8,0
94.08,21.03,56.41,4.62,late,sandy,12.63,0
47.24,31.95,51.59,3.46,development,loamy,13.09,0
75.76,32.85,43.44,3.48,initial,clay,10.05,0
60.06,20.89,56.94,3.24,mid_season,sandy,11.29,0
57.55,32.97,70.66,4.14,development,clay,6.1,0
66.18,31.76,49.4,5.31,mid_season,clay,6.86,0
76.79,27.94,65.56,3.28,mid_season,clay,4.05,0
63.0,32.36,66.89,3.32,late,sandy,9.54,0
69.83,34.9,80.1,4.53,late,sandy,3.41,0
80.28,27.61,53.7,2.58,late,sandy,10.14,0
43.27,22.53,82.41,3.88,late,sandy,10.11,0
38.22,20.35,55.97,2.28,development,clay,7.86,0
54.05,26.32,68.26,0,mid_season,sandy,0,1
78.76,28.91,75.97,3.66,development,sandy,6.24,0
72.04,32.14,81.82,3.87,mid_season,sandy,3.67,0
42.62,19.68,83.21,2.33,initial,clay,16.92,0
53.81,30.21,63.87,0,initial,clay,0,0
74.85,35.01,76.37,3.64,development,sandy,11.39,0
15.05,19.56,70.04,5.48,initial,clay,2.5,0
55.14,25.73,89.85,5.45,mid_season,clay,9.85,0
37.83,20.49,50.98,4.56,late,loamy,9.9,0
55.5,19.1,68.48,2.37,late,clay,4.08,0
45.03,20.43,76.15,3.97,mid_season,clay,18.05,0
47.04,31.79,47.23,3.76,late,loamy,3.43,0
67.45,36.47,40.52,3.4,mid_season,sandy,21.67,0
63.33,23.75,42.96,5.05,late,sandy,17.14,0
61.45,33.37,50.49,5.65,late,loamy,10.99,0
40.68,32.54,59.89,4.18,initial,sandy,1.47,0
68.3,33.51,81.69,4.1,development,loamy,22.87,0
16.93,31.32,85.0,2.84,late,sandy,14.63,0
42.07,24.53,48.17,0,initial,clay,0,0
84.73,31.93,85.92,4.77,initial,clay,16.48,0
74.36,18.23,81.95,3.25,mid_season,sandy,12.85,0
67.18,23.79,55.63,0,late,clay,0,0
57.14,23.87,44.99,3.61,development,loamy,15.71,0
74.34,24.68,53.18,0,initial,sandy,0,0
45.02,23.8,77.11,4.34,mid_season,sandy,3.27,0
29.87,23.35,81.93,2.74,mid_season,clay,7.68,0
50.47,34.56,83.42,3.23,late,clay,14.86,0
62.38,23.31,53.01,2.75,mid_season,clay,18.17,0
55.33,34.94,46.8,0,late,sandy,0,1
68.86,36.94,81.76,0,development,sandy,0,0
25.15,19.91,73.08,0,late,sandy,0,1
67.53,32.92,42.89,3.76,development,sandy,11.82,0
81.04,37.12,61.06,2.94,mid_season,clay,15.38,0
63.48,19.11,76.94,0,late,sandy,0,0
90.57,37.55,54.4,4.5,late,loamy,2.56,0
46.9,27.49,40.25,3.81,mid_season,sandy,10.9,0
69.1,23.94,76.65,4.81,late,sandy,17.49,0
52.6,22.3,40.33,0,late,clay,0,0
51.29,36.42,46.07,5.35,late,sandy,25.56,0
68.16,28.97,59.04,2.23,mid_season,sandy,1.96,0
37.49,20.18,51.34,0,development,sandy,0,1
45.29,19.52,61.81,3.13,mid_season,clay,7.96,0
69.03,30.81,55.34,4.06,development,loamy,17.83,0
76.03,21.57,40.87,5.77,development,sandy,2.07,0
42.69,27.74,69.23,2.64,mid_season,loamy,7.43,0
61.18,31.08,55.47,0,initial,loamy,0,0
41.24,34.84,46.17,0,late,sandy,0,1
24.37,26.82,53.21,4.5,mid_season,clay,10.73,0
32.41,26.37,43.24,5.2,development,sandy,7.02,0
44.11,26.87,67.94,3.58,mid_season,loamy,8.53,0
43.76,31.64,77.21,4.77,development,sandy,16.67,0
63.15,23.35,47.25,4.91,development,clay,20.39,0
67.03,23.69,50.91,5.18,late,clay,16.08,0
39.65,31.62,55.83,4.66,late,sandy,6.79,0
77.81,21.14,78.62,0,initial,loamy,0,0
61.16,18.7,55.46,1.96,initial,loamy,9.43,0
52.08,29.99,43.92,2.02,mid_season,clay,12.96,0
90.84,36.45,42.76,5.63,development,sandy,12.13,0
9.86,36.6,87.1,3.46,initial,clay,0.54,0
36.48,27.57,64.5,2.84,development,sandy,13.28,0
46.06,36.27,84.96,4.02,late,clay,10.92,0
34.42,27.96,50.95,3.64,late,sandy,6.93,0
37.32,21.06,69.18,4.83,development,sandy,7.84,0
55.2,30.87,61.37,0,late,loamy,0,0
56.24,18.28,48.67,3.45,mid_season,loamy,16.69,0
33.27,25.97,54.94,1.59,initial,clay,11.19,0
34.58,29.75,65.11,5.28,mid_season,clay,22.39,0
95,36.24,68.97,3.83,development,clay,3.06,0
59.34,24.24,61.73,3.63,mid_season,loamy,10.74,0
71.51,37.56,50.58,3.77,initial,sandy,7.8,0
5,33.05,84.79,4.7,initial,clay,2.27,0
30.95,35.15,41.46,4.24,initial,loamy,9.71,0
68.21,36.32,65.57,5.54,late,sandy,12.13,0
35.21,36.92,52.13,4.52,development,sandy,4.57,0
54.61,21.36,44.6,3.6,development,sandy,6.15,0
61.59,19.67,65.91,4.19,late,sandy,2.84,0
47.65,19.19,47.65,2.66,initial,sandy,8.45,0
46.3,23.21,79.89,0,initial,loamy,0,0
73.86,36.69,51.12,5.58,development,loamy,11.91,0
40.74,36.38,85.29,3.53,mid_season,loamy,4.79,0
80.37,18.96,68.34,4.97,late,clay,19.7,0
64.32,26.52,83.92,3.78,initial,loamy,5.67,0
72.68,30.73,89.68,0,late,clay,0,0
32.19,35.92,83.2,5.07,initial,sandy,15.63,0
17.76,25.81,81.41,4.1,late,clay,8.12,0
33.46,18.41,44.99,3.74,initial,clay,8.21,0
59.74,33.03,79.13,1.96,initial,clay,7.13,0
82.67,25.29,44.41,5.92,mid_season,clay,20.49,0
35.75,23.26,45.69,4.65,mid_season,sandy,13.39,0
63.99,37.63,50.82,5.24,initial,sandy,11.57,0
48.75,24.38,81.94,3.69,development,sandy,16.72,0
57.52,26.19,44.74,4.74,development,sandy,2.57,0
28.22,24.34,53.18,0,mid_season,clay,0,1
82.64,27.36,62.31,2.85,initial,loamy,8.14,0
65.19,21.42,71.14,3.0,initial,loamy,5.78,0
37.05,25.78,57.79,5.91,initial,loamy,12.22,0
40.75,30.67,89.69,3.59,late,loamy,13.07,0
76.8,34.73,42.55,2.7,development,sandy,0.44,0
52.49,25.64,47.65,2.95,mid_season,sandy,3.52,0
67.45,29.29,65.84,3.64,development,sandy,9.62,0
43.4,33.29,53.28,2.93,late,loamy,6.56,0
76.12,20.57,63.1,3.14,development,sandy,9.01,0
69.32,18.77,78.84,4.63,initial,loamy,9.02,0
39.57,23.7,73.19,3.54,mid_season,clay,16.14,0
77.61,25.04,45.5,4.86,development,sandy,8.95,0
33.06,34.39,62.78,3.37,development,sandy,6.1,0
36.07,37.03,70.8,3.27,initial,loamy,0.62,0
78.28,23.3,80.36,3.72,development,clay,16.83,0
84.12,26.55,72.23,2.13,mid_season,loamy,11.22,0
52.34,36.85,58.81,4.46,initial,clay,3.91,0
72.85,36.33,82.55,4.69,late,clay,6.83,0
14.97,27.58,55.67,3.63,mid_season,sandy,9.15,0
31.64,35.57,66.94,0,initial,sandy,0,0
68.15,35.38,47.54,4.43,mid_season,sandy,9.58,0
81.43,37.97,46.53,3.68,development,clay,19.95,0
65.91,19.74,50.01,5.6,development,clay,3.46,0
58.52,34.65,42.31,4.16,initial,sandy,1.43,0
36.93,24.66,83.82,0,initial,clay,0,0
27.02,22.38,78.07,4.46,development,sandy,2.77,0
75.97,33.91,49.66,0,initial,loamy,0,0
65.09,28.84,70.9,4.43,initial,sandy,1.17,0
46.91,35.44,77.73,3.81,mid_season,sandy,3.0,0
54.89,34.67,86.6,3.46,late,clay,1.83,0
79.42,32.92,40.47,3.99,mid_season,clay,2.66,0
44.14,34.84,65.26,1.39,late,loamy,3.96,0
49.85,35.64,74.84,2.79,late,sandy,15.65,0
86.71,35.07,67.61,3.42,development,loamy,8.91,0
60.36,18.86,73.64,6.56,mid_season,loamy,0.88,0
55.32,18.79,45.28,0,initial,clay,0,0
47.76,31.67,62.96,2.51,late,loamy,4.61,0
42.27,21.8,44.13,3.83,late,clay,11.63,0
79.51,33.51,48.28,4.71,development,clay,10.3,0
59.79,27.63,40.72,2.5,mid_season,sandy,2.92,0
45.71,27.99,88.55,4.53,development,sandy,11.64,0
70.36,23.85,48.53,3.7,mid_season,sandy,12.62,0
70.84,30.66,71.26,0,initial,loamy,0,0
53.84,23.52,58.2,4.47,initial,clay,13.21,0
53.17,28.9,86.21,4.47,late,sandy,2.04,0
58.33,32.21,45.57,3.51,late,sandy,0.4,0
53.66,37.2,69.07,4.13,development,loamy,8.32,0
53.65,34.3,88.89,0,mid_season,sandy,0,1
25.88,28.99,66.32,4.07,development,loamy,1.41,0
65.18,35.32,66.73,2.11,development,loamy,18.87,0
25.96,33.98,76.8,4.18,mid_season,loamy,2.14,0
35.32,20.74,50.37,0,initial,loamy,0,0
17.41,31.78,61.38,2.47,late,loamy,11.95,0
38.93,37.06,45.76,0,initial,clay,0,1
90.95,19.22,69.58,3.68,initial,clay,12.37,0
42.6,22.41,70.47,4.74,late,clay,7.02,0
71.07,20.92,57.86,0,initial,loamy,0,0
56.88,20.95,73.25,0,initial,clay,0,0
55.96,20.49,59.71,3.68,initial,loamy,3.34,0
59.47,18.88,51.67,2.73,initial,sandy,3.44,0
56.87,34.83,80.93,4.39,mid_season,loamy,7.84,0
48.01,22.47,75.76,5.97,development,sandy,14.92,0
80.62,30.18,87.32,4.22,late,clay,11.66,0
46.17,28.73,48.36,3.92,development,sandy,6.24,0
58.88,37.18,54.28,3.0,initial,loamy,1.19,0
75.05,31.24,57.74,6.06,initial,clay,5.02,0
40.98,22.48,71.33,4.3,development,sandy,1.72,0
59.05,24.33,54.42,4.05,mid_season,clay,10.5,0
66.44,32.47,67.64,5.27,development,sandy,9.06,0
66.2,18.15,45.35,5.17,development,clay,12.06,0
34.78,31.16,63.06,4.73,initial,sandy,9.01,0
64.75,30.87,85.51,2.61,development,sandy,16.67,0
61.53,37.69,42.62,5.21,mid_season,loamy,13.31,0
32.92,37.85,41.45,2.81,initial,clay,4.85,0
45.75,23.34,76.32,0,mid_season,sandy,0,1
83.52,20.95,68.15,4.17,initial,sandy,4.79,0
46.44,18.69,47.47,5.05,mid_season,clay,13.37,0
70.14,21.97,60.03,6.06,late,clay,8.2,0
55.79,22.48,67.46,4.24,late,clay,14.03,0
80.94,27.35,67.01,3.39,late,clay,9.72,0
53.94,35.63,50.3,3.18,initial,sandy,8.04,0
45.73,32.95,83.19,2.27,initial,sandy,14.74,0
23.85,33.6,63.97,3.19,late,loamy,9.87,0
57.91,31.6,48.43,1.65,development,clay,12.52,0
67.71,30.9,66.79,2.99,late,loamy,10.53,0
55.8,18.36,80.24,0,initial,loamy,0,0
49.31,29.26,88.71,3.67,initial,sandy,4.27,0
46.68,18.46,69.72,0,development,sandy,0,1
42.18,33.28,43.59,4.48,mid_season,loamy,5.42,0
44.35,19.52,60.16,3.33,mid_season,clay,19.9,0
50.08,21.7,44.54,2.73,late,clay,23.04,0
50.79,31.19,60.81,2.56,mid_season,loamy,6.85,0
36.8,29.13,55.67,3.2,late,loamy,3.12,0
38.81,26.35,59.2,4.61,initial,sandy,1.89,0
63.75,22.08,82.65,0,development,sandy,0,0
66.95,29.06,56.43,4.35,development,loamy,4.15,0
67.16,21.68,81.28,4.97,late,clay,25.56,0
67.18,26.19,40.75,3.74,mid_season,clay,15.32,0
55.88,32.95,49.42,2.16,mid_season,sandy,3.41,0
92.84,29.69,56.87,3.45,mid_season,loamy,5.55,0
36.81,30.5,56.09,2.03,late,clay,20.29,0
63.62,29.93,82.09,3.76,development,sandy,12.27,0
33.27,20.18,63.64,3.97,development,sandy,0.74,0
48.08,34.9,68.65,0,late,clay,0,0
68.25,23.52,42.43,2.79,mid_season,loamy,4.83,0
78.13,31.7,63.92,3.34,late,sandy,3.86,0
65.71,25.93,74.22,0,late,sandy,0,0
50.35,18.8,77.62,3.0,development,sandy,4.41,0
74.69,37.04,75.29,5.68,late,sandy,10.57,0
32.65,30.2,63.24,4.69,mid_season,clay,15.39,0
49.93,33.92,55.59,3.34,development,loamy,2.42,0
45.24,28.84,47.35,4.73,mid_season,loamy,16.16,0
31.72,22.0,79.59,4.59,mid_season,clay,9.04,0
66.47,32.15,84.19,4.32,mid_season,sandy,8.42,0
68.21,20.1,54.85,5.19,initial,loamy,5.42,0
95,27.74,42.8,3.03,development,sandy,10.91,0
54.92,24.42,57.79,5.43,late,loamy,1.56,0
68.41,34.0,43.83,4.73,initial,loamy,5.43,0
44.88,34.3,89.8,3.22,initial,clay,17.52,0
47.1,35.71,76.79,4.67,mid_season,sandy,6.76,0
49.48,36.24,74.21,4.73,mid_season,sandy,13.72,0
59.87,28.51,77.65,4.07,development,clay,1.02,0
65.65,23.64,53.61,3.73,development,clay,13.26,0
62.3,21.98,46.65,4.37,late,loamy,9.12,0
74.65,33.29,46.22,0,initial,loamy,0,0
70.87,23.76,59.77,5.64,initial,loamy,8.58,0
71.21,19.99,88.2,2.7,initial,loamy,0.18,0
78.87,23.98,50.85,2.31,initial,clay,21.42,0
72.89,29.47,88.29,0,late,sandy,0,0
75.03,21.08,71.26,5.06,initial,sandy,14.44,0
45.5,35.64,41.2,5.0,late,sandy,1.91,0
63.15,31.42,63.9,5.32,mid_season,sandy,4.42,0
27.06,37.63,68.46,2.42,mid_season,clay,1.33,0
35.97,34.66,56.95,6.25,mid_season,sandy,9.46,0
50.88,19.2,65.98,4.5,initial,loamy,9.94,0
84.58,24.52,62.98,4.3,initial,clay,8.1,0
36.16,36.22,89.06,3.67,mid_season,sandy,16.3,0
51.02,18.69,70.13,0,late,sandy,0,1
44.53,29.98,54.35,0,initial,loamy,0,0
71.11,27.43,54.12,4.46,development,clay,16.03,0
40.72,34.25,66.31,5.86,initial,sandy,4.3,0
25.68,21.92,48.66,2.7,late,clay,7.72,0
40.95,21.13,49.56,3.82,development,loamy,0.15,0
46.49,29.96,60.69,4.01,initial,loamy,3.03,0
44.01,31.41,70.3,4.24,mid_season,loamy,5.71,0
28.76,21.97,45.7,4.98,development,sandy,2.3,0
56.66,21.5,55.53,3.24,mid_season,clay,9.33,0
50.41,35.34,67.82,2.24,initial,sandy,5.85,0
34.36,34.58,79.83,5.29,initial,loamy,3.86,0
64.54,36.75,48.83,0,mid_season,loamy,0,0
47.73,28.43,63.34,4.73,initial,sandy,6.74,0
70.03,27.29,68.45,3.34,initial,sandy,5.13,0
80.0,35.97,60.09,4.85,development,sandy,1.05,0
74.06,35.83,56.46,4.08,late,clay,13.52,0
51.68,30.04,70.14,4.29,mid_season,sandy,14.45,0
64.4,21.37,59.94,0,initial,clay,0,0
29.8,23.33,86.21,3.75,late,sandy,16.94,0
64.72,24.29,89.84,3.71,initial,loamy,11.08,0
87.48,33.54,82.2,4.56,development,clay,8.54,0
81.87,34.31,66.77,0,late,clay,0,0
24.47,27.79,70.49,3.8,development,sandy,8.2,0
42.73,19.76,89.38,5.47,mid_season,loamy,10.33,0
59.4,20.52,79.85,3.91,late,loamy,15.5,0
58.74,18.5,81.38,4.57,mid_season,sandy,12.24,0
56.55,36.32,72.85,5.29,late,loamy,21.93,0
58.32,27.01,86.81,4.53,mid_season,clay,9.62,0
58.44,18.89,73.72,6.26,mid_season,clay,6.78,0
71.5,19.02,84.1,0,initial,sandy,0,0
30.45,23.47,43.89,0,initial,loamy,0,0
60.84,36.85,69.87,2.85,late,loamy,16.35,0
60.78,19.06,84.81,2.09,initial,sandy,1.38,0
51.76,29.01,58.09,3.95,late,clay,4.98,0
59.2,35.55,63.46,4.89,mid_season,loamy,7.04,0
35.19,20.08,87.46,0,development,sandy,0,1
54.25,29.08,84.98,0,development,loamy,0,0
39.64,24.21,87.44,0,initial,clay,0,0
45.31,37.93,50.93,0,development,sandy,0,1
40.37,30.08,40.15,3.55,mid_season,sandy,8.72,0
67.39,34.26,76.76,3.36,late,clay,15.06,0
61.86,21.58,69.26,4.03,initial,clay,1.39,0
87.07,30.75,58.72,3.3,mid_season,loamy,2.99,0
91.7,24.66,50.75,5.82,late,loamy,8.82,0
30.72,18.54,48.78,4.2,late,sandy,3.01,0
17.43,37.6,67.48,0,initial,sandy,0,0
51.33,28.12,54.69,4.12,initial,clay,13.66,0
24.04,22.3,71.51,0,initial,loamy,0,0
63.81,29.17,78.74,4.55,late,clay,1.83,0
70.43,26.03,53.12,4.16,late,sandy,22.87,0
51.54,34.29,71.98,0,development,sandy,0,1
79.02,26.91,85.04,3.74,initial,sandy,10.41,0
41.46,23.6,50.08,3.1,development,sandy,10.77,0
50.65,28.14,40.63,0,development,clay,0,0
67.68,20.96,54.91,2.41,late,sandy,14.52,0
54.06,22.91,79.08,3.97,late,clay,30.49,0
79.58,25.93,46.09,4.33,initial,clay,4.97,0
26.63,18.75,79.93,4.4,mid_season,clay,5.6,0
60.55,36.33,61.1,3.05,development,loamy,3.77,0
53.61,22.67,43.49,5.01,development,loamy,3.97,0
30.37,19.8,82.22,4.87,mid_season,loamy,15.17,0
32.04,22.6,73.75,4.9,initial,loamy,6.36,0
36.56,25.75,74.18,3.31,mid_season,sandy,12.65,0
45.12,34.94,67.32,0,mid_season,clay,0,0
42.79,23.15,40.04,4.36,initial,loamy,12.79,0
20.71,33.47,44.52,2.56,initial,loamy,8.55,0
55.9,34.83,69.08,3.98,late,sandy,0.27,0
54.37,19.87,57.02,3.75,mid_season,clay,3.75,0
51.46,24.38,50.97,2.78,late,sandy,1.92,0
80.33,33.36,74.13,0,initial,sandy,0,0
78.29,30.43,89.97,2.61,initial,clay,5.09,0
90.11,32.85,82.42,3.1,late,loamy,9.75,0
47.14,36.81,62.32,4.51,initial,clay,9.33,0
44.53,20.99,62.08,0,late,sandy,0,1
52.86,34.56,78.82,2.01,development,clay,14.18,0
38.87,26.41,57.74,5.33,late,loamy,13.12,0
44.49,27.36,65.86,3.72,development,sandy,14.86,0
79.93,30.51,78.14,0,initial,clay,0,0
67.95,30.0,74.02,3.74,initial,loamy,4.93,0
75.84,27.69,61.64,4.07,development,sandy,19.78,0
56.98,32.09,78.4,2.93,initial,sandy,12.53,0
61.21,27.94,89.04,2.49,initial,loamy,4.29,0
19.1,21.44,69.71,2.42,mid_season,clay,2.91,0
55.89,19.08,78.98,4.45,late,sandy,8.87,0
87.75,34.29,82.4,0,development,loamy,0,0
35.73,27.07,74.04,5.35,initial,loamy,1.69,0
66.67,25.3,88.96,5.63,initial,clay,1.52,0
49.01,21.5,78.85,3.91,late,loamy,6.95,0
67.35,32.05,42.26,4.41,late,loamy,9.72,0
69.61,29.26,78.93,3.73,late,clay,1.76,0
53.37,29.48,82.59,4.05,development,clay,13.3,0
66.28,23.67,79.0,4.05,initial,sandy,14.42,0
55.61,19.53,70.85,0,initial,sandy,0,0
81.71,31.19,45.26,0,initial,sandy,0,0
72.2,29.99,87.19,4.23,initial,clay,4.38,0
58.25,27.74,83.99,4.1,development,clay,17.82,0
64.26,30.14,81.82,5.61,development,clay,8.94,0
58.02,28.18,63.82,4.42,late,sandy,12.88,0
59.09,29.78,54.33,1.86,mid_season,loamy,13.47,0
56.21,26.42,89.66,3.84,initial,clay,17.16,0
64.05,33.61,52.91,4.56,mid_season,loamy,5.85,0
93.02,20.85,51.49,4.07,development,loamy,12.36,0
63.18,25.78,84.51,4.29,initial,clay,5.93,0
27.48,38.0,89.19,0,development,loamy,0,1
80.11,23.11,42.88,4.04,initial,clay,4.22,0
58.92,26.53,59.95,2.71,initial,sandy,6.5,0
45.75,22.43,56.49,0,initial,sandy,0,0
56.18,35.56,57.88,6.12,development,clay,2.54,0
44.72,27.94,73.71,4.01,mid_season,clay,3.63,0
15.22,37.15,44.83,2.78,late,loamy,1.27,0
53.59,23.97,52.34,5.1,late,loamy,15.9,0
13.51,20.21,56.33,6.96,mid_season,sandy,4.49,0
66.15,24.0,71.52,4.67,initial,clay,5.66,0
29.2,37.71,62.89,4.1,development,loamy,7.0,0
64.11,23.44,88.2,3.88,late,clay,0.16,0
48.78,36.55,89.96,3.28,development,sandy,15.55,0
95,20.6,55.41,4.43,development,sandy,5.75,0
71.34,32.63,58.22,0,development,sandy,0,0
49.86,26.3,89.72,0,initial,clay,0,0
71.2,32.0,50.56,5.21,initial,loamy,0.02,0
49.99,23.76,85.21,4.46,development,sandy,3.69,0
79.67,24.3,40.96,0,late,clay,0,0
58.99,30.68,63.11,4.42,development,sandy,19.09,0
69.45,29.02,49.77,3.28,late,clay,14.08,0
55.5,29.4,80.26,3.35,initial,clay,13.78,0
59.06,35.04,50.38,0,mid_season,loamy,0,0
88.69,27.41,61.41,3.39,development,clay,17.63,0
59.93,21.36,85.81,0,mid_season,loamy,0,0
54.26,35.03,84.42,0,late,loamy,0,0
23.62,27.72,72.43,4.43,mid_season,sandy,1.64,0
48.06,26.08,78.27,4.54,development,loamy,7.72,0
80.84,24.88,79.32,0,development,sandy,0,0
75.59,25.13,81.08,4.09,late,sandy,9.92,0
83.34,32.66,89.96,3.97,initial,clay,2.64,0
32.6,18.24,47.08,0,development,clay,0,1
35.47,19.11,53.78,0,initial,clay,0,0
72.79,37.26,44.12,3.33,development,loamy,6.78,0
80.5,20.47,43.55,4.03,initial,clay,13.71,0
31.9,35.53,52.33,3.15,mid_season,clay,21.43,0
56.24,27.73,58.82,2.84,late,sandy,5.47,0
40.99,30.79,58.85,4.12,initial,sandy,2.87,0
28.19,31.83,48.83,4.8,initial,clay,6.27,0
54.49,33.46,82.2,1.99,development,loamy,10.6,0
15.91,35.7,55.1,5.95,initial,clay,8.59,0
56.16,20.19,51.71,4.59,late,sandy,14.05,0
84.08,25.43,66.81,0,late,loamy,0,0
50.36,22.35,47.5,4.15,development,clay,9.64,0
61.39,29.52,45.75,4.84,late,sandy,13.19,0
42.62,18.35,65.31,2.57,late,sandy,15.94,0
56.36,25.57,77.06,4.51,development,loamy,5.87,0
38.74,36.51,43.89,0,development,clay,0,1
50.38,30.88,86.68,3.23,development,loamy,21.84,0
39.56,27.0,42.29,0,development,loamy,0,1
58.12,21.43,58.99,0,late,sandy,0,1
46.33,25.41,71.11,0,mid_season,sandy,0,1
52.9,20.45,67.15,2.8,development,sandy,6.49,0
59.56,31.2,79.14,3.98,initial,loamy,18.08,0
54.93,34.69,43.28,5.46,development,sandy,5.96,0
85.1,28.93,82.22,4.87,late,clay,8.06,0
50.27,36.55,46.74,3.03,late,clay,26.57,0
84.5,28.67,64.06,0,late,loamy,0,0
70.66,36.71,74.24,3.38,initial,loamy,7.87,0
46.71,36.59,45.76,3.87,late,loamy,4.83,0
70.55,31.95,85.52,4.21,development,loamy,11.72,0
49.55,34.62,70.82,6.32,late,clay,6.67,0
88.28,35.52,80.05,3.7,late,loamy,9.65,0
61.1,27.83,56.21,3.84,initial,loamy,6.1,0
69.93,31.31,54.55,2.57,development,loamy,8.57,0
75.33,19.83,53.6,3.73,late,loamy,9.24,0
43.56,34.81,88.61,5.11,late,clay,0.69,0
69.4,28.48,70.16,4.76,mid_season,loamy,14.67,0
95,27.75,66.74,4.44,initial,loamy,2.85,0
50.46,37.27,41.07,3.8,development,clay,6.21,0
56.29,22.53,81.19,3.13,development,clay,9.19,0
56.62,24.67,52.09,3.25,initial,sandy,8.01,0
81.65,27.92,42.91,2.41,late,clay,18.74,0
27.69,21.63,65.07,5.02,development,sandy,9.98,0
38.71,34.42,82.35,0,initial,loamy,0,0
37.11,22.61,59.36,3.59,mid_season,clay,1.66,0
59.46,36.74,40.42,0,initial,sandy,0,1
63.15,31.25,71.16,3.26,mid_season,loamy,13.28,0
46.59,22.81,77.35,4.11,development,loamy,11.74,0
63.84,27.16,77.88,4.28,development,sandy,9.65,0
8.53,24.65,48.07,2.41,mid_season,loamy,22.33,0
30.64,29.45,88.28,3.5,development,clay,0.96,0
42.22,23.35,48.22,3.65,late,sandy,9.55,0
57.41,27.31,66.93,3.46,development,loamy,21.11,0
61.38,23.74,84.08,6.05,initial,loamy,7.77,0
95,21.45,58.9,3.79,late,sandy,8.38,0
21.48,23.87,46.5,1.73,late,clay,8.18,0
72.74,25.72,60.59,0,initial,loamy,0,0
62.48,21.18,72.43,3.83,late,clay,15.22,0
82.34,31.27,73.41,2.87,late,loamy,10.42,0
26.73,36.35,69.11,2.55,mid_season,loamy,18.18,0
32.69,24.8,68.62,4.54,initial,loamy,11.88,0
64.36,23.06,69.05,3.92,mid_season,loamy,8.8,0
22.33,22.84,59.01,3.33,late,sandy,6.4,0
80.09,20.34,73.71,3.91,initial,sandy,5.45,0
47.91,36.71,53.03,4.6,late,sandy,9.17,0
28.37,25.19,89.27,4.84,mid_season,sandy,3.09,0
28.67,19.97,58.26,4.86,development,loamy,4.25,0
45.76,21.58,69.66,4.53,initial,loamy,10.11,0
72.64,24.99,48.37,4.83,development,loamy,5.79,0
5,32.37,46.32,2.16,development,loamy,8.99,0
32.5,24.94,55.14,0,development,sandy,0,1
58.12,35.7,76.85,4.3,mid_season,sandy,6.77,0
12.33,31.26,87.69,5.62,late,loamy,7.32,0
69.38,19.04,40.41,0,initial,clay,0,0
50.01,22.58,49.59,6.04,mid_season,sandy,5.51,0
37.58,19.16,84.66,0.87,initial,loamy,1.94,0
76.7,25.73,75.31,3.24,late,sandy,7.87,0
46.13,25.13,50.02,3.2,late,loamy,18.04,0
33.25,25.41,56.9,1.66,development,clay,18.8,0
74.34,37.5,71.9,5.31,initial,loamy,1.96,0
75.75,31.1,77.08,4.74,late,sandy,11.05,0
91.29,36.14,49.63,2.95,late,sandy,21.73,0
95,23.11,45.67,3.0,mid_season,clay,9.72,0
44.98,30.86,55.26,2.84,development,loamy,12.97,0
45.65,32.38,53.11,3.17,late,loamy,1.43,0
45.34,21.17,76.15,4.02,mid_season,sandy,6.05,0
28.21,27.71,51.86,3.02,mid_season,clay,15.44,0
59.23,36.08,47.58,0,initial,sandy,0,1
53.45,29.35,80.45,4.61,development,loamy,4.75,0
65.91,30.96,66.43,5.39,mid_season,clay,5.07,0
51.15,23.61,77.67,2.99,mid_season,sandy,17.86,0
53.58,35.08,78.15,3.71,initial,clay,18.97,0
24.38,19.97,64.09,0,mid_season,sandy,0,1
41.85,27.77,58.76,5.1,late,loamy,4.68,0
41.82,36.63,42.85,6.93,development,loamy,12.23,0
57.32,30.26,80.01,2.77,late,loamy,17.71,0
58.62,19.01,40.27,3.53,late,loamy,7.02,0
40.36,22.2,78.12,0,late,clay,0,1
46.76,31.89,57.8,0,initial,loamy,0,0
26.74,31.67,42.28,1.3,development,sandy,15.24,0
39.45,34.09,73.68,2.91,initial,loamy,15.11,0
53.92,32.5,66.13,0,late,clay,0,0
90.48,24.61,80.91,3.17,initial,loamy,18.68,0
56.75,20.72,51.69,3.95,development,clay,15.04,0
46.31,29.13,64.26,3.91,initial,clay,0.76,0
47.72,32.5,69.03,3.32,late,clay,11.95,0
57.22,21.84,49.82,4.62,mid_season,sandy,1.36,0
47.05,21.07,41.69,0,late,loamy,0,1
75.69,22.64,69.27,4.52,late,clay,10.68,0
93.87,23.79,65.62,2.98,mid_season,clay,8.17,0
59.33,22.69,41.94,0,initial,sandy,0,0
73.54,28.68,70.22,4.33,initial,clay,7.56,0
71.24,24.6,67.0,3.42,late,loamy,3.23,0
53.94,28.76,81.43,3.27,development,loamy,13.28,0
60.2,36.7,79.43,3.95,mid_season,loamy,9.22,0
35.63,36.52,49.32,3.75,mid_season,clay,8.0,0
69.19,27.92,53.05,2.75,development,sandy,8.0,0
43.84,32.37,62.69,0,initial,sandy,0,0
57.28,19.44,54.03,3.52,development,clay,10.27,0
65.79,18.53,64.26,4.71,late,sandy,3.5,0
60.06,36.16,75.94,3.24,mid_season,sandy,10.4,0
80.82,34.88,83.02,2.41,mid_season,loamy,5.94,0
45.88,37.35,46.06,4.47,initial,clay,11.47,0
25.82,32.29,69.07,3.49,late,clay,8.16,0
82.63,21.51,71.49,3.99,initial,loamy,8.64,0
48.99,29.6,54.6,2.06,mid_season,loamy,6.22,0
79.0,30.44,67.43,3.38,mid_season,sandy,11.18,0
62.7,26.06,85.78,0,initial,clay,0,0
70.82,29.06,80.01,3.65,development,clay,16.82,0
64.66,37.61,81.71,0,mid_season,loamy,0,0
38.76,27.89,45.82,4.52,development,loamy,25.98,0
71.67,22.54,50.49,3.92,late,clay,13.58,0
53.5,30.7,76.46,2.97,late,clay,12.33,0
50.27,29.61,70.8,4.48,initial,clay,11.54,0
63.57,36.08,75.87,3.77,mid_season,sandy,15.75,0
51.01,22.25,79.03,6.34,late,clay,6.26,0
51.35,33.95,66.57,4.35,late,clay,3.74,0
46.58,34.47,55.69,4.15,late,sandy,3.39,0
80.09,25.08,54.66,3.79,mid_season,loamy,0.16,0
52.71,21.32,82.57,4.39,initial,sandy,3.21,0
54.38,22.5,67.41,4.81,late,clay,9.8,0
36.41,35.79,41.4,0,late,sandy,0,1
54.25,19.55,89.47,5.03,late,loamy,15.42,0
53.2,30.66,69.32,2.89,mid_season,loamy,8.55,0
17.13,25.23,86.44,4.75,mid_season,clay,8.11,0
63.7,26.75,70.83,3.25,initial,clay,3.3,0
48.39,25.36,89.13,3.17,initial,sandy,2.52,0
21.91,20.52,45.83,4.29,initial,loamy,7.82,0
52.09,20.17,83.84,4.67,initial,clay,5.7,0
83.46,24.87,61.38,2.52,initial,clay,4.18,0
50.35,24.18,47.66,0,development,sandy,0,1
64.02,19.94,79.54,3.14,development,loamy,9.14,0
64.47,32.65,67.33,4.03,late,loamy,2.83,0
45.67,22.28,70.66,4.9,mid_season,loamy,20.85,0
56.03,37.17,59.23,0,initial,loamy,0,0
41.8,26.22,71.16,4.13,mid_season,sandy,18.26,0
72.58,30.0,64.92,0,mid_season,clay,0,0
46.59,33.41,44.52,4.12,development,sandy,16.89,0
46.22,25.26,85.47,4.81,mid_season,clay,11.34,0
89.08,27.25,40.72,4.02,development,loamy,14.87,0
44.54,37.73,84.78,2.49,development,sandy,9.56,0
39.99,36.37,59.21,4.06,development,sandy,7.95,0
55.03,22.29,50.13,4.13,development,clay,11.42,0
44.56,36.95,51.29,2.87,mid_season,clay,18.58,0
37.44,30.2,67.58,0,development,clay,0,1
31.86,23.5,41.97,4.55,mid_season,clay,10.21,0
84.23,22.89,84.73,4.25,development,clay,13.94,0
64.17,32.03,43.22,4.05,development,sandy,9.61,0
59.34,32.67,50.04,5.1,mid_season,loamy,19.5,0
47.03,25.41,64.33,4.42,mid_season,clay,18.03,0
62.49,20.71,55.6,2.33,mid_season,loamy,0.54,0
33.66,20.88,69.81,5.05,development,loamy,5.97,0
86.61,26.21,49.4,6.04,development,sandy,3.7,0
71.67,32.36,88.79,3.87,mid_season,clay,6.58,0
77.52,18.92,70.79,0,initial,loamy,0,0
41.38,37.66,88.02,3.18,development,clay,13.9,0
74.26,28.44,76.24,5.79,initial,loamy,4.26,0
95,33.46,48.26,3.71,development,sandy,20.31,0
53.2,18.11,46.96,2.29,late,loamy,3.39,0
51.47,34.32,55.08,0,development,clay,0,0
62.47,29.33,80.9,3.96,development,clay,7.85,0
37.66,36.25,57.43,4.14,late,loamy,0.07,0
43.59,21.02,42.73,3.72,late,clay,2.48,0
78.23,18.2,58.23,0,initial,clay,0,0
46.07,19.37,64.71,3.81,initial,clay,10.09,0
67.0,33.82,87.93,4.14,development,clay,4.45,0
68.14,23.01,69.17,2.36,development,loamy,11.3,0
32.0,35.73,57.51,0,mid_season,loamy,0,1
53.25,20.86,88.34,0,mid_season,sandy,0,1
35.61,23.56,58.77,0,initial,loamy,0,0
61.11,31.95,52.77,3.41,development,loamy,8.81,0
77.61,34.08,63.68,0,mid_season,sandy,0,0
37.29,25.08,50.44,5.16,late,clay,3.53,0
84.69,27.11,71.23,4.87,late,loamy,12.11,0
45.53,21.63,78.67,4.17,initial,sandy,1.83,0
84.49,19.07,85.6,4.22,development,clay,8.92,0
22.61,35.86,54.61,4.74,late,sandy,12.67,0
58.49,19.27,53.6,0,initial,loamy,0,0
60.69,37.38,66.99,3.58,development,sandy,2.37,0
72.51,23.35,79.23,4.67,initial,sandy,6.97,0
45.74,35.94,72.18,3.08,mid_season,sandy,6.95,0
58.11,33.27,64.93,7.05,initial,clay,2.87,0
59.2,22.64,44.73,4.43,late,loamy,14.17,0
32.93,35.6,79.04,3.22,late,clay,7.42,0
26.3,31.35,63.49,4.01,initial,loamy,3.61,0
72.28,19.78,74.19,4.41,late,sandy,7.94,0
81.07,28.24,64.03,3.76,initial,clay,8.66,0
39.05,28.71,86.75,0,initial,sandy,0,0
58.2,29.37,42.4,0,mid_season,loamy,0,0
57.68,27.59,71.29,4.34,late,clay,8.16,0
60.56,25.9,48.15,3.92,late,loamy,12.91,0
60.19,27.22,60.79,3.25,initial,sandy,9.62,0
63.69,25.23,86.64,0,mid_season,loamy,0,0
50.54,21.78,40.14,2.39,late,clay,5.08,0
58.55,19.89,62.87,4.02,initial,loamy,8.68,0
65.58,33.89,85.23,5.01,mid_season,loamy,10.54,0
75.5,22.02,52.28,2.58,mid_season,loamy,5.31,0
39.17,37.72,65.5,0,development,clay,0,1
49.14,29.31,65.38,3.86,mid_season,sandy,8.83,0
44.66,19.16,89.62,3.57,late,clay,6.23,0
59.51,21.93,89.51,2.99,mid_season,clay,4.06,0
56.23,18.52,69.52,0,late,loamy,0,0
21.39,20.55,63.48,0,development,loamy,0,1
55.57,19.04,52.44,4.02,initial,clay,1.97,0
57.31,28.34,54.97,3.31,development,clay,12.04,0
86.81,24.66,75.78,0,initial,sandy,0,0
37.06,23.53,70.68,2.1,development,clay,1.63,0
83.76,29.97,74.5,2.56,initial,sandy,2.51,0
28.64,26.71,43.51,3.76,development,loamy,3.95,0
49.56,30.4,82.56,5.19,development,loamy,7.85,0
50.76,35.23,43.47,0,development,loamy,0,1
47.66,30.09,85.59,2.7,mid_season,clay,0.23,0
41.84,29.95,83.13,4.02,initial,loamy,11.55,0
18.94,33.45,76.69,2.82,late,loamy,1.75,0
74.28,36.85,56.67,0,development,clay,0,0
56.82,29.67,44.1,6.14,initial,loamy,15.45,0
40.01,30.94,69.53,3.28,late,loamy,6.5,0
38.2,19.28,83.77,2.04,development,sandy,8.99,0
94.61,27.36,52.03,2.81,late,sandy,8.85,0
29.53,35.06,52.0,1.8,initial,clay,9.65,0
61.24,20.33,77.97,3.9,mid_season,loamy,7.46,0
46.1,30.64,70.13,4.4,development,loamy,5.82,0
51.15,20.25,82.6,4.1,initial,sandy,0.5,0
55.83,22.38,50.76,3.78,mid_season,clay,15.87,0
75.22,34.24,45.48,0,late,clay,0,0
81.19,18.64,52.93,3.01,initial,clay,14.08,0
30.64,31.86,89.11,5.06,development,loamy,15.63,0
77.31,34.96,60.6,0,initial,clay,0,0
62.36,27.78,65.23,2.82,initial,sandy,5.23,0
81.09,23.23,51.9,0,development,loamy,0,0
29.66,30.12,49.57,0,initial,loamy,0,0
57.93,33.04,74.63,5.14,late,clay,12.11,0
71.48,26.63,85.34,4.2,initial,clay,1.05,0
76.03,36.06,59.71,5.09,development,loamy,12.33,0
66.13,25.28,82.24,0,mid_season,clay,0,0
46.93,28.66,55.41,5.84,mid_season,sandy,12.19,0
64.76,33.82,75.77,0,mid_season,sandy,0,0
38.94,28.0,60.24,3.09,initial,sandy,3.77,0
81.69,29.88,84.09,4.79,development,loamy,3.42,0
57.25,24.43,40.74,2.4,late,sandy,14.28,0
37.24,18.22,69.34,0,initial,sandy,0,0
27.41,25.09,58.01,4.83,development,loamy,14.47,0
62.13,35.68,52.33,2.8,development,loamy,14.21,0
77.27,35.01,64.76,3.12,late,clay,4.76,0
42.42,19.19,89.54,4.36,late,loamy,12.88,0
70.41,34.43,64.84,0,mid_season,clay,0,0
89.34,20.33,51.9,0,mid_season,clay,0,0
71.27,31.92,43.08,0,initial,loamy,0,0
62.06,24.19,67.8,2.43,late,sandy,1.92,0
22.85,33.56,88.87,5.24,late,sandy,12.88,0
51.08,23.83,53.76,3.47,development,loamy,3.4,0
53.73,32.95,71.35,0,late,clay,0,0
57.59,22.28,86.81,5.99,development,sandy,8.04,0
56.21,22.24,56.56,2.52,initial,loamy,6.98,0
47.15,20.75,82.73,2.95,late,clay,0.3,0
65.99,28.13,84.21,0,initial,loamy,0,0
28.67,24.79,88.12,6.4,development,loamy,11.03,0
28.27,34.08,64.3,5.06,late,clay,20.47,0
60.97,37.39,42.88,4.43,initial,clay,0.88,0
60.18,29.41,74.85,4.3,late,sandy,8.51,0
25.28,20.55,85.12,0,initial,sandy,0,0
69.54,22.17,46.51,0,initial,loamy,0,0
62.9,25.36,56.75,4.19,initial,clay,3.5,0
37.96,21.83,59.19,3.34,mid_season,clay,1.26,0
37.5,31.51,84.78,0,initial,loamy,0,0
18.36,37.9,88.65,4.43,development,loamy,9.85,0
45.35,36.81,73.3,1.35,late,sandy,7.38,0
70.88,30.86,81.78,4.13,development,clay,5.7,0
69.09,19.12,49.63,3.86,initial,loamy,1.52,0
52.98,30.91,68.52,0,late,loamy,0,0
54.24,24.42,47.18,0,mid_season,sandy,0,1
63.52,32.64,79.77,0,initial,loamy,0,0
71.78,29.83,85.41,1.22,mid_season,loamy,4.61,0
84.96,18.23,67.86,0,development,clay,0,0
35.05,33.21,83.31,4.46,development,sandy,17.57,0
55.07,35.33,50.27,0,late,clay,0,0
40.44,23.53,50.37,5.31,late,clay,25.05,0
44.33,25.04,57.61,4.79,mid_season,clay,5.56,0
80.87,22.82,51.43,3.78,mid_season,sandy,9.44,0
66.99,25.54,63.45,4.45,mid_season,loamy,7.04,0
71.44,21.29,66.52,0,initial,sandy,0,0
50.95,26.32,61.34,3.87,late,sandy,10.57,0
59.63,22.9,79.03,3.75,mid_season,sandy,0.67,0
26.12,34.66,58.24,5.46,development,sandy,1.41,0
74.17,35.17,60.42,6.1,mid_season,loamy,6.96,0
75.09,21.02,81.2,5.31,mid_season,clay,5.02,0
31.8,23.23,48.69,4.46,initial,clay,13.14,0
60.65,32.4,86.47,5.16,late,sandy,5.24,0
64.94,30.17,57.76,4.78,initial,loamy,2.91,0
53.52,35.62,67.47,5.54,initial,loamy,10.3,0
63.37,31.52,58.34,4.19,late,clay,12.47,0
60.7,33.04,54.05,0,initial,loamy,0,0
63.46,31.81,65.57,3.88,development,loamy,8.78,0
58.24,36.58,76.78,5.79,mid_season,loamy,17.4,0
86.46,26.32,87.5,4.16,late,sandy,5.29,0
46.86,37.73,88.06,5.0,late,sandy,1.32,0
40.66,33.75,87.82,2.24,late,sandy,13.1,0
74.48,36.98,49.28,0,mid_season,sandy,0,0
46.98,30.04,83.75,4.42,late,clay,8.79,0
73.81,28.77,74.43,6.18,development,loamy,3.04,0
65.11,26.67,76.52,5.88,late,loamy,16.09,0
42.38,36.68,68.71,0,late,clay,0,1
32.72,32.86,86.64,3.83,development,sandy,3.16,0
54.91,36.07,71.94,3.39,mid_season,loamy,5.69,0
74.48,28.53,54.97,0,mid_season,clay,0,0
26.33,34.06,67.19,3.22,late,clay,16.89,0
17.7,19.14,58.29,2.08,development,sandy,10.44,0
34.17,24.0,44.62,3.94,late,loamy,19.0,0
41.23,24.53,72.11,2.32,mid_season,sandy,15.84,0
53.13,35.15,51.55,7.09,mid_season,loamy,4.67,0
45.2,35.41,86.77,2.73,mid_season,sandy,11.5,0
63.43,24.6,68.39,0,late,sandy,0,0
55.91,34.91,79.39,4.64,late,loamy,1.72,0
62.57,28.13,62.28,0,initial,loamy,0,0
56.58,29.05,63.04,0,initial,loamy,0,0
79.0,24.52,67.11,3.8,mid_season,loamy,7.07,0
53.16,28.72,88.73,4.62,development,loamy,15.91,0
36.87,19.79,76.51,4.78,late,loamy,5.08,0
57.43,23.25,72.33,3.57,development,loamy,5.43,0
80.01,21.52,79.65,4.85,initial,sandy,0.13,0
41.74,22.99,40.65,3.78,mid_season,clay,10.49,0
5,27.91,53.94,3.09,development,loamy,9.1,0
38.7,27.32,84.13,2.56,initial,loamy,5.7,0
56.07,32.22,75.98,3.83,late,sandy,14.21,0
61.57,26.95,59.78,4.72,mid_season,clay,20.97,0
67.99,23.57,86.98,0,mid_season,sandy,0,0
43.43,25.16,81.72,0,late,sandy,0,1
87.02,37.58,52.28,2.89,late,loamy,10.75,0
39.84,26.72,60.77,3.52,development,sandy,4.37,0
71.86,37.14,61.1,5.97,development,sandy,3.59,0
73.39,31.91,69.79,3.32,development,clay,13.44,0
69.96,32.35,82.41,0,initial,loamy,0,0
61.94,34.49,49.32,0,initial,sandy,0,0
51.08,20.3,88.13,4.67,initial,loamy,3.47,0
71.45,36.82,83.77,3.82,mid_season,clay,1.38,0
85.21,28.12,53.74,5.4,initial,loamy,7.17,0
73.23,29.0,55.86,5.02,late,clay,22.46,0
27.51,18.86,48.89,2.71,initial,loamy,0.21,0
41.6,27.19,68.92,4.33,development,sandy,17.16,0
37.66,26.01,42.74,5.94,development,clay,2.86,0
79.72,20.53,69.64,3.02,late,sandy,0.61,0
29.71,34.44,61.8,5.66,initial,sandy,17.13,0
52.91,35.83,61.58,0,initial,clay,0,0
51.79,19.13,74.45,3.62,mid_season,clay,2.76,0
29.32,32.66,71.52,3.32,mid_season,clay,14.2,0
75.02,27.45,79.19,3.44,development,clay,6.8,0
95,19.13,58.98,4.89,initial,loamy,12.55,0
36.71,22.53,43.18,3.74,late,sandy,4.63,0
50.63,31.72,61.37,5.9,late,clay,9.82,0
59.59,26.77,68.8,0,initial,loamy,0,0
83.4,33.26,84.86,4.86,mid_season,loamy,11.11,0
65.81,19.31,52.99,5.51,initial,clay,10.44,0
43.59,22.74,87.84,3.69,mid_season,sandy,6.78,0
44.24,29.88,50.95,4.5,late,sandy,11.61,0
95,36.28,61.03,3.7,mid_season,clay,4.69,0
9.02,23.87,47.71,2.13,late,sandy,16.3,0
52.08,22.71,62.01,3.76,development,clay,14.72,0
67.6,28.43,77.25,0,late,clay,0,0
26.81,32.15,62.34,5.96,mid_season,loamy,8.44,0
34.58,21.29,72.37,0,mid_season,loamy,0,1
57.48,19.33,63.7,4.59,initial,loamy,0.49,0
81.39,23.44,84.04,0,development,sandy,0,0
55.02,25.94,59.1,5.2,development,loamy,1.28,0
52.38,26.91,47.38,4.17,initial,sandy,5.85,0
45.05,28.28,82.38,3.69,initial,sandy,7.72,0
48.54,33.3,47.98,1.45,development,loamy,12.73,0
49.01,27.27,84.68,2.98,development,clay,0.37,0
63.78,22.48,69.8,5.45,initial,clay,4.98,0
94.19,18.72,80.76,3.95,mid_season,sandy,21.09,0
61.34,23.25,64.94,3.54,late,loamy,8.79,0
87.76,33.61,71.15,3.57,late,clay,14.43,0
48.22,35.79,84.23,5.47,late,sandy,6.77,0
58.17,36.0,83.76,3.2,mid_season,loamy,21.07,0
51.47,20.4,65.05,4.04,late,loamy,3.34,0
64.98,28.26,57.4,0,late,loamy,0,0
39.98,29.44,57.72,0,initial,clay,0,0
85.49,37.1,66.31,3.64,initial,loamy,14.86,0
50.61,30.19,64.57,3.71,initial,loamy,10.53,0
73.05,35.4,55.3,3.8,development,clay,0.03,0
48.41,32.09,56.22,0,development,loamy,0,1
42.76,23.49,85.57,4.8,late,loamy,3.23,0
46.18,37.75,87.1,4.57,late,loamy,4.17,0
67.98,20.58,52.15,5.35,development,clay,11.43,0
58.26,30.83,54.88,0,initial,sandy,0,0
64.17,19.2,40.32,3.39,late,loamy,2.32,0
62.74,19.56,74.87,4.07,late,sandy,10.26,0
65.73,36.39,74.24,1.8,late,clay,0.45,0
49.36,25.42,65.54,3.05,development,loamy,4.92,0
30.95,19.31,85.79,0,initial,loamy,0,0
55.82,25.74,80.09,4.83,initial,clay,15.62,0
54.8,18.86,62.54,3.44,late,sandy,8.71,0
69.22,29.26,88.72,0,development,loamy,0,0
48.27,26.86,80.31,4.59,development,sandy,0.7,0
60.56,22.89,80.82,4.15,development,loamy,10.3,0
63.96,20.41,44.68,3.64,late,loamy,17.06,0
52.07,36.96,62.22,3.05,mid_season,sandy,12.22,0
69.41,34.87,43.98,4.74,mid_season,clay,10.5,0
65.62,30.96,66.73,4.72,late,clay,18.05,0
76.36,30.17,72.02,4.49,initial,loamy,6.11,0
61.51,28.05,80.62,4.01,development,loamy,2.73,0
72.21,19.72,57.82,3.27,initial,clay,8.3,0
50.86,36.59,84.88,4.24,mid_season,loamy,11.79,0
49.47,22.83,82.74,2.48,initial,loamy,6.46,0
50.26,31.75,72.37,6.48,mid_season,clay,10.72,0
60.59,37.14,70.16,0,late,loamy,0,0
55.93,27.99,55.51,2.27,mid_season,clay,7.88,0
72.02,37.16,50.11,3.87,development,sandy,4.26,0
48.41,23.58,83.65,3.27,development,loamy,13.36,0
49.86,31.82,59.33,4.92,late,sandy,14.26,0
82.92,33.44,71.07,2.35,initial,loamy,0.66,0
54.99,29.82,79.24,4.56,initial,clay,2.01,0
59.93,24.0,49.83,3.55,late,loamy,6.64,0
56.27,37.68,40.18,4.2,late,loamy,15.87,0
59.96,19.61,83.87,3.63,development,clay,16.21,0
58.13,21.51,64.03,0,initial,sandy,0,0
53.21,33.51,55.62,3.8,development,sandy,8.86,0
54.53,33.11,47.42,1.93,mid_season,loamy,19.22,0
37.16,34.74,49.14,3.31,mid_season,sandy,13.76,0
56.89,25.91,59.86,2.7,development,loamy,8.42,0
82.14,30.42,48.08,3.9,late,loamy,20.76,0
58.5,34.69,83.78,1.72,development,sandy,2.47,0
52.63,35.51,66.95,2.87,initial,clay,3.08,0
28.99,22.82,80.13,2.63,mid_season,clay,13.18,0
73.24,34.01,49.97,3.64,development,loamy,5.07,0
52.94,33.34,56.65,3.97,development,sandy,23.81,0
69.77,27.18,64.47,4.04,mid_season,clay,10.67,0
61.31,18.13,41.08,4.4,development,loamy,8.79,0
39.1,23.95,41.17,3.73,development,loamy,5.95,0
47.14,27.35,88.66,3.78,initial,sandy,9.8,0
67.54,35.9,49.55,3.0,late,loamy,13.08,0
38.69,36.1,84.23,2.75,initial,sandy,10.84,0
69.07,32.16,78.93,3.94,mid_season,loamy,4.65,0
52.74,23.36,53.38,4.6,initial,loamy,5.53,0
48.84,37.19,40.97,4.88,late,clay,2.43,0
59.04,34.91,41.9,0,development,sandy,0,1
63.39,29.7,64.77,4.99,mid_season,clay,12.81,0
35.7,28.81,51.94,3.96,development,clay,4.29,0
50.48,22.59,78.75,4.32,development,loamy,17.48,0
41.42,34.47,60.11,3.57,mid_season,clay,25.14,0
72.39,19.75,53.43,3.92,late,clay,5.77,0
31.76,18.27,54.24,5.1,development,clay,9.49,0
87.11,20.8,85.84,4.1,mid_season,sandy,10.57,0
67.18,34.12,69.0,0,late,clay,0,0
95,20.51,40.17,4.93,late,loamy,6.85,0
26.45,23.88,80.01,4.39,late,clay,9.06,0
16.04,18.59,89.56,2.39,initial,clay,3.87,0
44.43,37.19,44.65,5.66,initial,loamy,1.55,0
52.8,27.94,54.21,6.81,late,sandy,2.59,0
58.78,24.38,53.53,4.32,development,clay,8.0,0
64.38,32.82,44.19,5.07,development,clay,23.76,0
26.92,22.2,81.61,1.2,mid_season,sandy,18.08,0
69.88,25.27,50.84,4.34,mid_season,clay,15.29,0
52.73,28.8,87.84,3.32,late,sandy,0.82,0
68.52,32.96,52.21,4.09,late,sandy,11.45,0
53.09,18.7,71.89,4.92,mid_season,clay,9.07,0
25.38,23.99,75.01,1.03,development,clay,9.02,0
67.08,33.59,77.03,5.67,late,sandy,4.67,0
28.93,35.47,76.2,2.3,initial,clay,6.75,0
57.33,29.86,85.72,3.21,late,sandy,11.14,0
58.66,26.03,88.13,3.83,mid_season,loamy,10.17,0
74.0,31.35,89.76,2.32,late,sandy,4.37,0
76.18,26.72,82.91,3.75,mid_season,clay,20.24,0
65.76,24.78,42.28,4.65,development,sandy,8.78,0
44.01,35.81,45.11,3.03,initial,sandy,2.66,0
57.85,36.08,87.36,4.85,late,loamy,6.15,0
53.79,27.2,40.58,0,initial,sandy,0,0
46.92,25.99,71.69,5.49,late,sandy,10.66,0
5.18,31.2,89.7,3.45,initial,clay,14.41,0
40.92,28.14,65.45,4.21,initial,sandy,3.01,0
95,19.26,88.92,0,initial,sandy,0,0
81.07,32.44,65.32,3.26,initial,loamy,8.55,0
57.72,25.74,54.85,4.22,late,clay,6.19,0
41.34,25.66,74.94,4.06,mid_season,clay,8.23,0
72.2,34.96,69.26,3.52,development,sandy,16.57,0
50.37,18.15,75.65,4.67,initial,clay,4.86,0
26.48,33.37,46.56,3.13,mid_season,sandy,13.95,0
56.22,25.1,81.87,2.11,initial,loamy,12.29,0
45.9,18.91,74.95,3.0,late,clay,15.81,0
75.5,37.06,71.05,4.56,initial,loamy,11.76,0
65.18,27.54,84.16,2.41,initial,loamy,10.52,0
69.61,32.79,45.59,0,initial,loamy,0,0
75.47,23.72,79.49,5.89,late,clay,10.81,0
36.93,26.09,48.55,4.75,development,sandy,16.92,0
62.64,27.15,74.58,4.77,mid_season,loamy,6.64,0
83.77,31.63,68.13,2.74,initial,sandy,4.39,0
78.46,33.87,74.25,5.17,mid_season,sandy,9.36,0
65.84,34.1,76.63,4.73,development,sandy,21.76,0
50.28,32.99,66.22,5.32,mid_season,loamy,17.3,0
41.84,35.01,78.41,3.82,late,loamy,10.05,0
34.57,27.2,81.26,0,initial,clay,0,0
51.69,37.33,51.72,3.32,late,loamy,8.25,0
74.5,27.35,55.88,0,late,sandy,0,0
95,29.95,69.47,0,development,sandy,0,0
48.21,36.66,40.61,3.04,initial,clay,8.51,0
65.53,21.72,76.81,4.04,mid_season,clay,8.54,0
56.09,34.93,64.65,3.81,development,sandy,1.8,0
74.09,18.14,63.61,2.71,late,clay,17.82,0
93.41,21.8,41.72,4.47,mid_season,sandy,8.49,0
68.37,20.54,43.41,3.4,late,clay,10.31,0
26.35,25.09,63.95,4.47,development,clay,10.24,0
40.64,26.78,53.97,3.39,mid_season,loamy,11.67,0
18.94,31.5,89.33,3.75,initial,sandy,3.8,0
27.98,31.31,57.4,0,development,sandy,0,1
63.12,34.33,69.61,0,development,sandy,0,0
19.37,30.29,76.59,2.76,development,loamy,13.19,0
14.17,21.59,61.54,4.46,mid_season,sandy,14.51,0
74.73,36.14,47.5,3.46,late,loamy,3.95,0
62.43,36.63,53.43,4.56,mid_season,sandy,6.72,0
62.84,29.4,74.73,3.45,late,clay,19.81,0
55.69,36.39,71.06,0,initial,sandy,0,0
13.67,34.65,67.4,3.19,mid_season,loamy,10.29,0
51.21,33.79,52.39,4.35,late,sandy,1.13,0
52.79,36.47,56.41,6.13,late,clay,7.02,0
48.64,36.62,49.47,3.49,late,loamy,17.16,0
33.32,36.03,88.79,3.43,initial,clay,21.52,0
30.85,30.33,50.46,3.54,initial,clay,0.52,0
54.4,32.89,66.05,3.44,initial,clay,20.49,0
51.51,30.79,72.38,0,initial,loamy,0,0
79.38,29.68,66.95,0,initial,clay,0,0
40.3,26.19,54.15,2.34,late,loamy,2.67,0
54.87,25.75,82.16,0,initial,loamy,0,0
56.23,30.47,82.35,3.94,development,sandy,5.83,0
50.03,35.74,56.92,0,initial,clay,0,0
37.73,36.7,77.34,3.41,initial,sandy,15.24,0
55.5,27.64,70.25,0,late,loamy,0,0
41.37,27.21,55.69,2.99,late,loamy,22.07,0
58.69,36.63,63.04,4.73,development,clay,17.04,0
69.3,20.15,71.43,4.19,development,sandy,9.13,0
40.76,18.15,75.3,3.44,mid_season,clay,14.06,0
87.23,26.05,62.94,5.44,late,loamy,4.56,0
48.94,37.58,41.31,4.97,late,sandy,15.32,0
58.14,19.76,46.01,0,late,loamy,0,0
56.36,23.05,74.83,3.31,initial,sandy,7.96,0
29.02,27.44,52.64,0,late,clay,0,1
55.73,28.88,52.17,3.9,mid_season,loamy,12.82,0
40.31,35.06,45.67,4.02,initial,clay,7.07,0
47.71,32.26,41.96,0,initial,clay,0,0
73.67,37.49,86.01,4.02,development,loamy,23.73,0
70.8,30.15,74.38,0,mid_season,clay,0,0
53.71,29.96,83.6,3.6,late,clay,8.71,0
57.51,36.82,48.69,3.37,mid_season,sandy,9.66,0
46.74,25.23,78.33,3.08,development,sandy,9.14,0
66.51,28.8,49.38,1.63,late,sandy,8.77,0
24.44,30.77,81.64,1.78,mid_season,clay,13.6,0
72.41,26.68,69.17,4.21,late,clay,9.12,0
74.99,32.16,62.85,2.66,late,loamy,17.93,0
21.83,23.73,76.99,2.07,mid_season,loamy,18.72,0
45.88,23.95,52.2,2.42,late,clay,19.4,0
36.62,32.2,47.85,4.86,initial,clay,16.05,0
62.22,18.25,50.24,4.19,development,sandy,7.64,0
7.22,19.59,79.52,1.76,initial,clay,12.89,0
7.02,23.09,53.28,3.9,development,clay,25.49,0
24.61,29.52,58.62,0,mid_season,clay,0,1
81.11,35.88,50.43,3.48,development,sandy,0.76,0
78.17,26.46,62.18,3.59,mid_season,loamy,5.04,0
22.21,33.75,72.25,0,mid_season,sandy,0,1
31.47,33.63,45.38,0,development,sandy,0,1
52.57,23.43,87.34,4.84,late,clay,8.34,0
65.24,18.34,46.43,2.62,late,loamy,6.09,0
40.01,24.76,62.72,5.62,late,clay,8.27,0
51.28,25.6,46.39,0,mid_season,clay,0,0
44.29,29.19,60.7,3.7,mid_season,clay,16.53,0
48.25,23.18,43.81,3.15,late,sandy,9.1,0
49.36,26.99,57.16,3.74,initial,clay,0.53,0
32.77,26.63,49.35,3.87,mid_season,sandy,4.84,0
55.19,35.76,67.25,4.16,development,loamy,6.17,0
33.35,18.97,47.55,4.67,mid_season,loamy,11.95,0
49.78,23.82,46.45,0,development,clay,0,0
55.4,32.76,88.2,2.68,initial,loamy,1.87,0
69.47,25.52,76.77,3.82,development,clay,7.1,0
32.35,35.14,63.49,2.06,mid_season,clay,5.26,0
13.47,24.51,40.48,4.91,mid_season,loamy,13.36,0
28.24,24.58,85.28,2.77,mid_season,clay,9.68,0
54.49,34.74,55.59,4.84,late,sandy,16.65,0
39.0,34.62,67.36,3.32,mid_season,sandy,5.03,0
46.24,30.05,59.32,0,development,sandy,0,1
19.33,21.24,67.82,3.62,development,clay,4.28,0
47.07,32.96,88.65,3.3,development,clay,4.8,0
28.74,26.89,46.95,5.45,development,loamy,1.54,0
32.8,35.78,47.48,4.12,development,loamy,24.67,0
40.94,35.68,80.99,1.55,mid_season,sandy,16.21,0
16.52,28.58,48.68,2.9,mid_season,loamy,12.43,0
83.8,19.81,73.87,0,initial,sandy,0,0
59.19,33.77,65.2,4.71,mid_season,clay,5.22,0
53.97,35.62,56.54,3.73,development,loamy,0.18,0
52.91,24.09,66.83,4.14,late,sandy,15.58,0
39.52,29.33,67.23,4.44,development,clay,2.96,0
63.61,37.28,72.03,3.9,development,loamy,14.19,0
52.54,33.6,61.33,0,late,sandy,0,1
28.06,31.91,40.72,5.38,mid_season,clay,5.89,0
48.62,19.13,60.12,3.0,mid_season,sandy,0.14,0
70.94,29.55,55.69,1.62,initial,clay,14.43,0
46.44,21.36,65.17,5.67,late,loamy,15.56,0
41.38,24.24,73.83,0,initial,loamy,0,0
31.29,36.8,86.84,0,development,loamy,0,1
62.83,21.22,63.03,2.81,late,loamy,9.45,0
88.7,27.89,59.2,0,initial,sandy,0,0
61.41,35.72,77.93,0,mid_season,loamy,0,0
67.74,29.35,54.17,2.05,mid_season,sandy,2.26,0
66.15,24.78,74.27,3.51,late,clay,6.58,0
82.07,20.96,89.05,0,development,loamy,0,0
9.94,19.24,42.45,5.81,mid_season,clay,18.37,0
40.22,27.07,54.46,0,initial,sandy,0,0
49.05,24.14,45.59,2.24,late,clay,16.47,0
57.12,32.71,67.79,0,initial,loamy,0,0
51.89,34.91,86.92,4.87,initial,loamy,0.69,0
46.52,37.62,75.67,5.83,initial,sandy,6.92,0
59.18,30.19,66.09,1.52,initial,clay,8.53,0
15.4,30.32,72.51,2.88,mid_season,sandy,15.0,0
51.14,26.1,44.03,0,initial,sandy,0,0
47.29,32.94,44.48,0,late,loamy,0,1
70.41,37.02,59.28,2.23,initial,loamy,11.98,0
56.88,18.23,86.72,4.84,initial,sandy,13.92,0
38.0,37.6,89.99,4.06,development,loamy,10.23,0
55.68,26.67,72.18,3.64,initial,sandy,3.03,0
55.24,32.93,53.71,0,initial,loamy,0,0
52.95,28.57,65.54,2.43,initial,loamy,3.66,0
55.62,23.16,47.05,5.39,development,clay,12.44,0
56.26,27.67,56.24,4.64,mid_season,sandy,8.45,0
62.9,23.05,53.8,2.62,mid_season,loamy,24.14,0
30.5,18.89,89.89,4.98,mid_season,sandy,5.55,0
37.06,18.28,45.59,4.9,initial,clay,8.78,0
66.35,26.65,64.41,6.14,late,sandy,19.03,0
68.94,27.24,82.56,4.46,initial,sandy,2.67,0
79.64,32.98,48.95,0,late,loamy,0,0
78.04,29.48,82.45,5.15,mid_season,loamy,13.88,0
30.33,27.73,86.81,4.96,mid_season,loamy,22.99,0
37.95,33.47,45.45,6.69,mid_season,sandy,4.78,0
62.03,18.53,45.19,3.16,mid_season,clay,13.22,0
71.0,32.9,50.14,4.54,mid_season,sandy,6.76,0
75.0,20.28,88.9,4.19,development,sandy,7.72,0
44.37,24.11,48.39,0,initial,sandy,0,0
62.85,19.37,71.58,4.11,late,clay,9.06,0
70.26,18.69,79.73,3.92,late,sandy,6.49,0
81.84,25.46,56.02,3.95,development,clay,8.77,0
90.67,36.95,83.17,0.78,late,loamy,4.46,0
47.89,36.54,83.69,5.69,late,sandy,8.61,0
76.59,33.97,48.43,2.67,late,clay,10.8,0
71.91,26.47,74.4,3.76,development,sandy,1.92,0
44.15,20.73,61.65,5.78,mid_season,sandy,12.56,0
71.92,20.94,57.04,4.02,late,sandy,2.98,0
84.29,30.64,46.56,4.67,late,clay,15.53,0
38.32,18.46,57.26,5.97,mid_season,sandy,14.91,0
70.23,22.53,70.2,5.42,late,sandy,18.22,0
38.17,21.27,69.72,3.99,initial,clay,3.31,0
57.71,28.24,89.72,5.32,mid_season,loamy,15.29,0
87.49,27.34,55.8,4.57,late,loamy,3.39,0
53.03,36.95,85.21,2.08,development,clay,5.99,0
60.12,29.14,64.16,5.06,initial,sandy,5.64,0
29.46,28.55,47.27,2.28,development,sandy,4.46,0
77.7,32.6,47.78,2.91,initial,clay,17.71,0
53.72,27.95,54.44,5.14,development,sandy,4.69,0
73.5,20.8,54.92,3.57,mid_season,loamy,13.23,0
56.3,30.72,83.43,0,development,loamy,0,0
32.65,19.1,82.23,4.66,initial,sandy,0.83,0
58.85,36.73,80.11,3.92,late,loamy,2.79,0
83.13,30.0,65.83,3.17,late,loamy,0.4,0
44.6,36.71,50.72,0,initial,sandy,0,1
60.04,20.82,55.01,0,development,loamy,0,0
54.81,28.81,48.32,6.3,mid_season,sandy,4.84,0
48.01,30.71,52.06,0,initial,loamy,0,0
65.71,21.39,50.53,5.7,late,loamy,7.29,0
84.6,32.92,85.95,4.38,development,loamy,3.71,0
42.91,19.91,66.09,4.34,mid_season,clay,8.63,0
87.73,24.89,46.74,3.51,initial,clay,6.68,0
79.93,23.23,82.11,0,mid_season,loamy,0,0
67.39,20.94,45.5,0,initial,loamy,0,0
93.34,31.6,54.76,4.71,development,loamy,6.52,0
58.05,26.33,52.75,3.06,initial,loamy,7.76,0
87.22,33.42,56.29,0,initial,loamy,0,0
73.19,31.01,83.29,2.94,late,clay,0.95,0
76.63,32.78,88.3,6.13,development,sandy,10.95,0
42.75,35.08,65.01,5.71,mid_season,sandy,5.81,0
29.38,33.12,51.4,2.5,development,sandy,6.32,0
33.96,35.57,57.49,3.52,mid_season,sandy,12.08,0
35.57,34.66,49.24,0,initial,sandy,0,0
22.99,27.25,48.13,4.11,late,loamy,7.28,0
35.76,19.16,41.7,0,initial,clay,0,0
62.92,30.56,45.7,4.63,late,sandy,9.76,0
81.84,25.69,82.64,3.46,initial,clay,20.91,0
61.93,31.68,55.81,0,development,clay,0,0
88.94,32.29,65.29,2.46,initial,clay,0.59,0
35.96,26.33,50.5,6.2,late,clay,14.95,0
37.28,30.98,73.69,5.78,initial,clay,1.06,0
24.88,29.28,52.6,4.65,initial,sandy,6.33,0
22.99,25.38,78.82,4.18,mid_season,loamy,6.94,0
56.48,19.44,69.09,2.73,development,clay,5.28,0
81.74,18.78,86.49,5.8,initial,clay,1.31,0
44.3,37.54,88.53,4.31,development,sandy,11.98,0
26.66,29.45,78.03,3.44,late,clay,5.62,0
61.52,24.59,79.08,5.48,mid_season,loamy,9.27,0
52.16,36.26,79.29,5.11,late,loamy,5.46,0
71.88,21.52,41.29,4.65,development,loamy,19.05,0
59.68,26.67,80.42,1.73,late,loamy,9.38,0
74.13,26.51,52.81,4.7,late,loamy,7.0,0
59.64,35.98,79.87,5.53,late,loamy,7.77,0
10.72,23.48,74.41,3.81,late,loamy,3.65,0
95,25.37,65.4,2.07,late,clay,5.72,0
44.41,28.13,69.65,0,late,sandy,0,1
74.87,21.23,58.73,2.71,development,clay,17.6,0
60.32,33.08,60.99,0,initial,clay,0,0
10.87,32.25,77.54,2.58,initial,loamy,1.9,0
95,33.77,48.88,0,initial,clay,0,0
79.86,21.22,73.39,4.31,initial,clay,19.4,0
49.6,22.03,87.6,4.04,late,sandy,19.0,0
85.32,30.48,74.32,4.95,development,loamy,10.46,0
49.95,19.93,88.36,4.21,mid_season,loamy,4.29,0
80.28,30.8,40.99,3.84,mid_season,loamy,12.18,0
27.17,20.23,73.06,4.2,development,clay,14.3,0
61.54,28.01,72.13,3.83,development,sandy,8.23,0
67.93,27.68,54.58,0,late,loamy,0,0
75.19,29.84,71.2,5.77,late,sandy,11.2,0
51.88,35.48,85.2,5.72,mid_season,clay,0.85,0
64.81,24.76,54.87,4.65,initial,loamy,1.9,0
19.94,29.38,76.69,2.52,initial,loamy,8.87,0
48.33,27.29,83.3,4.64,mid_season,sandy,14.46,0
54.27,27.77,69.53,4.07,development,sandy,5.37,0
64.23,37.92,60.84,2.86,mid_season,clay,2.75,0
76.04,19.36,69.83,2.56,late,sandy,11.31,0
81.47,28.58,53.99,4.42,mid_season,sandy,12.91,0
62.87,21.34,73.16,4.31,initial,clay,1.3,0
40.32,37.2,50.64,5.05,mid_season,loamy,9.52,0
83.84,24.38,70.35,2.74,development,sandy,2.93,0
74.6,36.97,83.55,0,late,clay,0,0
95,33.92,76.76,4.33,initial,sandy,9.82,0
52.45,29.34,79.57,2.63,mid_season,sandy,6.2,0
43.34,23.81,89.77,0,initial,loamy,0,0
41.1,22.39,40.48,0,development,sandy,0,1
62.19,37.58,68.67,3.84,late,clay,3.58,0
5,26.78,57.43,0,late,loamy,0,1
48.74,32.64,41.41,3.43,initial,clay,6.56,0
55.37,24.5,57.51,0.87,development,loamy,5.19,0
53.62,29.28,83.2,4.02,mid_season,loamy,12.35,0
48.04,33.66,75.03,3.63,development,clay,2.48,0
42.89,19.06,58.06,2.15,late,clay,3.13,0
79.1,30.91,61.05,4.6,mid_season,sandy,14.04,0
95,32.54,67.33,0,mid_season,sandy,0,0
37.21,23.44,87.69,4.65,mid_season,sandy,8.87,0
68.1,23.8,62.68,4.31,late,clay,7.14,0
61.11,29.05,45.36,0,development,loamy,0,0
79.45,21.14,86.16,4.22,development,clay,12.91,0
45.25,29.09,44.69,3.46,development,clay,4.46,0
50.35,34.5,41.51,2.22,late,clay,1.91,0
33.97,34.05,50.8,4.61,development,sandy,6.72,0
70.84,31.61,51.61,3.31,development,clay,13.37,0
62.42,32.31,61.11,4.2,mid_season,clay,1.82,0
40.92,27.53,57.22,3.84,initial,loamy,0.23,0
56.73,37.01,45.84,5.58,initial,clay,2.87,0
42.05,28.92,84.59,5.08,initial,clay,6.5,0
42.3,18.68,50.47,3.22,development,sandy,8.65,0
42.6,32.49,78.94,3.28,late,sandy,2.94,0
41.41,18.2,44.01,5.8,development,clay,20.88,0
40.68,37.14,79.96,4.82,late,loamy,1.54,0
83.27,28.17,84.91,5.8,initial,clay,10.78,0
47.95,23.55,82.66,0,initial,sandy,0,0
60.39,37.99,72.9,6.87,mid_season,clay,6.02,0
72.37,30.18,48.62,4.3,mid_season,loamy,13.13,0
56.99,18.3,46.53,6.53,late,loamy,0.61,0
80.92,28.7,44.82,4.52,development,sandy,7.56,0
45.51,30.72,74.67,3.93,development,loamy,3.05,0
52.21,33.07,55.22,4.39,mid_season,sandy,10.7,0
24.56,28.14,47.48,5.18,initial,sandy,6.7,0
40.44,20.64,61.01,4.76,late,sandy,15.14,0
52.17,36.17,57.59,3.73,late,sandy,4.9,0
42.25,21.74,86.94,6.71,mid_season,sandy,0.17,0
62.59,35.71,76.79,5.14,late,loamy,9.82,0
40.09,28.28,45.33,2.93,development,sandy,14.46,0
63.47,28.24,68.13,3.65,development,clay,0.52,0
65.82,22.71,41.73,2.67,initial,clay,13.4,0
25.64,34.71,45.53,1.14,initial,clay,18.17,0
66.12,21.13,65.0,6.04,late,loamy,1.36,0
62.09,29.12,74.94,3.38,late,loamy,9.8,0
62.39,30.67,50.44,3.57,late,loamy,10.01,0
59.0,24.29,55.24,4.85,development,loamy,11.29,0
44.81,28.43,66.66,2.09,development,sandy,10.69,0
27.89,20.19,82.06,5.31,development,clay,6.58,0
34.66,25.03,81.1,0,development,sandy,0,1
63.7,26.82,71.24,5.03,mid_season,sandy,7.22,0
71.88,31.5,84.58,2.16,mid_season,sandy,14.46,0
85.03,30.9,42.01,2.6,mid_season,clay,5.3,0
57.15,20.73,59.71,3.45,initial,sandy,6.34,0
21.15,25.8,72.11,3.8,initial,clay,16.38,0
65.79,26.74,75.77,4.58,mid_season,clay,10.58,0
48.85,28.48,62.75,4.09,late,sandy,0.57,0
35.8,31.39,78.49,4.42,late,clay,14.88,0
25.02,24.19,77.98,2.92,late,clay,10.96,0
46.11,23.27,80.48,0,late,sandy,0,1
65.0,33.51,84.51,0,initial,sandy,0,0
25.68,23.4,43.15,0,initial,clay,0,0
83.75,36.32,46.09,2.83,development,clay,13.71,0
95,18.64,56.67,5.75,initial,clay,2.94,0
54.12,20.26,56.47,0,initial,loamy,0,0
54.51,20.47,76.53,5.2,development,clay,18.83,0
60.73,20.81,40.33,5.93,development,loamy,9.74,0
70.69,21.61,68.85,0,initial,clay,0,0
50.72,34.03,44.71,4.95,development,loamy,17.03,0
58.78,21.34,58.27,4.46,late,loamy,13.44,0
68.72,30.27,71.35,3.47,development,loamy,7.73,0
25.92,26.31,57.04,2.91,mid_season,clay,13.41,0
37.47,22.79,59.29,0,late,sandy,0,1
48.13,36.41,78.01,3.37,initial,loamy,1.2,0
20.88,19.73,88.02,3.11,late,sandy,11.13,0
38.03,19.2,85.63,3.11,initial,sandy,3.66,0
40.56,21.35,42.7,7.14,development,clay,19.2,0
13.58,21.67,64.37,0.91,development,loamy,3.39,0
55.29,26.09,70.0,4.33,initial,clay,2.89,0
54.35,32.16,63.62,6.71,development,clay,5.82,0
62.53,33.62,81.67,4.03,development,loamy,16.97,0
64.64,28.64,60.13,1.9,mid_season,loamy,4.99,0
41.68,27.98,45.33,3.99,development,sandy,7.55,0
69.63,22.28,48.01,2.87,late,sandy,3.28,0
52.86,21.73,48.7,4.01,late,loamy,9.79,0
94.48,29.04,71.84,3.53,initial,sandy,5.7,0
41.78,24.7,40.93,4.82,initial,loamy,23.29,0
53.89,20.34,77.96,4.36,mid_season,loamy,7.46,0
38.56,34.94,40.03,2.6,mid_season,clay,7.18,0
55.51,36.15,57.52,3.42,development,sandy,8.24,0
55.39,33.45,77.95,4.66,development,loamy,9.49,0
60.86,29.92,75.37,4.77,mid_season,loamy,6.91,0
51.04,18.43,79.42,3.82,development,sandy,15.3,0
44.07,35.09,69.5,3.83,initial,clay,3.2,0
25.98,34.37,73.36,4.18,development,loamy,10.8,0
63.4,31.62,88.47,0,initial,sandy,0,0
70.33,28.76,41.66,3.27,mid_season,loamy,3.96,0
55.48,19.45,42.32,2.72,development,clay,24.69,0
37.03,29.37,78.26,5.31,initial,loamy,5.35,0
45.53,29.85,76.21,2.71,development,clay,10.23,0
77.83,31.58,81.07,0.9,development,sandy,7.43,0
33.71,25.54,66.04,2.2,mid_season,clay,27.56,0
66.07,18.78,44.37,2.16,development,clay,6.02,0
52.23,31.51,66.51,4.61,late,loamy,16.47,0
62.24,27.33,66.99,3.07,mid_season,sandy,2.57,0
59.69,29.27,85.82,0,development,loamy,0,0
15.27,24.35,70.3,3.04,mid_season,clay,30.46,0
57.24,33.36,76.02,1.87,development,sandy,5.23,0
68.54,20.34,81.11,2.52,mid_season,clay,13.74,0
54.67,19.96,44.45,0,mid_season,loamy,0,0
32.85,35.55,78.35,3.69,mid_season,sandy,5.95,0
51.19,28.89,73.4,3.54,mid_season,loamy,13.61,0
67.9,18.06,43.94,5.13,initial,clay,12.5,0
66.02,19.2,85.13,3.26,mid_season,clay,20.19,0
8.02,30.38,84.55,3.76,development,clay,6.78,0
43.87,32.8,72.69,2.9,initial,sandy,19.67,0
66.75,37.37,54.14,0,initial,loamy,0,0
57.48,23.09,49.96,5.67,development,sandy,0.27,0
65.06,31.48,42.05,0,development,sandy,0,0
70.58,28.96,72.24,2.74,late,clay,14.17,0
53.21,21.45,81.08,4.46,development,loamy,4.67,0
38.3,31.38,78.63,0,development,sandy,0,1
73.88,29.26,89.6,2.3,mid_season,clay,5.2,0
53.42,27.76,43.35,4.76,mid_season,sandy,12.2,0
65.43,22.65,83.93,3.97,mid_season,sandy,0.65,0
49.82,34.41,41.54,4.17,mid_season,sandy,3.74,0
57.23,37.58,87.13,0,development,loamy,0,0
41.85,21.81,84.29,4.14,late,clay,3.11,0
55.58,21.59,73.43,2.61,development,sandy,15.1,0
46.47,26.13,67.89,0,mid_season,loamy,0,1
25.78,23.09,53.18,0,development,clay,0,1
64.17,32.88,84.45,6.02,development,sandy,2.7,0
80.36,24.14,85.27,5.04,late,clay,4.74,0
67.0,25.8,53.17,3.87,late,sandy,22.87,0
59.48,33.47,46.25,3.3,development,sandy,8.7,0
31.86,26.87,68.79,4.1,development,loamy,10.98,0
43.17,26.52,51.01,3.4,mid_season,clay,6.16,0
46.54,35.2,87.34,2.39,development,loamy,3.45,0
27.49,29.2,44.25,4.25,initial,sandy,8.15,0
64.76,35.27,75.63,3.6,mid_season,loamy,0.15,0
60.41,27.78,60.16,3.03,development,sandy,0.69,0
61.85,29.33,67.14,0,initial,sandy,0,0
19.09,27.82,55.64,3.6,initial,loamy,4.72,0
55.84,26.53,56.41,4.73,late,sandy,4.28,0
37.4,35.97,69.36,5.12,initial,clay,5.69,0
51.36,19.11,56.45,1.97,mid_season,clay,15.25,0
47.74,23.31,79.72,5.68,development,clay,17.74,0
33.11,23.74,85.99,3.01,mid_season,sandy,10.08,0
34.08,30.54,52.53,4.1,initial,clay,0.35,0
19.87,18.76,40.23,3.66,development,sandy,6.59,0
48.53,36.83,52.95,4.82,mid_season,clay,9.24,0
77.6,25.83,63.71,3.79,late,sandy,10.92,0
86.95,22.44,79.59,3.88,initial,loamy,5.09,0
51.53,18.63,58.17,3.46,late,clay,4.78,0
61.92,30.63,84.5,3.6,development,clay,0.62,0
53.42,21.57,66.8,0,development,sandy,0,1
33.0,25.88,56.48,4.91,mid_season,clay,13.4,0
45.8,35.31,60.26,4.99,initial,loamy,18.27,0
20.2,22.87,44.93,3.78,mid_season,clay,3.54,0
69.72,34.63,63.58,1.64,development,clay,9.6,0
79.51,26.86,84.23,2.44,mid_season,sandy,12.51,0
33.05,22.04,51.29,0,initial,clay,0,0
71.9,23.7,46.14,3.52,initial,loamy,1.77,0
48.66,21.06,87.75,0,development,loamy,0,1
69.88,34.17,74.6,3.02,mid_season,sandy,16.43,0
56.8,28.63,49.29,6.55,late,sandy,9.19,0
34.87,22.53,80.35,4.3,initial,loamy,0.38,0
66.27,33.45,51.49,4.23,late,loamy,14.51,0
41.05,32.38,49.24,2.99,late,sandy,2.26,0
80.73,27.3,61.21,3.93,initial,loamy,4.47,0
42.91,22.92,41.2,3.24,mid_season,loamy,3.89,0
87.19,32.4,83.04,4.23,initial,loamy,6.72,0
64.21,35.57,89.56,4.21,initial,loamy,2.62,0
54.34,33.28,52.4,3.77,late,loamy,11.92,0
54.7,25.85,49.07,3.11,development,loamy,9.17,0
67.12,33.25,55.37,4.32,initial,sandy,0.28,0
39.05,22.38,58.62,2.9,late,sandy,11.73,0
73.49,29.7,81.0,3.47,mid_season,sandy,7.52,0
72.25,19.75,87.64,5.63,development,clay,8.62,0
43.97,23.32,47.16,2.24,initial,loamy,5.05,0
50.51,36.4,64.48,3.6,late,sandy,10.55,0
62.33,22.15,62.26,3.99,development,sandy,15.54,0
30.39,26.85,44.48,3.75,late,clay,17.21,0
43.35,31.9,54.37,5.46,late,sandy,16.31,0
39.11,30.18,55.38,0,mid_season,loamy,0,1
39.63,35.85,68.02,0,initial,clay,0,0
59.92,25.35,60.18,3.51,late,sandy,3.61,0
70.56,29.52,74.2,4.15,development,clay,2.25,0
58.23,33.9,61.57,4.07,mid_season,loamy,13.17,0
52.54,26.05,51.55,3.92,mid_season,loamy,2.4,0
48.04,24.27,62.73,3.34,late,loamy,6.64,0
43.42,37.06,87.26,0,initial,loamy,0,0
73.95,34.36,60.89,4.32,mid_season,clay,14.97,0
79.35,34.48,72.62,0,late,clay,0,0
87.16,22.37,45.4,0,development,sandy,0,0
74.02,34.32,70.37,3.53,late,sandy,7.31,0
40.03,37.33,66.6,2.73,development,sandy,6.16,0
32.39,36.45,40.49,4.53,development,loamy,14.36,0
63.11,37.88,53.82,3.1,initial,sandy,4.21,0
36.42,21.68,69.96,0,initial,clay,0,0
48.9,25.08,40.88,4.21,mid_season,sandy,5.88,0
68.19,23.41,43.85,6.13,mid_season,sandy,3.62,0
78.53,31.98,71.03,3.95,late,sandy,4.65,0
58.39,22.37,86.13,3.14,initial,loamy,8.28,0
35.18,29.55,64.05,1.56,late,loamy,10.19,0
43.23,35.04,46.47,3.35,initial,clay,11.15,0
60.43,34.17,80.62,5.06,late,clay,16.85,0
65.51,23.79,86.38,4.84,development,loamy,12.21,0
35.3,37.43,79.92,4.95,initial,loamy,0.04,0
55.6,31.33,46.13,4.26,development,clay,13.61,0
76.41,23.71,89.7,4.6,mid_season,loamy,16.38,0
63.14,26.09,51.71,2.5,mid_season,clay,10.77,0
32.3,27.74,48.25,2.64,development,clay,4.86,0
37.98,28.71,56.85,4.17,development,sandy,2.4,0
73.32,33.14,65.6,4.73,mid_season,sandy,15.29,0
60.05,36.19,66.93,0,late,loamy,0,0
53.96,26.58,76.19,0,initial,clay,0,0
54.5,28.7,68.43,0,development,sandy,0,1
64.15,35.64,82.44,3.98,late,sandy,8.91,0
34.2,29.95,50.31,4.18,development,sandy,12.58,0
20.58,27.69,40.43,0,late,loamy,0,1
63.47,31.48,58.79,3.08,late,loamy,8.86,0
62.03,28.3,53.79,2.73,late,sandy,2.05,0
59.85,29.17,73.68,2.84,mid_season,clay,8.27,0
93.23,32.38,44.34,0,development,loamy,0,0
41.56,34.17,44.99,4.29,initial,sandy,2.86,0
61.5,37.59,77.35,3.61,development,loamy,4.48,0
74.84,31.16,77.82,4.0,late,loamy,0.71,0
54.65,26.25,65.24,2.94,development,loamy,12.02,0
34.43,33.28,64.98,0,late,sandy,0,1
81.87,28.88,41.98,3.85,development,clay,18.13,0
73.04,33.24,56.68,3.35,initial,loamy,4.25,0
52.26,24.63,79.39,3.43,late,sandy,4.67,0
49.45,37.96,82.82,2.93,mid_season,sandy,13.04,0
95,35.88,41.23,4.43,mid_season,clay,12.15,0
61.77,25.66,42.47,4.25,initial,loamy,8.92,0
49.48,35.93,68.36,0,mid_season,loamy,0,1
5,36.6,51.6,5.03,mid_season,sandy,5.52,0
54.77,36.53,73.47,0,initial,loamy,0,0
95,24.18,69.86,3.67,initial,sandy,5.14,0
62.84,20.84,79.59,0,late,clay,0,0
53.55,36.73,50.77,3.93,mid_season,sandy,15.95,0
23.58,37.06,62.23,3.61,development,sandy,3.83,0
37.12,24.25,83.95,2.79,development,clay,7.66,0
64.57,26.69,70.79,4.99,late,clay,6.02,0
36.16,26.59,47.73,0,development,loamy,0,1
33.96,37.46,74.41,0,initial,sandy,0,0
92.01,31.78,83.68,4.49,initial,clay,15.98,0
61.79,33.05,41.09,0,initial,clay,0,0
44.13,18.43,87.96,5.3,initial,loamy,7.01,0
56.03,33.96,75.48,2.88,development,loamy,14.78,0
54.08,24.0,69.08,0.48,mid_season,sandy,19.19,0
47.01,36.14,41.67,3.45,initial,sandy,2.91,0
50.24,21.33,46.56,4.29,initial,sandy,5.13,0
40.79,25.26,63.78,0,initial,loamy,0,0
62.08,24.57,67.28,0,development,clay,0,0
92.16,19.04,66.44,5.14,mid_season,loamy,5.95,0
43.16,30.59,48.84,3.54,initial,sandy,4.92,0
65.85,32.05,62.24,4.7,mid_season,loamy,10.15,0
37.0,27.41,73.27,3.65,initial,loamy,5.62,0
5.57,33.34,71.04,0,development,sandy,0,1
50.63,30.0,61.5,3.94,mid_season,loamy,9.64,0
57.72,36.37,85.2,2.95,late,sandy,11.59,0
49.81,18.28,58.83,3.06,mid_season,sandy,9.08,0
59.53,34.81,78.03,3.63,late,loamy,2.04,0
77.67,28.9,69.22,5.14,mid_season,loamy,15.8,0
19.16,21.52,48.83,4.76,mid_season,loamy,6.91,0
50.51,37.48,44.73,4.17,late,loamy,16.99,0
56.83,19.76,84.44,2.81,late,loamy,6.64,0
52.49,28.66,70.96,3.62,initial,clay,14.03,0
31.72,20.91,77.33,0,late,sandy,0,1
87.45,27.72,68.99,3.29,initial,clay,4.47,0
58.22,32.5,56.36,2.93,initial,loamy,0.04,0
53.89,26.89,58.21,0,late,clay,0,0
46.84,20.82,89.87,4.26,mid_season,sandy,4.5,0
72.93,32.39,45.0,4.42,late,loamy,0.7,0
87.79,18.58,74.72,3.35,development,clay,13.02,0
57.1,31.76,71.96,0,initial,loamy,0,0
33.14,27.34,45.77,3.71,development,loamy,6.18,0
61.32,36.73,64.85,4.23,mid_season,loamy,9.05,0
46.48,32.15,81.09,3.4,development,clay,12.79,0
80.72,36.95,64.43,4.63,development,clay,10.43,0
55.82,35.97,82.28,5.08,mid_season,clay,25.48,0
54.41,20.49,57.98,6.11,mid_season,sandy,4.79,0
60.72,26.93,71.17,5.44,mid_season,sandy,1.17,0
79.74,26.57,89.72,2.54,late,loamy,16.2,0
18.48,21.82,76.2,5.45,late,loamy,12.74,0
87.35,22.89,40.66,3.17,initial,sandy,0.2,0
48.59,36.98,53.89,4.63,initial,sandy,7.09,0
52.12,19.9,49.43,1.93,development,sandy,13.63,0
63.56,18.49,68.18,3.71,mid_season,clay,6.44,0
74.02,24.11,70.72,0,initial,sandy,0,0
56.31,28.76,82.77,0,mid_season,loamy,0,0
76.77,18.37,53.56,4.05,late,clay,8.12,0
79.95,27.19,78.6,3.1,late,sandy,4.29,0
63.78,23.2,64.23,0,mid_season,sandy,0,0
52.04,36.52,80.37,2.75,mid_season,loamy,6.29,0
37.52,26.66,79.41,4.41,development,clay,27.81,0
59.81,20.62,79.48,4.7,development,loamy,17.14,0
71.35,22.21,44.2,3.36,initial,sandy,0.59,0
81.49,22.93,53.44,3.65,development,sandy,10.24,0
55.81,33.12,80.71,0,initial,clay,0,0
32.95,27.21,49.64,4.17,development,sandy,7.28,0
71.63,25.77,89.31,3.7,mid_season,sandy,14.74,0
56.82,18.28,82.81,3.8,development,clay,17.32,0
61.24,23.49,49.46,0,initial,clay,0,0
42.5,19.98,49.43,0,late,sandy,0,1
36.64,35.0,61.13,3.46,late,clay,3.54,0
65.36,32.23,77.81,2.54,mid_season,loamy,17.16,0
35.94,22.28,45.65,0,mid_season,clay,0,1
51.22,26.86,78.65,2.7,initial,loamy,0.91,0
38.71,34.58,47.86,3.36,initial,clay,6.94,0
95,22.36,46.29,4.08,late,clay,6.34,0
38.26,18.52,49.28,0,initial,loamy,0,0
66.65,37.62,70.09,4.9,development,clay,9.55,0
12.2,24.06,84.77,0,initial,loamy,0,0
63.01,24.86,45.05,5.67,initial,sandy,17.29,0
75.36,30.57,40.62,4.68,late,sandy,4.02,0
40.44,31.97,43.78,4.5,mid_season,loamy,7.82,0
61.14,24.33,47.13,0,mid_season,sandy,0,0
88.66,37.28,55.69,4.09,mid_season,clay,3.73,0
50.76,35.34,57.68,5.08,development,loamy,9.2,0
53.49,31.13,74.0,4.58,late,loamy,22.52,0
47.58,36.18,87.51,2.28,mid_season,loamy,0.4,0
60.75,33.4,64.92,5.66,initial,loamy,5.97,0
60.65,36.78,54.38,0,initial,sandy,0,0
50.49,29.08,67.36,3.53,mid_season,loamy,10.68,0
93.52,22.15,48.55,1.45,mid_season,loamy,16.64,0
43.61,23.35,88.81,5.7,development,clay,8.27,0
68.18,33.57,78.93,4.37,development,clay,7.52,0
36.91,19.66,47.11,5.14,mid_season,loamy,15.93,0
74.07,29.08,54.94,3.93,late,loamy,16.75,0
60.72,21.93,42.1,3.67,late,loamy,16.49,0
48.7,23.81,63.57,3.7,late,sandy,3.69,0
74.19,35.17,48.32,3.57,mid_season,sandy,11.89,0
78.14,34.51,70.91,4.31,development,loamy,8.7,0
53.07,24.0,74.19,0,initial,sandy,0,0
50.54,37.9,86.76,3.44,late,clay,12.64,0
62.66,37.87,88.98,3.72,mid_season,loamy,2.13,0
43.12,21.82,57.15,3.09,mid_season,sandy,13.85,0
50.13,32.47,74.28,4.23,mid_season,clay,5.74,0
34.77,36.75,76.91,2.26,late,loamy,11.04,0
95,33.39,75.68,4.64,development,loamy,9.55,0
62.19,31.51,50.13,1.61,initial,clay,9.84,0
51.32,31.27,51.82,4.66,late,clay,7.0,0
70.49,26.45,77.99,3.28,mid_season,clay,13.66,0
66.07,33.89,82.15,0,initial,sandy,0,0
16.88,33.94,50.63,5.11,late,loamy,3.3,0
27.75,21.18,62.7,0,initial,sandy,0,0
46.79,32.65,87.19,3.76,development,loamy,5.77,0
52.55,28.43,43.24,0,development,loamy,0,0
51.76,22.25,68.24,3.59,late,clay,6.25,0
27.62,27.87,77.47,4.17,initial,clay,4.62,0
46.89,30.22,47.48,3.29,development,loamy,11.76,0
60.85,21.59,68.65,3.31,mid_season,clay,11.43,0
45.12,25.42,70.95,4.19,late,loamy,8.14,0
42.88,22.99,54.95,3.76,initial,sandy,0.68,0
58.27,30.5,70.05,4.39,initial,sandy,2.36,0
79.84,22.26,50.45,2.66,initial,sandy,3.82,0
54.98,24.05,73.05,4.51,mid_season,clay,11.71,0
62.45,36.84,51.11,5.67,development,clay,10.39,0
46.75,19.35,55.91,4.97,mid_season,loamy,24.08,0
61.02,36.51,82.46,2.95,development,sandy,6.36,0
64.21,28.4,69.71,0,initial,sandy,0,0
52.52,28.63,85.54,4.03,mid_season,loamy,18.94,0
78.85,22.61,44.72,0,mid_season,sandy,0,0
52.17,24.61,72.63,3.98,initial,clay,1.17,0
44.12,27.11,50.76,0,initial,clay,0,0
61.49,20.93,81.49,3.57,development,sandy,0.02,0
29.84,27.67,59.1,4.46,development,loamy,3.1,0
64.85,31.43,72.18,3.87,development,clay,9.46,0
35.33,24.1,66.46,4.49,mid_season,clay,13.48,0
56.77,19.71,59.26,2.46,development,loamy,14.25,0
60.9,29.63,78.74,4.11,development,loamy,14.46,0
77.48,35.81,74.59,5.84,late,loamy,10.89,0
79.81,27.64,85.85,4.55,mid_season,loamy,2.74,0
45.26,29.98,60.08,1.72,mid_season,loamy,12.57,0
88.07,36.05,47.57,2.91,development,sandy,5.16,0
60.89,37.25,56.98,4.52,late,loamy,23.62,0
31.18,22.22,81.29,0,development,loamy,0,1
55.38,21.5,60.34,0,mid_season,clay,0,0
45.41,34.73,75.18,3.77,mid_season,loamy,11.75,0
59.91,25.7,61.42,0,development,clay,0,0
37.56,25.44,67.35,2.27,mid_season,loamy,8.77,0
61.65,25.61,52.3,3.1,mid_season,clay,15.11,0
81.18,25.97,48.74,4.19,mid_season,sandy,10.97,0
63.59,22.4,52.29,4.24,mid_season,sandy,6.93,0
71.18,37.58,80.07,3.72,initial,loamy,13.04,0
70.69,24.38,47.01,1.61,development,clay,24.61,0
55.58,21.59,71.2,6.23,development,loamy,8.43,0
92.72,22.24,51.62,2.94,initial,sandy,11.58,0
45.74,20.08,45.76,2.79,mid_season,clay,9.47,0
48.49,23.27,42.13,3.63,development,loamy,4.72,0
22.76,25.14,72.24,0,late,sandy,0,1
50.32,30.96,47.22,4.06,late,sandy,2.89,0
52.9,27.02,53.36,3.3,initial,clay,11.33,0
48.29,28.25,59.88,3.69,late,loamy,6.63,0
62.83,21.49,82.81,0,development,clay,0,0
30.54,19.7,59.5,3.69,late,loamy,8.59,0
72.63,18.59,46.72,6.81,initial,loamy,9.31,0
49.93,30.29,79.06,2.82,mid_season,sandy,2.88,0
33.07,33.98,53.79,0,late,loamy,0,1
79.23,33.48,46.38,3.92,late,clay,2.52,0
47.56,31.99,73.5,2.47,development,sandy,10.82,0
41.64,28.46,61.89,0,initial,loamy,0,0
57.77,29.67,42.65,5.4,late,loamy,7.98,0
39.75,31.91,42.42,4.06,development,sandy,3.87,0
47.37,29.98,64.25,2.99,development,loamy,17.93,0
67.67,27.18,64.29,4.64,late,loamy,18.79,0
61.04,23.53,80.45,2.4,late,clay,9.85,0
62.75,31.42,76.54,3.78,late,sandy,10.92,0
76.75,36.82,56.28,3.48,late,clay,3.13,0
54.02,33.82,69.65,3.0,development,loamy,7.96,0
58.26,22.33,42.63,3.02,initial,sandy,4.56,0
64.31,34.6,56.39,4.59,development,sandy,7.79,0
61.44,35.0,84.43,4.98,late,sandy,6.25,0
54.11,33.34,82.55,3.55,initial,loamy,12.36,0
72.61,21.12,46.65,3.53,mid_season,clay,13.12,0
23.25,33.79,65.59,4.36,development,sandy,1.7,0
89.47,18.34,55.08,0,development,sandy,0,0
55.76,20.56,55.68,4.77,development,clay,11.17,0
45.66,34.12,74.68,4.55,development,loamy,9.86,0
37.83,34.65,73.26,2.16,mid_season,clay,10.39,0
44.11,21.15,59.65,6.39,mid_season,sandy,14.71,0
48.41,22.27,80.77,2.93,mid_season,loamy,8.93,0
47.81,18.75,52.87,5.94,mid_season,clay,13.62,0
69.39,22.46,69.65,4.89,development,clay,17.37,0
66.4,24.21,74.02,4.11,mid_season,clay,18.59,0
64.42,30.17,50.9,3.65,development,clay,17.71,0
67.55,36.19,74.64,4.2,mid_season,sandy,14.99,0
40.1,22.76,74.3,0,initial,clay,0,0
79.4,33.24,80.86,3.73,mid_season,clay,13.01,0
37.6,26.29,57.1,3.43,development,sandy,15.63,0
61.81,20.72,74.39,3.79,development,clay,3.4,0
44.3,27.05,88.51,4.14,late,clay,11.3,0
70.72,22.18,58.66,3.04,development,loamy,10.27,0
56.99,23.48,60.88,2.86,development,loamy,7.32,0
46.08,26.8,81.65,3.72,initial,clay,6.11,0
38.49,23.98,51.58,0,development,sandy,0,1
52.08,35.77,80.38,0,mid_season,loamy,0,0
42.89,18.22,40.0,4.03,development,sandy,17.55,0
35.48,34.48,55.66,0,mid_season,loamy,0,1
73.35,27.1,58.3,5.27,late,clay,14.5,0
71.49,22.65,74.24,4.56,late,loamy,0.15,0
34.23,30.83,83.62,0,initial,clay,0,0
59.31,28.03,56.51,2.92,initial,clay,5.73,0
52.55,32.62,75.66,4.36,mid_season,clay,5.32,0
85.22,21.51,84.33,1.94,late,loamy,12.47,0
37.36,36.0,50.82,0,initial,clay,0,1
39.43,30.48,76.01,0,initial,sandy,0,0
40.4,33.7,78.02,3.48,initial,loamy,2.9,0
61.02,33.17,71.18,4.27,development,clay,6.6,0
32.51,36.77,83.93,0,development,sandy,0,1
40.5,37.83,64.22,4.98,late,sandy,2.81,0
78.99,37.3,76.13,4.54,development,sandy,8.16,0
82.19,22.84,45.45,4.43,development,sandy,0.65,0
34.1,31.89,72.85,3.98,development,loamy,12.91,0
65.17,35.81,64.3,3.45,initial,loamy,12.08,0
