soil_moisture_pct,temperature_c,humidity_pct,flow_rate_lpm,growth_stage,soil_type,recent_irrigation_l,irrigation_required
27.57,33.15,36.79,5.35,mid_season,clay,6.76,0
36.99,16.77,63.16,2.35,initial,loamy,11.8,0
85.36,17.14,82.29,0,initial,sandy,0,0
66.65,18.0,58.44,5.72,initial,clay,10.9,0
33.98,33.9,70.92,5.13,mid_season,sandy,9.62,0
43.25,26.62,59.38,3.92,initial,clay,6.24,0
70.54,16.79,84.85,3.08,initial,sandy,2.57,0
53.1,16.71,74.33,4.43,mid_season,loamy,5.46,0
10.32,21.94,63.02,4.15,development,loamy,19.24,0
50.56,28.73,68.74,4.28,late,clay,21.37,0
36.96,22.27,81.08,0,development,loamy,0,1
35.51,30.11,34.84,3.71,late,sandy,1.69,0
64.7,26.91,63.18,3.25,development,sandy,2.28,0
35.68,26.51,57.2,2.71,mid_season,sandy,5.03,0
79.91,21.9,51.86,4.48,mid_season,sandy,8.41,0
21.57,23.49,48.73,1.87,late,clay,3.2,0
72.97,23.89,39.74,4.01,initial,clay,0.69,0
49.44,27.65,36.57,2.91,mid_season,clay,12.64,0
48.71,17.98,60.21,7.8,initial,sandy,12.45,0
91.21,15.63,56.54,0,initial,loamy,0,0
87.69,17.97,67.86,4.27,initial,sandy,5.49,0
54.96,29.47,44.91,3.02,development,sandy,0.18,0
67.98,26.84,32.23,3.7,initial,clay,6.58,0
64.94,33.78,56.16,4.65,mid_season,clay,6.63,0
39.11,16.41,71.6,4.41,development,sandy,5.27,0
34.62,27.8,46.32,3.53,development,loamy,7.39,0
78.71,13.34,75.03,4.97,late,sandy,12.85,0
54.59,33.21,52.97,3.92,development,loamy,3.31,0
48.32,27.85,43.69,6.12,development,sandy,9.93,0
86.5,13.65,70.0,0,late,loamy,0,0
60.36,27.58,78.98,5.2,late,clay,16.94,0
29.12,32.77,38.98,5.44,development,clay,12.88,0
53.51,14.13,50.06,2.62,initial,sandy,11.37,0
39.67,23.03,34.72,2.94,late,clay,12.26,0
26.22,26.57,43.12,2.73,mid_season,clay,11.33,0
31.98,21.0,50.77,0,initial,clay,0,0
59.79,33.06,40.03,3.54,late,sandy,14.38,0
68.42,23.26,38.47,3.48,late,clay,19.72,0
48.34,28.42,51.7,6.06,initial,clay,6.3,0
43.49,31.04,63.92,4.35,late,clay,23.4,0
60.74,33.69,65.51,2.28,mid_season,clay,17.87,0
38.77,29.51,79.33,3.37,initial,sandy,0.18,0
76.46,22.21,36.55,3.7,initial,clay,13.73,0
64.82,26.43,33.18,4.54,mid_season,sandy,2.24,0
33.19,27.85,51.19,4.96,late,clay,16.93,0
76.93,21.85,82.1,6.15,development,loamy,0.13,0
88.27,20.61,53.56,3.75,initial,sandy,6.09,0
32.72,24.43,82.03,2.98,initial,sandy,18.82,0
65.99,27.02,71.99,3.62,late,loamy,19.3,0
62.16,31.77,51.64,5.65,mid_season,clay,14.21,0
49.52,28.18,57.98,2.21,development,loamy,8.15,0
52.81,16.77,73.7,2.55,development,sandy,4.7,0
67.01,25.88,54.8,4.82,late,loamy,8.46,0
72.14,27.41,55.23,2.79,initial,loamy,8.53,0
65.54,29.94,46.51,5.83,mid_season,sandy,5.21,0
75.55,17.53,42.52,0,development,clay,0,0
61.39,23.37,70.0,4.98,initial,clay,15.44,0
44.47,33.23,48.1,5.26,mid_season,sandy,12.26,0
46.06,14.91,80.42,1.34,late,loamy,7.22,0
13.4,22.03,60.65,3.37,late,sandy,7.08,0
75.96,26.67,53.99,0,initial,clay,0,0
85.99,27.66,80.03,0,late,loamy,0,0
41.4,20.98,57.78,5.35,initial,clay,7.4,0
9.72,33.82,49.39,1.91,mid_season,clay,18.81,0
42.23,20.36,46.68,2.73,late,loamy,3.29,0
50.12,27.16,64.52,4.65,initial,clay,0.63,0
50.36,21.21,64.59,3.82,development,sandy,13.27,0
36.74,31.94,42.89,4.64,late,clay,1.95,0
58.04,28.59,44.15,0,initial,sandy,0,1
70.57,26.91,43.92,4.48,development,clay,0.0,0
95,27.64,73.96,4.94,development,clay,3.12,0
73.12,13.27,54.97,0,initial,sandy,0,0
36.28,16.65,47.49,0,development,sandy,0,1
80.65,25.07,82.01,4.02,mid_season,loamy,9.17,0
43.96,31.69,31.4,3.01,initial,clay,6.21,0
28.11,17.09,52.97,6.73,development,loamy,12.37,0
60.83,21.4,68.78,3.77,initial,clay,9.56,0
20.93,22.4,40.04,3.21,mid_season,clay,22.26,0
94.81,29.57,46.2,2.46,late,clay,1.65,0
66.7,26.19,82.29,3.47,late,clay,3.54,0
71.04,17.11,72.51,2.75,development,clay,14.1,0
26.52,20.0,30.45,2.83,initial,loamy,0.93,0
72.73,16.8,63.91,3.02,initial,loamy,6.64,0
24.43,25.38,50.31,3.55,mid_season,loamy,14.07,0
54.68,15.99,70.03,5.59,development,loamy,14.27,0
45.66,24.13,63.67,3.34,mid_season,clay,15.15,0
50.81,31.99,77.03,3.95,mid_season,sandy,25.4,0
56.98,26.3,39.34,4.78,development,sandy,1.39,0
68.29,18.92,30.53,0,initial,loamy,0,0
60.78,29.0,49.78,4.7,development,sandy,9.43,0
47.57,15.29,42.35,3.79,late,clay,8.75,0
56.02,32.11,36.55,4.98,initial,loamy,7.37,0
70.85,16.65,40.29,4.65,late,loamy,6.49,0
49.05,14.46,43.24,4.04,mid_season,clay,21.29,0
78.5,29.9,52.14,3.44,late,sandy,13.32,0
74.45,22.33,34.65,2.56,mid_season,loamy,3.05,0
23.33,16.51,63.75,3.3,late,sandy,18.47,0
88.82,33.5,30.64,0,initial,loamy,0,0
66.79,28.48,72.33,3.74,late,loamy,13.79,0
57.92,24.56,48.63,4.5,late,clay,8.87,0
63.63,21.6,41.17,4.18,initial,sandy,0.16,0
55.99,18.9,30.56,3.98,initial,loamy,8.47,0
51.36,19.52,38.0,3.42,mid_season,loamy,6.89,0
24.05,13.05,72.94,3.08,development,clay,21.84,0
59.21,18.11,64.88,3.06,development,loamy,18.87,0
47.63,31.13,45.67,4.39,initial,sandy,13.19,0
42.83,22.03,53.11,3.46,development,loamy,17.78,0
80.78,26.11,34.24,3.85,initial,loamy,6.29,0
26.13,15.95,33.13,0,initial,sandy,0,0
61.9,27.99,31.62,5.14,mid_season,clay,15.46,0
61.17,16.69,50.93,5.56,late,sandy,12.37,0
52.57,24.93,44.71,3.9,mid_season,clay,6.21,0
47.72,23.88,56.09,2.32,late,clay,2.44,0
71.01,23.88,61.53,5.3,development,sandy,7.52,0
51.46,24.34,82.74,3.93,initial,clay,1.43,0
35.62,12.85,31.09,3.57,development,sandy,11.7,0
74.15,20.83,38.71,5.09,initial,sandy,9.29,0
33.98,16.76,53.29,3.09,initial,loamy,0.08,0
66.41,17.52,59.1,0,development,sandy,0,0
44.01,12.43,81.65,5.67,initial,clay,4.22,0
58.85,23.71,69.18,5.28,late,clay,16.53,0
38.27,23.67,46.07,3.11,mid_season,loamy,15.41,0
86.05,32.95,76.96,5.7,mid_season,clay,16.72,0
57.11,29.95,55.07,2.68,initial,loamy,7.42,0
47.71,26.16,50.54,4.9,development,sandy,7.8,0
65.54,20.54,54.34,6.46,mid_season,sandy,8.89,0
51.47,25.28,47.84,0,initial,sandy,0,0
32.37,18.19,64.63,3.53,late,loamy,4.46,0
65.12,23.31,72.46,3.97,development,clay,2.67,0
51.46,29.11,77.26,5.85,mid_season,sandy,8.7,0
41.18,29.0,51.12,2.38,late,sandy,8.31,0
56.6,31.31,80.93,3.7,late,sandy,12.19,0
64.73,26.94,80.08,2.21,development,loamy,25.19,0
28.58,13.5,75.41,0,development,sandy,0,0
91.72,28.93,75.89,3.79,late,clay,15.96,0
53.29,28.67,49.52,3.75,initial,clay,15.35,0
72.71,16.14,37.92,3.59,development,sandy,14.7,0
31.25,15.85,36.81,3.72,mid_season,clay,16.36,0
41.19,33.33,36.48,3.2,mid_season,clay,11.74,0
72.93,31.64,63.87,5.35,mid_season,loamy,8.85,0
50.78,12.57,84.69,4.29,development,loamy,9.25,0
73.08,25.78,41.33,0,development,sandy,0,0
60.46,23.73,51.85,3.95,mid_season,sandy,5.74,0
78.9,21.33,43.29,4.0,late,loamy,2.67,0
53.68,19.59,60.17,4.72,development,loamy,10.02,0
55.36,32.85,84.63,2.31,initial,sandy,8.27,0
49.02,18.93,43.43,3.3,development,clay,1.02,0
88.37,27.11,63.48,4.43,late,loamy,7.32,0
66.64,12.55,40.15,3.77,mid_season,loamy,2.06,0
72.18,27.81,58.36,4.87,mid_season,loamy,7.4,0
21.96,28.95,55.27,0,development,sandy,0,1
46.69,19.43,75.33,3.24,mid_season,sandy,0.07,0
81.31,32.53,64.39,2.13,late,clay,5.06,0
60.52,19.6,49.13,0,mid_season,loamy,0,0
51.09,30.05,42.35,5.63,mid_season,clay,17.08,0
35.21,21.59,48.59,4.12,mid_season,sandy,17.93,0
60.27,22.23,36.74,3.13,development,clay,6.47,0
47.2,24.36,82.2,2.24,development,loamy,0.19,0
73.17,31.25,43.75,4.08,late,loamy,5.21,0
67.97,18.25,51.99,2.87,development,clay,14.33,0
54.44,26.15,42.54,5.21,late,sandy,5.52,0
59.04,15.94,70.4,2.62,initial,sandy,9.76,0
75.36,29.4,47.45,4.48,development,sandy,0.9,0
61.62,33.35,42.35,5.42,initial,clay,2.88,0
69.57,27.3,40.64,5.66,initial,loamy,9.3,0
48.66,15.19,78.11,0,initial,sandy,0,0
62.13,17.38,62.76,4.45,mid_season,clay,19.6,0
48.48,33.24,59.03,4.5,late,sandy,8.53,0
30.6,29.92,40.59,5.89,late,sandy,10.42,0
68.16,28.18,49.55,3.52,late,loamy,3.67,0
77.07,31.48,37.12,3.23,initial,loamy,6.96,0
84.97,22.82,36.22,3.77,development,clay,4.52,0
47.15,21.5,60.58,3.77,development,sandy,6.77,0
95,27.88,76.55,3.26,initial,loamy,5.04,0
69.28,33.11,40.59,6.68,initial,clay,1.7,0
54.42,24.17,84.57,3.26,late,sandy,9.16,0
38.96,31.44,61.12,2.32,initial,sandy,7.4,0
59.14,18.24,48.08,2.4,development,sandy,17.89,0
50.88,29.16,65.48,7.16,development,loamy,6.36,0
64.68,30.26,44.08,3.69,initial,loamy,11.08,0
53.65,24.21,76.43,3.47,initial,sandy,4.85,0
29.05,19.19,62.39,4.21,mid_season,clay,14.21,0
48.7,13.74,58.28,4.16,mid_season,sandy,7.81,0
64.21,18.34,78.97,0,development,loamy,0,0
38.02,18.05,56.08,0,mid_season,clay,0,1
37.11,25.64,51.81,3.99,late,clay,14.55,0
60.09,27.4,54.1,4.0,mid_season,clay,16.34,0
66.2,31.44,71.47,5.31,mid_season,clay,16.88,0
34.6,33.37,40.1,0,initial,loamy,0,1
68.4,19.49,59.69,4.57,mid_season,clay,12.59,0
65.08,23.37,84.26,3.95,initial,sandy,0.89,0
54.46,15.89,67.79,0,late,loamy,0,0
17.37,18.52,63.45,0,initial,loamy,0,0
56.01,24.23,52.62,0,late,sandy,0,1
60.64,16.1,74.14,3.33,mid_season,clay,23.18,0
50.6,17.1,58.46,0,initial,clay,0,0
30.27,15.94,59.34,4.29,development,loamy,15.79,0
54.91,26.11,83.69,5.48,development,sandy,18.68,0
58.3,32.6,41.77,4.53,mid_season,clay,1.21,0
52.82,27.35,53.91,2.87,initial,sandy,11.52,0
50.26,29.98,48.72,0,mid_season,loamy,0,1
73.49,22.77,81.99,5.37,late,loamy,3.84,0
78.19,16.49,37.95,4.99,development,loamy,4.37,0
37.67,17.7,55.34,4.69,development,sandy,0.53,0
31.78,25.11,83.95,3.02,mid_season,sandy,0.05,0
28.25,19.57,71.52,3.36,development,loamy,11.39,0
47.71,21.04,72.98,4.06,initial,sandy,4.41,0
36.37,16.73,56.19,3.17,late,loamy,6.85,0
55.12,14.9,72.49,3.27,development,clay,2.28,0
45.48,30.17,76.86,3.12,initial,sandy,9.17,0
64.95,26.59,84.67,2.54,late,loamy,12.11,0
58.31,27.17,77.58,5.09,late,sandy,11.26,0
72.36,12.85,39.11,4.82,development,clay,4.58,0
93.07,15.56,77.99,4.72,initial,clay,2.17,0
26.77,21.71,75.61,4.52,mid_season,sandy,2.43,0
86.38,13.39,44.31,5.25,late,loamy,14.14,0
59.49,17.19,47.9,4.37,development,loamy,12.9,0
52.04,13.42,43.23,4.71,initial,clay,8.08,0
73.66,13.45,41.65,0,initial,loamy,0,0
62.94,13.52,43.72,2.79,mid_season,loamy,11.2,0
55.08,14.69,78.8,5.01,development,loamy,19.85,0
48.4,15.93,34.93,4.24,late,sandy,10.55,0
59.69,30.12,50.73,3.96,development,clay,13.28,0
53.61,15.21,38.99,4.57,late,sandy,2.48,0
67.11,18.92,70.15,5.82,initial,clay,14.12,0
47.81,31.19,35.62,0,mid_season,loamy,0,1
18.6,16.33,84.89,0,initial,loamy,0,0
38.71,12.01,83.75,4.95,mid_season,loamy,2.19,0
32.04,25.81,60.69,4.84,late,loamy,4.79,0
66.98,29.99,43.69,5.32,initial,loamy,10.09,0
84.26,14.11,66.42,6.77,development,sandy,7.32,0
84.68,29.29,30.03,4.17,development,sandy,1.06,0
56.78,27.38,76.72,5.39,development,loamy,7.57,0
68.73,21.31,48.34,5.72,late,clay,7.69,0
62.9,26.88,63.84,2.21,development,clay,14.8,0
48.5,13.54,75.82,5.72,initial,clay,9.57,0
66.36,20.37,48.71,2.76,initial,loamy,22.93,0
56.23,23.31,78.69,1.73,initial,sandy,11.8,0
61.28,33.81,72.5,3.53,mid_season,loamy,17.96,0
86.78,17.49,50.76,3.27,initial,sandy,2.81,0
24.84,18.69,45.64,3.88,mid_season,loamy,12.25,0
56.85,32.07,68.28,3.71,initial,sandy,3.39,0
41.85,26.1,33.94,4.7,initial,loamy,10.23,0
54.43,13.28,80.95,2.69,initial,clay,10.74,0
25.84,21.56,75.42,3.05,initial,loamy,7.24,0
33.92,16.3,64.93,0,initial,clay,0,0
28.08,27.11,83.24,0,initial,loamy,0,0
44.63,27.42,52.46,0,development,clay,0,1
69.45,27.39,77.22,0,development,sandy,0,0
59.97,15.88,49.34,0,development,loamy,0,0
95,18.16,31.44,4.46,development,loamy,5.81,0
54.51,13.03,32.79,3.67,mid_season,loamy,1.48,0
59.14,15.63,62.18,2.86,development,sandy,2.19,0
49.13,13.56,44.29,3.44,late,clay,6.69,0
72.08,29.39,55.29,3.95,development,loamy,3.26,0
58.99,28.76,52.3,3.36,late,clay,5.21,0
44.36,14.76,69.44,0,late,loamy,0,1
29.49,18.08,38.98,0,mid_season,loamy,0,1
86.99,17.12,80.18,3.19,late,loamy,9.85,0
53.26,16.62,42.75,3.74,development,clay,12.17,0
35.87,29.48,63.85,4.86,mid_season,loamy,11.01,0
39.12,31.86,38.08,0,initial,sandy,0,1
72.26,33.4,56.83,5.04,initial,loamy,6.16,0
49.54,14.48,52.14,4.59,initial,clay,6.78,0
58.36,27.65,48.71,2.57,initial,loamy,8.24,0
45.17,23.44,79.64,3.45,initial,loamy,25.97,0
62.36,27.09,81.3,3.26,mid_season,sandy,6.63,0
65.1,15.38,33.66,3.95,development,sandy,7.54,0
23.03,28.93,30.4,4.72,development,clay,14.45,0
77.15,22.78,54.87,4.31,mid_season,sandy,5.33,0
46.49,14.95,34.52,3.25,mid_season,sandy,8.46,0
65.31,20.8,42.34,3.15,late,loamy,5.22,0
15.88,15.38,52.6,4.77,late,sandy,13.47,0
84.58,32.2,84.98,2.73,mid_season,loamy,11.42,0
46.8,31.16,47.24,5.07,late,clay,18.05,0
29.4,32.32,54.29,4.41,development,loamy,2.4,0
69.53,33.07,74.32,3.11,late,loamy,10.09,0
49.74,14.15,39.32,3.83,mid_season,sandy,15.08,0
61.34,23.49,49.54,3.2,late,clay,18.69,0
31.84,19.32,67.14,4.7,mid_season,sandy,6.88,0
34.29,32.52,37.4,4.78,late,sandy,4.25,0
68.02,17.88,30.51,3.53,late,sandy,9.87,0
55.79,31.7,46.47,4.45,initial,loamy,9.39,0
43.76,17.33,82.14,0,late,sandy,0,1
37.28,19.09,67.01,4.41,development,sandy,2.14,0
71.05,28.78,38.81,2.92,development,sandy,7.0,0
75.91,24.85,41.96,6.59,mid_season,clay,18.79,0
44.29,31.32,80.97,5.09,initial,clay,25.37,0
54.23,22.34,63.9,4.25,mid_season,sandy,6.87,0
21.45,20.99,41.8,0,development,sandy,0,1
30.35,27.55,55.45,0,initial,sandy,0,0
50.27,23.0,32.32,4.59,initial,sandy,1.62,0
76.78,22.07,34.86,3.68,initial,sandy,5.56,0
40.01,19.48,33.64,3.59,late,sandy,0.75,0
49.35,22.53,74.64,4.88,late,sandy,13.03,0
31.51,16.1,30.82,0,development,clay,0,1
64.96,29.26,55.99,2.65,mid_season,clay,10.48,0
35.41,29.7,66.97,5.31,initial,clay,7.98,0
22.71,21.54,31.43,3.68,development,loamy,1.92,0
44.47,29.14,68.58,3.7,initial,clay,2.49,0
44.62,13.92,32.66,3.98,initial,sandy,6.06,0
50.2,19.03,70.58,4.65,development,clay,0.38,0
53.49,13.1,47.41,4.72,initial,clay,12.35,0
55.71,21.71,33.88,3.07,mid_season,clay,9.13,0
51.33,19.96,68.68,3.41,initial,sandy,4.53,0
39.48,20.52,33.14,4.13,initial,clay,11.07,0
65.21,33.05,73.1,4.18,mid_season,loamy,4.33,0
48.48,17.74,32.38,3.69,mid_season,clay,10.48,0
70.22,13.86,65.59,4.01,development,clay,12.14,0
69.47,30.6,32.17,3.44,development,clay,9.2,0
37.94,16.68,41.82,5.05,development,loamy,16.71,0
57.9,24.45,43.25,3.0,mid_season,loamy,6.28,0
31.13,26.51,38.4,2.36,development,loamy,13.56,0
67.68,12.1,36.86,3.39,late,sandy,3.09,0
44.06,33.45,60.95,4.33,development,sandy,2.87,0
27.65,13.12,79.4,4.27,initial,loamy,8.09,0
65.76,14.04,56.42,2.05,late,loamy,18.01,0
60.78,19.32,69.94,3.98,late,sandy,9.76,0
38.13,31.2,37.84,0,initial,loamy,0,1
83.92,20.62,53.39,3.43,development,clay,8.98,0
52.74,13.65,37.16,3.8,mid_season,clay,19.78,0
75.49,19.28,81.72,0,late,sandy,0,0
52.24,27.32,63.73,4.69,mid_season,sandy,5.28,0
28.88,31.38,84.15,0,initial,loamy,0,0
62.9,24.31,71.28,5.18,mid_season,clay,11.28,0
57.21,28.75,79.96,3.14,mid_season,loamy,27.23,0
39.18,32.0,31.87,4.11,initial,clay,15.87,0
49.31,23.37,69.06,4.35,initial,clay,9.29,0
15.42,20.31,63.1,5.6,development,clay,5.59,0
36.48,21.04,56.46,3.15,initial,clay,11.04,0
68.94,12.52,77.22,4.26,development,sandy,9.02,0
38.35,13.81,31.39,5.33,late,sandy,6.02,0
89.73,33.04,53.78,4.75,mid_season,clay,16.0,0
27.26,14.24,34.48,6.39,mid_season,clay,10.48,0
43.09,32.1,67.88,3.51,late,loamy,7.64,0
50.27,12.77,38.1,5.68,mid_season,loamy,11.03,0
56.8,16.34,78.64,0,initial,loamy,0,0
60.66,25.08,41.54,4.62,mid_season,loamy,12.86,0
39.22,32.05,66.0,2.26,late,sandy,6.47,0
93.11,23.41,42.12,2.71,late,loamy,5.58,0
52.41,23.62,80.51,4.26,initial,clay,0.36,0
44.13,19.43,40.67,3.35,mid_season,loamy,19.39,0
52.22,13.31,66.03,2.74,development,sandy,9.39,0
63.92,15.82,58.19,4.95,late,loamy,12.9,0
53.37,21.26,38.82,4.02,initial,loamy,8.2,0
42.9,22.55,57.06,3.4,late,sandy,3.74,0
47.95,33.17,81.22,4.86,development,sandy,1.28,0
40.69,22.49,62.99,4.87,late,clay,20.0,0
39.19,26.66,48.05,2.86,development,sandy,15.46,0
60.24,32.78,82.0,4.08,initial,loamy,14.54,0
56.54,18.12,79.59,5.4,development,clay,9.64,0
47.93,22.83,30.92,4.44,mid_season,loamy,18.12,0
26.99,15.43,64.98,3.23,late,sandy,10.13,0
67.0,30.83,82.1,1.65,late,clay,7.76,0
58.78,13.16,55.78,3.99,development,clay,6.92,0
56.08,24.84,78.11,2.43,late,loamy,10.53,0
84.42,14.71,32.56,2.35,development,loamy,10.78,0
53.13,23.86,47.04,3.01,initial,clay,6.92,0
38.75,24.37,80.3,3.81,initial,loamy,6.41,0
55.09,25.89,63.78,3.51,late,loamy,0.76,0
50.71,23.31,67.02,2.89,mid_season,clay,15.35,0
51.99,20.57,37.85,4.49,development,clay,1.69,0
58.17,23.52,38.54,5.27,initial,loamy,3.26,0
65.59,32.59,69.65,2.78,mid_season,clay,10.51,0
48.36,28.32,36.95,5.51,initial,sandy,7.35,0
40.96,31.36,76.14,4.28,development,sandy,17.77,0
58.25,13.35,32.45,3.34,development,loamy,15.33,0
57.99,16.03,59.85,3.3,development,loamy,2.52,0
47.75,33.46,71.83,4.93,mid_season,loamy,7.24,0
51.4,18.99,38.65,2.72,development,loamy,15.34,0
57.59,18.48,52.73,0,initial,clay,0,0
53.81,18.52,79.94,0,initial,clay,0,0
51.13,20.36,49.45,0,development,clay,0,0
66.75,32.07,51.5,4.85,late,clay,5.75,0
63.14,20.33,37.6,0,development,loamy,0,0
61.31,31.39,49.82,5.03,mid_season,loamy,17.28,0
73.14,12.86,73.21,3.96,initial,clay,8.17,0
45.78,14.48,60.12,4.37,late,clay,14.96,0
63.44,31.21,52.04,3.57,initial,sandy,3.65,0
43.42,28.06,30.31,4.88,mid_season,loamy,14.13,0
49.85,23.79,45.51,2.98,development,loamy,5.34,0
48.46,32.38,67.08,4.59,late,loamy,10.93,0
64.02,24.62,80.27,3.29,development,sandy,1.62,0
73.47,13.89,37.9,4.9,development,sandy,10.3,0
71.1,26.85,53.26,0,late,sandy,0,0
67.23,24.26,76.09,3.71,late,clay,24.22,0
52.56,22.73,45.43,3.4,development,clay,3.46,0
63.5,19.63,46.51,4.08,late,loamy,10.98,0
56.05,12.32,42.32,4.53,mid_season,clay,12.73,0
42.11,31.31,31.85,3.3,initial,clay,6.07,0
81.87,25.84,84.75,4.61,late,loamy,1.76,0
34.11,24.04,65.34,5.32,mid_season,loamy,17.49,0
71.2,20.73,78.19,4.31,mid_season,clay,12.13,0
52.67,30.48,78.27,2.98,late,sandy,20.56,0
71.18,20.99,61.26,1.07,mid_season,clay,14.73,0
72.24,28.79,63.86,5.56,mid_season,loamy,13.81,0
60.39,33.81,72.02,2.18,development,clay,14.98,0
45.31,20.68,48.81,2.43,initial,clay,7.17,0
41.42,17.71,51.9,3.22,initial,loamy,2.9,0
22.87,17.82,49.2,3.41,late,sandy,17.59,0
42.45,19.03,43.47,3.6,development,sandy,5.42,0
75.11,25.36,70.33,5.26,late,sandy,8.58,0
16.71,27.07,46.59,2.59,development,loamy,16.28,0
49.46,23.92,58.8,2.09,initial,loamy,11.91,0
31.95,23.06,52.78,4.28,late,clay,11.12,0
23.25,33.2,72.83,3.85,initial,clay,11.32,0
62.49,30.47,75.22,5.65,late,sandy,6.43,0
56.81,18.85,77.58,3.34,mid_season,sandy,8.47,0
27.67,27.83,68.06,3.19,development,sandy,24.19,0
34.09,12.64,36.67,3.45,initial,sandy,8.1,0
45.95,18.36,75.96,5.16,mid_season,sandy,4.46,0
53.76,31.61,75.93,2.92,initial,loamy,2.22,0
52.14,14.85,68.09,3.36,development,clay,7.73,0
64.87,21.03,83.62,0,development,sandy,0,0
40.42,30.28,56.93,4.93,initial,loamy,6.33,0
12.05,18.67,68.0,5.41,mid_season,clay,11.26,0
36.03,33.42,68.09,1.76,mid_season,loamy,12.53,0
78.87,12.57,63.13,4.78,late,sandy,7.35,0
43.49,13.37,35.51,2.57,development,sandy,9.51,0
55.13,23.39,36.44,3.3,development,clay,7.31,0
53.32,30.42,37.44,3.84,development,loamy,0.57,0
30.74,22.42,53.07,2.5,mid_season,loamy,6.92,0
44.97,15.07,82.78,3.15,mid_season,sandy,11.21,0
26.34,21.71,43.18,3.09,initial,clay,4.62,0
95,23.98,83.85,4.28,initial,loamy,1.89,0
52.04,29.5,64.44,4.51,late,clay,3.7,0
39.17,13.1,75.0,3.13,development,clay,11.14,0
65.4,15.82,38.1,4.12,development,loamy,9.53,0
55.06,27.74,84.81,2.78,late,clay,12.8,0
66.16,16.49,49.12,5.22,development,loamy,7.1,0
47.53,23.37,73.34,5.1,late,loamy,10.02,0
34.32,14.77,30.42,3.94,initial,loamy,3.62,0
30.87,16.64,45.7,4.52,mid_season,sandy,11.84,0
59.71,29.72,64.36,3.16,late,clay,17.29,0
32.59,13.7,71.54,6.63,initial,loamy,3.19,0
51.7,23.6,62.3,4.72,mid_season,sandy,20.57,0
57.5,23.98,81.69,4.07,late,loamy,3.96,0
46.7,26.9,62.01,5.53,late,loamy,7.51,0
35.65,27.92,55.33,3.96,mid_season,sandy,2.93,0
61.82,23.25,51.07,3.99,late,sandy,27.48,0
33.65,24.51,82.62,4.47,mid_season,loamy,17.64,0
88.34,29.43,84.27,3.88,late,sandy,20.5,0
40.99,28.77,66.36,0,late,sandy,0,1
60.43,29.67,68.26,4.5,initial,sandy,6.41,0
37.51,13.68,42.8,0,late,sandy,0,1
45.88,19.12,84.14,4.34,late,clay,11.85,0
67.94,33.71,80.72,0,late,sandy,0,0
13.49,18.92,39.86,2.49,development,sandy,15.52,0
69.22,15.86,31.69,2.69,late,loamy,5.21,0
50.07,30.06,60.96,3.58,initial,clay,7.07,0
45.73,18.57,78.73,4.39,mid_season,sandy,0.84,0
35.54,24.06,66.51,0,initial,loamy,0,0
44.69,23.64,68.81,5.48,mid_season,sandy,8.28,0
68.41,13.37,60.55,4.7,initial,loamy,13.66,0
33.51,15.19,44.51,2.69,mid_season,sandy,10.95,0
42.09,33.05,65.56,2.5,development,sandy,4.31,0
76.42,14.44,68.08,2.88,development,loamy,11.62,0
61.82,19.37,41.3,3.9,development,loamy,4.76,0
60.11,20.28,46.43,3.71,development,sandy,9.75,0
91.65,19.67,71.61,4.94,late,clay,9.54,0
83.86,17.18,62.18,4.01,mid_season,sandy,2.08,0
56.48,20.72,45.38,4.51,initial,loamy,3.38,0
75.61,13.85,49.94,4.48,initial,sandy,2.08,0
67.73,33.8,78.04,3.44,development,loamy,10.57,0
43.91,18.12,64.4,3.2,development,loamy,8.21,0
45.27,14.41,74.88,3.57,initial,loamy,4.11,0
72.4,15.78,73.19,6.73,development,loamy,3.69,0
65.86,18.73,62.51,5.79,late,sandy,8.01,0
71.05,18.56,69.14,3.78,mid_season,sandy,1.77,0
81.2,29.94,70.59,4.11,initial,clay,11.41,0
63.78,20.33,62.8,4.63,development,loamy,13.75,0
47.82,29.17,39.63,5.21,late,loamy,22.71,0
44.01,31.63,52.16,5.92,mid_season,sandy,7.08,0
27.52,25.14,75.3,4.12,development,loamy,3.22,0
25.37,18.47,42.64,4.57,late,loamy,1.92,0
51.9,15.54,67.1,5.17,mid_season,loamy,4.51,0
71.45,32.76,55.22,3.53,mid_season,loamy,12.24,0
71.04,23.63,50.29,4.64,mid_season,sandy,7.38,0
61.07,30.08,73.21,3.1,late,clay,15.77,0
52.85,24.44,65.52,6.03,late,clay,9.56,0
63.41,19.63,73.4,0,initial,sandy,0,0
71.41,21.72,47.7,3.27,development,sandy,6.8,0
80.12,18.51,45.07,3.48,development,sandy,4.06,0
61.77,27.47,75.15,3.37,development,sandy,10.92,0
30.17,23.47,50.0,4.18,mid_season,loamy,14.14,0
50.69,29.66,39.22,3.95,initial,sandy,3.22,0
63.85,18.57,55.11,0,development,loamy,0,0
66.88,17.98,37.2,2.72,initial,loamy,8.81,0
54.0,15.93,68.04,2.49,development,clay,4.64,0
47.43,26.78,31.08,0,initial,sandy,0,1
45.38,21.95,50.47,4.17,development,sandy,7.88,0
32.18,20.98,40.93,2.68,development,clay,10.9,0
65.12,15.38,65.05,4.21,development,loamy,9.38,0
37.22,28.37,76.81,0,initial,loamy,0,0
45.64,22.57,68.24,2.43,initial,sandy,5.29,0
51.22,17.5,50.79,4.28,mid_season,clay,17.52,0
59.06,33.6,69.88,5.14,late,sandy,13.49,0
62.42,20.44,56.43,2.67,late,loamy,21.84,0
51.98,12.23,40.35,5.46,development,loamy,9.82,0
73.56,30.39,51.32,0,initial,clay,0,0
59.88,23.73,52.33,0,development,sandy,0,1
95,26.76,43.46,0,development,loamy,0,0
64.9,14.89,61.67,1.64,late,clay,8.38,0
43.42,25.01,65.29,3.03,development,sandy,8.54,0
52.38,24.79,55.17,4.13,mid_season,loamy,14.09,0
78.33,23.14,61.97,4.15,initial,sandy,3.5,0
48.28,33.71,59.73,5.23,mid_season,clay,4.37,0
46.2,20.24,71.21,0,initial,loamy,0,0
64.28,23.44,66.96,0.53,initial,loamy,3.51,0
38.06,12.28,76.14,4.25,initial,loamy,8.17,0
47.6,30.84,36.2,3.11,late,loamy,1.89,0
53.21,26.66,67.6,4.45,development,loamy,14.55,0
54.31,25.13,61.19,5.49,mid_season,clay,14.11,0
41.97,32.44,82.98,4.64,development,loamy,15.37,0
33.82,24.64,76.88,4.67,late,clay,3.58,0
37.67,19.96,45.69,2.72,late,sandy,20.83,0
46.48,23.94,47.05,4.99,development,sandy,4.33,0
70.73,13.09,82.43,2.74,initial,sandy,4.56,0
30.51,28.46,74.15,4.26,late,clay,2.64,0
63.89,33.81,39.47,5.15,mid_season,sandy,17.8,0
76.17,22.61,40.52,3.85,development,clay,17.65,0
50.0,30.71,56.22,3.31,initial,clay,5.87,0
61.62,14.23,79.2,2.93,late,sandy,15.87,0
28.07,12.07,64.38,3.26,development,clay,9.57,0
52.23,20.7,69.89,3.4,development,loamy,1.13,0
38.7,31.61,37.2,3.23,late,loamy,12.33,0
60.3,22.91,61.99,3.74,mid_season,loamy,4.9,0
37.93,21.46,61.34,2.71,development,sandy,0.83,0
79.99,20.29,73.77,3.94,development,clay,8.43,0
47.25,16.9,64.44,0,development,loamy,0,1
59.13,16.41,68.44,2.46,mid_season,clay,18.97,0
58.49,27.03,58.71,4.09,late,clay,15.03,0
49.47,25.51,48.24,5.33,development,clay,7.35,0
39.95,22.59,63.45,0,mid_season,loamy,7.53,1
62.57,24.85,54.14,6.13,development,loamy,2.83,0
58.82,23.03,65.75,3.8,mid_season,clay,0.7,0
50.97,14.84,72.74,4.07,development,clay,13.58,0
44.75,22.22,53.74,4.0,initial,sandy,9.94,0
95,13.8,35.59,2.57,late,clay,0.37,0
22.98,14.98,43.32,0,initial,clay,0,0
41.3,16.68,39.69,3.4,initial,clay,13.85,0
38.7,14.06,33.72,2.94,development,loamy,9.71,0
43.65,33.75,71.33,0,late,loamy,0,1
40.53,18.64,63.28,4.72,mid_season,sandy,4.63,0
49.87,29.13,71.59,0,initial,sandy,0,0
58.88,18.44,77.91,5.7,initial,sandy,6.27,0
54.46,19.82,66.71,4.18,initial,sandy,5.48,0
69.76,20.91,66.98,5.73,late,clay,1.2,0
37.51,21.96,60.67,2.92,development,loamy,18.13,0
50.71,23.87,63.55,3.48,late,sandy,11.9,0
77.84,33.11,50.07,3.19,initial,loamy,8.73,0
71.27,19.85,31.69,6.34,mid_season,clay,11.86,0
58.53,29.1,44.71,4.79,development,sandy,7.72,0
60.04,12.71,62.7,4.41,development,sandy,12.51,0
49.67,32.9,68.48,0,late,sandy,0,1
55.49,14.14,79.46,3.98,mid_season,loamy,9.14,0
74.28,13.5,68.85,5.25,development,loamy,2.39,0
58.75,30.66,79.28,3.06,mid_season,sandy,6.68,0
72.63,22.03,47.24,0,mid_season,loamy,0,0
39.8,16.01,78.53,3.1,late,clay,16.07,0
44.88,12.79,36.15,4.05,mid_season,clay,17.71,0
65.54,30.12,34.78,3.75,late,clay,11.81,0
28.84,33.0,30.89,3.87,late,loamy,3.05,0
43.41,17.55,59.33,2.59,initial,loamy,2.15,0
62.93,13.24,84.44,3.26,mid_season,sandy,6.03,0
61.01,27.0,31.43,2.57,development,sandy,4.92,0
76.3,31.35,44.17,3.77,initial,sandy,8.57,0
37.47,30.46,68.52,0,late,clay,0,1
58.66,26.36,42.44,3.25,mid_season,clay,10.76,0
75.27,15.15,82.03,4.26,late,loamy,1.26,0
42.27,23.47,74.96,0,initial,loamy,0,0
95,24.27,68.38,5.23,late,clay,8.1,0
63.68,13.83,50.46,0,development,sandy,0,0
34.69,21.98,48.51,2.23,late,loamy,16.13,0
41.83,27.78,38.63,0,late,sandy,0,1
72.64,29.93,68.57,5.69,late,clay,13.55,0
16.42,29.46,41.12,3.24,initial,clay,2.22,0
31.77,29.91,63.47,3.06,late,loamy,21.07,0
63.39,29.25,60.36,4.35,initial,loamy,10.55,0
50.49,19.92,33.25,2.71,mid_season,sandy,6.52,0
13.5,24.26,43.99,4.16,late,loamy,6.31,0
62.66,21.5,73.38,3.77,initial,clay,4.79,0
72.76,29.49,59.31,3.65,initial,clay,16.11,0
51.01,31.19,77.06,3.74,initial,clay,8.23,0
84.12,26.16,45.84,2.57,mid_season,loamy,18.28,0
59.46,23.48,43.55,6.82,initial,clay,7.44,0
46.58,31.75,66.28,3.31,development,clay,0.83,0
45.67,24.64,66.33,0,mid_season,sandy,0,1
83.12,33.18,64.42,2.15,late,sandy,2.69,0
23.98,24.66,67.22,0,development,sandy,0,1
36.7,23.77,36.72,4.51,initial,clay,9.23,0
40.27,28.78,79.27,3.85,development,sandy,14.81,0
51.36,30.51,82.37,3.15,late,sandy,1.87,0
34.95,24.03,37.8,2.47,development,sandy,6.25,0
81.29,30.55,31.78,4.49,late,clay,5.38,0
41.51,28.89,64.03,3.2,mid_season,loamy,8.02,0
84.63,32.01,50.7,4.71,mid_season,sandy,13.66,0
31.34,12.6,64.87,3.74,mid_season,clay,19.32,0
43.8,24.39,62.93,3.16,development,sandy,4.98,0
37.78,12.29,51.13,4.5,late,loamy,2.73,0
42.28,16.0,52.82,6.01,mid_season,loamy,17.39,0
76.07,16.16,69.59,0,initial,sandy,0,0
81.56,14.39,54.75,4.63,initial,clay,5.19,0
67.35,21.01,78.96,3.87,late,sandy,14.21,0
40.9,25.76,50.29,2.71,late,loamy,11.57,0
74.97,17.95,79.68,1.19,initial,clay,6.44,0
95,13.91,61.01,2.54,mid_season,sandy,0.5,0
64.85,23.96,42.73,2.24,development,loamy,23.64,0
57.58,17.8,50.12,5.25,mid_season,loamy,8.55,0
34.32,26.64,57.33,2.33,development,sandy,7.93,0
52.92,13.2,69.41,3.87,mid_season,sandy,1.53,0
83.3,29.05,80.59,4.47,mid_season,sandy,7.64,0
44.17,15.44,56.78,2.08,development,sandy,1.31,0
72.66,27.39,54.53,3.75,development,loamy,1.82,0
76.57,32.75,84.11,3.33,late,clay,10.29,0
55.89,14.39,69.88,0,mid_season,sandy,0,1
30.47,25.69,40.46,2.34,development,clay,8.88,0
33.89,28.27,48.49,3.02,initial,clay,2.77,0
33.41,12.24,82.32,4.5,initial,clay,9.36,0
35.01,14.22,79.41,5.03,late,sandy,9.58,0
51.44,28.28,56.54,3.3,late,sandy,19.64,0
67.91,26.54,66.94,0,late,loamy,0,0
68.43,24.98,84.88,5.74,late,clay,12.86,0
77.96,30.21,73.99,4.03,late,clay,10.64,0
63.11,31.07,81.25,4.55,initial,clay,8.95,0
56.84,23.11,61.45,1.35,mid_season,sandy,10.81,0
74.78,26.03,62.39,3.41,mid_season,loamy,8.67,0
61.09,25.31,42.32,4.75,development,sandy,0.41,0
43.06,12.3,65.13,4.49,development,loamy,10.24,0
39.91,17.49,46.19,2.71,late,sandy,11.89,0
26.05,16.11,72.37,2.7,mid_season,loamy,16.47,0
44.33,27.83,38.64,0,development,loamy,0,1
67.47,26.9,32.47,0,development,loamy,0,0
76.68,16.24,71.78,0,initial,loamy,0,0
52.76,29.78,37.12,4.79,mid_season,loamy,15.52,0
67.18,24.97,74.34,0,initial,loamy,0,0
43.02,24.54,84.6,2.94,initial,sandy,0.45,0
36.7,15.26,32.42,3.42,late,clay,1.63,0
76.66,22.07,73.13,4.27,mid_season,sandy,14.41,0
58.06,25.25,33.47,4.09,initial,loamy,1.29,0
50.95,12.97,55.92,5.4,mid_season,loamy,9.69,0
50.64,22.26,36.49,0,mid_season,clay,0,0
31.89,22.36,47.01,7.13,late,sandy,4.89,0
50.43,16.76,54.91,0,late,loamy,0,1
49.31,13.3,78.24,0,initial,loamy,0,0
62.22,28.3,73.47,1.92,mid_season,sandy,9.66,0
43.66,19.32,68.38,5.1,initial,clay,12.83,0
28.69,21.69,43.71,4.2,development,sandy,10.4,0
69.36,33.14,56.05,4.49,mid_season,loamy,15.1,0
44.86,32.82,52.89,3.88,development,loamy,5.17,0
56.31,31.59,72.05,4.56,initial,sandy,0.07,0
65.03,27.55,46.66,1.73,initial,loamy,7.19,0
80.81,22.04,31.53,0,development,loamy,0,0
50.81,31.42,55.12,4.39,development,sandy,9.82,0
37.87,20.27,38.21,2.86,development,sandy,16.56,0
47.84,15.01,68.24,5.4,mid_season,sandy,6.04,0
74.52,27.24,36.14,2.68,mid_season,clay,14.91,0
37.37,16.17,42.19,5.84,late,loamy,3.48,0
35.32,23.33,55.48,0,initial,sandy,0,0
46.34,20.98,80.49,4.41,mid_season,loamy,15.21,0
30.21,28.74,73.25,4.08,late,loamy,20.27,0
57.12,28.1,51.52,0,late,loamy,0,0
95,21.36,71.94,5.64,development,sandy,6.6,0
43.19,22.66,46.0,0,mid_season,clay,0,1
44.74,32.3,52.54,4.0,initial,clay,7.48,0
82.56,16.53,50.88,3.3,initial,loamy,3.44,0
64.76,33.03,78.41,4.78,mid_season,loamy,1.42,0
72.09,19.11,70.04,0,initial,sandy,0,0
51.08,25.79,76.65,5.5,late,sandy,2.32,0
48.85,25.75,31.71,3.68,development,clay,7.7,0
40.23,31.2,75.52,4.74,late,clay,5.91,0
48.68,31.46,43.64,3.29,development,loamy,0.87,0
60.14,24.66,64.42,4.18,development,sandy,3.14,0
52.54,14.58,76.47,0,initial,loamy,0,0
30.53,33.32,52.03,4.67,late,clay,7.45,0
51.53,17.46,79.73,0,initial,loamy,0,0
28.31,31.98,32.09,3.4,mid_season,loamy,9.2,0
75.63,15.5,44.19,3.56,late,sandy,8.0,0
48.1,17.24,80.72,5.96,initial,sandy,1.79,0
68.0,23.74,43.74,0,mid_season,loamy,0,0
60.76,19.15,60.87,3.43,late,sandy,9.9,0
34.39,24.86,76.71,3.01,late,clay,0.1,0
44.37,30.2,52.01,2.66,late,clay,22.84,0
57.11,24.47,47.04,1.84,development,sandy,6.67,0
68.6,26.16,38.45,0,mid_season,loamy,0,0
40.82,32.2,31.7,2.48,development,clay,23.64,0
41.45,28.14,67.23,5.01,late,sandy,1.3,0
61.22,32.06,30.48,0,development,sandy,0,0
34.82,12.19,66.72,2.64,development,loamy,1.35,0
61.88,32.11,55.65,5.16,mid_season,sandy,16.52,0
30.03,32.24,37.23,3.95,development,sandy,8.63,0
47.64,24.86,54.59,4.53,mid_season,loamy,19.71,0
54.75,18.55,78.47,0,initial,loamy,0,0
84.87,17.5,72.16,5.08,development,loamy,13.5,0
59.01,25.84,47.61,6.16,initial,clay,7.34,0
56.49,23.72,38.02,3.33,initial,clay,21.72,0
7.87,18.81,58.1,4.03,initial,sandy,6.58,0
59.49,33.26,66.64,2.12,mid_season,loamy,13.91,0
52.04,18.75,59.8,4.43,initial,clay,12.97,0
72.73,26.13,30.06,3.89,late,loamy,1.45,0
49.25,28.9,39.17,2.47,development,clay,8.13,0
59.49,30.79,49.21,4.94,late,sandy,3.23,0
68.29,27.91,52.89,4.92,mid_season,sandy,11.54,0
80.47,18.97,83.0,4.55,late,clay,0.53,0
25.03,23.53,42.97,3.97,mid_season,sandy,12.62,0
50.39,22.39,40.67,3.42,mid_season,loamy,6.57,0
56.09,18.3,54.91,3.97,development,loamy,2.57,0
69.97,17.17,77.82,5.68,initial,clay,3.67,0
54.82,27.08,37.3,3.15,initial,loamy,10.7,0
64.89,17.55,77.78,4.17,late,clay,8.59,0
65.95,24.61,46.73,0,development,loamy,0,0
34.01,32.83,56.06,4.19,initial,sandy,11.31,0
50.77,20.01,75.27,3.16,development,loamy,12.32,0
57.42,13.33,39.38,5.95,late,sandy,6.9,0
62.16,21.51,30.21,0,development,sandy,0,0
75.59,15.61,41.04,3.75,late,clay,6.02,0
38.95,27.34,84.56,2.87,initial,sandy,12.38,0
47.17,27.9,35.89,5.14,late,clay,20.55,0
45.47,27.96,49.82,0,initial,loamy,0,0
50.59,30.33,81.25,4.93,late,loamy,11.01,0
51.88,33.92,64.64,2.58,late,sandy,3.01,0
67.74,15.27,77.07,5.29,mid_season,loamy,15.01,0
60.81,14.38,45.65,0,late,loamy,0,0
23.95,20.5,84.02,3.48,mid_season,sandy,4.69,0
44.87,22.54,41.62,3.42,late,loamy,0.08,0
56.53,19.12,40.91,3.22,mid_season,loamy,13.13,0
77.66,31.12,37.99,3.37,initial,sandy,6.59,0
90.54,21.48,59.7,2.89,development,clay,0.48,0
44.49,19.04,33.99,4.75,late,sandy,4.31,0
48.09,27.43,31.42,2.89,initial,sandy,11.72,0
38.55,20.66,47.42,5.87,initial,clay,8.86,0
83.91,18.98,31.89,4.8,late,sandy,8.81,0
58.2,23.71,32.39,5.19,mid_season,sandy,9.63,0
60.79,14.26,49.57,4.44,mid_season,sandy,9.79,0
45.99,14.82,58.95,3.47,development,sandy,13.49,0
71.55,15.84,81.79,0,initial,clay,0,0
35.99,22.24,71.29,4.5,initial,loamy,8.03,0
70.23,26.74,73.77,4.85,late,sandy,0.15,0
51.56,16.22,62.4,0,development,clay,0,0
43.4,27.6,48.73,3.87,late,clay,14.64,0
56.91,32.77,56.27,5.17,initial,clay,6.72,0
62.24,16.1,78.83,5.52,development,clay,5.36,0
75.8,28.84,74.33,2.83,late,clay,7.13,0
57.17,27.68,61.87,0,initial,loamy,0,0
49.16,15.05,55.98,2.11,development,clay,5.89,0
45.95,18.16,32.62,4.14,mid_season,loamy,3.72,0
44.72,21.3,71.43,2.11,mid_season,loamy,7.74,0
45.73,17.05,37.32,3.58,initial,loamy,10.97,0
37.03,26.31,73.23,2.34,initial,loamy,9.6,0
68.74,22.42,55.92,3.69,late,sandy,7.55,0
61.21,13.58,63.04,3.54,mid_season,loamy,6.11,0
69.1,25.58,47.11,3.79,development,sandy,0.96,0
24.79,23.27,66.0,5.42,development,sandy,7.42,0
64.72,16.52,56.03,5.35,initial,clay,14.61,0
35.34,13.93,35.79,0,development,sandy,0,1
34.71,33.54,56.25,3.69,mid_season,sandy,3.02,0
72.43,22.02,69.09,4.7,late,loamy,11.09,0
68.7,27.51,67.44,2.79,development,loamy,7.44,0
57.13,33.86,50.53,5.73,mid_season,sandy,16.99,0
9.27,19.74,36.85,3.25,late,sandy,3.65,0
32.34,15.62,75.08,3.23,development,loamy,7.37,0
36.52,32.33,81.33,7.88,late,clay,21.64,0
75.37,16.28,55.99,2.96,initial,sandy,11.09,0
57.78,14.72,70.11,4.2,mid_season,clay,9.23,0
90.27,23.72,45.47,4.86,initial,sandy,19.28,0
26.71,12.21,51.44,3.01,initial,clay,11.12,0
56.02,33.73,37.31,3.75,late,clay,11.29,0
32.83,15.59,62.13,3.66,mid_season,clay,8.6,0
40.23,15.28,44.35,5.59,initial,sandy,4.16,0
89.25,22.13,45.72,3.57,mid_season,sandy,7.72,0
39.27,28.59,41.14,2.72,initial,sandy,2.86,0
57.55,33.25,68.91,0,initial,loamy,0,0
65.27,32.14,74.73,3.82,mid_season,loamy,6.38,0
54.01,28.73,74.84,2.08,late,sandy,13.58,0
64.78,27.53,84.75,2.45,mid_season,clay,15.91,0
85.95,12.18,58.7,4.3,late,sandy,18.3,0
44.92,28.95,53.56,6.12,mid_season,loamy,14.12,0
82.19,17.71,39.92,4.73,mid_season,clay,25.03,0
56.59,28.7,66.12,5.65,development,loamy,7.41,0
93.93,12.74,64.5,4.83,mid_season,loamy,15.04,0
36.36,17.52,70.01,3.69,mid_season,clay,10.54,0
52.82,27.66,61.37,5.73,mid_season,sandy,18.47,0
9.29,27.14,50.77,5.19,development,loamy,5.84,0
34.43,32.01,55.89,5.92,mid_season,loamy,10.32,0
36.76,15.21,66.9,5.29,development,sandy,11.77,0
24.56,22.76,56.4,3.75,development,clay,2.98,0
36.63,15.79,83.41,5.12,mid_season,loamy,12.57,0
71.84,13.7,63.26,2.13,mid_season,clay,29.19,0
51.37,21.9,66.79,2.41,late,clay,6.3,0
55.19,13.18,84.55,3.77,late,sandy,17.03,0
51.33,21.61,47.49,5.0,development,sandy,2.18,0
42.12,28.44,49.21,3.39,mid_season,sandy,3.72,0
28.46,31.78,68.93,5.84,development,loamy,10.86,0
62.86,18.46,67.6,3.38,development,loamy,10.69,0
66.04,22.42,41.26,0,initial,loamy,0,0
79.47,30.53,35.51,0.36,development,clay,16.16,0
75.76,33.73,80.62,2.98,late,sandy,17.39,0
34.64,29.6,68.87,3.38,mid_season,loamy,10.95,0
30.11,15.33,35.53,4.58,late,clay,13.11,0
31.62,15.07,76.06,4.58,initial,loamy,0.83,0
67.73,14.93,69.22,4.6,mid_season,sandy,1.04,0
14.05,23.91,41.59,2.97,mid_season,clay,9.74,0
51.11,13.93,69.21,0,development,clay,0,0
22.25,29.54,77.89,3.03,late,loamy,12.14,0
45.32,23.61,77.64,5.36,mid_season,loamy,6.11,0
56.9,30.68,68.2,5.5,mid_season,clay,11.79,0
32.04,25.38,69.21,3.23,development,sandy,3.75,0
34.55,16.78,40.18,5.0,development,sandy,4.54,0
48.09,15.46,71.27,6.36,late,sandy,10.29,0
53.25,31.34,53.94,0,late,sandy,0,1
76.04,25.55,37.44,4.52,mid_season,sandy,7.05,0
59.69,16.18,74.31,4.3,initial,sandy,4.09,0
56.52,18.65,45.79,4.35,development,sandy,5.17,0
52.19,12.13,40.62,2.61,development,clay,15.63,0
63.16,19.01,82.14,4.44,initial,sandy,3.05,0
61.85,20.64,81.04,4.84,late,clay,14.12,0
50.67,32.41,73.76,6.13,initial,sandy,2.33,0
52.22,12.12,45.77,3.67,mid_season,sandy,3.57,0
83.8,25.16,46.95,3.4,initial,sandy,10.4,0
54.43,19.16,58.86,1.94,development,loamy,12.96,0
47.18,26.71,69.15,4.17,development,loamy,14.56,0
66.57,13.19,74.38,5.23,late,loamy,12.04,0
40.85,12.46,31.53,0,initial,sandy,0,0
39.88,24.15,33.79,3.71,development,loamy,5.55,0
44.81,25.64,36.86,4.21,mid_season,loamy,10.9,0
42.27,32.84,78.09,3.9,development,sandy,4.48,0
57.53,21.49,43.64,3.0,initial,clay,1.42,0
72.71,19.92,80.02,3.85,development,loamy,14.51,0
52.1,14.52,83.69,2.18,initial,clay,13.72,0
76.19,28.41,35.2,4.59,mid_season,clay,2.78,0
54.18,22.84,51.9,5.21,late,clay,22.35,0
66.2,24.65,30.95,3.66,late,clay,9.27,0
66.93,33.83,31.52,3.43,mid_season,sandy,12.26,0
45.79,32.03,58.95,5.12,initial,sandy,13.43,0
57.4,26.01,70.34,5.93,development,sandy,11.75,0
27.57,16.76,56.33,4.05,mid_season,sandy,4.51,0
64.92,19.44,36.93,5.44,mid_season,sandy,0.37,0
30.57,22.27,65.65,0,mid_season,clay,0,1
44.33,19.16,83.48,2.35,mid_season,sandy,7.26,0
43.12,23.84,76.72,4.81,development,clay,13.4,0
71.28,21.38,34.41,4.41,mid_season,sandy,8.71,0
32.78,20.39,31.44,4.23,mid_season,sandy,24.34,0
73.91,33.23,68.69,3.26,late,sandy,2.69,0
49.26,30.72,74.6,3.19,mid_season,clay,11.37,0
78.44,21.08,48.85,4.46,mid_season,sandy,4.24,0
44.73,15.01,35.36,4.27,late,loamy,9.58,0
68.32,16.65,58.97,6.73,late,sandy,2.45,0
32.83,33.79,33.72,0,initial,loamy,0,1
58.95,21.42,49.87,4.69,development,sandy,16.47,0
61.72,30.58,51.54,3.83,development,sandy,18.56,0
81.26,21.7,33.1,4.04,initial,sandy,9.41,0
50.86,21.69,83.08,4.66,initial,sandy,2.22,0
88.03,30.81,37.56,3.21,late,sandy,6.99,0
70.21,25.69,74.52,5.94,late,clay,6.02,0
67.43,30.78,43.26,5.28,initial,clay,16.2,0
41.04,25.1,42.97,3.05,initial,clay,15.86,0
48.4,14.49,40.81,0,development,loamy,0,1
43.75,28.73,70.12,0,mid_season,sandy,0,1
61.23,25.32,31.18,4.44,mid_season,clay,8.37,0
50.5,29.77,70.17,6.76,mid_season,clay,12.1,0
68.97,19.92,70.89,3.71,late,loamy,1.24,0
52.05,26.69,84.54,4.65,mid_season,sandy,8.87,0
38.29,32.43,36.22,5.68,development,loamy,7.07,0
38.15,22.37,40.08,3.65,initial,clay,15.39,0
64.62,29.38,76.5,4.81,development,loamy,0.5,0
61.12,28.82,30.42,4.91,initial,sandy,1.12,0
41.93,33.54,84.28,3.42,initial,loamy,1.59,0
66.69,13.54,83.42,5.6,initial,loamy,0.79,0
25.91,19.31,54.75,3.45,initial,sandy,11.46,0
25.04,16.76,32.5,5.05,initial,sandy,2.15,0
85.07,21.93,76.19,3.41,late,clay,3.73,0
46.4,13.69,62.49,5.26,late,sandy,4.03,0
54.29,21.74,57.33,3.05,development,clay,0.1,0
58.1,31.23,31.71,0,initial,sandy,0,1
44.62,17.19,71.38,3.15,mid_season,clay,6.6,0
30.76,25.57,79.01,1.2,mid_season,clay,12.97,0
53.98,28.77,73.3,3.8,mid_season,clay,10.58,0
35.11,14.3,80.07,4.49,mid_season,sandy,15.75,0
60.81,17.32,60.68,4.51,late,clay,5.95,0
63.17,24.26,84.95,3.69,late,sandy,1.96,0
74.85,13.22,58.65,0,development,sandy,0,0
59.31,21.63,80.76,0,development,sandy,0,1
6.81,25.42,78.75,6.11,late,loamy,14.12,0
38.81,14.13,80.58,2.92,development,sandy,1.67,0
36.28,32.92,79.82,3.62,late,clay,20.64,0
69.47,22.08,68.29,3.79,mid_season,sandy,4.01,0
68.36,18.05,76.38,0,initial,sandy,0,0
75.78,31.55,41.04,3.29,development,loamy,5.41,0
54.15,21.34,61.48,4.34,late,loamy,7.22,0
62.02,25.23,76.98,4.03,initial,sandy,9.42,0
28.76,18.28,64.91,5.52,mid_season,sandy,19.14,0
72.98,15.25,82.91,3.05,development,loamy,6.84,0
72.61,20.96,78.08,4.54,late,loamy,7.85,0
21.0,20.06,37.26,0,development,loamy,0,1
49.34,27.03,54.03,0,development,sandy,0,1
42.18,13.05,47.35,6.76,initial,loamy,11.29,0
43.63,14.9,78.56,5.32,development,loamy,7.22,0
66.9,27.64,40.76,3.14,development,sandy,6.42,0
37.15,14.97,75.72,3.21,late,sandy,7.89,0
46.2,20.8,74.21,0,initial,sandy,0,0
64.79,32.69,35.5,3.84,development,loamy,1.62,0
49.14,15.89,31.51,2.98,development,clay,13.9,0
59.75,27.46,77.58,4.97,development,sandy,14.1,0
63.77,21.07,57.03,3.27,initial,loamy,8.14,0
52.68,29.67,83.67,3.07,mid_season,clay,4.03,0
53.66,27.16,35.59,3.88,development,loamy,6.53,0
50.35,12.29,52.3,3.39,late,sandy,23.24,0
68.21,21.26,52.84,3.24,mid_season,clay,9.03,0
34.66,22.42,33.08,5.83,late,sandy,10.45,0
88.67,12.85,66.08,3.24,late,clay,3.18,0
63.86,32.79,75.36,3.44,initial,clay,3.66,0
53.47,28.78,76.4,0,initial,sandy,0,0
36.68,19.98,76.05,3.23,initial,loamy,15.13,0
41.87,27.27,61.31,4.15,development,clay,9.23,0
65.49,25.69,43.39,4.65,late,clay,13.34,0
54.17,16.17,77.36,3.22,initial,loamy,2.54,0
71.13,16.23,40.74,0,development,clay,0,0
50.21,17.17,77.68,2.89,development,loamy,8.94,0
19.19,22.84,44.44,2.87,late,sandy,8.75,0
63.41,16.93,83.63,5.0,late,loamy,10.48,0
72.75,13.2,74.4,5.18,development,clay,8.3,0
38.62,31.49,32.29,3.74,late,loamy,2.38,0
87.13,21.03,35.66,2.64,late,loamy,9.22,0
22.94,12.93,35.32,3.55,development,loamy,8.07,0
48.09,17.89,47.67,4.32,development,clay,5.5,0
48.88,13.91,44.16,0,development,clay,0,0
26.1,20.46,81.59,4.14,development,loamy,9.85,0
75.1,18.92,66.57,2.93,late,clay,9.86,0
47.51,21.7,51.25,3.49,development,sandy,6.76,0
24.01,33.85,56.91,4.61,initial,clay,1.86,0
59.45,33.77,61.87,2.99,late,clay,0.32,0
58.69,24.12,31.52,1.07,mid_season,clay,10.78,0
44.95,28.62,58.56,2.84,late,clay,19.21,0
65.86,17.96,32.13,2.79,mid_season,loamy,6.02,0
56.36,24.94,58.86,3.43,mid_season,clay,11.94,0
51.13,22.27,82.05,0,initial,clay,0,0
72.21,27.34,60.72,5.62,development,clay,4.16,0
48.78,17.16,80.76,0,mid_season,sandy,0,1
31.99,22.26,60.75,3.19,late,loamy,17.91,0
74.74,29.62,48.69,6.95,initial,loamy,5.71,0
43.18,20.4,77.92,3.46,development,clay,10.14,0
36.39,28.83,83.02,5.47,development,clay,8.76,0
61.56,18.67,75.37,0,initial,clay,0,0
71.41,24.56,58.26,4.6,initial,sandy,12.1,0
53.48,21.41,59.9,2.81,late,sandy,3.82,0
82.87,31.69,75.63,3.43,development,sandy,9.53,0
68.47,13.96,83.85,3.88,initial,loamy,5.41,0
21.42,12.54,49.82,4.07,development,sandy,26.12,0
65.3,24.76,33.45,2.64,development,loamy,9.59,0
22.65,28.26,42.93,2.87,development,clay,7.13,0
46.38,20.21,45.48,3.04,mid_season,clay,14.47,0
65.63,22.11,62.13,4.38,late,sandy,7.69,0
80.91,21.85,47.65,4.89,late,sandy,15.65,0
62.58,18.08,73.97,3.04,late,clay,1.14,0
54.95,25.92,64.22,2.6,initial,clay,5.88,0
51.04,16.95,63.9,2.84,mid_season,loamy,7.47,0
37.58,24.61,57.72,5.04,initial,sandy,3.73,0
27.45,29.95,68.95,0,initial,sandy,0,0
55.72,32.33,40.05,5.47,initial,sandy,0.78,0
69.36,12.19,77.42,5.99,mid_season,clay,8.31,0
43.3,33.44,76.16,4.11,development,loamy,7.3,0
38.83,22.39,37.96,3.34,initial,clay,1.6,0
50.1,29.84,58.75,2.82,late,sandy,4.97,0
47.33,15.69,71.84,3.38,development,clay,7.23,0
93.16,18.13,55.55,1.99,development,sandy,14.18,0
60.55,33.01,84.62,5.77,initial,sandy,7.28,0
66.34,22.72,78.43,3.15,development,sandy,16.41,0
63.58,29.74,58.5,3.79,mid_season,sandy,15.53,0
38.44,26.95,72.88,5.04,development,clay,15.12,0
18.95,25.8,79.39,3.54,mid_season,sandy,17.2,0
75.98,12.13,40.01,3.94,mid_season,loamy,17.96,0
59.56,30.82,71.79,4.23,initial,loamy,1.84,0
34.78,21.86,35.8,4.28,late,sandy,14.63,0
73.56,17.49,55.71,3.99,late,loamy,16.77,0
43.27,24.6,55.25,4.34,development,clay,4.65,0
37.32,18.18,36.0,5.48,initial,loamy,2.37,0
43.85,16.33,65.3,4.64,late,clay,0.94,0
65.24,15.5,74.47,3.47,initial,sandy,10.29,0
40.41,30.49,70.34,3.48,late,sandy,6.07,0
47.53,24.56,80.23,4.67,mid_season,sandy,13.49,0
46.23,16.87,39.24,2.67,late,clay,8.8,0
91.44,25.2,33.98,3.25,development,loamy,12.25,0
76.54,27.55,83.58,5.62,late,sandy,5.9,0
67.65,33.42,79.98,3.91,mid_season,sandy,18.05,0
37.48,16.93,46.36,4.66,initial,clay,16.28,0
43.36,22.06,46.26,0,development,loamy,0,1
62.28,17.64,68.39,5.46,development,clay,1.37,0
87.32,16.56,79.35,0,development,clay,0,0
80.33,30.13,74.64,4.46,development,loamy,3.43,0
51.52,22.73,33.03,2.83,development,clay,9.97,0
55.91,23.53,79.57,3.52,initial,sandy,14.04,0
72.98,18.55,77.57,0,late,sandy,0,0
39.2,25.21,32.63,3.55,late,clay,0.6,0
41.68,23.0,58.72,4.2,development,sandy,6.92,0
18.27,28.76,44.02,3.97,development,loamy,16.37,0
60.21,33.93,34.03,3.91,initial,loamy,1.31,0
48.04,31.2,77.48,0,initial,sandy,0,0
41.32,20.66,79.37,3.77,development,sandy,6.33,0
31.79,22.02,41.33,3.51,mid_season,clay,5.65,0
25.38,29.41,40.28,6.28,initial,clay,8.57,0
76.13,15.93,54.27,4.72,late,loamy,4.39,0
49.09,16.21,58.76,3.39,development,sandy,4.45,0
39.16,15.2,53.74,0,development,loamy,0,1
50.61,31.72,50.19,2.74,mid_season,clay,5.22,0
67.43,19.83,63.28,2.88,mid_season,sandy,3.54,0
68.46,13.46,60.21,3.55,initial,loamy,8.17,0
61.71,14.69,47.23,5.19,late,loamy,3.81,0
38.48,28.26,54.05,3.53,mid_season,loamy,22.93,0
32.59,15.43,65.27,2.55,late,loamy,7.4,0
84.24,32.24,58.36,3.29,mid_season,clay,1.14,0
71.28,29.71,52.4,2.92,development,loamy,10.17,0
57.4,16.99,30.3,0,development,loamy,0,0
54.3,18.76,41.74,3.09,mid_season,loamy,10.83,0
38.38,25.28,33.2,4.88,late,loamy,3.08,0
66.59,22.92,74.72,4.89,development,loamy,8.61,0
95,18.62,53.59,2.44,initial,sandy,0.3,0
65.01,25.49,73.75,5.06,development,sandy,13.24,0
39.74,26.04,78.03,4.07,late,clay,19.95,0
64.9,19.69,42.55,5.06,development,sandy,17.88,0
44.47,31.35,64.27,5.94,development,clay,8.14,0
95,29.25,67.6,6.57,mid_season,clay,15.99,0
63.33,12.25,49.72,4.74,mid_season,clay,9.65,0
64.38,15.02,44.87,3.94,initial,clay,22.02,0
69.34,26.06,39.66,3.88,initial,clay,11.18,0
66.15,15.44,46.15,5.57,initial,clay,0.3,0
42.79,14.5,51.31,2.62,initial,loamy,0.86,0
37.39,16.26,48.42,1.97,development,sandy,10.21,0
52.65,14.48,43.4,2.57,late,sandy,23.69,0
39.53,28.22,40.3,3.11,development,clay,0.71,0
69.57,13.82,55.56,5.94,mid_season,sandy,8.44,0
71.93,21.63,55.78,3.13,late,loamy,4.38,0
70.05,24.16,50.1,2.56,initial,loamy,19.16,0
21.54,26.78,51.37,1.79,late,loamy,0.54,0
67.05,32.09,55.94,4.99,development,clay,22.2,0
41.09,29.55,53.4,3.53,mid_season,loamy,15.66,0
50.29,20.99,55.32,1.75,mid_season,clay,11.34,0
39.93,20.89,32.33,3.78,initial,sandy,8.21,0
57.42,23.49,34.51,5.31,mid_season,clay,11.52,0
25.06,17.29,60.16,4.72,development,loamy,23.27,0
77.11,12.21,38.74,4.55,initial,sandy,2.88,0
56.21,14.37,50.1,4.97,initial,sandy,10.33,0
58.7,22.72,66.38,0,development,loamy,0,0
75.14,19.59,79.25,2.5,development,loamy,10.0,0
44.02,26.47,82.74,3.92,late,sandy,8.5,0
35.3,29.94,79.16,3.43,late,loamy,11.05,0
53.12,12.01,47.96,3.42,development,loamy,13.58,0
69.69,17.57,64.51,2.31,late,clay,8.09,0
76.54,29.99,38.65,4.34,mid_season,clay,13.02,0
42.97,33.14,77.65,1.38,initial,loamy,5.61,0
31.89,25.57,82.91,1.77,mid_season,sandy,22.38,0
91.52,19.62,64.05,4.26,late,sandy,3.42,0
94.72,29.05,78.67,0,mid_season,sandy,0,0
83.07,26.68,55.53,4.12,mid_season,loamy,11.67,0
45.1,12.33,54.57,4.33,late,sandy,6.01,0
36.88,31.73,40.42,5.79,development,clay,2.01,0
14.48,17.17,73.67,2.31,development,loamy,10.17,0
59.13,21.85,45.19,0,late,sandy,0,1
64.88,21.67,56.04,1.22,late,loamy,10.63,0
54.56,33.63,33.91,5.33,initial,clay,14.13,0
16.44,27.22,35.38,3.86,development,clay,9.56,0
45.93,20.62,67.61,0,initial,sandy,0,0
26.73,21.26,50.54,3.25,late,loamy,9.42,0
52.84,21.42,54.85,3.93,mid_season,sandy,4.01,0
64.82,15.98,74.58,3.86,initial,clay,12.33,0
78.62,25.19,37.72,4.83,mid_season,loamy,17.57,0
52.68,25.0,50.33,3.9,late,loamy,0.48,0
52.61,21.46,48.68,4.83,late,sandy,14.5,0
35.13,27.77,47.25,1.83,mid_season,clay,18.71,0
47.24,16.22,33.83,0,initial,clay,0,0
45.91,12.22,44.37,3.8,mid_season,sandy,1.62,0
40.45,31.03,59.13,3.49,development,clay,6.69,0
72.72,25.34,66.31,4.76,mid_season,sandy,13.63,0
55.27,20.55,46.0,5.33,mid_season,sandy,11.77,0
33.2,32.93,76.44,4.8,development,loamy,6.36,0
31.34,22.66,43.86,5.58,initial,loamy,11.33,0
70.81,30.74,81.43,5.68,development,clay,5.37,0
72.55,22.2,78.03,3.72,initial,loamy,23.59,0
39.5,33.02,41.23,2.36,mid_season,sandy,7.75,0
14.11,29.3,44.23,4.45,mid_season,sandy,6.33,0
56.15,22.97,62.48,3.92,development,clay,3.95,0
29.72,33.48,56.31,4.54,late,clay,13.48,0
57.14,20.82,66.68,0,mid_season,sandy,0,1
39.35,31.49,72.04,4.07,initial,sandy,6.03,0
40.71,27.82,62.83,0.69,initial,sandy,4.11,0
46.22,25.34,79.16,3.95,development,clay,0.56,0
46.85,15.12,47.62,4.14,mid_season,loamy,7.18,0
91.69,29.7,50.4,2.78,late,loamy,21.44,0
39.99,13.87,81.69,4.41,mid_season,loamy,9.47,0
26.44,29.68,61.8,3.66,initial,sandy,7.59,0
95,15.62,40.97,3.93,initial,loamy,2.61,0
42.53,33.22,78.98,0,development,clay,0,1
72.93,21.34,83.89,5.18,mid_season,loamy,0.65,0
61.1,28.43,80.99,4.07,initial,clay,7.89,0
55.34,17.37,65.94,5.91,late,clay,16.21,0
56.37,20.96,31.28,2.47,mid_season,loamy,6.74,0
85.01,19.57,80.87,4.61,initial,clay,15.56,0
89.99,25.6,59.31,3.21,initial,loamy,6.2,0
66.17,20.74,83.48,5.51,late,loamy,8.9,0
61.83,31.8,41.2,4.29,late,sandy,6.25,0
75.58,14.86,48.31,4.3,mid_season,sandy,13.06,0
46.88,25.17,79.51,6.41,late,sandy,5.84,0
45.68,13.08,79.05,0,initial,clay,0,0
29.55,16.46,65.23,0,development,loamy,0,1
74.97,30.67,67.51,0,mid_season,clay,0,0
73.6,14.66,37.1,3.7,mid_season,loamy,4.16,0
34.0,27.68,71.36,3.91,late,clay,14.2,0
26.22,24.31,54.52,4.58,late,clay,15.77,0
46.3,19.55,51.86,5.01,mid_season,loamy,15.84,0
46.51,33.16,34.45,4.27,mid_season,loamy,10.05,0
32.43,20.94,57.76,4.63,mid_season,sandy,6.66,0
59.36,33.28,47.81,4.31,development,sandy,4.22,0
45.39,27.14,66.17,1.49,initial,loamy,1.64,0
58.86,30.42,57.99,3.38,initial,sandy,3.59,0
28.95,28.56,43.03,0,late,sandy,0,1
41.59,31.97,72.09,3.62,late,loamy,9.67,0
50.2,17.07,69.74,4.39,late,clay,14.95,0
55.88,21.26,49.9,0,development,sandy,0,1
30.49,25.37,75.8,3.06,late,clay,14.84,0
56.9,14.1,33.69,0,mid_season,clay,0,0
50.82,18.35,34.26,1.94,initial,clay,10.38,0
48.3,13.88,70.44,4.49,late,clay,9.82,0
54.34,33.17,37.97,2.93,late,loamy,10.21,0
41.82,23.68,41.56,4.58,late,clay,15.53,0
63.48,29.04,55.9,4.22,initial,sandy,9.31,0
75.95,24.82,49.61,3.09,mid_season,loamy,21.37,0
81.37,21.52,75.21,2.8,initial,clay,0.15,0
45.96,13.5,30.95,4.69,initial,loamy,4.54,0
45.86,23.29,58.07,2.9,late,clay,6.88,0
45.52,21.68,61.28,6.94,development,loamy,11.46,0
63.08,32.27,65.2,5.87,development,sandy,4.01,0
80.42,23.66,33.71,4.93,late,loamy,1.61,0
43.26,23.7,46.08,0,development,loamy,0,1
49.97,25.54,33.81,3.61,initial,clay,9.43,0
23.92,18.98,60.41,4.4,mid_season,loamy,12.56,0
36.24,32.06,84.72,3.71,late,loamy,4.28,0
21.43,33.92,73.04,3.13,mid_season,sandy,15.72,0
61.93,14.97,67.2,3.76,development,sandy,18.54,0
61.47,31.68,42.68,6.06,mid_season,sandy,13.32,0
56.05,32.07,52.34,2.23,late,loamy,18.2,0
45.47,28.18,55.05,3.71,development,loamy,6.91,0
62.51,12.68,60.66,0,late,sandy,0,0
58.32,31.75,37.3,5.39,late,clay,19.47,0
75.94,26.53,39.89,4.87,mid_season,clay,18.57,0
78.95,22.44,71.15,4.68,late,clay,13.75,0
48.43,21.6,66.59,3.89,late,sandy,8.28,0
95,22.31,31.27,0,initial,clay,0,0
40.72,25.65,76.28,4.23,initial,loamy,9.23,0
85.04,23.01,62.66,3.95,initial,loamy,8.51,0
47.6,13.88,30.42,3.07,late,sandy,2.76,0
50.69,20.55,37.25,2.9,initial,sandy,0.05,0
44.23,22.8,56.73,2.97,initial,sandy,1.12,0
62.24,12.93,75.54,4.36,initial,loamy,1.58,0
65.81,30.86,77.55,3.09,development,sandy,1.19,0
87.45,31.67,57.74,3.94,development,sandy,8.58,0
75.2,22.64,62.85,2.19,initial,sandy,4.45,0
59.33,33.19,75.95,6.17,late,sandy,5.73,0
62.33,29.1,55.03,4.58,late,loamy,4.83,0
36.53,23.02,42.64,0,mid_season,sandy,0,1
48.33,28.15,54.58,3.55,late,clay,6.67,0
58.19,32.19,34.57,5.58,mid_season,clay,13.02,0
30.7,18.08,54.08,2.37,initial,clay,10.9,0
45.39,24.07,38.99,4.6,initial,sandy,5.99,0
53.2,25.22,54.39,4.18,late,sandy,10.01,0
27.66,21.05,42.35,5.56,late,loamy,7.76,0
52.39,33.82,42.8,2.79,initial,loamy,13.12,0
45.8,22.59,47.5,2.71,development,sandy,13.69,0
30.28,32.98,41.68,3.98,mid_season,loamy,9.42,0
37.3,16.59,52.49,4.07,development,loamy,3.62,0
71.94,32.87,43.92,5.31,development,sandy,6.22,0
63.75,21.66,74.66,4.11,late,sandy,7.92,0
59.59,12.89,60.27,5.13,initial,clay,4.22,0
32.07,29.4,51.32,4.23,development,clay,12.92,0
40.27,25.11,55.41,4.17,mid_season,clay,5.98,0
76.46,14.24,52.2,4.78,development,sandy,15.92,0
32.26,26.08,74.46,5.56,mid_season,sandy,10.99,0
57.61,19.43,60.44,3.08,late,clay,10.82,0
45.35,29.43,77.39,0,initial,loamy,0,0
45.95,28.64,59.49,3.09,initial,sandy,13.72,0
57.62,33.17,66.73,5.65,development,sandy,19.09,0
54.29,32.61,41.98,4.98,late,loamy,5.54,0
50.02,27.34,64.73,5.73,initial,clay,5.36,0
61.24,17.53,78.19,4.11,late,loamy,9.22,0
71.32,15.05,57.75,0,development,sandy,0,0
44.18,32.95,65.39,2.76,late,clay,5.56,0
69.3,22.39,54.5,3.75,development,loamy,13.12,0
51.24,26.28,49.69,4.37,mid_season,clay,16.69,0
56.22,24.55,41.7,3.4,initial,clay,12.16,0
51.4,30.89,73.68,5.14,initial,clay,7.52,0
19.46,26.51,79.51,0,late,sandy,0,1
25.91,19.83,38.61,3.92,late,clay,17.14,0
75.0,13.39,73.09,4.08,initial,clay,11.18,0
16.1,23.18,48.36,2.43,initial,clay,7.55,0
37.13,16.76,37.0,4.69,development,sandy,12.73,0
60.12,31.02,78.42,3.34,initial,clay,7.53,0
76.08,19.59,41.64,4.56,late,loamy,4.19,0
59.88,30.74,44.41,4.98,development,clay,10.0,0
87.16,31.36,43.49,4.73,mid_season,clay,16.46,0
25.36,12.08,77.68,2.95,late,sandy,0.47,0
65.26,12.26,47.68,5.41,initial,clay,1.14,0
64.95,22.65,32.95,4.76,initial,loamy,14.85,0
44.92,27.03,78.02,7.55,initial,sandy,4.83,0
70.94,31.03,84.82,0,development,loamy,0,0
83.57,15.64,32.25,4.02,late,loamy,10.5,0
64.49,14.58,51.14,3.73,development,clay,4.97,0
47.3,12.92,53.9,2.94,mid_season,sandy,12.33,0
77.69,20.07,35.56,2.95,development,sandy,16.69,0
65.05,21.76,35.79,5.55,late,clay,16.84,0
58.68,23.51,49.28,3.45,mid_season,loamy,16.74,0
48.31,28.53,67.71,3.4,late,clay,10.2,0
26.25,21.49,83.47,3.22,initial,sandy,3.71,0
77.61,26.55,63.29,3.9,development,clay,5.53,0
63.05,20.86,67.39,5.68,development,sandy,5.67,0
26.18,24.37,63.84,7.18,late,sandy,3.41,0
67.68,20.28,64.65,0,initial,loamy,0,0
40.04,21.38,53.47,4.84,late,sandy,11.32,0
53.23,18.38,41.0,4.34,initial,sandy,2.78,0
31.17,23.33,36.38,4.38,late,loamy,23.17,0
73.8,31.3,48.68,4.96,mid_season,clay,19.7,0
40.2,29.27,82.09,1.99,development,sandy,3.62,0
72.1,27.8,43.71,3.5,development,sandy,4.37,0
63.62,12.24,55.74,4.77,development,loamy,11.41,0
66.69,27.41,37.88,4.49,mid_season,sandy,17.59,0
61.85,18.3,38.22,3.67,mid_season,loamy,14.93,0
45.37,28.26,51.05,2.84,late,loamy,10.18,0
67.0,24.21,68.39,3.09,late,sandy,2.83,0
70.09,20.96,66.35,0,initial,sandy,0,0
46.99,14.4,55.77,4.16,late,loamy,0.51,0
63.84,15.6,56.63,0,initial,clay,0,0
63.71,20.72,81.19,2.9,development,sandy,0.61,0
58.27,17.98,69.35,3.17,initial,sandy,12.3,0
72.84,23.07,46.51,3.54,late,clay,19.85,0
54.34,13.53,52.73,3.65,development,clay,10.91,0
72.13,14.16,79.09,3.19,development,sandy,7.46,0
46.06,13.66,80.77,4.43,development,loamy,8.5,0
40.24,33.32,58.69,5.38,late,sandy,1.02,0
70.14,13.43,75.92,3.39,development,sandy,17.66,0
81.14,15.8,75.36,4.2,late,loamy,7.72,0
73.82,13.46,36.01,2.61,development,loamy,9.59,0
94.93,22.38,82.14,2.84,development,clay,19.64,0
60.41,32.0,44.85,3.41,initial,loamy,11.99,0
5,22.78,80.16,7.09,late,clay,6.94,0
63.41,12.8,83.64,4.35,late,sandy,16.32,0
36.53,15.82,68.29,2.0,mid_season,sandy,4.41,0
86.81,29.52,43.85,2.44,mid_season,loamy,2.94,0
48.14,13.71,67.61,0,development,sandy,0,1
77.15,19.44,46.83,0,initial,loamy,0,0
47.68,25.08,52.22,3.04,mid_season,sandy,3.56,0
33.83,17.07,52.02,3.92,mid_season,loamy,13.37,0
31.2,24.23,37.98,5.08,mid_season,loamy,5.7,0
71.66,31.81,62.29,4.61,late,clay,13.82,0
63.61,18.62,42.2,5.81,development,clay,8.66,0
61.26,15.21,30.86,1.92,development,clay,10.43,0
56.63,26.29,34.2,2.45,initial,sandy,8.24,0
35.35,19.16,41.25,4.25,development,loamy,15.75,0
56.85,28.45,35.26,3.86,mid_season,sandy,7.54,0
39.09,20.67,78.91,2.33,initial,clay,6.43,0
78.78,16.68,64.81,4.63,mid_season,sandy,12.86,0
53.45,12.14,37.57,3.22,initial,sandy,4.31,0
66.86,15.91,65.43,0,initial,sandy,0,0
18.5,26.72,75.94,3.88,initial,clay,7.07,0
55.24,15.78,74.63,3.97,initial,clay,12.71,0
31.12,21.13,84.91,4.96,initial,clay,0.85,0
28.53,13.26,65.67,1.89,mid_season,loamy,1.64,0
46.15,32.14,63.57,3.98,development,loamy,13.64,0
43.06,24.22,48.83,2.74,late,sandy,11.18,0
46.63,28.16,41.61,4.87,late,clay,8.66,0
48.78,23.48,54.26,5.5,mid_season,loamy,16.38,0
75.62,21.87,62.56,0,development,loamy,0,0
66.35,27.15,45.96,3.17,development,clay,9.09,0
90.58,27.1,38.01,2.89,initial,clay,3.8,0
18.98,13.44,30.22,3.24,development,loamy,2.96,0
68.93,28.31,31.95,2.99,mid_season,clay,17.41,0
37.83,32.26,71.31,3.16,development,sandy,4.06,0
58.05,13.72,31.75,4.9,mid_season,clay,18.87,0
84.18,14.89,37.85,3.59,late,loamy,14.97,0
62.83,26.79,71.98,3.78,mid_season,loamy,5.46,0
59.57,23.93,67.32,3.1,initial,clay,3.35,0
48.61,14.69,38.49,0,initial,sandy,0,0
68.18,24.34,45.14,4.18,late,clay,6.96,0
57.43,33.19,57.44,4.04,mid_season,sandy,19.06,0
54.32,28.8,67.01,4.76,initial,loamy,11.22,0
58.89,19.94,48.71,4.03,mid_season,sandy,13.86,0
64.46,32.61,48.43,3.56,initial,sandy,3.65,0
60.89,20.17,82.25,0,development,clay,0,0
73.67,27.99,38.31,4.97,late,loamy,20.72,0
37.78,28.57,50.17,4.54,development,clay,10.72,0
50.11,25.47,52.25,4.65,development,sandy,9.58,0
95,25.79,60.59,6.78,development,clay,17.37,0
41.44,25.35,49.7,4.35,initial,clay,9.63,0
63.01,12.24,81.25,5.86,initial,loamy,0.99,0
60.95,23.23,36.71,4.13,development,loamy,12.66,0
43.4,23.46,72.87,1.26,development,loamy,17.94,0
54.98,18.6,75.24,4.98,late,clay,20.18,0
63.49,14.58,60.31,5.15,mid_season,sandy,9.46,0
65.05,13.66,61.79,4.19,late,sandy,12.21,0
64.29,28.43,68.82,2.92,mid_season,clay,11.5,0
34.07,20.44,59.34,2.35,late,clay,8.87,0
53.99,33.49,34.88,3.91,initial,loamy,17.18,0
54.45,25.1,63.7,2.96,development,loamy,7.96,0
47.08,28.53,43.61,3.86,mid_season,loamy,19.34,0
60.64,26.64,72.87,2.53,initial,sandy,5.28,0
49.53,14.4,35.14,0,initial,clay,0,0
47.48,13.11,78.43,0,development,clay,0,0
80.09,23.58,70.12,0,mid_season,sandy,0,0
77.75,22.7,75.07,4.67,development,loamy,4.74,0
36.38,29.23,61.01,3.41,initial,clay,14.09,0
57.59,28.17,79.12,6.21,mid_season,loamy,17.1,0
74.52,23.44,38.79,3.59,late,loamy,13.89,0
59.32,33.36,59.95,0,development,loamy,0,0
66.32,14.15,49.96,5.17,initial,clay,3.04,0
43.65,29.03,69.32,4.06,late,loamy,3.64,0
53.02,20.75,45.6,3.46,development,loamy,12.03,0
74.85,23.52,60.57,6.19,late,loamy,0.24,0
68.82,27.78,35.37,3.3,mid_season,loamy,21.63,0
27.2,15.57,80.23,5.42,late,sandy,9.22,0
39.67,20.76,71.84,3.9,initial,loamy,13.53,0
46.7,14.52,60.74,3.73,initial,clay,13.89,0
56.54,18.92,56.95,2.77,mid_season,loamy,4.32,0
75.18,33.15,76.42,4.96,development,sandy,8.47,0
66.03,13.38,83.32,0,late,loamy,0,0
32.74,16.74,81.39,3.3,initial,loamy,10.94,0
42.77,12.65,33.92,3.56,mid_season,sandy,16.36,0
22.88,30.49,75.76,0,initial,sandy,0,0
55.36,29.38,77.29,3.04,initial,sandy,9.33,0
23.49,18.77,69.69,3.38,mid_season,loamy,14.12,0
77.37,32.36,57.13,0,initial,loamy,0,0
22.06,33.36,46.54,0,initial,sandy,0,1
43.97,15.66,35.6,3.54,mid_season,clay,6.84,0
62.1,24.12,63.26,0,development,clay,0,0
70.64,26.36,58.85,3.71,development,sandy,13.59,0
63.05,18.26,82.78,2.7,development,loamy,12.6,0
50.33,27.41,74.33,3.58,mid_season,sandy,8.42,0
79.84,23.11,78.69,0,development,sandy,0,0
33.44,28.73,80.76,2.39,development,loamy,17.09,0
63.72,13.92,57.65,2.83,late,sandy,8.97,0
58.41,23.11,30.72,2.46,mid_season,sandy,8.01,0
65.85,32.98,77.29,3.17,mid_season,loamy,7.82,0
46.66,23.78,66.29,3.28,mid_season,sandy,0.01,0
60.34,24.11,53.48,3.42,development,sandy,11.95,0
50.21,16.08,34.53,3.3,initial,sandy,6.18,0
45.06,23.76,38.17,4.04,late,loamy,9.92,0
60.52,29.34,41.53,4.7,mid_season,clay,19.65,0
43.24,31.88,45.72,5.75,development,clay,3.53,0
78.1,28.64,58.42,0,initial,clay,0,0
26.55,20.24,68.61,4.17,late,loamy,13.04,0
47.08,33.71,51.03,5.89,late,sandy,17.45,0
46.39,20.77,64.56,4.03,mid_season,loamy,7.32,0
53.55,20.54,83.59,4.59,development,clay,3.17,0
65.34,31.1,66.15,4.25,late,clay,15.84,0
61.26,12.33,33.61,4.27,development,loamy,3.73,0
73.13,32.2,33.0,0,development,loamy,0,0
75.24,31.41,42.01,6.36,initial,loamy,7.39,0
22.8,18.77,51.15,3.65,mid_season,loamy,5.81,0
42.37,18.7,42.7,3.56,development,loamy,4.97,0
30.27,19.83,30.78,3.38,mid_season,clay,13.88,0
58.56,20.34,39.74,4.1,mid_season,clay,6.97,0
43.63,15.48,66.09,0,mid_season,sandy,0,1
26.05,15.56,73.74,3.79,mid_season,clay,23.06,0
39.64,13.41,70.37,0,development,sandy,0,1
49.59,16.27,53.34,6.12,initial,sandy,12.33,0
50.23,25.79,49.52,4.71,late,loamy,2.85,0
39.0,33.17,73.29,0,initial,sandy,0,0
34.88,25.75,79.82,2.56,late,sandy,9.47,0
47.09,22.66,37.86,4.4,development,loamy,18.79,0
74.83,13.57,30.1,2.99,development,sandy,6.91,0
39.5,29.42,50.66,4.2,initial,loamy,4.56,0
54.04,19.78,40.96,3.11,mid_season,clay,8.12,0
62.25,22.48,60.42,3.67,mid_season,loamy,12.99,0
48.18,33.96,82.64,5.25,late,loamy,3.97,0
57.43,15.76,44.43,4.36,mid_season,clay,12.4,0
71.03,24.13,47.59,3.05,late,clay,17.96,0
38.72,12.36,48.81,2.82,late,clay,17.28,0
50.18,25.18,66.05,0,initial,loamy,0,0
78.0,20.59,53.41,5.19,late,loamy,8.19,0
36.53,33.03,38.86,4.92,late,clay,2.13,0
5,15.89,81.94,2.06,initial,clay,22.52,0
73.11,15.93,31.23,4.66,mid_season,clay,17.0,0
60.25,16.12,60.05,3.4,late,clay,16.01,0
95,27.98,59.08,3.56,initial,loamy,3.98,0
69.18,18.29,58.68,3.5,mid_season,sandy,20.24,0
41.58,34.0,72.35,4.51,development,loamy,14.84,0
49.74,29.19,69.96,2.32,development,clay,8.05,0
52.77,28.91,47.89,4.17,late,clay,12.15,0
56.87,20.75,30.14,2.49,initial,clay,2.27,0
45.13,33.46,57.28,2.77,mid_season,loamy,8.78,0
61.2,31.47,33.47,4.75,development,loamy,4.17,0
55.67,26.18,64.17,4.37,initial,sandy,5.05,0
95,14.79,41.5,4.39,late,loamy,10.36,0
56.01,26.28,54.26,3.99,late,sandy,3.48,0
49.18,18.55,58.22,4.56,initial,loamy,0.17,0
68.39,26.22,69.63,3.14,initial,loamy,3.84,0
72.16,15.64,59.9,5.64,late,loamy,10.15,0
49.67,25.36,65.49,0,development,clay,0,0
71.07,15.97,37.79,0,initial,clay,0,0
79.34,15.27,41.75,4.88,initial,loamy,1.93,0
50.38,16.44,55.18,3.89,mid_season,clay,16.63,0
72.24,33.32,48.94,4.67,development,sandy,5.84,0
41.01,21.93,53.11,3.85,mid_season,sandy,5.47,0
78.64,29.79,79.02,5.82,late,sandy,2.11,0
56.23,13.37,38.48,3.78,initial,loamy,0.79,0
44.68,27.93,45.37,0,initial,sandy,0,1
26.65,22.3,40.79,3.65,late,loamy,16.99,0
37.82,18.23,31.28,2.87,mid_season,sandy,20.62,0
21.86,18.62,75.5,5.08,late,loamy,4.15,0
50.09,32.73,38.37,3.79,late,loamy,14.46,0
73.8,30.45,63.47,4.23,late,sandy,0.42,0
25.27,15.14,78.84,4.11,mid_season,clay,2.23,0
46.98,22.98,76.71,3.95,late,sandy,2.85,0
54.24,22.6,39.17,4.87,late,loamy,25.48,0
60.7,21.82,60.45,5.41,mid_season,clay,6.07,0
37.96,13.95,39.68,4.07,initial,loamy,10.67,0
95,21.49,37.09,6.06,mid_season,loamy,5.74,0
31.29,13.62,41.65,3.43,mid_season,sandy,18.91,0
62.05,22.49,49.46,1.61,mid_season,loamy,9.05,0
22.31,29.01,49.63,0,development,sandy,0,1
44.03,33.77,74.41,2.38,mid_season,loamy,7.44,0
61.62,24.42,76.92,5.26,mid_season,sandy,4.25,0
85.29,27.28,71.49,5.46,mid_season,clay,26.25,0
79.08,15.9,65.76,3.61,late,loamy,6.64,0
56.65,27.2,79.85,4.22,late,loamy,13.76,0
72.62,20.52,78.02,1.91,mid_season,clay,22.69,0
28.46,19.5,83.23,4.9,late,clay,11.08,0
28.72,33.26,73.64,4.34,late,clay,11.02,0
54.62,17.55,36.6,0,late,loamy,0,0
64.58,20.82,33.87,3.38,initial,clay,2.08,0
44.54,32.13,38.73,2.74,mid_season,loamy,18.16,0
32.19,17.31,39.58,0,late,sandy,0,1
93.96,23.2,60.66,1.8,mid_season,loamy,1.13,0
61.67,29.25,44.3,0,late,sandy,0,0
54.58,28.6,48.6,3.93,development,sandy,5.82,0
29.76,15.86,59.03,0,initial,clay,0,0
64.13,18.59,67.44,3.92,development,loamy,4.3,0
46.54,31.11,75.48,4.95,mid_season,clay,16.28,0
81.37,31.39,43.95,4.16,mid_season,clay,17.47,0
70.61,22.0,30.25,3.28,initial,loamy,12.03,0
75.95,21.27,57.21,2.83,late,clay,8.97,0
64.97,16.26,65.88,3.32,mid_season,loamy,8.92,0
74.72,26.59,58.7,4.14,mid_season,sandy,2.64,0
42.5,19.42,68.44,4.21,development,loamy,8.57,0
37.62,18.32,78.53,2.43,late,sandy,22.94,0
59.47,28.29,83.05,3.19,late,loamy,11.88,0
64.95,29.25,42.45,3.01,late,sandy,12.49,0
45.74,27.34,49.01,6.07,development,clay,19.56,0
59.6,25.7,84.3,5.71,late,sandy,1.44,0
47.47,28.22,32.84,4.33,mid_season,loamy,8.45,0
46.48,14.06,49.32,2.88,late,sandy,8.47,0
80.84,12.16,53.36,3.87,development,sandy,3.11,0
54.21,29.95,82.83,3.94,development,sandy,1.08,0
38.04,19.31,39.25,0,initial,clay,0,0
61.85,30.32,78.45,2.81,development,loamy,9.56,0
70.44,24.83,78.06,0,initial,sandy,0,0
76.78,16.89,83.75,5.75,development,clay,16.38,0
43.0,21.72,45.29,3.28,development,loamy,0.67,0
59.85,25.96,68.72,5.33,initial,sandy,3.79,0
46.95,30.88,74.62,0,late,sandy,0,1
77.51,16.22,79.09,3.42,mid_season,clay,18.46,0
31.47,20.72,62.75,1.34,mid_season,sandy,7.01,0
24.56,26.58,49.36,5.73,initial,sandy,4.39,0
60.24,18.35,65.91,2.28,initial,loamy,2.49,0
42.7,22.06,84.05,4.48,mid_season,loamy,9.05,0
40.54,13.45,56.54,5.34,development,clay,17.25,0
62.93,26.09,39.83,3.39,initial,clay,1.11,0
48.98,17.52,49.13,3.61,mid_season,loamy,14.26,0
54.34,22.27,40.96,0,initial,loamy,0,0
41.11,32.9,38.89,0,initial,clay,0,1
48.87,25.15,31.71,2.04,initial,clay,3.09,0
44.49,20.66,74.75,3.9,initial,sandy,5.0,0
47.23,31.86,66.16,3.78,initial,clay,3.7,0
51.95,16.01,60.08,3.53,initial,clay,12.26,0
68.81,30.12,35.58,4.99,initial,loamy,22.82,0
79.66,28.25,30.32,3.4,development,loamy,7.7,0
49.26,13.36,44.84,4.03,development,loamy,1.24,0
33.09,27.27,57.37,0,development,loamy,0,1
60.03,32.0,61.47,4.69,mid_season,loamy,25.77,0
47.75,14.0,35.44,3.58,mid_season,loamy,1.56,0
38.13,23.81,43.01,3.68,late,sandy,7.49,0
67.34,17.66,84.88,2.37,initial,sandy,15.15,0
18.74,31.27,81.2,4.6,development,sandy,6.83,0
74.98,15.87,60.85,3.27,development,clay,1.24,0
67.05,32.52,61.68,2.63,development,clay,2.3,0
70.06,23.16,72.89,4.89,mid_season,clay,27.18,0
66.15,31.48,45.55,5.35,mid_season,loamy,13.76,0
66.62,21.84,50.57,5.54,initial,sandy,5.5,0
61.86,27.97,63.57,0,initial,sandy,0,0
66.47,26.19,65.5,5.63,late,clay,16.81,0
28.05,31.58,43.17,4.77,mid_season,loamy,14.24,0
67.09,33.36,62.49,5.24,mid_season,loamy,15.25,0
47.54,14.5,72.61,3.84,development,sandy,6.39,0
74.88,30.85,72.18,4.72,late,loamy,9.23,0
44.6,30.83,41.58,2.59,initial,sandy,1.32,0
67.35,19.56,61.73,3.74,late,clay,15.92,0
35.7,24.6,83.51,0,initial,clay,0,0
83.1,19.47,31.71,4.08,development,loamy,9.6,0
75.7,29.37,39.89,4.26,mid_season,loamy,9.37,0
34.65,28.36,31.57,5.03,initial,sandy,0.98,0
79.02,13.99,56.63,4.99,initial,loamy,8.72,0
44.39,21.94,30.7,5.11,late,sandy,4.94,0
25.41,30.14,58.63,0,development,clay,0,1
95,21.5,50.71,6.4,mid_season,clay,4.05,0
31.6,21.54,54.05,0,development,sandy,0,1
55.29,30.33,66.4,4.76,mid_season,sandy,6.75,0
36.56,13.51,74.88,5.16,development,sandy,4.69,0
74.43,25.19,80.22,3.89,late,sandy,5.82,0
95,22.05,60.21,3.17,development,clay,5.52,0
58.62,26.41,62.73,3.81,initial,clay,3.7,0
95,16.07,57.93,3.15,development,clay,13.33,0
67.66,32.05,73.79,3.21,mid_season,clay,0.23,0
59.91,18.12,50.9,3.03,development,clay,17.36,0
35.51,26.98,36.35,4.83,mid_season,sandy,9.21,0
57.93,23.55,76.67,3.31,mid_season,sandy,9.76,0
65.31,25.18,55.29,4.25,mid_season,loamy,15.56,0
76.95,23.08,72.8,2.89,mid_season,sandy,0.84,0
66.89,28.94,33.47,4.58,mid_season,sandy,1.16,0
50.55,14.16,37.95,2.3,late,clay,4.95,0
41.76,17.37,70.52,5.34,late,clay,25.44,0
71.63,17.02,57.0,5.21,late,sandy,8.97,0
64.16,31.21,70.65,2.16,mid_season,loamy,15.19,0
44.14,12.3,53.78,0,initial,clay,0,0
20.3,24.17,67.75,4.59,initial,loamy,6.66,0
19.12,33.29,65.84,2.37,late,loamy,5.62,0
39.59,19.98,44.99,4.24,late,sandy,13.42,0
70.5,21.99,84.05,4.07,development,sandy,4.5,0
44.03,32.15,64.09,0,initial,loamy,0,1
36.87,32.32,69.09,0,late,sandy,0,1
61.5,18.11,72.67,0,late,clay,0,0
54.66,16.67,55.58,4.81,mid_season,sandy,4.57,0
68.06,27.85,50.96,2.81,late,clay,18.99,0
51.03,27.98,45.97,3.98,mid_season,sandy,8.19,0
59.84,33.01,53.0,4.65,initial,loamy,10.07,0
31.62,22.08,63.59,2.74,initial,loamy,16.5,0
42.34,23.96,34.65,3.3,initial,sandy,8.25,0
62.31,15.63,56.79,4.36,development,clay,20.97,0
49.04,31.74,53.91,5.22,development,loamy,13.38,0
66.56,24.74,50.82,0,initial,clay,0,0
52.11,19.25,33.19,0,initial,sandy,0,0
54.26,23.92,81.69,3.38,late,loamy,19.54,0
42.39,24.09,51.32,5.84,development,clay,12.62,0
58.82,20.36,63.95,3.38,development,loamy,23.75,0
51.25,30.99,37.94,2.47,development,clay,3.82,0
32.45,15.58,71.39,5.72,mid_season,sandy,20.86,0
54.71,24.69,56.97,4.06,development,sandy,7.73,0
77.47,28.11,56.22,4.72,mid_season,loamy,16.91,0
49.69,30.93,71.67,2.52,mid_season,clay,17.76,0
29.66,21.95,42.31,0,initial,clay,0,0
77.39,29.03,50.55,0,late,clay,0,0
37.2,26.21,50.93,4.08,initial,loamy,7.9,0
81.72,30.19,72.71,3.0,mid_season,clay,27.38,0
95,22.03,30.1,4.44,initial,loamy,5.7,0
54.86,28.84,51.3,4.29,initial,clay,16.51,0
68.31,16.01,66.16,4.41,development,sandy,6.7,0
53.24,26.45,56.41,0,mid_season,clay,0,0
57.39,25.41,63.02,3.08,mid_season,clay,23.14,0
64.22,16.35,52.64,4.43,development,sandy,13.1,0
52.4,32.2,33.96,5.46,mid_season,clay,14.25,0
63.06,22.95,68.7,2.49,initial,sandy,12.44,0
90.82,19.45,49.73,0,initial,clay,0,0
49.35,22.65,72.07,1.95,development,sandy,18.19,0
60.55,25.25,74.43,4.21,development,loamy,8.35,0
57.8,30.34,51.49,5.43,mid_season,sandy,7.22,0
62.7,17.07,31.14,5.07,initial,loamy,7.75,0
52.57,28.61,38.36,3.75,mid_season,clay,25.28,0
64.88,15.78,53.11,0,late,sandy,0,0
26.27,21.97,66.76,0,development,clay,0,1
50.47,24.55,47.52,3.74,mid_season,loamy,9.52,0
36.09,33.71,84.82,3.38,initial,sandy,8.0,0
85.87,33.23,46.71,3.33,late,sandy,4.1,0
62.37,12.09,37.95,2.5,development,clay,13.97,0
45.22,27.72,42.31,4.58,mid_season,loamy,11.28,0
39.95,24.19,45.73,0,mid_season,sandy,0,1
49.27,16.68,68.95,3.33,mid_season,clay,12.26,0
66.01,19.21,60.45,4.14,initial,sandy,5.75,0
64.28,17.92,33.02,2.45,late,sandy,10.89,0
73.06,28.04,62.39,1.86,development,sandy,8.16,0
51.33,23.15,65.23,1.81,initial,clay,5.45,0
51.0,13.14,65.45,4.19,late,loamy,4.28,0
72.46,15.18,46.77,3.2,initial,clay,4.49,0
27.72,30.32,62.65,3.12,initial,sandy,1.89,0
52.91,22.2,76.21,4.89,late,clay,10.9,0
45.2,19.93,68.54,3.97,development,clay,3.57,0
59.68,14.74,78.64,3.21,development,sandy,2.35,0
47.39,29.07,66.29,5.41,development,sandy,6.13,0
51.1,27.7,59.42,5.24,initial,sandy,12.41,0
48.78,17.35,58.45,4.48,late,loamy,24.04,0
66.6,16.21,82.25,4.78,development,sandy,16.78,0
45.42,28.55,39.42,2.89,initial,clay,3.0,0
54.83,33.15,41.02,3.94,development,sandy,7.19,0
61.88,32.77,35.51,2.2,development,clay,12.22,0
87.2,18.34,75.98,5.04,initial,clay,5.35,0
59.85,18.46,57.55,2.0,mid_season,loamy,14.03,0
49.04,16.33,49.71,3.48,late,loamy,4.15,0
69.64,13.54,77.13,2.39,initial,sandy,8.58,0
70.12,29.35,36.76,4.11,mid_season,clay,8.19,0
67.64,12.31,83.68,5.67,mid_season,sandy,5.2,0
41.57,30.9,69.16,4.98,mid_season,loamy,14.43,0
39.25,16.43,38.71,2.63,development,loamy,16.96,0
49.71,19.61,68.76,1.82,initial,sandy,4.32,0
64.69,19.25,39.42,6.12,mid_season,loamy,1.16,0
68.87,21.92,47.27,2.79,late,sandy,18.6,0
59.15,15.85,56.43,4.31,initial,sandy,16.9,0
85.99,19.41,73.51,3.17,late,sandy,6.58,0
52.69,30.09,36.85,4.98,mid_season,sandy,2.6,0
77.86,26.04,70.29,1.97,late,sandy,9.04,0
67.72,26.96,53.05,5.8,development,clay,13.09,0
41.49,15.92,45.06,6.82,late,sandy,20.95,0
64.01,24.38,67.67,4.3,development,clay,12.19,0
58.26,26.16,38.12,4.43,mid_season,clay,17.63,0
50.29,14.32,59.65,4.29,development,loamy,16.59,0
39.71,25.42,46.11,4.48,late,sandy,4.89,0
44.87,23.56,76.83,5.17,mid_season,loamy,6.1,0
85.44,15.49,62.3,0,initial,loamy,0,0
51.23,31.63,46.42,0,initial,loamy,0,1
39.55,21.82,55.1,0,development,clay,0,1
61.34,30.57,33.23,3.88,initial,clay,6.11,0
25.8,26.44,31.05,3.79,initial,loamy,8.5,0
37.63,13.41,53.36,2.88,late,clay,6.17,0
41.67,20.73,36.01,0,late,sandy,0,1
51.21,31.71,45.84,2.82,late,loamy,2.85,0
75.18,13.42,71.39,2.79,mid_season,sandy,2.62,0
22.37,23.66,60.37,4.39,late,sandy,11.2,0
60.8,14.17,56.05,4.33,initial,loamy,9.76,0
67.9,29.0,78.47,3.76,development,sandy,3.97,0
37.31,19.67,50.81,3.58,development,sandy,9.49,0
46.3,17.59,60.24,0,initial,clay,0,0
55.58,24.05,72.57,5.4,mid_season,sandy,10.26,0
71.09,21.61,72.8,6.32,late,clay,12.56,0
41.65,23.3,45.99,3.62,development,sandy,19.48,0
86.19,31.9,32.99,2.13,development,sandy,5.16,0
28.73,12.86,61.72,3.43,initial,loamy,2.35,0
47.86,23.16,80.81,4.26,development,sandy,3.06,0
65.04,29.22,60.03,3.27,late,sandy,12.54,0
32.12,16.26,60.21,4.73,initial,clay,10.74,0
31.14,27.31,57.9,3.45,late,sandy,7.75,0
31.09,17.58,32.79,1.4,mid_season,clay,18.28,0
64.91,32.65,80.36,0,initial,clay,0,0
52.81,12.23,61.76,4.91,development,clay,10.61,0
75.32,13.97,44.1,3.85,initial,loamy,2.08,0
73.52,16.07,60.71,5.79,mid_season,clay,3.28,0
13.59,25.31,33.43,0,initial,loamy,0,1
76.19,23.83,65.17,0,late,sandy,0,0
65.33,32.11,52.32,4.32,initial,sandy,1.31,0
67.36,19.77,44.45,4.86,late,clay,11.57,0
95,27.13,56.12,5.82,initial,clay,4.33,0
56.92,32.57,61.07,4.55,mid_season,clay,2.15,0
27.2,21.33,56.96,4.4,initial,sandy,1.13,0
55.65,26.4,81.77,0,initial,sandy,0,0
79.06,18.34,40.49,4.93,mid_season,sandy,2.14,0
58.68,17.28,63.87,4.49,development,sandy,4.49,0
18.68,29.41,53.42,4.57,development,loamy,19.26,0
41.44,33.19,72.15,2.97,mid_season,clay,9.67,0
33.13,31.11,84.77,2.03,initial,clay,5.0,0
33.1,13.05,65.02,5.97,mid_season,clay,20.78,0
39.09,29.91,43.26,4.59,mid_season,loamy,5.79,0
43.63,19.62,42.85,3.48,mid_season,clay,2.28,0
5,30.14,76.91,0,development,loamy,0,1
52.26,22.74,76.19,0,mid_season,loamy,0,0
94.99,26.67,64.42,5.34,mid_season,clay,1.92,0
38.6,14.12,45.47,3.26,initial,sandy,6.22,0
65.07,15.33,47.38,0,development,sandy,0,0
73.31,15.38,80.79,1.61,development,sandy,2.08,0
56.7,27.79,83.46,4.9,late,loamy,8.41,0
67.01,16.35,48.2,4.49,mid_season,loamy,1.04,0
88.73,32.03,74.59,3.12,development,sandy,6.78,0
67.55,27.43,48.15,3.56,late,sandy,7.85,0
57.57,19.78,57.73,3.68,mid_season,loamy,18.49,0
81.91,30.54,63.92,5.19,mid_season,loamy,18.31,0
78.49,22.88,81.26,5.11,mid_season,clay,18.08,0
50.98,28.95,36.48,3.79,initial,clay,10.58,0
51.6,17.98,71.99,0,development,loamy,0,1
57.4,29.15,76.14,4.23,mid_season,loamy,9.58,0
60.65,14.32,36.97,4.15,initial,clay,9.77,0
72.72,23.17,57.24,5.21,initial,sandy,8.02,0
53.77,12.28,80.04,3.93,initial,clay,18.94,0
71.38,27.63,50.68,4.34,late,sandy,6.67,0
61.15,30.94,47.77,4.76,development,loamy,15.87,0
58.21,15.78,34.63,1.66,initial,clay,10.27,0
27.56,21.61,65.61,5.01,development,clay,4.5,0
19.19,17.48,46.98,4.0,mid_season,sandy,20.16,0
66.91,18.95,48.1,5.45,mid_season,clay,23.49,0
39.68,22.59,80.82,4.17,mid_season,loamy,15.41,0
53.15,13.77,33.14,0,mid_season,sandy,0,1
47.77,18.66,80.18,5.39,mid_season,loamy,17.12,0
60.99,26.77,41.1,4.34,late,loamy,4.46,0
71.59,28.97,71.17,5.1,initial,clay,10.23,0
62.26,22.6,45.84,5.46,initial,loamy,14.0,0
49.6,19.88,78.89,2.35,initial,sandy,3.07,0
40.33,27.4,64.51,1.66,late,clay,7.76,0
49.0,14.98,34.4,5.41,development,sandy,4.23,0
39.2,14.0,69.35,4.07,mid_season,sandy,6.48,0
41.44,20.74,35.94,3.0,late,loamy,8.23,0
47.09,29.22,40.74,3.99,mid_season,clay,10.68,0
66.27,12.51,64.31,4.05,initial,loamy,2.49,0
41.12,14.41,55.86,0,initial,clay,0,0
35.46,16.06,63.61,5.37,initial,sandy,13.07,0
48.76,19.0,41.34,5.64,initial,loamy,12.33,0
32.41,27.08,76.9,4.85,initial,clay,9.6,0
66.95,26.48,67.4,3.14,development,clay,12.6,0
63.25,20.65,83.37,3.79,mid_season,loamy,9.29,0
71.15,19.53,64.26,2.61,mid_season,loamy,3.57,0
66.94,16.42,78.0,4.75,development,loamy,13.05,0
56.27,25.8,57.39,0,late,loamy,0,0
62.22,28.09,35.38,3.23,late,loamy,2.44,0
50.82,28.33,35.83,2.35,mid_season,clay,10.1,0
85.94,18.64,61.88,3.63,late,sandy,4.53,0
60.9,28.29,44.88,2.24,development,clay,10.19,0
58.52,16.36,50.09,1.63,mid_season,clay,13.96,0
49.71,20.09,74.11,5.59,initial,clay,8.0,0
38.36,15.21,62.53,2.31,development,sandy,14.88,0
76.89,14.57,51.69,0,late,loamy,0,0
56.16,21.18,66.64,3.92,late,loamy,19.41,0
89.34,30.08,50.54,4.35,mid_season,loamy,1.11,0
51.47,29.88,71.05,0,development,loamy,0,1
95,20.77,78.1,4.03,initial,clay,5.21,0
51.6,17.27,43.43,5.72,late,clay,9.39,0
48.41,21.88,50.5,3.11,development,loamy,16.57,0
64.1,21.62,65.01,0,initial,sandy,0,0
50.09,12.53,40.36,4.37,mid_season,loamy,8.82,0
16.63,17.74,64.36,3.67,mid_season,loamy,15.67,0
14.6,20.29,46.87,3.52,development,clay,5.31,0
44.98,21.92,31.97,0,mid_season,sandy,0,1
58.94,28.13,54.62,3.84,development,loamy,15.35,0
33.62,23.71,78.53,3.09,initial,clay,3.75,0
51.58,30.92,54.62,0,late,loamy,0,1
51.51,22.27,46.08,0,development,sandy,0,1
55.29,21.58,37.33,4.94,mid_season,loamy,10.37,0
57.08,12.79,69.6,4.42,initial,sandy,3.39,0
29.31,20.32,37.35,0,initial,sandy,0,0
47.76,12.13,31.29,4.19,development,sandy,11.96,0
41.23,32.85,80.97,0,initial,clay,0,0
65.52,19.55,37.1,4.08,development,loamy,2.31,0
61.1,32.33,52.05,3.12,mid_season,sandy,22.87,0
76.6,29.76,42.94,6.51,late,sandy,8.36,0
56.19,19.82,45.44,4.14,development,loamy,14.96,0
58.86,33.5,45.0,4.57,late,clay,4.86,0
49.89,16.18,51.73,2.85,late,loamy,5.7,0
12.71,27.78,32.57,2.85,initial,clay,7.08,0
44.49,20.54,57.91,4.27,development,loamy,19.12,0
64.52,19.98,53.56,6.39,late,sandy,13.15,0
45.99,28.35,45.5,6.0,initial,sandy,4.71,0
54.21,31.84,67.14,0,initial,loamy,0,0
60.93,31.65,74.07,4.35,initial,sandy,18.31,0
67.71,12.35,36.01,3.44,late,clay,9.78,0
62.36,15.06,45.64,3.61,development,sandy,3.24,0
65.62,15.11,82.33,1.89,initial,clay,13.14,0
59.27,13.13,45.05,4.92,late,clay,7.29,0
81.61,13.65,71.65,4.32,mid_season,clay,10.94,0
27.38,22.0,76.12,5.11,initial,clay,7.58,0
75.35,33.43,62.2,0,late,loamy,0,0
60.51,18.5,69.87,3.04,late,loamy,3.25,0
72.92,25.74,54.2,4.3,initial,sandy,11.9,0
36.45,22.59,49.92,3.59,mid_season,clay,4.41,0
49.03,21.73,43.69,3.62,initial,clay,3.03,0
46.89,12.44,55.97,0,initial,sandy,0,0
87.05,15.21,51.09,3.4,late,loamy,9.57,0
65.06,14.72,54.36,1.87,mid_season,loamy,4.09,0
20.22,16.42,63.56,3.0,late,loamy,14.4,0
62.85,19.82,47.09,3.36,late,sandy,12.66,0
61.03,23.35,34.17,4.29,initial,sandy,11.28,0
49.05,18.77,70.78,2.94,development,sandy,13.23,0
36.86,16.26,36.66,5.0,late,loamy,11.6,0
62.2,26.77,39.92,0,development,clay,0,0
30.44,21.06,57.22,2.79,mid_season,loamy,6.84,0
33.06,14.31,83.11,3.66,initial,clay,2.9,0
63.25,31.67,59.56,4.79,development,sandy,1.06,0
60.24,24.04,38.62,3.52,initial,sandy,8.25,0
39.31,30.21,42.49,3.4,initial,loamy,4.57,0
5,26.75,55.6,4.04,mid_season,sandy,8.49,0
62.77,32.92,43.06,3.2,mid_season,sandy,1.34,0
73.98,20.29,53.97,3.72,mid_season,loamy,8.85,0
32.44,32.01,73.97,4.29,late,clay,10.79,0
64.85,16.46,76.9,4.87,initial,clay,11.8,0
80.53,18.75,64.91,2.5,development,sandy,3.45,0
23.65,33.82,39.2,2.53,development,clay,0.29,0
50.82,14.44,37.28,0,initial,clay,0,0
67.47,28.41,38.76,5.4,late,clay,11.0,0
68.67,16.27,30.44,4.52,development,loamy,10.69,0
65.15,23.86,53.32,3.31,mid_season,sandy,10.57,0
78.12,15.39,33.49,1.92,late,loamy,9.92,0
59.24,22.09,58.77,3.02,initial,loamy,18.33,0
59.9,25.3,57.48,3.73,late,loamy,11.29,0
90.43,22.17,80.89,6.26,development,sandy,14.72,0
66.05,24.36,38.15,0,development,sandy,0,0
52.61,17.18,54.81,5.35,initial,loamy,8.56,0
30.25,33.88,79.73,3.79,development,clay,5.58,0
81.92,15.98,34.61,3.84,late,clay,17.37,0
31.25,29.67,32.02,5.03,development,sandy,15.63,0
33.74,12.47,44.9,2.72,development,sandy,2.25,0
64.5,25.3,50.72,4.07,development,clay,3.91,0
56.09,18.59,60.47,1.85,initial,loamy,11.35,0
44.4,32.57,67.94,4.51,initial,sandy,7.62,0
49.66,30.71,69.07,0,initial,sandy,0,0
56.51,17.7,53.52,4.06,development,clay,11.52,0
63.59,14.0,76.93,5.72,late,sandy,5.48,0
46.15,19.29,46.47,3.21,initial,sandy,3.06,0
55.75,25.51,34.59,3.31,development,clay,12.57,0
78.73,14.59,77.02,3.14,mid_season,sandy,23.23,0
23.45,18.56,39.42,1.8,development,clay,14.08,0
60.85,22.21,61.86,0,initial,loamy,0,0
35.7,24.32,72.84,0,initial,sandy,0,0
22.47,23.77,83.77,5.14,late,clay,7.14,0
17.16,26.96,43.36,4.08,late,sandy,3.81,0
49.58,32.13,36.86,4.66,mid_season,clay,6.31,0
95,27.51,68.82,0,initial,sandy,0,0
53.6,17.63,46.68,1.97,development,clay,6.07,0
69.11,14.32,50.63,4.68,late,loamy,13.05,0
45.01,15.61,46.13,3.58,development,sandy,9.79,0
28.66,12.25,32.37,4.89,initial,clay,16.56,0
35.06,33.22,77.13,5.85,initial,sandy,3.26,0
93.79,23.31,73.43,6.14,development,sandy,4.69,0
48.04,14.91,44.59,4.49,initial,loamy,6.81,0
59.53,17.81,74.59,0,mid_season,sandy,0,1
29.02,12.48,83.8,0,mid_season,sandy,0,1
44.79,31.7,54.37,4.29,development,loamy,8.28,0
23.76,31.48,81.81,3.79,mid_season,clay,10.89,0
60.98,21.21,73.72,5.28,development,loamy,23.05,0
55.25,23.53,60.95,3.82,initial,loamy,11.43,0
54.02,29.92,63.79,5.11,development,sandy,12.0,0
56.25,16.21,57.94,4.11,late,sandy,2.49,0
49.85,26.66,37.16,4.15,late,loamy,6.13,0
69.01,31.67,81.08,6.04,late,clay,6.41,0
59.19,18.82,43.67,4.56,mid_season,sandy,9.75,0
75.55,31.9,36.63,0,late,sandy,0,0
49.31,20.97,51.81,3.39,initial,loamy,1.72,0
81.56,33.01,64.33,2.21,initial,clay,10.07,0
45.96,33.24,69.24,2.85,initial,loamy,12.77,0
54.5,24.14,60.94,4.6,development,sandy,7.84,0
62.02,29.58,34.63,3.93,late,clay,13.0,0
73.51,28.52,49.62,1.7,development,clay,9.32,0
29.56,33.2,46.82,6.39,late,clay,10.91,0
70.56,20.14,75.91,2.34,mid_season,clay,20.23,0
14.53,29.28,42.23,3.1,initial,clay,1.26,0
62.2,15.35,82.23,3.75,development,sandy,1.44,0
25.27,17.45,57.63,2.02,initial,loamy,1.27,0
57.82,19.88,41.03,0,late,loamy,0,0
72.74,33.37,34.31,4.24,late,sandy,5.14,0
82.97,32.99,62.02,5.13,initial,sandy,1.05,0
63.43,29.35,84.84,0,development,sandy,0,0
72.36,23.14,64.69,3.56,late,clay,6.95,0
51.27,18.19,31.54,5.44,initial,loamy,12.09,0
75.25,24.23,60.33,3.82,late,sandy,3.69,0
45.54,30.56,66.22,4.4,mid_season,sandy,9.28,0
45.42,18.27,52.13,3.66,initial,loamy,16.46,0
37.33,27.04,65.24,1.96,late,sandy,0.93,0
95,12.62,55.78,6.07,mid_season,loamy,19.53,0
60.0,23.3,62.48,3.98,initial,sandy,14.92,0
80.53,27.76,80.61,3.86,late,loamy,6.54,0
91.37,14.47,68.77,3.1,mid_season,loamy,13.14,0
56.02,16.89,38.02,3.82,late,loamy,3.52,0
95,20.66,60.03,4.84,late,loamy,7.27,0
69.46,16.69,59.57,2.99,mid_season,sandy,2.72,0
82.86,25.71,45.05,3.74,mid_season,clay,13.9,0
48.2,22.72,30.19,3.21,late,sandy,16.72,0
27.95,30.74,54.14,2.22,development,clay,0.15,0
54.82,33.51,62.21,5.15,development,sandy,6.51,0
26.42,30.98,51.07,4.63,development,sandy,16.59,0
29.7,18.26,60.94,4.17,development,loamy,11.58,0
18.48,28.04,60.21,3.51,late,clay,1.45,0
75.45,27.16,39.02,0,initial,loamy,0,0
66.77,29.9,51.62,4.37,late,loamy,24.25,0
58.73,17.08,33.84,3.84,mid_season,loamy,9.41,0
50.85,31.33,43.86,5.02,late,sandy,0.74,0
33.15,15.52,82.91,1.39,late,loamy,10.48,0
54.68,19.28,82.73,3.5,mid_season,sandy,16.7,0
60.55,19.6,57.62,0,mid_season,sandy,0,0
59.74,31.99,57.67,0,initial,sandy,0,1
34.61,28.64,56.81,2.07,late,sandy,9.74,0
53.56,31.8,78.31,5.64,mid_season,sandy,11.35,0
95,29.68,70.51,4.76,development,clay,4.21,0
44.89,13.46,32.57,6.01,mid_season,loamy,5.5,0
40.78,13.29,84.93,3.98,late,loamy,0.23,0
50.64,16.87,69.6,2.94,mid_season,sandy,8.6,0
46.96,18.88,50.04,4.01,mid_season,loamy,12.66,0
68.29,17.38,32.77,2.29,late,clay,4.57,0
63.06,32.68,82.85,0,initial,clay,0,0
49.29,32.53,67.11,4.19,late,clay,13.97,0
68.63,28.14,33.78,5.39,late,sandy,7.01,0
56.84,33.9,72.07,3.25,mid_season,clay,5.68,0
26.51,15.3,47.5,3.68,late,clay,13.54,0
88.74,31.56,79.23,6.57,late,sandy,10.35,0
50.65,19.4,44.11,6.01,late,loamy,8.85,0
55.74,15.54,81.28,4.72,initial,clay,23.29,0
52.26,17.87,32.26,3.25,mid_season,sandy,0.6,0
33.78,21.24,50.28,4.27,late,clay,1.12,0
31.97,19.12,66.97,4.05,mid_season,sandy,19.46,0
45.09,33.72,38.57,0,late,loamy,0,1
76.27,14.17,35.91,3.71,initial,loamy,6.43,0
58.97,19.82,50.31,5.34,development,clay,1.55,0
73.24,27.21,71.08,0,initial,sandy,0,0
63.11,14.5,69.41,4.34,development,sandy,1.25,0
23.59,31.77,33.83,5.37,late,clay,21.38,0
65.08,13.03,41.97,3.02,mid_season,clay,5.63,0
67.72,28.45,67.39,3.18,initial,loamy,9.28,0
32.06,25.73,31.63,3.26,development,sandy,5.77,0
50.9,15.61,33.53,0,initial,loamy,0,0
20.04,32.84,79.1,3.56,development,loamy,4.71,0
70.03,30.8,50.37,5.16,development,sandy,0.85,0
69.52,24.39,52.43,3.42,development,sandy,4.41,0
33.14,23.69,63.96,3.4,late,clay,0.13,0
25.75,30.34,46.92,5.92,late,sandy,4.88,0
49.66,18.98,66.59,0,initial,clay,0,0
46.08,19.9,65.38,3.97,late,loamy,14.3,0
40.46,29.07,38.23,3.89,development,clay,12.56,0
50.15,20.47,36.92,4.89,mid_season,sandy,3.52,0
58.72,16.5,50.34,4.03,late,sandy,5.81,0
49.86,12.04,81.6,3.74,late,clay,16.84,0
45.37,24.29,47.93,2.89,late,loamy,6.57,0
74.48,24.39,63.92,5.08,mid_season,sandy,6.35,0
35.75,32.22,50.31,4.08,mid_season,loamy,3.75,0
27.17,22.0,61.16,4.39,mid_season,loamy,0.09,0
70.66,32.3,32.75,4.09,mid_season,loamy,6.61,0
30.04,28.76,75.95,4.14,mid_season,sandy,8.5,0
45.76,14.92,59.29,4.14,initial,loamy,6.27,0
56.67,16.08,60.45,2.85,development,sandy,3.06,0
47.42,24.11,50.04,0,late,sandy,0,1
46.29,32.52,58.09,3.76,mid_season,loamy,12.98,0
73.28,32.64,32.79,5.1,late,loamy,17.14,0
67.45,23.33,54.46,4.6,initial,loamy,7.36,0
59.65,19.04,78.21,4.31,late,sandy,19.36,0
72.26,27.46,49.32,3.83,late,loamy,5.65,0
57.69,31.07,48.72,0,late,clay,0,0
54.77,13.46,49.0,0,initial,clay,0,0
32.13,25.5,82.04,5.33,late,sandy,9.49,0
31.72,25.84,68.42,3.18,initial,loamy,12.45,0
73.61,21.59,57.94,0,initial,loamy,0,0
79.55,31.87,43.65,4.84,initial,clay,6.42,0
37.03,15.76,32.48,3.43,mid_season,sandy,0.54,0
11.8,16.83,63.94,3.56,initial,clay,6.75,0
55.8,17.46,34.36,0,mid_season,loamy,0,0
86.98,13.92,79.62,4.31,mid_season,clay,10.14,0
26.16,28.23,59.15,4.78,development,clay,12.49,0
59.14,12.94,72.19,2.4,mid_season,sandy,7.55,0
32.22,30.76,74.98,3.05,mid_season,clay,4.92,0
52.87,28.2,78.78,4.4,late,clay,4.99,0
21.63,25.87,55.65,0,late,sandy,0,1
43.52,19.34,71.87,3.52,initial,loamy,8.11,0
80.0,27.82,66.43,0,development,clay,0,0
12.91,13.33,50.63,3.47,mid_season,sandy,20.77,0
45.43,19.6,39.37,5.15,development,loamy,5.14,0
78.74,23.73,61.41,3.81,development,sandy,10.65,0
36.86,24.81,33.16,1.93,initial,loamy,4.99,0
48.23,27.06,69.16,0,mid_season,loamy,0,1
59.17,23.18,84.7,4.84,initial,clay,10.27,0
62.16,13.26,54.74,2.71,mid_season,clay,11.25,0
38.31,13.77,34.99,6.01,initial,loamy,2.15,0
50.71,19.53,58.73,0,late,clay,0,0
66.99,30.5,76.96,5.83,mid_season,loamy,13.04,0
20.23,14.4,53.47,5.29,development,sandy,15.03,0
61.3,12.07,37.35,6.91,initial,sandy,2.76,0
52.42,21.12,56.78,4.1,mid_season,loamy,15.23,0
50.25,23.04,48.75,4.35,mid_season,loamy,0.65,0
66.5,13.37,45.76,2.99,late,sandy,6.38,0
95,13.33,66.29,1.79,late,clay,17.26,0
14.43,20.05,57.14,4.68,mid_season,sandy,2.61,0
49.24,23.46,70.81,2.94,mid_season,loamy,14.05,0
54.48,12.83,82.22,4.25,initial,clay,4.61,0
61.18,16.68,72.44,4.69,initial,sandy,8.36,0
46.82,26.3,54.96,3.7,mid_season,clay,20.25,0
54.13,33.8,52.86,3.47,mid_season,sandy,15.99,0
64.73,22.21,60.33,3.44,mid_season,sandy,0.93,0
37.06,16.77,47.95,4.18,late,sandy,18.2,0
78.73,32.54,37.89,6.58,development,loamy,6.22,0
40.86,31.77,62.61,4.98,development,loamy,18.02,0
36.62,18.51,30.84,0,initial,loamy,0,0
27.2,14.43,77.88,3.16,late,sandy,7.32,0
78.05,32.55,32.64,3.53,mid_season,clay,10.05,0
59.38,20.95,84.97,6.01,late,sandy,11.08,0
85.68,32.98,33.64,3.96,development,sandy,2.21,0
31.2,16.34,43.55,3.53,initial,loamy,0.9,0
59.4,27.7,56.79,3.82,mid_season,loamy,12.9,0
49.95,12.47,80.23,5.9,late,loamy,11.68,0
40.53,29.42,34.5,3.58,mid_season,clay,7.17,0
54.0,18.3,75.01,4.98,initial,loamy,11.05,0
82.0,32.12,49.83,4.57,initial,loamy,5.92,0
62.84,27.13,42.98,1.92,mid_season,loamy,23.36,0
59.5,22.11,65.97,3.66,mid_season,clay,31.15,0
63.48,33.99,65.48,3.1,development,clay,14.12,0
55.83,28.83,65.99,4.31,initial,loamy,1.95,0
38.43,16.55,62.03,5.66,late,sandy,10.1,0
45.37,33.03,33.13,2.98,development,clay,4.96,0
66.1,16.99,31.58,4.9,mid_season,clay,6.29,0
66.94,21.85,54.23,5.07,mid_season,loamy,11.28,0
61.31,33.94,53.91,5.18,development,clay,6.37,0
87.74,31.16,41.64,2.77,mid_season,loamy,9.08,0
73.77,23.12,64.7,1.88,development,sandy,3.59,0
77.73,14.65,76.16,4.96,initial,clay,27.55,0
67.02,19.47,31.87,0,late,loamy,0,0
38.67,25.83,74.6,2.78,late,loamy,26.83,0
65.85,25.97,80.42,6.5,development,sandy,4.04,0
36.82,28.0,37.95,5.4,initial,sandy,1.24,0
44.15,26.75,58.21,6.08,development,loamy,8.39,0
55.15,17.69,43.2,2.69,late,sandy,7.85,0
33.09,16.94,30.93,5.9,development,clay,19.53,0
41.4,26.66,48.72,3.27,late,clay,14.71,0
36.3,19.63,78.02,6.76,initial,loamy,5.29,0
43.16,31.12,38.38,3.78,mid_season,sandy,6.77,0
6.92,28.09,49.32,0,initial,sandy,0,0
45.56,14.51,81.07,4.57,development,loamy,15.21,0
47.56,26.29,79.08,0,mid_season,loamy,0,1
46.11,20.25,42.65,3.5,initial,clay,14.06,0
40.21,12.41,35.58,0,late,loamy,0,1
27.87,27.97,40.6,2.5,development,loamy,6.65,0
33.78,27.33,35.0,4.38,initial,clay,8.51,0
48.25,30.19,76.37,5.73,initial,clay,12.11,0
83.45,17.75,56.67,3.26,development,clay,5.82,0
56.61,12.23,46.61,4.22,development,sandy,28.46,0
71.32,33.74,52.3,3.79,mid_season,clay,8.37,0
50.43,32.19,54.77,4.77,development,clay,16.89,0
66.46,27.83,79.33,4.64,mid_season,clay,14.26,0
63.1,17.66,65.37,4.25,development,loamy,17.63,0
82.83,14.73,80.28,4.3,late,sandy,12.67,0
43.91,28.6,54.11,3.15,initial,sandy,4.88,0
52.63,12.61,35.37,3.15,development,clay,9.89,0
55.61,30.68,78.25,4.05,late,loamy,17.1,0
74.03,21.32,59.46,3.47,mid_season,clay,6.73,0
47.4,24.23,69.99,0,initial,sandy,0,0
61.41,26.54,30.19,3.39,mid_season,sandy,8.61,0
25.81,21.89,53.12,5.66,initial,clay,1.68,0
51.18,17.08,43.87,2.39,mid_season,loamy,22.99,0
22.14,19.98,38.22,3.15,mid_season,sandy,7.89,0
54.22,33.23,69.39,5.17,initial,sandy,18.18,0
53.1,17.21,77.75,4.0,initial,loamy,20.7,0
62.15,18.52,61.13,1.08,development,clay,3.09,0
45.95,14.15,47.01,5.23,development,clay,0.84,0
74.09,23.51,61.64,0,development,clay,0,0
84.62,18.62,30.54,2.57,mid_season,loamy,18.57,0
63.89,27.86,76.92,2.78,late,clay,10.01,0
54.75,15.94,31.22,2.92,development,sandy,15.0,0
6.92,15.87,31.21,3.95,mid_season,sandy,13.7,0
50.57,32.44,38.98,4.21,development,loamy,1.47,0
60.54,23.94,83.36,3.15,mid_season,sandy,20.33,0
73.74,27.13,45.75,4.71,late,clay,15.02,0
43.75,20.41,30.28,3.34,development,loamy,8.92,0
34.68,13.34,35.76,2.4,late,sandy,12.59,0
80.71,22.16,40.42,2.04,initial,clay,9.52,0
62.89,30.27,61.98,3.95,mid_season,sandy,10.78,0
60.24,24.93,31.4,6.49,mid_season,loamy,15.12,0
28.09,25.65,44.7,4.03,mid_season,clay,17.06,0
48.35,14.58,79.69,3.43,development,sandy,9.73,0
58.81,15.97,79.33,3.51,mid_season,loamy,5.17,0
77.26,17.82,78.63,4.23,late,loamy,4.31,0
38.63,25.54,62.33,4.63,late,sandy,8.98,0
58.7,18.97,66.94,2.58,late,sandy,4.55,0
91.52,25.02,77.74,3.96,mid_season,loamy,3.52,0
36.97,16.3,48.6,2.1,late,loamy,12.61,0
35.34,30.66,37.85,3.41,initial,clay,13.26,0
65.79,30.18,59.11,4.3,late,sandy,8.77,0
85.2,33.25,60.17,4.75,initial,loamy,9.5,0
42.41,29.57,83.73,0,mid_season,clay,0,1
29.28,14.44,50.06,5.4,late,sandy,29.28,0
95,15.18,30.67,0,late,loamy,0,0
30.76,19.66,35.91,0,mid_season,loamy,0,1
52.89,24.99,37.62,4.6,mid_season,loamy,18.43,0
43.43,30.22,71.7,2.87,initial,clay,1.39,0
62.48,31.36,63.84,2.69,initial,sandy,8.42,0
60.15,19.19,67.34,5.24,mid_season,loamy,9.98,0
62.26,19.55,38.21,2.45,initial,sandy,4.92,0
37.85,30.71,72.76,4.91,mid_season,clay,27.51,0
37.77,21.96,51.33,2.69,development,clay,5.86,0
60.07,13.47,57.18,4.78,development,clay,10.01,0
62.69,29.17,64.16,0,development,sandy,0,0
44.96,17.15,37.9,2.58,development,clay,6.83,0
49.75,16.1,66.52,4.36,late,loamy,22.46,0
70.55,16.83,30.71,0,mid_season,sandy,0,0
61.15,19.69,60.37,3.94,late,clay,17.42,0
58.28,26.53,53.28,4.46,mid_season,clay,10.71,0
70.33,33.01,46.71,3.76,late,clay,23.4,0
93.74,24.65,34.16,3.31,mid_season,clay,12.16,0
36.14,33.77,48.68,3.09,initial,loamy,21.01,0
49.64,24.29,70.77,3.14,late,clay,12.77,0
46.86,23.95,49.09,3.23,initial,sandy,5.51,0
62.88,29.17,74.63,4.89,late,clay,13.29,0
66.21,17.92,68.37,4.7,development,loamy,5.63,0
59.53,28.35,74.93,5.04,late,clay,11.3,0
28.4,31.44,56.79,3.35,mid_season,loamy,16.18,0
38.81,13.67,71.75,3.12,late,sandy,16.83,0
73.63,31.55,77.41,4.1,initial,sandy,18.42,0
71.51,15.97,65.28,4.54,mid_season,loamy,12.37,0
75.53,14.16,61.75,4.49,late,clay,4.29,0
34.16,23.08,42.21,5.28,development,sandy,6.17,0
52.07,12.77,43.36,4.09,development,clay,9.89,0
58.11,27.51,70.56,1.82,initial,clay,24.39,0
38.26,20.21,73.58,4.47,initial,sandy,5.54,0
76.06,25.95,58.89,3.7,late,sandy,2.84,0
66.87,26.27,49.25,3.9,late,loamy,7.0,0
53.3,14.11,42.14,5.54,late,loamy,1.31,0
23.26,19.65,69.52,0,development,clay,0,1
48.78,32.82,77.86,4.21,development,clay,8.9,0
63.3,29.78,70.81,3.86,initial,sandy,8.1,0
43.6,29.11,67.45,4.04,late,loamy,0.16,0
73.68,20.23,31.2,0,late,clay,0,0
85.64,26.18,76.14,0,development,clay,0,0
74.55,17.9,60.93,4.92,development,sandy,4.18,0
29.73,31.09,46.38,0,initial,clay,0,1
95,28.64,72.7,3.58,late,loamy,1.43,0
51.96,21.41,45.63,5.46,initial,loamy,4.14,0
67.0,16.76,51.66,4.67,mid_season,sandy,13.14,0
53.51,23.55,64.0,4.87,development,loamy,16.99,0
21.71,17.5,48.68,0,late,sandy,0,1
91.28,20.67,82.8,4.21,initial,sandy,10.36,0
35.98,30.56,45.02,5.42,mid_season,loamy,16.5,0
69.91,20.78,70.9,4.03,development,sandy,10.11,0
69.35,13.38,37.86,2.88,mid_season,clay,3.82,0
46.29,13.69,83.26,4.95,development,sandy,10.01,0
37.73,12.3,78.29,4.94,mid_season,loamy,15.2,0
30.02,19.46,39.25,2.83,initial,loamy,8.74,0
20.17,20.85,38.66,2.99,late,sandy,0.42,0
45.44,22.2,37.01,4.15,mid_season,loamy,20.31,0
69.86,18.41,74.99,3.57,mid_season,clay,14.12,0
58.09,27.22,34.63,3.51,initial,sandy,4.53,0
82.47,16.1,65.79,0,late,loamy,0,0
37.57,28.55,33.98,4.21,late,clay,11.61,0
57.33,18.32,79.41,0,initial,sandy,0,0
32.35,21.61,72.7,6.06,initial,loamy,2.09,0
68.76,27.12,41.15,3.87,initial,sandy,15.41,0
44.77,16.77,34.54,5.57,mid_season,clay,6.54,0
52.19,20.93,34.72,4.57,initial,loamy,0.09,0
49.7,15.93,45.9,2.79,initial,loamy,10.52,0
31.61,32.04,37.89,1.76,late,sandy,6.18,0
49.94,33.05,75.28,0,initial,clay,0,0
32.43,22.27,80.59,3.28,initial,loamy,11.47,0
51.72,32.63,41.47,0,late,loamy,0,1
44.31,15.7,79.68,3.74,late,clay,18.01,0
64.62,32.39,54.71,2.53,late,clay,11.15,0
31.36,16.97,62.2,3.09,initial,clay,4.56,0
29.79,30.52,72.58,5.45,late,clay,3.37,0
57.68,20.59,80.29,5.13,late,loamy,17.27,0
58.5,23.04,30.13,3.17,mid_season,loamy,17.38,0
47.44,14.05,56.66,3.38,development,clay,6.68,0
78.8,15.04,45.09,2.22,initial,clay,13.15,0
35.63,21.66,52.0,4.7,development,loamy,13.9,0
56.07,30.75,39.28,3.38,development,clay,13.09,0
54.8,14.15,33.68,0,initial,clay,0,0
31.66,21.0,54.26,3.01,late,loamy,7.65,0
64.06,31.67,72.73,3.13,initial,sandy,0.39,0
82.28,28.54,73.19,3.37,late,sandy,2.61,0
41.75,32.49,44.21,2.79,development,clay,5.75,0
15.04,28.16,65.95,4.66,mid_season,sandy,6.0,0
36.87,33.38,49.6,2.87,initial,clay,2.98,0
66.37,32.6,71.04,3.64,mid_season,clay,18.87,0
85.7,32.55,31.66,0,initial,loamy,0,0
70.86,32.82,50.18,5.44,mid_season,sandy,13.39,0
30.29,12.4,78.77,3.67,late,sandy,13.52,0
19.6,20.03,70.62,5.53,initial,clay,9.98,0
37.79,27.86,69.92,0,development,loamy,0,1
62.83,16.09,69.61,3.19,late,loamy,15.23,0
35.26,15.16,67.23,3.89,late,loamy,0.14,0
65.04,19.81,41.91,4.68,initial,sandy,1.7,0
69.36,17.1,44.46,2.88,late,loamy,20.41,0
49.21,33.25,35.55,4.64,mid_season,sandy,8.65,0
56.56,19.17,73.02,4.75,initial,loamy,0.96,0
52.15,20.26,60.54,4.53,late,sandy,6.63,0
45.04,29.87,71.55,0,initial,sandy,0,0
58.4,32.96,39.33,1.67,initial,loamy,6.6,0
53.63,21.04,72.92,4.45,initial,clay,12.51,0
65.78,17.36,35.47,2.83,development,loamy,8.71,0
64.77,28.22,73.13,2.78,mid_season,clay,25.67,0
64.3,16.11,32.65,5.64,initial,clay,11.18,0
59.76,30.7,44.15,4.02,initial,sandy,15.68,0
57.14,16.59,38.12,5.16,initial,sandy,9.16,0
57.53,19.4,63.41,3.72,late,loamy,17.0,0
48.36,30.74,72.26,2.51,late,sandy,0.23,0
64.57,16.67,35.74,1.96,mid_season,sandy,11.79,0
47.12,28.52,52.48,0,initial,clay,0,0
60.77,16.91,30.12,3.61,initial,clay,5.79,0
42.36,13.1,47.45,3.68,development,sandy,14.53,0
83.56,25.01,37.04,5.4,mid_season,sandy,2.65,0
48.91,13.61,72.12,4.58,development,loamy,5.2,0
41.21,13.41,80.03,3.61,mid_season,clay,13.95,0
66.75,23.56,83.98,4.05,initial,sandy,9.84,0
62.43,18.72,35.31,4.47,late,clay,4.09,0
82.97,28.18,41.46,0,development,clay,0,0
65.55,27.45,67.15,0,development,clay,0,0
69.62,23.23,47.89,6.83,development,clay,15.01,0
62.66,23.62,42.27,5.26,late,sandy,13.57,0
55.72,26.2,44.96,4.4,development,clay,1.29,0
47.91,18.4,56.91,3.95,late,loamy,5.64,0
72.92,25.89,58.58,4.69,mid_season,clay,24.03,0
40.88,25.64,60.48,3.73,late,clay,8.46,0
34.39,24.33,64.17,4.69,late,loamy,4.22,0
62.65,32.53,32.35,3.59,late,sandy,14.33,0
64.83,23.08,43.52,1.81,development,loamy,21.03,0
34.44,26.26,69.85,4.28,late,loamy,20.03,0
27.99,33.72,78.38,3.51,initial,clay,0.03,0
76.25,21.51,60.39,3.6,late,clay,9.27,0
27.73,16.86,81.07,4.07,initial,clay,0.36,0
81.98,23.81,42.39,4.15,initial,sandy,7.38,0
45.89,12.25,82.81,6.35,development,sandy,5.41,0
91.84,13.68,78.8,3.95,late,sandy,0.49,0
26.79,27.02,65.46,2.56,mid_season,clay,6.55,0
75.08,14.59,53.94,3.45,development,loamy,4.51,0
56.4,12.08,58.87,5.81,initial,clay,17.49,0
42.01,30.61,83.29,2.18,development,sandy,10.46,0
69.01,14.93,84.45,0,mid_season,sandy,0,0
79.95,13.96,70.12,4.3,development,loamy,14.3,0
54.78,16.83,53.27,4.77,late,clay,12.92,0
46.33,19.96,57.28,4.71,mid_season,sandy,4.33,0
63.16,31.14,39.17,3.82,late,clay,8.93,0
22.05,13.88,53.64,4.45,development,loamy,16.04,0
68.04,32.34,34.72,3.36,mid_season,clay,12.63,0
76.86,19.11,32.28,4.39,development,clay,11.85,0
84.65,22.53,76.65,4.37,mid_season,sandy,3.1,0
48.18,22.88,57.89,5.04,mid_season,loamy,18.13,0
58.56,17.2,67.2,5.36,development,loamy,6.86,0
72.82,13.08,49.61,3.45,late,loamy,12.39,0
44.26,20.53,39.27,3.93,mid_season,loamy,23.36,0
64.54,33.56,71.6,0,initial,clay,0,0
44.01,32.71,33.99,5.04,development,clay,7.43,0
43.84,32.81,37.3,4.37,initial,sandy,1.14,0
10.08,17.76,35.49,3.48,mid_season,sandy,22.83,0
43.08,16.66,40.08,5.83,initial,clay,0.96,0
51.7,20.54,51.45,4.86,initial,sandy,14.75,0
32.07,17.61,77.82,2.91,development,clay,4.04,0
34.8,27.0,68.27,2.55,mid_season,clay,29.06,0
95,30.94,36.31,4.79,late,loamy,8.67,0
61.48,12.19,84.52,4.96,mid_season,loamy,10.85,0
45.79,20.58,59.82,3.93,mid_season,loamy,22.25,0
95,13.72,84.14,4.29,development,loamy,10.48,0
60.6,23.19,54.33,3.86,mid_season,loamy,19.88,0
64.96,33.35,48.07,2.4,initial,sandy,10.0,0
80.61,30.53,63.84,4.96,initial,clay,13.94,0
81.13,14.37,44.45,6.05,development,loamy,7.43,0
47.89,20.45,50.46,5.03,mid_season,loamy,4.97,0
49.35,20.78,53.52,7.24,mid_season,loamy,13.88,0
68.82,26.9,50.62,2.92,development,loamy,14.92,0
43.75,29.04,54.44,4.1,late,clay,24.71,0
73.32,17.29,75.01,3.73,mid_season,clay,15.21,0
69.68,20.31,58.41,4.87,mid_season,sandy,15.3,0
51.31,16.19,42.21,0,late,clay,0,0
60.22,28.84,50.4,2.99,development,loamy,12.71,0
49.91,18.86,69.26,3.54,initial,sandy,3.77,0
50.44,18.9,69.59,0,initial,sandy,0,0
62.24,30.33,44.96,3.93,mid_season,loamy,23.23,0
50.17,24.04,37.42,3.87,late,loamy,15.08,0
53.12,23.78,80.56,3.14,mid_season,clay,7.3,0
59.18,32.83,31.63,2.74,development,sandy,2.13,0
33.18,31.92,36.27,2.25,late,loamy,5.19,0
61.25,14.14,80.3,4.07,mid_season,sandy,4.95,0
31.53,12.65,39.87,4.65,development,loamy,7.99,0
48.21,20.76,65.22,0,development,sandy,0,1
94.1,20.71,64.29,4.65,late,sandy,7.49,0
95,18.3,56.38,3.57,late,sandy,8.42,0
46.63,26.87,36.47,2.03,mid_season,clay,9.89,0
59.6,19.06,33.36,3.44,mid_season,loamy,3.68,0
85.11,31.86,63.05,3.29,development,loamy,8.12,0
57.98,12.19,36.28,3.34,development,loamy,7.59,0
95,13.46,49.62,4.25,development,sandy,7.22,0
63.69,14.67,49.72,5.45,development,sandy,1.73,0
38.81,25.45,34.37,6.22,late,clay,19.46,0
81.17,28.88,62.46,4.24,late,sandy,1.1,0
47.05,29.45,70.33,3.37,development,sandy,11.95,0
63.96,26.11,52.56,2.86,initial,loamy,6.55,0
37.48,25.65,32.6,4.31,late,loamy,2.66,0
57.24,18.7,38.38,2.62,initial,loamy,3.69,0
55.69,19.6,78.47,2.78,development,clay,12.44,0
55.72,28.04,51.27,3.86,development,sandy,9.81,0
73.5,12.52,80.72,4.21,mid_season,clay,24.57,0
43.92,19.31,71.16,3.25,development,loamy,10.23,0
67.08,29.97,74.35,5.2,initial,loamy,10.82,0
46.34,21.6,38.6,0,mid_season,loamy,0,1
52.38,29.25,69.3,4.53,development,loamy,4.15,0
55.21,28.73,80.57,0,mid_season,loamy,0,0
41.57,19.76,72.93,5.61,development,loamy,11.93,0
47.53,22.92,60.77,5.38,development,loamy,1.78,0
67.45,22.67,77.81,4.42,development,loamy,5.92,0
67.71,27.32,63.72,2.4,mid_season,clay,21.26,0
67.49,13.77,79.94,4.72,mid_season,clay,15.91,0
83.59,21.67,54.71,5.57,mid_season,clay,13.4,0
49.23,17.05,64.82,2.65,initial,loamy,3.45,0
56.87,32.38,47.91,3.14,mid_season,clay,14.9,0
55.79,27.93,57.13,4.99,late,loamy,1.52,0
88.25,13.59,69.74,0,initial,loamy,0,0
85.05,32.99,57.32,3.02,initial,clay,5.0,0
79.37,23.92,47.74,4.56,mid_season,loamy,21.87,0
63.63,24.71,57.44,4.52,development,sandy,4.76,0
42.81,23.53,81.32,2.83,initial,loamy,19.21,0
53.85,32.22,44.94,2.08,mid_season,clay,12.12,0
70.79,23.82,59.45,3.24,late,sandy,6.69,0
41.13,23.2,57.09,4.27,initial,clay,2.27,0
44.77,22.58,74.8,3.75,mid_season,sandy,9.8,0
53.16,15.9,34.07,5.73,initial,loamy,3.82,0
34.26,18.72,69.38,3.78,late,clay,17.48,0
49.98,30.94,67.23,4.24,mid_season,clay,9.81,0
42.15,26.13,81.35,2.55,late,clay,21.18,0
66.16,28.1,50.86,3.34,development,loamy,18.64,0
60.38,24.33,65.51,4.07,mid_season,sandy,4.15,0
76.17,27.51,54.52,4.2,mid_season,clay,9.18,0
45.31,33.61,41.45,4.02,initial,sandy,5.2,0
53.6,26.89,58.93,4.61,late,clay,7.94,0
65.66,31.43,46.1,3.98,initial,clay,0.7,0
75.43,15.4,84.79,4.88,mid_season,clay,12.51,0
63.44,32.09,33.49,6.32,mid_season,clay,26.15,0
44.49,32.03,33.71,0,initial,clay,0,1
72.1,24.78,78.19,0,initial,sandy,0,0
87.61,25.63,46.17,2.37,late,clay,2.8,0
66.75,15.08,82.84,0,initial,loamy,0,0
71.75,18.04,47.45,0,initial,loamy,0,0
41.41,14.58,67.33,3.01,late,loamy,3.62,0
58.16,18.7,80.66,4.64,development,clay,15.75,0
12.21,24.99,50.05,3.83,late,sandy,8.8,0
58.58,23.99,30.51,3.18,development,clay,7.04,0
38.23,28.81,51.07,0,initial,loamy,0,1
66.36,28.08,47.09,3.82,late,loamy,1.41,0
66.68,28.93,61.34,3.03,initial,loamy,14.39,0
58.26,20.06,77.0,3.94,initial,loamy,5.62,0
54.62,20.38,79.08,0,late,sandy,0,1
68.78,21.0,41.23,5.34,initial,sandy,6.9,0
59.28,33.76,43.27,3.71,mid_season,sandy,15.64,0
35.32,19.75,58.75,5.1,mid_season,clay,17.55,0
29.58,17.11,56.48,5.34,late,clay,5.76,0
48.91,19.53,38.75,3.94,late,loamy,2.35,0
63.06,24.59,81.97,2.44,development,clay,8.38,0
94.2,32.91,34.94,4.58,development,loamy,1.59,0
48.48,14.74,75.53,3.54,late,clay,6.27,0
50.08,29.2,68.72,3.81,mid_season,sandy,11.67,0
75.53,15.59,75.77,4.2,initial,sandy,2.64,0
35.17,15.31,68.61,5.54,initial,sandy,21.27,0
30.75,32.91,77.59,0,initial,sandy,0,0
60.42,27.11,36.88,0,initial,sandy,0,0
61.36,16.51,67.14,4.93,mid_season,loamy,4.0,0
83.59,23.93,49.26,4.15,initial,sandy,7.15,0
35.8,22.69,37.63,0,initial,sandy,0,0
60.44,31.12,84.16,2.72,development,clay,0.97,0
60.17,29.14,34.35,3.92,late,clay,5.26,0
66.41,24.89,30.21,3.82,development,sandy,14.47,0
71.36,27.81,75.05,0,initial,sandy,0,0
75.0,19.97,62.45,4.22,initial,sandy,10.59,0
77.68,32.42,33.97,3.44,mid_season,clay,18.0,0
56.4,31.07,30.4,3.61,late,clay,11.1,0
75.35,33.34,72.39,0,development,sandy,0,0
40.8,17.6,70.72,4.7,mid_season,sandy,6.27,0
77.84,22.16,52.54,4.87,development,loamy,7.8,0
48.64,20.35,84.91,4.6,late,loamy,16.95,0
71.55,22.24,71.3,4.37,mid_season,clay,10.28,0
24.58,33.32,79.44,3.61,development,sandy,14.71,0
67.66,15.11,58.59,3.76,late,clay,5.8,0
60.71,16.5,79.54,5.1,development,loamy,8.29,0
45.6,16.82,59.08,3.33,development,clay,12.3,0
65.43,33.23,74.88,5.39,development,clay,11.9,0
43.31,26.61,61.58,5.06,development,sandy,12.0,0
90.19,20.41,59.03,4.1,initial,loamy,19.45,0
55.07,30.17,41.3,2.74,development,clay,12.21,0
69.87,20.91,85.0,5.38,late,clay,19.91,0
30.84,28.97,40.12,3.48,mid_season,loamy,7.87,0
27.81,24.74,70.14,5.22,mid_season,clay,9.76,0
53.93,21.24,54.17,0,mid_season,sandy,0,1
63.23,16.73,82.9,4.85,mid_season,loamy,9.1,0
62.52,20.1,65.63,4.64,mid_season,clay,14.16,0
79.29,27.0,44.59,0,initial,clay,0,0
66.46,33.31,53.69,3.96,initial,loamy,3.06,0
59.01,31.35,53.96,0,development,sandy,0,1
71.35,29.35,54.22,0,initial,sandy,0,0
65.96,18.63,51.99,3.28,development,clay,3.67,0
51.28,31.75,44.74,3.35,initial,loamy,5.72,0
47.87,31.37,47.12,2.23,mid_season,clay,4.54,0
59.7,13.75,75.63,0,initial,sandy,0,0
46.63,22.36,71.98,4.98,mid_season,clay,14.56,0
68.97,32.56,37.85,3.25,late,clay,16.39,0
70.76,28.19,52.23,3.69,development,loamy,2.5,0
53.65,20.18,78.7,4.6,mid_season,clay,11.89,0
60.23,24.29,55.68,3.57,development,clay,2.42,0
67.31,17.0,52.54,6.46,initial,clay,11.6,0
45.45,18.61,52.18,2.57,development,loamy,13.0,0
58.38,22.44,38.69,4.71,development,clay,14.09,0
65.69,24.42,34.33,3.82,initial,sandy,1.1,0
39.66,29.6,44.61,6.64,development,clay,10.7,0
23.79,28.44,77.65,3.38,initial,clay,4.54,0
52.95,23.81,61.87,1.87,late,clay,11.8,0
59.2,16.86,52.7,3.02,initial,clay,2.57,0
65.34,23.41,37.43,4.96,development,clay,8.81,0
49.14,29.38,36.49,4.16,development,sandy,19.78,0
42.81,24.17,50.46,3.37,late,loamy,16.23,0
66.11,24.34,44.28,4.12,initial,clay,0.48,0
57.9,30.38,32.46,3.61,late,clay,18.65,0
72.87,16.27,44.32,3.75,initial,sandy,3.71,0
64.69,29.47,48.7,6.18,mid_season,sandy,4.21,0
38.61,20.37,58.59,4.49,mid_season,loamy,13.39,0
37.73,12.94,47.77,3.87,late,sandy,7.82,0
54.37,15.06,60.08,3.65,mid_season,loamy,10.99,0
62.16,23.74,44.77,4.08,mid_season,sandy,11.37,0
71.28,18.47,56.79,5.28,initial,loamy,7.12,0
84.14,13.8,59.65,2.04,late,sandy,7.65,0
78.15,17.58,40.92,3.75,development,sandy,1.43,0
27.2,19.35,48.95,4.24,initial,sandy,4.31,0
66.05,30.76,33.4,3.88,development,clay,3.49,0
42.17,30.7,72.52,4.69,mid_season,clay,12.67,0
32.37,31.18,44.44,2.78,late,sandy,9.04,0
44.94,30.51,34.55,5.73,development,sandy,16.04,0
49.88,27.31,42.03,2.82,development,clay,5.82,0
55.07,29.77,47.81,5.21,late,clay,10.45,0
71.87,33.1,54.4,2.87,development,loamy,6.54,0
60.46,22.03,31.08,3.76,mid_season,sandy,17.41,0
93.43,26.23,37.23,0,initial,sandy,0,0
58.37,31.56,56.97,0,initial,clay,0,0
85.58,16.64,36.4,4.57,development,loamy,1.65,0
34.75,17.41,58.19,3.83,late,clay,15.33,0
20.5,17.78,47.97,2.81,initial,sandy,1.27,0
50.1,29.12,39.02,4.99,development,sandy,11.37,0
59.31,15.45,49.42,5.38,mid_season,loamy,12.54,0
48.04,30.12,81.58,3.52,mid_season,clay,8.95,0
46.1,26.43,79.08,4.84,mid_season,sandy,12.86,0
42.81,21.07,65.11,4.24,late,loamy,11.85,0
44.16,33.41,56.97,4.48,initial,sandy,6.05,0
95,23.86,38.71,4.69,mid_season,sandy,6.19,0
47.67,27.83,67.49,0,development,clay,0,0
26.19,24.77,42.47,3.42,mid_season,clay,1.28,0
50.97,25.93,40.95,2.29,mid_season,clay,12.03,0
57.13,19.62,54.26,3.84,development,loamy,9.87,0
89.75,27.53,84.96,3.1,mid_season,clay,16.87,0
54.08,30.83,69.44,0,initial,clay,0,0
48.02,29.18,39.05,3.12,late,sandy,10.72,0
56.92,13.6,58.29,3.95,mid_season,clay,14.92,0
72.2,22.8,64.07,3.22,development,clay,2.9,0
49.98,29.57,73.34,4.83,initial,sandy,6.89,0
69.5,20.83,31.57,3.72,late,clay,0.42,0
76.17,26.42,56.24,5.32,late,loamy,6.15,0
57.91,13.37,66.76,3.22,late,clay,4.93,0
65.29,31.41,35.62,1.48,development,clay,9.64,0
60.38,13.82,66.89,3.8,mid_season,loamy,13.87,0
56.48,31.3,73.84,3.99,late,loamy,18.69,0
76.93,13.8,54.92,4.68,late,loamy,6.95,0
45.46,24.29,65.58,5.12,development,clay,6.69,0
64.42,28.28,60.48,2.43,development,loamy,9.81,0
67.95,25.78,37.71,4.96,mid_season,clay,13.14,0
67.37,23.2,67.68,4.16,mid_season,loamy,1.8,0
81.81,17.86,51.21,4.32,development,loamy,8.58,0
47.41,27.68,43.33,0,initial,loamy,0,1
54.39,33.52,71.1,5.1,initial,sandy,4.53,0
87.42,19.43,63.78,4.87,development,clay,11.02,0
39.42,23.83,66.61,0,development,loamy,0,1
57.04,32.3,54.65,3.12,mid_season,loamy,7.36,0
73.14,33.98,74.85,0,initial,sandy,0,0
43.75,32.12,52.59,0,initial,sandy,0,1
50.94,17.47,40.45,3.41,initial,loamy,11.19,0
44.16,31.86,82.43,5.12,mid_season,sandy,19.08,0
64.36,28.59,75.73,2.86,initial,clay,1.62,0
49.69,22.71,55.1,5.33,development,loamy,7.38,0
36.7,17.73,37.76,4.92,late,sandy,6.15,0
36.59,22.35,43.12,4.16,initial,sandy,0.84,0
63.85,30.76,61.27,2.03,mid_season,sandy,16.04,0
36.15,18.5,59.25,3.47,mid_season,loamy,9.01,0
62.51,31.19,55.32,4.02,mid_season,clay,19.04,0
27.77,33.48,74.63,2.76,mid_season,loamy,0.41,0
83.66,29.55,80.8,0,late,sandy,0,0
40.39,30.75,46.36,2.48,late,loamy,6.02,0
55.79,32.18,54.13,5.31,initial,loamy,5.63,0
51.18,27.06,81.81,3.48,late,sandy,1.29,0
66.37,18.28,62.31,3.59,initial,sandy,13.31,0
65.21,16.61,47.24,3.68,initial,sandy,10.19,0
57.17,32.83,57.72,4.81,initial,loamy,1.29,0
59.9,17.25,76.68,0,initial,sandy,0,0
36.68,22.52,75.1,6.9,initial,loamy,1.55,0
42.48,27.42,50.84,4.75,development,clay,10.27,0
56.17,18.58,67.76,5.56,mid_season,loamy,13.27,0
53.24,22.82,83.18,4.76,development,sandy,10.05,0
51.01,33.03,42.42,2.44,development,clay,7.11,0
41.71,23.36,49.87,4.4,mid_season,loamy,17.76,0
56.1,31.21,47.95,5.02,development,loamy,6.99,0
46.77,28.65,37.7,4.87,mid_season,loamy,3.43,0
21.29,25.28,54.73,4.64,initial,loamy,10.33,0
32.41,21.88,44.23,3.08,initial,sandy,7.01,0
47.68,14.29,62.4,0,mid_season,sandy,0,1
92.88,15.12,73.55,0,initial,clay,0,0
36.89,15.77,63.13,3.63,late,sandy,10.72,0
53.55,19.05,82.64,3.09,initial,loamy,9.29,0
55.17,31.38,66.37,3.44,mid_season,sandy,6.7,0
75.41,29.97,35.17,2.44,late,sandy,12.46,0
75.01,23.85,30.04,5.73,initial,clay,14.64,0
54.17,23.36,83.26,3.39,late,loamy,3.34,0
45.34,13.46,61.13,3.72,initial,loamy,5.94,0
64.64,24.41,31.98,3.49,late,clay,12.96,0
31.73,13.49,67.52,0,development,sandy,0,1
45.59,30.27,41.63,3.19,initial,clay,8.69,0
71.53,22.72,43.22,0,development,sandy,0,0
64.41,26.93,35.67,0,initial,clay,0,0
41.71,29.85,53.63,4.54,mid_season,sandy,4.34,0
46.72,22.7,76.89,0,initial,sandy,0,0
51.58,19.06,30.12,6.36,initial,loamy,9.34,0
22.93,21.09,38.8,3.4,late,loamy,6.02,0
71.45,16.8,75.89,4.35,late,loamy,7.34,0
68.08,26.14,30.92,4.83,development,sandy,9.52,0
45.18,22.02,59.29,4.64,late,loamy,8.41,0
63.28,12.4,47.37,3.94,mid_season,loamy,20.47,0
49.47,31.39,80.59,4.9,late,loamy,7.24,0
94.31,14.16,49.31,4.62,late,loamy,23.87,0
61.48,32.35,32.89,4.6,initial,loamy,0.61,0
65.55,16.69,64.15,5.07,mid_season,sandy,13.43,0
58.69,24.85,46.85,2.51,development,loamy,5.61,0
63.96,31.79,51.91,3.09,development,clay,7.67,0
65.33,15.94,31.53,3.29,development,loamy,8.79,0
59.16,23.55,50.94,6.63,initial,clay,8.34,0
71.76,13.27,81.46,5.34,late,loamy,5.67,0
74.18,20.12,33.64,3.55,initial,sandy,12.58,0
24.59,12.81,44.49,2.76,initial,sandy,1.79,0
57.51,17.44,79.71,4.48,mid_season,clay,12.86,0
59.65,14.33,33.63,2.86,mid_season,loamy,12.61,0
54.77,17.68,63.2,3.83,development,sandy,1.56,0
68.86,13.45,41.69,0,mid_season,loamy,0,0
72.94,15.25,36.3,4.22,development,sandy,5.63,0
85.51,21.02,48.99,3.8,mid_season,clay,25.96,0
41.5,21.67,83.86,0,late,loamy,0,1
63.5,17.69,63.14,2.18,development,clay,13.68,0
59.05,33.94,57.17,1.92,initial,loamy,3.22,0
52.65,26.15,35.85,0,initial,sandy,0,1
40.56,32.32,74.26,1.62,mid_season,clay,21.7,0
47.97,19.62,69.32,0,initial,sandy,0,0
26.57,31.26,67.51,4.18,initial,loamy,9.96,0
60.53,30.87,68.8,2.52,initial,clay,9.04,0
79.76,24.34,64.31,5.76,late,sandy,15.34,0
67.98,32.89,32.68,4.78,mid_season,loamy,11.02,0
63.41,22.45,32.02,4.48,initial,clay,5.25,0
60.42,25.89,84.84,3.58,mid_season,sandy,10.18,0
48.89,13.36,43.73,4.32,initial,loamy,10.43,0
63.13,31.55,32.68,4.13,development,loamy,11.76,0
70.02,26.75,70.41,3.15,initial,clay,13.03,0
56.67,29.23,76.0,3.26,mid_season,clay,19.0,0
49.41,29.31,63.48,4.54,late,loamy,18.18,0
55.86,27.25,42.67,1.96,development,loamy,6.83,0
53.0,20.04,68.46,4.23,initial,loamy,17.78,0
53.62,21.05,81.13,4.59,development,clay,8.7,0
54.22,12.26,71.14,3.18,development,loamy,2.58,0
51.88,13.9,47.68,5.13,mid_season,loamy,14.87,0
52.27,33.27,65.54,5.29,mid_season,clay,13.03,0
89.33,17.7,59.37,4.56,initial,sandy,3.73,0
56.25,15.4,76.0,0,development,clay,0,0
46.88,23.07,57.06,3.91,late,loamy,3.61,0
54.98,19.06,55.14,4.87,late,loamy,7.43,0
75.51,17.54,50.37,5.76,development,clay,2.47,0
59.79,32.11,73.91,4.53,development,sandy,8.36,0
26.85,16.75,82.04,3.65,late,loamy,3.93,0
89.54,12.53,57.08,5.44,late,loamy,8.12,0
82.52,16.84,49.63,4.2,mid_season,clay,21.04,0
46.46,15.86,68.13,0,late,clay,0,0
33.92,22.74,83.81,0,initial,clay,0,0
37.34,14.07,59.62,3.88,initial,sandy,0.98,0
42.5,26.44,61.04,3.94,initial,sandy,3.89,0
29.65,22.97,60.82,4.72,development,loamy,6.96,0
39.87,18.94,51.04,5.61,mid_season,loamy,7.53,0
23.21,33.7,65.02,4.3,initial,clay,5.19,0
21.49,19.42,68.47,3.26,development,sandy,9.56,0
64.64,16.95,55.78,0,development,loamy,0,0
40.26,19.96,48.73,3.49,development,sandy,20.64,0
35.24,27.25,62.36,5.62,development,sandy,8.07,0
60.19,12.51,32.46,3.86,mid_season,loamy,5.09,0
54.27,25.38,69.42,6.26,development,sandy,9.04,0
80.21,21.53,83.91,2.97,mid_season,clay,19.47,0
67.53,14.52,74.64,3.65,late,sandy,1.43,0
26.87,32.26,32.23,4.03,initial,clay,9.87,0
53.57,29.25,71.08,4.15,initial,clay,14.65,0
43.23,13.6,73.27,2.84,late,clay,14.59,0
55.6,29.72,35.97,0,late,clay,0,0
71.95,23.19,39.7,2.84,late,clay,4.46,0
33.16,23.81,73.21,3.06,mid_season,clay,7.99,0
59.31,12.72,79.88,4.36,late,clay,8.42,0
63.34,27.47,41.6,0,late,clay,0,0
34.39,14.1,64.58,2.69,late,sandy,2.83,0
35.55,14.47,34.46,4.75,development,clay,4.72,0
45.61,24.73,59.94,4.77,development,loamy,7.14,0
57.34,19.28,66.11,4.19,late,clay,14.84,0
54.63,26.54,42.7,3.07,late,clay,10.75,0
29.24,25.12,30.29,2.43,mid_season,sandy,15.34,0
11.64,21.74,44.98,3.76,mid_season,sandy,9.88,0
60.26,22.86,65.65,4.97,initial,clay,10.42,0
5,17.05,35.54,6.02,development,loamy,16.9,0
60.69,24.66,54.26,3.6,mid_season,loamy,22.22,0
46.34,16.27,81.65,2.86,development,loamy,5.22,0
50.38,19.89,38.05,4.64,development,clay,13.33,0
78.5,22.2,34.9,3.81,development,sandy,5.86,0
43.3,33.47,83.34,3.75,development,loamy,8.48,0
16.17,15.33,61.77,3.76,late,loamy,15.64,0
48.05,26.39,83.72,3.96,late,sandy,2.25,0
66.34,22.44,34.89,2.34,late,loamy,10.45,0
55.87,28.42,52.56,0,development,sandy,0,1
42.27,15.75,53.37,0,initial,sandy,0,0
54.05,14.62,77.9,0,initial,loamy,0,0
28.83,29.39,60.46,0,initial,loamy,0,0
72.71,31.81,71.48,5.33,late,clay,15.58,0
13.84,23.5,74.27,1.36,mid_season,sandy,12.39,0
90.95,29.55,81.55,3.63,mid_season,loamy,21.96,0
61.97,19.23,73.19,5.84,mid_season,clay,15.73,0
29.58,32.97,53.9,5.18,initial,clay,4.99,0
51.22,22.14,77.41,6.19,development,loamy,9.58,0
80.33,18.61,84.44,3.14,mid_season,sandy,9.23,0
84.48,25.33,47.39,3.14,initial,clay,15.91,0
70.81,26.8,68.78,4.07,mid_season,sandy,2.28,0
76.56,22.31,72.16,5.2,mid_season,clay,11.51,0
51.81,17.17,80.24,4.61,initial,clay,8.46,0
84.07,20.86,42.18,5.42,initial,loamy,5.97,0
52.4,13.6,63.26,3.47,development,loamy,0.7,0
36.59,15.84,76.62,5.39,initial,clay,9.87,0
49.95,26.85,55.18,6.81,late,clay,15.73,0
40.28,18.78,43.01,0,development,sandy,0,1
55.7,33.95,37.79,3.17,late,clay,5.64,0
29.99,12.38,58.29,2.77,mid_season,clay,20.91,0
60.75,16.42,43.15,4.54,mid_season,sandy,6.3,0
43.35,30.93,68.55,3.74,mid_season,loamy,4.23,0
55.39,25.73,44.29,4.61,development,loamy,10.76,0
77.36,13.98,59.01,4.25,development,loamy,11.49,0
17.02,24.22,64.13,3.61,mid_season,clay,16.34,0
51.73,29.83,32.03,2.13,late,clay,15.17,0
66.84,21.34,45.99,1.82,initial,sandy,5.97,0
71.58,18.97,44.43,3.68,late,loamy,10.91,0
85.54,20.19,60.68,5.3,late,sandy,7.0,0
33.67,16.54,75.13,6.12,late,sandy,12.96,0
38.81,33.29,44.84,4.99,development,loamy,15.52,0
57.61,13.89,82.93,2.44,late,sandy,14.77,0
48.22,14.15,58.4,0,mid_season,sandy,0,1
59.6,33.75,56.98,2.71,development,sandy,1.74,0
53.38,21.97,72.17,4.49,late,clay,15.36,0
55.5,16.95,79.14,5.46,development,clay,10.45,0
77.85,31.76,38.99,5.47,development,clay,13.68,0
19.45,32.99,66.58,5.26,development,loamy,6.71,0
26.39,23.2,45.69,3.26,initial,loamy,12.52,0
68.66,31.7,71.41,5.55,mid_season,clay,28.93,0
38.09,22.21,79.16,0,late,sandy,0,1
41.03,27.05,37.7,5.12,mid_season,sandy,18.26,0
92.6,12.88,66.62,3.02,late,loamy,12.42,0
47.44,15.14,66.28,3.97,initial,loamy,14.65,0
51.29,17.28,65.97,5.45,mid_season,loamy,2.27,0
60.92,24.73,38.1,4.64,development,sandy,6.4,0
45.09,29.39,84.08,1.94,late,loamy,4.88,0
63.27,17.51,62.57,3.87,initial,clay,3.62,0
62.83,16.58,63.7,0,initial,loamy,0,0
52.47,24.07,49.17,3.53,mid_season,loamy,17.17,0
37.37,22.07,75.07,2.86,late,sandy,6.42,0
56.38,24.39,67.26,4.58,late,sandy,4.13,0
47.31,25.04,42.53,3.79,late,loamy,11.57,0
33.78,32.42,59.91,0,initial,sandy,0,1
42.45,15.55,39.87,2.45,mid_season,loamy,19.4,0
30.61,31.74,69.8,3.7,mid_season,loamy,9.39,0
47.62,30.08,57.63,2.68,late,sandy,2.07,0
82.88,32.91,50.28,6.08,development,clay,6.79,0
48.39,24.46,71.05,2.62,mid_season,sandy,4.99,0
19.64,31.12,81.88,5.02,mid_season,sandy,8.78,0
57.34,31.92,42.05,2.3,late,sandy,4.76,0
52.85,13.2,31.27,4.7,late,clay,9.09,0
50.82,13.94,60.58,4.61,initial,clay,20.6,0
32.97,21.74,32.89,4.67,late,clay,6.82,0
44.45,22.93,30.03,3.53,late,loamy,10.51,0
72.14,14.93,84.51,0,development,sandy,0,0
45.8,27.61,66.88,4.92,late,loamy,11.46,0
47.5,27.72,58.68,4.1,development,clay,10.48,0
54.91,14.65,40.15,3.28,late,sandy,4.09,0
66.51,22.76,81.76,0,initial,loamy,0,0
73.71,18.81,62.84,3.73,mid_season,sandy,12.84,0
53.96,17.19,41.1,3.5,late,sandy,1.7,0
23.56,18.32,72.65,4.74,mid_season,loamy,12.49,0
85.75,31.01,36.29,4.24,initial,loamy,4.77,0
54.75,17.0,82.85,3.66,late,loamy,3.63,0
60.01,22.71,51.59,0,late,clay,0,0
69.18,14.45,36.18,4.61,initial,loamy,0.28,0
49.48,25.03,83.98,0,initial,clay,0,0
46.9,19.45,84.54,4.44,initial,loamy,0.57,0
87.5,16.81,48.35,6.18,mid_season,loamy,7.25,0
50.52,29.79,40.14,5.07,mid_season,loamy,10.09,0
73.71,18.18,68.81,0,initial,clay,0,0
71.67,30.06,33.91,3.74,initial,clay,13.32,0
78.59,25.46,82.38,3.59,late,clay,6.01,0
25.96,17.71,45.58,4.35,initial,loamy,2.48,0
63.9,31.81,71.6,0,mid_season,loamy,0,0
40.44,29.71,79.78,2.21,late,loamy,4.43,0
59.38,27.86,72.47,6.46,mid_season,sandy,13.23,0
52.48,27.64,71.48,4.1,mid_season,loamy,13.7,0
57.67,33.86,44.2,2.67,mid_season,clay,16.58,0
30.77,30.76,60.98,3.47,development,sandy,12.29,0
49.14,15.32,65.66,3.24,mid_season,sandy,1.49,0
81.81,13.83,76.25,3.61,late,sandy,2.12,0
40.65,33.87,62.52,3.73,late,loamy,4.85,0
34.02,22.68,65.35,3.0,mid_season,clay,8.61,0
40.02,30.63,79.58,5.24,mid_season,loamy,6.12,0
69.05,16.04,64.65,4.22,late,loamy,15.59,0
63.6,25.13,44.73,0,initial,loamy,0,0
93.87,16.26,65.59,3.13,initial,clay,16.47,0
36.46,19.0,39.93,0,initial,loamy,0,0
76.25,25.2,78.3,5.21,development,clay,1.94,0
40.45,22.97,59.13,3.95,development,sandy,2.02,0
39.09,17.37,68.85,3.74,initial,clay,1.38,0
81.07,15.44,77.57,4.22,development,sandy,4.44,0
41.63,22.73,38.77,4.25,initial,clay,2.91,0
74.98,19.17,54.88,0,initial,loamy,0,0
54.89,13.26,41.66,0,initial,clay,0,0
60.98,32.7,34.2,4.47,initial,clay,7.97,0
49.42,18.57,40.96,3.16,initial,clay,1.65,0
66.19,26.22,68.72,2.7,mid_season,sandy,26.12,0
52.91,12.11,49.65,3.5,development,loamy,6.28,0
79.92,15.07,31.78,0,development,sandy,0,0
48.03,31.91,54.79,4.0,initial,clay,12.65,0
61.18,21.21,81.04,3.12,development,loamy,13.95,0
36.0,15.07,73.02,2.89,mid_season,sandy,13.77,0
60.84,21.2,38.64,0.66,initial,sandy,11.4,0
50.62,15.61,37.81,4.6,late,clay,16.38,0
92.94,13.42,35.84,0,development,sandy,0,0
58.92,19.69,76.31,5.6,mid_season,loamy,26.27,0
63.78,28.12,69.36,4.5,initial,clay,13.36,0
88.75,14.94,73.41,5.42,mid_season,loamy,11.08,0
35.47,29.47,70.11,3.27,mid_season,sandy,13.16,0
80.03,16.96,63.03,3.07,development,loamy,16.9,0
37.1,32.92,74.88,5.08,mid_season,sandy,11.06,0
23.74,26.08,53.13,3.65,mid_season,sandy,10.69,0
53.38,33.5,37.07,1.88,late,sandy,13.99,0
77.67,23.4,73.07,3.0,development,loamy,0.69,0
71.66,15.81,83.28,3.27,mid_season,clay,19.39,0
32.55,28.65,39.27,3.32,mid_season,sandy,2.07,0
39.22,26.13,39.36,5.43,mid_season,clay,15.02,0
50.37,23.99,82.27,5.61,initial,sandy,2.66,0
40.9,16.93,82.62,4.05,initial,clay,13.47,0
82.6,16.13,75.84,1.59,initial,loamy,8.61,0
65.7,22.38,46.26,3.72,mid_season,clay,23.14,0
13.76,14.88,36.73,2.7,development,sandy,6.41,0
83.76,16.07,51.77,4.12,mid_season,loamy,4.34,0
74.34,14.31,44.39,4.05,mid_season,clay,3.12,0
40.5,17.93,65.1,4.23,late,sandy,12.59,0
74.41,22.26,54.5,3.14,initial,clay,5.57,0
62.57,16.95,79.2,3.78,late,loamy,11.44,0
73.64,13.72,84.11,2.76,late,sandy,5.84,0
39.86,29.79,72.63,2.78,development,loamy,13.27,0
65.16,32.04,41.73,4.93,late,sandy,3.6,0
50.0,25.66,58.12,2.91,initial,sandy,6.85,0
61.62,20.68,51.68,0,late,clay,0,0
45.18,21.24,77.52,5.1,mid_season,sandy,7.33,0
71.81,19.54,40.56,4.48,development,clay,16.23,0
57.59,24.62,58.72,4.58,development,loamy,9.66,0
66.53,13.39,79.42,3.99,late,sandy,11.1,0
31.93,20.88,39.08,3.7,mid_season,sandy,9.41,0
79.65,19.76,35.75,2.88,development,clay,12.71,0
56.62,29.96,61.91,3.97,development,loamy,16.02,0
73.13,28.71,41.16,2.8,development,loamy,11.61,0
94.61,25.57,63.71,3.63,development,clay,9.98,0
65.58,22.53,63.12,3.84,development,clay,12.16,0
57.34,18.88,36.76,4.12,mid_season,clay,14.24,0
44.7,26.2,67.94,5.07,late,clay,7.92,0
43.99,29.74,76.66,4.32,late,loamy,8.46,0
32.81,20.34,41.98,5.06,mid_season,loamy,28.0,0
38.94,30.01,45.62,6.08,mid_season,loamy,11.99,0
53.77,20.34,74.39,6.04,development,sandy,2.07,0
27.69,23.14,42.0,0,initial,loamy,0,0
45.11,27.32,58.38,3.57,late,clay,11.04,0
64.74,18.43,44.63,1.62,late,sandy,0.47,0
74.58,13.63,63.06,3.05,development,sandy,2.29,0
40.08,33.36,75.06,5.01,initial,clay,0.33,0
66.15,24.06,57.18,3.68,mid_season,loamy,16.11,0
38.66,19.53,79.48,4.19,development,loamy,4.44,0
65.06,30.44,78.22,5.12,late,clay,4.58,0
19.48,15.75,40.19,4.15,initial,loamy,9.59,0
42.99,29.77,81.43,4.88,mid_season,loamy,23.26,0
36.03,30.38,80.13,4.04,mid_season,loamy,0.3,0
70.29,17.46,81.82,4.64,development,sandy,10.95,0
70.32,16.65,36.19,0,late,loamy,0,0
58.3,20.97,40.52,3.85,mid_season,clay,11.44,0
40.85,32.46,58.4,4.79,late,sandy,2.55,0
92.81,13.51,52.89,4.74,mid_season,loamy,8.03,0
80.63,19.42,73.48,4.77,initial,sandy,10.67,0
48.91,13.47,79.58,2.96,mid_season,loamy,15.02,0
15.59,32.97,81.36,4.31,initial,clay,8.57,0
57.53,27.0,33.66,3.29,late,loamy,15.12,0
20.91,27.13,36.65,5.15,development,sandy,8.41,0
74.26,12.66,32.42,6.1,initial,sandy,7.21,0
48.4,14.14,32.09,0,mid_season,clay,0,0
50.6,18.37,42.22,4.38,mid_season,sandy,2.3,0
37.85,30.82,45.97,4.34,late,sandy,4.48,0
31.82,33.07,81.79,0,initial,loamy,0,0
40.1,31.52,82.31,2.98,initial,loamy,8.49,0
45.68,26.51,76.43,2.87,development,loamy,15.9,0
57.05,27.12,82.7,3.32,development,clay,11.08,0
71.16,28.72,67.79,2.73,mid_season,clay,6.4,0
59.6,24.07,47.46,3.69,development,sandy,15.96,0
40.77,26.28,56.78,2.96,mid_season,clay,15.99,0
54.57,29.89,56.91,3.8,mid_season,clay,9.69,0
45.45,30.83,81.45,4.82,development,sandy,4.8,0
68.22,17.29,58.43,4.37,mid_season,loamy,16.6,0
50.27,12.11,72.34,3.83,initial,clay,0.69,0
39.44,19.59,56.36,3.67,mid_season,sandy,10.91,0
67.17,26.07,51.39,0,development,clay,0,0
29.82,14.5,64.31,3.42,late,sandy,8.94,0
60.89,25.9,45.91,5.08,development,clay,25.05,0
52.02,17.39,52.71,4.29,development,loamy,6.26,0
27.83,17.84,34.42,4.54,development,sandy,2.19,0
28.39,13.22,46.06,4.96,initial,clay,8.37,0
75.07,17.28,83.87,3.4,mid_season,clay,7.27,0
47.0,17.17,69.62,3.68,late,loamy,14.19,0
56.3,32.66,84.54,4.54,initial,sandy,5.92,0
63.87,15.53,57.89,3.59,mid_season,sandy,18.58,0
44.7,33.33,47.92,4.27,development,loamy,19.88,0
89.61,26.48,59.25,4.13,development,clay,1.79,0
87.69,22.74,81.2,4.41,late,clay,0.21,0
50.95,12.01,62.93,3.42,late,loamy,16.02,0
35.64,21.24,65.59,4.41,development,clay,13.02,0
31.42,31.38,68.88,0,initial,sandy,0,0
76.38,14.02,76.61,0,development,clay,0,0
79.97,17.64,60.79,5.21,initial,clay,4.57,0
42.14,16.8,59.2,3.66,initial,loamy,2.13,0
41.59,19.74,80.0,4.01,initial,clay,1.24,0
95,16.32,43.17,2.74,initial,sandy,8.6,0
55.04,32.59,79.53,3.44,mid_season,sandy,11.33,0
37.56,25.1,65.33,0,initial,clay,0,0
62.64,32.09,81.26,6.54,initial,loamy,6.06,0
36.31,30.91,58.16,2.28,initial,clay,2.95,0
35.38,29.83,62.96,2.96,mid_season,sandy,11.71,0
63.95,24.46,38.98,0,initial,clay,0,0
75.21,21.17,48.99,0,initial,loamy,0,0
57.37,16.37,59.52,5.93,mid_season,clay,7.49,0
31.55,22.29,41.52,4.5,mid_season,loamy,18.43,0
57.88,23.38,75.68,2.53,late,clay,11.85,0
70.6,21.51,51.8,6.17,development,sandy,9.92,0
73.86,16.43,56.99,3.48,mid_season,clay,13.35,0
51.9,16.46,56.38,3.89,mid_season,clay,12.55,0
43.62,31.39,81.2,4.81,development,sandy,10.8,0
31.02,27.29,67.43,3.78,development,clay,7.04,0
60.85,31.84,65.04,4.71,development,clay,10.97,0
50.92,20.57,57.09,2.62,late,sandy,15.57,0
72.04,31.34,30.92,2.73,initial,loamy,0.09,0
55.69,25.92,67.52,4.85,late,clay,10.68,0
68.9,20.86,43.59,2.55,initial,clay,4.34,0
51.72,14.96,40.63,0,mid_season,sandy,0,1
65.06,16.96,53.47,5.55,development,sandy,8.34,0
52.75,32.6,40.57,4.19,development,clay,8.4,0
71.26,32.11,75.3,4.66,mid_season,sandy,3.84,0
95,12.76,82.11,5.49,late,loamy,6.97,0
33.73,14.01,39.35,3.31,mid_season,sandy,19.91,0
41.03,14.94,68.66,0,development,sandy,0,1
39.8,12.82,56.05,2.75,initial,clay,2.09,0
52.74,33.39,56.01,4.33,mid_season,clay,18.25,0
24.71,26.49,35.54,3.75,late,clay,2.39,0
50.84,20.36,61.36,0,initial,sandy,0,0
62.01,18.83,33.47,5.06,late,clay,8.36,0
16.88,29.37,60.12,1.98,mid_season,loamy,3.39,0
48.77,33.54,34.45,6.15,initial,clay,6.12,0
64.12,30.8,53.03,5.53,mid_season,clay,14.15,0
26.48,28.51,74.17,5.63,mid_season,loamy,16.75,0
40.0,17.43,58.62,0,late,sandy,0,1
56.97,15.82,34.89,0,late,sandy,0,1
67.84,12.99,52.57,3.8,late,loamy,16.02,0
36.18,27.72,47.53,4.31,initial,clay,12.67,0
66.04,28.02,69.87,5.6,late,sandy,3.22,0
74.12,20.79,67.2,6.36,initial,clay,4.9,0
78.57,27.07,75.33,3.52,development,sandy,1.84,0
38.41,15.53,58.74,4.35,development,clay,8.27,0
55.8,32.86,33.28,0,initial,clay,0,0
58.31,19.43,35.73,4.02,initial,sandy,16.95,0
56.36,16.25,38.91,4.7,late,loamy,8.41,0
71.73,32.51,38.02,3.18,mid_season,loamy,11.21,0
64.6,30.59,75.28,5.41,late,clay,16.25,0
46.36,29.88,57.25,4.87,mid_season,clay,0.55,0
24.46,13.65,79.04,3.38,late,loamy,7.85,0
43.34,14.16,77.68,0,late,sandy,0,1
56.55,32.15,70.16,5.14,late,clay,1.36,0
39.53,30.79,66.58,5.95,development,sandy,5.93,0
75.05,18.17,48.92,5.22,late,clay,19.63,0
59.95,29.92,48.18,0,initial,loamy,0,0
48.02,21.71,44.04,3.93,initial,clay,9.71,0
51.79,29.99,42.83,3.67,mid_season,sandy,8.63,0
59.19,24.41,67.2,6.32,late,sandy,9.34,0
53.57,31.32,58.49,2.2,late,sandy,18.02,0
41.27,28.21,70.41,0,initial,sandy,0,0
76.89,24.87,63.31,4.61,late,sandy,5.64,0
30.55,13.5,58.45,0,initial,loamy,0,0
73.03,30.09,67.39,2.7,mid_season,loamy,19.84,0
75.11,28.87,58.74,4.84,mid_season,sandy,6.79,0
83.5,26.02,72.48,4.17,late,clay,22.15,0
56.65,28.67,67.83,0,initial,sandy,0,0
65.77,28.45,66.39,4.79,late,sandy,4.69,0
53.8,18.21,82.68,3.45,mid_season,sandy,12.21,0
41.27,22.17,61.21,4.27,initial,clay,7.57,0
54.33,28.19,36.41,2.33,initial,sandy,6.74,0
49.52,21.3,48.54,3.66,mid_season,loamy,19.1,0
27.16,13.49,52.03,0,mid_season,sandy,0,1
51.98,31.46,71.85,4.8,late,clay,20.23,0
60.51,32.76,53.41,4.21,mid_season,loamy,16.49,0
31.76,32.72,52.63,0,initial,loamy,0,1
54.95,25.72,40.76,4.79,initial,loamy,9.86,0
65.3,22.62,30.96,2.07,late,clay,9.36,0
76.95,31.07,47.33,0,initial,clay,0,0
60.88,18.04,44.07,5.13,development,sandy,11.58,0
28.07,14.28,70.82,2.44,development,loamy,7.34,0
68.16,28.08,70.76,6.32,initial,loamy,3.56,0
52.17,33.82,38.46,3.85,mid_season,clay,4.74,0
62.75,24.01,69.35,0,development,loamy,0,0
48.49,15.37,72.17,3.86,initial,clay,8.49,0
31.14,26.69,38.99,0,late,clay,0,1
42.42,15.68,64.03,3.25,late,loamy,15.73,0
45.15,21.8,37.29,3.44,mid_season,loamy,15.05,0
62.91,33.58,66.99,0,development,sandy,0,0
26.19,12.41,45.61,0,development,loamy,0,1
60.05,26.29,66.47,0,development,sandy,0,0
54.03,21.35,35.78,1.57,development,loamy,3.18,0
64.5,22.74,76.2,5.61,late,sandy,12.1,0
83.26,25.84,68.14,0,development,clay,0,0
59.08,29.79,39.62,3.88,late,clay,1.18,0
82.2,14.02,48.51,4.17,mid_season,loamy,6.32,0
23.29,16.07,82.14,3.36,initial,sandy,12.84,0
40.02,16.4,51.38,2.56,mid_season,loamy,5.38,0
87.07,18.92,55.65,4.46,late,sandy,17.89,0
74.12,31.35,56.25,3.55,mid_season,sandy,5.77,0
43.04,20.33,51.9,0,mid_season,sandy,0,1
43.96,20.69,71.01,4.04,development,loamy,20.19,0
27.72,18.35,31.93,3.18,development,loamy,3.38,0
62.42,21.75,43.65,0,mid_season,loamy,0,0
45.04,17.23,61.34,2.35,initial,clay,20.06,0
85.93,23.55,34.21,3.94,mid_season,clay,18.5,0
56.9,23.7,30.3,5.93,late,clay,18.19,0
81.98,24.29,53.58,3.88,late,sandy,4.6,0
34.42,28.08,67.45,2.74,mid_season,clay,1.48,0
38.8,13.05,74.45,6.38,development,sandy,5.24,0
58.05,20.64,40.24,4.68,development,clay,14.76,0
50.09,21.98,66.14,3.9,development,loamy,3.91,0
59.64,23.29,35.0,4.52,initial,loamy,9.0,0
43.28,13.08,83.29,3.58,development,sandy,0.37,0
74.95,29.79,42.42,4.87,initial,loamy,0.5,0
63.22,23.56,38.54,3.91,mid_season,sandy,5.39,0
95,22.71,30.16,5.37,development,sandy,7.08,0
30.02,30.26,80.28,5.26,initial,clay,10.09,0
68.07,14.35,65.97,2.88,late,loamy,13.2,0
47.91,18.77,55.42,5.0,development,loamy,13.28,0
70.42,17.65,58.2,5.33,development,sandy,7.2,0
41.27,26.38,73.09,3.17,development,loamy,4.31,0
32.99,14.3,39.53,5.72,mid_season,clay,9.18,0
95,20.07,58.83,4.56,development,loamy,16.01,0
33.68,19.94,50.93,3.69,mid_season,sandy,7.19,0
22.36,23.82,59.06,4.32,initial,sandy,6.54,0
79.3,32.41,33.31,4.21,late,clay,3.69,0
33.31,12.64,69.61,4.48,late,clay,12.61,0
50.51,24.67,58.21,4.21,development,sandy,5.92,0
40.71,32.41,50.64,0,initial,loamy,0,1
60.89,27.6,37.02,5.16,late,clay,10.38,0
74.52,18.74,48.83,3.84,mid_season,loamy,5.86,0
71.3,31.7,71.92,5.08,development,loamy,8.14,0
23.99,23.01,65.09,1.92,late,clay,12.74,0
52.19,28.76,84.03,4.39,mid_season,clay,6.54,0
80.6,13.83,32.74,3.78,mid_season,clay,16.98,0
45.85,15.86,76.35,0,initial,clay,0,0
42.54,20.87,70.99,2.26,late,sandy,7.15,0
91.39,22.37,45.0,3.55,mid_season,clay,11.32,0
46.99,30.92,53.08,2.42,initial,loamy,10.18,0
58.01,26.92,82.98,3.02,development,loamy,13.07,0
50.41,19.67,30.47,5.18,late,sandy,1.41,0
71.28,13.39,51.17,0,initial,sandy,0,0
70.45,18.41,79.24,0.78,late,sandy,9.48,0
50.1,12.23,68.61,2.48,development,clay,18.62,0
50.37,21.65,83.09,3.29,initial,clay,3.58,0
86.25,29.72,56.04,4.76,initial,loamy,9.9,0
39.36,27.15,35.55,4.65,initial,sandy,13.18,0
40.54,29.42,62.15,3.22,mid_season,loamy,17.35,0
28.19,16.55,44.76,4.79,late,clay,18.55,0
46.99,21.36,35.0,3.59,development,loamy,5.3,0
35.18,29.83,41.87,4.61,initial,clay,8.67,0
39.55,15.51,81.66,3.26,mid_season,clay,11.88,0
85.95,30.95,67.46,4.94,development,sandy,2.44,0
46.39,31.42,82.41,5.52,initial,clay,8.04,0
5,21.06,82.26,3.52,mid_season,clay,5.52,0
73.31,31.86,45.65,3.26,mid_season,sandy,11.25,0
31.69,29.29,67.03,0,initial,sandy,0,0
28.62,28.76,81.98,6.61,mid_season,clay,1.22,0
80.91,16.76,39.73,0,initial,sandy,0,0
19.57,29.37,43.35,0,initial,loamy,0,1
55.11,16.73,40.27,3.85,mid_season,clay,19.91,0
61.42,13.34,82.31,3.11,development,loamy,11.45,0
38.26,32.96,81.27,3.45,initial,loamy,17.73,0
48.29,18.12,30.48,3.75,initial,sandy,5.19,0
46.16,30.12,61.01,4.15,development,sandy,2.35,0
70.08,25.34,65.54,4.17,development,loamy,7.2,0
58.07,27.1,63.88,2.18,development,loamy,9.79,0
39.01,20.93,77.07,3.93,mid_season,loamy,21.39,0
66.83,18.36,30.21,0,initial,clay,0,0
74.96,19.8,32.65,4.35,initial,clay,3.61,0
64.35,30.39,79.56,2.82,development,sandy,2.55,0
31.27,20.78,61.6,2.55,late,clay,12.94,0
72.51,31.29,75.86,4.64,late,sandy,19.75,0
57.39,24.72,73.36,4.72,initial,clay,3.13,0
67.13,28.77,69.93,3.16,initial,loamy,6.76,0
55.53,25.27,84.22,4.03,mid_season,sandy,14.09,0
59.38,27.64,57.97,6.59,initial,loamy,7.72,0
45.04,17.83,64.78,3.91,initial,loamy,14.01,0
68.91,26.52,51.77,2.98,development,sandy,4.07,0
86.29,27.13,50.14,0,initial,sandy,0,0
44.94,12.29,83.11,5.89,mid_season,sandy,13.81,0
46.63,20.05,52.88,4.38,mid_season,clay,20.07,0
33.52,28.44,70.61,2.72,mid_season,loamy,3.75,0
29.74,33.51,55.3,4.46,initial,clay,8.5,0
63.19,23.95,63.0,5.67,initial,sandy,7.9,0
18.28,33.06,63.91,4.13,development,clay,9.96,0
92.23,32.79,70.06,3.41,late,sandy,9.65,0
54.83,12.46,57.22,4.57,late,loamy,21.38,0
54.38,24.99,47.4,4.1,development,loamy,11.11,0
93.53,32.79,60.19,4.57,mid_season,loamy,12.55,0
23.42,29.37,69.43,3.54,late,sandy,2.56,0
32.4,33.08,61.72,3.4,initial,loamy,9.4,0
50.5,23.18,64.87,0,mid_season,loamy,0,1
45.96,29.81,74.05,2.47,development,sandy,3.42,0
35.31,27.01,54.06,3.32,initial,sandy,16.06,0
64.35,33.37,56.68,4.32,late,clay,1.6,0
47.32,28.1,46.43,0,development,sandy,0,1
73.06,33.74,67.02,3.5,late,loamy,9.33,0
52.23,33.34,43.21,3.91,late,clay,8.08,0
45.98,12.47,75.56,3.35,late,loamy,7.66,0
65.24,33.82,39.6,4.7,mid_season,loamy,10.55,0
80.43,31.32,34.3,0,development,sandy,0,0
90.53,22.48,47.77,6.02,mid_season,loamy,7.31,0
57.95,24.57,78.08,4.05,late,clay,5.14,0
34.08,15.86,57.98,5.79,initial,loamy,12.18,0
67.98,29.84,62.02,4.14,initial,sandy,2.82,0
69.2,17.41,39.39,5.52,mid_season,clay,19.94,0
76.23,21.63,37.24,4.38,initial,clay,4.18,0
63.78,14.95,35.15,1.6,late,loamy,5.13,0
59.73,25.03,36.63,0,initial,sandy,0,0
77.82,29.36,60.19,2.71,initial,clay,6.27,0
39.22,15.54,70.01,4.24,mid_season,loamy,15.43,0
51.53,20.62,52.75,3.56,late,loamy,20.75,0
17.48,27.97,34.83,5.79,initial,clay,14.45,0
53.2,15.6,66.88,0,late,clay,0,0
65.41,20.01,57.84,2.39,initial,loamy,15.47,0
40.65,33.03,78.57,0,development,clay,0,1
40.75,20.17,58.62,3.13,development,loamy,12.36,0
51.92,19.56,81.82,0,initial,sandy,0,0
66.81,21.38,39.4,5.31,development,loamy,7.48,0
37.28,32.57,33.5,3.07,late,clay,5.85,0
58.89,16.23,82.19,0,initial,loamy,0,0
82.72,14.18,43.35,5.1,initial,sandy,6.74,0
58.13,16.37,78.11,0,initial,clay,0,0
50.31,23.1,84.02,4.46,mid_season,clay,12.21,0
79.65,17.08,66.98,0,initial,sandy,0,0
42.63,24.94,65.77,5.51,initial,clay,2.15,0
55.74,15.6,83.13,4.53,initial,loamy,14.46,0
48.95,17.46,49.8,2.85,late,loamy,4.01,0
52.25,21.31,78.09,4.15,initial,loamy,6.08,0
43.3,27.77,70.83,3.95,late,loamy,5.56,0
66.32,31.63,68.96,2.47,mid_season,sandy,3.79,0
53.01,31.29,45.58,2.21,development,loamy,1.8,0
56.01,12.43,63.68,5.35,initial,loamy,7.32,0
94.56,12.62,47.0,3.15,late,clay,12.07,0
44.55,13.04,49.12,0,mid_season,clay,0,1
21.78,14.34,60.96,2.13,mid_season,loamy,12.62,0
43.07,16.02,56.73,0,mid_season,loamy,0,1
80.33,23.03,43.52,4.77,mid_season,clay,15.44,0
47.93,16.46,76.23,0,late,clay,0,0
61.56,28.45,59.79,5.56,initial,clay,18.29,0
81.85,29.92,39.81,3.04,initial,clay,7.69,0
56.86,27.46,61.65,5.06,development,sandy,8.5,0
54.82,30.66,35.91,4.56,development,sandy,12.8,0
68.91,27.0,74.25,6.51,initial,loamy,4.3,0
72.74,32.54,73.78,1.36,mid_season,clay,22.2,0
32.69,22.43,78.74,3.45,late,clay,5.12,0
32.8,30.92,58.46,4.31,mid_season,sandy,4.86,0
56.78,13.97,78.49,2.41,mid_season,clay,18.91,0
43.91,29.2,79.49,5.88,development,sandy,13.32,0
63.8,33.76,47.05,4.67,mid_season,loamy,6.04,0
44.07,31.95,80.73,1.71,late,loamy,6.01,0
75.93,21.99,56.46,4.68,late,clay,16.25,0
71.21,12.36,76.99,2.33,late,loamy,7.79,0
78.83,14.64,60.61,3.53,mid_season,sandy,9.99,0
40.64,29.94,49.45,5.15,late,clay,6.3,0
74.68,27.66,75.61,5.35,mid_season,loamy,10.53,0
46.68,25.23,40.68,4.87,development,loamy,8.28,0
47.91,25.87,78.32,4.2,development,clay,15.86,0
21.02,15.44,57.1,4.23,initial,clay,7.68,0
67.83,28.19,78.25,3.03,late,loamy,13.13,0
60.35,17.02,66.48,2.29,initial,loamy,4.22,0
64.34,26.33,65.32,3.59,mid_season,loamy,1.89,0
66.49,13.98,52.74,5.45,mid_season,clay,8.11,0
45.25,31.63,56.39,5.82,initial,clay,0.56,0
36.31,32.08,39.33,3.33,mid_season,loamy,12.48,0
58.27,25.99,77.5,0,development,sandy,0,1
45.74,19.88,82.02,3.69,development,loamy,13.85,0
23.42,29.36,71.73,5.0,initial,sandy,2.73,0
57.96,24.97,73.11,5.29,development,loamy,13.78,0
56.57,24.48,68.01,4.2,development,loamy,0.96,0
86.47,24.31,56.13,2.69,late,loamy,12.38,0
48.64,14.64,64.96,2.27,initial,loamy,15.36,0
35.11,30.88,81.12,4.97,initial,loamy,6.46,0
75.69,23.05,35.11,4.84,development,sandy,14.31,0
29.1,23.75,39.5,4.19,late,sandy,7.89,0
45.72,15.13,41.04,3.92,mid_season,clay,6.18,0
71.25,30.36,58.6,5.58,development,clay,14.77,0
52.1,31.41,36.8,2.21,late,clay,10.1,0
42.9,24.62,32.55,0,initial,clay,0,1
53.91,22.93,47.23,0,development,loamy,0,0
35.12,30.05,55.69,5.15,mid_season,sandy,18.87,0
52.07,16.0,40.8,2.15,late,clay,6.62,0
44.08,24.39,83.53,3.55,development,clay,11.19,0
35.31,15.79,30.07,5.43,late,sandy,12.94,0
72.38,25.18,33.43,3.93,mid_season,clay,1.14,0
14.51,25.4,48.82,4.97,late,loamy,6.72,0
30.59,21.22,36.58,4.06,initial,loamy,9.88,0
80.1,29.18,34.73,6.68,late,clay,19.68,0
76.59,14.86,69.05,4.94,mid_season,clay,5.36,0
49.7,30.17,74.73,2.67,late,clay,6.83,0
66.74,30.7,71.83,3.34,mid_season,loamy,7.51,0
41.79,21.02,68.75,3.48,initial,loamy,12.73,0
39.49,15.61,72.86,0,initial,clay,0,0
51.93,25.63,65.11,0,late,loamy,0,1
75.38,30.75,44.43,4.83,late,clay,16.02,0
42.67,17.55,78.09,3.59,development,clay,16.09,0
5.54,31.01,40.95,5.42,mid_season,clay,16.43,0
34.74,21.63,49.37,4.0,development,clay,1.19,0
52.51,27.94,77.12,2.14,mid_season,sandy,8.48,0
59.11,21.9,60.42,3.09,mid_season,clay,7.12,0
75.66,27.09,68.66,3.05,development,sandy,10.4,0
33.51,18.78,65.71,5.04,development,loamy,0.39,0
45.0,12.01,65.91,4.03,development,loamy,2.88,0
72.27,15.88,56.3,4.91,development,sandy,4.22,0
54.45,12.01,30.7,5.03,late,sandy,10.88,0
37.8,18.99,39.85,4.98,initial,loamy,5.71,0
45.58,28.91,56.14,4.84,mid_season,sandy,7.71,0
95,21.96,58.97,3.93,late,loamy,2.33,0
29.66,22.6,64.45,0,mid_season,sandy,0,1
73.07,33.14,55.23,4.24,development,clay,3.03,0
42.95,12.95,43.94,3.78,late,loamy,8.41,0
34.53,16.88,51.89,2.38,mid_season,loamy,15.15,0
66.88,15.25,77.59,2.82,development,sandy,10.83,0
80.45,16.12,42.08,3.95,mid_season,loamy,9.12,0
51.96,22.75,54.92,2.76,development,loamy,8.79,0
47.24,12.97,68.24,4.38,development,sandy,16.43,0
51.57,16.41,55.94,0,initial,sandy,0,0
39.91,21.21,59.9,3.69,mid_season,sandy,10.23,0
44.87,27.55,38.69,3.28,mid_season,loamy,11.75,0
75.72,31.39,50.82,3.66,late,sandy,9.38,0
71.53,30.3,77.73,5.49,development,loamy,8.49,0
68.28,30.59,82.37,4.43,development,sandy,13.68,0
64.93,17.65,51.04,2.77,mid_season,sandy,9.06,0
64.49,27.06,43.79,3.26,mid_season,sandy,7.88,0
56.6,14.75,31.37,2.2,initial,sandy,17.05,0
62.39,14.8,54.94,3.44,late,loamy,5.56,0
45.66,20.49,60.84,0,late,clay,0,0
47.02,31.31,75.92,3.93,mid_season,sandy,13.72,0
69.86,18.0,45.23,3.48,mid_season,sandy,12.22,0
21.51,16.45,77.53,5.11,development,sandy,1.18,0
79.26,15.31,82.85,4.36,late,loamy,13.41,0
33.3,24.07,35.94,4.34,mid_season,clay,5.57,0
69.25,21.69,80.1,4.01,late,sandy,4.74,0
57.32,23.89,66.75,4.94,late,sandy,9.56,0
62.26,24.79,66.4,3.16,late,loamy,4.05,0
29.65,33.05,45.63,3.56,late,clay,6.98,0
42.67,13.74,50.97,0,development,loamy,0,1
85.58,23.66,31.59,4.87,late,clay,22.38,0
39.33,14.87,40.09,4.08,development,clay,9.75,0
38.03,29.13,39.73,3.67,development,clay,7.1,0
41.81,12.44,64.46,5.31,development,clay,14.02,0
27.08,31.16,60.64,4.1,mid_season,loamy,21.48,0
21.61,14.61,56.96,0,initial,loamy,0,0
68.95,22.0,44.12,3.32,initial,loamy,21.57,0
64.79,18.59,35.09,4.52,late,clay,5.53,0
49.54,19.17,71.89,3.76,mid_season,clay,20.62,0
25.6,17.1,42.68,3.3,mid_season,loamy,11.03,0
52.78,33.96,58.72,5.07,late,sandy,10.5,0
59.05,26.34,62.21,5.02,late,clay,7.63,0
41.4,21.68,56.36,4.48,late,loamy,12.39,0
43.87,12.48,35.42,4.26,initial,loamy,3.71,0
38.07,24.6,61.15,5.26,development,clay,1.18,0
87.77,27.09,41.17,3.51,initial,loamy,10.11,0
32.39,25.6,73.8,2.04,mid_season,sandy,7.53,0
61.01,29.68,59.03,1.71,mid_season,clay,18.38,0
56.97,31.42,78.93,2.98,initial,clay,0.7,0
10.88,20.18,47.29,4.13,mid_season,sandy,16.14,0
37.42,30.82,61.89,4.08,development,clay,1.22,0
84.37,20.83,65.3,5.0,late,clay,4.06,0
45.97,23.74,42.72,0,initial,sandy,0,0
59.95,31.08,43.81,3.85,initial,loamy,3.74,0
50.13,14.28,61.23,4.68,initial,loamy,10.43,0
61.19,13.24,66.39,3.27,mid_season,loamy,14.18,0
33.14,25.73,36.91,5.53,initial,clay,14.84,0
12.45,18.85,73.76,4.31,mid_season,sandy,15.77,0
55.27,22.35,74.19,6.38,initial,loamy,7.63,0
68.4,26.62,65.19,4.99,initial,loamy,4.5,0
95,25.94,41.52,4.28,late,loamy,16.43,0
73.12,31.71,67.52,0,initial,sandy,0,0
78.59,27.47,59.17,3.55,mid_season,sandy,19.34,0
82.33,22.0,49.74,5.5,mid_season,sandy,18.02,0
52.61,26.64,50.47,4.39,initial,clay,11.24,0
44.4,19.32,78.16,4.03,initial,clay,25.62,0
70.5,15.54,35.42,2.87,initial,sandy,11.84,0
44.96,28.87,79.8,3.52,mid_season,sandy,0.04,0
50.67,18.54,53.53,2.04,initial,loamy,18.15,0
77.05,26.59,47.99,4.71,mid_season,loamy,12.84,0
47.75,30.69,47.59,0,initial,sandy,0,1
55.47,24.16,67.63,2.66,mid_season,sandy,7.16,0
56.93,26.29,52.99,4.62,mid_season,sandy,9.83,0
70.24,27.79,65.23,3.35,initial,loamy,3.64,0
80.36,28.14,35.03,3.69,mid_season,sandy,10.21,0
61.47,26.79,47.41,4.15,initial,sandy,5.7,0
14.74,15.06,79.57,4.77,late,sandy,19.19,0
63.89,16.61,69.67,3.23,late,clay,12.74,0
25.16,16.56,69.9,5.39,mid_season,loamy,0.36,0
70.39,18.75,78.1,0,initial,clay,0,0
58.43,16.75,44.3,3.82,initial,clay,6.86,0
62.43,26.41,43.48,1.76,development,clay,12.47,0
52.36,29.87,30.84,4.15,development,clay,8.78,0
60.84,16.75,75.24,4.52,initial,sandy,2.83,0
57.92,33.57,75.85,4.81,mid_season,loamy,15.11,0
53.98,32.42,42.3,3.26,initial,clay,3.84,0
46.32,21.13,71.5,3.99,late,clay,15.38,0
84.18,12.93,77.93,3.82,initial,loamy,9.27,0
53.97,24.72,61.0,3.41,mid_season,sandy,3.55,0
52.34,18.16,42.19,3.71,late,loamy,2.43,0
53.94,24.01,34.85,4.24,late,loamy,5.88,0
48.55,25.93,81.78,3.9,mid_season,loamy,6.74,0
28.49,27.5,43.14,6.22,initial,loamy,3.97,0
51.75,26.44,50.38,3.75,mid_season,clay,12.1,0
42.45,30.49,84.81,1.99,initial,clay,17.16,0
61.61,15.62,49.54,1.45,initial,sandy,0.49,0
44.82,29.73,64.88,3.73,development,loamy,16.74,0
21.87,12.48,47.01,0,initial,clay,0,0
66.39,22.24,36.02,2.81,initial,loamy,14.36,0
11.43,30.29,50.04,3.78,late,clay,12.14,0
89.38,27.2,70.95,2.53,initial,loamy,5.72,0
23.86,15.89,72.04,3.78,late,clay,10.13,0
42.44,29.3,35.53,0,initial,sandy,0,1
54.36,26.87,59.27,5.9,development,clay,2.73,0
42.22,15.24,58.52,5.58,development,clay,8.57,0
31.68,22.5,38.5,3.08,mid_season,clay,6.36,0
52.87,23.26,54.64,0,late,clay,0,0
74.82,31.79,60.81,2.75,initial,clay,10.71,0
35.52,21.51,46.52,3.9,mid_season,loamy,15.1,0
61.47,33.86,49.35,5.37,mid_season,sandy,6.78,0
43.82,26.13,83.68,4.49,mid_season,sandy,15.25,0
60.42,12.37,45.31,2.92,development,sandy,2.06,0
42.63,33.01,35.57,3.48,development,loamy,7.41,0
68.66,22.31,45.64,2.79,late,loamy,8.6,0
35.03,23.66,67.93,3.12,mid_season,clay,14.67,0
48.83,19.15,31.05,3.67,mid_season,loamy,17.06,0
91.05,16.23,69.52,5.1,mid_season,clay,11.26,0
42.92,21.82,50.36,5.07,development,loamy,7.62,0
28.2,25.81,79.47,4.28,initial,sandy,8.0,0
72.68,31.23,43.72,4.68,development,loamy,17.52,0
43.27,18.73,81.1,2.25,initial,sandy,9.66,0
35.21,30.03,54.04,0,development,clay,0,1
85.42,25.24,56.81,6.79,late,sandy,7.58,0
38.4,24.03,32.44,3.55,late,sandy,13.16,0
72.81,13.86,51.85,2.26,mid_season,sandy,3.41,0
81.41,29.54,54.64,4.53,initial,loamy,9.62,0
52.73,33.63,47.47,4.5,development,loamy,13.63,0
70.7,33.15,58.14,4.37,late,clay,4.55,0
38.09,18.31,60.59,2.12,mid_season,loamy,15.87,0
65.59,17.68,42.88,2.58,late,clay,6.51,0
54.11,22.87,54.38,5.17,development,loamy,9.2,0
50.73,22.37,32.39,3.6,initial,loamy,13.09,0
74.44,17.78,68.84,0,late,loamy,0,0
64.58,14.26,73.48,5.17,late,sandy,0.31,0
17.46,29.01,56.81,4.17,mid_season,loamy,8.26,0
65.21,13.3,34.96,4.9,mid_season,sandy,4.13,0
54.13,26.69,74.43,3.0,late,clay,10.02,0
94.56,17.61,33.71,3.16,mid_season,sandy,15.64,0
95,28.59,77.51,5.52,mid_season,loamy,6.23,0
57.58,31.01,60.95,2.03,mid_season,loamy,3.51,0
9.17,18.89,76.03,2.62,development,loamy,4.3,0
69.6,13.45,47.65,5.89,late,loamy,2.06,0
90.92,31.39,36.5,4.32,development,clay,2.28,0
38.06,24.29,51.96,5.82,late,loamy,10.71,0
53.24,27.37,81.29,4.55,initial,sandy,16.35,0
56.04,18.66,34.48,4.74,initial,sandy,4.19,0
36.72,13.35,39.3,0,initial,sandy,0,0
12.32,21.94,44.63,3.72,initial,loamy,17.14,0
35.42,17.68,42.69,3.48,mid_season,loamy,9.19,0
57.62,22.23,30.41,0,development,clay,0,0
63.74,14.66,75.4,5.38,initial,loamy,22.08,0
50.2,27.13,60.88,3.4,late,clay,5.43,0
56.59,32.43,36.46,3.76,mid_season,sandy,6.95,0
70.9,12.75,34.7,4.08,late,loamy,11.64,0
52.7,29.71,61.34,4.05,initial,clay,14.02,0
20.14,26.16,73.91,2.69,initial,loamy,10.13,0
95,18.71,45.79,0,initial,clay,0,0
89.82,15.1,43.08,3.49,mid_season,loamy,10.51,0
5,14.24,57.19,5.3,initial,clay,5.61,0
31.9,12.08,36.57,4.35,late,sandy,6.59,0
58.13,28.71,31.78,6.22,mid_season,loamy,14.08,0
44.3,12.52,74.37,0,mid_season,sandy,0,1
55.6,23.76,38.19,0,development,sandy,0,1
67.7,29.25,38.01,3.73,mid_season,sandy,13.44,0
48.09,13.99,59.88,4.66,late,clay,4.59,0
60.45,19.62,35.44,0,development,loamy,0,0
43.29,33.77,72.92,4.0,mid_season,sandy,15.54,0
68.2,19.75,84.8,5.73,development,loamy,11.17,0
52.72,33.8,64.19,3.75,mid_season,clay,21.5,0
72.76,19.87,53.97,5.95,mid_season,clay,15.35,0
59.32,26.96,83.68,4.0,mid_season,clay,10.75,0
61.84,16.59,36.95,5.7,late,loamy,8.12,0
51.76,27.91,37.42,3.63,late,sandy,4.68,0
70.47,16.67,63.36,4.54,late,loamy,1.46,0
58.33,12.55,62.19,4.56,development,loamy,13.02,0
67.11,33.55,36.04,3.6,initial,loamy,7.84,0
52.26,22.68,68.21,5.53,mid_season,loamy,5.37,0
57.58,30.92,41.72,3.56,mid_season,loamy,3.66,0
46.79,14.46,64.17,4.06,late,sandy,0.4,0
35.48,14.37,65.39,3.97,initial,sandy,11.5,0
71.85,14.19,84.24,1.57,mid_season,loamy,21.05,0
27.26,30.69,69.45,4.47,mid_season,clay,4.47,0
38.44,19.07,34.04,4.25,mid_season,clay,6.84,0
54.73,17.84,60.78,0,development,clay,0,0
41.19,29.99,54.51,5.65,development,sandy,12.69,0
62.66,15.09,37.12,5.46,development,sandy,16.17,0
50.96,23.82,58.41,3.12,initial,loamy,7.74,0
63.84,29.82,70.38,3.21,development,sandy,5.41,0
34.78,31.6,57.08,3.62,mid_season,sandy,14.89,0
44.95,17.62,53.79,0,initial,sandy,0,0
53.56,13.48,40.87,0,mid_season,sandy,0,1
52.05,29.84,45.59,3.67,late,clay,8.99,0
53.88,15.71,72.49,4.81,late,loamy,12.68,0
53.38,28.48,80.35,3.9,initial,sandy,4.92,0
47.65,27.29,47.36,4.59,development,sandy,11.22,0
70.41,17.33,45.73,3.54,mid_season,sandy,3.92,0
73.11,12.17,46.36,1.78,initial,loamy,7.32,0
88.28,21.99,32.77,4.09,late,sandy,11.01,0
54.83,31.0,68.44,4.61,initial,clay,11.91,0
59.88,23.48,49.11,2.29,initial,clay,4.4,0
58.15,16.25,62.61,0,initial,loamy,0,0
39.06,23.77,34.01,3.92,initial,loamy,12.49,0
60.01,20.39,64.55,3.76,initial,sandy,6.36,0
9.42,17.28,40.72,4.2,mid_season,sandy,3.81,0
52.7,26.62,44.07,4.98,initial,loamy,4.56,0
22.34,15.87,78.12,4.76,late,clay,11.54,0
49.67,16.28,61.17,2.4,initial,clay,6.2,0
84.35,31.62,68.64,4.02,initial,sandy,6.79,0
35.18,24.25,82.09,3.03,development,loamy,15.99,0
60.18,24.48,34.21,4.61,late,loamy,7.04,0
27.25,27.8,46.57,4.44,late,sandy,7.53,0
50.6,30.89,50.54,3.99,late,clay,9.29,0
66.06,15.3,73.61,5.29,late,loamy,8.8,0
71.93,31.31,63.96,1.48,initial,loamy,11.28,0
60.74,32.81,71.31,4.66,development,sandy,8.81,0
48.4,13.62,42.99,5.08,initial,clay,5.27,0
41.31,12.14,82.95,3.52,initial,clay,12.11,0
22.92,33.0,33.26,5.42,initial,loamy,3.63,0
56.11,24.1,42.05,2.92,development,loamy,1.49,0
74.22,29.12,61.83,3.55,late,sandy,14.41,0
84.45,18.75,57.56,0,mid_season,clay,0,0
55.23,16.24,62.98,4.79,late,loamy,12.75,0
60.1,13.0,57.49,3.32,late,loamy,4.26,0
65.33,33.13,35.54,4.58,initial,clay,15.39,0
58.26,27.28,56.18,0,initial,clay,0,0
44.21,23.93,53.49,4.53,mid_season,loamy,0.96,0
41.49,25.24,77.48,3.3,late,loamy,3.79,0
42.12,25.56,42.03,3.47,development,sandy,2.0,0
55.16,30.38,33.4,2.41,late,sandy,7.72,0
75.09,16.07,71.36,3.53,development,sandy,5.63,0
66.22,12.73,66.71,2.46,mid_season,clay,9.08,0
52.95,28.84,40.81,3.91,development,loamy,20.84,0
49.88,19.11,31.47,4.14,initial,clay,15.04,0
71.54,15.11,36.4,4.32,initial,loamy,1.57,0
62.01,13.28,67.69,4.93,initial,clay,20.26,0
73.79,18.38,80.34,2.85,initial,clay,9.11,0
62.66,24.88,67.38,4.47,mid_season,clay,13.07,0
59.0,13.03,61.55,3.45,initial,loamy,7.68,0
43.68,22.31,30.84,3.68,mid_season,clay,8.06,0
82.33,28.77,41.89,4.54,late,clay,11.23,0
54.6,32.72,58.38,4.64,initial,sandy,6.67,0
54.65,31.72,52.1,0,late,sandy,0,1
74.07,26.61,59.47,4.99,late,loamy,5.07,0
66.17,24.97,48.02,5.14,initial,clay,9.37,0
35.06,33.41,61.47,3.12,initial,sandy,11.33,0
66.81,14.33,80.3,4.39,mid_season,sandy,24.6,0
40.13,30.05,44.93,5.92,late,clay,10.31,0
31.26,21.24,31.19,3.65,initial,loamy,5.45,0
44.27,22.27,73.2,2.63,initial,clay,7.56,0
81.19,29.76,65.81,3.85,initial,clay,3.16,0
55.5,31.05,39.83,3.1,late,sandy,12.91,0
80.81,30.89,35.08,5.29,late,sandy,4.31,0
37.37,15.46,83.64,4.48,development,loamy,3.47,0
63.65,12.2,48.02,4.27,initial,loamy,6.57,0
68.19,12.08,71.81,4.23,development,loamy,11.34,0
43.43,24.99,37.83,3.82,initial,sandy,0.43,0
42.51,23.13,84.65,3.03,late,sandy,5.36,0
56.02,13.39,34.11,4.53,late,clay,9.13,0
30.52,18.92,49.64,3.78,late,sandy,0.83,0
13.11,27.85,41.82,3.87,late,sandy,6.99,0
53.19,17.53,39.53,3.85,mid_season,clay,2.68,0
44.89,23.77,69.85,4.01,initial,sandy,5.18,0
60.16,33.31,53.17,0,late,loamy,0,0
46.76,21.37,31.43,1.74,mid_season,sandy,11.75,0
71.2,31.94,80.88,6.67,mid_season,loamy,10.62,0
56.0,29.14,45.79,4.58,late,loamy,6.85,0
52.09,21.56,53.51,3.71,late,clay,12.58,0
53.93,16.07,59.51,3.51,mid_season,sandy,14.25,0
48.6,26.13,51.46,4.31,late,clay,8.05,0
38.46,25.58,45.4,0,development,loamy,0,1
41.53,22.15,49.01,4.36,development,loamy,10.02,0
58.36,29.69,50.22,0,late,loamy,0,0
38.89,19.7,37.36,2.7,mid_season,clay,17.93,0
61.92,16.61,36.4,4.34,mid_season,clay,10.21,0
41.58,25.26,38.71,3.91,initial,sandy,0.48,0
47.82,20.94,58.88,3.85,mid_season,clay,14.34,0
73.07,31.62,61.39,4.34,mid_season,sandy,13.42,0
50.61,25.52,44.85,3.42,development,clay,5.24,0
55.47,16.97,34.04,4.14,initial,loamy,13.43,0
58.78,31.84,41.49,3.85,mid_season,clay,12.39,0
56.51,28.33,41.18,4.42,initial,loamy,4.55,0
53.1,20.7,43.99,4.51,initial,loamy,8.3,0
32.24,23.58,77.8,4.29,mid_season,sandy,21.41,0
58.36,15.27,79.7,2.78,development,sandy,4.83,0
68.47,17.05,70.06,3.57,late,clay,9.39,0
41.36,32.51,45.51,3.38,mid_season,sandy,11.88,0
27.55,28.74,45.64,2.84,mid_season,clay,1.91,0
66.19,20.18,76.46,2.75,mid_season,clay,0.75,0
41.19,15.53,35.82,1.82,late,loamy,11.58,0
50.59,29.21,76.83,4.75,initial,clay,13.21,0
37.34,23.5,34.91,5.91,development,clay,15.24,0
51.07,22.88,48.72,0,late,sandy,0,1
57.27,15.34,66.24,3.04,mid_season,sandy,0.58,0
40.35,32.04,34.27,4.3,initial,clay,11.55,0
62.27,28.4,81.47,3.9,initial,loamy,7.2,0
32.51,22.24,60.54,4.8,late,loamy,14.2,0
70.73,27.73,57.44,4.85,mid_season,sandy,12.75,0
51.98,17.37,76.98,2.59,late,sandy,4.51,0
65.53,14.67,32.92,3.09,late,loamy,13.87,0
38.61,28.46,76.02,4.28,mid_season,clay,22.94,0
47.41,15.04,57.35,0.93,mid_season,loamy,13.14,0
74.16,20.31,55.5,5.05,late,loamy,2.1,0
54.28,16.57,30.83,3.47,mid_season,loamy,11.43,0
93.38,30.13,37.56,2.64,initial,loamy,9.66,0
57.67,23.93,38.65,3.77,initial,sandy,2.74,0
51.26,23.1,75.21,3.88,mid_season,clay,9.41,0
60.07,21.44,72.8,3.56,development,loamy,5.98,0
43.68,30.62,38.79,5.26,mid_season,clay,20.7,0
55.59,19.9,30.31,2.92,late,sandy,10.82,0
43.39,21.41,64.47,3.52,development,loamy,0.39,0
52.96,17.87,70.58,1.88,initial,sandy,2.94,0
52.26,32.08,61.84,5.04,development,clay,17.38,0
30.09,16.62,30.82,2.46,mid_season,loamy,12.47,0
76.6,25.83,81.35,3.43,late,sandy,7.32,0
25.77,24.81,39.21,0,late,loamy,0,1
41.73,22.68,65.83,5.69,late,loamy,10.77,0
74.82,30.71,48.83,3.49,development,clay,15.85,0
34.68,17.38,65.07,4.18,development,loamy,10.45,0
56.85,33.02,54.65,2.82,mid_season,loamy,7.61,0
51.62,23.94,42.95,0,development,loamy,0,1
66.61,14.49,40.15,3.04,mid_season,clay,15.72,0
41.01,30.19,72.4,3.45,mid_season,loamy,0.39,0
75.23,21.39,35.24,2.67,development,clay,20.55,0
36.14,14.19,67.67,4.66,initial,clay,3.84,0
64.37,33.88,71.32,4.15,mid_season,sandy,18.64,0
39.43,23.64,36.06,3.0,initial,clay,11.03,0
48.37,26.79,53.65,2.38,late,loamy,10.03,0
60.49,18.77,50.81,5.06,development,clay,13.76,0
79.42,20.26,51.66,0,mid_season,loamy,0,0
43.48,23.87,61.82,2.67,mid_season,loamy,18.29,0
53.94,20.61,57.11,4.62,late,loamy,1.15,0
57.1,25.06,61.9,4.24,development,sandy,2.21,0
27.17,19.44,33.26,3.76,initial,sandy,2.74,0
47.97,18.43,56.21,5.37,development,sandy,14.03,0
84.59,15.85,78.77,4.15,development,sandy,18.65,0
42.97,25.68,33.34,0,initial,loamy,0,1
57.8,24.11,41.22,2.99,development,clay,5.36,0
60.76,24.6,74.44,3.52,initial,loamy,1.44,0
58.12,14.72,61.7,0,late,loamy,0,0
64.43,16.46,30.08,0,late,sandy,0,0
52.39,30.88,65.18,3.07,initial,clay,17.63,0
32.88,27.66,60.94,0,development,sandy,0,1
42.77,25.26,30.46,4.05,mid_season,clay,3.17,0
52.25,15.0,49.79,3.72,late,clay,14.9,0
48.49,17.24,43.32,5.41,mid_season,loamy,6.56,0
67.77,33.63,69.38,0,late,clay,0,0
67.21,33.06,60.67,3.85,development,sandy,1.07,0
74.8,19.58,39.08,2.9,development,clay,10.92,0
61.98,22.86,49.28,5.77,initial,sandy,6.14,0
56.78,20.84,61.57,3.94,mid_season,sandy,13.42,0
71.99,14.91,42.99,0,development,clay,0,0
79.36,26.97,60.44,3.13,late,sandy,0.77,0
27.38,28.46,45.44,3.79,development,clay,8.56,0
38.74,22.68,58.27,4.88,late,sandy,13.65,0
66.11,14.08,45.8,3.39,late,loamy,5.2,0
64.61,32.37,41.25,0,development,loamy,0,0
41.31,22.58,72.42,3.85,late,loamy,11.55,0
45.71,28.88,65.24,0,initial,sandy,0,0
66.38,24.01,49.75,4.92,late,clay,15.36,0
69.46,17.42,82.93,2.14,development,sandy,0.95,0
33.75,19.23,69.91,4.48,development,loamy,1.2,0
75.65,21.32,43.48,3.15,late,loamy,18.41,0
74.66,19.68,84.81,4.68,development,loamy,6.73,0
53.11,25.29,62.86,0,initial,sandy,0,0
48.9,19.39,78.97,3.7,late,clay,3.31,0
41.01,27.89,55.76,4.53,development,sandy,1.4,0
27.47,19.59,64.0,2.93,initial,sandy,2.69,0
53.72,32.52,42.49,3.14,late,sandy,4.12,0
38.07,31.41,60.48,3.5,late,loamy,8.74,0
26.88,15.26,41.99,3.47,initial,clay,1.15,0
45.28,21.6,43.18,4.02,late,loamy,21.77,0
49.71,13.66,83.58,4.53,development,clay,8.94,0
51.45,25.35,65.04,3.99,development,loamy,15.07,0
87.64,25.08,66.05,3.47,late,clay,14.69,0
57.77,31.42,41.19,4.64,mid_season,sandy,10.37,0
70.84,21.81,36.46,4.5,late,loamy,5.29,0
41.95,24.48,61.26,3.63,late,loamy,1.54,0
30.76,13.74,65.04,4.08,mid_season,clay,9.55,0
47.63,30.7,74.58,4.67,mid_season,clay,19.32,0
87.85,31.44,82.59,0,mid_season,sandy,0,0
36.78,33.62,47.13,3.18,development,loamy,8.89,0
44.61,32.83,56.94,3.0,mid_season,sandy,17.45,0
50.27,17.59,84.6,0,late,loamy,0,1
63.07,13.2,59.63,4.0,development,clay,12.93,0
55.53,13.67,54.64,4.39,late,sandy,14.58,0
58.86,25.73,38.71,4.21,initial,loamy,3.98,0
66.28,30.68,77.77,5.38,late,clay,16.16,0
30.12,33.27,50.34,5.25,development,clay,3.85,0
46.6,15.65,38.27,3.47,initial,sandy,0.85,0
82.03,24.85,58.13,2.79,late,loamy,8.75,0
57.66,22.44,34.12,0,initial,clay,0,0
86.42,14.58,36.47,6.3,development,loamy,16.19,0
70.14,17.79,65.72,4.4,late,loamy,14.51,0
67.94,20.64,80.69,4.66,mid_season,clay,4.79,0
53.1,12.15,32.82,4.17,initial,clay,7.87,0
54.37,27.15,81.67,0,initial,clay,0,0
93.3,31.98,58.25,1.18,development,clay,2.31,0
46.58,24.44,57.34,4.91,development,clay,8.74,0
63.78,15.17,59.02,3.71,development,loamy,13.73,0
78.62,23.14,70.77,4.32,mid_season,loamy,12.05,0
20.66,32.14,59.57,3.9,late,sandy,12.91,0
51.45,28.76,75.9,5.01,late,clay,16.24,0
90.0,24.22,72.65,4.83,initial,sandy,0.1,0
45.39,30.11,69.0,2.95,initial,clay,4.56,0
14.74,22.84,82.94,4.28,development,sandy,6.39,0
53.85,17.12,44.02,3.39,initial,sandy,17.33,0
78.4,24.29,53.56,2.98,mid_season,clay,11.14,0
45.54,26.09,34.67,3.38,mid_season,sandy,7.39,0
91.62,33.57,80.42,3.7,late,loamy,15.83,0
47.98,27.55,40.07,1.59,late,loamy,6.98,0
67.81,22.3,78.05,4.38,mid_season,sandy,7.31,0
68.83,19.26,82.44,0.99,mid_season,clay,6.12,0
47.12,33.75,64.27,3.03,mid_season,sandy,7.0,0
40.64,29.22,40.64,3.86,initial,clay,1.85,0
89.93,33.52,30.57,4.21,mid_season,clay,7.85,0
64.51,33.27,45.69,4.0,late,clay,10.56,0
14.45,16.74,76.25,2.06,mid_season,sandy,12.81,0
38.49,16.12,62.91,5.92,development,loamy,8.34,0
67.91,24.66,80.25,3.52,development,clay,16.77,0
66.53,16.95,50.18,3.63,initial,clay,7.05,0
41.78,23.09,65.39,3.46,initial,clay,7.67,0
66.98,15.15,33.26,4.35,development,sandy,20.0,0
76.59,24.71,65.56,0,initial,sandy,0,0
46.62,19.41,42.63,0,initial,clay,0,0
58.95,12.63,84.36,2.76,late,sandy,4.86,0
32.81,13.82,52.24,2.84,mid_season,loamy,5.35,0
60.27,14.43,75.46,4.41,late,clay,6.88,0
50.53,14.31,65.0,2.71,development,loamy,5.69,0
64.58,31.92,64.1,3.28,mid_season,loamy,8.79,0
65.66,22.67,33.46,3.91,late,sandy,10.72,0
47.92,22.03,34.18,4.25,late,clay,5.53,0
62.95,24.27,55.18,4.92,late,clay,12.68,0
56.45,24.84,68.47,3.05,initial,loamy,15.47,0
41.56,32.83,40.89,4.15,late,clay,15.56,0
69.25,19.25,58.02,3.39,development,sandy,2.82,0
56.3,13.54,72.37,6.42,initial,loamy,6.58,0
30.91,29.01,71.57,3.53,mid_season,clay,10.21,0
47.24,16.68,79.45,4.58,late,loamy,14.41,0
52.33,16.96,39.2,4.33,late,sandy,12.52,0
49.13,33.28,73.53,4.97,development,sandy,7.3,0
43.35,29.77,76.01,2.09,initial,sandy,9.34,0
5,29.65,51.25,4.44,development,loamy,5.65,0
68.47,21.17,53.63,2.76,development,clay,14.67,0
62.05,15.73,83.2,0,initial,sandy,0,0
29.68,23.26,49.29,4.14,late,sandy,1.73,0
46.98,21.31,84.31,2.94,late,loamy,11.65,0
67.72,33.19,40.31,4.89,late,clay,19.34,0
26.27,18.66,46.22,4.83,late,clay,5.34,0
31.03,23.51,75.85,5.62,development,loamy,8.2,0
40.71,33.63,65.89,3.55,development,clay,11.81,0
87.49,15.71,68.84,3.88,development,sandy,0.36,0
75.72,33.54,55.13,4.25,mid_season,loamy,8.65,0
59.62,13.44,68.76,4.2,late,sandy,1.88,0
51.46,19.58,41.62,2.66,development,sandy,7.03,0
56.24,18.1,35.56,0.73,mid_season,sandy,0.21,0
52.97,28.35,36.76,4.9,initial,sandy,7.15,0
50.05,12.06,84.35,6.05,initial,loamy,2.29,0
86.95,16.88,78.89,3.73,late,sandy,11.27,0
30.48,12.58,74.84,4.38,mid_season,sandy,10.19,0
43.53,26.19,81.28,3.32,late,loamy,11.8,0
41.78,21.78,81.64,2.41,mid_season,clay,22.13,0
58.7,18.33,38.15,4.07,initial,clay,10.6,0
63.75,25.76,32.13,6.11,mid_season,loamy,10.81,0
74.67,32.63,41.38,4.81,late,sandy,4.48,0
65.13,29.92,71.27,5.41,late,loamy,14.42,0
62.63,20.02,78.45,1.9,late,clay,16.52,0
52.64,27.64,53.86,3.08,initial,loamy,13.32,0
68.29,26.91,67.95,5.09,initial,loamy,0.62,0
48.1,14.68,75.81,5.83,initial,sandy,5.76,0
77.68,15.97,74.92,4.27,mid_season,clay,1.65,0
43.34,21.38,60.53,4.26,development,sandy,1.05,0
65.9,32.7,51.42,4.97,mid_season,clay,13.01,0
70.64,13.52,58.81,3.92,development,sandy,2.12,0
59.85,12.16,63.85,3.64,mid_season,clay,12.15,0
62.37,24.44,59.0,0,late,sandy,0,0
76.81,18.29,71.09,2.41,late,loamy,6.25,0
35.73,31.52,77.72,0,initial,loamy,0,0
62.53,25.87,84.54,2.11,development,sandy,7.1,0
60.89,25.03,54.24,0,development,loamy,0,0
53.76,14.25,60.05,5.04,late,loamy,2.64,0
68.76,17.4,62.62,3.95,late,sandy,1.4,0
43.75,27.7,77.26,3.79,late,loamy,15.55,0
41.66,16.0,31.43,3.66,initial,loamy,10.96,0
72.45,33.32,53.93,4.79,mid_season,sandy,19.64,0
73.8,28.83,50.62,0,mid_season,clay,0,0
56.5,25.17,36.74,2.54,development,loamy,13.46,0
85.06,28.08,70.03,2.02,initial,clay,4.71,0
35.09,21.52,56.62,4.14,initial,loamy,18.9,0
46.09,32.78,44.54,2.49,late,loamy,1.2,0
85.22,21.8,76.73,2.13,initial,clay,12.47,0
81.14,20.98,61.86,4.81,late,loamy,10.27,0
55.06,22.87,51.25,5.19,mid_season,sandy,7.41,0
39.68,23.63,50.8,4.28,mid_season,loamy,14.3,0
74.08,23.95,80.63,4.32,late,loamy,11.89,0
37.68,15.77,83.97,1.9,late,sandy,7.7,0
62.9,28.21,39.81,3.24,late,sandy,3.08,0
46.8,16.33,47.55,0,initial,loamy,0,0
35.23,29.86,76.75,5.09,development,clay,17.89,0
44.22,31.32,37.62,4.19,mid_season,clay,24.7,0
13.96,29.36,55.64,4.13,late,clay,16.07,0
35.61,12.94,66.0,0,initial,loamy,0,0
87.57,24.94,74.62,3.93,mid_season,sandy,13.29,0
78.53,30.81,72.08,2.12,late,sandy,12.78,0
61.58,17.22,57.23,3.25,initial,clay,5.38,0
95,17.92,52.76,3.81,initial,loamy,10.62,0
54.07,21.11,77.83,3.42,development,loamy,2.75,0
56.65,33.76,45.84,6.17,late,sandy,12.2,0
65.82,19.18,48.51,4.64,development,clay,14.22,0
81.67,23.43,74.99,0,development,clay,0,0
39.62,16.99,48.34,4.1,mid_season,loamy,8.98,0
28.17,25.24,72.04,0,mid_season,sandy,0,1
40.36,19.59,52.32,4.66,development,loamy,1.98,0
80.51,27.12,55.21,4.27,late,sandy,9.07,0
70.01,13.17,38.51,3.39,mid_season,loamy,16.16,0
52.76,18.83,64.13,0,initial,sandy,0,0
58.14,27.71,67.18,4.41,mid_season,loamy,9.91,0
90.75,25.96,64.93,7.4,development,loamy,3.56,0
58.59,16.51,69.97,5.94,mid_season,sandy,11.69,0
59.34,26.56,50.05,3.81,late,clay,20.45,0
32.99,25.14,37.23,3.66,development,clay,22.16,0
39.63,29.38,63.82,0,development,sandy,0,1
52.41,21.94,83.72,2.61,mid_season,clay,17.57,0
61.39,30.31,59.59,6.95,late,sandy,8.6,0
47.52,31.34,37.22,0,initial,loamy,0,1
21.65,23.42,30.54,3.39,mid_season,clay,0.8,0
46.54,22.37,30.38,3.2,initial,clay,7.32,0
68.39,23.26,57.08,3.91,mid_season,sandy,3.39,0
50.49,25.88,44.68,3.39,late,clay,2.73,0
89.48,20.88,31.53,0,mid_season,sandy,0,0
70.12,23.83,51.73,2.73,mid_season,sandy,6.19,0
77.45,31.8,75.19,4.99,late,sandy,14.35,0
72.47,26.09,54.54,3.1,mid_season,sandy,12.16,0
58.66,25.92,45.08,3.27,late,sandy,18.09,0
55.73,20.32,46.57,3.35,late,clay,9.24,0
51.25,29.33,69.5,3.84,initial,sandy,1.66,0
45.85,28.24,46.31,4.64,late,clay,9.42,0
50.39,24.92,64.94,0,initial,clay,0,0
52.59,32.42,31.03,4.41,initial,clay,10.91,0
39.77,33.68,31.05,1.47,mid_season,loamy,7.57,0
53.7,22.54,41.66,2.79,late,loamy,8.0,0
28.12,28.52,41.46,4.74,late,clay,1.49,0
61.23,32.6,36.89,2.54,development,clay,11.12,0
72.31,27.93,48.9,3.13,mid_season,clay,15.66,0
54.3,25.72,82.06,5.81,mid_season,sandy,1.58,0
39.47,28.29,52.03,3.41,initial,loamy,17.2,0
61.28,19.57,38.91,2.53,initial,loamy,8.67,0
91.3,28.36,55.02,5.22,initial,clay,2.84,0
73.38,19.39,78.4,3.2,late,sandy,3.37,0
58.74,26.18,40.16,5.3,initial,clay,0.29,0
40.17,14.72,73.48,3.26,initial,loamy,3.12,0
61.59,20.37,30.35,4.91,development,sandy,21.63,0
57.24,14.41,55.44,3.43,mid_season,loamy,11.35,0
43.44,25.41,39.9,4.0,mid_season,loamy,13.57,0
66.81,14.2,44.36,3.71,initial,sandy,3.57,0
55.92,19.15,48.05,4.91,late,clay,11.84,0
53.09,28.88,74.19,4.67,mid_season,sandy,19.65,0
49.18,17.47,67.69,3.74,development,clay,9.9,0
95,18.02,55.43,5.04,mid_season,sandy,12.53,0
76.4,32.2,57.51,0,late,sandy,0,0
35.92,32.81,50.48,0,development,loamy,0,1
51.72,27.87,84.86,0,late,sandy,0,1
38.41,23.59,56.07,0,mid_season,sandy,0,1
78.47,16.86,78.8,0,development,clay,0,0
64.5,30.79,31.69,3.19,mid_season,clay,15.71,0
79.53,23.32,41.45,5.7,development,loamy,15.57,0
8.6,13.28,64.79,0,mid_season,sandy,0,1
30.82,15.87,72.37,3.31,development,sandy,4.79,0
86.34,20.91,31.48,4.46,mid_season,clay,12.66,0
61.78,21.59,62.83,4.45,development,sandy,2.94,0
68.72,21.23,33.64,6.0,initial,clay,4.26,0
76.65,27.48,35.21,0,late,clay,0,0
55.89,32.72,53.88,4.88,mid_season,sandy,8.7,0
35.69,28.49,58.31,4.39,development,clay,19.89,0
76.1,15.35,52.55,0,initial,loamy,0,0
40.75,13.58,82.48,0,initial,clay,0,0
60.23,14.01,78.69,5.12,mid_season,loamy,1.92,0
74.66,15.4,71.09,0,initial,loamy,0,0
69.53,33.7,55.83,0,development,loamy,0,0
46.24,32.53,77.33,2.03,late,clay,5.67,0
55.92,33.24,58.8,4.79,mid_season,sandy,23.85,0
94.85,31.02,34.8,3.84,mid_season,loamy,8.8,0
49.65,33.93,79.33,2.85,initial,clay,10.66,0
56.35,32.86,46.03,4.54,late,loamy,4.1,0
41.65,16.58,84.86,3.27,initial,loamy,12.24,0
49.5,25.6,45.72,0,initial,sandy,0,0
32.13,23.08,65.14,0,development,loamy,0,1
42.99,26.1,46.66,2.05,mid_season,sandy,12.26,0
43.86,26.11,65.25,3.41,initial,loamy,5.27,0
67.73,16.23,73.44,2.51,mid_season,sandy,11.53,0
60.88,12.25,38.5,3.64,initial,clay,14.99,0
38.15,15.32,58.35,0,mid_season,loamy,0,1
36.37,17.96,84.12,3.86,mid_season,clay,22.53,0
32.73,19.55,49.73,3.41,late,clay,10.96,0
27.0,20.65,30.55,0,initial,loamy,0,0
74.48,22.35,54.03,4.01,late,loamy,16.86,0
35.46,17.93,39.45,5.26,development,sandy,9.63,0
84.69,12.6,51.14,6.87,development,clay,12.73,0
61.66,32.97,42.79,3.32,late,clay,2.98,0
46.06,20.82,31.58,4.41,mid_season,loamy,2.6,0
28.3,23.09,34.44,5.5,development,sandy,16.21,0
62.23,13.63,35.06,5.87,mid_season,sandy,24.19,0
61.3,12.54,67.6,4.2,late,clay,7.67,0
62.57,26.92,82.51,5.47,late,sandy,19.96,0
44.46,18.47,50.03,3.62,mid_season,sandy,18.88,0
69.61,22.57,81.39,6.65,mid_season,loamy,13.37,0
66.75,22.54,49.35,4.72,initial,sandy,7.25,0
81.74,27.54,61.14,4.67,late,clay,19.63,0
50.98,30.58,67.77,4.28,mid_season,loamy,9.49,0
49.82,31.18,64.12,2.99,mid_season,sandy,6.07,0
54.91,15.92,78.59,3.81,late,loamy,1.75,0
48.81,25.71,51.61,0,development,loamy,0,1
49.71,18.03,45.55,5.59,late,loamy,2.2,0
81.89,24.53,36.09,4.41,development,loamy,10.79,0
59.59,18.87,84.74,4.77,mid_season,loamy,13.31,0
30.32,15.68,44.39,3.77,initial,loamy,7.4,0
94.38,26.12,84.93,4.77,late,sandy,1.67,0
46.09,27.76,48.1,4.18,initial,loamy,22.01,0
66.17,26.68,43.75,2.64,mid_season,loamy,19.27,0
36.62,27.81,51.39,3.42,late,sandy,5.8,0
61.78,16.64,59.05,4.65,late,clay,8.39,0
79.06,12.55,67.29,4.46,late,loamy,5.75,0
48.19,15.83,47.55,4.79,initial,clay,4.77,0
67.6,28.73,33.81,4.59,mid_season,sandy,10.93,0
43.15,19.24,41.69,0,initial,sandy,0,0
53.24,21.19,30.31,2.89,initial,clay,8.58,0
83.67,12.7,66.4,0,initial,loamy,0,0
51.62,31.3,76.78,0,initial,clay,0,0
48.89,33.7,52.92,3.7,late,clay,11.98,0
51.92,29.97,59.63,3.93,mid_season,clay,10.83,0
46.75,12.79,34.79,4.79,initial,clay,4.8,0
40.23,17.5,69.95,0,initial,sandy,0,0
83.82,29.32,49.12,0,initial,clay,0,0
65.17,31.79,81.69,2.64,initial,loamy,4.83,0
36.54,32.36,36.85,4.11,initial,sandy,3.11,0
53.06,17.39,67.3,3.76,late,clay,6.29,0
67.66,14.53,65.75,2.4,development,loamy,1.98,0
65.26,19.19,32.24,4.36,development,sandy,12.14,0
54.8,16.19,39.06,3.88,development,sandy,5.74,0
41.19,21.1,33.02,0,initial,sandy,0,0
35.33,14.82,48.42,2.19,development,sandy,10.24,0
73.13,27.48,83.11,5.57,mid_season,clay,15.7,0
61.11,18.77,70.19,0,initial,loamy,0,0
32.67,21.49,47.21,4.54,mid_season,clay,19.21,0
42.46,32.25,71.43,0,initial,clay,0,0
77.09,19.2,76.75,6.09,initial,loamy,18.4,0
82.33,33.15,32.59,4.05,late,sandy,1.58,0
57.96,18.45,79.62,2.35,mid_season,loamy,12.42,0
44.3,23.73,36.63,5.58,development,loamy,18.25,0
90.94,32.11,61.1,4.61,development,sandy,7.85,0
53.03,27.06,78.24,4.29,late,loamy,8.52,0
35.42,12.72,45.96,2.49,development,loamy,7.57,0
42.29,27.61,67.26,3.68,late,clay,9.61,0
71.66,18.15,83.28,0,development,clay,0,0
64.83,24.52,32.76,3.27,initial,sandy,0.37,0
18.42,25.42,49.32,5.29,mid_season,sandy,8.36,0
76.05,15.53,42.13,4.49,development,sandy,1.75,0
44.19,20.85,51.31,4.16,late,sandy,5.96,0
18.69,19.81,42.47,3.26,initial,loamy,0.11,0
50.62,21.55,81.81,2.8,initial,clay,11.0,0
83.65,14.19,76.91,0,development,sandy,0,0
68.32,31.36,52.52,3.82,initial,sandy,0.46,0
44.02,13.24,56.4,5.25,development,clay,3.78,0
45.32,28.22,49.8,4.07,initial,sandy,5.07,0
33.55,19.48,66.22,3.94,development,clay,6.13,0
67.5,18.77,69.07,4.87,late,clay,2.16,0
55.19,31.23,35.07,4.13,development,sandy,2.38,0
76.44,28.24,82.85,4.36,mid_season,clay,4.29,0
58.05,31.58,69.09,3.18,development,loamy,11.95,0
55.08,13.19,41.85,1.14,initial,clay,3.33,0
58.1,30.39,77.11,2.56,initial,sandy,3.0,0
61.32,13.74,76.27,4.31,initial,loamy,11.3,0
95,13.58,73.23,0,initial,clay,0,0
30.87,13.73,62.13,4.31,initial,clay,13.64,0
57.0,33.4,45.26,4.55,development,clay,8.68,0
59.04,22.41,45.72,0,late,sandy,0,1
88.58,29.76,60.21,5.87,mid_season,loamy,16.92,0
36.59,15.22,40.27,2.04,initial,sandy,1.42,0
90.08,17.42,48.66,4.11,late,sandy,2.93,0
52.46,31.74,75.85,4.26,development,clay,22.12,0
7.53,24.22,46.58,2.1,late,clay,8.87,0
95,22.28,63.58,4.63,mid_season,sandy,13.39,0
78.42,20.68,44.69,4.8,development,clay,8.46,0
64.49,31.35,80.68,4.97,initial,loamy,5.36,0
85.83,30.86,67.52,0,mid_season,loamy,0,0
52.41,28.0,74.26,4.19,mid_season,clay,8.07,0
49.7,14.95,63.78,4.6,initial,sandy,11.04,0
51.45,23.25,79.23,0,initial,clay,0,0
56.91,12.71,39.09,3.23,initial,clay,15.13,0
34.62,28.63,32.02,5.16,development,sandy,6.74,0
47.75,14.88,54.96,0,mid_season,sandy,0,1
95,23.14,35.69,4.61,mid_season,clay,10.29,0
81.17,23.58,66.81,1.81,development,clay,13.85,0
39.79,33.48,64.36,4.77,late,loamy,11.96,0
95,18.39,31.59,3.69,late,clay,3.56,0
54.95,32.83,66.29,3.78,late,loamy,8.59,0
67.3,29.61,72.06,2.6,late,sandy,0.86,0
44.44,21.33,80.67,0,mid_season,sandy,0,1
26.96,31.37,68.05,2.68,development,sandy,13.82,0
47.24,28.26,58.1,3.71,mid_season,loamy,18.12,0
36.53,27.39,30.98,5.02,late,sandy,7.92,0
77.7,30.86,49.98,4.72,initial,loamy,6.14,0
71.25,19.63,52.49,2.37,initial,loamy,4.16,0
73.34,16.49,32.87,2.41,mid_season,sandy,9.34,0
59.67,20.32,55.42,4.06,initial,sandy,3.04,0
86.61,30.32,55.85,3.6,development,loamy,9.93,0
83.74,15.53,69.77,3.12,mid_season,loamy,10.14,0
49.14,26.37,46.89,6.6,mid_season,sandy,2.9,0
28.84,14.71,71.02,2.74,initial,loamy,6.93,0
80.79,17.48,35.74,3.21,initial,clay,9.25,0
47.92,16.4,59.99,2.25,initial,clay,3.5,0
22.92,19.01,62.97,3.76,initial,loamy,3.97,0
79.0,27.21,30.43,0,late,sandy,0,0
41.91,14.62,50.33,0,initial,clay,0,0
39.73,29.83,49.18,3.68,development,sandy,4.38,0
47.54,23.48,41.34,5.01,late,loamy,8.72,0
57.7,30.21,83.51,2.92,mid_season,clay,26.53,0
36.84,17.54,34.21,0,late,loamy,0,1
33.43,31.35,72.8,3.51,initial,clay,10.65,0
37.69,24.89,32.92,0,initial,sandy,0,1
44.68,31.94,71.11,3.33,late,loamy,10.94,0
53.2,29.87,48.03,4.44,development,sandy,21.04,0
57.38,16.05,70.92,0,initial,loamy,0,0
36.44,24.36,57.25,4.84,initial,loamy,6.28,0
28.92,15.22,58.35,4.77,initial,loamy,4.39,0
44.01,24.61,49.65,0,initial,loamy,0,0
41.04,27.89,72.75,4.54,late,clay,13.06,0
53.67,16.71,71.64,0,development,clay,0,0
69.91,32.48,69.89,6.59,late,loamy,5.23,0
73.27,16.12,82.0,5.07,mid_season,clay,3.11,0
45.63,18.52,42.55,4.8,initial,clay,4.36,0
63.96,18.79,30.33,4.01,development,loamy,7.89,0
58.54,21.72,67.95,4.46,initial,clay,6.88,0
52.91,19.26,41.77,2.53,late,loamy,16.46,0
83.14,33.81,33.75,3.59,development,clay,6.99,0
74.16,25.43,47.74,0,initial,clay,0,0
47.48,15.92,73.48,2.96,mid_season,sandy,13.04,0
57.38,26.45,78.1,0,mid_season,sandy,0,1
41.73,21.72,79.92,2.57,initial,loamy,8.55,0
64.34,32.14,83.54,4.01,mid_season,sandy,4.19,0
49.13,21.5,67.15,5.13,initial,clay,4.03,0
45.31,19.3,30.25,4.4,late,sandy,13.31,0
67.34,26.32,32.03,4.08,development,sandy,0.01,0
69.51,33.37,77.13,3.3,development,loamy,3.74,0
56.46,31.32,54.38,2.52,mid_season,sandy,14.77,0
76.02,29.62,83.49,2.47,initial,sandy,9.65,0
68.72,29.39,78.38,4.44,initial,sandy,11.38,0
53.95,13.51,72.71,3.66,late,loamy,9.96,0
63.57,18.78,81.58,5.25,development,clay,13.21,0
60.6,12.84,69.03,0,initial,sandy,0,0
81.79,25.97,77.26,4.55,initial,sandy,4.11,0
45.43,22.3,55.95,4.46,development,clay,11.43,0
75.72,17.43,71.08,4.49,mid_season,sandy,3.22,0
22.26,25.1,78.37,1.84,development,loamy,11.71,0
80.08,19.72,82.49,4.32,late,sandy,22.41,0
84.9,21.57,76.94,0,initial,sandy,0,0
68.95,25.69,46.67,4.82,initial,sandy,8.62,0
46.2,20.0,53.86,2.86,initial,loamy,6.66,0
36.47,32.53,74.41,0,late,clay,0,1
49.41,15.6,44.93,3.18,late,clay,3.21,0
54.34,19.07,39.72,3.58,mid_season,clay,13.57,0
95,16.37,77.08,5.03,late,clay,7.02,0
30.19,18.72,75.37,4.46,mid_season,loamy,16.74,0
81.68,31.87,60.64,6.97,mid_season,sandy,17.7,0
57.71,15.39,59.79,4.66,initial,loamy,5.98,0
39.79,29.58,61.98,4.5,mid_season,sandy,11.51,0
29.03,25.52,44.03,5.03,late,sandy,26.4,0
32.36,13.35,58.51,0,development,sandy,0,1
21.51,23.35,78.9,4.58,late,clay,15.05,0
68.37,29.73,31.13,5.09,initial,clay,10.74,0
79.69,29.95,82.55,3.52,mid_season,sandy,1.53,0
56.58,18.0,69.63,4.51,mid_season,clay,6.75,0
70.53,31.26,44.21,4.3,mid_season,clay,14.03,0
54.22,33.55,49.46,3.91,late,loamy,13.85,0
44.3,16.65,84.15,3.26,late,clay,3.05,0
34.52,15.03,36.15,3.53,initial,sandy,3.17,0
58.43,23.49,37.05,0,initial,loamy,0,0
43.22,30.9,42.78,0,mid_season,sandy,0,1
77.54,29.58,45.26,4.07,mid_season,sandy,8.34,0
39.39,19.97,50.15,0,development,sandy,0,1
34.39,16.99,75.79,5.17,mid_season,loamy,6.02,0
45.88,31.88,82.97,4.94,development,sandy,1.29,0
34.72,31.26,39.36,0,development,sandy,0,1
70.23,27.55,77.9,4.08,late,clay,13.13,0
36.75,22.02,67.24,4.44,late,loamy,12.26,0
24.17,33.92,52.71,4.3,development,sandy,2.34,0
35.59,28.34,78.57,3.5,mid_season,sandy,6.77,0
60.38,32.1,52.8,4.62,mid_season,sandy,13.83,0
67.65,14.01,42.35,4.31,mid_season,clay,9.51,0
71.71,25.99,37.22,2.53,initial,sandy,4.71,0
59.27,16.95,76.96,5.37,development,sandy,23.51,0
54.14,26.28,38.92,4.97,mid_season,loamy,5.02,0
26.96,30.2,80.9,4.76,late,sandy,5.1,0
64.96,17.99,38.72,5.23,initial,sandy,11.88,0
86.75,16.14,67.58,1.91,mid_season,clay,2.86,0
58.54,22.06,76.74,1.94,mid_season,clay,13.04,0
56.29,25.75,66.69,0,initial,sandy,0,0
54.12,32.26,78.84,4.82,late,loamy,0.36,0
80.91,25.41,72.09,2.38,development,sandy,13.47,0
53.6,20.99,68.96,5.31,initial,clay,3.17,0
70.1,18.48,67.84,2.95,mid_season,sandy,5.79,0
48.46,29.11,41.86,4.88,mid_season,clay,3.27,0
66.67,12.83,49.21,4.48,initial,sandy,3.4,0
61.58,14.42,77.6,3.31,late,clay,14.74,0
80.25,13.28,50.65,5.3,development,clay,4.69,0
51.59,23.08,42.89,3.18,late,sandy,1.67,0
48.81,25.32,37.23,5.69,initial,clay,10.19,0
60.7,30.89,56.52,3.48,late,sandy,16.11,0
78.79,24.24,67.12,0,initial,sandy,0,0
38.46,31.97,70.02,3.98,initial,sandy,4.36,0
84.83,18.05,74.22,3.43,development,loamy,9.73,0
86.71,25.79,78.55,4.39,late,sandy,12.7,0
27.05,30.62,67.77,3.01,development,clay,16.28,0
52.8,20.15,79.56,0,initial,clay,0,0
60.46,15.92,63.19,4.52,development,sandy,17.48,0
64.61,28.67,74.04,3.1,late,sandy,12.83,0
43.97,28.49,33.26,5.2,development,loamy,11.15,0
50.25,29.46,61.85,3.54,late,clay,21.61,0
69.32,22.34,41.35,3.59,development,clay,10.49,0
59.25,28.88,40.4,6.73,mid_season,clay,9.11,0
14.27,21.26,62.3,4.54,late,sandy,11.93,0
95,26.87,78.9,0,late,loamy,0,0
46.78,26.51,37.85,7.0,development,loamy,11.46,0
58.16,30.19,67.13,4.01,mid_season,sandy,11.1,0
30.77,25.47,60.59,2.8,mid_season,clay,20.03,0
46.53,23.28,39.68,5.11,development,clay,5.05,0
53.67,12.65,45.32,0,initial,clay,0,0
7.16,29.27,35.31,5.7,initial,clay,14.89,0
51.72,29.57,62.91,5.03,late,loamy,8.66,0
74.37,26.35,73.25,5.49,mid_season,sandy,12.77,0
74.33,24.33,74.98,0,initial,clay,0,0
86.68,30.02,58.6,4.55,late,loamy,6.11,0
44.93,15.79,76.6,3.57,mid_season,loamy,19.9,0
81.82,15.82,46.17,4.23,mid_season,sandy,9.41,0
54.7,25.94,41.55,2.69,late,loamy,3.93,0
64.05,14.85,60.39,0,initial,sandy,0,0
46.83,13.79,67.12,2.85,development,clay,18.2,0
60.85,17.7,42.86,0,initial,clay,0,0
43.08,15.94,57.0,4.42,mid_season,clay,11.86,0
51.71,27.62,66.46,5.1,development,clay,6.11,0
64.94,22.39,64.21,4.33,development,clay,14.66,0
60.76,22.69,84.77,0,development,loamy,0,0
16.24,20.99,44.36,2.73,mid_season,clay,1.58,0
50.37,24.78,66.99,4.21,initial,clay,10.01,0
50.72,19.5,50.05,4.57,development,loamy,1.18,0
56.74,16.72,32.9,3.58,late,clay,19.09,0
34.2,17.93,75.91,3.01,mid_season,sandy,17.57,0
45.12,20.57,54.32,3.58,development,sandy,18.8,0
28.52,16.89,50.71,2.22,initial,clay,3.75,0
74.47,25.61,34.56,3.78,late,sandy,8.39,0
73.47,13.6,33.55,5.59,initial,clay,6.85,0
45.85,29.48,48.43,4.89,mid_season,sandy,11.62,0
54.31,18.63,68.69,3.88,initial,clay,0.24,0
50.3,26.64,54.37,4.24,initial,clay,2.0,0
44.32,14.06,39.71,3.51,mid_season,sandy,5.12,0
86.77,32.84,41.91,4.3,late,clay,21.08,0
73.05,31.81,72.12,4.8,development,loamy,11.84,0
66.73,15.62,65.17,3.97,mid_season,clay,14.48,0
78.33,33.99,46.69,2.93,late,clay,6.04,0
40.38,19.0,50.54,2.73,late,loamy,0.13,0
5,14.12,48.04,0,initial,clay,0,0
49.96,14.01,71.33,4.3,development,sandy,0.29,0
25.1,15.37,48.96,2.52,mid_season,loamy,7.32,0
56.52,23.26,49.29,4.55,initial,loamy,3.68,0
74.55,19.17,31.12,0,late,clay,0,0
39.59,19.88,52.74,0,development,loamy,0,1
52.19,33.34,47.91,3.53,late,clay,10.41,0
56.46,26.23,81.02,0,initial,sandy,0,0
79.88,12.29,39.12,3.94,initial,loamy,9.24,0
54.36,12.93,30.5,3.94,development,clay,10.34,0
34.18,25.08,32.33,3.76,initial,sandy,7.08,0
35.6,26.91,84.7,2.29,late,loamy,5.48,0
60.75,25.43,30.22,7.5,initial,loamy,8.97,0
62.54,28.77,38.84,2.94,late,loamy,22.67,0
72.63,30.01,83.17,4.74,mid_season,clay,25.57,0
76.14,14.32,42.49,5.09,development,loamy,5.22,0
68.09,31.45,61.43,6.4,development,sandy,1.62,0
80.84,25.18,56.92,3.96,development,loamy,9.77,0
43.66,13.69,84.54,0,development,clay,0,0
25.71,28.11,76.36,4.1,mid_season,clay,15.19,0
73.75,16.52,73.86,4.85,development,loamy,13.79,0
51.55,17.53,65.32,0,late,loamy,0,1
85.68,26.98,56.27,2.88,initial,clay,3.49,0
43.79,25.9,78.9,4.61,development,clay,11.77,0
83.88,23.79,74.7,2.76,mid_season,sandy,15.84,0
69.59,33.75,80.7,3.27,development,loamy,8.16,0
48.55,25.91,80.76,2.68,development,loamy,11.09,0
60.86,25.86,38.3,3.89,development,loamy,7.37,0
90.51,22.49,31.57,0,initial,sandy,0,0
55.11,28.35,71.09,4.61,development,sandy,16.8,0
78.49,15.86,40.42,0,late,clay,0,0
37.55,12.49,74.31,0,initial,loamy,0,0
48.01,30.11,53.86,4.99,initial,loamy,14.36,0
32.02,23.8,48.14,0,initial,loamy,0,0
85.4,28.0,73.29,4.47,late,clay,5.18,0
51.31,33.14,58.52,5.46,mid_season,loamy,5.08,0
65.16,26.39,69.91,3.93,development,loamy,1.74,0
62.61,33.05,72.28,2.76,late,clay,2.43,0
22.17,24.72,52.41,0,initial,sandy,0,0
62.09,26.15,42.38,3.58,development,loamy,16.56,0
43.78,23.76,58.75,5.1,late,loamy,4.08,0
53.46,25.86,30.9,3.47,initial,sandy,2.08,0
52.12,26.52,60.07,5.44,late,loamy,0.42,0
81.91,29.22,42.98,3.21,initial,loamy,1.66,0
34.17,18.4,50.52,5.46,late,loamy,15.1,0
56.65,27.53,55.48,3.47,mid_season,sandy,10.72,0
52.03,28.51,73.46,0.99,initial,clay,7.72,0
49.59,17.69,31.54,0,initial,loamy,0,0
75.73,31.17,60.05,4.91,mid_season,loamy,16.55,0
56.86,27.78,84.06,2.35,late,loamy,4.21,0
67.7,16.03,71.14,2.77,initial,clay,5.5,0
15.23,31.97,44.22,4.59,late,clay,2.23,0
67.66,33.53,34.42,4.32,initial,clay,7.49,0
66.4,26.82,50.64,5.89,mid_season,clay,11.23,0
39.72,32.51,47.66,3.73,mid_season,sandy,8.78,0
35.46,29.03,65.12,2.24,development,sandy,2.7,0
59.72,27.6,49.18,2.64,initial,loamy,12.1,0
53.67,14.74,45.94,0,mid_season,loamy,0,0
95,19.28,75.96,3.94,late,sandy,9.85,0
51.02,19.36,84.61,5.68,mid_season,clay,7.83,0
29.53,27.35,81.92,5.26,late,sandy,18.18,0
72.77,23.17,43.74,3.71,late,loamy,5.98,0
95,26.09,61.54,6.25,late,sandy,1.52,0
29.86,13.17,35.24,5.19,mid_season,sandy,10.06,0
40.18,12.56,70.77,2.13,mid_season,clay,21.46,0
64.31,21.21,78.73,0,mid_season,sandy,0,0
32.44,17.56,45.76,4.01,late,clay,11.11,0
25.42,23.09,53.64,5.23,development,loamy,14.17,0
42.92,19.61,52.4,4.0,mid_season,sandy,16.16,0
66.03,26.66,50.83,5.73,development,loamy,9.47,0
32.85,28.71,60.1,2.83,initial,sandy,9.14,0
76.91,15.16,78.65,3.52,late,loamy,15.26,0
58.91,31.89,63.1,4.47,mid_season,sandy,12.13,0
39.39,13.54,38.08,4.01,initial,sandy,7.1,0
65.57,31.22,38.14,2.89,late,clay,13.38,0
48.47,33.69,69.6,5.31,development,clay,17.52,0
47.06,23.96,66.71,4.09,initial,clay,1.07,0
69.51,20.17,63.04,3.64,development,clay,12.41,0
62.27,25.53,58.48,4.51,late,clay,11.24,0
53.07,25.8,58.84,3.13,late,loamy,11.16,0
50.62,19.47,80.3,2.36,initial,loamy,17.52,0
47.66,12.66,36.83,5.17,late,clay,15.5,0
35.87,17.52,39.21,2.74,late,sandy,9.68,0
66.9,28.89,36.54,3.75,development,clay,6.43,0
87.56,28.06,58.47,4.82,late,sandy,18.84,0
39.95,16.17,75.03,4.17,late,clay,6.49,0
40.81,27.78,76.36,5.3,development,clay,18.37,0
38.04,27.2,39.42,2.15,late,sandy,19.41,0
35.1,14.49,64.7,4.13,late,clay,22.06,0
65.81,23.51,66.71,2.97,mid_season,clay,7.01,0
47.47,26.33,55.31,4.89,mid_season,loamy,16.39,0
63.62,20.48,45.78,4.15,mid_season,clay,10.85,0
72.45,23.47,47.7,2.91,development,clay,12.56,0
71.67,33.58,77.5,5.47,development,sandy,0.79,0
34.81,24.63,38.75,6.18,initial,loamy,8.5,0
41.85,25.89,46.54,5.26,late,clay,9.14,0
53.89,25.7,47.24,2.7,initial,loamy,12.33,0
91.42,31.87,63.45,5.64,mid_season,sandy,14.83,0
52.23,24.09,62.2,4.45,development,sandy,12.46,0
67.33,21.4,61.2,0,initial,sandy,0,0
80.34,23.32,54.71,5.76,mid_season,clay,13.87,0
72.32,31.13,77.32,3.78,initial,clay,2.09,0
63.51,21.19,78.85,4.34,late,sandy,7.75,0
39.58,21.1,37.9,0,initial,clay,0,0
46.92,24.04,78.87,4.08,mid_season,sandy,16.37,0
57.9,25.76,83.14,2.38,mid_season,sandy,13.26,0
62.41,13.81,61.09,5.74,late,sandy,5.62,0
79.47,32.0,78.46,4.74,late,loamy,11.94,0
53.96,29.89,42.31,3.54,late,clay,2.53,0
53.85,29.6,72.69,3.11,initial,clay,0.57,0
49.98,28.02,59.07,5.21,development,clay,8.9,0
39.55,15.78,45.87,4.2,mid_season,loamy,8.72,0
30.56,21.93,52.99,3.75,mid_season,clay,9.71,0
42.33,33.21,47.9,0,initial,clay,0,1
34.5,28.39,69.96,4.53,mid_season,clay,16.07,0
60.87,22.18,63.81,5.2,development,loamy,3.59,0
73.07,26.41,47.29,3.23,development,clay,18.21,0
63.97,17.11,70.43,5.35,initial,clay,2.54,0
67.24,29.79,72.51,2.79,initial,sandy,6.04,0
61.23,20.98,32.0,4.77,late,clay,3.25,0
57.67,22.96,48.19,3.52,mid_season,loamy,12.13,0
75.01,33.38,32.75,5.29,mid_season,loamy,21.34,0
52.42,28.79,75.54,5.0,initial,clay,16.14,0
49.73,16.52,30.8,4.55,mid_season,loamy,4.63,0
34.77,13.24,43.02,4.14,mid_season,clay,14.52,0
32.35,27.61,66.62,3.03,development,loamy,15.91,0
61.33,24.21,41.61,5.79,initial,sandy,2.68,0
48.49,16.93,45.58,3.99,development,sandy,15.57,0
20.91,12.07,74.19,4.29,initial,clay,0.18,0
65.62,19.0,65.24,4.79,initial,sandy,0.98,0
65.37,28.69,78.39,3.03,mid_season,loamy,16.62,0
52.89,26.28,57.31,3.65,development,sandy,14.82,0
35.85,26.83,77.03,5.2,development,sandy,9.93,0
49.52,12.2,76.69,3.66,development,clay,23.57,0
62.21,22.79,63.28,2.94,initial,clay,1.07,0
64.8,28.04,34.02,4.94,mid_season,clay,17.93,0
74.97,16.58,60.39,3.04,development,loamy,4.81,0
84.63,13.45,32.81,4.73,late,loamy,12.33,0
67.22,22.54,80.89,4.53,mid_season,clay,5.99,0
47.35,13.25,57.6,5.05,late,sandy,8.78,0
45.63,29.38,40.18,0,initial,sandy,0,1
56.56,22.22,66.83,4.26,mid_season,sandy,10.98,0
46.42,14.51,43.62,2.43,development,sandy,17.68,0
12.12,15.81,42.31,4.13,development,sandy,23.1,0
65.63,32.51,56.92,5.22,initial,sandy,5.4,0
65.1,25.45,50.39,0,mid_season,sandy,0,0
56.19,24.53,63.34,3.24,mid_season,sandy,5.62,0
66.05,29.78,48.07,3.77,mid_season,loamy,1.97,0
54.26,12.9,37.79,3.62,late,clay,12.01,0
42.29,14.02,81.64,3.14,late,loamy,1.71,0
56.92,12.85,56.99,5.29,development,clay,8.34,0
68.17,31.1,84.41,4.23,initial,loamy,16.6,0
58.59,25.78,38.82,2.44,late,sandy,0.73,0
62.33,30.02,32.49,3.6,development,sandy,10.14,0
48.78,17.12,36.52,2.91,development,sandy,0.71,0
60.0,23.04,83.72,3.71,late,loamy,9.46,0
57.3,24.92,43.42,3.57,mid_season,clay,7.32,0
53.13,32.94,75.94,6.3,mid_season,clay,13.9,0
58.94,17.43,33.52,5.02,initial,clay,8.42,0
5.02,33.42,81.57,0,initial,clay,0,0
49.78,13.35,77.03,5.62,mid_season,loamy,17.29,0
67.62,16.88,44.7,0,initial,loamy,0,0
70.22,24.74,84.27,5.46,late,clay,7.51,0
52.81,13.72,60.3,1.76,initial,sandy,16.04,0
35.11,16.71,32.46,5.38,initial,sandy,4.62,0
42.79,33.94,65.03,3.01,initial,sandy,8.84,0
74.85,25.14,41.9,2.18,initial,loamy,5.53,0
82.74,15.71,70.13,0,initial,loamy,0,0
72.45,19.95,69.72,1.68,late,sandy,9.38,0
80.21,12.04,49.58,5.56,mid_season,loamy,2.98,0
60.85,25.77,79.3,3.48,late,sandy,1.8,0
73.46,23.98,55.45,3.06,late,clay,6.37,0
31.69,19.75,48.35,3.76,development,clay,0.64,0
56.81,15.5,79.98,4.49,initial,loamy,10.4,0
71.9,19.98,53.71,5.71,mid_season,loamy,22.62,0
43.09,18.81,31.65,3.68,mid_season,loamy,10.89,0
38.75,23.88,84.67,5.89,mid_season,loamy,5.15,0
84.2,15.66,64.27,3.84,development,clay,2.33,0
43.29,16.6,61.47,3.51,initial,loamy,0.24,0
57.13,32.32,39.64,5.21,mid_season,sandy,22.44,0
46.87,33.8,81.7,4.57,mid_season,loamy,6.83,0
63.82,31.88,40.44,4.2,late,clay,6.92,0
37.24,33.92,41.82,4.96,late,sandy,6.06,0
59.09,32.88,40.93,3.98,late,loamy,6.57,0
58.22,24.72,36.4,4.94,mid_season,sandy,12.44,0
68.96,26.44,36.21,0,development,sandy,0,0
37.9,26.3,61.72,2.06,mid_season,loamy,5.29,0
21.27,23.99,77.42,5.34,development,clay,0.54,0
67.94,31.81,72.3,5.08,development,sandy,10.46,0
48.52,16.14,70.01,0,late,loamy,0,1
56.04,31.9,76.82,3.78,initial,clay,19.95,0
64.79,19.37,33.78,4.73,late,loamy,1.88,0
39.54,26.16,50.61,5.65,initial,loamy,2.95,0
76.66,16.76,40.48,2.81,late,clay,11.85,0
27.91,13.21,47.12,1.34,mid_season,loamy,19.4,0
68.51,15.63,38.48,4.21,development,loamy,3.66,0
50.41,21.58,33.78,2.8,late,loamy,13.91,0
53.4,29.47,40.22,0,initial,loamy,0,0
52.61,30.91,61.99,3.53,mid_season,clay,8.86,0
70.75,23.93,40.75,5.67,initial,clay,9.7,0
77.07,21.01,74.11,0,initial,loamy,0,0
64.62,26.86,68.04,5.69,initial,sandy,8.74,0
63.93,24.1,45.51,3.75,late,sandy,3.5,0
84.59,31.01,35.39,0,initial,clay,0,0
73.32,20.17,59.77,0,initial,loamy,0,0
65.82,18.12,49.18,4.14,initial,sandy,9.55,0
28.79,23.68,63.03,0,late,sandy,0,1
56.32,12.39,55.86,3.16,late,clay,11.58,0
55.54,29.65,37.96,3.67,development,clay,8.9,0
47.43,33.85,84.8,4.04,initial,clay,7.08,0
48.35,13.2,54.71,3.05,initial,clay,8.91,0
24.26,32.36,70.82,3.58,mid_season,clay,14.09,0
76.45,31.42,35.18,3.23,mid_season,clay,13.11,0
33.55,32.07,64.07,0,late,loamy,0,1
40.53,17.41,40.59,4.2,initial,sandy,9.61,0
35.96,26.34,59.43,0,late,loamy,0,1
88.68,33.27,75.09,3.51,initial,clay,8.27,0
56.48,25.99,81.4,2.75,mid_season,sandy,7.24,0
33.52,19.07,83.06,1.43,late,sandy,19.01,0
95,12.06,36.34,4.25,late,clay,8.76,0
35.18,20.59,49.71,4.87,late,loamy,19.42,0
50.33,26.15,57.22,5.17,initial,clay,10.24,0
49.54,14.02,43.46,3.91,initial,loamy,12.34,0
36.95,24.23,54.36,4.95,late,sandy,20.62,0
56.8,24.08,67.82,3.88,mid_season,loamy,7.13,0
52.45,27.37,36.38,0,development,sandy,0,1
53.24,16.52,45.33,4.13,mid_season,clay,10.46,0
56.14,24.79,65.42,4.56,development,sandy,2.21,0
73.72,31.23,79.93,4.15,initial,loamy,6.27,0
59.12,29.52,32.22,4.71,development,clay,0.23,0
56.11,13.41,32.01,3.39,development,sandy,10.22,0
82.38,16.88,34.11,1.97,initial,sandy,12.04,0
38.31,17.02,49.87,2.64,late,sandy,5.62,0
93.81,22.13,80.46,2.96,initial,loamy,2.75,0
36.61,32.88,69.62,2.33,development,sandy,19.7,0
87.74,17.64,31.39,3.93,initial,loamy,11.38,0
62.23,15.52,63.58,3.83,mid_season,sandy,8.41,0
63.21,25.15,56.46,2.72,initial,loamy,0.44,0
43.91,23.04,71.7,3.48,mid_season,loamy,1.92,0
60.61,31.4,40.61,0,initial,clay,0,0
64.96,23.89,49.01,3.51,development,clay,14.2,0
73.81,32.18,39.22,3.32,initial,clay,11.12,0
42.26,32.03,54.75,4.22,mid_season,loamy,4.14,0
50.56,18.62,35.38,2.7,mid_season,loamy,23.37,0
95,33.51,63.37,4.19,late,clay,8.59,0
76.98,12.67,55.4,0,initial,sandy,0,0
51.44,21.8,32.99,2.6,mid_season,sandy,7.78,0
67.52,27.82,76.81,3.53,initial,loamy,1.54,0
53.0,12.63,44.39,4.52,late,clay,1.06,0
51.62,14.29,32.82,5.06,initial,sandy,4.29,0
38.0,24.9,41.32,4.47,development,sandy,13.43,0
82.88,20.47,73.5,3.61,mid_season,clay,14.01,0
37.84,32.83,55.25,4.43,initial,clay,11.77,0
94.77,13.02,53.35,0.99,development,sandy,5.65,0
42.37,24.0,55.49,3.81,mid_season,sandy,10.08,0
39.84,21.83,64.94,3.31,development,sandy,10.43,0
82.6,30.23,82.51,4.2,mid_season,clay,15.51,0
72.57,31.78,79.17,5.98,development,loamy,22.24,0
46.42,27.23,74.02,4.05,late,clay,18.18,0
67.49,21.12,68.49,4.86,late,loamy,7.28,0
56.74,31.85,45.58,4.36,initial,clay,7.5,0
58.49,14.45,39.24,4.92,development,clay,11.72,0
50.87,13.47,30.03,3.42,initial,sandy,3.93,0
64.63,24.89,75.98,3.31,initial,clay,4.7,0
18.24,28.97,35.48,0,development,clay,0,1
35.39,23.25,34.61,2.76,mid_season,loamy,13.54,0
42.62,15.61,40.11,0.9,late,clay,5.92,0
69.32,28.31,45.8,4.79,development,clay,9.51,0
83.86,33.08,71.83,2.78,initial,loamy,6.35,0
57.83,12.88,76.5,5.99,late,clay,8.61,0
41.44,19.03,38.52,2.65,development,sandy,15.56,0
19.42,22.51,75.17,5.49,initial,clay,6.53,0
55.32,14.49,43.94,0,initial,loamy,0,0
57.32,32.98,35.9,0,initial,sandy,0,1
43.51,14.22,81.8,4.1,initial,sandy,4.2,0
52.45,21.36,33.19,4.22,late,loamy,3.67,0
51.31,27.82,42.3,0,initial,loamy,0,1
41.57,20.92,46.93,4.73,development,sandy,6.7,0
56.08,29.64,79.3,0,initial,clay,0,0
78.54,24.77,81.75,4.11,development,loamy,0.81,0
5,24.58,31.28,3.12,late,loamy,10.44,0
51.89,26.26,68.73,3.17,development,sandy,4.39,0
13.91,33.87,72.17,0,initial,loamy,0,1
58.55,32.64,45.51,4.46,mid_season,loamy,10.17,0
52.63,17.76,81.94,5.47,mid_season,loamy,22.06,0
26.25,26.97,35.83,4.57,initial,loamy,8.02,0
64.92,17.85,65.06,0,initial,clay,0,0
36.98,22.9,78.26,0,development,loamy,0,1
63.97,14.48,73.19,3.09,late,clay,16.79,0
56.55,13.25,72.45,5.57,mid_season,clay,10.27,0
64.88,27.27,38.79,6.35,mid_season,clay,12.68,0
59.57,32.41,78.55,5.69,late,loamy,19.0,0
63.13,24.93,61.33,2.42,mid_season,loamy,11.47,0
48.53,14.62,42.38,4.01,late,loamy,1.39,0
70.21,22.97,40.84,0,initial,sandy,0,0
36.21,25.42,84.11,4.0,development,clay,8.84,0
59.29,33.86,66.32,3.4,development,clay,15.35,0
44.75,14.55,51.2,3.98,mid_season,clay,13.12,0
31.16,33.11,75.88,2.08,late,sandy,12.32,0
95,32.61,82.29,3.94,late,sandy,8.57,0
49.93,26.29,66.24,4.68,mid_season,loamy,12.43,0
48.01,29.82,41.04,0,late,loamy,0,1
45.21,24.9,45.68,4.57,initial,sandy,11.38,0
81.74,25.96,75.39,1.68,development,sandy,11.87,0
31.43,17.24,83.47,3.73,late,sandy,3.8,0
49.73,25.7,56.45,3.98,development,loamy,4.2,0
58.03,17.08,31.14,2.17,development,loamy,2.76,0
78.4,33.05,30.41,0,initial,clay,0,0
46.81,13.56,46.8,4.33,initial,sandy,11.83,0
38.03,23.61,32.05,3.74,initial,clay,1.51,0
48.53,16.42,81.55,4.25,development,sandy,8.55,0
58.65,25.68,39.58,4.1,development,loamy,15.23,0
73.85,29.36,69.35,4.35,initial,clay,12.48,0
72.52,23.45,32.42,2.88,initial,clay,2.07,0
67.9,26.09,53.27,3.05,development,clay,5.68,0
30.16,27.28,51.97,3.62,development,clay,9.43,0
52.85,30.88,42.22,5.63,initial,loamy,1.58,0
42.42,15.76,52.63,3.6,late,sandy,17.39,0
51.47,25.11,55.44,4.77,late,clay,14.85,0
46.23,18.47,73.54,3.82,initial,loamy,13.76,0
23.03,27.18,48.77,2.92,mid_season,loamy,5.12,0
74.29,26.65,59.35,3.98,development,clay,1.45,0
50.66,22.11,47.86,3.06,development,clay,2.24,0
48.83,15.15,42.29,4.24,mid_season,clay,5.52,0
55.2,28.11,79.85,3.12,development,loamy,6.81,0
74.33,29.07,65.69,3.56,late,loamy,3.44,0
73.06,16.41,83.65,4.88,mid_season,clay,8.69,0
55.8,14.1,53.72,3.85,mid_season,clay,13.82,0
79.66,15.19,48.84,5.5,initial,loamy,4.19,0
49.44,20.03,59.67,5.38,development,loamy,2.91,0
68.25,23.7,62.79,2.38,mid_season,loamy,13.02,0
48.45,28.58,54.98,5.16,late,loamy,10.67,0
53.37,33.89,63.26,2.75,development,sandy,9.1,0
41.36,27.51,48.78,1.56,initial,clay,11.38,0
32.93,31.8,32.81,4.57,development,loamy,4.28,0
71.23,12.38,67.83,2.47,initial,clay,18.99,0
63.25,20.74,71.45,2.26,initial,sandy,6.1,0
25.1,20.9,77.62,3.27,late,clay,5.55,0
73.57,17.43,56.66,4.22,initial,sandy,3.72,0
74.16,22.48,68.44,0,development,loamy,0,0
91.79,18.56,50.71,3.68,late,loamy,0.31,0
76.54,12.71,32.8,0,late,sandy,0,0
54.74,18.0,52.34,5.06,initial,sandy,7.69,0
52.8,18.85,66.64,3.77,late,clay,11.33,0
67.56,21.09,30.0,5.52,late,loamy,18.48,0
59.59,12.46,49.43,5.42,late,clay,13.47,0
73.32,15.42,76.79,5.62,development,loamy,8.86,0
63.05,16.49,62.0,4.68,mid_season,loamy,4.19,0
33.66,20.04,50.66,5.28,mid_season,sandy,16.08,0
54.98,21.42,30.39,3.63,late,loamy,5.44,0
55.54,31.01,32.7,0,initial,clay,0,0
78.32,15.45,31.01,3.8,late,loamy,7.54,0
52.88,14.66,75.87,3.92,mid_season,sandy,7.15,0
19.16,15.89,67.28,0,development,sandy,0,1
22.82,29.81,51.88,3.94,late,clay,4.22,0
58.98,27.66,65.77,3.35,late,loamy,29.52,0
75.96,27.02,46.13,5.93,initial,clay,6.02,0
45.95,20.19,58.79,4.43,development,clay,4.3,0
84.13,13.43,63.57,5.6,late,sandy,9.68,0
47.83,12.86,57.05,4.96,development,clay,4.55,0
57.02,24.25,41.18,0,late,clay,0,0
42.58,15.34,66.19,4.21,mid_season,loamy,5.83,0
33.41,19.16,82.67,5.08,late,clay,11.75,0
65.3,27.54,35.16,0,late,sandy,0,0
37.23,17.04,78.36,4.43,mid_season,loamy,1.72,0
33.41,28.81,71.07,0,development,clay,0,1
55.92,23.17,43.69,3.14,mid_season,loamy,1.55,0
73.29,32.84,68.14,5.02,development,clay,10.28,0
70.46,22.69,32.06,1.95,development,sandy,0.56,0
38.91,20.61,43.67,3.85,mid_season,clay,6.48,0
69.68,32.19,50.8,4.58,development,sandy,4.57,0
56.99,25.99,70.55,5.29,mid_season,clay,0.52,0
41.08,21.04,41.32,3.97,mid_season,sandy,6.44,0
50.93,32.57,67.19,5.42,initial,clay,5.77,0
51.65,15.87,42.16,5.33,development,clay,12.93,0
62.19,14.45,77.53,3.64,late,sandy,6.11,0
91.84,31.1,69.85,3.93,late,sandy,3.98,0
33.88,19.65,62.99,5.54,late,loamy,8.43,0
29.98,20.42,67.94,0,development,clay,0,1
57.98,18.11,52.56,4.87,mid_season,sandy,8.7,0
77.71,28.21,61.79,2.81,initial,sandy,4.82,0
42.61,24.31,45.12,3.95,late,loamy,21.35,0
68.47,29.1,65.38,6.02,late,loamy,6.6,0
78.07,12.07,32.62,2.26,development,clay,7.34,0
72.82,26.24,48.52,3.32,development,sandy,6.21,0
71.89,17.26,50.28,4.72,initial,clay,7.05,0
51.8,22.71,38.96,4.17,mid_season,loamy,13.44,0
61.95,23.94,33.11,3.31,late,clay,13.71,0
50.17,23.7,30.25,2.71,initial,clay,6.96,0
47.94,22.18,33.67,7.04,late,loamy,12.28,0
53.4,19.48,83.63,5.57,mid_season,sandy,8.07,0
5,19.28,83.19,4.24,initial,sandy,10.83,0
69.96,33.91,47.92,2.64,initial,loamy,8.56,0
9.75,14.4,65.16,4.87,development,clay,16.09,0
51.34,14.51,47.99,3.72,mid_season,clay,15.36,0
38.14,15.21,61.88,2.35,development,sandy,10.44,0
67.47,14.41,70.63,0,development,sandy,0,0
64.2,22.29,53.88,0,initial,loamy,0,0
15.1,17.25,30.99,3.62,initial,loamy,10.53,0
67.86,18.72,77.89,0,mid_season,clay,0,0
59.23,20.05,34.8,4.14,development,clay,4.92,0
51.5,31.64,58.24,0,initial,sandy,0,1
62.68,12.02,74.67,2.76,development,clay,8.33,0
63.92,29.15,55.79,0,late,sandy,0,0
48.72,21.03,58.96,4.04,development,clay,14.91,0
67.58,25.58,42.59,4.26,initial,clay,6.16,0
83.21,33.27,39.37,3.23,development,loamy,13.2,0
52.64,14.06,61.52,3.5,initial,clay,14.78,0
33.69,17.6,38.9,3.97,initial,sandy,7.02,0
37.73,13.74,74.13,5.7,mid_season,sandy,10.61,0
25.2,24.97,82.44,2.2,development,sandy,8.08,0
70.67,18.97,48.3,2.13,mid_season,sandy,8.12,0
81.1,32.46,65.98,2.98,development,loamy,4.99,0
73.26,19.75,84.93,4.2,development,clay,4.1,0
48.54,29.45,62.39,4.22,development,loamy,9.15,0
49.21,29.04,39.49,5.42,mid_season,loamy,11.39,0
45.56,26.38,39.87,4.36,late,sandy,7.16,0
92.28,31.12,56.5,4.5,development,sandy,12.39,0
57.92,20.83,61.84,2.69,development,clay,10.2,0
48.13,21.89,69.53,3.47,development,loamy,2.19,0
48.93,18.85,69.3,3.98,development,loamy,8.86,0
24.36,23.23,59.99,1.99,development,sandy,9.77,0
40.09,29.66,63.8,2.87,development,clay,14.39,0
63.53,18.34,48.43,0,development,loamy,0,0
27.15,33.45,39.34,4.88,mid_season,loamy,13.22,0
70.29,31.12,80.95,2.49,mid_season,loamy,4.29,0
19.86,25.17,56.45,4.94,late,loamy,6.49,0
45.61,19.68,82.47,3.87,late,sandy,5.18,0
63.45,31.98,42.85,4.24,initial,loamy,0.31,0
84.92,14.56,41.68,4.78,development,loamy,10.29,0
47.39,28.3,56.03,3.83,initial,loamy,9.02,0
95,16.93,75.74,0,initial,loamy,0,0
95,14.03,53.07,5.74,initial,sandy,21.03,0
47.33,20.95,40.94,5.77,mid_season,loamy,11.13,0
79.95,29.65,83.8,1.77,development,loamy,10.09,0
55.7,21.96,54.55,3.98,mid_season,clay,33.38,0
64.55,20.12,38.72,2.64,initial,loamy,0.36,0
72.93,31.47,81.48,4.93,late,loamy,2.95,0
57.21,24.06,72.87,3.88,mid_season,sandy,20.16,0
63.52,18.5,44.03,4.28,mid_season,sandy,7.28,0
52.64,12.31,44.31,4.12,development,sandy,17.31,0
59.63,15.22,78.65,3.91,late,sandy,3.56,0
81.38,26.57,38.65,4.83,late,loamy,16.1,0
75.64,13.02,41.54,1.56,initial,loamy,8.02,0
48.85,32.78,39.5,0,initial,loamy,0,1
36.67,12.03,83.56,3.74,late,clay,7.38,0
54.95,22.9,37.43,5.85,initial,loamy,3.04,0
49.62,16.01,77.65,3.15,development,clay,10.18,0
41.93,18.48,36.14,2.52,late,clay,19.44,0
61.57,22.85,37.98,2.2,development,sandy,14.13,0
59.13,19.18,63.81,3.81,initial,sandy,12.58,0
64.69,25.3,38.89,0,mid_season,loamy,0,0
80.75,31.82,41.2,4.78,late,clay,18.65,0
38.2,13.45,83.39,2.0,development,clay,2.09,0
58.4,17.04,39.46,5.54,late,clay,17.77,0
46.56,18.12,79.35,4.76,late,sandy,22.53,0
45.0,14.62,82.21,4.26,mid_season,sandy,9.15,0
43.16,14.91,38.85,6.62,development,sandy,4.17,0
72.19,20.82,42.94,4.15,initial,sandy,0.42,0
56.11,22.02,42.91,5.55,late,clay,9.15,0
58.63,13.17,48.26,0,development,loamy,0,0
56.43,25.01,68.3,3.99,late,loamy,13.86,0
57.42,33.38,77.39,3.52,late,loamy,21.06,0
73.46,15.48,76.24,4.1,development,sandy,4.93,0
25.08,29.28,55.58,3.92,mid_season,clay,11.87,0
59.9,27.58,54.97,0,late,clay,0,0
44.23,13.46,44.98,3.25,late,clay,10.98,0
43.24,21.49,61.77,0,initial,loamy,0,0
73.91,15.63,41.31,0,mid_season,clay,0,0
66.99,14.96,42.25,6.18,initial,loamy,2.48,0
51.84,32.67,58.07,0,late,sandy,0,1
77.86,21.17,42.01,4.34,initial,sandy,3.27,0
73.88,21.07,55.98,0,initial,sandy,0,0
24.76,23.87,62.44,5.38,mid_season,clay,17.12,0
48.87,26.26,68.73,1.55,initial,sandy,4.15,0
80.29,23.82,55.99,4.64,development,clay,16.27,0
69.1,15.53,52.26,2.86,initial,sandy,7.7,0
48.45,12.1,48.06,3.82,initial,clay,8.19,0
50.81,24.35,67.06,5.3,late,sandy,15.42,0
64.78,22.83,39.65,5.03,late,clay,3.94,0
64.11,30.08,64.95,3.56,late,loamy,21.45,0
34.37,29.06,64.73,4.07,development,sandy,10.94,0
63.29,16.42,82.7,2.77,late,loamy,13.89,0
81.06,29.44,36.65,0,development,loamy,0,0
64.33,15.32,75.3,4.51,mid_season,loamy,11.57,0
59.96,25.38,65.86,3.38,mid_season,clay,12.09,0
81.21,17.31,48.34,0,initial,sandy,0,0
37.79,28.96,56.32,3.88,late,loamy,1.11,0
34.15,23.35,30.78,4.09,development,loamy,9.06,0
53.94,20.67,30.19,0,development,loamy,0,0
54.17,31.69,63.46,5.0,development,clay,6.37,0
83.16,28.18,44.46,3.53,mid_season,loamy,11.57,0
95,30.27,50.67,5.18,development,loamy,6.61,0
93.9,32.27,43.48,5.32,mid_season,sandy,12.94,0
58.47,16.99,48.45,3.73,mid_season,loamy,19.12,0
57.59,17.98,61.8,0.8,mid_season,sandy,9.34,0
54.34,18.14,34.32,5.74,development,clay,0.16,0
95,27.78,37.33,3.64,late,sandy,16.57,0
33.64,30.92,46.96,5.42,initial,clay,17.13,0
59.55,22.19,77.72,3.6,mid_season,loamy,4.39,0
52.05,17.66,78.94,2.69,mid_season,sandy,12.25,0
33.36,30.87,65.64,1.51,development,clay,5.84,0
11.41,18.48,35.36,2.78,initial,sandy,1.89,0
75.81,22.51,53.97,3.47,late,loamy,2.09,0
57.63,22.36,64.18,0,initial,loamy,0,0
45.3,30.63,68.15,5.15,development,sandy,11.64,0
95,22.15,53.43,0,development,loamy,0,0
19.99,33.85,79.49,2.34,mid_season,loamy,11.95,0
49.32,21.1,33.73,2.76,development,clay,9.53,0
47.6,15.24,37.12,4.57,mid_season,loamy,10.76,0
46.38,15.53,38.91,4.24,initial,clay,15.77,0
36.49,29.86,83.72,4.49,late,sandy,2.51,0
49.54,26.61,78.8,3.47,initial,clay,2.85,0
20.78,13.24,84.67,2.81,mid_season,sandy,23.58,0
42.85,20.22,77.3,2.67,initial,clay,7.91,0
46.7,32.93,74.38,2.86,development,loamy,8.12,0
84.61,25.25,56.97,4.55,late,clay,9.7,0
57.52,25.76,84.93,3.35,development,sandy,7.03,0
82.23,28.6,51.63,2.06,initial,loamy,4.56,0
72.26,31.15,70.86,0,initial,loamy,0,0
58.68,29.58,41.91,3.35,development,sandy,17.81,0
53.54,25.68,35.65,5.86,late,loamy,10.7,0
67.1,26.78,84.3,2.54,mid_season,clay,11.91,0
59.31,30.13,40.03,0,mid_season,sandy,0,1
12.29,28.15,78.85,4.97,initial,sandy,9.94,0
68.33,24.92,74.22,1.34,development,clay,2.24,0
95,13.43,65.8,2.1,mid_season,loamy,18.31,0
38.01,17.28,33.57,4.81,late,sandy,26.27,0
42.42,33.23,78.83,4.21,mid_season,sandy,6.81,0
68.86,26.74,84.05,3.74,development,sandy,16.31,0
77.35,27.01,57.97,4.97,late,clay,6.7,0
73.89,20.45,72.19,3.52,mid_season,sandy,14.68,0
63.5,28.35,78.28,2.61,development,loamy,14.85,0
92.11,20.05,37.51,3.54,initial,loamy,12.97,0
47.82,27.23,77.43,3.57,late,sandy,12.73,0
60.63,16.89,64.02,4.67,development,sandy,6.1,0
34.05,21.34,41.98,1.23,late,sandy,1.76,0
54.97,26.27,37.93,3.64,initial,sandy,2.86,0
87.31,18.02,39.8,5.59,mid_season,sandy,15.97,0
55.73,21.49,75.0,0,development,sandy,0,1
67.89,15.21,60.29,1.94,late,sandy,5.19,0
58.38,25.87,64.57,4.7,late,sandy,3.94,0
80.38,28.83,75.39,5.54,late,loamy,0.66,0
47.59,31.65,56.32,1.83,development,loamy,18.12,0
20.22,28.58,35.21,3.73,mid_season,clay,3.1,0
54.65,24.27,81.35,4.84,initial,sandy,10.46,0
60.07,30.48,36.2,0,development,sandy,0,0
50.5,31.24,39.12,2.35,development,sandy,18.11,0
55.87,15.09,78.82,3.1,development,clay,6.79,0
54.49,22.15,39.58,4.2,initial,loamy,2.46,0
47.2,15.28,81.68,4.76,mid_season,clay,8.64,0
41.61,18.98,61.87,1.56,mid_season,sandy,2.26,0
18.99,16.97,34.35,3.69,mid_season,clay,21.5,0
44.65,24.04,41.02,3.9,late,sandy,14.09,0
59.8,14.94,35.82,0,mid_season,loamy,0,0
87.67,14.04,31.3,6.13,initial,clay,8.7,0
53.03,31.16,61.01,0,initial,loamy,0,0
40.68,24.66,71.72,0,late,clay,0,1
42.58,27.38,46.12,5.09,late,clay,19.79,0
5,21.35,51.43,4.77,mid_season,clay,14.49,0
65.37,22.14,41.72,2.82,mid_season,sandy,4.47,0
79.76,25.87,79.63,0,initial,sandy,0,0
36.31,19.61,79.58,4.18,mid_season,sandy,8.26,0
50.43,26.53,68.76,0,initial,clay,0,0
67.68,15.05,56.85,2.85,initial,loamy,0.49,0
49.05,23.89,77.07,3.27,mid_season,sandy,21.58,0
43.26,31.26,72.18,1.9,mid_season,clay,10.87,0
79.16,28.58,45.86,4.2,development,clay,8.82,0
32.48,33.01,34.1,0,initial,clay,0,1
81.89,17.07,83.11,4.36,initial,loamy,20.76,0
81.9,32.66,69.63,4.56,initial,sandy,6.1,0
44.28,33.41,79.55,3.98,late,sandy,4.17,0
52.3,24.76,51.38,3.72,mid_season,clay,17.08,0
54.86,12.97,84.24,4.14,mid_season,clay,20.41,0
65.84,22.29,68.99,4.4,development,loamy,14.74,0
50.65,21.33,33.28,2.42,mid_season,clay,3.21,0
71.05,22.36,44.66,3.73,mid_season,sandy,14.34,0
45.05,16.72,32.02,2.95,late,clay,17.58,0
48.52,32.38,61.85,3.85,development,sandy,15.35,0
63.26,25.97,64.8,4.69,mid_season,sandy,7.5,0
67.64,24.23,83.26,5.55,late,loamy,9.78,0
49.98,33.02,73.09,4.37,late,sandy,16.38,0
46.88,13.72,63.52,5.17,initial,sandy,11.48,0
37.37,16.93,78.48,4.3,initial,clay,8.71,0
33.37,32.6,37.74,3.61,mid_season,clay,24.16,0
76.54,15.07,81.22,5.5,initial,clay,4.69,0
61.02,26.89,68.76,3.35,mid_season,sandy,7.08,0
62.77,23.26,37.43,2.02,late,sandy,11.54,0
57.12,30.12,66.19,0,initial,sandy,0,0
46.5,24.23,73.93,0,initial,sandy,0,0
36.34,12.36,47.97,5.31,late,sandy,13.63,0
50.98,16.52,78.05,3.05,initial,sandy,8.38,0
67.51,19.11,52.25,5.81,late,loamy,7.37,0
95,22.77,78.32,2.72,late,loamy,7.27,0
54.79,25.57,54.0,3.86,late,clay,5.58,0
89.82,25.67,53.47,3.64,late,clay,14.77,0
49.23,21.54,48.37,0,initial,sandy,0,0
45.67,27.18,33.78,3.2,mid_season,sandy,4.96,0
60.42,25.47,73.83,5.96,mid_season,clay,19.37,0
61.16,30.51,45.31,4.89,mid_season,clay,11.49,0
44.76,14.13,55.34,3.14,development,clay,4.68,0
56.0,15.44,50.59,3.98,initial,clay,17.25,0
37.16,25.36,79.92,2.8,late,loamy,25.2,0
54.64,29.23,55.39,5.15,initial,sandy,7.77,0
59.45,31.94,39.96,0,mid_season,sandy,0,1
54.47,16.51,49.8,5.32,development,sandy,1.92,0
70.76,29.74,59.54,3.5,development,sandy,7.0,0
44.99,17.47,64.73,5.39,development,sandy,4.41,0
82.64,31.15,31.01,2.31,development,clay,7.14,0
76.91,30.45,63.99,0,development,loamy,0,0
82.13,17.22,78.99,0,initial,clay,0,0
34.58,29.77,32.63,4.32,development,sandy,9.24,0
11.41,19.49,78.05,0,development,clay,0,1
82.55,30.23,78.27,2.32,late,loamy,19.36,0
77.18,33.27,54.25,5.6,late,sandy,14.84,0
57.35,14.71,45.49,2.2,late,clay,6.55,0
86.77,17.14,56.06,3.73,late,loamy,16.58,0
36.97,13.83,66.28,2.24,initial,loamy,7.07,0
47.37,28.33,36.08,4.25,mid_season,loamy,7.72,0
71.09,23.44,47.92,1.49,mid_season,clay,6.13,0
46.89,31.44,47.17,0,initial,loamy,0,1
43.37,17.96,53.04,2.79,late,clay,10.56,0
35.69,32.61,61.53,4.19,initial,sandy,3.99,0
66.04,33.47,35.61,6.25,mid_season,sandy,13.64,0
33.99,25.75,46.1,3.79,development,loamy,6.92,0
58.35,28.08,59.08,4.68,mid_season,clay,13.56,0
43.21,31.3,81.65,3.78,mid_season,sandy,11.18,0
80.53,25.68,62.54,0,mid_season,sandy,0,0
38.39,17.01,31.49,1.87,development,clay,13.16,0
52.32,31.17,83.21,4.45,late,sandy,5.33,0
60.65,15.98,50.19,3.59,late,sandy,8.57,0
58.51,16.74,54.61,0.53,late,loamy,13.17,0
38.08,12.26,47.65,2.87,late,clay,19.58,0
62.3,13.96,41.78,4.8,late,sandy,6.43,0
46.24,21.64,38.77,3.7,mid_season,clay,22.81,0
42.7,22.15,63.66,0,initial,clay,0,0
74.87,23.1,31.15,3.19,initial,clay,7.92,0
62.42,18.32,82.25,4.32,initial,clay,4.37,0
29.72,24.86,63.85,3.2,mid_season,clay,11.16,0
35.87,27.81,41.16,4.39,mid_season,loamy,19.09,0
66.5,32.86,77.75,3.87,late,sandy,16.37,0
46.18,23.38,82.12,4.64,development,loamy,13.14,0
12.71,32.84,50.27,3.53,development,loamy,18.26,0
37.23,21.81,40.94,5.28,initial,clay,6.16,0
29.37,21.21,39.63,3.1,mid_season,clay,8.91,0
95,23.25,46.54,3.94,mid_season,loamy,8.14,0
56.68,31.92,74.31,4.98,development,loamy,15.83,0
52.86,12.87,35.12,0,development,clay,0,0
84.89,24.25,43.18,5.06,mid_season,sandy,15.01,0
68.92,22.56,68.78,4.78,late,sandy,8.86,0
37.55,13.24,30.5,4.58,development,sandy,12.63,0
64.59,20.37,31.59,4.26,mid_season,loamy,13.75,0
54.45,16.95,60.24,2.62,mid_season,loamy,21.3,0
37.56,32.42,39.15,4.99,development,loamy,12.96,0
63.19,24.81,52.97,5.93,initial,loamy,8.36,0
65.16,30.39,62.89,6.61,initial,sandy,8.59,0
50.84,28.52,59.48,3.81,development,clay,19.07,0
90.21,20.29,58.66,3.31,development,loamy,1.63,0
66.13,14.41,30.61,0,development,loamy,0,0
54.69,23.81,60.57,4.03,development,clay,0.18,0
60.3,22.47,43.39,5.48,mid_season,sandy,19.07,0
27.06,27.95,81.23,5.78,development,sandy,6.04,0
46.61,23.28,43.99,0,mid_season,sandy,0,1
37.43,29.58,82.11,2.24,development,clay,2.15,0
34.74,23.61,63.99,5.39,mid_season,sandy,4.58,0
58.28,23.07,37.13,6.12,initial,sandy,9.43,0
64.47,17.54,37.28,0,initial,clay,0,0
51.31,30.5,73.9,4.17,initial,loamy,6.16,0
56.48,19.47,69.16,1.74,development,loamy,0.78,0
43.07,25.91,72.84,0,initial,loamy,0,0
48.6,18.96,57.57,3.32,mid_season,sandy,9.85,0
46.93,15.23,48.75,4.6,initial,loamy,5.59,0
57.6,14.65,43.98,3.1,late,sandy,5.0,0
59.99,28.33,71.65,0,initial,loamy,0,0
29.75,30.73,30.2,0,initial,loamy,0,1
60.01,23.1,79.56,4.45,mid_season,clay,6.25,0
55.62,25.28,37.0,3.59,mid_season,sandy,1.54,0
80.62,19.26,73.46,0,initial,loamy,0,0
55.2,13.49,39.08,4.15,development,loamy,4.53,0
55.29,31.33,45.77,0,late,sandy,0,1
79.46,27.11,81.35,2.35,mid_season,clay,17.31,0
53.47,14.85,82.54,4.45,late,clay,14.67,0
52.91,14.48,57.66,0,mid_season,loamy,0,0
45.93,23.61,77.9,4.27,development,clay,10.41,0
67.74,30.53,60.14,3.55,late,sandy,17.12,0
65.26,27.79,46.48,4.74,initial,clay,4.63,0
28.08,18.39,51.24,3.87,initial,clay,16.54,0
69.06,32.53,75.02,3.47,mid_season,loamy,5.34,0
49.39,33.99,75.44,3.06,mid_season,clay,11.78,0
41.14,27.3,35.86,5.42,late,sandy,10.58,0
79.4,31.06,62.55,0,initial,clay,0,0
69.82,15.58,51.71,0,development,loamy,0,0
62.58,16.5,43.73,0,initial,sandy,0,0
91.15,20.56,32.74,4.84,development,clay,7.99,0
44.99,17.79,82.74,0,late,sandy,0,1
57.66,20.03,32.47,5.99,development,sandy,2.67,0
5,17.23,62.6,4.41,mid_season,sandy,4.21,0
44.85,15.65,61.29,5.4,late,clay,16.19,0
67.84,12.49,46.7,4.47,mid_season,sandy,16.26,0
81.59,29.86,46.22,2.34,mid_season,clay,17.46,0
47.33,32.6,71.24,3.35,late,loamy,4.39,0
68.17,15.29,67.97,2.99,mid_season,loamy,1.83,0
60.71,29.12,55.11,1.5,mid_season,clay,21.69,0
37.27,29.65,38.33,3.24,late,clay,4.91,0
51.39,30.42,75.01,5.27,development,clay,5.77,0
38.22,14.57,69.42,3.15,development,clay,5.52,0
34.96,16.68,60.26,3.3,development,sandy,7.22,0
73.08,15.26,53.77,4.57,initial,loamy,20.41,0
34.74,31.82,31.87,4.59,mid_season,clay,11.81,0
51.84,15.3,71.6,0,initial,loamy,0,0
57.19,21.42,32.73,0,development,loamy,0,0
77.65,18.12,36.12,0,initial,clay,0,0
58.04,14.71,72.91,5.29,mid_season,clay,4.59,0
88.7,22.33,79.66,5.36,late,loamy,9.0,0
48.95,27.08,65.49,3.74,mid_season,clay,8.39,0
81.01,18.57,51.14,4.72,late,clay,12.31,0
79.6,27.46,32.4,4.0,mid_season,loamy,8.93,0
59.77,19.2,66.93,3.65,initial,sandy,6.06,0
88.27,13.36,82.14,4.25,development,loamy,3.81,0
51.98,14.96,40.52,5.77,initial,loamy,9.69,0
34.87,17.11,66.06,3.38,mid_season,clay,19.14,0
79.72,31.69,83.05,4.27,development,clay,4.14,0
70.38,27.37,34.3,4.31,initial,clay,10.06,0
95,22.63,46.68,2.86,development,sandy,5.86,0
77.4,23.95,55.94,3.21,initial,loamy,1.05,0
51.48,22.58,67.05,3.58,late,loamy,6.33,0
59.87,20.45,35.21,4.22,late,clay,5.72,0
42.03,15.51,42.33,3.58,initial,clay,18.1,0
75.43,14.81,40.7,3.36,initial,clay,5.47,0
32.39,14.64,84.34,3.75,initial,clay,15.76,0
30.52,28.61,55.46,5.31,mid_season,loamy,9.68,0
55.73,27.17,40.75,3.25,development,clay,11.47,0
72.52,30.29,73.06,6.36,late,clay,11.39,0
49.04,28.35,84.45,3.4,development,clay,3.7,0
75.32,22.42,32.34,5.88,mid_season,loamy,20.09,0
46.4,26.7,67.52,2.14,initial,sandy,28.42,0
64.62,29.92,56.6,4.89,initial,sandy,4.83,0
58.55,19.26,70.56,4.04,development,sandy,6.25,0
95,15.88,39.86,3.17,mid_season,sandy,20.28,0
76.16,16.55,57.51,0,development,sandy,0,0
35.35,29.9,76.7,5.12,late,clay,14.5,0
67.63,16.53,69.63,3.88,development,loamy,6.65,0
56.41,29.09,40.97,0,late,sandy,0,1
41.16,21.64,70.18,3.96,initial,clay,11.46,0
42.08,23.78,41.48,4.77,initial,loamy,9.89,0
88.71,32.75,83.28,3.46,mid_season,sandy,18.78,0
55.06,30.62,56.09,4.26,development,clay,11.5,0
72.51,14.77,58.51,5.05,development,loamy,2.33,0
64.19,20.02,80.23,5.68,development,loamy,7.74,0
52.65,21.11,57.89,3.91,late,clay,7.77,0
68.33,15.57,42.66,1.34,mid_season,loamy,15.3,0
75.2,13.16,84.82,4.69,late,clay,12.19,0
45.07,20.31,53.13,0,mid_season,sandy,0,1
67.05,27.67,41.46,0,initial,clay,0,0
30.83,31.37,46.45,3.33,late,clay,14.08,0
72.08,12.66,81.05,5.07,mid_season,loamy,21.77,0
52.87,20.45,74.86,4.29,late,loamy,20.32,0
56.08,31.4,56.75,3.65,mid_season,clay,3.22,0
49.1,16.13,43.3,0,mid_season,clay,0,0
65.91,21.98,66.12,5.35,late,sandy,7.42,0
45.96,19.64,83.22,3.26,development,clay,21.74,0
53.83,18.33,53.43,4.32,late,loamy,10.13,0
89.8,27.77,49.43,0,initial,clay,0,0
55.27,30.53,54.13,0,late,sandy,0,1
29.37,29.95,77.47,4.34,mid_season,sandy,11.8,0
53.87,20.72,43.01,5.98,late,loamy,15.31,0
50.71,29.99,54.79,3.98,initial,clay,2.22,0
38.74,25.89,57.43,5.61,initial,sandy,2.02,0
43.56,32.02,57.88,5.94,initial,loamy,8.29,0
42.8,23.3,64.33,3.83,late,loamy,11.9,0
82.95,29.03,65.5,3.09,initial,loamy,14.62,0
67.23,18.58,52.97,3.42,mid_season,sandy,1.59,0
24.37,20.97,72.68,0,development,clay,0,1
41.3,26.85,81.85,0,initial,clay,0,0
55.67,15.77,78.49,2.97,development,sandy,9.26,0
29.21,21.14,83.28,3.58,late,loamy,4.44,0
48.13,29.68,82.83,1.6,development,clay,11.76,0
76.5,19.28,82.41,0,mid_season,sandy,0,0
45.79,27.29,69.58,4.47,development,loamy,3.09,0
83.69,30.12,56.61,0,initial,sandy,0,0
79.67,20.81,59.09,4.8,development,clay,0.03,0
28.92,21.52,45.06,3.13,late,clay,9.35,0
51.21,13.56,41.22,5.94,mid_season,sandy,22.6,0
32.62,31.62,60.86,4.17,initial,loamy,11.48,0
72.19,12.38,80.69,5.56,mid_season,loamy,9.39,0
30.27,22.72,72.11,6.53,late,sandy,0.01,0
78.84,32.32,69.07,4.19,development,clay,3.64,0
61.83,15.62,46.71,5.03,initial,sandy,2.54,0
67.26,32.6,30.31,4.74,late,sandy,3.95,0
48.16,25.87,54.05,4.63,mid_season,clay,8.24,0
5,27.98,32.86,0,development,clay,0,1
28.67,19.06,41.88,3.81,mid_season,loamy,25.1,0
72.23,22.0,50.42,4.08,late,sandy,4.28,0
62.06,12.59,45.51,0,mid_season,loamy,0,0
95,25.0,37.93,2.93,development,sandy,4.16,0
65.35,21.57,78.36,0,initial,loamy,0,0
63.03,24.33,40.14,4.12,initial,clay,2.31,0
80.35,20.39,51.03,0,late,loamy,0,0
43.74,27.55,30.75,4.38,late,loamy,12.66,0
54.84,13.72,30.96,3.86,mid_season,sandy,19.5,0
67.15,29.22,34.11,0,mid_season,sandy,0,0
51.29,33.35,41.3,5.52,late,clay,11.71,0
60.56,33.16,60.92,5.67,initial,clay,14.75,0
54.14,15.84,67.51,2.8,development,sandy,13.32,0
60.34,12.31,71.99,3.79,development,sandy,9.51,0
39.94,19.63,52.47,3.7,development,loamy,9.11,0
51.56,17.6,51.2,5.47,mid_season,sandy,10.22,0
48.06,23.24,73.66,2.5,development,loamy,24.39,0
83.35,30.26,36.86,4.46,mid_season,clay,11.28,0
45.89,28.56,41.62,3.62,mid_season,loamy,7.28,0
37.62,27.81,76.83,4.57,mid_season,clay,7.76,0
40.98,19.04,56.34,6.14,mid_season,sandy,5.94,0
69.86,25.55,76.87,4.62,late,clay,2.95,0
54.72,12.29,66.42,5.4,initial,sandy,15.8,0
44.86,29.78,38.06,0,late,sandy,0,1
63.33,25.79,50.6,0,late,loamy,0,0
45.09,27.11,39.15,5.43,development,loamy,15.86,0
30.07,14.17,58.5,2.85,mid_season,sandy,0.63,0
59.45,15.93,55.69,2.53,initial,sandy,7.88,0
16.38,27.19,34.89,3.81,mid_season,loamy,5.51,0
72.75,31.17,56.2,0,mid_season,sandy,0,0
64.71,21.16,70.12,7.27,late,clay,14.47,0
46.41,28.91,31.3,6.04,mid_season,clay,11.7,0
80.11,20.52,31.72,3.28,mid_season,sandy,15.38,0
68.54,22.18,35.26,2.45,mid_season,clay,7.99,0
79.22,24.83,53.29,4.28,late,loamy,10.27,0
87.95,18.56,33.92,5.15,mid_season,sandy,3.84,0
78.33,14.59,76.17,4.72,initial,clay,15.7,0
24.32,18.08,54.74,0,initial,loamy,0,0
47.6,20.11,68.46,3.06,late,loamy,11.82,0
50.23,25.36,77.44,5.23,development,clay,5.97,0
63.57,21.89,74.13,3.64,initial,sandy,0.71,0
56.86,22.65,33.97,3.52,initial,sandy,2.01,0
29.99,27.71,55.81,3.14,development,clay,12.06,0
61.16,14.17,53.12,3.81,development,clay,11.31,0
58.1,23.01,71.06,4.81,late,sandy,0.55,0
36.29,26.27,48.1,3.81,initial,clay,5.95,0
73.11,25.79,36.19,4.37,mid_season,loamy,6.01,0
91.68,32.76,76.19,3.39,initial,loamy,9.88,0
40.77,19.3,35.06,2.19,late,clay,6.12,0
35.09,27.98,41.45,3.21,mid_season,loamy,15.88,0
29.5,29.39,40.3,3.52,late,sandy,9.57,0
54.22,25.11,60.74,3.43,mid_season,loamy,14.58,0
76.5,12.77,62.94,4.34,late,loamy,5.98,0
49.49,26.19,74.29,3.45,initial,clay,12.61,0
61.24,29.45,60.84,4.91,development,loamy,10.72,0
81.51,17.35,40.19,4.65,late,sandy,5.74,0
77.05,20.29,75.32,5.28,mid_season,sandy,13.42,0
54.79,29.43,36.97,3.35,initial,sandy,4.96,0
30.69,18.42,81.68,3.63,mid_season,sandy,17.48,0
59.68,28.17,34.65,3.81,late,clay,13.51,0
63.69,18.3,43.38,4.52,mid_season,sandy,13.52,0
78.81,32.15,30.75,4.06,late,loamy,4.91,0
52.8,22.34,69.61,4.49,late,loamy,11.34,0
40.72,29.91,43.11,5.3,mid_season,loamy,8.44,0
71.63,14.06,61.96,4.32,mid_season,loamy,13.8,0
50.47,13.76,37.79,3.0,late,loamy,9.87,0
42.89,13.6,63.64,3.37,late,clay,7.19,0
55.12,12.81,48.23,6.44,mid_season,loamy,10.18,0
35.58,24.6,68.71,4.61,mid_season,loamy,9.79,0
81.93,18.09,73.81,5.16,initial,clay,9.85,0
54.3,32.95,63.18,4.82,development,sandy,0.95,0
46.25,21.85,62.95,0,initial,loamy,0,0
76.34,18.56,60.3,2.37,initial,loamy,3.09,0
34.33,16.03,45.58,5.03,initial,sandy,8.81,0
46.14,30.81,83.05,6.38,development,loamy,5.14,0
84.56,12.66,36.35,3.57,late,clay,14.52,0
85.35,21.59,68.13,3.07,late,sandy,9.59,0
28.77,31.83,61.35,3.53,mid_season,sandy,5.86,0
45.64,23.9,67.19,2.31,late,loamy,8.0,0
47.66,16.91,46.98,3.14,development,loamy,16.94,0
88.67,15.53,47.27,3.3,initial,clay,14.11,0
65.01,14.46,81.0,2.74,development,clay,9.61,0
60.51,28.22,74.63,3.79,development,loamy,16.04,0
56.92,25.76,76.51,7.98,development,sandy,2.81,0
53.67,21.17,80.83,5.79,mid_season,loamy,16.96,0
40.29,26.04,73.45,4.02,late,clay,4.33,0
22.73,24.81,54.68,2.04,mid_season,clay,7.03,0
25.51,25.49,81.16,0,initial,loamy,0,0
45.8,21.78,58.05,3.42,initial,sandy,10.11,0
54.37,19.67,71.77,5.12,initial,clay,0.09,0
45.8,23.57,71.38,0,development,clay,0,0
58.8,18.89,33.77,3.57,development,sandy,16.59,0
47.73,15.44,57.99,4.34,mid_season,clay,12.28,0
22.95,24.48,55.25,0,mid_season,clay,0,1
23.0,12.74,63.34,4.79,mid_season,sandy,9.39,0
36.51,31.25,77.63,4.6,development,sandy,9.13,0
62.21,21.44,71.7,4.12,development,loamy,26.16,0
80.79,31.4,38.94,3.18,development,clay,18.72,0
28.16,31.29,68.54,2.6,late,sandy,8.6,0
64.11,14.6,41.81,3.52,mid_season,clay,11.48,0
42.72,15.08,75.14,4.96,mid_season,loamy,23.76,0
44.25,14.8,44.84,4.04,late,clay,4.74,0
78.48,21.53,77.99,4.74,mid_season,clay,15.07,0
38.57,24.86,66.25,0,mid_season,sandy,0,1
62.66,13.49,61.31,4.56,late,clay,12.49,0
57.41,15.81,32.05,5.91,late,sandy,15.29,0
95,17.17,73.59,3.14,late,sandy,12.72,0
32.99,26.14,51.21,6.44,initial,loamy,1.62,0
23.59,25.69,83.21,4.01,initial,clay,7.87,0
31.73,23.49,52.34,5.36,initial,loamy,5.79,0
17.34,25.74,53.84,2.98,development,sandy,11.19,0
64.18,20.57,30.7,5.05,mid_season,sandy,9.29,0
15.83,21.45,79.09,3.56,mid_season,clay,4.27,0
43.44,33.05,55.93,4.34,late,clay,10.99,0
77.55,23.21,72.98,3.97,development,clay,12.73,0
66.76,29.1,57.64,5.58,late,clay,19.57,0
23.61,23.02,66.4,4.49,late,clay,5.74,0
66.82,22.18,68.37,3.39,initial,loamy,18.02,0
54.0,27.83,36.85,2.19,mid_season,sandy,12.22,0
95,12.71,75.71,4.19,development,clay,16.19,0
61.15,13.44,56.39,2.63,mid_season,clay,11.3,0
48.56,16.04,69.03,3.49,late,loamy,20.34,0
50.07,20.62,61.76,4.0,mid_season,sandy,23.72,0
51.66,23.62,84.77,3.3,late,loamy,6.5,0
58.93,17.58,48.75,1.78,mid_season,sandy,10.33,0
41.99,33.11,65.93,4.65,development,sandy,8.83,0
77.1,33.37,81.09,3.34,mid_season,sandy,14.68,0
55.95,32.44,69.32,4.35,late,clay,9.39,0
54.67,29.84,68.34,3.3,initial,clay,4.19,0
71.33,28.86,72.73,4.49,mid_season,clay,1.8,0
55.37,19.16,83.69,2.46,mid_season,loamy,2.81,0
23.61,30.61,70.37,3.64,late,loamy,8.56,0
56.34,19.41,76.17,5.32,late,sandy,7.12,0
24.6,26.31,51.42,3.67,mid_season,loamy,13.47,0
62.11,13.95,63.97,3.4,mid_season,sandy,3.97,0
67.81,26.94,54.38,3.04,mid_season,clay,10.95,0
58.26,27.59,52.35,3.77,initial,clay,7.03,0
50.47,18.93,49.45,0,development,sandy,0,1
62.43,16.08,81.08,3.55,mid_season,clay,10.66,0
63.79,13.77,68.95,0,initial,clay,0,0
31.91,15.57,65.95,4.09,development,clay,2.68,0
37.99,20.64,66.95,4.73,late,clay,14.7,0
45.12,29.17,51.04,4.34,mid_season,clay,16.91,0
50.63,19.8,64.13,3.64,initial,sandy,12.83,0
11.33,31.27,53.3,4.13,late,clay,6.71,0
40.57,24.57,53.94,4.65,late,sandy,6.4,0
75.01,16.54,78.05,4.25,late,sandy,7.73,0
60.56,22.34,42.01,3.76,initial,clay,12.96,0
79.05,21.49,57.7,0,development,sandy,0,0
42.31,14.49,74.7,6.53,mid_season,sandy,4.13,0
65.86,16.49,58.81,1.65,late,sandy,17.01,0
76.64,33.33,64.99,4.34,initial,sandy,2.71,0
53.65,15.26,46.53,6.33,late,sandy,5.9,0
57.39,23.38,79.58,4.34,initial,clay,14.05,0
70.75,21.48,55.72,3.06,development,sandy,14.72,0
48.83,19.8,70.33,0,initial,loamy,0,0
27.41,33.99,38.74,3.86,initial,clay,9.92,0
61.17,31.91,79.9,4.58,development,sandy,14.6,0
76.94,23.43,84.95,2.76,mid_season,loamy,14.07,0
42.64,29.74,49.12,7.1,mid_season,loamy,14.45,0
56.14,20.99,80.9,3.86,development,loamy,11.04,0
76.61,17.46,81.64,5.21,mid_season,loamy,14.98,0
35.83,12.13,50.75,3.99,initial,loamy,8.92,0
70.0,16.69,69.06,3.32,mid_season,clay,7.24,0
36.93,28.77,48.27,1.98,development,clay,3.5,0
54.68,30.92,74.3,3.84,initial,loamy,5.76,0
66.72,31.2,65.13,0,initial,clay,0,0
95,26.18,48.22,4.24,mid_season,loamy,18.33,0
63.52,31.45,46.84,2.64,mid_season,loamy,11.77,0
75.51,12.18,37.1,4.78,initial,clay,9.1,0
58.51,33.64,59.41,4.51,initial,sandy,10.65,0
95,30.42,72.78,4.77,late,clay,6.4,0
72.12,20.54,78.67,2.66,mid_season,sandy,5.62,0
50.1,18.65,82.47,3.79,mid_season,clay,2.73,0
71.86,33.3,77.24,3.02,initial,sandy,8.08,0
51.34,14.93,58.67,0,initial,loamy,0,0
51.11,25.3,36.24,0,mid_season,sandy,0,1
74.93,16.24,54.39,1.96,mid_season,clay,10.0,0
12.34,17.58,74.34,4.08,mid_season,loamy,6.25,0
62.66,14.31,61.2,5.02,initial,sandy,7.96,0
40.46,16.06,35.69,4.49,development,clay,5.18,0
60.12,18.36,30.51,2.74,development,clay,3.52,0
77.84,23.61,70.12,3.99,initial,clay,7.11,0
60.21,12.59,61.22,4.24,late,sandy,9.48,0
42.61,28.32,72.2,4.7,mid_season,sandy,10.23,0
74.87,26.91,64.76,3.99,late,sandy,3.75,0
26.96,19.19,78.79,5.45,late,loamy,9.75,0
76.42,24.03,34.08,0,development,sandy,0,0
40.38,33.22,43.76,0,initial,sandy,0,1
29.7,25.19,57.96,3.85,mid_season,clay,13.94,0
77.43,19.67,37.46,4.76,development,clay,7.23,0
46.09,32.12,47.57,3.52,mid_season,clay,8.08,0
67.69,20.86,36.02,0,initial,clay,0,0
52.35,28.72,57.08,4.66,mid_season,clay,9.32,0
49.81,13.08,73.82,5.53,late,loamy,12.09,0
55.39,30.75,71.97,4.14,development,clay,20.12,0
50.52,21.07,58.62,3.76,initial,sandy,2.34,0
52.22,33.4,59.28,0,development,loamy,0,0
75.26,12.18,54.47,3.9,initial,sandy,11.02,0
72.89,22.37,71.96,3.32,initial,loamy,7.59,0
88.4,21.88,56.18,3.92,mid_season,clay,5.04,0
82.33,27.11,32.48,3.85,late,loamy,11.85,0
68.03,15.26,33.94,2.85,mid_season,sandy,1.16,0
91.15,15.17,78.84,3.14,late,loamy,9.83,0
74.88,19.23,51.52,3.29,initial,sandy,7.81,0
49.03,25.6,52.21,2.63,initial,loamy,10.52,0
58.77,14.28,41.88,4.75,late,clay,7.0,0
42.41,28.43,50.88,2.63,development,clay,18.62,0
55.15,15.8,84.31,3.36,mid_season,sandy,12.5,0
55.64,22.17,78.72,4.23,development,sandy,10.45,0
81.63,27.02,34.61,5.38,mid_season,sandy,12.26,0
70.82,20.03,45.29,2.77,mid_season,loamy,10.11,0
38.81,26.02,69.91,1.88,development,sandy,6.7,0
25.5,17.09,78.74,6.62,initial,clay,9.34,0
58.4,22.39,70.29,3.89,late,loamy,12.72,0
24.73,19.75,49.69,3.0,mid_season,clay,25.57,0
75.83,19.3,67.05,4.64,mid_season,loamy,4.86,0
56.61,14.82,74.9,3.55,late,clay,14.56,0
26.76,26.05,49.33,3.47,mid_season,clay,6.68,0
55.13,15.8,71.61,0,initial,sandy,0,0
43.09,16.76,62.7,0,initial,sandy,0,0
37.43,17.66,49.31,2.13,development,sandy,6.52,0
95,32.71,30.98,5.24,mid_season,loamy,19.48,0
86.52,19.54,67.1,3.29,initial,sandy,6.78,0
56.89,31.55,51.06,2.86,initial,clay,12.47,0
23.28,17.32,62.11,3.23,development,clay,10.51,0
51.4,14.69,81.09,5.02,initial,clay,6.53,0
51.69,20.84,36.86,0,initial,sandy,0,0
60.39,32.36,72.41,5.9,development,loamy,0.79,0
39.81,15.2,35.24,0,development,sandy,0,1
13.35,15.16,52.25,2.97,development,loamy,10.47,0
24.94,19.07,53.97,3.42,mid_season,clay,10.12,0
41.01,14.0,50.71,3.99,development,clay,11.99,0
56.49,12.65,71.95,4.45,mid_season,loamy,0.02,0
70.29,33.66,62.51,4.05,late,sandy,23.3,0
58.97,21.42,43.57,3.51,initial,loamy,3.05,0
50.08,30.05,46.91,4.45,mid_season,loamy,26.81,0
48.51,31.69,71.35,3.92,late,sandy,13.38,0
64.39,24.54,74.04,3.95,mid_season,loamy,17.01,0
72.47,18.71,33.01,3.27,mid_season,sandy,13.09,0
5,18.37,71.78,3.41,mid_season,loamy,9.23,0
59.56,13.9,73.52,3.98,late,sandy,2.01,0
95,13.94,73.03,4.15,mid_season,loamy,17.01,0
43.81,12.28,43.65,3.59,initial,loamy,8.86,0
81.28,31.58,69.56,2.82,mid_season,loamy,9.56,0
31.26,20.43,63.87,4.98,initial,clay,7.19,0
76.68,26.98,79.5,3.9,initial,loamy,10.31,0
33.65,14.73,46.25,4.45,mid_season,clay,12.27,0
83.42,16.6,31.31,2.64,development,loamy,18.72,0
29.53,27.75,77.64,3.45,development,sandy,7.08,0
55.29,25.09,37.5,4.94,initial,clay,2.32,0
32.37,15.8,81.59,5.01,late,loamy,9.42,0
52.95,25.45,63.37,2.65,development,sandy,3.7,0
40.48,14.27,83.88,2.71,initial,loamy,2.08,0
63.96,22.47,57.34,2.62,late,loamy,11.68,0
71.4,27.38,68.18,3.41,mid_season,sandy,10.33,0
74.48,17.0,69.04,5.35,development,loamy,9.31,0
62.95,21.88,43.44,4.02,development,loamy,2.05,0
48.75,26.41,34.76,4.29,late,sandy,14.32,0
47.63,21.56,56.79,4.85,development,clay,14.16,0
95,24.39,46.61,5.83,development,loamy,4.02,0
40.02,19.54,58.93,4.11,late,loamy,16.65,0
90.66,33.39,53.58,0,initial,clay,0,0
27.62,13.95,46.69,4.18,initial,clay,7.56,0
33.85,16.71,77.2,4.17,initial,clay,13.44,0
65.32,20.73,42.62,0,initial,clay,0,0
76.28,26.53,58.72,3.41,late,clay,12.75,0
32.48,29.22,81.26,0,late,loamy,0,1
53.7,15.44,31.67,2.11,mid_season,sandy,15.67,0
84.34,16.71,44.96,5.39,late,clay,19.38,0
53.88,20.69,49.96,2.67,late,loamy,1.14,0
58.49,12.93,39.6,3.76,development,clay,14.51,0
20.98,18.22,71.12,5.98,initial,clay,5.08,0
58.73,32.36,52.91,4.68,mid_season,loamy,5.37,0
37.86,20.42,72.88,4.02,mid_season,loamy,16.16,0
62.72,22.1,60.64,0,late,sandy,0,0
50.38,28.1,67.55,0,development,clay,0,0
35.26,26.49,79.91,0,initial,loamy,0,0
43.2,20.82,43.91,4.59,initial,sandy,17.42,0
18.55,31.07,38.62,3.81,mid_season,sandy,10.3,0
72.64,31.09,52.73,4.38,late,clay,13.27,0
60.4,24.92,81.04,0,late,loamy,0,0
65.46,27.88,38.87,5.03,initial,loamy,9.71,0
38.64,31.58,47.29,0,initial,clay,0,1
67.12,31.75,59.77,3.12,late,sandy,8.72,0
55.0,33.43,79.33,4.36,late,clay,8.15,0
18.42,14.8,50.94,3.57,late,loamy,16.69,0
45.71,19.09,54.43,3.35,development,sandy,7.34,0
34.4,21.2,37.62,3.62,development,loamy,7.93,0
37.84,20.23,53.62,2.81,mid_season,clay,7.26,0
51.82,26.88,48.64,2.6,mid_season,clay,6.92,0
55.4,14.17,54.3,3.67,mid_season,clay,2.71,0
52.32,16.58,50.31,3.63,development,clay,18.48,0
46.79,17.33,67.34,6.35,late,clay,15.11,0
72.91,31.73,75.13,4.64,development,clay,16.87,0
23.0,12.14,35.45,5.14,development,clay,8.15,0
56.21,23.11,82.44,0,initial,clay,0,0
47.61,14.37,52.69,4.47,mid_season,loamy,0.27,0
64.42,29.67,36.14,5.05,initial,sandy,7.83,0
26.27,19.12,62.12,7.31,mid_season,clay,8.26,0
51.45,28.13,74.34,5.43,late,loamy,20.02,0
64.84,18.74,78.47,4.56,late,sandy,9.38,0
57.63,21.95,51.83,5.84,late,loamy,9.51,0
50.85,18.72,64.71,3.2,development,sandy,4.48,0
59.79,14.5,42.28,0,initial,loamy,0,0
63.46,21.67,78.94,3.44,late,clay,20.49,0
88.18,19.99,47.02,4.75,development,sandy,17.92,0
66.2,20.96,53.91,0,initial,clay,0,0
65.44,18.75,37.09,5.68,initial,sandy,5.61,0
78.77,29.05,34.08,3.92,initial,sandy,12.35,0
35.05,14.96,72.98,0,development,sandy,0,1
46.74,30.92,40.28,4.5,mid_season,clay,3.85,0
41.86,15.09,37.29,3.53,late,clay,3.17,0
58.47,27.22,58.18,3.58,late,sandy,16.21,0
57.95,25.07,83.95,2.71,development,sandy,7.42,0
33.12,16.78,58.48,0,late,sandy,0,1
48.19,20.8,59.41,2.97,late,clay,16.31,0
60.73,20.71,80.27,3.92,initial,clay,13.62,0
27.15,30.17,43.9,4.88,mid_season,sandy,17.64,0
77.99,13.53,78.8,4.07,development,loamy,11.77,0
73.51,17.99,71.63,6.21,late,loamy,9.56,0
39.7,33.58,58.85,4.64,development,sandy,3.9,0
77.57,24.57,61.5,3.18,development,clay,4.27,0
67.96,30.56,55.77,6.71,development,loamy,10.84,0
72.58,13.27,65.29,2.12,late,sandy,10.18,0
23.65,16.52,70.64,4.15,mid_season,sandy,23.61,0
54.01,22.57,37.67,3.42,mid_season,sandy,6.5,0
75.15,13.18,79.47,4.5,mid_season,clay,14.34,0
36.58,33.89,74.74,6.21,mid_season,clay,10.57,0
22.75,33.03,53.05,2.6,initial,clay,8.89,0
22.74,17.12,45.73,5.97,mid_season,loamy,0.19,0
82.53,22.48,46.28,4.33,initial,sandy,0.98,0
37.95,31.87,63.9,0,initial,clay,0,1
58.56,21.23,75.68,3.43,development,clay,17.02,0
29.68,23.33,36.97,4.22,mid_season,sandy,27.18,0
49.73,20.7,38.12,2.39,late,sandy,10.11,0
70.77,17.58,74.08,0,mid_season,loamy,0,0
87.46,14.98,72.72,0,mid_season,sandy,0,0
54.93,22.11,39.7,0,initial,clay,0,0
48.02,14.79,61.83,4.55,late,sandy,4.81,0
77.52,33.65,50.18,4.41,initial,sandy,3.27,0
44.99,20.28,41.16,5.89,mid_season,clay,7.07,0
34.65,28.81,77.84,2.81,initial,sandy,2.58,0
65.35,13.23,65.85,4.27,initial,sandy,4.1,0
11.04,32.1,72.29,3.59,mid_season,loamy,6.09,0
57.86,20.64,79.19,3.09,late,sandy,2.63,0
61.85,28.5,41.68,3.7,initial,sandy,0.19,0
71.83,19.54,58.14,3.35,late,sandy,10.1,0
31.43,13.74,53.82,5.04,late,sandy,0.06,0
48.15,28.41,35.77,4.67,initial,loamy,2.04,0
59.4,26.77,81.33,4.22,mid_season,clay,11.49,0
71.07,32.56,36.91,3.04,late,sandy,18.04,0
58.48,23.86,34.13,0,late,loamy,0,0
26.97,23.59,66.15,4.59,mid_season,clay,11.55,0
45.92,14.83,60.53,2.99,mid_season,sandy,17.37,0
73.18,31.9,70.98,2.62,development,sandy,14.47,0
54.21,17.83,53.49,4.4,late,clay,8.64,0
47.28,12.04,34.36,3.58,initial,sandy,19.07,0
69.05,20.62,53.81,5.4,development,clay,13.69,0
77.51,24.65,66.29,0,late,clay,0,0
67.1,19.16,36.51,0,mid_season,clay,0,0
58.76,30.18,60.62,3.3,late,sandy,23.32,0
36.49,28.47,61.95,3.87,initial,clay,16.22,0
95,32.0,30.72,2.56,late,loamy,20.61,0
47.29,20.15,71.4,5.01,late,loamy,11.81,0
55.39,12.49,39.25,5.33,late,loamy,7.06,0
62.35,20.78,83.97,4.67,late,clay,15.44,0
42.46,17.89,32.23,3.42,initial,sandy,19.63,0
63.9,18.04,42.76,2.78,late,clay,7.13,0
71.89,30.29,34.96,2.24,late,sandy,15.72,0
50.53,13.39,84.09,5.44,mid_season,loamy,19.74,0
53.6,21.39,64.93,5.39,mid_season,loamy,15.66,0
44.81,15.43,84.7,3.72,late,clay,11.8,0
68.23,15.83,75.68,0,mid_season,sandy,0,0
47.97,23.02,43.09,3.79,initial,clay,4.01,0
47.27,18.49,80.23,3.91,mid_season,loamy,16.15,0
60.61,33.23,41.86,5.35,mid_season,clay,33.87,0
60.45,27.2,81.37,3.06,development,sandy,7.64,0
34.43,28.74,73.24,2.25,late,clay,4.32,0
8.61,28.78,62.88,3.31,late,loamy,10.66,0
31.33,30.15,71.58,2.97,development,loamy,10.89,0
70.7,32.62,33.25,5.98,mid_season,sandy,9.66,0
27.73,28.06,48.53,4.4,development,sandy,9.58,0
78.91,30.83,71.49,4.64,late,loamy,7.63,0
43.43,30.99,46.76,6.43,mid_season,clay,7.54,0
71.58,31.56,81.5,0,initial,loamy,0,0
36.18,27.97,70.51,3.11,mid_season,sandy,7.08,0
82.7,29.86,63.47,0,initial,loamy,0,0
81.37,22.54,76.58,5.33,mid_season,loamy,22.1,0
44.59,27.22,79.91,2.84,late,sandy,8.37,0
40.1,28.02,70.75,3.0,mid_season,clay,10.23,0
58.12,18.2,62.97,3.03,mid_season,loamy,7.55,0
13.22,26.26,78.17,3.64,mid_season,sandy,12.25,0
70.73,25.12,83.01,1.28,mid_season,clay,16.17,0
56.9,21.18,71.49,6.24,late,sandy,7.19,0
62.45,26.93,41.09,4.62,initial,clay,10.71,0
59.8,15.89,66.11,4.36,development,clay,5.73,0
71.65,27.71,62.89,3.06,development,loamy,7.21,0
32.65,25.98,36.2,4.42,development,sandy,7.1,0
33.2,18.39,57.66,2.86,development,clay,1.43,0
37.04,22.15,72.06,5.59,late,loamy,2.47,0
57.61,19.08,40.8,4.28,mid_season,sandy,2.07,0
50.54,19.44,62.09,2.97,development,loamy,24.0,0
59.56,21.27,76.11,5.44,mid_season,clay,22.18,0
26.18,22.09,74.51,2.47,development,loamy,15.61,0
57.5,27.78,79.43,5.34,mid_season,loamy,6.64,0
65.57,33.82,32.04,0,development,sandy,0,0
20.15,25.51,52.88,5.2,development,sandy,7.71,0
78.48,29.22,65.8,0,development,loamy,0,0
51.82,29.21,31.62,0,development,clay,0,0
34.79,14.2,59.44,3.64,late,clay,18.92,0
50.23,16.94,71.58,5.85,late,clay,9.19,0
36.49,16.33,69.78,3.31,mid_season,clay,8.84,0
44.88,29.16,83.37,5.21,initial,loamy,7.21,0
38.44,33.61,50.82,4.22,late,loamy,4.62,0
39.01,25.72,79.1,0,initial,sandy,0,0
54.65,32.64,37.56,4.07,late,clay,12.29,0
56.26,31.43,58.41,3.7,late,clay,11.86,0
50.8,21.63,48.66,5.11,mid_season,loamy,9.4,0
65.48,18.06,75.92,5.24,development,clay,7.31,0
57.74,31.55,47.29,6.39,initial,sandy,3.45,0
64.89,21.27,55.3,3.17,mid_season,sandy,3.84,0
23.06,23.28,45.09,0,development,loamy,0,1
82.88,19.07,59.21,3.55,late,loamy,15.86,0
34.99,17.69,55.55,3.86,initial,loamy,4.2,0
53.8,28.55,67.09,4.45,mid_season,sandy,10.88,0
27.51,27.19,31.59,3.45,development,clay,7.78,0
24.76,32.68,30.21,6.94,development,clay,1.45,0
62.2,22.29,49.81,4.68,late,loamy,4.41,0
91.85,12.02,48.65,2.42,late,sandy,12.89,0
54.95,13.69,45.25,4.09,mid_season,clay,23.76,0
67.77,15.67,57.26,4.27,late,sandy,5.67,0
45.3,20.95,63.99,4.92,late,clay,13.59,0
56.92,32.67,83.5,5.31,mid_season,sandy,1.32,0
24.6,19.5,49.0,4.79,late,sandy,0.57,0
24.47,14.07,37.3,3.91,development,loamy,8.47,0
82.79,15.74,78.62,4.08,mid_season,loamy,21.47,0
66.6,32.21,70.46,3.71,initial,loamy,11.14,0
41.23,33.58,77.09,3.57,mid_season,loamy,14.11,0
67.02,15.04,63.67,6.0,mid_season,sandy,4.4,0
39.18,14.87,51.34,3.83,initial,sandy,9.35,0
45.96,33.09,80.87,5.28,initial,clay,8.38,0
57.1,29.02,40.98,3.86,mid_season,loamy,6.13,0
54.45,19.01,34.27,4.51,mid_season,sandy,13.04,0
41.35,16.12,50.41,2.99,initial,loamy,1.76,0
67.26,34.0,77.7,4.19,late,clay,2.35,0
28.42,19.97,80.55,0,mid_season,clay,0,1
76.28,32.76,57.9,3.79,late,sandy,7.48,0
58.48,19.89,51.38,3.02,late,clay,12.17,0
45.95,12.93,84.33,4.91,development,sandy,12.07,0
25.68,25.68,43.08,4.58,mid_season,clay,14.49,0
75.34,15.34,34.47,0,late,loamy,0,0
37.93,16.22,83.86,3.98,initial,clay,14.3,0
38.22,14.54,40.11,0.76,development,sandy,2.16,0
73.48,22.33,51.96,1.99,mid_season,sandy,16.33,0
57.91,29.07,57.64,0,initial,sandy,0,0
88.97,30.92,65.16,4.67,mid_season,clay,9.67,0
43.71,12.58,68.05,3.59,late,clay,15.23,0
54.7,18.23,32.51,4.69,mid_season,sandy,4.64,0
75.8,13.85,55.42,3.47,development,loamy,6.73,0
66.51,17.72,55.8,0,initial,loamy,0,0
71.26,17.08,44.06,2.82,late,sandy,14.46,0
42.4,13.12,73.34,3.39,development,sandy,1.59,0
66.38,31.91,62.25,3.38,late,clay,5.98,0
51.95,31.85,40.41,3.22,mid_season,clay,19.65,0
54.08,13.62,69.6,2.68,initial,loamy,12.47,0
85.84,30.04,45.44,2.74,development,loamy,2.39,0
61.01,32.82,46.06,3.9,mid_season,clay,15.28,0
28.83,28.12,55.61,5.31,development,sandy,9.9,0
47.81,21.46,66.03,5.12,development,loamy,19.95,0
62.7,18.45,48.8,3.87,development,loamy,8.23,0
29.45,14.58,81.68,3.35,initial,clay,6.08,0
13.75,30.04,69.86,5.39,development,clay,7.35,0
57.64,17.37,39.22,4.47,mid_season,loamy,21.8,0
42.59,12.29,78.4,5.04,initial,clay,4.72,0
26.0,15.65,63.42,4.04,development,clay,13.23,0
69.1,15.74,47.28,3.59,initial,clay,16.62,0
55.9,32.81,51.94,3.15,mid_season,sandy,6.93,0
31.13,27.3,40.82,3.09,development,loamy,6.22,0
84.36,19.59,72.8,2.8,initial,loamy,15.98,0
53.87,15.57,74.61,4.18,mid_season,loamy,3.48,0
46.27,25.94,65.44,4.04,late,sandy,5.63,0
47.3,21.88,80.04,5.55,initial,clay,3.46,0
58.81,24.19,36.59,5.56,initial,loamy,2.27,0
54.87,22.89,58.8,0,initial,sandy,0,0
68.32,16.79,54.95,1.49,development,sandy,6.76,0
63.74,17.86,70.41,1.71,initial,clay,3.03,0
85.49,30.53,80.04,3.4,late,clay,5.64,0
44.13,16.37,41.07,3.9,initial,clay,16.65,0
61.26,14.41,59.6,2.51,development,clay,7.06,0
47.3,29.27,61.21,3.63,late,sandy,1.67,0
92.9,19.62,71.7,4.18,mid_season,sandy,15.19,0
50.36,16.39,43.95,3.36,initial,sandy,2.57,0
80.51,29.9,80.49,5.56,mid_season,clay,5.33,0
38.31,27.52,36.26,4.78,late,loamy,4.62,0
57.97,31.17,80.95,3.28,mid_season,loamy,21.93,0
57.92,15.37,59.97,3.5,mid_season,clay,13.75,0
39.04,24.37,56.08,2.8,mid_season,sandy,8.5,0
70.57,25.88,51.18,4.35,mid_season,loamy,16.07,0
76.28,14.6,66.23,3.77,development,sandy,0.9,0
88.85,14.37,63.81,3.12,mid_season,clay,17.62,0
53.46,33.41,66.48,5.8,mid_season,loamy,10.57,0
25.41,22.96,66.78,3.27,development,loamy,18.77,0
73.25,19.89,66.21,5.87,initial,loamy,10.63,0
94.79,12.96,47.76,4.67,initial,clay,15.2,0
49.65,14.88,64.92,4.89,development,clay,2.15,0
73.25,19.83,40.82,4.1,initial,loamy,6.81,0
36.65,13.0,31.76,5.27,late,clay,13.92,0
42.7,31.54,75.98,0,initial,sandy,0,0
21.37,31.18,71.53,4.87,development,sandy,11.86,0
74.77,14.37,83.01,0,initial,clay,0,0
70.86,30.42,41.24,2.49,late,sandy,6.37,0
49.96,18.4,44.86,0,mid_season,sandy,0,1
54.37,23.04,82.51,2.77,late,clay,15.93,0
79.36,33.3,65.5,2.34,development,clay,11.93,0
61.99,20.75,52.57,4.42,late,clay,13.03,0
74.06,32.09,78.28,4.61,mid_season,sandy,3.58,0
69.1,19.89,36.82,3.23,late,clay,0.63,0
38.96,28.1,65.32,3.74,development,sandy,2.03,0
59.31,28.29,49.52,2.81,initial,sandy,0.71,0
26.09,25.88,43.91,0,initial,loamy,0,0
60.35,22.43,44.47,3.92,development,sandy,2.06,0
46.43,32.75,82.84,0,late,sandy,0,1
66.15,33.63,66.67,3.86,mid_season,clay,17.42,0
38.48,30.74,31.85,5.98,development,clay,11.11,0
43.5,28.65,42.47,4.8,development,clay,16.79,0
57.01,33.65,65.67,4.21,late,clay,4.94,0
78.47,21.32,62.25,6.73,development,clay,1.89,0
19.96,30.25,56.91,4.37,mid_season,clay,11.33,0
44.64,22.17,51.14,5.51,initial,loamy,9.68,0
45.68,24.38,38.81,3.73,mid_season,clay,14.02,0
72.41,17.68,57.79,5.09,development,loamy,5.06,0
48.53,33.02,62.73,4.25,late,loamy,10.84,0
62.01,33.13,47.03,0,late,clay,0,0
55.96,22.9,45.18,3.58,development,clay,6.03,0
44.8,31.57,79.16,5.82,late,loamy,6.16,0
36.86,26.89,83.71,3.14,late,sandy,15.85,0
47.82,23.14,31.89,4.47,late,clay,7.34,0
94.03,30.21,39.81,3.49,late,clay,12.73,0
56.83,23.98,46.66,0,development,loamy,0,0
70.6,22.94,49.16,3.89,initial,clay,11.88,0
76.79,20.44,75.46,4.19,late,sandy,0.29,0
48.29,13.87,65.73,6.19,mid_season,clay,11.88,0
47.59,12.54,58.77,0,initial,sandy,0,0
55.2,29.28,30.11,3.3,development,sandy,4.66,0
44.13,31.61,46.8,0,mid_season,loamy,0,1
56.59,14.76,60.5,3.1,mid_season,clay,8.86,0
45.66,31.62,32.46,3.82,development,clay,19.71,0
36.59,19.84,30.24,4.66,mid_season,sandy,9.93,0
80.33,17.8,66.51,3.42,late,clay,2.44,0
49.17,31.54,79.41,2.33,late,sandy,3.14,0
55.04,17.63,41.17,0,initial,clay,0,0
52.91,21.71,42.34,4.83,development,loamy,2.89,0
66.63,29.93,46.65,2.43,initial,clay,12.31,0
5,18.61,50.47,3.75,initial,sandy,3.87,0
44.5,31.18,78.25,3.57,initial,loamy,12.91,0
69.05,20.47,34.44,0,initial,sandy,0,0
52.07,32.93,36.39,4.69,late,loamy,6.58,0
56.02,24.38,68.74,4.08,mid_season,loamy,18.85,0
80.03,14.88,83.87,2.28,development,clay,0.64,0
47.08,29.6,32.17,2.42,development,clay,9.65,0
82.03,26.68,68.79,3.43,initial,clay,0.09,0
67.08,14.49,40.85,3.69,mid_season,sandy,14.88,0
75.95,13.84,74.2,1.57,initial,loamy,1.88,0
71.37,22.72,70.6,3.89,development,clay,9.02,0
17.62,31.37,40.31,4.19,late,sandy,4.23,0
42.3,22.97,43.89,0,late,clay,0,1
50.96,13.43,33.42,5.05,late,loamy,16.33,0
41.8,30.45,34.44,6.1,development,sandy,6.1,0
56.22,14.36,60.39,4.25,initial,clay,12.65,0
51.78,14.94,39.01,3.4,mid_season,loamy,6.34,0
57.77,18.86,43.12,4.17,development,clay,2.56,0
47.48,33.46,50.95,5.07,initial,loamy,6.62,0
70.4,32.6,71.08,2.58,late,loamy,2.35,0
73.08,23.28,68.26,4.53,initial,clay,3.98,0
59.32,29.52,78.47,4.84,mid_season,loamy,4.24,0
65.76,30.33,45.28,4.31,initial,sandy,7.49,0
78.03,31.63,35.25,5.36,mid_season,clay,8.44,0
59.14,15.35,31.77,2.53,mid_season,clay,5.38,0
56.24,18.0,55.13,0,initial,clay,0,0
62.45,31.01,38.19,1.29,development,clay,8.36,0
37.49,13.07,72.85,6.52,late,clay,19.86,0
76.14,20.73,73.06,4.45,development,loamy,7.28,0
17.62,21.31,78.38,3.21,mid_season,clay,12.65,0
60.04,32.46,63.38,4.42,late,clay,9.91,0
40.63,21.15,64.97,0,initial,clay,0,0
61.28,21.47,75.94,5.94,mid_season,loamy,7.31,0
39.18,25.4,53.56,0,initial,loamy,0,0
30.01,32.09,58.35,0,development,clay,0,1
40.49,28.01,59.35,0,development,sandy,0,1
61.69,17.85,37.11,4.01,late,loamy,13.06,0
55.06,28.91,36.4,3.79,development,clay,10.57,0
68.06,21.03,36.39,4.6,initial,loamy,3.97,0
43.15,18.65,31.0,3.56,development,clay,4.93,0
37.04,28.28,64.2,0,development,sandy,0,1
46.39,22.03,62.75,3.38,development,loamy,1.59,0
61.8,23.9,59.65,6.01,late,loamy,19.32,0
60.13,33.15,59.74,2.69,late,loamy,9.87,0
72.68,21.75,39.41,5.01,late,loamy,14.74,0
35.47,13.94,30.89,4.75,late,sandy,2.67,0
61.33,25.87,69.93,2.95,development,clay,5.33,0
63.15,32.76,57.18,2.37,mid_season,loamy,20.26,0
68.46,16.24,38.08,3.94,late,loamy,6.64,0
58.09,13.2,38.65,4.09,mid_season,sandy,11.34,0
69.96,22.79,79.14,4.42,initial,loamy,10.2,0
73.95,20.18,53.67,2.88,development,sandy,4.39,0
53.32,23.43,41.38,5.23,late,clay,6.82,0
84.21,24.32,30.24,3.16,mid_season,loamy,13.62,0
35.85,15.25,69.34,0,mid_season,loamy,0,1
61.95,24.85,67.82,5.98,initial,sandy,0.41,0
42.58,32.45,71.89,2.54,development,loamy,5.3,0
70.37,13.17,64.72,0,late,loamy,0,0
46.63,17.92,47.1,1.64,development,loamy,6.5,0
44.1,13.5,53.32,0,development,sandy,0,1
54.28,27.02,64.64,3.47,development,loamy,12.31,0
72.73,12.56,48.33,0,initial,clay,0,0
42.26,33.85,67.87,3.11,development,sandy,6.48,0
59.63,33.54,50.3,4.15,mid_season,clay,7.04,0
80.09,21.49,46.0,3.88,late,clay,6.86,0
58.68,14.24,55.37,2.96,development,sandy,7.88,0
48.93,24.17,41.8,2.98,late,loamy,12.31,0
26.49,14.92,83.31,0,late,loamy,0,1
53.3,13.72,77.71,4.22,mid_season,sandy,7.69,0
63.62,20.87,81.63,4.38,mid_season,clay,16.23,0
35.31,16.45,50.07,0,initial,clay,0,0
42.16,24.4,74.33,2.79,development,clay,16.13,0
49.02,13.38,32.96,2.04,development,sandy,13.07,0
89.07,21.01,80.83,4.42,mid_season,sandy,5.23,0
35.0,17.19,72.69,5.02,mid_season,sandy,14.26,0
44.17,28.04,41.52,6.05,initial,sandy,16.48,0
54.92,17.8,38.85,3.45,late,sandy,13.67,0
48.67,28.43,68.86,3.45,mid_season,clay,8.9,0
66.89,13.78,32.92,5.0,late,loamy,8.97,0
60.35,14.28,53.68,5.15,initial,loamy,6.57,0
73.75,26.58,82.05,0,development,clay,0,0
68.89,22.59,33.78,4.39,development,clay,1.62,0
61.69,24.99,77.8,4.08,late,clay,19.92,0
50.36,28.23,58.14,5.75,development,sandy,12.38,0
54.65,28.54,73.94,3.88,development,loamy,2.86,0
28.01,12.07,50.71,3.94,mid_season,clay,7.47,0
58.04,30.17,45.37,4.88,mid_season,sandy,15.53,0
77.27,24.53,67.94,4.36,development,clay,8.78,0
64.89,29.91,82.53,5.33,late,loamy,1.98,0
55.59,12.78,42.87,5.14,mid_season,clay,4.96,0
16.41,19.78,30.09,6.14,late,sandy,9.32,0
95,17.84,66.55,4.42,late,clay,10.34,0
46.69,18.8,31.51,5.22,development,loamy,1.44,0
36.5,21.81,71.71,5.72,mid_season,clay,21.79,0
9.56,20.13,59.19,0,mid_season,sandy,0,1
61.09,14.44,54.49,5.12,late,loamy,7.87,0
24.61,17.31,44.5,4.6,initial,sandy,3.56,0
30.96,31.84,78.56,5.27,mid_season,sandy,6.2,0
45.03,31.22,51.06,8.26,late,loamy,9.55,0
72.96,25.78,64.03,2.76,mid_season,sandy,8.23,0
29.12,29.79,33.69,4.78,development,clay,2.24,0
62.41,23.28,32.69,4.29,initial,loamy,8.37,0
56.06,12.66,30.43,3.46,initial,sandy,8.08,0
54.15,31.34,84.03,4.84,development,loamy,8.87,0
66.84,17.19,45.39,4.06,late,clay,3.97,0
57.97,19.82,77.12,3.83,development,sandy,9.55,0
66.95,18.95,67.43,5.26,initial,loamy,7.29,0
67.63,28.38,39.58,2.85,development,sandy,1.42,0
64.31,19.19,43.56,0,mid_season,sandy,0,0
51.07,12.37,60.72,3.49,late,loamy,1.32,0
83.83,26.34,58.26,3.98,development,sandy,31.12,0
11.09,21.91,33.99,0,development,loamy,0,1
50.16,12.84,32.28,4.78,mid_season,loamy,15.42,0
68.44,16.94,33.75,0,development,clay,0,0
46.29,30.06,60.27,4.2,mid_season,loamy,3.05,0
63.82,19.65,51.12,3.13,development,loamy,10.17,0
45.22,23.05,48.05,3.18,mid_season,sandy,13.71,0
79.94,18.96,70.22,2.21,initial,clay,11.17,0
83.51,13.04,38.66,5.87,initial,loamy,19.24,0
30.28,33.42,79.04,2.75,development,loamy,5.26,0
65.83,25.72,55.61,3.71,development,loamy,5.3,0
42.81,24.57,43.77,3.99,late,sandy,7.98,0
49.3,18.18,47.02,3.58,late,clay,1.13,0
66.78,32.05,69.74,4.41,late,loamy,6.04,0
63.46,21.3,73.71,0,development,sandy,0,0
48.92,33.64,83.04,4.92,late,clay,16.09,0
69.63,24.9,64.68,3.99,initial,clay,8.52,0
74.25,26.43,66.41,3.54,mid_season,clay,8.87,0
35.37,28.22,45.71,3.24,development,loamy,8.12,0
66.87,13.14,60.62,5.05,development,loamy,11.4,0
48.84,27.51,32.21,4.43,mid_season,sandy,11.6,0
34.07,20.96,31.82,4.74,mid_season,clay,18.42,0
48.79,12.6,53.56,0,initial,sandy,0,0
30.33,18.96,45.83,0,initial,loamy,0,0
26.01,20.46,47.08,2.79,development,loamy,7.45,0
56.82,12.86,72.99,5.4,late,loamy,0.72,0
66.89,15.5,83.62,4.92,development,loamy,7.79,0
53.83,19.3,31.0,4.19,development,loamy,2.1,0
61.26,33.59,42.49,5.47,development,sandy,6.99,0
36.41,14.0,79.78,0,development,sandy,0,0
76.1,30.25,58.11,5.11,development,clay,23.03,0
39.24,27.75,57.32,6.22,initial,sandy,5.91,0
61.47,29.16,66.73,4.69,development,sandy,6.17,0
64.65,14.43,68.96,3.63,mid_season,loamy,11.12,0
83.0,12.98,61.03,5.87,initial,loamy,5.69,0
28.47,21.44,70.85,4.14,mid_season,loamy,4.17,0
55.2,13.04,68.05,2.82,development,sandy,6.96,0
72.62,19.42,33.47,3.66,late,loamy,19.29,0
54.69,33.11,59.08,0,initial,sandy,0,1
49.66,31.39,47.85,4.27,development,loamy,5.2,0
73.85,27.18,59.38,0,initial,loamy,0,0
50.57,33.24,40.8,3.99,mid_season,sandy,20.26,0
55.28,33.51,36.85,4.4,development,loamy,7.04,0
32.64,12.7,36.24,0,development,loamy,0,1
51.81,19.78,35.35,3.7,mid_season,clay,26.96,0
49.13,26.93,30.71,5.51,development,sandy,7.16,0
95,22.65,61.34,4.54,development,sandy,0.12,0
59.93,30.26,48.74,3.66,initial,sandy,3.39,0
50.41,22.08,69.13,5.21,mid_season,clay,12.82,0
38.87,23.26,75.9,4.62,development,clay,17.3,0
52.46,22.44,38.52,3.69,mid_season,loamy,3.75,0
48.32,16.92,46.22,4.32,initial,clay,12.13,0
73.0,31.62,39.68,0,development,loamy,0,0
84.07,23.4,72.1,2.27,late,loamy,6.75,0
50.25,24.33,38.54,2.72,initial,loamy,12.92,0
62.04,22.24,82.92,1.96,initial,sandy,1.27,0
67.41,22.95,37.35,0,development,clay,0,0
15.37,32.75,74.12,4.51,development,loamy,4.34,0
57.8,32.68,39.39,3.66,late,sandy,18.29,0
57.36,12.6,75.08,3.56,initial,sandy,10.17,0
22.08,30.42,33.05,3.93,development,clay,5.07,0
42.37,16.71,60.72,4.18,initial,loamy,15.77,0
75.39,26.74,75.97,5.2,initial,clay,17.82,0
56.08,22.04,80.84,5.56,mid_season,clay,11.3,0
78.8,29.09,58.72,3.81,development,sandy,5.32,0
36.9,22.64,40.26,4.99,mid_season,clay,24.22,0
27.97,32.37,39.07,5.17,development,sandy,6.07,0
61.7,23.46,64.36,5.19,development,sandy,10.58,0
40.37,15.36,83.75,4.31,late,clay,1.9,0
59.6,24.65,64.7,5.66,mid_season,clay,14.46,0
61.29,21.29,44.97,3.93,late,sandy,11.71,0
36.46,18.45,73.54,4.05,mid_season,clay,8.31,0
75.38,28.51,63.4,2.82,late,sandy,0.53,0
64.26,18.31,32.8,4.3,development,sandy,5.31,0
25.16,30.95,37.5,4.42,mid_season,clay,19.34,0
92.86,19.78,66.63,3.43,development,sandy,9.99,0
73.36,16.25,56.72,3.07,mid_season,clay,11.85,0
44.67,24.73,30.39,0,initial,loamy,0,1
71.01,33.74,68.91,4.64,development,clay,9.89,0
86.99,33.76,57.4,2.86,development,loamy,11.54,0
59.73,21.7,62.62,5.0,late,loamy,12.05,0
62.83,13.63,33.31,2.78,development,clay,10.56,0
64.96,16.65,82.37,3.87,development,loamy,4.75,0
42.49,14.24,38.26,1.52,mid_season,loamy,2.85,0
58.98,12.18,30.34,1.88,late,loamy,5.16,0
45.61,28.1,39.52,3.49,late,sandy,8.99,0
74.23,16.71,40.96,0,mid_season,sandy,0,0
68.95,29.72,61.77,2.98,initial,clay,8.72,0
36.21,17.52,48.73,4.35,late,sandy,6.69,0
46.54,28.75,40.98,4.69,initial,loamy,19.52,0
84.01,15.88,44.99,5.16,late,clay,17.79,0
39.38,29.8,51.02,4.15,initial,loamy,8.98,0
55.74,20.77,45.78,0,late,loamy,0,0
71.31,13.02,77.43,4.46,initial,loamy,5.53,0
64.9,18.96,79.85,3.8,initial,loamy,4.84,0
46.19,29.3,38.21,4.19,mid_season,sandy,16.27,0
48.33,23.88,83.8,6.41,late,sandy,11.94,0
49.14,22.53,37.21,5.3,development,loamy,15.14,0
50.53,30.8,81.51,5.79,development,loamy,4.72,0
72.05,12.07,58.14,4.74,development,loamy,3.25,0
72.01,30.75,52.8,5.68,initial,loamy,4.71,0
41.02,18.37,82.2,5.96,initial,clay,13.76,0
40.12,18.83,57.59,1.47,mid_season,loamy,16.78,0
56.16,33.79,71.95,0,initial,clay,0,0
71.77,32.63,55.38,3.96,late,loamy,12.07,0
23.26,19.98,79.23,4.34,development,sandy,2.92,0
47.98,25.57,43.69,4.28,initial,loamy,7.36,0
42.3,19.4,84.71,3.93,development,sandy,15.72,0
7.78,32.74,79.49,4.24,initial,sandy,10.79,0
61.62,15.57,65.11,3.62,late,sandy,1.41,0
69.55,33.21,54.65,4.23,late,loamy,11.53,0
5,22.86,49.84,6.25,late,loamy,11.66,0
95,22.93,80.75,4.38,development,loamy,1.35,0
51.41,30.19,79.55,0,late,loamy,0,1
94.52,32.38,66.36,4.48,mid_season,clay,4.79,0
74.49,14.27,51.45,4.56,late,clay,6.5,0
60.62,32.51,35.76,5.17,mid_season,clay,22.17,0
59.44,22.9,49.1,4.48,development,sandy,14.71,0
47.93,25.83,55.59,0,mid_season,loamy,0,1
28.51,12.78,62.32,3.09,development,clay,15.91,0
89.09,13.04,61.67,5.32,mid_season,clay,0.97,0
74.15,32.26,40.19,4.96,development,clay,8.19,0
91.33,22.44,45.35,0,initial,sandy,0,0
70.27,32.61,49.28,5.47,late,sandy,0.51,0
55.59,20.32,72.21,3.49,mid_season,clay,8.03,0
82.48,33.54,37.91,0,initial,clay,0,0
52.43,29.14,65.15,3.19,initial,loamy,3.87,0
70.81,16.54,55.35,3.85,late,clay,15.93,0
38.1,30.86,61.7,5.11,development,sandy,3.42,0
34.23,23.85,50.93,0,initial,clay,0,0
30.95,22.16,57.72,3.74,mid_season,loamy,3.66,0
33.48,25.53,71.82,3.52,late,loamy,8.01,0
41.25,14.44,78.51,5.18,mid_season,clay,23.87,0
72.34,13.62,51.79,0,initial,sandy,0,0
46.66,26.69,80.47,4.47,late,loamy,0.22,0
74.47,12.63,49.63,3.7,development,sandy,21.22,0
53.42,18.51,59.92,0,initial,sandy,0,0
74.67,27.29,46.68,4.09,initial,clay,13.99,0
44.78,33.21,57.21,3.68,mid_season,sandy,13.82,0
57.78,21.1,71.33,5.17,late,sandy,8.12,0
69.33,31.03,74.96,3.09,late,sandy,9.63,0
66.32,33.68,47.63,4.54,late,clay,12.51,0
37.26,12.23,60.13,3.4,late,loamy,6.34,0
41.78,33.22,35.43,5.87,development,sandy,0.18,0
57.91,16.38,60.62,3.71,initial,loamy,8.83,0
44.03,33.24,58.87,3.06,late,loamy,5.56,0
66.34,27.26,34.0,0,initial,clay,0,0
45.5,23.6,66.21,3.5,initial,loamy,10.76,0
66.6,32.18,42.13,0,development,loamy,0,0
46.22,15.41,64.2,0,development,clay,0,0
66.66,12.96,76.0,4.51,mid_season,loamy,18.71,0
29.87,26.44,56.14,5.23,development,loamy,16.25,0
71.77,25.04,64.06,3.32,late,loamy,2.83,0
55.6,23.27,58.38,0,initial,clay,0,0
55.99,26.96,33.77,2.25,mid_season,sandy,5.88,0
60.82,27.01,43.37,5.0,mid_season,clay,19.29,0
70.15,33.16,61.41,5.7,late,sandy,16.64,0
75.34,20.16,82.01,4.03,mid_season,loamy,3.53,0
30.19,20.31,81.65,2.35,mid_season,loamy,14.84,0
95,13.78,73.07,4.66,initial,sandy,6.37,0
40.5,26.45,31.91,0,development,clay,0,1
28.29,23.06,81.07,3.86,initial,loamy,6.67,0
58.36,27.0,35.53,5.54,late,sandy,16.73,0
58.73,26.59,31.07,3.83,initial,clay,11.56,0
55.47,25.14,66.68,1.82,mid_season,loamy,6.25,0
88.84,15.12,52.17,8.17,development,sandy,13.78,0
90.29,31.74,60.98,2.19,initial,loamy,7.99,0
78.24,12.94,60.85,4.39,late,sandy,17.58,0
33.51,27.56,44.19,4.4,initial,sandy,4.14,0
78.77,15.4,33.77,3.39,mid_season,sandy,17.77,0
54.51,20.03,54.55,3.74,late,loamy,14.38,0
68.03,13.39,41.43,4.3,mid_season,clay,17.14,0
27.75,33.74,76.1,3.13,initial,loamy,6.67,0
12.9,28.47,77.68,3.93,late,loamy,12.62,0
49.5,26.2,35.38,5.5,late,clay,11.42,0
94.84,34.0,79.72,0,initial,loamy,0,0
55.28,31.42,62.6,2.73,late,clay,7.61,0
40.53,17.76,38.98,4.25,mid_season,clay,5.77,0
43.34,24.49,61.38,4.99,mid_season,loamy,2.24,0
47.43,14.19,76.92,4.66,mid_season,loamy,22.82,0
73.53,28.26,57.93,3.5,development,clay,3.49,0
40.82,20.14,49.13,1.86,development,clay,8.05,0
56.65,25.35,45.19,1.21,initial,clay,3.23,0
68.55,33.29,81.33,4.06,development,clay,19.86,0
74.25,24.13,74.79,4.18,development,loamy,0.13,0
56.54,30.84,32.82,4.26,late,clay,9.92,0
66.92,28.06,58.79,0,initial,loamy,0,0
35.64,23.09,70.94,0,initial,loamy,0,0
44.06,28.29,52.32,4.46,late,sandy,9.08,0
59.46,20.14,65.98,3.74,late,sandy,5.4,0
64.73,29.59,43.89,3.6,initial,loamy,10.29,0
63.52,32.08,36.69,4.3,initial,clay,16.63,0
69.97,31.86,64.83,4.21,mid_season,loamy,17.38,0
24.17,27.47,63.96,1.79,mid_season,sandy,2.35,0
84.82,20.62,45.23,2.17,initial,sandy,4.16,0
95,23.59,56.94,4.19,late,loamy,4.56,0
48.81,21.72,58.17,2.52,late,sandy,4.77,0
53.84,17.97,58.01,3.17,initial,loamy,13.46,0
37.87,12.95,52.18,4.29,development,sandy,12.94,0
49.24,29.68,75.27,1.7,initial,clay,6.11,0
55.73,13.91,63.31,5.23,development,sandy,6.8,0
59.31,23.16,35.2,4.19,mid_season,clay,14.07,0
72.62,21.98,40.77,3.54,mid_season,clay,10.32,0
75.25,32.38,72.26,4.2,development,loamy,5.2,0
24.12,18.22,60.26,2.59,initial,sandy,5.09,0
95,21.41,39.15,4.95,development,clay,5.04,0
60.2,26.25,39.79,4.34,development,clay,12.51,0
52.86,13.02,53.89,2.96,mid_season,loamy,8.35,0
29.33,24.05,80.66,0,development,clay,0,1
64.01,13.01,33.09,5.49,mid_season,sandy,11.86,0
58.27,29.94,60.21,2.95,late,clay,0.58,0
50.73,17.99,71.73,7.59,mid_season,loamy,15.95,0
29.28,22.41,54.59,3.38,late,clay,17.78,0
43.63,19.2,81.42,0,late,loamy,0,1
60.67,17.46,37.69,0,initial,loamy,0,0
48.85,17.07,40.47,2.66,initial,clay,6.47,0
26.99,22.11,63.21,4.09,mid_season,loamy,13.68,0
69.41,28.23,84.64,5.21,late,loamy,8.99,0
76.29,31.25,84.01,4.4,initial,sandy,6.98,0
50.44,27.87,74.46,2.95,late,sandy,5.74,0
72.89,30.71,76.92,5.43,mid_season,sandy,10.64,0
65.7,31.74,36.31,2.51,mid_season,clay,14.21,0
56.58,13.38,57.55,3.61,late,clay,5.76,0
67.0,29.6,40.48,3.62,late,loamy,1.39,0
83.08,18.36,32.61,6.14,initial,loamy,7.93,0
50.61,26.4,45.72,4.2,mid_season,loamy,16.59,0
56.42,18.52,79.85,2.28,mid_season,loamy,11.71,0
28.9,33.86,46.74,4.77,mid_season,sandy,8.68,0
67.05,21.08,40.52,0,late,loamy,0,0
74.23,15.71,53.33,4.14,development,loamy,13.41,0
68.14,27.61,31.06,2.97,initial,loamy,7.66,0
30.5,17.54,84.09,5.06,development,loamy,17.31,0
46.94,30.49,81.82,3.33,late,clay,3.38,0
62.45,24.4,38.06,6.5,development,sandy,11.46,0
52.0,15.5,31.44,0,development,clay,0,0
21.5,32.65,52.93,2.65,development,sandy,17.43,0
40.74,32.22,36.88,3.29,initial,loamy,8.22,0
64.62,22.1,36.81,2.72,mid_season,loamy,2.12,0
58.47,31.46,41.45,2.35,initial,clay,8.45,0
30.28,19.6,50.18,3.69,late,loamy,16.13,0
66.21,25.01,53.32,3.1,initial,clay,4.97,0
89.89,13.1,38.75,3.61,mid_season,loamy,13.31,0
55.77,15.76,60.89,4.47,initial,clay,6.36,0
54.91,17.34,65.71,0.78,late,sandy,7.06,0
39.96,20.6,77.93,5.16,mid_season,loamy,9.68,0
75.57,31.09,68.43,1.48,initial,clay,10.69,0
39.71,17.73,70.54,0,initial,sandy,0,0
74.17,28.17,42.7,3.58,development,clay,9.16,0
73.13,28.03,45.03,4.08,development,loamy,19.31,0
16.65,18.93,67.28,4.46,initial,clay,8.52,0
95,13.63,66.99,3.13,late,sandy,7.61,0
36.1,33.76,55.4,0,initial,loamy,0,1
36.76,31.44,77.4,0,development,clay,0,1
56.1,12.64,83.59,0,initial,sandy,0,0
40.81,27.5,47.28,3.94,development,loamy,3.92,0
43.05,23.57,64.5,2.47,late,clay,12.5,0
37.14,29.27,68.6,4.66,mid_season,loamy,5.0,0
74.0,20.21,58.67,3.41,development,clay,13.68,0
26.81,29.32,53.29,3.54,late,loamy,11.47,0
66.7,28.23,67.65,3.55,late,sandy,4.36,0
27.76,25.63,55.69,4.8,initial,sandy,10.71,0
88.38,13.77,41.17,4.55,late,clay,13.45,0
67.31,23.76,39.84,3.64,development,sandy,7.84,0
33.97,23.71,40.12,3.76,initial,clay,1.85,0
82.08,18.21,34.99,4.1,mid_season,clay,15.89,0
56.31,14.82,73.26,5.67,mid_season,loamy,11.02,0
32.68,16.39,40.43,3.02,development,loamy,0.36,0
52.65,18.35,68.28,0,initial,sandy,0,0
89.19,14.61,64.47,5.11,mid_season,loamy,2.15,0
52.96,32.38,71.61,3.8,initial,clay,11.77,0
35.58,24.17,46.62,3.36,late,loamy,15.62,0
44.74,22.73,67.98,2.88,mid_season,clay,9.08,0
35.53,21.41,53.38,2.86,late,clay,9.66,0
47.26,25.67,30.01,4.81,development,loamy,16.88,0
76.52,13.99,33.88,0,initial,sandy,0,0
82.36,24.7,49.91,3.44,initial,sandy,15.03,0
95,27.39,42.07,5.1,mid_season,clay,9.81,0
79.26,19.05,41.33,2.83,initial,clay,8.08,0
54.75,12.94,51.4,3.62,late,loamy,8.08,0
56.71,23.04,35.25,5.23,initial,sandy,7.87,0
63.06,16.07,76.72,3.0,development,sandy,9.86,0
69.41,32.19,69.41,5.37,mid_season,sandy,12.86,0
76.11,27.37,83.44,4.33,initial,sandy,1.83,0
62.61,19.9,61.13,1.38,development,loamy,15.2,0
70.99,27.25,49.22,2.77,late,sandy,4.84,0
52.13,29.58,61.72,3.58,initial,sandy,17.45,0
45.62,21.49,48.31,3.01,late,loamy,12.46,0
72.54,14.63,58.19,3.88,development,loamy,0.17,0
45.63,14.28,72.58,4.83,late,sandy,2.29,0
43.81,31.42,57.18,1.89,mid_season,clay,21.55,0
40.2,32.83,41.25,6.64,initial,loamy,7.67,0
27.24,31.95,62.25,4.47,mid_season,sandy,13.5,0
53.44,14.68,36.61,2.78,late,clay,25.22,0
62.44,20.91,76.29,4.76,development,sandy,6.18,0
64.56,23.73,82.73,4.66,late,clay,5.76,0
29.61,33.85,43.44,0,initial,loamy,0,1
95,27.86,62.82,3.98,late,sandy,10.21,0
62.39,30.61,65.31,1.46,late,loamy,1.34,0
23.33,13.26,58.49,2.09,late,loamy,15.88,0
66.81,23.76,44.94,3.87,initial,loamy,2.98,0
37.29,15.18,37.36,6.17,late,clay,19.4,0
47.55,32.01,32.67,6.15,late,clay,12.12,0
56.22,27.23,70.93,3.84,late,clay,12.7,0
75.43,14.71,55.24,0,development,loamy,0,0
69.68,13.88,72.4,0,late,clay,0,0
26.07,12.51,40.97,2.98,development,loamy,7.78,0
66.85,16.35,75.55,3.72,late,sandy,20.09,0
91.41,32.66,58.37,5.47,late,clay,6.1,0
54.46,26.57,80.57,1.85,development,sandy,10.66,0
54.28,27.99,80.7,1.83,mid_season,sandy,3.71,0
42.69,31.96,39.36,4.85,development,sandy,11.69,0
44.72,16.42,56.58,2.71,initial,loamy,17.43,0
60.78,21.17,46.28,4.39,initial,loamy,9.01,0
47.46,12.46,41.73,4.2,initial,clay,9.09,0
71.49,17.28,52.88,3.69,late,sandy,4.65,0
61.97,20.87,81.3,3.43,mid_season,clay,15.86,0
78.2,20.78,39.95,4.26,initial,loamy,8.8,0
48.84,22.59,56.43,6.95,development,clay,3.97,0
39.22,23.56,82.02,5.53,initial,sandy,17.08,0
53.4,19.61,45.21,3.24,mid_season,loamy,10.07,0
57.08,19.82,72.5,6.54,development,sandy,16.64,0
74.41,19.77,61.74,6.06,initial,clay,12.21,0
44.92,14.41,64.23,5.1,mid_season,sandy,7.83,0
47.48,27.27,43.14,4.7,initial,clay,16.28,0
54.02,22.56,46.93,0,development,loamy,0,0
51.55,29.57,71.29,3.18,development,clay,15.39,0
51.02,23.6,69.6,4.31,initial,sandy,2.73,0
66.79,18.12,77.74,2.79,mid_season,clay,5.62,0
59.09,30.85,45.57,3.5,development,clay,8.17,0
35.16,22.73,68.27,5.24,development,clay,22.1,0
65.1,12.35,34.02,3.38,initial,clay,4.44,0
82.54,18.16,83.27,0,initial,loamy,0,0
43.62,26.54,41.2,0,initial,loamy,0,1
89.15,29.13,78.13,5.31,late,loamy,14.98,0
17.59,21.0,68.39,0,initial,clay,0,0
37.68,15.82,56.84,3.38,mid_season,clay,18.27,0
78.59,29.96,46.4,0,development,sandy,0,0
25.48,26.42,53.23,2.92,development,sandy,9.81,0
54.85,18.39,82.9,2.72,initial,clay,11.99,0
68.1,17.92,83.31,4.38,late,clay,18.3,0
22.05,19.71,83.06,5.48,late,loamy,13.15,0
55.85,17.27,69.87,3.3,initial,clay,15.08,0
58.22,31.39,84.67,3.71,late,clay,17.22,0
56.04,31.01,79.62,5.27,mid_season,clay,13.86,0
67.07,28.13,67.26,0,late,sandy,0,0
78.16,25.66,77.71,3.86,late,clay,9.51,0
52.95,27.08,54.13,4.17,mid_season,clay,10.03,0
95,25.34,73.45,4.15,mid_season,clay,8.42,0
57.11,32.08,59.31,0,mid_season,sandy,0,1
79.76,25.66,39.76,6.27,initial,sandy,11.33,0
48.5,30.58,46.77,3.81,late,sandy,13.91,0
63.46,18.74,67.69,3.62,late,loamy,4.73,0
55.6,16.73,77.58,4.06,initial,loamy,0.85,0
71.81,12.42,67.03,4.74,initial,loamy,5.76,0
46.27,16.61,43.2,4.29,initial,loamy,12.57,0
46.91,19.24,65.22,3.22,late,sandy,15.52,0
66.35,22.92,30.79,3.06,mid_season,clay,18.24,0
46.66,20.28,63.06,3.92,mid_season,sandy,2.12,0
72.61,33.68,64.57,3.9,late,sandy,9.45,0
60.91,25.95,67.75,4.6,development,sandy,8.25,0
40.8,25.72,53.83,4.97,initial,sandy,11.17,0
84.32,14.9,53.8,4.63,development,clay,7.56,0
62.6,24.14,78.65,4.72,development,clay,1.76,0
50.0,24.33,72.8,4.18,mid_season,sandy,5.25,0
80.2,18.02,65.95,2.2,mid_season,sandy,0.71,0
31.47,19.07,39.97,3.48,late,clay,17.4,0
55.29,15.64,30.78,0,initial,sandy,0,0
55.29,32.25,57.34,4.46,development,loamy,6.89,0
67.24,14.95,44.03,4.63,initial,sandy,4.72,0
36.2,15.38,44.53,3.72,mid_season,loamy,6.32,0
63.13,20.15,68.13,4.01,late,loamy,13.32,0
67.32,12.46,41.22,2.42,mid_season,clay,24.41,0
63.83,20.18,30.19,3.17,late,clay,16.3,0
61.53,18.07,37.39,3.79,initial,clay,1.32,0
78.99,15.95,51.04,5.13,late,sandy,9.89,0
47.8,30.38,61.5,0,mid_season,loamy,0,1
84.3,17.59,53.93,0,initial,sandy,0,0
58.14,21.27,46.68,4.8,mid_season,clay,9.91,0
42.11,28.34,67.64,4.69,mid_season,clay,8.37,0
65.02,23.21,78.71,2.44,late,loamy,18.27,0
54.45,28.12,69.62,4.77,late,loamy,12.0,0
63.0,18.92,36.06,3.9,late,sandy,13.84,0
54.04,22.87,48.11,3.52,late,sandy,3.84,0
31.47,18.82,77.74,0,development,sandy,0,1
69.57,15.75,60.09,2.6,development,clay,11.61,0
34.55,23.17,82.25,2.47,development,loamy,14.66,0
92.03,16.31,63.09,3.25,initial,sandy,13.31,0
43.64,32.59,56.64,4.9,late,clay,20.67,0
71.73,26.89,70.02,2.71,development,loamy,0.96,0
54.94,30.28,84.78,3.07,late,sandy,12.39,0
76.02,22.35,66.38,6.84,late,sandy,12.5,0
62.74,29.69,56.95,3.02,initial,loamy,20.05,0
26.36,22.57,37.41,4.41,initial,loamy,6.14,0
43.43,25.88,81.39,4.05,late,clay,20.29,0
58.13,16.29,78.85,5.4,development,loamy,11.9,0
31.82,32.15,81.2,4.44,development,loamy,4.99,0
64.02,22.53,69.51,3.89,development,sandy,3.3,0
18.92,29.21,82.52,3.46,development,clay,8.2,0
59.85,12.65,60.95,3.28,development,loamy,11.82,0
75.79,29.31,67.2,2.94,mid_season,clay,10.27,0
70.97,28.01,82.97,5.09,late,loamy,6.27,0
72.35,20.12,32.0,4.24,development,sandy,0.45,0
53.78,32.04,51.25,2.01,late,loamy,13.86,0
33.88,25.65,60.37,4.42,mid_season,loamy,19.42,0
39.53,28.51,53.29,0,mid_season,clay,0,1
71.5,23.74,83.58,5.56,late,clay,12.09,0
66.38,15.32,68.02,2.92,initial,sandy,7.26,0
57.62,31.06,46.41,3.86,development,sandy,2.5,0
22.05,16.64,66.96,0,initial,clay,0,0
65.84,31.21,67.55,2.2,development,clay,2.79,0
64.09,28.25,46.31,7.06,mid_season,clay,13.24,0
73.49,17.12,50.22,4.78,mid_season,loamy,4.24,0
49.54,32.74,38.69,4.51,late,clay,8.87,0
49.34,31.96,68.92,1.95,late,clay,3.44,0
48.05,13.55,60.18,2.71,development,clay,8.36,0
48.16,17.27,51.57,5.42,mid_season,sandy,13.79,0
32.03,31.55,47.59,4.88,mid_season,clay,20.31,0
89.93,28.87,79.8,5.3,development,sandy,10.45,0
54.59,22.88,42.95,3.14,initial,sandy,4.07,0
49.36,26.62,47.56,3.95,initial,loamy,3.61,0
53.63,18.81,48.02,5.28,development,sandy,5.43,0
63.26,19.55,72.47,3.89,initial,loamy,2.16,0
32.9,25.84,31.28,3.7,development,clay,10.0,0
48.16,21.85,69.45,3.16,mid_season,sandy,15.93,0
59.96,22.54,64.28,2.1,initial,loamy,20.0,0
30.17,29.51,63.08,3.61,late,loamy,14.23,0
31.77,28.17,53.5,3.24,development,loamy,11.16,0
47.74,30.24,54.6,3.51,mid_season,loamy,28.16,0
55.79,13.6,53.73,3.61,mid_season,loamy,10.49,0
32.65,17.28,52.79,2.9,mid_season,clay,12.55,0
64.15,17.64,47.58,0,late,sandy,0,0
95,15.09,62.3,2.34,late,clay,3.83,0
37.01,29.46,36.72,4.3,late,sandy,8.52,0
47.84,27.62,50.5,4.35,development,sandy,7.37,0
35.68,30.69,75.0,4.43,mid_season,loamy,9.55,0
48.41,16.78,50.24,2.22,development,clay,1.22,0
45.94,31.72,39.59,4.02,late,clay,8.69,0
41.57,33.94,32.68,6.36,mid_season,clay,18.75,0
44.36,15.18,74.6,3.67,mid_season,clay,9.86,0
35.52,33.22,49.23,0,initial,loamy,0,1
28.96,30.79,51.27,6.63,initial,clay,3.29,0
65.89,20.93,31.72,2.9,development,sandy,11.96,0
44.26,12.02,46.17,3.4,development,loamy,14.17,0
40.92,29.96,54.36,0,development,loamy,0,1
52.3,22.81,60.72,4.96,initial,clay,6.63,0
47.96,20.89,37.24,0,late,sandy,0,1
73.05,24.8,33.11,5.01,mid_season,sandy,8.56,0
45.4,23.23,67.14,3.06,development,sandy,10.59,0
58.81,33.11,60.7,4.6,late,sandy,0.24,0
42.85,20.42,61.06,4.08,mid_season,clay,12.59,0
68.36,32.62,35.81,4.91,development,clay,20.48,0
79.23,25.47,33.02,0,late,loamy,0,0
41.99,24.06,54.62,4.78,initial,loamy,0.18,0
65.2,18.69,80.89,0,initial,sandy,0,0
36.42,21.05,35.02,4.11,mid_season,clay,24.14,0
58.73,15.24,74.91,4.42,mid_season,clay,14.87,0
53.57,31.68,78.13,4.45,late,loamy,14.4,0
48.6,25.01,78.54,3.73,initial,sandy,6.26,0
36.67,28.25,42.1,4.81,late,clay,13.62,0
21.52,24.56,45.01,2.76,late,loamy,8.17,0
41.25,31.63,36.06,3.78,late,loamy,11.4,0
39.0,15.38,73.48,0,initial,sandy,0,0
8.84,25.47,61.75,3.96,development,sandy,2.53,0
77.45,21.76,46.16,2.58,development,clay,18.27,0
56.67,28.49,38.86,3.75,late,loamy,11.35,0
34.86,26.43,34.15,3.68,late,clay,5.56,0
72.5,12.93,48.81,0,initial,clay,0,0
23.93,19.44,55.43,3.18,mid_season,loamy,4.87,0
44.23,25.62,34.25,5.79,mid_season,sandy,0.63,0
67.05,29.79,30.23,3.13,development,clay,6.77,0
35.01,33.73,30.58,2.69,initial,loamy,16.78,0
81.48,15.44,83.16,4.75,mid_season,clay,23.75,0
59.08,15.52,40.93,0.75,late,loamy,7.3,0
53.03,27.67,67.12,4.02,late,sandy,1.09,0
72.66,16.76,63.19,4.39,late,clay,9.2,0
68.11,15.22,46.36,4.34,development,loamy,5.79,0
53.31,30.34,45.0,5.38,development,sandy,3.96,0
69.57,18.67,60.15,4.25,development,sandy,15.29,0
86.22,17.65,74.87,2.81,development,loamy,6.42,0
42.95,28.24,48.08,2.68,mid_season,sandy,14.87,0
87.38,27.73,83.7,4.16,mid_season,sandy,20.27,0
82.45,17.75,68.81,4.93,development,sandy,0.33,0
70.42,13.71,46.44,3.27,development,clay,8.13,0
14.17,17.62,43.33,0,development,sandy,0,1
34.26,33.4,36.86,0,development,clay,0,1
47.44,22.37,52.67,4.23,late,sandy,3.94,0
93.13,22.98,49.31,4.05,initial,loamy,11.18,0
65.76,28.39,45.47,2.75,development,sandy,11.52,0
40.54,13.55,33.86,1.38,late,clay,22.49,0
33.64,31.5,57.26,4.27,late,clay,0.97,0
63.77,33.67,46.83,6.11,late,clay,17.14,0
72.82,21.76,84.42,4.68,mid_season,clay,11.81,0
66.8,16.7,70.61,3.27,mid_season,sandy,14.6,0
45.33,25.71,59.26,5.54,initial,sandy,9.99,0
47.32,16.62,44.44,4.26,late,sandy,13.49,0
78.69,28.51,57.18,2.23,mid_season,clay,26.6,0
59.91,17.84,68.99,0,initial,clay,0,0
67.66,23.18,54.65,4.78,development,loamy,9.66,0
48.95,14.17,55.6,2.35,mid_season,loamy,2.13,0
23.42,12.97,50.29,0,mid_season,sandy,0,1
69.62,29.81,47.89,3.08,mid_season,loamy,18.01,0
78.53,20.84,35.17,4.03,initial,sandy,3.83,0
77.49,17.96,40.94,4.21,late,loamy,11.39,0
17.68,23.11,47.54,5.22,late,sandy,1.26,0
37.56,15.79,81.44,3.59,mid_season,sandy,11.8,0
39.32,15.18,49.83,3.21,initial,clay,0.28,0
52.48,16.41,73.19,4.97,mid_season,sandy,13.87,0
89.84,23.71,66.79,4.44,initial,loamy,5.95,0
53.49,32.4,61.97,0,mid_season,sandy,0,1
56.95,23.69,72.52,0,late,sandy,0,1
48.15,23.37,56.31,4.73,development,loamy,11.2,0
62.11,15.76,60.57,6.09,development,sandy,10.14,0
79.58,19.11,65.94,4.61,initial,sandy,1.62,0
48.37,27.73,79.95,3.09,late,loamy,8.74,0
82.02,15.0,42.41,0,development,loamy,0,0
46.28,30.72,59.09,4.0,mid_season,sandy,12.8,0
83.64,32.02,42.11,0,development,sandy,0,0
67.14,29.35,77.57,2.46,initial,sandy,2.08,0
87.93,31.53,46.33,3.68,mid_season,clay,27.17,0
59.77,25.45,61.84,4.16,development,clay,13.25,0
60.41,17.55,36.65,3.58,initial,clay,9.9,0
72.82,15.18,41.46,7.07,mid_season,sandy,2.28,0
39.9,26.55,77.89,0,initial,clay,0,0
57.71,22.2,65.33,5.23,late,sandy,3.56,0
63.45,22.22,51.09,5.43,development,loamy,5.59,0
15.5,25.09,43.54,2.1,late,sandy,16.46,0
81.27,13.33,64.8,4.53,mid_season,clay,31.47,0
39.11,31.33,80.9,0,initial,loamy,0,0
50.63,25.03,68.31,0,development,sandy,0,1
41.28,19.84,31.08,6.02,development,loamy,10.49,0
46.86,22.37,83.94,4.57,mid_season,loamy,19.0,0
35.57,21.06,78.57,3.42,mid_season,loamy,5.56,0
42.47,20.76,73.17,3.43,late,loamy,8.3,0
71.55,21.9,71.39,4.4,mid_season,sandy,8.64,0
45.43,33.69,58.2,4.96,development,loamy,8.66,0
30.1,14.57,64.99,3.69,initial,clay,5.78,0
74.93,24.74,40.87,3.58,initial,loamy,4.87,0
48.3,19.57,80.07,3.71,mid_season,loamy,19.38,0
79.29,15.81,67.56,3.36,development,sandy,8.76,0
67.07,28.35,63.55,3.88,development,clay,10.49,0
88.88,33.28,58.44,3.94,initial,sandy,5.65,0
84.47,29.02,76.61,4.0,late,loamy,7.5,0
29.74,16.07,45.62,3.48,mid_season,sandy,1.7,0
46.83,30.85,52.38,3.2,mid_season,clay,22.0,0
48.29,12.85,76.7,0,late,sandy,0,1
64.19,18.06,34.99,5.78,initial,clay,4.02,0
61.22,22.76,67.48,3.8,late,clay,7.22,0
17.78,18.34,41.21,3.13,mid_season,clay,16.24,0
60.6,27.2,80.0,3.09,development,sandy,6.86,0
35.35,20.72,32.99,2.99,initial,sandy,3.33,0
70.56,19.4,78.06,3.13,late,clay,11.02,0
16.24,27.64,44.21,4.04,development,sandy,12.88,0
70.71,33.23,49.9,4.94,mid_season,sandy,12.86,0
22.87,25.16,65.81,4.89,mid_season,loamy,4.53,0
72.26,23.77,59.24,4.82,late,clay,9.62,0
21.63,21.96,36.1,3.33,late,sandy,3.95,0
52.04,28.05,37.74,2.65,late,sandy,0.09,0
49.91,12.84,59.52,4.48,development,loamy,5.67,0
44.21,16.01,33.12,4.53,late,sandy,1.79,0
46.75,27.1,61.13,6.23,mid_season,sandy,16.35,0
66.37,22.41,32.2,6.04,development,sandy,18.88,0
61.1,16.82,44.32,0,initial,loamy,0,0
46.51,24.01,77.98,3.3,development,loamy,3.37,0
67.01,33.0,60.79,5.34,late,loamy,17.12,0
35.96,21.96,54.68,2.11,initial,sandy,11.77,0
39.21,23.58,51.18,0,development,sandy,0,1
45.94,21.25,84.78,4.7,initial,sandy,9.78,0
47.86,21.07,31.15,0,mid_season,loamy,0,1
39.81,22.73,34.17,4.59,late,clay,20.78,0
47.86,14.9,59.32,6.13,development,clay,6.63,0
29.46,19.16,67.8,5.36,initial,loamy,17.15,0
47.78,23.83,39.78,4.24,late,sandy,5.44,0
79.9,32.15,33.92,2.62,mid_season,loamy,17.42,0
54.95,23.46,39.64,4.79,development,sandy,4.0,0
68.91,33.02,56.11,0,mid_season,sandy,0,0
71.85,27.33,30.2,3.5,late,clay,8.5,0
67.03,32.04,79.08,3.99,late,sandy,6.48,0
49.99,12.63,84.05,2.09,initial,sandy,11.04,0
46.9,29.16,74.75,2.56,development,clay,12.53,0
43.66,29.65,61.18,3.6,late,sandy,9.53,0
53.77,26.42,37.77,3.72,mid_season,clay,11.09,0
62.62,20.62,38.99,5.77,development,sandy,9.1,0
42.69,32.86,32.61,3.82,mid_season,loamy,7.97,0
52.62,19.01,66.17,5.4,mid_season,sandy,8.76,0
84.3,13.39,65.24,5.0,development,clay,10.62,0
89.12,16.13,55.89,4.26,development,sandy,6.41,0
91.34,15.94,64.53,4.98,initial,clay,4.08,0
60.41,16.35,58.72,4.29,mid_season,clay,16.95,0
47.88,28.61,56.4,5.1,development,clay,8.9,0
5,22.4,64.05,0,late,clay,0,1
31.11,30.7,69.28,3.14,initial,sandy,6.42,0
46.74,32.12,73.89,4.52,development,clay,5.72,0
57.02,17.88,54.78,3.9,initial,clay,12.9,0
95,12.68,73.39,4.48,late,sandy,15.87,0
60.0,12.84,37.65,3.56,late,clay,5.18,0
50.04,27.27,51.87,3.25,late,sandy,7.93,0
45.74,16.56,58.34,1.85,mid_season,loamy,17.59,0
34.93,16.68,44.58,5.04,late,clay,4.44,0
50.93,24.43,33.79,0,initial,loamy,0,0
40.17,20.58,82.77,0,initial,sandy,0,0
63.2,12.3,84.44,4.54,mid_season,sandy,4.63,0
48.54,12.9,40.05,3.42,late,clay,16.57,0
68.03,30.33,30.5,5.34,late,loamy,4.64,0
65.49,20.92,66.05,4.87,initial,loamy,8.87,0
54.99,17.73,53.47,4.68,late,clay,6.11,0
12.76,18.43,75.86,2.72,late,clay,14.69,0
58.24,20.7,37.91,1.86,development,loamy,10.11,0
69.18,23.34,47.55,3.57,mid_season,clay,28.1,0
71.25,28.65,40.17,4.22,mid_season,clay,14.8,0
73.05,20.24,47.29,5.08,development,loamy,10.12,0
55.54,29.02,84.31,5.27,development,clay,3.11,0
70.49,22.71,71.06,3.68,development,loamy,17.38,0
74.77,24.69,81.35,5.05,mid_season,loamy,24.84,0
47.38,19.73,56.22,5.46,mid_season,clay,11.75,0
57.87,32.97,68.66,4.62,initial,loamy,2.51,0
57.39,23.4,75.91,0,initial,loamy,0,0
67.77,26.9,65.04,4.38,mid_season,sandy,0.17,0
67.99,30.84,57.73,0,initial,loamy,0,0
70.1,27.05,39.93,5.29,initial,loamy,6.44,0
58.42,21.27,48.45,3.33,mid_season,clay,15.36,0
27.07,15.95,76.55,3.59,mid_season,clay,11.12,0
28.57,14.72,34.01,1.56,initial,sandy,8.57,0
54.14,17.78,73.19,6.12,development,sandy,2.79,0
70.86,18.57,37.7,0,initial,sandy,0,0
55.83,30.71,40.43,4.73,mid_season,loamy,6.79,0
10.75,15.42,72.28,2.79,late,clay,10.06,0
62.21,23.54,62.29,3.69,late,loamy,4.26,0
63.16,12.81,41.65,3.73,initial,loamy,4.74,0
57.06,24.95,67.37,3.77,development,loamy,7.29,0
72.88,31.9,47.74,0,mid_season,sandy,9.61,0
33.32,13.47,52.1,3.31,development,clay,2.27,0
27.03,31.15,60.33,4.88,initial,sandy,0.28,0
51.95,16.39,41.91,0,initial,clay,0,0
37.25,31.36,51.86,2.31,development,clay,9.9,0
20.9,27.84,78.73,4.23,late,loamy,6.05,0
21.54,13.46,80.37,3.41,late,loamy,13.18,0
31.94,26.52,83.23,4.16,late,loamy,14.91,0
49.8,24.71,84.63,6.16,initial,loamy,2.6,0
37.79,24.66,42.55,0,late,loamy,0,1
66.64,24.37,55.84,3.92,late,clay,10.77,0
18.96,23.05,39.16,3.86,mid_season,sandy,1.39,0
42.24,14.81,69.35,4.25,initial,sandy,8.04,0
37.92,31.66,78.2,4.78,initial,clay,14.33,0
45.99,31.63,41.04,4.31,development,sandy,5.35,0
29.05,17.93,68.68,3.87,late,loamy,1.35,0
82.5,26.57,83.3,4.03,mid_season,loamy,13.54,0
44.21,27.69,39.98,0.78,initial,loamy,1.55,0
57.07,16.33,65.73,3.43,late,loamy,14.77,0
65.25,24.18,58.0,2.83,initial,sandy,11.02,0
59.59,33.76,64.54,5.16,mid_season,sandy,7.56,0
53.04,20.1,37.32,5.21,development,loamy,2.05,0
37.77,32.2,53.54,3.95,development,loamy,7.89,0
30.4,33.88,52.11,2.7,development,sandy,3.57,0
5,14.75,63.65,0,initial,loamy,0,0
63.7,22.72,60.23,0,initial,sandy,0,0
22.57,30.78,69.86,4.89,initial,loamy,3.73,0
20.96,25.08,60.26,6.08,initial,sandy,4.65,0
64.1,26.76,54.54,4.71,development,clay,14.58,0
45.94,12.72,40.7,3.65,initial,loamy,5.77,0
81.91,26.68,42.27,4.22,mid_season,sandy,10.87,0
49.34,23.59,39.55,3.38,initial,loamy,6.81,0
66.3,12.9,58.81,0,development,loamy,0,0
22.56,14.91,72.78,3.31,late,loamy,17.03,0
34.83,30.08,78.95,4.97,initial,loamy,9.47,0
70.81,23.76,83.17,4.16,late,clay,21.69,0
47.1,21.09,77.97,3.71,mid_season,sandy,15.55,0
42.34,29.63,34.6,4.12,initial,sandy,9.99,0
58.49,23.51,60.18,4.61,initial,clay,7.13,0
72.41,17.62,59.55,5.39,late,loamy,25.46,0
49.34,12.14,81.51,3.84,mid_season,sandy,2.56,0
80.67,14.06,77.99,0,initial,clay,0,0
80.15,30.24,72.36,3.06,late,sandy,3.73,0
41.57,18.39,67.72,4.68,development,clay,7.61,0
66.37,26.37,40.43,3.8,mid_season,clay,1.43,0
23.73,16.79,64.14,3.25,late,clay,13.42,0
63.55,18.05,55.6,2.73,initial,clay,12.11,0
58.11,24.46,36.24,5.23,development,sandy,2.93,0
5,24.82,79.86,0,development,loamy,0,1
77.56,25.99,73.87,4.2,late,sandy,0.21,0
50.18,28.68,36.47,3.69,development,sandy,7.37,0
54.38,22.91,79.5,0,mid_season,clay,0,0
51.92,28.86,54.79,0,development,sandy,0,1
56.17,33.92,49.68,2.08,mid_season,clay,2.2,0
95,30.34,69.47,3.41,initial,clay,5.05,0
49.98,19.54,47.51,3.51,mid_season,sandy,3.59,0
50.65,22.06,40.35,1.34,development,sandy,2.95,0
46.54,17.89,55.94,5.2,late,sandy,7.81,0
46.42,21.21,73.13,0,development,loamy,0,1
51.0,16.52,36.88,1.79,initial,loamy,8.14,0
63.56,20.93,84.97,3.95,initial,clay,0.85,0
42.77,21.04,45.15,4.49,late,sandy,0.74,0
78.09,28.03,32.43,3.15,late,clay,13.78,0
61.05,26.37,35.52,4.91,development,clay,22.37,0
71.92,33.05,30.29,4.71,initial,clay,8.31,0
41.29,18.2,59.88,0,development,sandy,0,1
30.1,30.03,71.48,4.5,development,clay,14.71,0
72.46,17.73,55.88,4.02,late,sandy,16.44,0
49.67,28.39,36.81,5.98,late,clay,14.42,0
59.98,29.83,36.3,5.46,initial,loamy,1.41,0
34.49,13.56,74.14,1.9,late,sandy,13.87,0
79.03,31.76,41.74,2.2,development,sandy,13.35,0
39.3,32.87,69.36,5.46,late,sandy,4.13,0
63.87,27.12,68.19,0,late,clay,0,0
60.94,14.08,57.48,2.38,development,sandy,6.32,0
52.61,25.36,55.19,2.94,development,sandy,5.21,0
62.85,27.53,30.23,2.29,late,loamy,3.92,0
73.66,13.66,83.19,5.98,late,sandy,0.84,0
52.63,12.84,64.84,2.53,late,sandy,19.23,0
54.02,32.49,76.18,3.66,late,clay,29.36,0
33.62,29.06,72.03,2.95,late,loamy,11.43,0
51.95,14.51,39.23,2.97,late,loamy,24.2,0
59.01,17.88,79.07,4.75,late,sandy,3.53,0
44.76,24.9,79.04,4.85,mid_season,sandy,3.52,0
23.84,14.53,50.45,4.71,late,sandy,8.04,0
55.77,12.07,33.96,5.72,development,sandy,13.92,0
39.45,16.0,31.62,0,development,sandy,0,1
65.66,22.63,45.26,4.57,mid_season,sandy,4.99,0
73.31,17.99,37.5,5.13,mid_season,sandy,12.41,0
59.88,27.47,66.89,0,initial,clay,0,0
42.14,32.55,72.12,6.22,initial,clay,1.02,0
55.51,16.42,43.53,2.88,late,sandy,10.11,0
58.75,17.63,62.89,3.47,late,sandy,6.89,0
51.33,21.9,46.15,5.45,initial,loamy,7.52,0
87.44,15.55,83.17,0,initial,sandy,0,0
55.51,22.44,49.68,5.14,late,clay,17.45,0
74.13,25.5,39.53,2.14,mid_season,loamy,5.18,0
46.8,22.1,60.28,2.23,development,loamy,10.69,0
64.3,18.71,59.29,0,initial,loamy,0,0
71.79,30.95,47.02,4.84,late,sandy,9.32,0
38.35,32.44,37.58,3.81,mid_season,sandy,7.7,0
51.87,20.73,72.65,3.52,late,loamy,11.18,0
49.75,33.56,45.86,5.47,late,loamy,4.89,0
51.43,21.36,48.35,3.35,late,clay,8.45,0
77.94,29.72,75.29,5.08,initial,loamy,8.0,0
46.16,15.7,45.04,2.72,mid_season,sandy,14.21,0
78.37,30.96,77.21,3.12,initial,clay,5.95,0
54.03,28.36,63.21,5.56,initial,loamy,0.07,0
41.29,27.36,59.36,0,mid_season,loamy,0,1
55.95,30.45,56.45,5.69,development,loamy,9.9,0
58.63,19.52,66.76,5.9,late,clay,6.72,0
53.19,20.68,35.09,4.23,mid_season,clay,12.0,0
71.11,33.35,33.04,4.27,mid_season,clay,19.38,0
70.16,26.92,67.26,1.48,mid_season,sandy,6.98,0
80.5,23.77,63.85,4.38,initial,sandy,0.9,0
67.05,13.0,46.68,2.95,mid_season,clay,18.23,0
47.18,12.18,83.78,0,mid_season,clay,0,0
20.66,28.76,53.94,0,development,sandy,0,1
68.83,19.1,79.83,4.11,development,loamy,11.51,0
55.73,26.24,78.6,3.77,development,loamy,17.62,0
27.57,19.3,75.71,6.56,initial,loamy,3.61,0
74.25,31.41,41.85,3.56,development,loamy,3.99,0
58.95,26.96,30.03,5.77,mid_season,loamy,13.71,0
54.1,28.13,39.76,4.16,mid_season,sandy,13.23,0
29.56,23.89,70.69,4.03,development,clay,2.81,0
69.74,16.08,35.56,5.19,initial,clay,16.75,0
44.41,33.63,34.84,3.31,development,clay,2.47,0
23.8,26.48,38.6,5.27,late,clay,5.66,0
37.99,27.99,68.92,4.68,mid_season,sandy,10.08,0
55.56,30.18,70.09,4.28,development,loamy,7.6,0
25.13,28.69,44.84,2.68,development,sandy,9.15,0
56.13,20.51,79.03,4.42,initial,clay,7.32,0
61.76,21.95,64.99,4.32,development,clay,9.64,0
62.47,28.86,31.69,0,late,loamy,0,0
45.18,20.11,46.04,4.19,mid_season,clay,16.19,0
38.4,24.13,42.01,4.49,late,clay,0.78,0
46.97,29.1,36.2,0,development,sandy,0,1
50.89,21.19,56.83,4.92,development,clay,6.95,0
45.47,31.88,80.54,6.08,development,loamy,6.46,0
70.77,27.58,79.13,0,development,loamy,0,0
93.6,26.52,48.3,2.95,late,sandy,7.41,0
57.05,20.25,56.51,4.11,development,clay,0.28,0
59.28,29.65,68.66,3.99,development,sandy,4.57,0
38.29,16.29,37.82,5.62,initial,sandy,6.39,0
75.04,14.44,35.45,3.64,initial,loamy,6.49,0
59.84,14.47,64.32,3.86,mid_season,sandy,15.36,0
61.68,31.06,30.37,5.04,initial,sandy,17.98,0
54.23,19.27,34.93,4.88,initial,sandy,4.38,0
73.75,24.34,37.29,1.59,development,sandy,18.39,0
78.37,16.63,60.3,0,initial,loamy,0,0
95,29.28,34.29,3.91,mid_season,sandy,13.32,0
29.48,28.59,78.76,0,initial,clay,0,0
60.45,31.67,55.88,2.93,development,sandy,4.19,0
70.6,26.76,61.39,3.63,initial,loamy,5.96,0
55.36,19.56,63.49,3.46,late,loamy,10.22,0
70.94,22.05,57.01,0,development,loamy,0,0
68.03,30.67,48.46,2.52,development,sandy,5.73,0
30.0,28.93,40.29,3.21,late,sandy,2.81,0
12.73,13.62,54.85,2.91,initial,loamy,4.43,0
66.93,21.71,74.38,2.98,initial,clay,11.58,0
52.94,15.14,61.32,4.52,development,loamy,9.75,0
48.46,32.13,38.44,3.72,development,loamy,11.39,0
55.22,24.36,75.15,0,late,clay,0,0
79.79,28.31,47.7,2.67,late,loamy,15.73,0
57.61,19.99,57.08,3.91,late,sandy,10.03,0
66.17,15.94,84.48,5.55,development,sandy,0.87,0
77.21,28.32,75.66,3.91,mid_season,sandy,12.23,0
95,20.81,73.94,0,late,clay,0,0
45.41,14.15,57.03,3.72,initial,clay,0.54,0
65.21,31.43,42.1,2.88,mid_season,clay,4.18,0
38.96,22.79,80.24,4.41,late,loamy,4.54,0
28.17,16.06,43.28,0,initial,loamy,0,0
77.37,28.5,39.01,0,development,sandy,0,0
69.1,20.72,80.34,3.98,development,sandy,0.29,0
45.66,19.97,60.46,2.36,mid_season,sandy,6.51,0
79.94,13.08,52.98,5.99,initial,loamy,6.71,0
13.38,18.12,44.56,4.45,mid_season,clay,14.12,0
60.35,19.14,48.77,3.46,late,sandy,7.5,0
51.82,20.47,51.34,4.97,initial,sandy,18.37,0
79.93,14.62,54.35,5.59,initial,loamy,8.69,0
75.44,33.89,63.65,3.63,mid_season,sandy,9.71,0
81.7,26.05,79.21,3.19,initial,sandy,7.63,0
57.3,15.71,63.47,4.07,mid_season,loamy,17.53,0
64.05,18.86,33.2,3.7,initial,loamy,1.01,0
29.6,14.71,39.28,3.21,initial,loamy,4.37,0
42.52,29.92,59.54,5.01,initial,clay,2.08,0
56.52,25.6,60.14,5.65,initial,loamy,3.38,0
40.09,33.81,41.39,3.84,mid_season,clay,21.75,0
38.55,16.22,46.62,5.51,development,loamy,14.83,0
41.08,14.83,37.86,3.29,initial,loamy,2.36,0
84.08,33.86,39.1,4.73,late,clay,16.5,0
42.93,29.28,79.55,4.4,initial,clay,8.28,0
39.92,27.78,79.75,4.79,late,loamy,7.47,0
91.45,32.69,70.82,0,development,sandy,0,0
48.1,12.14,33.24,4.38,late,loamy,7.94,0
66.58,16.89,44.07,3.62,late,loamy,8.03,0
73.68,22.12,55.04,5.69,development,sandy,8.7,0
69.47,24.76,80.18,2.53,late,sandy,10.96,0
37.86,31.78,38.05,4.19,late,clay,4.9,0
48.92,23.12,37.56,3.38,initial,clay,4.57,0
62.99,18.15,64.76,4.29,development,loamy,3.05,0
40.62,25.37,52.08,4.47,development,loamy,6.8,0
54.97,19.24,37.68,0,late,sandy,0,1
37.62,19.16,46.32,3.07,mid_season,sandy,5.9,0
47.14,16.08,75.23,0,development,sandy,0,1
49.85,19.71,77.84,2.71,mid_season,clay,11.79,0
73.87,13.82,68.45,2.13,development,loamy,16.12,0
46.09,32.58,73.88,6.05,development,loamy,15.37,0
37.46,33.8,62.11,3.88,development,clay,10.36,0
45.61,19.19,79.98,4.63,late,clay,17.17,0
63.17,23.05,58.58,4.11,development,loamy,12.78,0
58.83,20.29,74.79,4.62,mid_season,loamy,18.4,0
56.99,16.02,34.49,3.32,development,sandy,1.35,0
76.76,25.15,62.39,3.68,development,clay,5.24,0
54.84,21.24,44.73,0,late,loamy,0,0
79.03,21.77,60.48,3.28,mid_season,clay,18.79,0
5,29.07,31.5,4.87,mid_season,loamy,3.93,0
61.11,18.69,61.73,0,initial,loamy,0,0
58.04,13.63,61.11,4.76,late,clay,22.52,0
43.43,24.47,34.53,0,initial,clay,0,0
32.28,30.67,77.07,3.12,late,clay,9.6,0
66.11,19.01,75.96,0,mid_season,loamy,0,0
66.98,17.73,73.27,5.63,late,clay,15.45,0
50.16,30.59,68.75,4.94,mid_season,sandy,5.78,0
58.13,12.53,71.9,4.07,initial,clay,2.39,0
77.41,28.81,66.68,2.68,development,loamy,16.02,0
50.88,15.44,78.66,4.46,late,clay,9.48,0
61.99,14.04,67.98,2.78,late,sandy,27.38,0
23.72,21.74,72.4,3.24,initial,clay,16.23,0
63.1,19.91,83.54,3.66,initial,clay,5.24,0
53.6,19.39,51.69,3.43,mid_season,loamy,2.5,0
62.64,16.95,69.61,3.04,development,loamy,4.59,0
64.49,31.9,69.02,4.9,mid_season,clay,7.1,0
52.86,28.34,36.54,4.49,late,sandy,7.96,0
65.75,19.79,31.26,3.52,mid_season,loamy,5.91,0
44.01,22.69,60.22,4.58,development,clay,7.41,0
83.49,24.31,30.38,2.78,initial,sandy,9.5,0
58.45,32.33,50.77,4.13,mid_season,loamy,9.5,0
60.54,28.24,43.51,0,initial,sandy,0,0
56.82,30.56,74.6,2.16,mid_season,clay,7.39,0
46.18,31.18,40.56,4.98,development,loamy,15.85,0
67.34,30.18,37.12,4.73,development,loamy,1.55,0
73.23,19.17,66.58,4.29,development,clay,10.22,0
43.39,33.17,30.16,3.74,late,clay,8.55,0
66.62,29.46,39.77,3.43,initial,loamy,7.12,0
76.21,32.32,39.0,3.99,late,loamy,20.58,0
68.33,17.16,43.0,4.01,late,sandy,17.18,0
63.72,13.5,48.19,0,development,sandy,0,0
43.1,32.72,68.09,5.96,late,clay,18.22,0
73.04,25.37,49.55,0,initial,clay,0,0
48.23,33.45,38.08,5.02,late,clay,7.58,0
52.43,18.69,67.62,3.61,initial,loamy,4.52,0
57.77,25.17,30.09,5.55,mid_season,loamy,1.25,0
36.59,27.06,38.47,4.86,initial,sandy,5.63,0
66.61,25.93,84.68,3.39,initial,clay,11.0,0
37.29,14.58,53.59,0,development,loamy,0,1
38.33,12.93,72.57,5.44,development,sandy,12.36,0
5,12.73,82.71,4.67,development,clay,21.77,0
68.31,24.5,38.27,4.26,mid_season,clay,8.02,0
11.89,19.3,40.26,4.36,initial,clay,9.32,0
48.82,28.45,44.29,3.81,mid_season,sandy,6.78,0
39.18,32.53,52.93,3.15,development,sandy,3.62,0
9.03,22.58,43.46,5.2,mid_season,loamy,11.73,0
28.36,21.7,48.85,2.7,initial,sandy,12.31,0
44.3,23.61,49.36,0.98,mid_season,clay,12.03,0
62.82,27.9,35.49,3.26,development,sandy,1.44,0
27.57,24.79,55.91,0,late,loamy,0,1
58.18,15.13,52.01,3.48,mid_season,clay,28.48,0
47.58,29.48,62.72,4.32,development,clay,12.66,0
56.13,14.35,64.72,2.23,initial,loamy,8.3,0
48.84,14.84,75.46,4.79,initial,clay,8.75,0
43.31,18.1,43.05,4.92,late,loamy,12.18,0
62.72,30.56,58.3,5.12,development,loamy,18.17,0
27.3,21.37,31.78,2.88,initial,clay,6.72,0
65.32,26.3,76.56,4.87,initial,sandy,6.57,0
50.44,13.73,43.62,2.91,development,sandy,0.87,0
56.3,28.95,57.57,0,initial,sandy,0,0
70.86,18.29,33.03,4.63,initial,sandy,4.36,0
43.33,23.38,51.95,3.9,initial,clay,5.37,0
37.54,32.46,34.1,0,mid_season,sandy,0,1
78.45,32.81,35.43,5.79,late,loamy,8.13,0
72.44,25.1,59.2,3.03,late,sandy,14.59,0
62.15,28.79,58.01,3.06,mid_season,clay,9.42,0
69.59,22.78,83.36,0,development,clay,0,0
87.3,24.02,52.24,3.81,initial,loamy,5.07,0
53.41,28.64,60.17,3.72,development,loamy,1.27,0
68.09,22.86,62.99,2.85,initial,sandy,0.73,0
59.84,16.81,49.46,4.79,mid_season,loamy,14.82,0
44.32,16.16,33.54,4.19,mid_season,loamy,16.36,0
56.62,18.58,54.93,3.15,development,loamy,9.2,0
32.37,12.9,79.6,3.54,late,loamy,7.37,0
32.48,14.33,79.8,4.21,initial,sandy,10.78,0
64.46,14.72,38.42,2.78,initial,sandy,12.76,0
59.13,19.78,68.91,5.95,late,loamy,18.76,0
58.36,32.89,82.94,4.65,initial,loamy,6.84,0
64.19,14.85,55.55,1.43,initial,loamy,13.61,0
66.25,26.25,37.88,4.58,late,loamy,7.7,0
61.91,13.53,40.08,4.67,development,loamy,13.56,0
42.43,30.11,54.39,4.46,development,loamy,2.7,0
65.35,29.03,52.85,0,development,sandy,0,0
76.57,12.75,59.73,2.94,initial,clay,14.79,0
62.63,26.71,53.88,0,initial,loamy,0,0
57.12,15.32,77.05,5.32,mid_season,clay,20.39,0
33.33,33.25,84.91,0,late,sandy,0,1
48.82,28.62,65.23,2.93,late,sandy,7.85,0
56.09,12.85,73.35,2.95,initial,loamy,5.35,0
53.32,28.25,33.28,2.19,development,loamy,7.78,0
32.7,22.14,73.8,2.09,initial,loamy,5.29,0
62.24,25.68,69.93,3.57,late,clay,16.17,0
61.99,29.95,80.98,2.93,initial,loamy,9.75,0
56.8,17.75,61.64,3.92,initial,loamy,0.99,0
18.19,17.44,60.85,2.45,late,sandy,0.9,0
59.44,33.46,78.61,4.78,initial,sandy,8.16,0
37.04,26.39,58.18,4.99,initial,sandy,7.58,0
84.98,17.96,43.25,4.99,initial,sandy,13.03,0
45.7,30.95,33.41,2.25,development,sandy,18.93,0
36.66,27.99,30.08,3.66,development,sandy,1.89,0
86.28,18.99,53.44,0,initial,sandy,0,0
67.5,22.49,67.27,4.69,late,loamy,4.5,0
63.76,25.51,45.81,3.27,development,clay,12.64,0
71.63,21.81,46.9,5.49,initial,sandy,18.76,0
56.83,17.43,30.49,2.78,late,clay,11.62,0
23.46,22.93,62.71,4.43,mid_season,clay,16.07,0
93.98,21.85,45.27,3.31,development,clay,7.98,0
84.86,18.34,79.2,3.65,late,clay,6.38,0
55.11,12.3,49.36,0,development,loamy,0,0
95,20.28,56.25,3.35,mid_season,loamy,16.1,0
29.85,25.2,48.68,3.97,development,clay,5.84,0
72.62,28.61,70.41,4.17,development,clay,22.29,0
63.58,23.66,38.48,0,initial,sandy,0,0
83.87,32.32,78.66,2.77,development,sandy,12.34,0
47.47,19.58,52.05,2.86,mid_season,clay,15.8,0
32.0,19.66,61.99,2.94,mid_season,sandy,20.46,0
61.28,26.57,58.63,3.66,development,loamy,3.36,0
58.34,18.64,46.09,4.6,initial,loamy,5.59,0
41.18,30.38,59.89,2.94,development,clay,9.06,0
79.66,15.33,64.85,3.05,late,loamy,17.97,0
39.23,12.05,78.57,5.1,mid_season,sandy,18.93,0
85.37,32.41,36.71,4.35,development,sandy,6.78,0
55.85,18.72,61.24,4.36,late,sandy,13.53,0
36.47,31.61,73.84,5.67,development,loamy,12.88,0
49.72,19.55,67.96,2.63,initial,sandy,4.64,0
67.02,22.65,46.44,0,development,sandy,0,0
63.62,28.96,82.97,4.93,development,clay,10.26,0
43.98,24.65,71.37,3.32,development,clay,2.41,0
34.52,23.12,52.2,5.15,initial,loamy,12.12,0
60.5,21.02,58.96,5.13,mid_season,clay,5.0,0
70.47,24.67,57.84,3.66,development,loamy,10.16,0
38.02,32.16,30.48,4.04,mid_season,sandy,1.65,0
25.27,25.31,83.61,0,late,sandy,0,1
56.82,29.71,82.01,3.05,mid_season,loamy,14.91,0
58.83,22.77,65.99,4.18,initial,sandy,5.4,0
49.99,13.57,30.23,4.25,initial,clay,13.36,0
63.29,22.58,52.87,5.12,mid_season,sandy,15.33,0
41.31,13.64,50.86,0,initial,clay,0,0
67.24,12.31,39.73,0,initial,loamy,0,0
65.93,19.09,40.97,5.7,development,clay,21.32,0
85.65,28.94,84.18,4.62,initial,loamy,15.85,0
47.95,16.44,46.31,0,late,sandy,0,1
77.76,13.64,62.87,4.69,initial,sandy,4.25,0
25.16,25.93,77.12,3.76,development,sandy,12.0,0
41.36,24.01,67.1,2.78,development,sandy,5.87,0
49.63,29.77,35.61,5.53,development,loamy,12.04,0
45.65,27.18,31.87,3.15,late,clay,3.57,0
54.51,21.4,53.3,2.17,initial,clay,2.06,0
47.53,27.91,51.95,4.5,initial,clay,16.66,0
31.3,17.76,81.24,4.41,mid_season,loamy,2.15,0
47.81,29.35,75.35,3.54,development,clay,7.11,0
61.69,29.08,71.25,3.79,initial,clay,8.93,0
31.85,24.67,43.06,4.12,mid_season,clay,9.37,0
52.55,19.87,32.19,0,development,sandy,0,1
36.9,21.19,54.17,5.66,initial,clay,6.63,0
29.76,33.15,62.02,5.52,initial,sandy,12.33,0
41.26,31.64,84.66,2.58,mid_season,sandy,16.87,0
48.43,33.6,48.62,0,initial,loamy,0,1
79.67,16.34,67.29,5.18,initial,loamy,6.16,0
67.96,13.84,32.42,0,initial,sandy,0,0
35.58,19.72,60.31,0,initial,sandy,0,0
47.05,31.85,58.77,1.45,development,loamy,6.05,0
56.87,15.92,68.85,5.45,late,clay,4.16,0
20.61,29.83,41.5,2.56,late,loamy,10.81,0
72.1,31.34,74.65,0,initial,clay,0,0
43.71,25.57,65.85,1.67,late,sandy,0.79,0
71.39,30.7,69.0,4.7,mid_season,sandy,3.02,0
12.87,21.41,60.83,4.28,development,clay,15.28,0
58.31,20.24,48.72,3.11,development,sandy,7.29,0
75.59,27.25,37.07,3.76,development,sandy,11.26,0
31.75,16.01,68.3,4.28,development,clay,11.39,0
72.47,23.83,83.76,3.23,late,sandy,6.31,0
67.4,26.9,70.38,4.67,mid_season,loamy,2.89,0
79.24,31.78,41.94,4.82,initial,sandy,2.41,0
38.04,16.1,40.49,4.32,mid_season,sandy,2.68,0
61.66,25.71,32.63,4.87,initial,loamy,14.11,0
30.76,21.73,75.07,4.87,development,loamy,8.71,0
59.85,31.22,47.37,0,development,sandy,0,1
84.32,12.83,69.55,4.8,mid_season,loamy,8.36,0
86.1,19.03,61.35,5.19,initial,loamy,8.83,0
61.24,33.52,39.33,3.53,development,sandy,9.78,0
54.27,30.78,69.33,2.86,development,clay,9.82,0
64.06,16.6,82.46,3.22,mid_season,clay,13.76,0
40.63,12.9,83.04,0,late,clay,0,1
23.83,15.34,58.17,2.76,late,clay,10.23,0
40.4,23.65,44.02,2.74,late,sandy,5.05,0
63.01,23.72,43.44,0,initial,clay,0,0
72.51,15.12,37.86,2.4,development,loamy,13.26,0
81.6,26.17,48.7,4.41,development,loamy,7.8,0
48.05,27.18,78.81,4.79,mid_season,sandy,11.85,0
37.81,17.33,53.17,3.84,initial,sandy,6.35,0
58.96,31.42,44.56,2.06,late,loamy,5.08,0
59.31,33.33,77.25,4.63,initial,loamy,12.93,0
64.16,28.59,83.23,0,late,sandy,0,0
41.22,26.78,66.02,4.31,initial,loamy,16.44,0
10.15,25.38,54.42,0,initial,clay,0,0
74.09,26.83,82.51,0,late,loamy,0,0
42.55,26.03,52.0,4.62,initial,sandy,12.04,0
48.58,32.89,59.07,4.73,late,clay,14.25,0
5,21.2,74.37,4.28,mid_season,sandy,8.6,0
51.4,32.74,80.53,3.91,mid_season,sandy,22.48,0
74.1,13.98,47.7,0,initial,loamy,0,0
66.27,30.42,47.96,2.61,mid_season,loamy,10.49,0
40.21,14.08,30.22,4.58,development,clay,10.02,0
57.09,32.69,58.65,0,initial,clay,0,0
36.74,23.98,75.82,4.62,initial,loamy,13.11,0
30.73,24.63,32.43,4.2,late,loamy,18.7,0
71.98,21.73,71.23,3.71,late,clay,7.53,0
47.33,29.45,43.27,0,late,loamy,0,1
28.55,31.22,59.15,3.61,late,sandy,7.07,0
54.83,12.04,55.28,3.95,initial,sandy,10.0,0
47.13,21.47,58.98,3.59,late,clay,3.72,0
80.62,30.62,47.01,4.33,late,clay,11.52,0
60.15,25.59,68.64,3.09,late,clay,2.85,0
51.26,20.24,46.49,3.11,initial,sandy,7.62,0
47.21,32.93,64.5,4.19,late,loamy,2.43,0
84.47,26.38,40.88,5.85,late,clay,4.5,0
74.88,22.09,46.08,2.42,mid_season,loamy,18.71,0
80.15,14.05,30.8,2.5,initial,sandy,5.42,0
67.17,26.08,51.09,4.62,mid_season,loamy,8.6,0
37.48,32.73,53.72,6.42,initial,clay,13.55,0
52.44,20.07,57.04,0,initial,loamy,0,0
47.62,30.78,65.68,4.88,late,sandy,7.73,0
65.86,14.12,42.07,3.51,late,sandy,20.86,0
30.84,23.67,32.53,0,mid_season,sandy,0,1
43.7,15.56,42.44,4.99,mid_season,sandy,7.65,0
38.13,17.23,54.49,3.89,mid_season,sandy,5.52,0
53.97,15.58,36.65,4.28,late,sandy,2.91,0
57.17,17.55,77.51,0,mid_season,loamy,0,0
48.67,15.32,30.46,2.54,development,clay,10.33,0
81.57,23.17,75.22,4.81,development,loamy,4.48,0
67.09,33.03,58.93,2.02,initial,clay,6.73,0
47.87,16.48,63.05,4.24,development,sandy,11.14,0
43.89,22.99,73.09,3.37,late,loamy,7.12,0
84.73,15.36,49.04,0,late,clay,0,0
59.14,27.19,43.65,0,initial,sandy,0,1
49.45,18.96,78.87,3.24,development,clay,5.57,0
63.23,19.68,38.23,4.53,initial,loamy,7.9,0
65.0,31.47,56.39,2.81,late,sandy,0.84,0
35.61,27.2,72.64,0,initial,sandy,0,0
70.7,18.82,72.04,3.4,development,clay,14.0,0
42.88,32.61,47.5,2.96,initial,clay,10.85,0
71.86,24.44,54.32,0,development,loamy,0,0
67.81,27.25,33.22,3.18,late,clay,15.32,0
64.63,18.08,74.21,4.72,mid_season,loamy,12.04,0
71.03,23.63,74.96,4.61,development,loamy,9.53,0
40.01,20.74,84.11,3.42,late,sandy,9.0,0
56.62,29.2,58.7,4.43,late,clay,14.96,0
84.56,26.77,46.67,1.98,mid_season,clay,17.23,0
61.56,26.24,64.6,2.71,development,loamy,10.18,0
31.14,22.76,58.19,3.41,development,sandy,6.03,0
59.7,33.27,39.37,5.08,initial,clay,8.66,0
44.19,17.22,83.22,3.15,late,sandy,9.68,0
78.73,33.03,53.18,5.41,mid_season,loamy,16.76,0
95,17.63,76.93,3.27,initial,clay,12.06,0
34.84,20.31,66.82,3.61,mid_season,clay,10.85,0
53.36,33.01,43.2,3.66,late,clay,5.95,0
69.33,30.75,34.31,5.33,development,clay,12.04,0
44.8,27.75,53.83,1.95,mid_season,loamy,5.97,0
80.98,17.15,59.84,4.55,mid_season,clay,10.35,0
42.41,28.47,32.62,0,initial,clay,0,1
47.26,30.83,82.82,4.9,initial,clay,14.65,0
45.79,13.68,53.0,0,initial,sandy,0,0
48.46,28.65,46.44,2.19,mid_season,sandy,10.04,0
42.13,28.19,82.96,0,development,clay,0,1
65.22,31.21,57.03,6.34,initial,sandy,16.66,0
61.79,19.67,84.69,4.05,development,loamy,13.46,0
30.97,22.32,41.09,2.24,mid_season,loamy,15.11,0
45.89,22.07,47.97,4.44,late,loamy,8.51,0
49.88,31.87,64.97,4.9,late,clay,13.19,0
56.82,20.24,39.53,3.71,mid_season,sandy,15.67,0
45.71,16.83,30.2,5.02,late,clay,12.08,0
54.39,32.54,34.76,2.8,late,sandy,19.85,0
73.04,30.81,33.6,4.21,late,sandy,12.74,0
53.37,14.11,60.67,5.77,mid_season,clay,16.81,0
27.98,25.22,81.59,4.82,development,loamy,0.35,0
51.87,20.12,62.99,3.68,initial,clay,14.27,0
55.9,15.55,30.79,4.06,mid_season,loamy,1.92,0
89.33,32.7,71.8,3.77,mid_season,sandy,1.42,0
73.49,16.0,62.05,3.8,mid_season,clay,8.87,0
26.22,12.78,38.19,2.7,late,loamy,12.82,0
33.72,29.65,49.55,2.44,development,clay,6.39,0
33.71,12.99,82.05,3.05,mid_season,sandy,3.43,0
37.17,24.17,66.13,5.9,development,loamy,21.82,0
18.84,18.32,70.24,4.66,mid_season,sandy,8.97,0
84.75,29.41,83.46,4.88,late,clay,19.75,0
76.74,18.52,66.97,4.49,initial,loamy,5.02,0
55.83,14.21,36.2,4.96,initial,sandy,8.74,0
55.42,24.58,40.73,5.13,mid_season,loamy,4.13,0
44.63,32.36,38.97,2.66,development,sandy,11.49,0
59.81,20.66,64.14,4.43,late,loamy,8.61,0
61.62,15.21,61.91,5.18,development,sandy,17.11,0
49.39,13.75,84.9,1.1,late,loamy,1.92,0
38.37,20.57,38.93,3.94,late,loamy,11.89,0
43.54,33.23,56.81,6.05,initial,loamy,5.01,0
52.87,19.59,30.18,0,initial,sandy,0,0
48.32,30.45,81.97,4.02,development,sandy,3.08,0
27.4,22.11,37.03,6.15,initial,sandy,3.14,0
59.29,31.14,63.04,3.38,late,clay,13.93,0
33.47,19.58,66.69,4.01,initial,sandy,4.86,0
95,32.41,74.14,0,initial,sandy,0,0
84.34,23.41,41.75,2.69,initial,sandy,1.38,0
72.24,20.87,67.29,3.46,development,clay,20.55,0
57.78,28.85,65.26,0,mid_season,sandy,0,1
44.64,22.08,50.49,1.15,initial,clay,4.56,0
51.4,15.03,56.53,2.53,initial,sandy,6.2,0
31.67,21.5,33.02,3.77,late,loamy,8.13,0
65.93,22.29,38.25,3.32,initial,clay,10.96,0
43.94,24.45,40.09,2.37,mid_season,clay,6.23,0
26.22,14.46,84.25,5.82,initial,sandy,10.54,0
62.74,26.89,31.86,2.21,development,sandy,14.59,0
60.05,20.54,48.41,5.44,development,loamy,12.7,0
39.05,17.25,62.42,5.44,late,clay,16.78,0
37.22,27.04,63.83,2.29,development,clay,6.53,0
58.13,30.07,68.81,5.39,mid_season,loamy,12.67,0
51.38,21.73,47.88,5.9,mid_season,clay,17.26,0
55.35,22.58,56.09,4.91,mid_season,clay,12.99,0
20.57,14.54,48.59,2.47,development,loamy,10.37,0
66.55,15.88,37.33,3.42,mid_season,clay,16.49,0
31.35,18.32,54.34,5.25,mid_season,clay,11.85,0
43.87,12.67,84.94,4.21,development,sandy,13.43,0
55.09,26.76,33.84,3.26,mid_season,loamy,18.74,0
55.3,32.97,51.29,0,initial,loamy,0,0
42.99,24.06,72.54,3.66,mid_season,sandy,9.62,0
62.13,30.06,32.4,6.77,mid_season,loamy,11.73,0
51.62,33.91,65.63,6.03,late,loamy,5.8,0
72.02,27.43,84.46,4.21,late,loamy,9.17,0
66.34,32.02,55.45,3.35,initial,loamy,9.13,0
40.03,24.5,81.67,6.24,late,loamy,2.43,0
59.05,24.96,83.55,5.11,late,clay,7.31,0
37.58,27.43,48.2,3.89,mid_season,loamy,2.21,0
50.1,13.67,43.4,2.97,initial,loamy,13.59,0
36.69,26.08,65.8,4.89,mid_season,loamy,6.43,0
51.33,24.98,46.0,3.1,mid_season,clay,15.19,0
28.41,17.3,65.35,5.11,late,sandy,14.09,0
81.74,18.1,77.6,3.66,mid_season,clay,11.62,0
65.23,17.27,42.47,2.54,late,clay,9.32,0
66.85,29.72,84.54,4.36,mid_season,sandy,9.2,0
59.19,23.63,56.16,4.22,development,loamy,2.28,0
92.16,28.61,74.6,0,late,sandy,0,0
49.21,29.43,62.31,3.74,initial,loamy,2.62,0
45.18,33.21,42.57,5.28,late,sandy,4.03,0
66.49,16.93,66.08,3.8,mid_season,loamy,7.91,0
94.79,26.62,50.3,4.8,late,loamy,4.74,0
50.42,20.67,61.48,4.61,mid_season,loamy,12.11,0
41.41,20.21,77.3,5.05,development,clay,9.11,0
69.59,26.51,66.43,4.79,mid_season,loamy,2.81,0
73.12,29.91,61.43,3.32,development,clay,11.12,0
70.93,27.52,40.38,4.61,development,loamy,14.04,0
45.43,24.94,81.06,3.22,late,clay,4.79,0
72.61,19.91,73.46,6.11,mid_season,clay,14.66,0
47.26,31.34,38.98,3.27,mid_season,loamy,16.27,0
86.0,29.17,84.06,5.04,late,clay,4.32,0
44.67,14.13,71.08,4.22,late,clay,16.18,0
55.71,25.36,61.15,5.97,development,sandy,9.6,0
60.85,22.82,71.31,3.71,late,clay,5.32,0
48.94,28.02,45.02,3.51,initial,clay,14.13,0
8.24,31.21,47.35,4.62,development,clay,2.32,0
73.54,15.5,59.45,3.6,initial,loamy,11.18,0
57.06,33.03,64.89,5.69,mid_season,sandy,11.71,0
38.13,33.49,32.28,5.82,late,loamy,6.87,0
39.73,12.59,37.08,4.18,initial,loamy,5.64,0
56.17,20.69,37.34,4.68,mid_season,sandy,18.38,0
69.8,28.71,48.34,0,mid_season,loamy,0,0
79.99,13.5,54.16,5.06,initial,clay,12.09,0
37.63,25.35,67.14,2.65,development,sandy,7.2,0
36.74,30.81,67.4,3.92,development,clay,15.13,0
78.38,27.68,30.06,3.67,initial,loamy,9.91,0
65.11,26.76,78.88,3.56,mid_season,clay,16.93,0
6.44,26.72,47.6,2.58,mid_season,clay,18.61,0
78.75,30.39,73.27,3.49,late,clay,8.94,0
23.3,30.77,53.66,3.18,development,sandy,0.7,0
78.12,23.37,50.19,4.81,mid_season,loamy,8.16,0
75.43,33.74,33.01,3.85,initial,sandy,8.11,0
53.42,23.08,80.16,4.58,mid_season,loamy,21.34,0
73.37,28.75,74.87,4.0,development,sandy,17.15,0
56.08,23.5,47.47,0,late,loamy,0,0
47.99,27.23,75.56,3.49,initial,loamy,6.02,0
63.2,17.6,51.02,0,late,sandy,0,0
67.62,25.61,82.8,1.99,late,clay,11.42,0
49.37,26.37,57.58,4.3,late,clay,12.4,0
71.92,31.82,39.98,3.65,initial,clay,6.05,0
68.46,17.24,68.6,0,mid_season,loamy,0,0
66.74,15.35,31.85,3.21,development,sandy,6.46,0
60.25,24.67,57.03,2.14,development,clay,15.98,0
55.58,14.72,82.87,6.05,late,clay,9.95,0
47.49,23.19,55.94,4.49,development,loamy,13.03,0
19.41,12.36,39.53,4.84,mid_season,sandy,4.89,0
34.31,13.63,34.31,2.5,mid_season,clay,12.93,0
83.63,12.59,75.13,4.55,mid_season,loamy,4.77,0
68.3,19.74,80.17,3.66,mid_season,clay,26.03,0
85.99,15.58,38.6,4.7,initial,sandy,5.2,0
56.1,23.34,32.12,4.77,mid_season,loamy,2.71,0
50.01,30.31,42.01,5.69,mid_season,clay,16.3,0
27.44,23.78,47.69,3.38,initial,clay,18.01,0
44.17,32.85,70.07,3.9,initial,sandy,11.78,0
95,20.76,38.57,4.52,development,loamy,11.18,0
64.85,20.84,46.15,3.01,initial,clay,20.3,0
46.16,12.76,43.44,0,initial,loamy,0,0
27.29,24.12,83.72,0,initial,clay,0,0
62.24,20.0,57.53,3.11,late,clay,3.78,0
32.27,26.4,73.54,5.2,late,clay,14.57,0
75.01,18.23,65.14,5.59,late,loamy,12.72,0
59.96,20.96,55.72,5.23,mid_season,sandy,12.15,0
95,25.6,84.81,2.08,late,sandy,8.3,0
25.04,13.95,58.34,2.53,development,loamy,0.67,0
42.06,21.46,55.54,0,late,loamy,0,1
86.53,18.5,75.51,3.64,late,clay,17.51,0
64.38,25.84,41.58,3.66,late,loamy,6.59,0
53.43,27.42,43.18,7.28,initial,clay,14.25,0
58.51,31.54,56.47,4.08,development,sandy,11.31,0
76.1,20.94,81.99,4.17,development,loamy,10.71,0
61.42,30.86,60.21,4.15,late,clay,13.11,0
52.34,14.22,54.78,4.77,late,clay,11.23,0
53.33,14.38,80.83,5.07,initial,loamy,1.07,0
73.36,15.25,40.51,3.92,initial,clay,5.4,0
64.35,32.97,38.43,4.8,late,clay,0.38,0
37.68,23.45,65.67,0,initial,sandy,0,0
78.9,29.34,71.02,0,mid_season,clay,0,0
59.64,14.88,57.44,4.78,mid_season,sandy,5.52,0
60.04,30.05,73.59,2.56,mid_season,sandy,11.22,0
23.46,29.07,68.18,4.43,late,sandy,10.88,0
65.15,17.92,38.13,3.79,mid_season,clay,19.22,0
48.83,16.35,59.23,3.24,late,sandy,5.33,0
79.14,26.99,49.37,2.96,mid_season,sandy,9.53,0
67.99,16.26,80.68,4.56,development,sandy,6.02,0
47.9,20.65,73.09,4.13,late,loamy,4.74,0
25.75,25.01,44.1,3.16,late,clay,4.21,0
35.65,30.47,59.07,4.0,mid_season,loamy,11.22,0
50.06,32.81,30.11,0,initial,clay,0,0
71.11,31.67,35.02,4.39,initial,loamy,3.36,0
83.57,29.12,74.15,2.72,mid_season,loamy,21.89,0
45.47,24.73,41.57,4.79,late,clay,5.27,0
93.83,29.16,46.86,3.65,mid_season,loamy,13.92,0
49.34,31.9,75.85,5.05,late,loamy,4.88,0
57.68,26.81,42.26,5.18,initial,sandy,10.56,0
52.8,16.62,76.87,5.34,initial,loamy,1.31,0
58.99,24.11,81.98,4.55,initial,clay,4.09,0
69.62,28.52,42.09,4.06,development,sandy,22.88,0
15.94,30.4,62.88,3.8,mid_season,sandy,1.32,0
32.07,23.03,71.72,3.41,mid_season,loamy,10.02,0
64.67,31.84,48.16,0,late,sandy,0,0
55.37,16.48,53.28,4.64,late,loamy,10.15,0
72.92,21.94,73.92,2.43,mid_season,sandy,7.52,0
50.6,16.19,32.06,3.74,mid_season,clay,6.43,0
82.21,14.35,59.9,3.37,mid_season,sandy,20.98,0
88.22,19.81,83.62,3.75,development,clay,11.64,0
58.76,14.94,59.05,6.74,late,sandy,8.03,0
63.32,29.44,49.06,3.26,development,clay,12.58,0
65.8,29.57,30.68,4.95,development,loamy,21.19,0
72.22,26.67,44.5,4.87,initial,loamy,6.09,0
46.37,30.19,72.29,2.73,development,clay,5.08,0
88.83,29.06,34.83,3.12,mid_season,loamy,11.28,0
39.43,33.86,66.1,0,initial,sandy,0,1
59.95,19.68,34.69,5.77,mid_season,loamy,16.9,0
66.56,29.69,37.16,4.34,late,clay,12.46,0
41.37,14.33,73.13,3.07,late,clay,8.76,0
66.77,29.32,41.06,3.89,development,loamy,12.69,0
56.6,21.2,57.37,4.39,development,loamy,7.6,0
60.88,13.05,78.36,5.27,late,loamy,9.08,0
45.58,22.23,43.42,3.69,mid_season,clay,17.74,0
52.22,26.73,48.43,3.67,development,clay,12.59,0
47.22,20.23,61.41,6.94,mid_season,sandy,15.65,0
65.02,28.88,74.24,4.9,mid_season,clay,7.45,0
67.66,22.06,48.85,0,development,loamy,0,0
32.23,24.9,52.34,2.65,initial,loamy,6.05,0
48.79,17.51,70.99,5.34,late,clay,9.06,0
35.18,29.71,75.55,2.79,late,sandy,16.29,0
91.08,24.05,68.79,5.06,initial,sandy,13.12,0
56.39,20.0,74.34,5.85,late,loamy,17.3,0
37.9,24.54,73.57,5.35,development,loamy,15.05,0
72.58,14.31,44.26,2.25,development,sandy,1.46,0
60.63,13.82,82.45,6.14,development,clay,2.29,0
66.54,26.17,45.07,0,development,loamy,0,0
52.72,15.02,39.93,3.78,initial,loamy,14.27,0
56.58,32.88,49.17,7.13,late,sandy,1.24,0
47.79,32.02,59.58,4.2,development,loamy,10.46,0
78.46,16.79,46.18,3.36,development,clay,11.64,0
30.47,26.08,66.92,4.33,late,clay,18.35,0
10.24,23.62,60.06,3.7,mid_season,loamy,11.84,0
39.65,26.56,54.02,4.0,mid_season,clay,13.05,0
57.41,25.29,83.43,3.68,mid_season,loamy,17.15,0
60.89,16.91,50.27,4.29,mid_season,clay,6.88,0
46.1,18.61,68.0,3.3,development,sandy,4.62,0
37.62,12.13,51.3,0,development,clay,0,1
60.0,18.03,46.42,5.27,development,sandy,7.81,0
39.68,21.36,73.8,2.21,initial,sandy,2.87,0
84.56,15.6,54.26,4.9,initial,clay,11.48,0
67.35,33.68,80.72,4.58,mid_season,clay,10.63,0
54.6,21.03,58.04,4.48,initial,clay,19.62,0
57.55,33.05,36.93,3.34,mid_season,clay,13.92,0
54.2,17.25,33.62,4.98,development,loamy,0.42,0
61.36,19.49,40.21,4.36,initial,sandy,11.15,0
63.33,33.46,44.6,3.39,late,sandy,16.48,0
56.38,27.34,83.37,0,initial,clay,0,0
54.73,30.04,54.65,5.4,initial,loamy,3.53,0
58.92,16.43,78.95,2.89,initial,clay,19.02,0
65.24,25.46,64.9,1.82,initial,loamy,12.83,0
12.35,22.72,34.74,4.03,development,sandy,4.76,0
43.68,24.04,46.96,4.52,mid_season,loamy,18.87,0
95,19.67,51.71,4.82,mid_season,clay,9.43,0
45.73,24.16,53.0,6.0,initial,loamy,8.87,0
58.93,15.83,63.83,3.96,late,sandy,15.11,0
41.36,26.72,61.75,5.17,late,clay,16.52,0
65.07,22.61,35.32,2.86,late,loamy,0.25,0
68.35,23.68,46.45,5.14,development,sandy,3.77,0
31.56,12.84,79.92,2.75,mid_season,loamy,7.09,0
57.88,25.36,79.56,1.41,late,sandy,6.67,0
58.87,18.14,61.21,0,late,clay,0,0
64.81,23.59,66.65,2.8,development,loamy,1.44,0
13.52,13.98,31.13,0.96,mid_season,sandy,12.7,0
80.18,23.94,36.53,5.35,late,loamy,9.5,0
64.64,24.91,81.31,3.14,development,sandy,11.4,0
68.68,23.38,83.81,0,mid_season,loamy,0,0
64.39,25.08,34.97,2.43,late,loamy,11.05,0
61.3,12.63,44.0,5.62,late,loamy,12.47,0
44.65,29.59,50.67,0,development,clay,0,1
57.43,18.69,34.45,4.63,late,sandy,1.98,0
46.0,18.55,80.48,2.98,development,clay,10.16,0
61.41,20.78,54.16,3.28,development,sandy,8.22,0
82.5,15.1,50.18,3.67,mid_season,sandy,12.2,0
44.78,31.1,63.51,4.88,development,clay,9.47,0
50.44,23.36,57.28,7.11,initial,sandy,10.28,0
23.23,26.91,54.82,4.46,initial,loamy,11.88,0
48.8,22.73,49.95,2.66,late,loamy,17.89,0
57.28,17.26,62.28,0,late,sandy,0,1
32.7,19.95,34.35,3.62,mid_season,clay,20.89,0
45.42,31.9,34.74,0.76,late,sandy,11.76,0
64.37,14.79,52.95,3.98,development,sandy,4.97,0
84.51,28.03,71.8,3.92,development,clay,0.56,0
38.19,28.5,40.8,4.92,mid_season,clay,5.76,0
35.29,17.33,52.42,5.37,late,loamy,9.52,0
59.17,19.96,64.49,3.43,initial,sandy,3.32,0
83.01,15.13,76.73,3.33,initial,clay,4.5,0
18.76,27.02,31.02,3.96,initial,sandy,4.9,0
68.96,25.17,49.64,0,initial,loamy,0,0
60.5,15.48,65.78,2.88,late,clay,15.41,0
69.72,26.33,58.68,2.87,mid_season,loamy,15.94,0
53.99,22.27,53.08,0,development,loamy,0,0
70.36,18.84,41.62,3.62,development,loamy,3.36,0
70.08,18.39,63.69,4.01,development,sandy,0.03,0
95,22.52,66.57,5.36,initial,sandy,6.43,0
46.22,15.72,83.46,3.78,initial,clay,2.44,0
69.85,29.76,77.84,2.48,development,sandy,2.15,0
50.33,21.16,58.63,3.95,late,clay,6.41,0
67.8,13.87,61.58,3.97,initial,sandy,1.66,0
41.52,12.76,77.08,4.74,late,clay,9.76,0
51.53,13.73,73.46,5.98,initial,clay,11.26,0
61.14,24.2,58.07,3.37,initial,loamy,7.61,0
27.85,28.46,83.79,3.15,mid_season,clay,7.6,0
58.32,32.87,52.53,3.74,development,loamy,5.75,0
68.06,26.82,31.12,3.51,initial,loamy,5.06,0
73.97,26.26,50.28,3.68,initial,loamy,4.87,0
64.24,28.09,75.27,3.44,initial,loamy,4.76,0
25.2,25.71,53.11,3.79,development,clay,12.05,0
39.81,27.63,36.88,3.26,development,loamy,10.29,0
42.78,22.29,59.77,3.86,late,clay,16.41,0
75.28,23.51,43.08,0,initial,loamy,0,0
72.6,26.71,38.83,4.73,development,clay,11.67,0
83.28,22.68,30.16,3.67,initial,clay,2.44,0
50.47,17.04,50.1,4.69,late,sandy,2.89,0
35.52,20.32,50.8,4.54,initial,sandy,5.21,0
64.51,14.95,66.92,3.8,initial,clay,12.12,0
47.43,24.89,42.9,0,mid_season,loamy,0,1
77.83,27.76,36.72,4.02,late,loamy,19.77,0
57.53,14.23,55.65,6.48,late,loamy,11.12,0
75.0,27.77,68.43,3.9,development,loamy,2.13,0
72.53,26.83,69.33,1.95,late,loamy,23.45,0
85.8,15.6,66.93,3.01,development,clay,19.98,0
40.06,20.71,66.06,4.86,initial,sandy,9.15,0
55.52,29.4,69.28,4.99,development,loamy,5.27,0
87.22,31.02,32.47,0,late,loamy,0,0
32.72,17.84,31.21,2.26,development,sandy,8.57,0
46.99,19.12,69.97,3.01,mid_season,loamy,26.79,0
61.93,25.98,44.0,0,initial,clay,0,0
71.44,21.56,84.27,3.78,initial,clay,10.72,0
73.3,23.27,64.24,5.0,late,clay,3.59,0
60.0,17.84,49.38,3.23,late,clay,1.65,0
55.61,29.99,58.52,0,initial,clay,0,0
47.69,26.55,63.55,4.58,initial,sandy,0.25,0
52.51,20.01,35.28,3.96,mid_season,clay,2.13,0
70.79,21.37,58.91,3.9,mid_season,loamy,12.69,0
52.61,24.77,35.18,6.41,mid_season,clay,5.61,0
37.03,26.47,56.21,0,initial,sandy,0,0
44.93,20.37,38.05,0,development,loamy,0,1
88.03,27.26,34.41,4.16,development,clay,15.18,0
76.43,15.73,53.33,4.55,initial,clay,4.4,0
51.61,17.09,70.2,4.86,development,loamy,10.06,0
46.95,29.86,50.38,3.4,development,sandy,3.52,0
66.46,33.84,39.41,5.97,development,loamy,4.92,0
58.61,22.34,35.19,4.34,initial,clay,3.21,0
40.48,17.2,34.95,4.86,mid_season,clay,12.0,0
65.14,15.93,68.64,5.51,mid_season,loamy,16.22,0
48.28,14.3,35.68,5.95,late,clay,9.91,0
53.99,15.44,38.86,4.36,initial,sandy,13.36,0
12.91,19.17,41.58,4.5,late,loamy,11.54,0
22.53,29.43,58.13,4.29,initial,clay,4.21,0
58.68,12.07,53.58,3.55,development,loamy,4.99,0
80.24,32.08,69.58,3.7,initial,clay,1.28,0
59.85,24.28,59.39,0,initial,sandy,0,0
55.98,14.23,65.16,4.86,mid_season,loamy,13.78,0
58.55,26.37,39.02,2.44,development,sandy,9.06,0
12.97,23.42,69.68,2.44,initial,loamy,1.4,0
46.5,13.59,57.64,5.33,mid_season,loamy,3.3,0
49.0,25.87,67.34,5.09,mid_season,loamy,9.57,0
54.84,18.28,64.95,4.18,development,loamy,9.95,0
70.82,22.14,63.81,2.07,development,clay,0.1,0
39.58,25.46,73.42,4.66,initial,loamy,1.75,0
56.35,30.86,72.67,5.92,development,clay,11.32,0
46.75,21.76,77.25,3.85,development,sandy,10.43,0
60.88,33.7,54.19,2.44,development,clay,11.0,0
57.91,24.46,77.11,3.92,initial,clay,9.72,0
53.67,26.32,72.4,0,initial,clay,0,0
47.48,27.08,55.76,3.5,mid_season,sandy,15.93,0
56.09,24.84,62.64,2.11,mid_season,loamy,16.88,0
43.42,22.57,31.13,3.74,development,sandy,8.79,0
39.58,17.38,69.09,0,mid_season,clay,0,1
32.96,25.17,79.65,4.75,initial,loamy,7.96,0
36.57,18.6,52.89,4.03,mid_season,clay,19.46,0
66.15,25.85,74.93,5.41,mid_season,clay,2.93,0
89.26,14.51,80.92,4.49,mid_season,clay,12.35,0
49.67,25.67,52.2,4.25,late,sandy,8.52,0
53.7,17.53,74.94,6.16,initial,clay,11.48,0
71.81,20.35,53.75,3.71,late,sandy,1.57,0
24.63,32.66,42.05,0,initial,sandy,0,1
58.85,23.67,45.57,4.31,initial,clay,9.28,0
94.67,20.82,68.38,4.56,late,clay,0.19,0
82.51,31.35,51.93,3.01,late,sandy,6.78,0
53.48,15.21,69.09,2.9,development,loamy,16.5,0
71.61,12.1,39.16,3.31,late,clay,10.73,0
61.84,28.74,81.96,5.08,late,clay,15.62,0
52.44,27.91,33.57,0,development,sandy,0,1
95,31.01,32.7,2.25,initial,sandy,7.74,0
64.64,17.69,42.13,4.0,mid_season,clay,8.13,0
85.82,29.24,69.13,3.96,initial,clay,9.61,0
40.02,19.91,62.63,3.01,initial,clay,9.44,0
16.09,28.56,60.22,2.74,late,sandy,4.26,0
64.44,17.43,55.0,0,late,loamy,0,0
93.95,28.94,62.85,5.74,initial,sandy,11.83,0
52.67,24.4,67.17,4.49,late,clay,7.75,0
41.95,27.51,44.87,2.49,initial,sandy,0.35,0
69.46,20.6,61.32,5.54,late,sandy,7.68,0
94.9,25.56,66.47,3.93,mid_season,clay,18.63,0
55.8,13.76,47.74,3.25,late,clay,6.67,0
43.19,18.5,42.49,4.47,development,loamy,4.43,0
58.18,33.22,62.03,2.69,initial,clay,2.19,0
76.46,16.96,44.16,3.41,mid_season,loamy,5.93,0
56.61,13.5,32.26,2.95,mid_season,clay,16.87,0
51.13,26.86,35.37,0,late,clay,0,0
48.26,13.43,64.36,0,initial,loamy,0,0
58.61,29.09,33.22,3.37,late,loamy,14.98,0
45.42,22.78,84.75,5.29,mid_season,loamy,3.81,0
82.2,22.61,58.85,2.88,development,clay,16.13,0
71.11,23.86,60.42,5.03,initial,loamy,9.89,0
65.64,26.52,83.84,2.35,development,clay,3.14,0
65.29,28.44,46.22,2.52,initial,loamy,7.12,0
8.65,17.75,41.51,4.43,development,loamy,7.75,0
64.57,15.28,80.0,5.47,mid_season,loamy,4.31,0
37.62,24.48,81.09,3.6,late,sandy,5.12,0
54.58,31.85,81.84,0,late,sandy,0,1
67.23,18.45,73.32,4.46,mid_season,clay,15.04,0
36.27,13.46,44.15,3.22,development,loamy,4.99,0
43.12,30.98,41.08,3.79,late,sandy,11.54,0
49.61,14.07,73.24,3.9,initial,sandy,8.34,0
52.49,17.33,40.72,4.19,development,clay,8.13,0
56.98,24.11,35.58,4.07,mid_season,clay,21.38,0
46.47,23.2,68.49,4.37,late,clay,14.29,0
40.71,25.55,80.44,3.2,mid_season,sandy,12.75,0
54.97,24.12,76.01,4.73,mid_season,clay,8.44,0
39.54,32.98,42.15,4.47,mid_season,sandy,4.24,0
37.7,27.86,53.54,3.35,mid_season,loamy,4.27,0
66.07,18.85,72.71,4.08,mid_season,loamy,4.01,0
59.93,14.71,37.13,3.68,development,loamy,7.17,0
32.69,25.22,54.73,3.15,mid_season,sandy,16.51,0
84.12,13.29,56.94,4.36,development,clay,9.0,0
71.71,21.53,53.49,4.72,mid_season,clay,7.3,0
59.29,21.74,48.02,0.96,initial,clay,3.92,0
47.72,28.43,67.59,4.08,development,sandy,16.82,0
66.54,26.3,33.45,2.96,mid_season,clay,16.3,0
76.89,33.64,82.34,4.82,mid_season,loamy,7.77,0
53.25,23.9,79.81,3.3,development,sandy,5.37,0
50.23,12.61,81.05,3.68,late,sandy,10.26,0
33.29,19.24,55.43,2.87,initial,clay,2.46,0
71.17,13.8,65.42,4.34,initial,sandy,5.75,0
17.59,15.26,71.83,2.56,development,sandy,1.82,0
47.9,13.7,60.11,4.68,mid_season,sandy,8.7,0
50.12,18.63,49.28,4.71,development,sandy,12.47,0
48.94,21.45,64.8,0,initial,loamy,0,0
46.04,29.37,41.16,4.95,late,loamy,11.76,0
79.33,31.33,54.61,0,late,loamy,0,0
53.36,19.32,77.6,3.22,late,clay,3.84,0
60.7,33.88,58.03,5.8,initial,loamy,11.77,0
72.39,21.89,45.18,6.31,late,sandy,9.59,0
75.36,19.86,40.06,3.54,mid_season,loamy,1.88,0
39.87,18.27,55.04,3.7,development,sandy,2.0,0
59.47,17.84,48.11,3.42,development,clay,0.43,0
15.3,12.94,57.0,3.95,mid_season,loamy,14.85,0
43.85,19.91,53.33,4.32,mid_season,loamy,10.33,0
40.78,15.75,81.97,3.91,late,sandy,17.56,0
38.81,13.09,49.33,3.98,mid_season,sandy,5.4,0
39.86,23.68,64.59,6.78,late,loamy,16.47,0
74.27,33.72,62.6,5.75,initial,clay,3.27,0
54.3,26.27,71.1,4.6,mid_season,clay,22.45,0
63.55,19.41,61.11,4.56,late,loamy,13.33,0
61.13,14.66,77.79,3.26,late,clay,8.19,0
43.25,22.2,42.95,5.76,initial,sandy,1.75,0
71.43,33.01,52.31,0,mid_season,sandy,0,0
45.39,24.8,34.86,5.18,late,loamy,12.54,0
76.09,14.27,31.83,5.85,development,clay,13.74,0
55.91,21.98,33.74,4.7,late,loamy,11.58,0
24.56,33.34,63.53,2.91,initial,loamy,8.92,0
68.01,32.85,39.49,4.18,late,sandy,8.08,0
58.08,29.32,42.09,2.17,development,clay,16.87,0
33.03,21.77,36.36,3.8,mid_season,sandy,5.88,0
69.53,32.67,42.59,0,mid_season,sandy,0,0
24.87,30.26,62.42,3.92,mid_season,sandy,6.56,0
55.03,33.36,69.71,4.37,late,clay,9.78,0
39.68,26.43,76.57,1.37,development,loamy,20.93,0
28.86,28.77,74.33,0,development,loamy,0,1
18.89,20.04,59.46,3.08,mid_season,loamy,19.36,0
39.09,12.34,49.51,5.58,mid_season,clay,6.3,0
53.72,25.57,43.61,4.44,late,loamy,4.13,0
69.32,24.32,74.2,3.85,late,clay,10.9,0
58.26,33.45,44.36,3.2,mid_season,sandy,10.03,0
38.9,22.01,58.94,2.56,initial,clay,3.33,0
65.51,12.04,53.98,4.03,initial,loamy,4.96,0
44.24,20.61,40.09,0,initial,clay,0,0
13.14,13.76,74.7,5.5,initial,clay,3.7,0
81.07,25.6,79.84,3.8,mid_season,sandy,9.48,0
40.32,19.31,74.34,3.75,late,clay,10.47,0
31.93,15.4,51.61,4.26,mid_season,loamy,16.6,0
90.13,16.42,76.2,1.85,development,clay,0.43,0
77.95,14.28,84.44,3.32,mid_season,clay,18.06,0
31.23,26.26,31.41,5.28,initial,sandy,3.92,0
59.22,23.64,64.02,2.92,initial,clay,3.59,0
60.67,15.37,78.66,4.93,development,clay,0.23,0
71.66,17.96,40.89,6.17,development,clay,20.6,0
63.7,15.9,83.88,4.59,initial,clay,9.25,0
57.03,16.9,36.14,5.42,mid_season,clay,11.29,0
42.14,14.2,58.25,0,late,clay,0,1
62.45,25.88,38.92,2.83,development,clay,9.88,0
73.27,19.87,45.99,3.77,mid_season,loamy,21.26,0
19.04,14.87,54.25,3.29,development,loamy,12.01,0
79.24,15.84,41.11,0,development,sandy,0,0
71.73,19.88,51.21,1.89,development,sandy,2.33,0
28.21,26.83,50.76,4.44,development,loamy,5.36,0
47.92,19.14,67.91,4.27,mid_season,sandy,7.55,0
95,12.24,47.19,0,development,sandy,0,0
77.83,20.46,48.85,3.74,mid_season,sandy,9.9,0
72.3,20.69,38.28,4.85,development,sandy,12.14,0
90.11,28.88,34.05,4.03,late,clay,2.38,0
69.33,24.03,48.2,6.15,development,sandy,10.73,0
34.63,15.96,63.06,4.36,development,sandy,8.16,0
66.25,19.22,58.33,3.41,late,clay,14.99,0
11.6,26.26,69.61,4.23,initial,loamy,15.71,0
29.03,20.55,82.2,4.85,mid_season,loamy,12.44,0
84.34,16.61,61.59,2.44,initial,clay,23.43,0
38.05,27.48,37.24,1.71,mid_season,loamy,4.63,0
49.44,12.91,35.23,3.46,mid_season,sandy,16.09,0
41.01,20.75,55.14,4.67,development,sandy,6.92,0
39.02,12.65,78.82,3.68,mid_season,sandy,7.26,0
64.54,14.45,57.07,0,development,sandy,0,0
76.03,15.2,49.1,3.33,initial,sandy,15.03,0
50.21,25.28,74.99,2.87,mid_season,loamy,12.67,0
66.19,19.96,37.08,5.12,development,clay,7.01,0
33.01,33.97,62.95,3.39,mid_season,loamy,5.06,0
52.28,19.47,72.23,4.04,development,loamy,5.82,0
95,19.46,63.12,3.83,initial,sandy,10.19,0
59.35,18.8,63.78,0,development,clay,0,0
36.19,29.77,84.9,4.2,development,sandy,5.57,0
61.15,18.28,68.49,1.8,mid_season,loamy,13.38,0
58.75,25.64,75.39,3.86,development,loamy,4.68,0
28.93,22.37,57.6,0.5,mid_season,sandy,5.84,0
22.48,13.57,57.38,0,initial,clay,0,0
75.27,23.2,80.25,2.61,late,sandy,8.78,0
66.02,31.36,66.24,7.08,initial,loamy,4.61,0
16.58,31.22,31.4,4.87,mid_season,clay,9.12,0
81.52,29.45,74.54,4.86,late,clay,15.0,0
32.45,31.4,81.66,0,late,clay,0,1
74.79,12.52,71.24,0,development,clay,0,0
52.92,26.08,68.06,4.36,mid_season,clay,17.5,0
65.84,31.05,73.74,4.36,mid_season,sandy,19.01,0
62.18,12.19,61.35,1.41,mid_season,loamy,11.02,0
63.68,18.85,78.91,2.49,initial,clay,7.3,0
61.4,32.21,32.02,4.78,development,clay,6.34,0
63.19,32.83,30.07,4.62,mid_season,sandy,3.75,0
60.99,25.1,83.66,5.82,initial,loamy,6.78,0
39.68,16.05,59.48,2.31,development,clay,13.76,0
86.75,21.51,84.44,4.41,initial,sandy,3.42,0
63.63,12.07,74.27,4.87,initial,sandy,11.84,0
84.39,19.21,72.74,7.2,development,sandy,6.26,0
51.5,26.84,77.26,6.42,initial,loamy,8.16,0
67.42,26.3,36.64,4.35,development,sandy,3.41,0
44.62,30.87,52.2,0,initial,loamy,0,1
60.91,24.63,75.81,4.13,initial,loamy,0.31,0
43.44,20.52,48.67,3.52,development,loamy,14.4,0
55.3,17.55,34.91,5.34,initial,loamy,10.44,0
44.69,25.97,44.57,4.61,mid_season,clay,8.14,0
37.49,14.38,47.39,4.17,mid_season,clay,6.57,0
41.21,32.57,71.34,4.13,late,loamy,25.27,0
52.2,19.43,62.55,5.39,late,clay,10.22,0
51.34,17.08,83.29,0,late,loamy,0,1
48.3,14.7,74.99,0,late,clay,0,0
25.87,26.81,37.76,2.62,development,clay,1.87,0
46.42,33.26,74.68,2.6,development,clay,6.64,0
49.75,33.64,81.23,0,development,sandy,0,1
51.8,16.08,38.43,0,initial,sandy,0,0
95,23.05,83.19,3.62,development,clay,19.45,0
48.38,24.22,51.12,3.28,mid_season,clay,7.63,0
61.3,12.27,54.23,5.17,development,loamy,1.45,0
83.68,14.35,80.3,4.2,development,sandy,11.93,0
59.65,12.07,78.4,2.38,initial,sandy,1.82,0
60.74,13.41,48.62,4.24,late,loamy,4.15,0
85.03,30.83,35.78,3.62,late,loamy,2.27,0
27.31,18.82,31.19,4.22,development,loamy,3.46,0
50.74,30.19,71.34,4.56,late,sandy,1.22,0
52.16,21.24,52.82,3.97,late,clay,15.13,0
61.75,33.91,57.31,0,mid_season,loamy,0,0
58.5,33.7,67.7,4.02,development,sandy,11.6,0
54.48,20.09,38.76,2.7,development,clay,12.47,0
78.33,29.67,44.98,0,initial,sandy,0,0
44.79,12.22,59.79,4.19,late,loamy,16.52,0
32.69,28.39,55.03,3.59,mid_season,clay,17.68,0
75.88,17.01,45.54,4.65,late,loamy,11.13,0
68.91,29.68,39.34,4.32,development,sandy,20.1,0
50.48,33.4,55.99,2.87,initial,clay,3.63,0
64.82,23.96,58.22,4.53,late,sandy,5.45,0
79.84,27.5,55.21,4.55,initial,loamy,8.52,0
72.67,20.31,48.63,3.49,mid_season,loamy,11.26,0
64.63,31.67,70.98,6.25,development,sandy,12.48,0
49.38,17.85,37.6,3.78,mid_season,loamy,18.59,0
54.58,20.67,65.85,0,initial,loamy,0,0
49.32,27.41,33.74,4.33,development,sandy,22.47,0
75.24,15.22,57.03,4.88,mid_season,clay,0.25,0
71.28,27.82,52.07,3.68,mid_season,loamy,5.54,0
49.28,20.78,66.68,4.02,development,clay,7.76,0
94.45,12.41,73.96,3.99,development,loamy,3.97,0
47.97,22.44,51.47,2.69,initial,clay,1.26,0
41.31,16.11,59.81,6.43,late,loamy,15.77,0
66.06,13.94,84.14,5.2,late,sandy,11.75,0
52.05,20.5,83.84,4.44,mid_season,sandy,1.99,0
63.24,25.56,41.2,4.1,initial,sandy,6.63,0
68.86,15.48,81.56,2.72,mid_season,loamy,10.84,0
54.24,20.37,65.78,2.42,mid_season,sandy,4.68,0
45.26,22.9,55.95,3.84,late,sandy,5.52,0
58.29,16.35,73.18,4.5,mid_season,sandy,19.87,0
40.8,33.32,51.63,0,development,clay,0,1
50.04,33.61,61.84,3.15,late,loamy,14.83,0
22.27,25.83,82.65,5.68,development,clay,11.81,0
30.5,31.15,35.07,3.91,mid_season,clay,17.14,0
32.55,29.74,60.11,4.8,mid_season,loamy,10.46,0
29.76,29.33,79.59,3.51,initial,loamy,20.46,0
23.94,26.08,37.93,4.3,initial,sandy,18.29,0
41.13,12.4,74.93,5.45,mid_season,loamy,6.6,0
77.31,17.81,67.79,6.23,late,clay,17.31,0
19.82,20.76,34.48,3.84,initial,clay,8.94,0
54.94,18.35,43.51,2.69,late,loamy,15.37,0
95,17.66,50.84,7.26,mid_season,loamy,23.7,0
58.23,15.14,40.34,2.71,development,clay,5.44,0
80.05,26.13,45.14,2.79,mid_season,clay,16.38,0
52.27,22.31,60.86,2.91,late,sandy,4.74,0
21.77,33.76,41.1,3.86,development,sandy,11.38,0
71.65,18.86,36.39,5.02,late,clay,19.13,0
76.33,12.25,39.5,3.92,mid_season,clay,10.84,0
62.32,28.47,50.6,2.76,development,sandy,16.37,0
64.06,12.6,65.27,5.14,initial,clay,1.8,0
65.02,21.51,55.22,2.3,development,loamy,12.69,0
65.13,32.7,67.73,2.99,mid_season,clay,18.38,0
37.03,20.5,50.71,4.31,late,loamy,22.22,0
59.03,23.34,70.78,4.1,initial,sandy,10.37,0
74.2,32.58,41.84,3.75,late,sandy,21.02,0
57.42,22.81,82.83,0,initial,sandy,0,0
45.71,32.63,31.17,3.56,initial,loamy,5.3,0
44.48,31.93,66.06,0,development,sandy,0,1
58.43,25.1,82.96,0,development,loamy,0,0
75.84,15.76,65.49,3.56,development,clay,9.62,0
36.63,24.67,35.46,0,late,loamy,0,1
35.54,29.83,64.94,3.36,initial,clay,3.15,0
68.58,23.61,77.12,3.71,late,clay,6.71,0
5,33.37,61.68,4.75,development,loamy,20.1,0
41.85,29.19,59.12,4.06,development,sandy,10.11,0
82.61,22.81,67.76,3.18,initial,sandy,7.98,0
55.78,33.8,30.44,4.8,mid_season,clay,19.16,0
61.95,30.81,59.87,0,initial,sandy,0,0
78.04,31.75,76.93,0,late,loamy,0,0
58.07,25.3,77.22,3.7,development,loamy,5.9,0
95,15.11,56.1,4.77,initial,clay,6.28,0
68.69,22.78,35.85,2.49,late,sandy,18.19,0
79.4,13.06,65.19,0,development,sandy,0,0
49.89,27.33,69.76,3.18,late,clay,12.55,0
46.28,15.85,66.25,4.36,development,sandy,7.7,0
33.84,33.45,49.42,2.86,late,loamy,7.98,0
58.01,24.27,64.45,3.23,initial,loamy,17.85,0
61.04,17.78,35.95,0,development,clay,0,0
82.68,23.08,81.93,3.9,development,sandy,14.95,0
53.78,17.62,34.57,5.13,late,clay,1.03,0
34.2,17.23,48.56,5.1,late,clay,6.77,0
42.07,13.98,61.82,3.78,mid_season,sandy,13.17,0
42.01,27.37,32.86,2.66,development,clay,5.03,0
56.27,25.37,40.25,3.18,development,sandy,1.27,0
62.68,29.23,78.22,0,initial,sandy,0,0
60.04,15.79,54.72,0,development,loamy,0,0
78.85,20.76,71.62,5.16,late,sandy,8.31,0
5,25.54,77.33,4.43,initial,clay,7.01,0
42.69,22.67,39.25,4.16,mid_season,clay,7.01,0
32.68,15.41,30.31,5.35,late,loamy,15.09,0
32.46,25.35,46.27,0,development,sandy,0,1
64.66,25.77,51.58,4.73,initial,loamy,7.28,0
58.11,18.74,83.57,2.45,initial,sandy,12.98,0
73.66,15.18,83.72,4.34,mid_season,clay,22.94,0
64.21,17.95,50.09,4.34,initial,loamy,14.66,0
68.39,22.63,68.44,0,initial,sandy,0,0
30.07,30.28,62.24,0,mid_season,clay,0,1
37.75,25.14,62.13,5.77,mid_season,clay,7.32,0
48.46,33.97,63.07,4.03,initial,clay,8.58,0
20.42,26.27,60.68,4.3,mid_season,loamy,21.45,0
31.07,27.13,73.13,0,late,sandy,0,1
35.74,24.3,78.79,4.27,late,sandy,16.22,0
72.98,22.56,84.42,5.73,initial,clay,8.51,0
66.71,33.13,67.1,5.12,development,clay,11.38,0
49.2,32.44,41.16,2.39,mid_season,sandy,5.88,0
75.61,15.84,38.53,7.84,mid_season,sandy,1.07,0
59.06,24.08,50.09,1.99,late,clay,11.67,0
77.52,18.47,53.3,4.19,mid_season,clay,24.38,0
60.93,20.54,32.48,3.5,mid_season,loamy,10.66,0
60.42,26.6,48.4,4.59,mid_season,clay,13.07,0
46.02,32.91,74.93,4.83,development,clay,6.72,0
15.53,24.5,48.1,0,late,clay,0,1
51.76,26.03,72.72,3.23,development,clay,14.41,0
56.45,21.89,37.16,4.29,late,loamy,10.76,0
38.59,12.81,67.76,0,mid_season,sandy,0,1
49.42,14.75,62.05,4.6,mid_season,sandy,9.73,0
77.13,30.4,80.4,2.64,initial,sandy,2.64,0
52.35,28.83,84.16,0,late,loamy,0,0
54.89,17.95,54.94,2.96,development,loamy,4.16,0
58.87,22.59,83.75,5.11,mid_season,sandy,15.29,0
43.36,17.03,67.12,4.17,initial,clay,12.14,0
42.66,20.87,82.04,2.51,mid_season,sandy,11.2,0
70.32,24.86,72.47,0,initial,loamy,0,0
95,21.85,64.28,4.49,initial,clay,13.32,0
33.76,17.57,41.88,1.55,mid_season,loamy,6.78,0
10.69,17.45,55.48,0,mid_season,sandy,0,1
68.33,22.26,80.92,4.41,late,loamy,5.03,0
53.65,33.28,40.14,3.12,late,sandy,5.83,0
53.75,12.74,42.75,0,initial,clay,0,0
57.29,21.21,30.42,5.05,mid_season,clay,3.78,0
85.23,27.57,42.74,4.4,development,loamy,7.36,0
49.03,28.73,74.48,2.67,development,clay,2.78,0
39.84,18.34,83.47,0,initial,loamy,0,0
55.45,32.47,49.94,3.92,initial,sandy,1.54,0
43.87,25.37,43.86,2.57,late,sandy,13.71,0
60.86,14.22,48.33,0,initial,clay,0,0
48.29,20.75,64.98,4.14,development,clay,9.13,0
30.88,12.51,58.51,3.35,development,clay,4.43,0
71.76,23.27,55.46,1.17,initial,clay,0.34,0
60.38,17.22,61.19,3.01,late,loamy,13.42,0
44.66,18.64,67.32,4.49,initial,sandy,3.77,0
74.14,13.05,34.88,6.16,development,clay,7.31,0
40.19,30.2,79.4,4.37,mid_season,sandy,3.28,0
77.75,18.28,79.65,3.37,late,loamy,0.14,0
51.69,25.26,69.09,3.53,late,sandy,3.49,0
38.9,31.88,82.64,5.23,initial,sandy,4.8,0
29.78,25.96,68.48,4.31,development,sandy,10.26,0
24.51,26.45,60.07,5.9,initial,loamy,4.14,0
45.8,19.78,36.5,5.45,late,clay,12.73,0
45.95,19.92,47.04,5.3,development,sandy,14.71,0
70.32,19.5,50.09,2.07,development,loamy,11.93,0
44.81,22.31,57.78,2.37,late,sandy,5.64,0
58.23,13.31,46.81,3.68,initial,sandy,12.58,0
60.83,19.93,66.18,1.98,mid_season,loamy,19.18,0
48.21,27.5,84.81,3.1,mid_season,sandy,19.06,0
75.08,31.55,73.44,6.99,late,sandy,11.71,0
74.53,19.89,35.69,2.68,mid_season,clay,6.59,0
24.08,22.01,78.28,0,late,sandy,0,1
42.93,12.05,61.86,3.07,initial,clay,10.08,0
69.4,28.88,53.36,3.85,late,clay,9.67,0
73.85,30.35,54.57,5.44,late,clay,6.31,0
55.53,20.52,81.08,2.98,late,clay,9.87,0
59.65,28.28,30.16,0,initial,sandy,0,1
58.65,21.16,63.72,3.74,mid_season,loamy,1.98,0
77.74,32.08,42.5,4.41,late,loamy,14.33,0
45.94,28.71,33.15,0,late,clay,0,0
60.97,25.14,82.86,3.48,development,sandy,6.47,0
67.61,23.79,65.35,0,late,sandy,0,0
53.04,21.34,49.47,6.88,initial,sandy,7.15,0
34.47,33.21,71.25,3.15,initial,sandy,7.21,0
66.42,12.25,82.27,5.49,development,loamy,15.26,0
86.51,30.97,35.45,2.47,late,loamy,2.53,0
49.44,23.59,66.3,5.65,mid_season,clay,7.52,0
52.24,20.17,60.39,5.52,development,clay,3.0,0
69.36,33.97,77.92,0,late,sandy,0,0
80.32,17.17,57.95,3.92,development,sandy,7.41,0
56.63,24.34,31.06,3.87,initial,clay,18.85,0
79.36,31.78,83.16,4.34,late,sandy,2.73,0
78.98,20.37,38.77,4.81,development,sandy,11.67,0
68.48,23.89,65.58,3.83,development,loamy,3.37,0
65.8,31.78,81.14,3.66,development,sandy,0.6,0
48.32,21.62,80.16,1.02,development,loamy,6.11,0
47.75,23.88,62.91,2.52,initial,clay,4.59,0
45.79,12.05,34.35,0,late,loamy,0,1
38.6,20.84,63.46,0,initial,sandy,0,0
54.7,29.12,51.03,6.56,initial,clay,0.26,0
45.88,22.78,65.6,4.88,development,sandy,11.14,0
49.7,28.99,32.59,4.18,initial,clay,6.86,0
69.3,30.23,51.9,4.18,late,loamy,0.23,0
34.64,33.61,61.96,3.0,mid_season,loamy,5.7,0
38.88,25.69,30.54,5.04,initial,clay,14.14,0
6.46,25.78,31.52,3.83,development,clay,6.2,0
35.53,22.39,69.23,5.28,late,loamy,14.34,0
75.66,16.58,60.57,4.3,development,loamy,19.58,0
46.79,12.38,77.3,4.54,development,clay,11.98,0
46.6,13.1,40.93,4.36,late,loamy,3.0,0
26.12,21.97,75.21,3.37,development,loamy,0.93,0
51.76,20.54,36.11,0,initial,clay,0,0
62.26,23.29,52.17,4.4,initial,loamy,2.38,0
68.04,20.97,67.89,3.8,late,sandy,1.0,0
17.9,20.28,37.81,5.3,late,loamy,9.43,0
52.2,15.62,58.27,4.1,initial,clay,14.31,0
36.03,24.01,45.7,4.6,initial,loamy,4.45,0
20.3,20.03,76.63,2.23,initial,clay,13.57,0
38.76,24.4,50.03,3.44,initial,sandy,0.82,0
60.19,21.68,54.92,0,initial,loamy,0,0
65.89,12.62,57.05,0,development,loamy,0,0
70.25,19.12,61.5,3.14,initial,sandy,11.26,0
54.56,12.22,31.86,3.89,mid_season,sandy,17.99,0
67.02,25.46,65.22,3.26,late,sandy,9.24,0
33.04,18.98,52.5,5.27,mid_season,clay,4.56,0
35.11,12.15,80.03,2.82,development,loamy,3.51,0
81.93,28.82,43.02,0,initial,loamy,0,0
50.2,20.98,76.46,0,initial,sandy,0,0
64.75,31.79,81.73,4.55,initial,loamy,9.72,0
57.23,26.72,60.43,0,mid_season,loamy,0,0
94.68,14.0,54.04,0,initial,sandy,0,0
35.85,22.1,53.35,5.04,mid_season,loamy,7.46,0
31.81,17.88,56.47,4.12,development,loamy,7.01,0
50.04,21.41,62.58,4.63,development,loamy,7.78,0
14.89,32.08,40.17,4.0,late,clay,5.3,0
53.61,31.25,80.2,5.4,development,sandy,15.46,0
38.29,14.29,48.92,0,mid_season,loamy,0,1
37.12,29.65,42.52,3.74,development,loamy,3.45,0
87.23,14.87,39.76,4.7,initial,clay,7.97,0
63.78,25.41,63.75,5.64,mid_season,loamy,23.17,0
78.46,30.95,35.31,3.69,initial,clay,9.95,0
61.37,31.33,53.06,3.37,development,clay,5.84,0
78.76,18.71,37.77,3.83,mid_season,sandy,16.19,0
51.69,13.36,84.06,5.4,mid_season,clay,15.44,0
54.59,25.25,37.5,2.81,late,sandy,3.69,0
42.66,14.58,74.3,5.31,mid_season,clay,7.13,0
55.52,28.25,69.88,3.9,late,clay,13.44,0
65.87,15.21,54.43,5.07,mid_season,clay,8.19,0
42.72,12.34,82.99,0,late,sandy,0,1
50.77,29.0,62.14,5.51,mid_season,sandy,11.8,0
36.47,22.48,43.17,2.73,late,clay,5.35,0
75.89,18.91,75.26,0,initial,loamy,0,0
53.3,22.01,48.2,3.52,development,loamy,2.34,0
65.49,27.01,38.18,2.89,late,clay,9.89,0
50.56,33.65,51.52,4.54,development,clay,18.12,0
95,24.25,56.95,4.04,mid_season,sandy,6.07,0
76.26,32.95,79.74,0,initial,loamy,0,0
90.37,17.87,84.97,4.62,initial,sandy,7.87,0
52.74,15.59,52.64,4.31,initial,loamy,4.26,0
53.91,16.81,53.09,4.81,initial,sandy,10.7,0
46.6,14.23,81.47,4.64,development,clay,8.72,0
59.14,23.53,77.59,3.34,mid_season,sandy,12.75,0
43.47,27.55,82.85,4.37,late,clay,17.64,0
83.92,23.71,72.62,2.35,development,clay,8.35,0
45.54,19.0,80.98,3.48,development,loamy,12.14,0
56.69,29.31,57.74,4.47,mid_season,loamy,12.03,0
46.02,27.53,64.02,4.8,mid_season,clay,21.51,0
68.65,23.73,71.85,3.86,initial,loamy,20.17,0
69.7,17.37,62.37,3.86,late,clay,28.02,0
30.09,25.76,37.8,0,initial,loamy,0,1
46.03,28.43,34.23,1.6,mid_season,clay,1.74,0
56.29,15.22,66.94,5.0,late,loamy,13.16,0
37.74,28.36,71.75,6.2,mid_season,sandy,7.09,0
57.15,30.3,54.89,7.12,mid_season,sandy,6.9,0
82.39,26.09,63.34,3.73,initial,sandy,13.53,0
37.84,28.17,68.53,4.07,initial,sandy,2.75,0
68.12,23.76,53.35,3.38,development,clay,14.09,0
31.81,30.13,30.71,3.7,initial,clay,7.66,0
67.14,21.2,41.72,5.09,late,clay,4.72,0
83.6,22.17,33.57,0,initial,sandy,0,0
46.66,20.13,37.17,0,initial,loamy,0,0
83.22,26.0,68.56,3.13,development,sandy,10.11,0
45.64,14.35,53.49,1.34,development,loamy,7.52,0
31.24,12.57,41.41,3.85,development,sandy,0.54,0
53.23,18.28,45.82,3.58,development,clay,19.4,0
71.43,18.32,65.39,4.89,mid_season,sandy,11.97,0
46.71,12.54,45.55,1.92,development,sandy,4.1,0
77.58,32.81,81.08,5.56,late,loamy,11.31,0
36.48,32.59,40.27,5.02,initial,sandy,5.2,0
45.62,26.7,41.87,2.93,late,loamy,15.29,0
15.9,13.32,80.08,0,initial,sandy,0,0
64.42,17.7,62.59,0,mid_season,sandy,0,0
71.1,32.19,70.13,2.74,mid_season,sandy,9.05,0
28.08,23.05,77.44,3.67,late,clay,0.19,0
59.71,15.9,50.02,2.54,development,clay,10.3,0
57.56,23.69,56.22,4.87,mid_season,sandy,19.39,0
60.63,32.97,72.12,3.96,initial,sandy,8.4,0
62.92,21.74,83.7,3.4,mid_season,sandy,18.61,0
68.15,23.9,41.26,3.12,mid_season,loamy,13.26,0
54.16,32.71,84.18,2.85,late,loamy,7.97,0
65.03,15.35,46.76,3.74,late,clay,6.4,0
46.16,23.58,67.1,3.82,development,clay,3.06,0
58.64,28.85,40.77,5.32,mid_season,loamy,15.84,0
31.68,12.8,70.25,4.43,mid_season,loamy,9.85,0
35.37,19.36,67.11,0,initial,sandy,0,0
65.78,29.91,47.2,4.25,late,loamy,0.68,0
58.28,15.18,46.74,3.45,development,clay,10.02,0
38.83,13.58,84.32,4.73,late,clay,8.39,0
41.55,21.0,83.36,4.37,mid_season,sandy,5.74,0
64.62,21.13,30.8,3.46,late,loamy,10.46,0
39.13,17.47,75.9,0,initial,sandy,0,0
59.93,22.1,54.88,2.62,late,sandy,17.92,0
29.3,15.19,74.41,1.55,mid_season,sandy,8.28,0
73.0,30.39,76.27,4.23,development,clay,10.19,0
63.79,22.69,50.77,4.33,mid_season,sandy,17.18,0
65.86,19.49,46.64,5.68,mid_season,sandy,1.46,0
26.85,14.16,45.51,3.41,mid_season,loamy,17.24,0
49.7,33.82,65.7,4.4,development,sandy,17.02,0
60.34,18.41,54.46,3.97,mid_season,sandy,16.21,0
50.67,13.49,39.02,5.94,mid_season,clay,20.09,0
69.85,12.63,52.58,4.81,initial,loamy,0.4,0
56.56,24.45,66.91,5.87,late,sandy,9.78,0
50.62,20.46,31.5,3.94,late,loamy,15.45,0
32.84,20.45,82.65,4.32,initial,sandy,2.49,0
58.85,15.9,50.4,5.18,development,clay,14.99,0
89.69,16.18,61.11,4.42,mid_season,clay,9.68,0
64.14,26.4,43.68,4.81,development,clay,13.9,0
65.47,19.32,80.22,5.83,initial,sandy,12.41,0
95,32.24,32.21,4.44,mid_season,loamy,14.09,0
49.68,23.95,80.29,4.01,mid_season,loamy,12.08,0
68.89,25.64,33.53,0,late,sandy,0,0
64.72,13.03,71.06,5.6,initial,loamy,5.66,0
60.26,17.09,48.54,6.22,mid_season,clay,9.94,0
25.95,14.07,69.05,0,mid_season,sandy,0,1
55.2,32.62,66.54,6.33,late,loamy,15.19,0
45.16,30.5,58.8,3.55,mid_season,clay,0.76,0
43.97,32.35,61.72,2.86,mid_season,loamy,0.13,0
95,20.29,81.16,3.23,mid_season,clay,14.75,0
57.72,24.2,51.92,2.83,mid_season,sandy,19.45,0
52.71,16.5,36.51,3.56,mid_season,clay,4.88,0
50.41,32.38,71.36,3.48,mid_season,loamy,2.2,0
51.85,27.05,65.94,4.03,development,clay,9.6,0
57.2,33.52,37.66,4.2,late,clay,16.01,0
65.98,12.73,75.03,4.64,initial,clay,4.91,0
36.97,31.34,53.88,5.7,mid_season,clay,20.75,0
13.78,15.86,83.6,0,initial,sandy,0,0
69.36,13.13,43.73,4.51,late,sandy,10.82,0
90.94,32.68,66.14,3.63,late,loamy,5.23,0
81.23,25.5,42.37,3.36,mid_season,loamy,7.5,0
94.33,28.27,49.46,3.2,mid_season,loamy,19.29,0
64.33,27.84,77.14,5.88,late,loamy,16.01,0
62.69,18.48,47.24,0,late,sandy,0,0
78.35,21.26,70.78,2.49,development,clay,6.06,0
52.85,25.93,33.42,5.08,late,sandy,9.15,0
28.19,25.63,82.51,3.16,mid_season,loamy,18.65,0
89.47,13.38,68.8,3.67,development,sandy,7.66,0
30.29,23.84,30.74,5.62,initial,loamy,9.72,0
39.63,14.42,46.86,4.79,development,clay,18.78,0
65.74,16.86,45.46,2.4,late,loamy,10.62,0
19.25,29.65,37.61,4.75,development,clay,14.7,0
31.81,22.2,36.53,2.43,development,sandy,5.16,0
84.73,21.44,47.2,3.5,initial,clay,1.53,0
31.27,17.0,36.87,3.23,mid_season,clay,15.92,0
56.86,13.02,73.4,0,initial,clay,0,0
66.49,12.96,83.27,3.89,late,clay,2.1,0
38.25,23.41,33.81,3.0,mid_season,sandy,3.21,0
46.44,12.47,40.59,4.56,initial,clay,9.2,0
95,25.76,44.01,2.55,mid_season,clay,20.66,0
86.37,25.27,50.25,4.77,initial,sandy,6.44,0
72.15,20.0,54.12,5.26,development,sandy,18.39,0
61.82,17.06,55.07,3.46,mid_season,sandy,4.72,0
57.48,22.68,36.28,0,initial,loamy,0,0
79.42,32.54,31.35,3.45,development,loamy,4.27,0
62.23,18.36,57.9,3.42,initial,clay,1.49,0
17.08,19.09,61.92,0,mid_season,sandy,0,1
78.88,27.89,81.48,2.78,late,sandy,10.14,0
34.58,23.99,44.73,5.11,initial,loamy,18.03,0
62.87,25.75,84.04,0,initial,loamy,0,0
62.61,21.89,63.62,5.41,mid_season,sandy,1.91,0
95,16.43,51.28,0,late,sandy,0,0
74.0,13.09,57.23,5.22,late,sandy,19.04,0
69.8,20.13,75.56,2.63,mid_season,sandy,3.59,0
56.52,30.5,78.18,3.84,development,clay,3.75,0
65.13,12.56,56.07,3.66,initial,sandy,3.9,0
55.36,15.64,46.24,3.81,initial,clay,3.11,0
52.94,25.36,57.6,3.11,late,loamy,13.12,0
59.22,24.16,69.72,0,late,sandy,0,1
30.1,27.12,45.04,4.12,development,clay,9.7,0
49.82,27.75,34.5,2.67,development,loamy,0.5,0
67.18,17.9,63.46,5.05,late,clay,21.7,0
40.71,18.62,67.31,6.13,development,loamy,1.24,0
68.76,18.45,46.41,5.48,development,loamy,6.64,0
67.06,25.67,80.87,3.98,initial,sandy,6.68,0
55.82,31.11,79.0,3.32,initial,loamy,12.21,0
71.37,22.45,44.05,6.0,mid_season,loamy,12.64,0
60.41,16.57,65.75,4.63,initial,sandy,3.96,0
66.95,12.06,80.01,4.31,development,loamy,1.24,0
30.74,23.89,81.96,1.79,late,loamy,3.59,0
69.31,12.41,82.42,5.06,mid_season,clay,14.73,0
19.59,18.15,49.94,5.28,late,clay,13.14,0
61.03,33.38,41.25,2.74,late,clay,17.61,0
19.91,13.25,76.69,4.73,initial,sandy,12.05,0
71.27,33.19,61.27,3.94,development,loamy,5.66,0
30.75,16.95,50.03,0,mid_season,sandy,0,1
63.49,28.81,45.72,5.06,mid_season,clay,14.36,0
56.62,25.29,45.15,0,late,sandy,0,1
44.76,24.05,50.16,2.47,development,sandy,6.46,0
62.45,26.14,33.21,2.3,development,clay,5.96,0
57.11,33.52,75.52,2.94,initial,clay,2.36,0
50.2,16.27,64.39,3.9,mid_season,loamy,6.33,0
61.97,15.35,35.96,4.54,initial,sandy,18.55,0
50.26,29.13,76.01,2.88,initial,loamy,6.3,0
35.16,33.47,55.17,0,late,sandy,0,1
44.33,27.95,47.59,1.68,mid_season,loamy,19.27,0
41.93,13.59,70.36,3.33,development,loamy,9.95,0
23.78,29.1,73.23,0,initial,clay,0,0
37.56,17.04,45.42,4.27,late,sandy,9.59,0
72.35,17.56,46.08,3.93,late,sandy,14.52,0
75.77,33.36,58.49,4.56,late,sandy,29.99,0
17.64,29.41,79.23,3.5,initial,sandy,13.89,0
67.17,27.52,56.45,5.59,mid_season,sandy,5.13,0
81.05,29.19,42.51,6.44,mid_season,sandy,8.98,0
51.2,19.42,78.65,0,initial,sandy,0,0
48.9,33.56,33.87,2.86,initial,clay,1.62,0
20.38,16.59,52.18,0,development,sandy,0,1
63.65,14.77,61.17,3.72,mid_season,sandy,7.33,0
61.89,18.77,79.79,5.18,late,loamy,5.11,0
59.75,14.96,72.11,0,development,clay,0,0
30.7,24.65,61.59,3.63,initial,clay,9.67,0
71.15,32.68,35.3,4.28,late,loamy,4.68,0
59.01,28.5,64.49,3.48,mid_season,sandy,4.68,0
41.24,23.79,69.4,5.85,initial,clay,12.09,0
61.63,12.51,50.17,3.74,late,clay,17.24,0
47.09,29.91,38.2,3.92,initial,sandy,1.69,0
54.81,12.32,61.21,2.98,initial,sandy,2.48,0
43.41,25.77,59.9,4.33,late,clay,11.44,0
55.7,15.31,73.61,6.77,late,sandy,6.07,0
53.33,19.37,64.6,5.04,initial,sandy,1.23,0
51.7,24.86,80.78,4.55,late,sandy,19.18,0
50.45,16.74,70.97,4.77,late,sandy,2.56,0
43.96,22.98,42.26,2.65,mid_season,clay,4.79,0
59.15,16.53,41.99,3.45,mid_season,sandy,9.77,0
35.74,19.92,67.63,3.75,mid_season,sandy,7.8,0
80.97,26.36,46.65,0,development,loamy,0,0
47.47,20.12,40.94,3.87,mid_season,sandy,6.3,0
30.92,12.94,45.71,3.4,mid_season,loamy,10.53,0
33.99,21.21,70.98,4.2,initial,loamy,2.63,0
29.14,15.39,56.88,4.96,initial,clay,10.23,0
13.82,24.26,71.49,5.71,initial,clay,7.91,0
47.23,16.62,61.39,0,initial,sandy,0,0
56.05,13.56,65.7,4.58,initial,sandy,11.38,0
16.76,15.42,67.31,3.08,development,loamy,12.61,0
33.7,20.41,46.0,3.9,mid_season,loamy,9.56,0
34.16,17.48,44.56,5.21,development,loamy,1.72,0
54.86,28.63,33.83,4.5,initial,loamy,7.11,0
79.38,29.99,68.85,4.1,initial,clay,7.13,0
46.31,30.35,76.74,1.98,initial,loamy,7.31,0
81.0,25.27,44.0,0,development,loamy,0,0
91.55,20.81,37.94,2.74,mid_season,sandy,9.9,0
60.6,27.89,81.15,4.85,mid_season,clay,11.44,0
66.88,26.28,50.3,0,late,sandy,0,0
58.6,31.79,74.06,5.55,mid_season,clay,17.71,0
40.3,28.3,66.36,1.66,development,clay,20.24,0
66.28,30.81,37.97,4.36,initial,clay,8.33,0
58.67,19.38,40.9,2.04,mid_season,loamy,19.25,0
55.82,24.37,54.87,0,initial,loamy,0,0
92.84,27.55,53.93,2.46,mid_season,clay,13.3,0
58.47,22.74,36.99,5.24,initial,sandy,9.76,0
62.4,29.46,62.74,2.05,late,clay,10.61,0
48.35,32.49,51.91,5.73,initial,clay,11.13,0
45.75,19.11,63.13,2.26,late,clay,6.67,0
46.68,32.89,72.42,3.72,initial,sandy,12.19,0
61.81,31.95,76.51,3.08,late,clay,18.51,0
51.16,16.3,52.9,3.8,initial,clay,17.18,0
47.07,15.48,42.77,4.81,late,clay,13.15,0
45.92,27.04,62.55,2.59,development,sandy,21.32,0
48.31,28.57,59.64,4.01,mid_season,sandy,4.69,0
70.56,23.81,61.2,3.3,late,loamy,5.72,0
56.39,30.96,32.83,4.89,late,sandy,2.22,0
28.74,30.79,36.09,2.68,development,loamy,1.81,0
58.66,23.51,67.94,0,late,sandy,0,1
42.16,25.19,83.3,4.75,initial,clay,10.21,0
37.48,19.69,47.75,2.07,late,loamy,22.96,0
43.16,31.75,64.32,6.12,development,loamy,6.23,0
58.42,13.47,62.14,5.99,mid_season,clay,16.15,0
64.17,16.16,30.26,0,initial,sandy,0,0
38.37,18.47,55.93,3.19,late,loamy,9.68,0
49.64,24.14,81.09,2.9,initial,clay,0.43,0
27.73,14.83,77.45,4.92,development,clay,10.34,0
68.34,17.68,47.76,5.23,development,loamy,6.45,0
49.42,19.46,80.55,0,late,loamy,0,1
64.8,24.81,60.41,3.02,development,sandy,16.14,0
58.14,15.09,39.82,4.59,late,sandy,2.75,0
67.22,31.46,74.85,2.39,mid_season,loamy,6.42,0
50.2,17.02,37.29,3.38,late,loamy,20.02,0
58.86,24.88,72.71,0,mid_season,sandy,0,1
50.47,28.54,39.57,5.4,mid_season,sandy,7.33,0
75.53,29.31,78.99,0,late,loamy,0,0
57.12,23.52,42.11,5.48,initial,sandy,4.16,0
72.93,16.82,57.01,4.76,development,clay,10.36,0
45.48,16.35,36.92,4.35,late,sandy,1.71,0
44.26,17.71,67.69,0,initial,loamy,0,0
56.72,26.26,51.37,3.16,mid_season,sandy,10.72,0
64.64,29.75,82.75,0,development,sandy,0,0
16.42,24.06,74.41,4.25,development,sandy,11.7,0
35.87,14.83,74.38,5.12,development,clay,15.49,0
50.78,17.93,39.74,3.62,mid_season,clay,8.72,0
66.46,32.84,30.11,4.08,initial,loamy,7.88,0
83.93,19.5,63.08,2.92,mid_season,sandy,6.7,0
16.23,33.63,33.48,5.28,mid_season,loamy,13.88,0
32.89,32.27,33.92,5.27,late,sandy,9.48,0
41.19,29.21,78.05,3.24,mid_season,loamy,22.03,0
70.01,18.82,67.93,3.36,development,loamy,16.61,0
53.7,30.78,64.18,1.67,initial,clay,13.25,0
56.74,17.9,76.77,3.42,late,sandy,15.77,0
63.6,23.36,58.58,3.07,development,loamy,21.24,0
58.15,21.13,81.44,4.49,late,clay,2.16,0
60.42,16.03,51.65,2.02,late,loamy,4.64,0
33.17,32.47,78.16,0,late,loamy,0,1
45.84,32.25,68.63,5.33,development,clay,7.26,0
53.9,21.62,54.77,3.75,mid_season,clay,17.43,0
43.73,30.81,53.25,3.2,development,clay,8.87,0
74.02,31.08,30.09,5.39,mid_season,loamy,23.75,0
78.73,12.55,78.68,3.71,development,sandy,21.67,0
34.09,12.58,71.89,3.44,mid_season,sandy,21.04,0
25.38,17.76,37.49,0,late,sandy,0,1
62.63,16.65,76.41,0,initial,loamy,0,0
28.44,19.5,54.19,3.68,mid_season,loamy,10.22,0
38.53,16.2,39.65,3.28,late,clay,16.45,0
72.92,24.18,81.69,4.78,initial,loamy,17.42,0
71.87,23.34,36.99,3.16,initial,loamy,9.98,0
70.99,28.28,77.46,0,mid_season,sandy,0,0
40.92,33.85,42.61,0,initial,clay,0,1
74.54,15.53,52.62,4.36,late,clay,14.45,0
95,24.61,75.47,0,development,sandy,0,0
86.21,25.32,82.31,0,initial,sandy,0,0
56.08,15.06,49.01,2.76,mid_season,loamy,1.91,0
72.56,26.99,38.63,1.92,mid_season,loamy,12.11,0
32.45,23.5,60.72,3.45,late,sandy,16.06,0
50.29,33.34,46.58,5.04,mid_season,sandy,16.84,0
48.47,21.18,52.17,4.64,initial,clay,6.87,0
29.79,24.31,39.78,5.44,late,clay,10.9,0
58.82,22.99,79.62,4.78,mid_season,sandy,18.96,0
75.06,25.45,47.78,0,late,loamy,0,0
56.92,15.32,66.84,4.19,late,loamy,11.07,0
79.56,22.03,42.14,4.34,initial,sandy,1.2,0
54.28,15.42,58.53,5.05,mid_season,sandy,13.83,0
62.49,18.7,49.19,4.38,initial,loamy,6.39,0
73.36,24.9,60.32,3.9,late,clay,0.05,0
37.86,20.57,51.91,4.22,mid_season,sandy,8.69,0
67.09,26.69,67.72,0,initial,sandy,0,0
34.23,26.91,79.82,4.91,development,clay,8.52,0
38.89,23.67,48.46,0,late,clay,0,1
41.31,24.73,36.73,2.38,late,sandy,10.22,0
89.92,33.11,48.9,3.26,late,clay,2.09,0
51.92,17.81,72.39,2.88,mid_season,sandy,7.71,0
72.44,32.95,77.03,3.2,development,clay,8.93,0
53.67,15.5,69.91,3.34,development,loamy,1.21,0
36.37,21.05,53.06,4.65,development,loamy,2.28,0
54.85,28.91,66.58,5.16,initial,clay,8.32,0
77.76,28.95,63.82,3.33,mid_season,loamy,2.73,0
53.93,24.34,36.69,0,development,clay,0,0
31.67,20.87,78.71,5.67,mid_season,loamy,6.56,0
64.48,25.87,82.99,4.37,development,clay,17.15,0
57.21,27.9,43.09,0,initial,loamy,0,0
57.82,22.96,35.94,2.51,initial,sandy,6.1,0
38.43,30.23,67.67,4.83,late,loamy,5.81,0
60.24,12.14,36.07,4.6,initial,clay,2.84,0
53.93,26.74,84.98,5.91,late,loamy,11.83,0
43.93,22.85,74.79,0,initial,sandy,0,0
46.4,21.96,31.4,3.46,mid_season,loamy,7.0,0
49.81,32.21,50.59,3.14,mid_season,clay,5.49,0
38.52,19.52,59.59,4.25,development,loamy,16.28,0
69.71,28.95,62.08,4.9,development,sandy,5.61,0
54.26,19.53,37.19,4.24,development,clay,10.2,0
71.48,26.97,68.31,0,late,loamy,0,0
57.12,21.49,49.97,3.26,late,sandy,13.83,0
67.36,14.62,55.61,3.13,initial,loamy,3.43,0
64.63,13.53,69.3,4.65,late,loamy,11.25,0
40.75,12.53,43.98,4.09,development,sandy,18.92,0
68.14,28.88,42.02,4.07,development,loamy,6.46,0
40.56,20.3,31.02,4.68,late,sandy,16.69,0
36.44,15.94,68.69,4.44,mid_season,sandy,9.25,0
64.05,13.31,43.86,3.79,mid_season,clay,3.97,0
51.85,13.08,58.84,4.58,initial,clay,10.28,0
26.85,21.76,72.8,3.11,late,sandy,1.13,0
56.92,31.7,67.69,3.33,initial,sandy,2.13,0
39.32,14.0,56.7,3.45,initial,loamy,9.82,0
71.14,28.6,83.52,3.83,late,sandy,9.23,0
48.05,14.94,54.68,4.31,initial,loamy,11.79,0
48.07,21.74,54.14,4.24,late,sandy,1.35,0
47.91,23.68,37.39,2.85,initial,sandy,12.28,0
33.58,33.04,38.23,2.22,mid_season,clay,17.55,0
63.26,25.18,39.1,0,initial,sandy,0,0
75.56,14.55,57.69,4.68,mid_season,clay,11.45,0
15.19,15.82,79.84,2.06,mid_season,loamy,6.07,0
56.59,20.24,69.31,3.37,late,sandy,12.44,0
39.13,16.48,72.64,5.52,initial,clay,8.85,0
67.46,26.31,36.57,4.57,initial,loamy,3.13,0
59.67,29.23,73.53,3.15,mid_season,loamy,27.68,0
36.8,12.42,67.5,0,mid_season,sandy,0,1
70.83,28.56,34.87,4.16,mid_season,loamy,17.95,0
21.81,19.07,52.42,2.63,development,clay,7.23,0
59.55,28.9,49.01,4.18,initial,loamy,1.98,0
66.37,17.35,62.86,3.84,development,clay,17.87,0
58.87,30.67,71.2,3.35,late,loamy,7.07,0
63.78,29.15,49.86,4.26,initial,loamy,11.95,0
75.95,25.15,79.45,4.63,late,clay,3.25,0
21.5,23.55,83.89,3.31,initial,clay,0.24,0
49.73,20.99,82.05,5.96,development,clay,13.67,0
53.3,16.68,81.61,4.82,initial,loamy,14.96,0
36.26,21.43,42.45,3.59,development,clay,15.53,0
57.85,30.14,46.03,2.53,development,loamy,14.88,0
50.31,32.32,63.17,0,mid_season,loamy,0,1
50.9,12.97,41.77,3.2,mid_season,sandy,11.64,0
49.98,13.49,57.8,0,development,loamy,0,1
55.6,12.44,62.72,3.77,development,sandy,8.44,0
95,26.71,71.8,0,late,loamy,0,0
67.53,26.87,37.14,4.79,development,clay,13.57,0
55.07,30.76,70.11,4.43,late,loamy,10.88,0
68.94,14.27,63.33,3.36,mid_season,loamy,14.96,0
52.54,19.61,73.11,4.05,development,clay,23.52,0
94.75,27.92,50.6,4.57,initial,sandy,4.42,0
49.94,30.91,61.23,1.83,late,loamy,3.26,0
28.88,19.66,75.97,0,development,clay,0,1
35.68,28.37,44.27,3.95,mid_season,sandy,10.18,0
51.74,18.32,75.47,3.46,initial,sandy,10.35,0
43.29,29.47,52.85,2.75,late,sandy,6.35,0
38.46,23.35,42.85,4.81,mid_season,clay,18.75,0
56.18,18.27,78.38,5.06,initial,clay,6.46,0
59.42,19.49,62.92,3.15,mid_season,sandy,5.99,0
71.13,24.09,73.92,0,late,loamy,0,0
51.93,25.62,70.06,4.23,late,sandy,10.25,0
66.28,14.3,40.84,2.78,mid_season,sandy,8.72,0
78.05,18.91,65.43,2.68,mid_season,loamy,19.43,0
60.52,33.55,38.83,3.87,mid_season,sandy,10.59,0
55.02,16.12,76.85,4.29,development,clay,14.66,0
25.38,27.7,61.04,4.66,late,loamy,24.73,0
60.76,18.64,60.23,4.84,late,sandy,24.45,0
58.1,17.66,46.09,3.68,late,clay,14.9,0
58.68,33.85,48.33,3.22,late,clay,11.36,0
95,26.61,65.21,0,mid_season,clay,0,0
53.98,33.07,73.7,4.02,development,sandy,2.58,0
39.32,27.13,39.6,3.83,late,loamy,8.82,0
43.62,18.96,46.28,3.96,late,loamy,6.85,0
46.67,28.46,80.39,3.61,late,loamy,8.43,0
41.45,30.23,77.12,4.0,mid_season,sandy,7.78,0
70.4,22.75,52.2,4.41,mid_season,clay,7.79,0
41.53,18.08,42.34,2.93,mid_season,sandy,12.4,0
61.83,22.68,30.63,5.2,mid_season,sandy,8.16,0
49.17,14.76,82.46,5.18,late,loamy,6.81,0
71.97,32.79,75.8,4.48,late,loamy,0.44,0
85.31,18.29,81.88,5.02,initial,clay,17.03,0
38.64,19.8,30.39,5.36,development,clay,5.6,0
82.81,33.58,57.34,3.27,development,clay,10.82,0
59.02,23.09,62.07,0,initial,sandy,0,0
69.11,14.58,83.57,4.23,late,loamy,2.51,0
19.32,30.39,62.74,5.34,development,loamy,7.92,0
42.47,32.35,79.11,5.28,late,loamy,13.5,0
47.67,16.62,64.02,3.71,late,clay,27.37,0
77.76,16.18,40.31,0,initial,clay,0,0
29.35,32.87,83.97,3.56,late,loamy,2.48,0
58.46,32.6,68.56,0,initial,sandy,0,1
35.78,14.53,83.33,2.57,initial,clay,13.97,0
74.98,18.34,50.25,3.62,initial,clay,12.85,0
76.47,14.24,41.75,2.53,development,sandy,17.73,0
49.06,32.17,45.65,6.88,late,loamy,3.63,0
53.54,20.34,71.76,5.58,initial,clay,4.24,0
84.32,22.82,65.83,5.69,initial,sandy,14.31,0
95,32.19,53.73,3.09,mid_season,sandy,16.34,0
48.13,31.54,52.26,3.73,initial,loamy,5.11,0
43.42,20.33,84.39,0,development,clay,0,1
43.09,17.63,35.51,0,development,sandy,0,1
57.95,33.52,42.85,5.5,late,loamy,10.85,0
56.73,23.66,64.85,4.31,late,sandy,3.28,0
50.54,18.03,53.81,3.35,mid_season,sandy,10.96,0
22.63,20.61,82.9,4.18,late,sandy,13.57,0
61.85,22.76,43.2,3.19,late,sandy,10.56,0
26.65,12.98,57.99,5.52,initial,clay,1.59,0
74.52,29.73,32.47,4.42,late,clay,13.35,0
22.09,22.94,55.06,3.99,mid_season,sandy,9.4,0
57.21,29.79,53.39,5.32,late,sandy,17.62,0
40.14,22.14,58.21,4.58,mid_season,sandy,16.12,0
59.85,16.34,36.55,4.86,development,sandy,9.49,0
41.67,29.53,68.97,3.5,mid_season,clay,8.38,0
57.7,26.61,55.9,1.9,initial,clay,20.18,0
60.19,29.64,40.99,4.32,late,sandy,10.38,0
39.93,17.49,44.18,3.93,mid_season,clay,10.08,0
69.92,15.74,58.67,4.33,development,sandy,2.59,0
68.02,29.62,84.99,4.83,initial,loamy,6.66,0
76.57,14.15,69.58,2.3,initial,loamy,7.26,0
53.49,32.95,33.48,3.27,late,sandy,11.18,0
65.91,28.66,81.05,4.1,development,clay,6.92,0
49.53,22.88,65.51,4.5,initial,loamy,11.6,0
41.03,26.52,70.04,4.21,mid_season,sandy,5.97,0
53.65,22.11,46.88,2.81,mid_season,loamy,10.17,0
48.18,33.61,83.72,5.78,initial,clay,12.03,0
36.63,26.89,57.83,3.12,initial,clay,13.49,0
52.51,18.02,63.33,4.88,initial,clay,5.73,0
62.8,21.9,44.88,0,development,sandy,0,0
52.04,25.85,33.72,3.9,initial,clay,8.49,0
68.67,12.98,58.8,3.4,initial,clay,12.01,0
48.61,33.34,62.58,3.59,development,clay,10.36,0
87.61,14.68,74.68,3.28,initial,sandy,0.5,0
57.31,13.89,75.95,2.26,initial,loamy,4.92,0
70.32,14.68,55.19,0,development,sandy,0,0
60.96,15.7,30.23,4.64,development,clay,18.95,0
38.36,15.01,82.8,5.6,mid_season,clay,18.2,0
67.23,27.85,55.81,4.53,initial,loamy,10.37,0
88.44,15.95,77.09,3.41,development,clay,14.05,0
46.32,29.11,34.01,3.24,late,sandy,2.31,0
56.61,23.11,84.04,4.2,mid_season,clay,7.34,0
33.81,12.81,42.66,2.37,development,clay,15.88,0
66.28,26.09,47.1,2.72,late,sandy,21.02,0
35.32,18.0,82.8,2.68,initial,sandy,7.83,0
48.06,27.35,50.28,5.4,initial,loamy,1.53,0
56.04,21.73,83.69,6.01,mid_season,loamy,13.43,0
57.48,17.19,34.54,3.0,mid_season,loamy,8.25,0
69.36,22.81,80.54,1.9,development,loamy,7.55,0
28.4,21.17,70.51,6.08,development,sandy,3.78,0
46.03,19.99,45.35,4.62,initial,clay,6.05,0
65.77,19.0,84.87,4.19,initial,loamy,2.69,0
51.94,25.64,79.06,2.94,mid_season,sandy,14.08,0
22.61,21.21,64.43,3.83,development,sandy,9.05,0
33.93,26.27,77.4,5.1,late,clay,14.65,0
44.28,26.75,30.65,3.57,development,sandy,13.55,0
56.85,27.65,62.82,4.49,late,sandy,21.2,0
34.98,23.04,37.01,2.56,mid_season,loamy,10.95,0
31.91,15.36,60.92,2.58,mid_season,loamy,22.61,0
75.31,29.57,84.51,5.11,mid_season,clay,19.08,0
80.02,20.92,72.85,1.8,mid_season,sandy,7.67,0
60.78,15.02,44.8,3.02,late,loamy,6.19,0
26.36,32.66,74.2,4.82,late,clay,17.11,0
61.24,25.77,43.08,0,development,loamy,0,0
62.77,26.64,63.74,3.2,late,sandy,3.46,0
57.18,23.01,53.37,2.9,development,clay,19.91,0
47.64,20.75,61.88,2.91,development,clay,7.18,0
95,12.48,72.5,5.09,development,sandy,3.77,0
71.81,13.95,52.42,3.56,late,clay,12.53,0
42.9,31.19,66.09,0,initial,sandy,0,0
61.06,27.31,39.65,4.51,development,sandy,9.04,0
86.05,23.99,68.47,5.65,initial,loamy,3.72,0
62.32,23.47,51.68,5.78,development,clay,26.22,0
44.54,18.52,42.22,6.24,mid_season,loamy,1.6,0
50.81,30.39,71.54,2.5,initial,clay,4.11,0
52.83,20.09,33.92,4.63,development,clay,3.06,0
35.39,27.58,47.88,5.4,late,sandy,17.62,0
71.94,17.44,64.88,3.16,mid_season,sandy,4.48,0
43.81,23.87,36.77,4.37,development,clay,6.33,0
58.9,17.69,30.53,3.03,late,loamy,7.96,0
57.3,26.92,47.18,2.97,mid_season,loamy,19.16,0
89.19,27.46,75.21,4.53,late,clay,17.24,0
52.34,33.44,52.85,6.18,development,sandy,7.15,0
54.18,30.34,52.82,3.25,mid_season,clay,22.7,0
48.97,26.29,64.75,2.34,development,sandy,19.12,0
91.12,23.89,81.08,0,development,clay,0,0
44.21,26.05,31.21,4.13,mid_season,clay,20.06,0
53.08,20.49,62.07,4.69,late,sandy,15.55,0
39.8,14.9,39.17,3.52,mid_season,clay,15.7,0
32.17,21.6,79.94,2.61,development,loamy,10.67,0
78.51,20.59,64.07,3.11,late,sandy,5.06,0
27.54,27.16,46.97,0,mid_season,sandy,0,1
72.5,28.03,54.47,0,initial,sandy,0,0
38.9,32.18,72.25,0,development,clay,0,1
61.56,22.09,73.27,3.38,late,loamy,12.74,0
24.92,27.04,42.31,3.28,late,loamy,10.04,0
40.57,28.26,73.66,3.46,development,sandy,8.92,0
65.63,32.12,45.2,3.58,initial,clay,4.7,0
44.4,19.52,30.21,0,mid_season,sandy,0,1
84.75,17.47,80.81,3.17,mid_season,sandy,6.35,0
57.23,31.24,69.99,3.28,mid_season,loamy,32.43,0
65.81,13.75,72.18,2.58,mid_season,sandy,3.94,0
48.03,16.15,66.88,2.32,development,loamy,0.12,0
38.1,26.83,47.49,4.64,late,clay,11.13,0
35.27,22.79,63.82,0,late,loamy,0,1
45.34,19.35,53.35,3.42,development,clay,13.41,0
31.11,22.51,35.16,3.0,late,loamy,15.6,0
43.87,14.5,83.53,4.59,initial,clay,7.51,0
51.7,26.39,74.39,0,initial,loamy,0,0
30.47,18.23,55.99,5.35,development,sandy,10.15,0
56.08,27.01,54.65,5.17,late,sandy,12.61,0
44.82,28.65,79.28,4.8,initial,clay,9.04,0
73.69,16.55,74.97,3.85,development,loamy,0.67,0
60.14,24.59,60.97,3.26,mid_season,clay,16.85,0
76.53,31.32,47.67,5.68,development,loamy,15.0,0
45.35,15.12,36.59,3.0,late,sandy,5.84,0
52.29,12.56,63.79,2.52,late,sandy,10.78,0
47.05,22.33,82.26,6.02,initial,clay,15.24,0
61.16,24.0,51.66,3.11,development,clay,16.05,0
59.2,24.09,63.24,5.92,development,sandy,3.7,0
70.94,20.3,49.49,4.14,mid_season,sandy,2.36,0
52.92,28.38,36.47,4.4,mid_season,sandy,4.13,0
54.68,29.16,59.07,4.08,development,clay,7.17,0
21.91,15.26,70.96,4.59,mid_season,clay,11.0,0
75.88,32.52,34.37,2.96,development,sandy,8.71,0
33.14,20.62,75.55,3.12,late,clay,10.11,0
55.51,16.48,75.24,4.87,development,loamy,4.56,0
54.35,18.84,49.8,4.87,development,sandy,11.81,0
71.79,25.51,62.17,6.46,late,sandy,6.38,0
54.46,33.87,41.5,2.37,late,clay,0.37,0
36.81,28.45,54.55,2.38,late,sandy,0.19,0
61.39,19.8,31.69,4.98,development,clay,19.55,0
59.72,21.23,84.82,3.76,late,sandy,17.18,0
65.3,15.46,69.12,6.45,mid_season,clay,12.28,0
95,22.48,42.4,4.66,late,loamy,10.87,0
60.26,25.29,50.23,5.03,initial,loamy,1.99,0
69.26,13.63,45.84,4.73,initial,sandy,6.12,0
58.11,13.38,60.62,5.73,development,sandy,2.83,0
41.87,31.88,51.58,2.34,mid_season,sandy,8.57,0
63.41,32.07,70.56,2.26,late,clay,12.0,0
46.78,18.14,67.07,4.03,mid_season,loamy,13.05,0
43.78,22.52,78.85,5.35,mid_season,clay,8.4,0
42.45,19.35,42.02,4.16,initial,clay,10.58,0
59.49,26.4,55.71,5.31,mid_season,loamy,8.4,0
59.58,21.12,75.49,2.39,development,loamy,5.7,0
25.67,18.25,36.91,4.21,development,sandy,17.2,0
45.84,26.56,61.43,4.85,initial,clay,7.57,0
64.7,21.98,52.37,3.38,development,clay,10.82,0
72.18,22.0,41.23,3.05,mid_season,loamy,19.08,0
95,20.54,56.26,2.05,development,loamy,17.28,0
71.09,19.51,54.15,0,late,clay,0,0
95,17.79,61.97,3.5,development,clay,5.86,0
93.18,26.64,50.37,0,initial,clay,0,0
34.14,33.13,66.0,3.25,development,sandy,6.41,0
71.59,30.34,73.19,2.22,mid_season,sandy,0.24,0
77.63,17.3,83.77,3.99,development,loamy,23.69,0
72.72,32.95,64.43,0,initial,clay,0,0
52.75,16.77,49.76,4.98,initial,sandy,4.21,0
47.48,33.67,48.8,3.56,initial,loamy,14.15,0
79.24,26.75,43.08,3.67,initial,sandy,2.08,0
56.03,22.93,57.96,4.72,development,loamy,6.09,0
66.65,15.02,61.96,4.35,mid_season,sandy,6.74,0
60.1,27.81,56.11,4.65,initial,clay,1.22,0
52.71,20.58,33.72,2.0,mid_season,sandy,15.91,0
84.46,19.8,41.51,6.72,development,loamy,5.06,0
73.16,20.83,44.81,4.97,initial,clay,3.88,0
52.79,15.69,67.19,3.81,late,clay,5.24,0
53.33,24.95,31.39,3.74,development,sandy,3.98,0
59.97,16.62,41.8,4.02,initial,loamy,4.22,0
44.56,32.96,55.67,2.11,late,clay,23.07,0
32.94,21.6,52.82,0,mid_season,clay,0,1
35.95,16.2,53.48,4.08,development,loamy,10.04,0
95,21.88,64.64,0,development,sandy,0,0
44.3,30.32,66.04,5.01,mid_season,clay,1.05,0
60.81,22.04,69.0,5.25,late,loamy,15.87,0
46.19,33.4,34.41,3.76,mid_season,loamy,18.82,0
59.21,13.03,42.15,4.09,late,clay,6.45,0
65.14,13.19,44.29,3.64,initial,loamy,9.41,0
31.46,27.36,55.25,4.35,mid_season,loamy,14.98,0
56.9,33.09,62.85,4.14,initial,sandy,9.89,0
64.49,26.35,82.45,3.85,development,loamy,3.29,0
47.74,14.72,65.32,5.38,mid_season,loamy,11.08,0
85.56,29.7,74.28,4.59,development,sandy,2.51,0
55.04,30.89,60.38,4.85,development,clay,17.26,0
42.15,16.3,39.11,4.31,mid_season,sandy,11.08,0
74.54,14.73,32.17,4.0,mid_season,clay,10.73,0
24.22,25.52,48.73,4.42,development,sandy,7.49,0
26.89,12.88,82.3,3.27,late,loamy,6.47,0
48.62,30.84,80.28,4.16,mid_season,clay,4.73,0
62.55,27.77,82.03,4.59,development,loamy,10.06,0
32.74,20.78,37.92,4.25,development,clay,13.54,0
78.44,26.75,35.67,4.47,initial,sandy,3.69,0
64.18,12.58,65.53,5.55,late,loamy,17.24,0
54.32,19.04,78.2,0,development,loamy,0,0
46.88,20.74,45.11,2.03,initial,sandy,11.62,0
29.22,31.35,63.15,4.02,late,loamy,7.06,0
62.72,17.3,49.41,5.14,late,clay,8.92,0
33.77,29.07,57.02,4.71,mid_season,clay,20.16,0
58.51,21.45,35.66,3.13,development,loamy,2.35,0
78.46,21.57,39.74,5.73,development,loamy,10.44,0
15.32,21.76,67.44,5.72,mid_season,loamy,5.82,0
60.77,27.89,74.97,4.62,mid_season,clay,17.84,0
48.74,31.15,52.4,0,initial,clay,0,0
38.06,26.73,44.52,5.85,mid_season,loamy,15.21,0
62.58,17.79,78.51,3.38,mid_season,sandy,6.14,0
41.24,17.42,67.9,4.59,mid_season,sandy,4.18,0
53.91,25.75,31.68,0,late,sandy,0,1
58.51,19.57,41.44,5.11,mid_season,clay,16.67,0
78.17,26.96,49.09,3.41,late,loamy,8.03,0
40.76,21.32,55.02,3.41,development,sandy,16.94,0
65.99,26.98,55.9,0,mid_season,loamy,0,0
53.96,27.42,53.59,2.26,initial,loamy,0.19,0
33.15,21.91,38.33,3.4,mid_season,clay,5.41,0
80.77,19.83,45.48,4.64,development,loamy,3.68,0
54.19,30.76,83.25,6.39,initial,loamy,15.75,0
23.83,23.82,40.56,3.23,initial,loamy,6.72,0
60.72,26.09,83.58,3.46,development,clay,5.35,0
59.87,31.85,58.06,6.07,initial,sandy,11.35,0
44.74,24.55,73.6,2.87,mid_season,clay,9.43,0
23.71,27.9,31.27,2.74,late,clay,2.71,0
42.28,16.74,54.58,2.88,initial,loamy,4.56,0
38.02,23.98,45.46,5.46,mid_season,clay,12.37,0
39.4,20.7,31.38,3.55,mid_season,sandy,4.7,0
78.92,13.79,59.85,1.41,mid_season,sandy,22.58,0
41.0,15.55,62.21,4.39,mid_season,clay,15.47,0
44.25,14.91,79.57,4.04,development,loamy,6.95,0
74.82,33.42,67.76,2.78,late,loamy,19.21,0
41.25,32.75,79.51,5.78,late,loamy,21.7,0
35.6,30.62,65.21,4.07,mid_season,loamy,16.09,0
95,24.8,66.53,0,development,loamy,0,0
54.54,26.18,31.94,3.84,late,clay,13.08,0
60.99,20.57,30.39,3.06,mid_season,clay,12.15,0
58.78,19.55,52.69,3.37,development,clay,12.08,0
23.64,25.33,35.06,3.98,mid_season,clay,9.57,0
57.79,31.48,82.12,1.44,late,clay,10.93,0
33.49,29.91,77.22,3.93,initial,sandy,14.94,0
52.23,17.77,80.27,3.36,initial,loamy,7.3,0
45.64,27.88,71.53,2.74,initial,clay,11.98,0
71.52,12.68,71.37,2.78,mid_season,loamy,15.25,0
68.34,16.45,61.21,2.68,development,clay,7.65,0
67.29,30.49,57.64,6.39,mid_season,loamy,18.41,0
62.13,28.15,73.03,6.78,initial,sandy,12.78,0
69.85,17.6,76.08,3.61,late,clay,15.66,0
49.8,15.24,37.38,2.9,initial,loamy,3.86,0
36.0,26.37,67.91,4.11,mid_season,loamy,18.39,0
55.7,19.54,83.36,4.78,mid_season,loamy,11.87,0
50.2,21.66,38.67,3.57,late,sandy,5.68,0
28.8,12.23,69.24,0,development,sandy,0,0
89.14,30.54,39.41,2.29,late,loamy,13.74,0
78.4,27.01,37.33,4.72,late,loamy,11.47,0
73.02,26.55,54.91,2.81,development,clay,12.76,0
52.72,28.75,81.48,3.45,development,clay,10.94,0
56.43,17.87,65.39,4.54,mid_season,loamy,5.75,0
33.59,30.57,45.83,5.91,mid_season,clay,3.77,0
35.27,12.18,38.34,2.9,initial,clay,11.38,0
58.27,15.29,30.7,4.99,initial,clay,10.6,0
48.93,14.37,79.8,5.81,initial,sandy,1.59,0
59.23,18.58,68.49,0,mid_season,clay,0,0
58.18,22.26,77.56,3.83,initial,clay,4.07,0
24.84,14.9,81.13,3.47,mid_season,clay,10.51,0
29.3,33.59,84.21,0,late,sandy,0,1
67.35,22.22,70.43,4.71,late,sandy,9.81,0
60.53,13.26,57.21,2.08,mid_season,loamy,12.08,0
67.03,26.21,34.54,4.38,mid_season,loamy,15.87,0
39.3,25.06,68.37,2.53,mid_season,clay,15.25,0
69.99,22.71,78.46,4.15,mid_season,loamy,19.15,0
31.75,25.12,31.4,4.24,development,sandy,13.55,0
42.82,29.94,81.61,4.48,mid_season,loamy,8.79,0
39.22,14.04,56.61,0,initial,loamy,0,0
71.53,15.45,77.38,6.25,mid_season,loamy,10.82,0
20.11,30.09,36.83,4.47,mid_season,loamy,9.62,0
68.85,14.49,70.78,0,initial,sandy,0,0
40.3,13.08,34.91,4.24,initial,sandy,3.55,0
54.5,30.82,81.67,0,development,sandy,0,1
42.19,17.68,31.87,1.92,mid_season,loamy,21.2,0
48.47,12.81,49.67,4.87,development,loamy,10.93,0
64.7,21.79,71.83,2.14,development,clay,13.62,0
87.64,13.01,75.17,5.0,development,sandy,11.05,0
76.25,29.99,45.12,0,initial,clay,0,0
52.94,32.46,43.13,5.04,late,sandy,14.61,0
33.72,12.95,32.16,2.85,development,clay,10.03,0
66.01,31.22,33.13,0,initial,clay,0,0
32.91,18.86,63.04,5.71,initial,sandy,11.1,0
66.95,28.44,50.0,6.03,late,loamy,9.98,0
33.7,26.46,77.49,4.13,development,loamy,12.16,0
42.6,13.24,60.07,4.25,late,sandy,8.34,0
91.56,17.43,62.57,0,late,loamy,0,0
36.98,33.26,53.07,2.89,initial,sandy,18.61,0
39.29,28.45,45.03,5.14,mid_season,clay,13.78,0
36.19,32.32,80.39,3.63,initial,loamy,14.23,0
82.92,16.11,56.48,0,late,loamy,0,0
42.48,31.64,35.47,6.01,initial,loamy,5.05,0
56.57,25.95,51.29,4.47,late,loamy,15.45,0
56.89,32.17,34.65,2.53,late,loamy,1.04,0
71.06,13.49,47.43,0,development,sandy,0,0
65.86,14.74,82.23,2.16,mid_season,loamy,5.38,0
64.81,23.58,31.19,0,late,sandy,0,0
49.73,23.37,49.47,5.65,late,loamy,20.18,0
39.55,27.55,61.63,5.26,mid_season,sandy,20.24,0
60.64,23.32,84.61,0,mid_season,loamy,0,0
54.85,31.25,53.41,3.16,development,clay,3.39,0
91.66,19.1,46.27,6.05,mid_season,clay,7.94,0
41.12,24.06,81.07,2.88,late,loamy,4.06,0
75.32,14.81,32.96,1.93,mid_season,clay,23.18,0
43.02,24.91,38.51,5.05,late,sandy,12.25,0
51.44,25.46,81.38,5.22,initial,clay,7.86,0
78.34,26.06,84.42,3.46,late,loamy,1.65,0
47.39,16.86,55.85,3.42,late,clay,10.57,0
21.87,13.44,33.93,3.55,initial,clay,10.52,0
63.33,29.51,81.63,0,mid_season,sandy,0,0
60.01,22.74,53.92,0,late,sandy,0,0
76.67,17.75,50.78,3.22,late,loamy,1.77,0
77.12,32.79,43.48,2.6,mid_season,sandy,17.08,0
65.01,16.34,61.8,0,development,loamy,0,0
74.37,13.26,30.25,3.53,initial,loamy,0.96,0
56.25,18.2,48.59,3.62,initial,sandy,5.37,0
49.94,20.58,79.23,4.81,development,clay,4.4,0
48.5,12.99,50.96,2.98,initial,clay,2.57,0
29.73,13.12,73.95,4.4,initial,sandy,10.15,0
55.98,23.59,30.02,3.9,late,loamy,7.61,0
39.53,24.22,58.43,0,late,sandy,0,1
64.42,28.49,66.32,3.66,late,loamy,11.98,0
76.36,22.99,73.01,4.09,mid_season,loamy,3.66,0
26.44,14.4,50.96,4.83,initial,loamy,7.85,0
73.12,22.2,51.18,4.99,mid_season,sandy,23.16,0
29.82,17.45,58.63,3.21,mid_season,clay,14.63,0
62.31,31.68,82.98,0,development,sandy,0,0
45.93,25.35,48.25,3.29,initial,sandy,0.67,0
42.55,21.01,46.74,4.31,mid_season,sandy,12.34,0
84.21,14.04,42.12,3.65,initial,clay,2.83,0
41.46,28.22,55.74,4.04,mid_season,loamy,15.88,0
52.26,12.05,77.61,4.56,mid_season,sandy,16.71,0
73.31,30.6,69.5,2.95,mid_season,sandy,12.57,0
54.85,21.7,48.19,4.73,development,sandy,4.95,0
70.03,16.52,83.17,5.38,development,sandy,9.86,0
47.05,15.13,84.02,4.55,development,loamy,8.52,0
58.76,32.59,50.1,5.01,initial,clay,0.23,0
43.5,32.07,84.07,3.59,development,loamy,8.6,0
70.85,30.76,36.19,3.9,mid_season,clay,15.7,0
54.63,28.6,48.18,0,initial,sandy,0,1
25.05,28.58,51.69,2.6,mid_season,sandy,3.96,0
61.91,19.46,72.17,3.57,late,sandy,9.24,0
40.53,33.6,37.49,3.02,initial,clay,7.4,0
63.29,17.25,84.54,4.54,development,sandy,4.87,0
92.23,28.25,72.27,2.26,late,clay,15.48,0
54.48,20.73,76.45,3.31,mid_season,loamy,13.97,0
62.61,20.66,55.17,4.67,development,sandy,3.3,0
85.23,25.04,36.88,2.96,development,clay,7.48,0
35.26,27.87,56.77,5.69,late,sandy,8.0,0
72.79,18.2,39.52,3.73,late,loamy,19.39,0
36.51,20.27,33.36,3.23,late,sandy,17.31,0
58.22,32.05,68.64,6.48,late,clay,9.94,0
36.1,30.08,33.34,4.63,development,loamy,7.32,0
72.34,26.8,66.6,3.87,initial,loamy,16.49,0
33.6,26.02,68.83,3.37,initial,clay,8.51,0
58.3,25.75,39.3,5.39,development,sandy,6.29,0
47.27,26.21,75.12,2.91,initial,clay,0.32,0
62.7,18.56,63.12,4.08,late,loamy,2.75,0
31.61,25.8,36.03,3.51,mid_season,sandy,10.24,0
78.89,26.72,34.5,4.37,late,clay,9.92,0
26.38,25.42,45.0,6.81,late,clay,22.77,0
56.27,23.88,72.22,6.21,mid_season,clay,20.05,0
89.35,27.8,84.07,5.55,late,sandy,7.43,0
54.85,29.59,46.47,4.75,mid_season,sandy,12.28,0
58.85,24.93,38.54,0,late,clay,0,0
60.28,30.16,54.2,4.24,mid_season,sandy,3.68,0
58.07,32.75,72.87,5.0,mid_season,clay,16.43,0
42.6,32.55,35.58,4.18,mid_season,loamy,11.92,0
53.21,14.74,40.38,4.05,mid_season,clay,9.36,0
24.01,13.96,62.83,3.58,initial,loamy,7.02,0
63.79,30.48,45.32,4.29,late,clay,10.33,0
47.25,15.0,72.43,6.12,mid_season,sandy,1.54,0
61.55,28.0,47.78,6.55,development,clay,13.42,0
84.28,28.4,38.99,3.41,late,loamy,5.64,0
93.49,28.7,80.93,3.88,development,clay,2.97,0
84.48,23.17,55.84,4.92,late,sandy,14.46,0
45.96,25.77,68.8,4.49,development,loamy,13.6,0
55.18,26.98,75.17,3.91,development,loamy,10.22,0
63.45,21.57,49.58,3.97,initial,sandy,2.37,0
35.47,24.48,49.31,3.89,late,clay,17.92,0
21.66,23.38,41.83,3.93,mid_season,loamy,9.29,0
48.91,20.33,39.63,3.81,development,clay,9.67,0
47.96,26.91,66.8,0,mid_season,sandy,0,1
88.22,17.85,41.3,2.85,development,loamy,19.99,0
48.7,13.35,52.9,3.62,development,loamy,0.01,0
61.19,15.31,35.09,2.95,mid_season,clay,13.61,0
39.51,12.56,51.01,0,initial,clay,0,0
74.76,21.76,48.99,3.95,mid_season,sandy,6.17,0
54.24,30.89,84.94,2.98,mid_season,loamy,10.58,0
63.53,28.52,79.11,3.92,late,clay,15.5,0
37.77,16.32,60.69,3.53,mid_season,loamy,10.31,0
46.36,19.8,75.65,3.21,initial,sandy,19.74,0
74.54,24.0,47.95,3.58,late,clay,0.17,0
43.48,25.27,62.36,2.94,mid_season,clay,10.62,0
56.08,30.18,39.3,5.17,late,loamy,15.03,0
28.64,24.65,33.07,3.74,development,clay,12.57,0
45.25,24.52,44.03,3.32,initial,loamy,16.96,0
42.94,17.99,66.92,0,initial,clay,0,0
37.66,31.7,63.32,5.12,late,clay,8.35,0
57.09,15.94,63.63,4.23,mid_season,loamy,13.26,0
67.52,26.71,85.0,0.68,development,sandy,9.68,0
50.15,26.41,56.57,0,initial,loamy,0,0
46.73,20.22,45.43,4.23,mid_season,clay,2.01,0
20.43,23.49,84.02,3.81,late,sandy,6.79,0
56.38,30.86,43.77,2.73,late,loamy,13.0,0
91.44,17.17,52.26,0,late,clay,0,0
42.52,27.21,61.84,2.32,initial,sandy,8.95,0
44.82,31.65,73.74,4.1,development,clay,9.3,0
55.99,21.66,77.02,0,late,loamy,0,0
58.42,31.11,41.91,3.98,initial,clay,2.53,0
50.21,17.67,53.34,3.97,initial,clay,11.69,0
61.77,19.58,81.96,0,initial,loamy,0,0
68.4,33.96,78.69,2.34,mid_season,clay,4.78,0
64.84,21.6,51.62,0,initial,sandy,0,0
75.57,29.36,34.31,4.87,mid_season,loamy,20.31,0
62.23,23.55,67.44,4.48,development,clay,0.68,0
55.67,25.67,84.07,0,initial,loamy,0,0
50.71,14.61,44.21,0,mid_season,sandy,0,1
67.23,28.88,72.85,0,late,sandy,0,0
34.75,15.63,81.88,0,initial,loamy,0,0
70.78,22.56,82.55,4.24,mid_season,loamy,17.83,0
74.99,18.66,71.49,2.57,mid_season,clay,16.04,0
42.97,33.02,36.32,3.16,initial,loamy,2.57,0
70.39,29.56,81.49,2.98,development,clay,20.83,0
41.6,13.56,65.52,0,development,sandy,0,1
79.16,31.19,56.98,3.95,late,sandy,13.22,0
44.83,13.47,65.8,5.75,late,loamy,7.71,0
65.03,13.5,84.76,5.45,initial,sandy,9.92,0
78.98,33.45,31.84,0,late,sandy,0,0
73.61,17.11,63.3,4.85,mid_season,clay,7.95,0
14.69,30.4,57.11,3.46,development,loamy,8.77,0
47.32,31.79,49.89,0,initial,sandy,0,1
60.95,19.26,32.59,3.09,late,loamy,8.45,0
56.12,33.32,49.14,5.72,mid_season,loamy,9.03,0
54.23,15.87,74.58,6.08,mid_season,loamy,14.64,0
59.36,20.12,82.09,3.42,late,sandy,7.02,0
45.72,24.44,32.84,4.47,mid_season,clay,6.78,0
63.25,30.91,42.34,4.81,late,clay,5.44,0
49.66,13.54,47.69,3.32,initial,clay,4.73,0
26.26,16.28,78.15,5.07,mid_season,clay,14.56,0
16.86,17.36,60.69,4.57,initial,clay,1.02,0
46.37,30.89,51.7,3.95,development,clay,5.72,0
44.85,27.08,79.22,6.35,late,sandy,14.11,0
62.89,28.15,64.02,3.24,late,loamy,13.26,0
36.77,31.24,70.42,5.57,development,sandy,11.51,0
69.37,17.38,31.28,3.5,late,sandy,5.56,0
55.57,17.14,75.58,3.62,initial,sandy,8.99,0
65.7,23.33,36.77,2.93,development,clay,15.15,0
70.78,29.15,57.11,2.18,late,loamy,22.72,0
62.52,29.17,73.36,2.98,development,sandy,14.8,0
80.79,13.27,52.69,0,mid_season,sandy,0,0
61.45,14.2,70.73,4.07,development,clay,11.66,0
47.45,28.9,62.63,3.12,development,loamy,6.77,0
48.66,24.43,68.86,2.61,late,loamy,7.61,0
55.71,29.47,73.76,3.33,late,loamy,10.1,0
51.82,29.47,66.21,3.98,mid_season,clay,17.78,0
26.21,16.72,39.49,2.36,late,clay,5.24,0
40.61,32.68,80.87,0,initial,sandy,0,0
70.06,23.87,43.6,3.87,late,clay,0.08,0
46.49,13.94,79.66,2.89,development,clay,9.98,0
27.36,33.55,39.57,5.88,mid_season,loamy,18.31,0
61.2,21.47,38.38,4.41,mid_season,loamy,0.2,0
62.91,19.62,73.48,4.53,initial,loamy,3.75,0
55.69,21.01,57.45,3.63,mid_season,loamy,8.38,0
40.98,24.36,76.75,5.44,mid_season,sandy,5.14,0
48.14,14.59,45.46,2.38,initial,clay,13.51,0
61.78,27.26,43.16,2.86,initial,clay,1.95,0
53.13,19.48,41.61,5.55,mid_season,clay,10.96,0
45.93,14.62,48.73,5.38,initial,clay,4.14,0
35.71,21.89,74.88,3.45,late,sandy,13.34,0
80.62,29.27,40.05,5.11,development,clay,3.75,0
48.09,12.83,53.72,2.65,mid_season,sandy,4.61,0
46.96,26.6,49.06,2.9,mid_season,sandy,9.58,0
68.42,12.07,36.4,5.38,development,clay,19.44,0
38.47,18.21,36.21,3.95,mid_season,loamy,15.29,0
43.52,16.4,62.54,3.54,initial,clay,13.8,0
49.6,12.63,39.89,3.85,late,loamy,17.42,0
63.51,18.59,72.51,0,development,clay,0,0
63.68,25.41,41.65,4.52,development,sandy,9.66,0
39.25,27.95,56.95,3.78,mid_season,loamy,19.85,0
59.36,33.31,61.52,5.01,mid_season,clay,6.37,0
49.52,31.04,49.28,5.91,late,clay,7.85,0
50.66,32.06,66.68,4.57,mid_season,loamy,0.22,0
76.14,23.21,70.14,2.57,initial,clay,7.87,0
85.65,12.08,82.51,3.27,initial,clay,14.5,0
61.99,19.87,31.97,0,late,loamy,0,0
79.41,24.62,73.19,2.3,late,clay,3.32,0
66.56,27.33,57.02,0,late,sandy,0,0
69.61,25.69,49.11,0,initial,loamy,0,0
71.58,22.26,32.85,4.64,initial,loamy,6.58,0
61.37,28.76,38.81,5.08,initial,sandy,3.41,0
20.37,13.26,65.66,2.95,late,loamy,19.25,0
76.88,24.57,72.56,2.62,development,sandy,7.48,0
61.53,18.0,83.3,3.77,development,clay,13.16,0
37.78,30.95,69.35,3.68,mid_season,sandy,0.74,0
48.86,26.16,77.75,0,late,loamy,0,1
38.47,14.79,30.89,4.98,initial,clay,10.11,0
49.55,32.68,74.88,4.89,development,sandy,12.46,0
37.18,31.13,73.76,0,development,clay,0,1
52.87,27.12,34.89,3.99,initial,loamy,10.43,0
57.17,32.07,59.69,3.37,mid_season,clay,19.53,0
66.73,20.38,76.56,0,development,loamy,0,0
28.5,27.4,75.47,0,initial,clay,0,0
65.28,14.36,66.97,5.47,late,sandy,15.07,0
81.38,30.83,40.32,3.24,mid_season,sandy,3.74,0
76.81,23.89,33.26,4.53,late,sandy,0.47,0
68.53,23.81,80.74,4.28,initial,loamy,2.63,0
53.78,13.32,59.98,1.41,mid_season,clay,15.56,0
81.16,24.07,66.77,3.44,development,sandy,2.15,0
83.38,31.72,51.93,2.78,development,loamy,12.84,0
69.98,21.92,61.15,0,initial,clay,0,0
60.12,13.16,72.61,2.95,mid_season,loamy,3.19,0
56.88,27.4,37.75,3.49,late,loamy,9.92,0
28.65,14.64,77.74,2.86,mid_season,clay,15.16,0
71.61,22.72,82.96,4.81,mid_season,clay,23.14,0
77.27,30.88,39.69,4.75,development,clay,2.4,0
33.18,14.32,75.89,3.77,late,sandy,18.71,0
78.39,33.53,83.41,4.05,mid_season,clay,4.97,0
56.17,24.29,42.03,4.01,development,clay,10.93,0
44.59,26.89,49.88,4.44,mid_season,sandy,17.0,0
61.96,18.08,76.17,0,late,loamy,0,0
55.63,15.47,40.45,2.92,late,sandy,10.15,0
53.25,29.96,77.24,0,initial,loamy,0,0
39.67,18.69,39.77,3.41,mid_season,clay,23.35,0
46.24,25.94,66.7,1.75,late,sandy,1.57,0
30.85,30.64,45.59,3.99,initial,clay,6.65,0
14.76,29.69,32.03,3.36,late,sandy,3.65,0
45.38,15.05,59.79,3.92,initial,sandy,18.38,0
74.52,28.22,38.4,4.72,mid_season,clay,10.98,0
53.35,18.52,59.95,2.87,development,clay,16.28,0
46.71,24.18,47.56,4.93,late,sandy,2.92,0
45.26,16.08,65.27,3.81,initial,clay,0.18,0
58.25,15.35,73.65,4.83,late,clay,6.39,0
95,13.67,33.79,3.44,mid_season,clay,23.15,0
46.18,20.64,58.1,3.88,initial,loamy,9.32,0
40.54,24.73,63.66,0,mid_season,loamy,0,1
68.95,12.97,40.9,5.21,initial,clay,5.94,0
58.3,32.39,37.82,5.46,late,sandy,9.26,0
69.81,28.75,65.91,2.47,mid_season,loamy,10.6,0
69.15,17.34,66.53,4.47,late,loamy,11.33,0
49.38,22.25,79.07,3.44,initial,loamy,15.81,0
40.64,23.51,47.64,0,late,clay,0,1
38.93,21.53,74.74,3.86,late,clay,3.23,0
53.81,25.27,60.94,5.02,mid_season,clay,8.17,0
63.33,13.94,69.49,2.32,initial,sandy,6.52,0
60.13,14.35,58.32,3.94,late,sandy,9.89,0
57.48,27.75,76.38,3.72,late,loamy,14.26,0
67.71,18.3,66.45,3.77,mid_season,clay,22.76,0
34.78,24.92,60.35,5.17,late,clay,10.23,0
87.79,27.33,67.23,3.1,late,loamy,14.38,0
34.74,12.11,39.73,3.38,mid_season,loamy,8.06,0
29.07,14.77,73.51,4.12,late,sandy,1.51,0
30.31,33.97,44.76,3.8,mid_season,sandy,7.74,0
52.34,32.46,47.97,2.04,initial,loamy,5.0,0
55.41,30.64,40.79,3.17,development,loamy,4.57,0
47.56,16.41,83.76,5.4,mid_season,clay,16.99,0
55.44,16.83,73.84,4.08,late,loamy,19.49,0
75.64,18.59,83.08,4.46,mid_season,loamy,13.5,0
62.85,21.19,67.13,3.62,mid_season,loamy,15.9,0
25.01,16.44,36.44,4.45,development,loamy,14.63,0
25.81,21.37,78.44,5.94,development,loamy,18.45,0
60.07,21.83,51.0,4.22,development,clay,6.86,0
60.06,25.56,41.67,4.66,mid_season,sandy,18.48,0
91.75,12.57,65.36,4.35,initial,loamy,0.21,0
58.62,14.15,36.23,1.96,development,clay,4.87,0
24.15,33.59,40.03,4.11,development,sandy,0.78,0
50.56,26.13,42.5,2.69,mid_season,loamy,15.19,0
65.83,30.19,68.51,2.48,development,clay,7.04,0
20.5,17.02,36.83,5.66,development,sandy,5.82,0
44.39,16.99,74.66,4.49,late,sandy,12.61,0
46.45,30.14,45.56,3.89,initial,sandy,6.77,0
86.43,20.1,48.68,3.71,development,sandy,7.07,0
65.99,25.14,35.59,4.3,initial,loamy,14.59,0
48.12,30.42,78.64,5.44,late,clay,28.86,0
61.34,16.15,78.9,2.77,development,loamy,2.8,0
51.75,30.96,81.0,4.13,development,clay,7.65,0
52.8,20.91,36.97,4.66,development,sandy,3.13,0
48.7,32.58,33.92,2.98,late,clay,11.29,0
41.02,22.67,60.08,5.19,development,loamy,5.18,0
71.83,24.16,46.52,0,initial,sandy,0,0
41.93,29.77,58.49,4.07,initial,sandy,11.22,0
64.39,22.44,32.42,5.53,late,clay,16.42,0
62.06,24.62,49.79,4.22,initial,loamy,5.92,0
25.07,20.29,33.79,1.97,initial,clay,1.63,0
32.66,13.35,81.37,3.14,mid_season,clay,4.98,0
47.88,30.42,64.82,4.95,development,loamy,10.84,0
28.12,29.88,81.77,3.12,mid_season,loamy,4.08,0
56.02,15.46,80.35,3.97,mid_season,clay,8.32,0
18.0,13.45,69.91,3.28,late,loamy,14.62,0
48.65,31.71,53.69,3.86,mid_season,clay,9.43,0
42.05,25.23,66.72,3.63,development,sandy,6.52,0
64.56,31.59,61.95,2.93,initial,sandy,0.55,0
57.13,26.37,81.59,4.57,mid_season,loamy,17.83,0
51.08,31.93,30.96,4.1,late,loamy,2.5,0
74.11,24.92,81.38,4.79,initial,loamy,8.78,0
44.0,21.55,62.67,6.2,development,clay,14.32,0
46.22,33.19,58.84,4.17,mid_season,sandy,9.58,0
69.26,14.14,30.64,5.38,development,sandy,3.81,0
57.64,28.96,72.45,1.98,late,sandy,3.68,0
93.61,16.55,42.68,4.25,late,loamy,7.86,0
95,33.36,76.77,3.31,mid_season,clay,10.19,0
79.38,20.51,76.37,4.55,late,sandy,16.68,0
45.8,14.19,76.6,2.98,initial,sandy,4.06,0
64.68,25.51,40.48,2.81,late,loamy,11.46,0
59.57,32.63,36.42,4.83,development,loamy,11.78,0
71.46,12.92,67.95,4.08,development,loamy,10.34,0
41.63,13.36,31.06,4.69,development,sandy,7.62,0
75.47,25.3,32.09,3.06,late,sandy,2.36,0
54.46,19.3,40.58,4.88,development,sandy,7.18,0
31.76,32.67,45.14,4.13,mid_season,clay,6.1,0
95,14.92,76.31,3.22,development,clay,12.34,0
52.71,24.43,76.84,2.94,development,loamy,15.34,0
82.0,19.71,54.75,4.79,development,sandy,12.13,0
73.81,25.57,31.65,2.91,late,sandy,0.38,0
69.14,12.99,67.68,2.3,initial,clay,14.22,0
76.31,18.36,75.71,4.96,development,sandy,0.58,0
63.55,27.57,77.69,4.45,initial,sandy,8.15,0
80.31,21.08,43.6,6.06,initial,clay,4.32,0
59.65,31.65,71.23,2.73,initial,loamy,10.98,0
51.89,16.9,42.96,3.95,mid_season,loamy,14.41,0
95,20.02,39.18,3.05,mid_season,sandy,2.19,0
71.13,19.79,72.54,0,development,clay,0,0
54.9,18.96,71.46,4.69,initial,loamy,1.7,0
30.51,12.63,68.96,4.63,initial,clay,1.57,0
31.09,19.75,70.02,4.04,development,clay,7.88,0
74.26,33.69,41.23,2.61,development,loamy,2.33,0
84.13,16.46,49.31,4.46,development,clay,12.08,0
58.79,24.2,54.61,0,initial,loamy,0,0
61.95,18.28,64.52,6.68,initial,clay,1.93,0
57.5,16.41,84.66,1.49,late,clay,12.51,0
24.17,13.45,68.71,3.33,mid_season,sandy,11.44,0
54.92,22.22,64.21,5.56,development,loamy,1.83,0
83.77,29.83,38.53,4.2,mid_season,loamy,12.94,0
62.04,15.58,47.79,5.57,late,loamy,10.61,0
90.64,27.84,64.45,0,development,sandy,0,0
40.54,18.35,65.04,3.35,development,loamy,16.81,0
39.58,28.35,35.04,0,late,loamy,0,1
60.54,27.58,63.01,4.64,initial,clay,3.23,0
19.74,22.33,56.55,2.73,mid_season,sandy,14.35,0
14.37,17.58,53.18,2.67,mid_season,clay,3.53,0
24.6,25.1,65.84,4.92,mid_season,loamy,6.59,0
74.63,25.0,58.49,4.03,initial,sandy,7.39,0
53.09,31.5,59.16,2.51,mid_season,sandy,8.33,0
51.63,28.68,42.37,4.2,mid_season,loamy,16.76,0
86.9,16.89,43.48,3.69,initial,clay,10.84,0
46.9,26.68,33.26,4.59,late,clay,16.92,0
52.79,12.59,77.71,6.55,development,sandy,11.6,0
53.23,28.53,48.2,2.76,mid_season,loamy,3.23,0
59.11,33.25,55.17,2.86,development,clay,10.86,0
69.08,22.99,72.68,4.29,late,sandy,3.98,0
37.37,14.77,46.62,3.14,late,clay,16.69,0
72.0,28.15,40.89,3.59,development,sandy,7.89,0
44.15,13.77,33.23,3.9,development,clay,14.33,0
35.33,12.97,64.53,5.92,late,loamy,13.82,0
64.48,15.84,55.95,0,initial,sandy,0,0
36.09,31.43,83.04,0,initial,clay,0,0
69.85,28.67,72.33,3.71,development,clay,1.5,0
32.39,23.17,55.92,4.9,initial,sandy,5.59,0
30.53,28.58,84.03,3.31,initial,clay,8.87,0
43.87,27.94,32.88,4.58,late,loamy,18.93,0
90.64,23.48,59.45,4.49,late,loamy,1.17,0
58.19,31.91,62.66,0,development,loamy,0,0
66.87,21.95,61.91,4.32,development,loamy,8.52,0
69.54,25.28,81.47,4.45,late,clay,23.62,0
69.08,23.56,59.27,4.19,mid_season,loamy,10.26,0
62.0,25.35,69.34,4.93,development,clay,16.16,0
18.63,25.84,81.5,2.79,late,loamy,11.17,0
85.19,18.02,79.38,3.44,late,loamy,3.16,0
30.29,13.58,32.3,4.59,late,loamy,3.23,0
22.9,27.31,33.45,3.31,mid_season,loamy,16.95,0
22.23,21.02,75.8,4.08,mid_season,loamy,23.19,0
68.07,31.63,57.15,3.74,mid_season,sandy,9.41,0
39.84,17.72,73.13,4.42,late,clay,4.66,0
62.41,22.45,30.96,6.73,mid_season,clay,16.38,0
57.59,13.41,71.32,0,initial,sandy,0,0
95,16.44,31.72,0,late,clay,0,0
11.97,33.1,57.81,2.97,initial,sandy,9.61,0
82.02,23.48,75.49,3.12,development,sandy,15.23,0
68.23,18.9,34.7,3.61,initial,sandy,0.82,0
63.82,19.46,56.79,4.32,late,sandy,14.4,0
48.25,29.41,43.56,4.24,development,sandy,7.2,0
49.85,17.63,61.52,6.0,late,clay,8.84,0
48.57,13.11,59.77,0,development,loamy,0,1
63.17,19.12,82.1,4.31,development,sandy,7.63,0
79.63,33.04,73.48,1.6,mid_season,sandy,19.41,0
45.76,31.34,48.41,2.97,development,sandy,18.81,0
37.1,13.17,55.66,1.91,initial,clay,15.8,0
55.63,19.94,39.47,5.16,initial,loamy,4.13,0
54.1,25.03,72.16,4.07,initial,sandy,1.12,0
53.5,21.71,64.89,3.82,development,clay,25.82,0
86.35,31.13,76.46,5.68,mid_season,loamy,13.11,0
70.96,29.95,71.62,5.06,late,loamy,10.3,0
45.24,31.62,51.56,3.52,late,loamy,19.93,0
69.38,18.06,73.43,3.84,mid_season,clay,25.6,0
64.94,13.31,84.74,3.9,late,clay,17.23,0
68.33,27.83,76.33,5.31,initial,sandy,1.93,0
73.6,27.66,30.49,3.61,mid_season,clay,13.38,0
71.89,19.34,65.96,3.91,mid_season,sandy,13.01,0
36.72,24.58,67.39,4.59,late,clay,0.05,0
65.71,20.21,42.18,4.76,mid_season,loamy,8.04,0
55.82,13.6,76.82,4.61,initial,clay,2.12,0
55.19,29.15,57.18,5.16,initial,clay,8.91,0
46.48,30.54,62.97,0,late,sandy,0,1
47.71,29.57,37.0,4.07,mid_season,clay,22.82,0
65.06,25.21,31.74,2.0,mid_season,clay,8.36,0
41.17,17.18,76.67,3.94,late,sandy,7.1,0
49.19,18.54,72.16,4.71,mid_season,clay,11.03,0
53.56,33.61,78.27,2.82,mid_season,sandy,13.67,0
48.64,25.0,43.59,3.9,initial,sandy,7.89,0
66.23,19.5,69.2,5.08,development,clay,6.75,0
52.92,26.51,77.1,5.64,initial,loamy,5.5,0
51.54,25.2,80.21,3.77,late,loamy,19.04,0
54.34,29.88,30.35,0,development,loamy,0,0
42.61,12.22,75.44,3.27,development,sandy,5.93,0
62.54,29.66,47.33,5.24,development,clay,4.77,0
34.45,29.66,42.15,3.93,mid_season,clay,11.73,0
58.5,32.06,64.19,5.13,mid_season,sandy,7.9,0
64.6,32.91,31.86,3.64,initial,sandy,3.23,0
19.87,13.24,38.87,0,initial,sandy,0,0
40.41,14.93,33.74,3.54,mid_season,clay,12.45,0
72.23,30.34,73.24,4.82,late,sandy,8.08,0
59.79,27.12,66.0,6.14,mid_season,loamy,16.51,0
59.9,14.74,32.26,0,late,loamy,0,0
45.37,31.61,67.01,4.96,mid_season,loamy,1.47,0
40.12,33.77,41.16,3.27,late,sandy,14.88,0
39.62,32.77,61.17,4.73,initial,sandy,5.76,0
64.34,29.29,46.3,5.43,initial,loamy,0.74,0
26.71,17.59,66.04,5.4,mid_season,loamy,8.33,0
95,18.98,42.15,3.76,late,sandy,7.98,0
56.01,24.82,41.23,3.52,mid_season,clay,15.57,0
47.04,33.41,44.99,0,development,loamy,0,1
49.6,17.75,83.19,4.22,development,clay,18.82,0
46.6,18.73,71.35,3.44,late,sandy,14.86,0
37.56,12.86,37.24,3.61,initial,sandy,7.63,0
5,25.08,43.5,0,initial,clay,0,0
88.22,14.88,35.37,3.75,mid_season,clay,5.13,0
44.12,14.8,53.35,5.59,late,clay,7.8,0
82.44,29.44,70.93,5.29,late,sandy,10.75,0
78.7,17.12,40.36,0,development,sandy,0,0
95,12.69,50.32,4.31,late,loamy,10.41,0
43.75,17.54,68.86,4.29,late,loamy,6.96,0
5,22.69,42.98,3.11,mid_season,clay,22.1,0
48.91,32.24,81.59,0,initial,sandy,0,0
39.74,33.62,69.15,4.14,initial,loamy,14.62,0
46.12,31.3,45.37,4.2,development,loamy,2.2,0
58.83,28.1,53.97,4.15,initial,sandy,3.54,0
55.61,31.97,42.6,0,development,sandy,0,1
72.98,31.99,40.2,2.88,late,sandy,8.76,0
40.45,23.67,49.08,4.59,development,sandy,14.76,0
60.93,28.5,59.0,4.97,mid_season,clay,4.25,0
53.03,13.98,65.47,3.61,development,sandy,3.75,0
63.22,30.52,30.01,0,development,loamy,0,0
30.12,18.9,53.94,3.71,late,clay,12.02,0
54.58,24.69,35.52,4.75,late,loamy,25.98,0
50.53,28.21,30.08,5.29,mid_season,clay,3.65,0
57.02,18.9,64.31,4.48,initial,loamy,7.64,0
34.23,15.91,58.37,0,late,loamy,0,1
61.51,12.25,76.98,0,initial,loamy,0,0
52.88,30.53,50.26,4.07,mid_season,clay,13.99,0
49.05,24.54,65.86,4.98,initial,loamy,9.28,0
58.9,31.08,50.99,4.74,late,loamy,11.7,0
73.26,15.49,63.23,0,initial,sandy,0,0
72.25,33.36,60.95,4.13,development,loamy,9.56,0
73.06,25.78,55.64,3.06,development,sandy,12.66,0
18.45,14.72,69.99,4.99,development,clay,25.63,0
61.65,16.45,48.7,0,late,loamy,0,0
47.63,12.76,42.47,5.16,late,sandy,4.31,0
59.0,33.7,60.79,3.87,development,sandy,3.62,0
56.9,33.3,82.76,4.8,mid_season,sandy,16.92,0
74.03,31.38,52.75,5.65,mid_season,sandy,5.1,0
77.96,22.04,35.63,4.07,late,clay,4.3,0
55.57,16.96,51.6,3.93,mid_season,sandy,4.7,0
67.79,26.74,57.93,3.0,development,clay,6.71,0
81.71,19.52,66.21,3.84,initial,loamy,0.09,0
50.96,16.82,54.76,2.83,initial,loamy,6.62,0
63.5,31.78,54.55,4.39,initial,clay,11.5,0
61.25,30.45,71.87,4.29,mid_season,clay,7.9,0
31.67,31.3,70.02,0,initial,clay,0,0
37.18,20.78,64.52,5.49,initial,sandy,8.46,0
45.98,19.34,63.73,3.86,initial,loamy,6.01,0
28.11,27.42,53.61,2.61,mid_season,sandy,14.16,0
59.84,15.88,34.42,3.29,late,loamy,15.51,0
84.72,22.11,37.61,5.3,mid_season,clay,3.65,0
62.18,12.07,78.16,4.17,mid_season,clay,0.83,0
55.51,29.84,61.91,0,late,sandy,0,1
55.29,22.92,33.81,4.82,initial,sandy,7.44,0
58.63,13.47,66.83,3.63,late,clay,21.75,0
28.46,24.62,58.4,0,initial,loamy,0,0
68.98,14.83,73.61,3.88,development,clay,0.32,0
88.96,31.7,84.88,4.68,late,sandy,9.67,0
45.33,25.72,40.58,4.86,initial,sandy,2.56,0
51.76,13.93,49.34,3.09,development,loamy,7.02,0
60.05,24.01,57.98,3.86,development,loamy,9.81,0
55.62,12.0,78.91,3.86,late,loamy,15.71,0
39.54,22.45,64.31,2.68,development,sandy,10.37,0
61.78,12.92,83.43,0,development,sandy,0,0
55.66,12.88,73.97,0,initial,sandy,0,0
36.77,31.91,37.89,3.57,initial,clay,6.96,0
28.21,20.1,39.27,4.96,initial,clay,4.34,0
66.07,14.88,49.65,1.73,late,sandy,13.15,0
5,29.53,59.2,3.02,mid_season,clay,6.67,0
66.38,18.69,47.04,0.84,late,clay,9.22,0
13.6,28.19,54.69,3.74,initial,clay,9.41,0
45.77,32.24,34.64,3.53,initial,loamy,11.84,0
54.83,17.25,55.63,2.93,development,clay,8.22,0
68.02,24.92,56.03,3.52,development,loamy,3.98,0
69.03,23.73,51.03,3.04,initial,clay,8.8,0
58.88,14.79,35.78,0,initial,clay,0,0
75.89,21.23,51.28,3.43,initial,clay,0.23,0
80.52,29.28,78.02,3.77,late,loamy,19.28,0
89.52,31.26,69.6,3.08,mid_season,clay,10.96,0
61.9,30.33,69.93,1.81,mid_season,sandy,25.26,0
47.83,17.05,57.24,2.98,development,sandy,13.75,0
58.64,26.72,78.97,2.59,initial,sandy,7.28,0
53.41,31.04,70.87,3.55,mid_season,clay,13.54,0
77.2,26.14,49.16,2.88,late,clay,10.91,0
62.18,14.87,80.35,3.92,initial,clay,6.7,0
77.82,30.11,62.04,4.03,late,clay,8.84,0
29.92,33.53,47.85,0,late,clay,0,1
42.38,12.25,31.76,5.68,mid_season,clay,3.68,0
70.97,21.09,58.46,3.03,development,sandy,16.98,0
27.41,30.47,32.43,3.93,late,sandy,3.36,0
86.5,19.34,46.34,4.16,late,loamy,18.48,0
54.55,30.97,40.35,2.94,mid_season,clay,27.59,0
48.54,17.61,57.74,4.92,late,sandy,3.13,0
37.22,19.95,77.3,4.61,initial,sandy,2.51,0
34.71,17.89,78.79,3.02,initial,loamy,7.7,0
79.97,24.59,70.0,4.19,initial,loamy,2.01,0
19.04,21.27,35.95,4.08,development,loamy,19.29,0
51.54,26.5,32.01,4.96,mid_season,clay,9.68,0
58.73,14.86,68.29,0,initial,clay,0,0
68.17,12.69,34.06,3.36,initial,sandy,0.87,0
47.14,20.62,81.99,3.84,development,clay,13.03,0
23.42,17.63,49.08,0,initial,loamy,0,0
64.66,14.82,31.12,3.36,initial,clay,11.1,0
59.47,14.21,54.06,4.65,development,sandy,17.46,0
40.91,18.09,70.46,0,development,loamy,0,1
87.47,15.47,63.87,0,late,loamy,0,0
60.81,15.44,42.28,2.96,initial,loamy,1.85,0
82.95,28.21,34.33,3.2,late,loamy,12.06,0
95,22.51,81.04,2.69,late,loamy,23.22,0
16.82,31.63,84.73,5.29,development,loamy,4.74,0
46.31,17.47,32.49,3.35,initial,loamy,1.98,0
87.98,24.14,32.5,4.34,development,loamy,19.79,0
64.73,19.41,46.44,0,initial,sandy,0,0
59.02,30.18,81.8,5.21,mid_season,clay,0.96,0
42.41,23.37,66.88,0,initial,sandy,0,0
51.31,32.11,47.47,0,initial,clay,0,0
37.4,13.02,62.56,4.73,mid_season,sandy,7.98,0
18.6,26.78,44.08,3.55,mid_season,sandy,1.96,0
77.15,33.43,62.96,4.85,development,sandy,9.12,0
44.26,29.63,39.39,5.68,initial,loamy,10.39,0
76.49,13.54,78.19,5.16,late,clay,7.43,0
64.86,23.95,55.6,4.66,late,sandy,19.25,0
74.45,26.35,78.57,2.06,mid_season,clay,27.11,0
55.08,20.37,33.73,0,development,loamy,0,0
58.29,18.1,50.5,4.08,development,sandy,10.34,0
34.38,19.05,69.98,2.18,late,loamy,11.16,0
59.61,21.77,50.62,4.5,late,sandy,17.49,0
20.32,15.67,40.85,4.71,late,sandy,10.34,0
69.91,33.57,82.3,4.13,mid_season,loamy,22.36,0
53.1,20.39,35.91,3.81,late,sandy,13.37,0
67.71,16.76,76.59,3.34,initial,clay,5.26,0
49.26,32.85,41.26,5.06,development,clay,11.39,0
41.47,18.28,78.19,4.32,development,sandy,6.98,0
65.11,18.7,51.57,2.88,development,sandy,4.15,0
42.0,17.26,33.76,1.35,development,loamy,11.92,0
24.12,23.97,78.8,3.75,initial,sandy,1.23,0
59.46,13.19,48.76,4.62,mid_season,clay,13.54,0
38.66,15.67,76.69,3.57,late,loamy,11.15,0
13.42,33.52,71.71,5.75,initial,clay,9.01,0
42.4,30.87,83.82,3.41,development,sandy,10.61,0
54.6,20.75,77.44,2.38,late,clay,16.25,0
69.5,32.55,69.11,3.22,initial,clay,8.26,0
47.94,25.11,83.81,3.1,initial,loamy,6.37,0
48.99,18.04,42.68,0,mid_season,sandy,0,1
31.73,20.51,84.5,4.71,initial,clay,7.23,0
65.51,32.76,60.59,5.02,initial,clay,14.2,0
75.69,20.24,40.21,0,late,loamy,0,0
68.19,32.63,38.93,0,initial,loamy,0,0
74.76,32.33,30.55,5.9,development,sandy,5.71,0
40.51,21.94,77.51,3.27,initial,loamy,8.05,0
23.98,14.02,63.21,5.03,late,sandy,10.6,0
50.75,12.1,83.81,4.14,development,clay,22.65,0
79.98,30.93,38.09,3.85,late,sandy,10.31,0
57.99,28.69,62.62,3.06,development,sandy,6.34,0
56.34,17.05,40.97,2.28,mid_season,loamy,9.6,0
52.21,31.78,81.14,3.59,development,loamy,13.83,0
78.57,17.92,52.56,4.39,development,loamy,7.12,0
66.26,32.6,32.81,4.43,mid_season,clay,23.66,0
49.5,18.15,65.78,4.55,mid_season,loamy,11.68,0
52.89,19.85,34.6,4.14,initial,clay,0.85,0
49.96,13.67,66.67,3.45,development,clay,16.71,0
49.61,20.7,54.18,3.1,initial,loamy,7.87,0
59.65,29.14,63.8,3.06,mid_season,clay,6.37,0
62.14,25.01,38.62,0,late,sandy,0,0
43.91,22.33,47.78,0,initial,loamy,0,0
50.44,23.53,43.39,4.33,development,clay,9.96,0
40.5,27.14,64.18,3.95,initial,clay,10.18,0
45.3,26.31,84.63,4.48,initial,sandy,4.39,0
95,15.42,70.99,4.35,development,clay,20.76,0
82.63,14.21,84.93,3.35,late,loamy,8.57,0
47.59,32.2,37.84,0,late,sandy,0,1
40.54,13.37,54.69,4.73,late,clay,6.4,0
66.32,27.35,43.59,2.92,initial,loamy,7.63,0
47.61,30.85,55.75,4.0,initial,clay,17.8,0
70.87,26.78,82.33,4.88,initial,sandy,4.81,0
63.21,23.82,47.99,5.13,initial,sandy,8.07,0
64.07,32.19,48.47,3.37,mid_season,sandy,8.43,0
75.1,29.44,72.04,6.35,late,clay,3.01,0
81.6,14.81,52.46,0,initial,sandy,0,0
45.52,20.02,39.43,3.91,late,clay,23.44,0
56.92,19.08,74.46,5.57,mid_season,clay,17.74,0
54.6,17.85,40.06,0,initial,sandy,0,0
26.98,24.01,53.61,6.58,mid_season,clay,2.52,0
79.0,23.27,51.25,1.92,late,clay,12.51,0
62.68,29.19,76.28,3.61,late,clay,12.22,0
59.54,19.73,34.68,5.72,initial,sandy,26.79,0
81.77,25.53,45.47,2.88,late,loamy,20.83,0
45.39,32.42,79.95,2.28,mid_season,loamy,0.37,0
47.28,29.02,78.71,3.78,mid_season,loamy,17.47,0
81.39,19.71,77.56,4.47,development,sandy,5.26,0
63.78,31.47,66.1,3.2,initial,sandy,6.72,0
52.98,28.66,52.18,0,development,loamy,0,0
47.31,32.41,51.15,3.41,late,loamy,4.56,0
39.93,19.74,79.22,2.75,mid_season,loamy,11.54,0
25.95,30.79,65.67,1.73,mid_season,sandy,7.62,0
38.43,23.97,40.11,3.42,late,clay,14.09,0
42.31,24.96,63.33,3.56,development,loamy,16.29,0
65.46,21.03,77.57,4.52,development,sandy,5.56,0
64.37,14.83,30.27,2.18,development,loamy,7.12,0
31.11,31.41,36.82,4.34,development,sandy,4.12,0
53.66,12.06,50.04,4.7,development,loamy,7.98,0
21.94,33.88,42.21,5.46,initial,clay,10.73,0
44.81,22.17,55.1,0,mid_season,sandy,0,1
61.83,14.52,80.55,5.52,late,loamy,11.7,0
69.67,19.49,57.17,0,initial,loamy,0,0
56.94,15.6,63.55,4.4,mid_season,clay,7.26,0
59.65,24.33,45.2,0,development,sandy,0,1
64.97,14.47,55.89,0,initial,loamy,0,0
36.66,18.39,70.64,3.72,development,clay,5.95,0
51.73,22.49,60.38,3.39,mid_season,sandy,7.64,0
68.61,16.43,63.9,2.72,development,loamy,7.28,0
60.62,23.26,36.77,2.85,development,loamy,5.11,0
62.63,23.55,45.64,4.04,late,sandy,13.45,0
12.17,12.33,40.88,5.24,late,sandy,2.93,0
63.63,20.2,32.29,5.94,mid_season,loamy,15.41,0
47.54,22.24,37.1,3.88,development,sandy,25.22,0
85.11,24.32,71.52,2.87,mid_season,loamy,17.02,0
65.39,20.78,36.96,4.02,mid_season,clay,20.43,0
95,25.94,79.06,4.24,late,loamy,13.46,0
51.27,23.56,41.89,3.29,mid_season,clay,12.05,0
54.95,28.3,70.58,3.93,mid_season,sandy,9.23,0
19.35,24.04,75.04,5.18,mid_season,sandy,7.83,0
37.48,14.71,40.58,0,development,sandy,0,1
61.09,14.11,79.64,2.14,mid_season,clay,11.31,0
61.6,32.56,73.82,0,development,loamy,0,0
81.0,20.37,32.98,6.65,late,clay,20.83,0
54.68,33.67,65.39,2.62,mid_season,loamy,22.14,0
40.13,29.62,81.01,0,initial,sandy,0,0
12.81,24.24,72.64,3.27,late,clay,8.87,0
22.43,21.44,64.9,3.64,late,loamy,17.81,0
16.61,20.26,41.47,3.91,late,loamy,5.84,0
44.34,30.91,61.95,4.05,development,sandy,4.99,0
35.37,23.39,80.78,2.78,late,clay,12.99,0
62.27,24.01,53.33,4.4,late,clay,14.97,0
70.59,16.5,37.04,0,initial,loamy,0,0
67.21,26.83,35.19,3.84,mid_season,sandy,6.27,0
33.41,15.62,60.15,5.36,initial,sandy,3.77,0
56.43,25.06,30.89,3.31,late,clay,5.48,0
43.75,31.22,69.09,3.2,mid_season,loamy,11.65,0
68.2,32.97,73.62,0,development,sandy,0,0
51.31,28.46,32.47,4.77,late,clay,6.09,0
54.37,16.91,32.13,6.04,development,clay,6.62,0
30.79,24.67,75.12,0,mid_season,clay,0,1
72.23,20.7,67.54,5.82,development,clay,11.89,0
35.66,21.04,64.93,3.25,late,clay,12.64,0
61.36,28.96,82.06,4.75,mid_season,clay,22.32,0
62.05,31.61,46.78,4.15,mid_season,loamy,6.43,0
53.01,30.08,57.64,0,development,sandy,0,1
30.3,17.07,56.46,1.97,development,sandy,12.0,0
68.42,18.07,59.18,4.17,initial,sandy,12.23,0
69.96,20.23,84.42,2.53,mid_season,clay,1.01,0
65.37,24.26,44.52,4.92,late,sandy,15.2,0
72.89,16.78,48.8,6.02,initial,clay,8.65,0
45.59,14.77,84.87,2.65,mid_season,sandy,5.65,0
64.86,13.31,31.95,4.84,development,sandy,12.1,0
95,17.87,54.63,3.04,development,loamy,11.65,0
43.76,29.21,70.12,0,late,sandy,0,1
68.87,18.28,64.79,0,initial,sandy,0,0
95,19.62,36.47,2.64,mid_season,clay,20.23,0
57.11,32.91,48.54,0,initial,loamy,0,0
55.26,24.59,69.76,4.17,mid_season,loamy,2.44,0
64.02,15.02,76.67,3.02,initial,loamy,8.23,0
87.1,29.65,72.37,4.01,mid_season,loamy,16.59,0
49.27,14.32,71.86,6.31,initial,clay,16.09,0
73.33,21.45,38.63,6.02,development,sandy,2.55,0
67.55,18.01,70.26,2.18,initial,loamy,14.99,0
61.07,28.38,83.9,3.25,initial,loamy,0.32,0
63.72,17.85,33.8,3.67,mid_season,clay,15.25,0
47.95,30.84,65.7,4.57,mid_season,clay,15.13,0
45.38,19.78,69.31,0,late,sandy,0,1
91.28,15.52,65.32,4.94,initial,loamy,3.33,0
50.55,25.45,51.49,3.56,late,loamy,12.86,0
22.94,24.69,37.64,2.69,initial,clay,3.89,0
49.79,18.59,82.16,0,development,clay,0,0
55.81,24.07,65.66,0,initial,sandy,0,0
53.7,28.35,47.32,5.53,mid_season,sandy,8.11,0
34.25,13.44,78.39,4.22,development,clay,14.51,0
78.15,27.87,44.0,4.53,development,sandy,8.05,0
76.75,12.6,70.3,3.94,initial,sandy,1.97,0
51.7,24.96,31.24,2.17,development,clay,1.69,0
37.56,31.58,31.78,4.97,mid_season,sandy,25.59,0
63.12,33.05,70.05,6.69,initial,sandy,10.93,0
42.04,15.81,31.79,4.42,late,loamy,1.35,0
49.29,27.77,74.63,0,initial,clay,0,0
28.1,14.88,84.16,3.8,late,loamy,10.38,0
81.55,14.18,37.04,4.74,development,sandy,8.71,0
65.72,16.58,77.07,3.1,initial,loamy,2.14,0
81.04,32.95,59.79,3.24,initial,clay,14.59,0
42.98,14.63,50.54,3.13,mid_season,loamy,13.9,0
68.97,13.33,54.1,3.91,development,clay,13.02,0
48.35,33.15,51.11,5.51,mid_season,loamy,13.43,0
81.25,32.12,45.47,2.11,development,clay,5.39,0
42.59,28.01,55.94,7.13,initial,clay,9.0,0
67.9,31.71,39.03,4.83,mid_season,loamy,18.46,0
47.85,31.28,69.59,4.52,mid_season,sandy,19.28,0
63.5,25.17,43.57,2.12,late,loamy,2.3,0
52.83,23.19,31.52,0,late,sandy,0,1
34.64,15.41,84.33,0,initial,sandy,0,0
37.36,14.07,40.42,3.5,late,sandy,6.94,0
63.21,18.19,58.07,4.49,late,sandy,5.13,0
42.6,30.36,83.03,5.24,mid_season,sandy,7.16,0
53.06,17.94,59.43,0,mid_season,loamy,0,0
60.72,17.82,57.33,2.78,mid_season,loamy,8.49,0
43.81,33.92,54.27,2.86,initial,clay,3.1,0
68.96,28.9,68.86,3.65,development,sandy,0.69,0
37.98,28.5,65.01,3.97,initial,loamy,1.62,0
5.15,21.57,61.01,3.27,mid_season,clay,26.36,0
74.95,27.71,67.04,3.5,mid_season,sandy,11.9,0
75.76,25.7,33.5,5.25,development,loamy,13.61,0
61.56,23.29,45.74,5.66,late,loamy,8.76,0
61.38,21.61,71.3,3.82,late,loamy,17.16,0
55.24,25.67,48.5,4.69,development,sandy,10.91,0
72.51,21.17,60.01,0,late,clay,0,0
59.12,16.12,65.59,0,development,sandy,0,1
68.44,32.03,32.34,5.49,mid_season,clay,21.9,0
62.03,17.14,75.26,4.14,late,sandy,4.35,0
70.99,22.33,69.56,0,mid_season,sandy,0,0
54.93,27.27,76.11,4.92,development,sandy,0.31,0
61.08,26.15,72.67,2.59,initial,clay,8.46,0
70.42,33.9,61.53,3.93,development,clay,6.3,0
72.89,19.9,71.79,3.32,development,loamy,9.11,0
35.86,28.14,73.36,5.3,late,clay,9.94,0
46.95,25.01,73.37,4.38,mid_season,sandy,12.42,0
40.92,28.81,46.51,3.09,late,loamy,13.81,0
85.82,31.14,47.53,0,late,sandy,0,0
57.0,15.96,79.19,5.15,initial,sandy,12.73,0
73.86,31.42,76.27,5.37,development,sandy,4.13,0
21.57,17.45,68.06,3.71,development,sandy,10.69,0
72.35,28.15,42.79,0,initial,sandy,0,0
59.13,17.67,60.57,3.42,late,loamy,12.75,0
78.92,19.61,65.22,3.77,initial,loamy,3.33,0
64.29,18.95,45.28,3.23,late,loamy,14.96,0
47.41,26.97,52.62,5.27,late,clay,5.12,0
59.87,31.05,76.63,3.15,development,clay,15.59,0
52.82,21.56,41.62,0,late,sandy,0,1
53.49,23.31,76.06,4.89,initial,loamy,6.53,0
30.58,19.32,53.08,2.95,mid_season,clay,11.39,0
74.07,25.0,68.29,5.33,late,clay,3.78,0
84.31,19.99,43.26,4.44,late,sandy,10.76,0
80.36,12.02,43.46,3.99,mid_season,loamy,20.3,0
32.29,20.32,43.73,0,mid_season,loamy,0,1
46.79,32.24,70.55,4.41,initial,loamy,3.55,0
61.34,18.58,77.91,2.55,initial,clay,4.88,0
55.09,20.93,51.07,2.16,mid_season,sandy,10.9,0
77.94,30.15,54.6,4.53,mid_season,loamy,14.25,0
34.09,22.54,41.4,2.86,initial,clay,2.42,0
39.12,17.58,55.91,4.57,late,loamy,2.92,0
49.93,31.76,52.98,5.01,initial,sandy,0.67,0
51.72,25.69,71.46,4.15,development,clay,6.23,0
52.46,33.25,30.72,3.76,mid_season,loamy,13.89,0
46.63,18.05,41.05,0,mid_season,sandy,0,1
68.73,15.22,52.1,2.85,mid_season,clay,1.28,0
29.61,24.71,43.46,3.41,initial,sandy,9.26,0
40.4,18.51,37.24,4.11,mid_season,sandy,4.34,0
63.74,31.0,39.43,0,late,sandy,0,0
61.86,15.82,74.71,4.01,development,sandy,1.68,0
24.31,27.71,47.57,0,initial,clay,0,0
78.97,21.19,71.75,3.87,late,sandy,4.71,0
52.4,12.23,58.21,5.22,mid_season,sandy,14.56,0
57.53,19.12,52.32,4.69,initial,clay,3.35,0
61.77,12.05,71.4,3.68,late,loamy,3.71,0
72.37,31.87,80.36,3.85,late,sandy,0.42,0
79.0,20.29,43.08,0,development,sandy,0,0
34.26,25.46,48.52,5.12,initial,clay,5.19,0
77.27,27.88,48.2,0,late,loamy,0,0
88.37,18.59,37.68,3.31,late,clay,11.26,0
59.58,31.98,39.58,3.19,development,clay,7.03,0
52.95,20.24,62.96,5.73,initial,clay,7.08,0
47.56,12.84,75.68,3.34,mid_season,sandy,7.47,0
52.89,16.21,64.58,3.28,late,loamy,16.76,0
30.97,21.04,63.08,5.46,development,sandy,7.36,0
35.01,18.42,68.35,0,late,loamy,0,1
38.86,27.15,39.44,0,late,loamy,0,1
69.47,21.25,38.69,0,late,loamy,0,0
76.36,31.46,66.8,3.04,late,loamy,4.14,0
68.32,32.45,43.76,3.82,late,sandy,6.71,0
83.37,19.35,68.32,3.05,initial,loamy,9.26,0
48.95,33.27,39.48,0,late,sandy,0,1
43.49,12.49,58.57,3.58,late,clay,8.49,0
41.32,25.0,54.42,2.83,late,clay,1.55,0
49.5,17.91,70.23,4.66,mid_season,sandy,1.9,0
48.99,13.4,59.62,3.86,late,clay,21.47,0
75.64,21.38,36.65,5.81,development,clay,6.94,0
21.65,33.76,52.45,3.04,initial,clay,18.18,0
78.93,29.87,68.97,0,development,loamy,0,0
50.55,19.39,34.01,3.51,late,clay,9.82,0
29.85,17.95,40.75,0,initial,clay,0,0
59.06,17.85,39.56,2.89,initial,clay,13.11,0
46.19,15.8,54.92,4.93,late,clay,8.0,0
62.8,23.05,53.98,4.7,development,loamy,7.65,0
71.21,14.46,43.21,1.47,development,clay,6.25,0
36.79,13.38,70.98,4.89,development,clay,5.2,0
33.78,33.69,67.3,5.21,mid_season,clay,20.25,0
68.18,12.86,75.32,5.38,late,loamy,2.49,0
61.12,25.4,84.69,0,late,sandy,0,0
41.76,20.08,42.06,3.68,mid_season,loamy,11.06,0
57.35,15.06,56.1,1.05,development,clay,9.54,0
49.7,31.8,73.48,5.49,late,sandy,13.53,0
34.74,27.25,41.34,4.77,development,clay,13.08,0
76.25,25.57,54.77,0,late,loamy,0,0
34.87,32.7,58.35,0,mid_season,loamy,0,1
66.47,16.32,54.22,3.0,late,loamy,3.27,0
71.06,26.42,44.52,4.05,development,loamy,10.15,0
84.96,14.79,37.34,4.19,development,sandy,15.02,0
95,28.88,68.05,3.9,mid_season,sandy,1.11,0
67.51,20.17,46.51,0,initial,loamy,0,0
64.47,17.27,58.3,4.96,initial,loamy,5.33,0
25.45,31.97,32.44,4.68,development,clay,19.64,0
40.73,19.13,84.74,2.56,late,loamy,12.57,0
57.92,28.09,31.25,4.18,initial,clay,6.98,0
67.09,28.8,68.91,4.47,development,loamy,5.93,0
44.74,19.97,79.86,5.42,late,clay,7.51,0
54.71,22.7,47.07,0,initial,clay,0,0
66.25,18.35,70.58,1.76,late,sandy,5.82,0
56.85,23.2,81.19,0,late,loamy,0,0
67.0,13.18,60.84,4.34,late,sandy,0.89,0
58.01,23.86,42.62,4.26,development,sandy,13.12,0
65.21,27.94,55.74,3.89,development,clay,14.61,0
72.96,28.82,64.33,4.49,late,sandy,10.88,0
51.93,18.55,69.86,3.34,initial,loamy,8.66,0
64.93,12.47,83.86,2.45,mid_season,clay,13.64,0
61.33,26.04,74.42,1.72,mid_season,sandy,17.05,0
32.16,32.85,57.26,2.96,initial,loamy,18.38,0
71.72,29.87,69.44,5.08,late,loamy,6.21,0
34.15,23.54,37.24,2.94,mid_season,loamy,4.66,0
39.66,17.76,40.97,4.24,development,clay,0.37,0
53.82,15.02,46.63,5.38,late,loamy,6.52,0
51.31,27.13,78.37,3.36,initial,loamy,5.68,0
62.07,17.29,58.51,4.07,development,sandy,0.61,0
44.52,14.74,68.39,3.91,development,clay,2.63,0
11.46,24.16,36.78,3.23,initial,sandy,19.9,0
80.96,14.51,72.87,0,development,loamy,0,0
16.96,14.02,45.07,4.72,late,loamy,3.53,0
74.87,27.53,72.4,3.51,mid_season,sandy,6.64,0
40.43,13.72,79.27,4.99,initial,sandy,4.88,0
46.07,20.07,75.63,3.78,mid_season,clay,16.85,0
62.59,30.03,46.6,6.01,mid_season,loamy,19.34,0
63.47,24.14,59.06,0,late,sandy,0,0
46.0,21.45,68.1,5.11,mid_season,clay,4.53,0
67.89,29.7,82.2,4.63,mid_season,clay,16.62,0
47.65,14.46,52.04,4.66,initial,sandy,0.75,0
49.23,30.64,41.25,5.2,late,loamy,8.43,0
78.59,18.55,44.98,3.52,initial,sandy,5.07,0
73.17,32.61,46.69,4.85,mid_season,clay,9.65,0
35.46,32.09,51.81,4.22,late,clay,18.22,0
33.61,22.33,72.72,3.93,late,clay,16.3,0
63.11,24.36,57.34,4.08,mid_season,sandy,6.2,0
42.04,27.38,37.02,4.52,development,clay,1.98,0
65.19,25.9,77.26,2.54,late,sandy,7.53,0
55.41,19.68,71.73,2.97,initial,sandy,12.57,0
28.23,29.17,41.29,3.29,initial,loamy,2.59,0
59.9,18.38,83.04,5.78,mid_season,sandy,17.24,0
57.17,29.81,38.36,5.18,mid_season,loamy,0.28,0
60.95,14.59,71.28,4.58,development,clay,13.22,0
41.76,28.64,45.52,0,initial,clay,0,1
45.33,13.01,31.1,4.79,late,sandy,2.05,0
53.66,27.87,45.71,3.95,initial,sandy,5.07,0
53.22,22.4,77.07,3.63,development,clay,10.29,0
40.1,19.25,49.86,2.93,mid_season,clay,4.78,0
76.81,27.99,37.09,2.73,mid_season,clay,16.49,0
76.92,13.37,74.38,3.4,initial,sandy,3.73,0
61.36,22.12,63.34,3.91,late,sandy,1.36,0
53.23,22.28,73.79,6.21,initial,loamy,6.1,0
65.22,17.85,47.9,4.78,development,clay,3.79,0
71.88,32.2,56.83,5.16,initial,clay,7.26,0
73.83,16.34,77.88,5.3,mid_season,clay,8.14,0
70.02,31.18,48.6,5.95,initial,clay,1.02,0
33.21,33.12,50.41,2.35,late,loamy,11.63,0
44.32,31.05,75.49,5.26,late,sandy,3.83,0
37.74,13.66,39.31,0,development,sandy,0,1
53.59,30.51,81.13,0,initial,clay,0,0
66.96,17.29,78.95,3.9,initial,sandy,17.06,0
66.06,19.98,55.3,6.24,mid_season,sandy,19.22,0
70.05,22.43,43.94,3.67,mid_season,clay,12.97,0
58.28,13.66,31.08,0,development,loamy,0,0
44.54,12.01,62.28,0,late,clay,0,1
52.2,30.06,55.92,4.65,late,sandy,9.53,0
50.34,23.88,67.52,3.94,mid_season,loamy,18.39,0
76.14,12.99,79.96,6.3,development,loamy,11.2,0
69.81,15.36,70.34,2.66,development,clay,8.59,0
64.71,14.86,79.14,3.25,initial,sandy,14.11,0
75.42,23.51,64.52,2.94,late,sandy,16.79,0
54.52,24.69,71.42,5.26,initial,sandy,5.56,0
44.73,28.84,67.09,5.3,mid_season,loamy,14.84,0
64.35,20.41,31.35,3.51,initial,sandy,1.34,0
60.36,22.1,82.56,5.09,initial,loamy,7.62,0
72.41,15.56,80.38,3.62,development,sandy,8.3,0
63.57,23.78,47.53,5.51,development,loamy,21.35,0
52.42,31.3,47.24,3.88,late,clay,3.32,0
33.13,19.41,46.27,0,mid_season,loamy,0,1
54.55,25.1,65.08,3.55,late,sandy,25.66,0
16.72,29.78,45.37,4.34,mid_season,sandy,15.88,0
38.52,23.52,49.15,4.57,development,loamy,4.96,0
43.71,31.54,76.21,4.11,initial,loamy,11.87,0
34.24,29.9,39.15,3.77,initial,clay,15.46,0
20.66,15.07,43.74,3.97,development,sandy,8.15,0
60.19,14.93,69.31,3.79,initial,sandy,3.97,0
61.28,25.5,65.24,5.13,mid_season,clay,13.33,0
46.92,30.11,57.52,1.87,mid_season,clay,9.98,0
39.55,13.67,76.7,0,initial,clay,0,0
82.39,14.65,56.59,4.67,development,clay,5.73,0
68.57,12.38,36.3,4.41,late,sandy,11.05,0
66.32,31.17,80.77,3.38,initial,clay,8.93,0
57.47,30.26,72.08,2.76,mid_season,sandy,16.52,0
85.79,25.53,31.44,2.66,late,loamy,7.8,0
59.73,31.77,45.02,6.09,late,sandy,12.04,0
52.26,19.01,62.33,4.25,late,sandy,6.8,0
64.18,14.02,41.24,0,mid_season,sandy,0,0
45.49,29.67,68.04,3.41,mid_season,loamy,20.68,0
64.08,14.13,62.27,4.24,initial,loamy,4.22,0
50.37,22.77,70.25,3.47,mid_season,loamy,17.37,0
51.05,21.11,49.4,3.36,initial,sandy,2.04,0
45.87,26.82,36.62,2.83,development,clay,2.94,0
77.42,27.32,37.57,3.32,late,clay,14.63,0
94.64,32.66,72.46,3.82,mid_season,loamy,8.96,0
42.65,19.29,49.67,3.21,development,clay,6.05,0
62.61,18.48,53.03,5.55,mid_season,loamy,15.6,0
57.47,30.98,34.62,4.89,mid_season,sandy,11.34,0
40.6,31.34,65.17,2.57,late,loamy,4.18,0
82.84,28.24,72.37,2.23,development,loamy,10.73,0
33.83,16.23,73.91,4.81,late,clay,14.53,0
77.44,25.84,31.85,4.61,mid_season,clay,19.94,0
44.48,19.28,35.63,0,initial,loamy,0,0
58.39,20.62,49.03,3.2,development,clay,6.9,0
58.07,22.37,62.44,4.59,development,clay,14.04,0
54.62,22.81,50.92,4.98,late,loamy,18.7,0
47.69,33.55,60.47,0,development,sandy,0,1
88.6,30.83,44.46,3.95,late,sandy,7.7,0
52.58,31.88,79.54,2.66,late,loamy,7.08,0
46.01,13.82,33.37,3.75,initial,loamy,10.15,0
57.61,13.62,51.37,3.38,initial,clay,9.72,0
33.02,12.22,73.51,0,development,sandy,0,0
51.59,26.77,50.1,3.33,mid_season,clay,17.28,0
59.23,24.61,56.13,4.37,development,loamy,14.45,0
66.38,33.49,48.37,2.1,development,clay,6.93,0
71.36,12.04,52.11,4.65,late,loamy,20.35,0
62.84,15.64,35.72,3.62,mid_season,sandy,12.86,0
71.25,24.77,78.18,0,late,loamy,0,0
60.7,15.47,81.58,0,late,sandy,0,0
41.06,14.69,73.17,3.91,initial,clay,4.71,0
44.71,27.85,31.71,4.34,initial,loamy,10.44,0
56.41,22.26,34.83,6.26,late,loamy,6.27,0
56.25,18.82,50.53,3.21,late,loamy,13.58,0
48.65,26.55,32.96,5.43,mid_season,sandy,17.73,0
55.39,16.28,36.98,0,initial,sandy,0,0
65.28,26.8,57.61,4.48,mid_season,clay,14.62,0
27.64,31.15,78.25,3.62,initial,loamy,7.33,0
70.16,31.91,66.19,4.21,development,loamy,13.65,0
58.3,26.81,33.45,0,initial,loamy,0,0
70.2,25.21,77.93,5.29,mid_season,sandy,19.09,0
44.92,30.44,41.02,6.23,mid_season,loamy,14.75,0
60.59,14.71,52.94,3.01,initial,loamy,2.34,0
49.5,29.2,33.96,0,development,loamy,0,1
29.02,18.03,69.58,0,initial,clay,0,0
59.5,17.53,65.94,4.45,development,clay,9.69,0
58.21,13.98,44.25,4.01,initial,clay,8.3,0
62.02,26.7,34.79,5.12,development,sandy,9.24,0
82.34,18.87,84.04,3.84,initial,sandy,5.18,0
61.27,17.43,58.61,3.89,initial,loamy,15.29,0
53.16,16.87,80.76,3.11,mid_season,clay,6.95,0
49.99,30.23,63.86,4.28,mid_season,clay,12.23,0
33.91,15.68,40.78,4.7,initial,loamy,11.37,0
50.38,33.28,32.56,0,late,clay,0,0
61.77,21.09,34.36,3.19,mid_season,clay,6.6,0
83.18,28.8,65.03,3.98,late,clay,1.53,0
33.35,26.95,44.06,6.05,development,loamy,4.94,0
57.76,17.33,73.76,3.99,late,loamy,16.89,0
45.9,26.41,84.59,4.14,development,loamy,4.51,0
47.7,19.01,75.28,4.95,initial,clay,9.48,0
73.91,28.73,32.42,4.72,mid_season,clay,13.41,0
69.45,13.29,64.69,0,initial,clay,0,0
39.39,30.71,81.77,4.04,development,loamy,5.06,0
88.42,14.57,59.94,3.5,mid_season,sandy,13.96,0
36.35,22.6,36.4,1.32,initial,clay,10.43,0
25.73,12.19,30.29,3.78,development,loamy,4.5,0
65.16,26.26,42.3,3.68,late,loamy,10.04,0
86.59,24.8,39.78,4.65,development,loamy,4.13,0
42.39,22.53,69.97,5.32,initial,sandy,14.06,0
49.68,13.56,76.4,3.81,development,sandy,13.93,0
74.73,24.92,72.18,3.88,development,sandy,20.79,0
49.42,33.21,71.94,3.36,mid_season,sandy,0.42,0
45.91,12.33,80.41,4.46,initial,clay,13.06,0
82.24,29.01,75.86,1.87,development,clay,17.19,0
31.7,30.19,40.25,3.57,development,loamy,7.49,0
32.21,26.27,62.48,5.66,late,sandy,9.05,0
41.57,31.68,32.91,2.22,late,clay,2.72,0
49.11,14.03,78.08,0,development,sandy,0,0
92.13,20.42,55.73,3.03,late,loamy,22.93,0
81.98,29.17,30.15,3.07,mid_season,sandy,12.76,0
39.64,19.14,56.21,3.84,development,sandy,0.61,0
73.86,29.81,46.85,4.4,initial,sandy,3.98,0
68.4,17.04,49.87,1.97,development,loamy,13.86,0
72.55,30.34,50.63,2.66,late,clay,14.94,0
74.55,33.47,43.6,4.02,late,clay,6.08,0
71.48,31.17,64.99,0,late,sandy,0,0
63.84,31.4,48.46,2.88,late,clay,6.59,0
61.24,17.71,33.68,0,initial,clay,0,0
21.28,28.56,71.67,0,development,sandy,0,1
64.98,32.21,44.77,6.81,mid_season,sandy,5.31,0
68.13,31.3,39.43,4.8,initial,clay,14.8,0
61.89,32.72,36.99,4.04,development,loamy,17.66,0
23.64,13.29,74.79,5.51,late,sandy,9.29,0
60.63,19.12,52.65,3.5,initial,loamy,8.77,0
29.77,15.28,58.73,0,mid_season,sandy,0,1
62.6,23.52,66.54,4.23,initial,sandy,11.86,0
83.17,16.61,46.27,4.05,development,sandy,12.3,0
53.71,16.08,61.58,4.64,mid_season,clay,13.24,0
76.93,12.05,57.22,5.51,late,clay,9.33,0
52.68,29.18,37.27,5.5,late,clay,10.98,0
58.93,24.77,63.13,4.74,development,sandy,6.76,0
48.3,14.14,30.75,3.09,mid_season,sandy,3.96,0
57.37,19.57,50.43,0,mid_season,loamy,0,0
75.6,26.03,35.44,4.25,development,clay,6.39,0
62.21,28.09,61.23,4.29,initial,sandy,4.31,0
84.5,19.74,63.12,3.63,initial,loamy,6.1,0
48.2,33.42,54.82,2.59,development,loamy,3.4,0
40.5,33.1,50.08,3.3,late,loamy,17.29,0
51.82,14.83,79.38,2.97,initial,clay,6.2,0
70.55,28.04,41.21,4.03,development,sandy,5.49,0
36.81,29.85,48.32,0,development,clay,0,1
47.63,25.64,38.56,5.15,mid_season,loamy,14.6,0
95,19.23,81.41,3.66,mid_season,loamy,2.29,0
61.91,17.36,52.38,4.26,mid_season,sandy,8.92,0
87.16,14.37,51.9,4.58,late,loamy,9.87,0
70.86,20.26,35.2,4.5,late,loamy,18.68,0
57.64,19.99,48.47,5.37,late,clay,18.72,0
65.79,12.61,53.41,4.57,development,clay,4.77,0
61.39,31.82,59.2,0,development,loamy,0,0
77.87,12.86,40.75,0,late,sandy,0,0
51.73,14.7,77.68,2.88,development,sandy,0.16,0
48.71,27.64,72.32,3.67,mid_season,sandy,15.01,0
70.09,32.81,72.22,4.48,late,sandy,16.27,0
67.94,19.13,49.15,5.81,late,loamy,8.68,0
77.67,23.75,40.02,5.07,initial,sandy,4.26,0
40.22,33.9,34.53,4.67,initial,loamy,11.86,0
39.55,22.43,49.57,6.35,mid_season,sandy,28.03,0
62.11,20.15,72.34,3.12,initial,sandy,15.48,0
39.53,25.78,43.9,5.71,development,sandy,5.41,0
55.12,17.81,52.57,3.12,mid_season,loamy,11.08,0
37.37,17.68,47.39,3.14,development,clay,2.44,0
54.5,16.02,44.15,6.97,late,clay,14.99,0
36.83,31.68,67.54,3.8,development,sandy,2.23,0
73.45,12.7,34.25,5.05,initial,clay,9.71,0
49.05,24.48,58.25,4.24,development,sandy,1.28,0
52.3,22.24,41.27,0,development,loamy,0,0
57.74,18.57,38.97,4.42,initial,clay,13.71,0
39.65,23.2,76.4,0,initial,clay,0,0
61.83,15.62,39.72,4.26,late,sandy,4.66,0
34.9,17.07,47.99,5.97,development,loamy,13.97,0
44.94,31.95,30.16,4.06,mid_season,sandy,14.96,0
53.88,23.98,74.19,4.12,late,clay,14.91,0
76.86,20.25,55.3,4.32,late,sandy,26.3,0
65.95,21.64,57.58,3.1,late,sandy,20.96,0
51.35,15.52,36.42,5.13,initial,loamy,5.48,0
66.63,29.62,80.99,0,development,clay,0,0
37.69,27.17,35.58,5.37,late,clay,8.25,0
48.2,24.51,49.05,4.78,mid_season,loamy,12.15,0
56.34,29.67,59.51,4.22,initial,loamy,2.23,0
41.07,23.72,83.81,3.08,late,clay,4.14,0
69.28,21.9,81.61,4.43,development,loamy,10.06,0
71.15,15.95,30.97,1.7,late,clay,16.14,0
5,12.46,44.13,3.44,development,sandy,9.73,0
64.23,32.74,83.16,0,development,loamy,0,0
55.07,15.67,84.31,5.37,mid_season,sandy,17.03,0
63.68,24.76,51.31,3.93,initial,loamy,2.42,0
41.57,15.92,35.15,3.52,late,sandy,5.87,0
84.71,19.15,40.44,3.18,development,sandy,11.36,0
46.21,14.46,68.69,0,initial,clay,0,0
53.63,25.67,61.08,0,initial,clay,0,0
31.32,21.22,80.63,0,late,sandy,0,1
61.51,13.67,60.79,4.39,development,loamy,14.48,0
69.44,33.12,35.36,0,late,loamy,0,0
75.93,26.69,67.36,4.23,initial,loamy,16.02,0
35.4,33.49,32.39,3.5,late,loamy,2.92,0
58.01,31.48,78.82,4.05,development,clay,18.39,0
53.58,19.28,77.8,4.35,mid_season,clay,11.76,0
48.79,14.28,35.1,4.26,development,loamy,2.35,0
61.57,32.87,82.24,3.17,late,loamy,4.78,0
69.14,25.67,34.21,6.21,initial,sandy,9.2,0
30.85,12.59,73.54,3.33,mid_season,sandy,22.5,0
54.09,20.59,81.06,3.96,mid_season,sandy,6.34,0
36.02,26.33,81.76,3.71,initial,sandy,0.07,0
23.44,18.34,42.65,2.24,late,clay,6.9,0
57.51,30.74,55.91,3.08,development,clay,9.7,0
50.55,32.62,31.72,2.99,mid_season,loamy,15.63,0
70.3,20.55,47.92,3.08,development,sandy,24.5,0
61.69,12.64,84.04,4.96,development,clay,0.49,0
47.01,31.25,63.17,0,initial,loamy,0,0
95,29.61,36.06,2.35,initial,loamy,0.12,0
73.49,12.44,34.63,3.64,development,loamy,0.07,0
58.69,13.09,79.67,3.9,late,loamy,13.96,0
51.37,27.89,57.54,1.81,initial,clay,10.51,0
71.45,26.91,47.41,4.52,late,loamy,16.54,0
42.35,19.3,61.97,3.03,mid_season,loamy,11.66,0
54.05,26.89,49.35,5.18,late,clay,10.73,0
45.39,22.36,32.34,4.98,late,sandy,4.26,0
26.15,31.3,31.95,0,initial,loamy,0,1
41.83,31.12,80.91,1.17,mid_season,sandy,9.54,0
85.39,22.42,67.17,3.41,mid_season,loamy,24.82,0
43.46,20.1,62.37,2.9,late,loamy,9.46,0
86.55,14.24,72.57,4.22,mid_season,loamy,6.87,0
34.99,27.46,39.36,2.98,development,clay,19.63,0
66.96,17.21,34.96,4.14,late,loamy,3.5,0
63.62,31.73,83.8,5.23,development,loamy,15.82,0
59.93,12.93,67.97,3.66,development,sandy,10.23,0
75.41,25.01,35.53,4.75,initial,loamy,10.22,0
71.11,29.36,80.2,3.1,development,sandy,14.86,0
50.24,26.43,64.82,5.74,mid_season,loamy,28.1,0
40.82,31.37,81.63,0,development,loamy,0,1
57.23,20.31,47.28,0,initial,loamy,0,0
58.78,29.14,56.78,0,initial,clay,0,0
60.62,17.69,31.2,5.25,development,sandy,11.68,0
72.41,33.07,73.79,4.85,initial,loamy,11.53,0
51.97,22.52,33.12,5.55,late,sandy,16.03,0
30.84,12.57,48.15,5.89,mid_season,loamy,13.72,0
79.11,24.04,50.24,3.64,mid_season,clay,8.01,0
31.29,33.23,76.75,3.85,initial,clay,4.36,0
64.06,15.44,38.12,5.45,late,clay,11.61,0
59.07,14.24,50.08,3.73,development,clay,16.5,0
72.14,21.49,77.06,5.34,mid_season,loamy,13.45,0
36.47,28.8,62.43,3.28,mid_season,loamy,10.77,0
69.67,33.9,43.58,3.48,initial,sandy,0.0,0
69.94,27.81,83.44,5.34,development,clay,8.06,0
62.96,23.85,83.8,2.99,development,loamy,7.61,0
57.78,26.78,67.47,3.9,late,clay,8.64,0
74.65,19.04,80.44,3.17,mid_season,clay,5.19,0
69.44,20.59,38.32,3.64,mid_season,sandy,0.73,0
40.76,18.29,84.1,2.75,late,loamy,9.33,0
58.89,13.76,32.65,3.29,mid_season,loamy,10.83,0
44.2,30.01,43.46,0,late,clay,0,1
52.61,22.96,40.62,3.1,initial,clay,9.23,0
95,25.82,64.77,3.48,initial,clay,3.11,0
33.0,23.69,62.81,3.69,development,loamy,7.49,0
44.0,13.16,62.54,4.45,late,clay,10.48,0
95,28.94,39.63,4.56,mid_season,clay,8.51,0
62.99,26.13,36.64,3.38,late,sandy,12.68,0
33.88,14.08,35.66,0,late,clay,0,1
27.74,33.52,66.67,5.96,development,loamy,23.91,0
43.97,30.04,73.09,5.43,mid_season,loamy,4.58,0
11.83,26.81,39.75,2.79,initial,sandy,8.33,0
66.2,26.99,68.44,4.56,mid_season,loamy,24.44,0
69.02,26.62,83.82,3.82,late,clay,3.77,0
60.46,33.6,61.23,5.61,development,clay,18.83,0
50.67,23.9,67.75,2.76,development,sandy,0.54,0
46.4,15.51,80.06,5.35,development,clay,15.45,0
57.16,33.19,74.41,5.71,mid_season,sandy,20.43,0
49.69,17.39,70.32,6.41,development,clay,21.87,0
52.74,18.25,55.44,3.98,late,loamy,2.07,0
25.54,17.57,83.74,3.78,mid_season,clay,5.09,0
80.11,18.91,52.62,5.1,mid_season,clay,10.15,0
31.58,29.83,40.52,4.61,mid_season,sandy,6.89,0
40.34,28.01,72.82,0,late,loamy,0,1
58.65,31.23,43.73,0,initial,loamy,0,0
43.14,25.47,36.59,0,initial,loamy,0,1
60.94,15.58,77.12,3.21,mid_season,clay,8.57,0
33.22,27.16,66.51,3.6,mid_season,clay,25.86,0
77.9,33.16,80.61,4.53,mid_season,loamy,4.16,0
30.29,33.87,34.95,2.14,late,clay,10.76,0
63.68,31.95,68.79,4.31,mid_season,loamy,6.16,0
70.67,33.81,52.77,3.23,development,sandy,11.8,0
29.92,13.89,40.86,4.35,development,loamy,23.83,0
54.96,14.33,80.67,4.43,development,clay,3.18,0
65.98,20.72,62.7,0,mid_season,sandy,0,0
64.87,13.41,66.02,4.28,mid_season,clay,6.16,0
82.34,14.39,30.49,6.11,late,clay,6.39,0
54.03,26.86,33.34,2.54,development,sandy,10.27,0
56.95,26.14,44.45,0,initial,clay,0,0
41.34,28.13,76.02,3.24,development,sandy,5.53,0
52.94,16.24,50.37,3.17,mid_season,clay,17.7,0
52.27,31.26,55.93,4.07,late,clay,3.0,0
72.48,21.04,50.46,4.45,development,loamy,10.05,0
61.56,24.14,55.96,4.68,late,sandy,9.48,0
60.02,26.08,75.31,5.16,mid_season,loamy,1.59,0
46.55,18.32,70.31,2.98,initial,loamy,9.68,0
27.4,29.9,44.02,0,late,clay,0,1
51.03,29.82,61.7,0,initial,sandy,0,0
56.42,15.37,43.65,3.42,development,loamy,6.85,0
64.73,16.76,36.04,2.24,late,loamy,17.82,0
39.78,16.37,78.46,2.9,initial,clay,8.16,0
67.94,14.81,35.87,2.53,initial,sandy,10.37,0
71.88,12.98,77.01,4.39,late,clay,5.85,0
59.45,33.19,76.5,4.32,initial,clay,15.43,0
55.44,22.66,53.96,5.88,mid_season,loamy,21.48,0
62.56,29.84,79.09,5.61,late,sandy,1.69,0
32.29,23.9,80.19,4.45,initial,clay,5.57,0
50.46,32.84,53.8,2.79,late,loamy,8.44,0
47.47,19.12,82.68,2.38,initial,clay,14.06,0
69.05,12.58,71.36,2.64,mid_season,sandy,9.43,0
57.32,20.16,42.15,3.47,late,sandy,11.76,0
40.08,13.14,56.27,3.15,late,loamy,16.5,0
62.11,31.07,63.47,4.48,development,loamy,21.46,0
63.99,13.83,57.06,3.78,mid_season,loamy,7.93,0
53.44,21.43,61.46,3.6,late,loamy,15.43,0
69.47,14.35,41.62,0,initial,clay,0,0
43.43,12.76,30.05,0,mid_season,sandy,0,1
66.36,15.67,37.17,0,initial,loamy,0,0
66.66,26.17,77.23,4.9,development,loamy,10.32,0
78.82,31.62,68.42,5.21,late,clay,8.69,0
67.01,29.11,50.28,3.29,initial,sandy,8.21,0
77.92,20.31,33.41,2.72,development,loamy,13.64,0
59.17,16.72,60.27,5.11,late,sandy,17.49,0
39.82,16.62,74.18,5.23,mid_season,clay,17.53,0
47.92,13.82,47.44,5.63,initial,sandy,5.85,0
30.62,30.84,44.61,3.93,late,loamy,9.03,0
82.87,18.68,32.43,2.64,initial,clay,1.38,0
64.97,14.01,31.05,4.45,mid_season,sandy,6.73,0
81.12,16.97,34.28,3.11,mid_season,sandy,22.15,0
70.07,29.66,69.01,3.25,initial,loamy,6.39,0
54.29,20.66,46.05,3.26,initial,loamy,0.8,0
59.5,16.0,65.15,4.0,mid_season,sandy,22.9,0
36.34,27.06,74.5,5.03,late,clay,13.21,0
40.9,30.75,63.96,5.73,mid_season,loamy,8.37,0
66.34,17.92,40.92,4.38,mid_season,clay,7.01,0
76.66,25.1,71.37,3.46,mid_season,clay,1.16,0
22.79,32.51,82.17,4.91,development,loamy,19.7,0
64.62,24.37,70.5,5.93,development,sandy,3.95,0
66.76,23.49,55.45,4.44,late,sandy,15.75,0
54.02,29.96,34.56,5.09,development,clay,9.81,0
45.04,16.51,62.63,4.86,mid_season,clay,19.85,0
53.57,13.3,32.27,4.69,initial,clay,17.51,0
40.72,24.76,71.56,4.45,initial,loamy,11.21,0
36.53,29.49,42.28,4.1,initial,loamy,11.25,0
75.29,16.89,69.16,4.07,initial,clay,5.36,0
74.96,25.22,33.31,4.36,development,sandy,18.65,0
71.99,32.48,38.82,1.48,mid_season,sandy,6.26,0
43.85,13.53,55.07,3.95,mid_season,clay,7.52,0
61.62,12.53,69.3,4.48,initial,sandy,0.34,0
50.41,25.94,69.51,3.0,initial,clay,10.79,0
70.93,29.77,48.03,3.44,development,loamy,7.71,0
67.34,12.94,58.97,6.18,initial,loamy,6.12,0
56.56,33.55,75.77,3.23,late,loamy,5.51,0
64.8,12.27,34.97,4.93,initial,loamy,4.34,0
73.72,15.73,53.89,3.97,mid_season,sandy,5.71,0
40.74,18.0,57.76,4.03,development,sandy,6.39,0
66.42,30.04,66.0,0,late,sandy,0,0
53.89,27.85,70.66,5.67,development,clay,7.14,0
64.39,26.13,65.69,3.62,development,loamy,0.88,0
19.43,15.42,41.51,4.11,late,clay,13.58,0
59.09,22.01,67.26,4.39,initial,loamy,1.57,0
36.06,31.25,65.99,3.19,initial,loamy,8.12,0
67.63,24.76,47.56,0,development,clay,0,0
71.02,17.12,57.58,4.9,development,sandy,15.45,0
91.75,15.31,84.67,0,mid_season,sandy,0,0
45.88,16.2,70.26,4.7,late,clay,12.44,0
73.45,19.59,81.93,3.75,late,clay,4.24,0
80.16,28.07,75.75,4.95,mid_season,clay,24.76,0
61.67,17.28,77.48,0,mid_season,sandy,0,0
57.93,18.54,77.29,4.26,initial,clay,11.23,0
62.52,33.84,75.11,3.98,development,sandy,3.8,0
68.6,31.07,30.35,4.13,mid_season,sandy,7.83,0
41.65,12.75,50.14,0,late,clay,0,1
56.41,22.48,39.19,4.87,mid_season,sandy,6.07,0
59.43,23.16,42.16,6.69,development,clay,6.72,0
44.04,27.02,54.94,4.66,development,sandy,11.63,0
69.85,17.7,61.45,2.93,initial,sandy,1.51,0
46.04,14.83,76.7,4.52,initial,clay,2.28,0
70.09,14.53,51.24,4.28,initial,sandy,16.98,0
68.2,23.74,54.13,3.87,mid_season,loamy,6.37,0
49.76,17.48,48.14,3.44,late,sandy,9.35,0
32.11,16.07,44.25,4.58,mid_season,loamy,14.8,0
63.56,17.51,50.74,4.03,late,loamy,9.36,0
62.21,25.85,45.84,3.14,development,sandy,5.66,0
54.9,32.42,35.79,4.37,mid_season,clay,14.54,0
35.47,26.54,56.66,2.77,development,clay,10.35,0
74.87,28.09,42.78,4.4,initial,sandy,4.88,0
46.98,23.5,43.52,4.21,mid_season,loamy,10.89,0
54.29,26.04,53.71,5.65,initial,sandy,10.44,0
18.02,23.19,70.26,3.51,late,loamy,7.99,0
60.47,16.23,61.16,0,initial,clay,0,0
42.7,18.44,69.89,0,late,loamy,0,1
66.39,18.55,73.74,3.78,development,sandy,0.04,0
55.12,33.66,32.26,4.32,mid_season,loamy,11.63,0
52.86,27.14,82.24,5.87,mid_season,clay,15.25,0
57.92,27.2,30.85,4.75,mid_season,loamy,25.04,0
41.31,33.11,82.41,4.47,mid_season,loamy,14.02,0
33.1,18.52,63.73,4.25,initial,sandy,3.31,0
92.17,26.61,84.61,0,initial,loamy,0,0
56.51,31.02,38.57,0,development,clay,0,0
27.7,33.39,60.41,4.64,development,clay,5.39,0
43.44,33.37,68.89,3.98,late,clay,0.03,0
31.63,21.86,62.86,5.21,mid_season,loamy,11.46,0
71.25,12.62,39.08,3.3,mid_season,sandy,0.35,0
31.88,33.29,65.66,4.08,development,sandy,11.43,0
49.17,16.62,51.22,4.67,mid_season,clay,13.21,0
47.43,15.34,70.18,4.13,development,clay,15.09,0
83.79,32.36,74.92,4.37,mid_season,sandy,8.89,0
66.9,28.0,70.08,3.98,initial,clay,8.86,0
58.52,27.77,71.9,4.12,late,loamy,9.74,0
69.09,19.05,51.05,2.71,mid_season,clay,14.4,0
24.72,27.14,76.57,0,initial,clay,0,0
46.53,16.51,80.71,5.21,initial,clay,3.29,0
53.33,30.89,53.91,3.25,mid_season,sandy,5.2,0
25.29,32.82,59.64,5.17,late,clay,0.89,0
35.79,24.98,49.94,2.85,late,clay,0.29,0
53.92,19.3,68.13,3.7,initial,loamy,1.13,0
54.39,20.83,57.99,4.98,late,clay,17.78,0
56.69,26.61,42.06,4.33,development,sandy,3.99,0
55.64,22.42,40.3,3.67,initial,clay,13.7,0
69.74,29.23,80.46,4.24,late,clay,9.58,0
54.94,31.07,48.55,3.44,initial,loamy,4.64,0
49.18,22.18,40.85,3.91,development,clay,15.49,0
52.59,29.66,70.87,2.63,initial,sandy,17.22,0
46.34,12.37,42.9,4.98,development,sandy,4.66,0
58.96,13.89,43.71,4.01,development,sandy,0.6,0
39.12,16.84,76.33,3.69,late,clay,11.02,0
66.76,16.18,54.5,0.8,development,clay,2.82,0
60.99,24.07,70.92,0,development,loamy,0,0
95,21.71,47.32,3.44,mid_season,loamy,2.04,0
51.54,16.8,35.2,1.99,initial,sandy,7.81,0
52.43,29.21,80.26,2.33,development,loamy,14.83,0
63.47,17.32,79.46,3.2,development,sandy,2.87,0
92.79,13.73,54.9,5.09,initial,clay,16.09,0
79.99,16.09,59.94,0,development,clay,0,0
37.34,30.93,53.93,4.69,development,clay,15.54,0
53.39,27.54,44.82,5.68,late,loamy,10.13,0
81.35,12.17,64.98,5.97,development,clay,11.52,0
44.97,31.08,41.09,2.65,development,clay,13.53,0
63.79,13.69,41.61,3.21,initial,sandy,20.55,0
41.55,26.75,72.02,3.63,initial,clay,14.88,0
69.46,27.76,77.15,1.44,initial,loamy,12.45,0
46.81,25.03,67.1,3.06,initial,loamy,12.78,0
64.83,30.52,83.11,5.37,mid_season,clay,14.71,0
80.08,18.29,48.22,4.95,mid_season,clay,7.72,0
34.43,26.0,53.64,4.39,development,loamy,6.09,0
14.7,26.55,57.8,3.26,mid_season,clay,14.42,0
65.77,14.94,37.32,2.24,development,clay,7.54,0
42.46,20.98,54.14,2.88,development,loamy,11.0,0
49.64,14.38,41.42,2.92,late,sandy,7.66,0
68.17,12.05,53.9,0,mid_season,sandy,0,0
66.61,19.64,35.67,4.24,initial,loamy,8.79,0
80.1,17.38,60.96,5.13,mid_season,sandy,3.01,0
80.12,22.55,71.89,4.18,initial,clay,17.35,0
49.09,30.56,81.53,2.36,initial,loamy,15.05,0
67.1,24.6,79.52,3.64,development,clay,2.88,0
55.36,28.56,56.35,5.24,mid_season,clay,8.14,0
22.84,15.54,37.26,3.22,development,clay,19.44,0
64.89,33.67,81.33,0,initial,clay,0,0
58.07,24.4,56.27,6.32,late,sandy,2.75,0
45.61,24.88,64.68,4.79,initial,clay,13.32,0
39.53,17.07,42.41,4.43,initial,loamy,11.83,0
55.69,23.52,55.7,3.82,development,clay,9.79,0
31.5,31.89,81.93,5.39,initial,sandy,0.81,0
71.98,17.05,78.4,4.83,late,sandy,5.34,0
72.03,13.64,77.45,0,development,loamy,0,0
67.91,23.63,79.98,3.77,mid_season,sandy,18.63,0
39.56,33.42,50.92,2.88,mid_season,sandy,15.76,0
46.75,28.27,39.08,2.81,development,sandy,1.38,0
43.95,12.34,73.01,2.62,initial,clay,7.53,0
40.34,30.11,73.43,0,late,clay,0,1
49.48,18.78,64.3,1.65,development,loamy,6.04,0
50.41,16.97,37.95,5.19,development,sandy,0.1,0
90.35,30.01,70.64,4.9,late,sandy,12.78,0
47.88,12.11,73.11,3.52,initial,loamy,3.72,0
23.12,12.75,34.03,4.75,initial,sandy,4.51,0
78.46,13.12,61.71,4.28,development,loamy,13.05,0
49.21,27.3,61.45,3.75,initial,loamy,5.35,0
36.79,12.29,32.58,0,development,clay,0,1
49.0,24.84,66.65,4.2,mid_season,sandy,13.66,0
7.62,26.02,77.76,0,initial,sandy,0,0
72.56,19.48,39.85,5.01,late,clay,7.56,0
66.53,15.06,45.12,3.9,development,loamy,8.58,0
57.63,12.23,76.87,4.53,development,loamy,8.0,0
75.54,30.14,32.4,0,initial,sandy,0,0
77.32,16.96,68.42,1.49,development,sandy,1.9,0
63.22,23.35,55.6,2.18,late,sandy,16.91,0
95,23.89,83.42,3.75,development,sandy,20.94,0
37.4,12.54,33.37,4.73,initial,clay,1.52,0
61.0,23.15,71.67,5.54,mid_season,loamy,13.33,0
66.08,15.4,68.97,3.48,initial,clay,14.05,0
34.08,30.9,36.82,3.53,late,loamy,23.89,0
65.98,28.72,63.97,1.74,late,loamy,17.07,0
41.8,33.72,66.2,3.68,development,loamy,8.62,0
42.73,30.95,49.53,3.53,initial,sandy,9.25,0
45.31,29.24,56.37,5.44,mid_season,clay,3.4,0
41.66,31.0,64.18,3.02,initial,clay,5.76,0
57.23,17.8,80.46,4.86,late,sandy,3.79,0
39.95,28.24,80.63,3.21,mid_season,loamy,18.07,0
71.15,17.13,32.13,3.85,initial,loamy,3.27,0
79.68,26.42,32.5,3.73,development,clay,12.95,0
61.53,23.26,44.92,0,late,sandy,0,0
23.03,26.5,40.35,0,initial,clay,0,1
78.99,32.73,65.66,3.32,development,clay,8.14,0
92.99,19.32,83.3,4.96,mid_season,loamy,20.95,0
21.58,26.41,48.96,2.42,late,loamy,8.18,0
57.43,19.11,79.52,2.9,mid_season,loamy,6.17,0
69.92,32.09,74.77,3.49,mid_season,sandy,14.57,0
81.23,15.41,75.69,0.76,mid_season,sandy,14.97,0
48.71,31.51,54.26,4.08,development,loamy,17.43,0
55.16,19.38,78.19,4.6,late,loamy,2.42,0
65.21,30.77,83.96,2.74,mid_season,sandy,20.65,0
44.18,20.44,36.06,3.59,mid_season,loamy,7.19,0
45.67,30.58,57.81,5.29,late,loamy,12.37,0
46.95,30.69,42.56,3.2,initial,clay,8.77,0
31.68,30.95,60.39,3.03,late,clay,10.76,0
25.66,21.4,41.13,3.78,initial,clay,17.33,0
78.92,28.14,73.58,4.64,late,loamy,8.51,0
42.42,14.83,42.61,3.29,late,clay,6.1,0
62.62,20.31,58.97,3.72,late,sandy,8.77,0
22.92,28.54,65.32,0,initial,sandy,0,0
46.78,17.75,43.97,3.6,initial,loamy,2.13,0
32.94,13.26,39.59,0,development,loamy,0,1
42.61,14.01,84.1,0,development,sandy,0,0
61.5,19.2,44.6,4.39,initial,sandy,2.88,0
47.57,15.29,49.56,4.73,late,sandy,3.97,0
69.04,26.93,67.87,4.3,late,clay,8.8,0
78.77,26.43,71.53,4.73,development,loamy,8.51,0
71.41,17.08,35.27,2.32,development,clay,12.47,0
18.32,21.21,81.96,4.29,initial,sandy,8.67,0
60.99,32.2,68.31,1.87,development,clay,0.98,0
66.75,24.82,42.96,3.53,initial,sandy,10.2,0
73.86,13.97,64.07,3.75,initial,sandy,9.35,0
22.5,17.25,81.79,4.31,late,loamy,10.01,0
46.78,16.04,58.97,3.22,mid_season,sandy,15.33,0
5,28.51,57.45,2.09,late,sandy,6.74,0
86.19,13.68,49.95,4.9,initial,sandy,10.93,0
54.68,25.53,82.03,4.26,late,sandy,15.31,0
69.0,13.79,52.95,4.78,mid_season,clay,9.57,0
58.38,18.57,55.33,5.78,mid_season,clay,1.61,0
70.23,20.09,56.16,6.15,late,loamy,7.54,0
69.5,20.61,52.55,2.79,mid_season,clay,8.47,0
38.44,23.27,63.84,1.74,development,clay,6.2,0
76.23,18.62,63.56,0,development,sandy,0,0
74.79,33.63,60.71,3.36,mid_season,sandy,9.82,0
61.02,14.9,63.13,4.59,late,loamy,11.37,0
69.69,13.09,52.9,2.06,development,clay,26.39,0
42.27,28.78,53.21,5.42,mid_season,clay,7.47,0
76.21,21.99,84.55,3.78,initial,sandy,0.29,0
74.7,21.57,48.71,3.49,late,clay,17.2,0
41.66,15.65,66.77,3.18,development,loamy,1.2,0
67.75,33.19,42.73,3.38,initial,loamy,1.62,0
60.53,27.19,78.17,3.07,mid_season,clay,15.25,0
48.34,16.26,55.88,5.94,mid_season,clay,6.41,0
67.95,13.68,48.75,4.59,late,loamy,11.25,0
75.44,31.84,52.68,4.8,initial,sandy,5.05,0
67.01,32.28,52.2,5.67,development,sandy,8.42,0
70.34,27.49,34.86,4.88,mid_season,clay,9.9,0
57.3,16.8,46.48,4.8,initial,sandy,19.22,0
53.8,27.19,32.53,4.43,late,clay,9.63,0
72.62,12.65,37.87,2.05,late,loamy,3.75,0
23.37,31.08,75.26,5.67,late,clay,6.77,0
40.23,31.93,79.57,1.99,late,clay,15.25,0
28.67,30.49,35.72,3.31,mid_season,sandy,6.02,0
47.5,29.4,83.83,0,late,loamy,0,1
49.92,29.37,34.07,3.34,mid_season,sandy,0.62,0
43.8,13.18,75.89,4.25,initial,clay,5.99,0
64.46,24.52,36.38,2.3,development,loamy,3.19,0
78.55,14.71,55.87,5.67,development,sandy,15.45,0
55.07,33.28,66.88,0,initial,clay,0,0
70.69,13.77,38.52,4.77,initial,clay,12.48,0
53.75,32.08,42.21,0,development,sandy,0,1
79.1,32.95,36.08,4.2,development,sandy,7.56,0
30.07,31.17,50.81,0,late,sandy,0,1
75.46,20.01,62.41,2.88,late,sandy,10.63,0
75.16,23.91,44.45,5.14,mid_season,loamy,7.64,0
53.86,13.0,52.62,4.97,mid_season,loamy,17.32,0
51.94,30.61,48.71,3.79,late,clay,2.38,0
63.89,16.31,73.31,3.8,late,sandy,12.75,0
48.54,15.87,44.22,3.97,late,sandy,9.68,0
42.87,19.86,42.57,0,initial,clay,0,0
52.09,24.56,53.53,3.39,initial,clay,9.69,0
24.5,17.05,72.5,5.04,initial,loamy,7.49,0
71.52,30.32,46.46,4.99,mid_season,sandy,15.63,0
28.38,27.05,40.38,3.15,late,loamy,12.13,0
68.66,32.88,46.76,4.81,development,sandy,4.76,0
47.91,30.17,81.66,5.07,mid_season,sandy,3.84,0
63.37,18.86,83.62,3.55,late,loamy,10.41,0
50.08,17.69,77.07,2.68,mid_season,loamy,6.29,0
45.75,23.58,60.39,3.35,initial,sandy,7.09,0
16.57,33.93,59.82,4.09,mid_season,clay,6.9,0
27.58,28.96,35.47,3.15,late,sandy,12.76,0
70.71,19.81,63.77,5.1,initial,loamy,7.91,0
63.55,30.1,80.27,3.54,mid_season,sandy,4.72,0
56.5,24.52,42.56,2.48,development,clay,13.4,0
44.43,32.15,51.14,6.12,initial,clay,17.44,0
63.1,23.41,83.26,3.91,mid_season,clay,2.59,0
36.87,27.24,48.63,4.68,mid_season,clay,15.5,0
60.94,24.5,81.2,4.87,mid_season,loamy,19.87,0
16.55,18.43,54.95,4.76,initial,clay,7.34,0
48.01,26.79,68.85,3.84,initial,sandy,4.91,0
36.64,25.76,60.61,3.27,development,loamy,10.27,0
72.75,17.7,75.23,0,development,clay,0,0
34.02,28.51,68.1,3.21,development,loamy,12.29,0
83.97,17.67,80.71,5.06,late,loamy,12.4,0
53.91,21.06,75.44,3.68,late,clay,13.98,0
70.68,12.09,30.06,4.81,development,sandy,17.77,0
49.42,23.64,64.38,3.58,mid_season,clay,9.85,0
26.57,27.04,32.93,2.1,mid_season,sandy,4.02,0
58.18,13.54,54.18,0,initial,loamy,0,0
41.72,33.35,75.02,3.08,development,loamy,21.49,0
73.04,33.81,83.59,2.43,initial,clay,0.47,0
37.88,12.31,39.29,4.14,development,loamy,18.26,0
69.21,33.02,39.65,0,initial,sandy,0,0
33.8,29.7,68.22,4.52,initial,loamy,7.87,0
65.44,20.32,75.07,0,mid_season,clay,0,0
32.29,23.82,42.09,4.73,initial,sandy,4.41,0
55.78,30.97,77.84,2.73,initial,loamy,9.89,0
30.86,23.77,30.63,5.88,development,sandy,0.44,0
57.28,28.26,65.79,3.08,late,clay,0.99,0
68.22,21.39,31.93,4.04,initial,loamy,2.96,0
38.84,29.22,58.85,4.79,development,loamy,0.59,0
53.85,22.42,79.9,5.65,late,sandy,11.82,0
61.11,17.06,61.68,5.75,initial,clay,11.67,0
11.05,14.46,68.61,4.41,mid_season,sandy,1.74,0
57.84,31.02,44.35,3.87,late,sandy,12.69,0
48.97,30.48,32.32,4.72,initial,loamy,20.56,0
81.11,27.94,82.83,3.93,late,loamy,12.82,0
40.68,28.02,83.67,4.06,mid_season,loamy,15.84,0
50.37,29.59,40.62,4.8,initial,sandy,7.92,0
45.55,20.94,53.95,4.17,initial,loamy,6.85,0
53.78,27.09,59.06,4.7,late,sandy,11.72,0
51.5,31.18,52.19,4.04,initial,loamy,4.63,0
51.17,22.31,49.79,4.57,mid_season,clay,29.34,0
36.86,25.63,35.52,4.39,mid_season,sandy,12.16,0
55.28,19.27,74.62,3.86,late,loamy,1.82,0
58.69,22.99,69.65,5.52,late,loamy,2.54,0
51.46,13.61,40.73,4.75,initial,loamy,5.88,0
53.79,27.28,75.06,4.59,mid_season,loamy,20.51,0
78.28,30.24,57.37,0,late,loamy,0,0
44.97,20.27,84.73,4.39,mid_season,clay,7.01,0
54.58,18.21,71.13,3.61,late,sandy,7.0,0
89.49,29.71,53.0,0,development,clay,0,0
78.4,16.47,62.32,0,development,loamy,0,0
63.38,30.32,39.78,3.64,development,clay,16.83,0
61.66,19.26,52.08,4.94,late,sandy,11.53,0
41.98,21.69,75.67,0,development,clay,0,1
57.16,17.64,75.49,4.78,late,loamy,17.05,0
50.62,15.5,74.08,2.69,mid_season,sandy,6.52,0
74.85,23.26,82.38,0.62,initial,clay,7.2,0
23.34,32.19,62.94,4.05,development,sandy,18.1,0
27.21,25.55,57.53,3.54,development,loamy,14.48,0
71.16,12.11,31.6,4.46,mid_season,loamy,4.9,0
58.28,31.8,72.87,4.32,development,clay,15.62,0
61.76,31.06,31.07,4.84,mid_season,clay,19.68,0
47.62,26.45,58.02,3.75,late,sandy,5.41,0
50.44,27.98,48.26,2.4,initial,loamy,10.23,0
64.92,21.04,30.9,0,mid_season,loamy,0,0
57.7,31.39,42.36,3.73,development,sandy,22.55,0
56.08,30.52,49.54,5.11,development,sandy,0.0,0
66.21,32.96,48.87,4.33,development,clay,7.93,0
41.0,21.48,30.92,0,initial,sandy,0,0
34.45,28.08,60.74,2.88,late,sandy,9.84,0
59.62,30.17,47.22,2.45,development,loamy,5.21,0
66.16,16.38,40.61,0,late,loamy,0,0
47.48,31.11,80.5,3.3,initial,sandy,8.22,0
40.9,22.53,69.58,6.4,mid_season,loamy,7.09,0
73.63,26.26,78.9,0,initial,clay,0,0
35.58,30.61,84.03,5.35,late,sandy,1.25,0
57.78,22.39,54.19,3.13,development,clay,17.56,0
36.69,14.16,72.58,3.07,development,clay,15.2,0
42.17,31.66,30.3,3.92,mid_season,clay,15.91,0
77.0,25.86,40.29,5.0,development,sandy,8.78,0
47.21,27.52,38.34,0,initial,sandy,0,1
44.49,21.26,54.96,4.63,late,loamy,4.87,0
65.72,26.8,47.48,3.74,development,loamy,0.36,0
68.33,15.67,73.6,3.06,mid_season,sandy,0.48,0
53.03,21.39,34.2,4.13,development,clay,14.27,0
52.01,13.72,54.3,3.92,late,loamy,9.1,0
91.9,31.65,67.93,0,late,clay,0,0
45.24,26.02,60.48,3.35,late,clay,4.21,0
35.33,17.16,78.88,0,initial,loamy,0,0
43.09,31.5,43.45,3.74,initial,loamy,14.22,0
66.62,30.14,54.5,3.65,initial,loamy,9.6,0
45.04,31.99,64.5,3.48,mid_season,loamy,15.84,0
35.55,22.38,70.19,0,development,clay,0,1
56.14,33.85,82.45,4.1,initial,clay,14.21,0
41.82,21.95,69.65,6.48,development,sandy,21.55,0
45.15,23.1,78.3,4.99,development,clay,5.44,0
51.46,17.56,63.86,3.6,development,loamy,7.05,0
40.07,30.46,48.67,1.52,development,clay,19.43,0
40.24,21.75,71.02,5.01,late,loamy,7.11,0
55.53,21.44,36.58,2.5,late,loamy,11.11,0
77.34,33.61,44.24,5.34,development,loamy,6.07,0
28.04,15.24,77.69,5.61,late,sandy,15.56,0
14.79,31.64,80.97,4.55,development,sandy,8.95,0
42.49,19.03,54.35,4.64,initial,loamy,2.28,0
69.9,13.46,48.19,3.05,late,clay,8.11,0
67.35,28.26,74.58,5.06,mid_season,loamy,19.44,0
28.01,21.97,50.21,4.39,late,clay,0.67,0
26.72,28.46,73.6,5.84,mid_season,clay,22.53,0
74.34,15.71,79.46,4.34,development,loamy,4.36,0
95,31.16,35.65,0,initial,clay,0,0
50.57,13.05,36.51,5.12,mid_season,clay,7.77,0
59.26,25.93,58.33,2.07,development,sandy,5.96,0
32.03,22.39,62.75,4.07,mid_season,loamy,12.03,0
15.93,25.03,62.11,3.37,late,loamy,1.65,0
50.87,13.17,81.02,3.43,mid_season,sandy,11.93,0
57.04,33.71,53.41,4.23,initial,sandy,6.8,0
66.16,33.49,80.39,0,initial,clay,0,0
47.24,23.94,51.54,2.88,late,sandy,18.72,0
95,15.67,63.75,3.51,initial,loamy,12.58,0
54.3,32.0,45.1,4.49,late,clay,7.55,0
56.87,17.98,46.1,3.22,mid_season,sandy,17.1,0
54.97,26.18,71.98,3.19,initial,sandy,11.0,0
42.26,30.34,35.9,1.94,mid_season,loamy,7.49,0
87.13,13.9,49.88,5.1,mid_season,clay,9.43,0
54.99,17.38,72.92,2.62,initial,loamy,5.05,0
44.36,25.76,30.25,0,development,loamy,0,1
77.66,32.82,71.3,5.94,development,loamy,3.9,0
60.94,33.75,39.94,2.86,development,sandy,5.49,0
62.91,20.96,60.42,2.7,initial,clay,7.28,0
65.05,31.39,79.65,4.68,initial,loamy,4.91,0
39.19,14.72,43.8,4.3,mid_season,sandy,17.74,0
63.22,25.62,81.1,2.76,mid_season,sandy,4.63,0
54.66,13.1,45.3,0,late,clay,0,0
66.25,22.12,40.33,2.84,mid_season,clay,18.9,0
53.03,26.98,71.8,3.41,late,clay,10.65,0
24.93,28.4,71.11,2.5,late,sandy,4.46,0
58.0,15.5,47.95,3.82,mid_season,loamy,13.28,0
32.06,27.34,77.23,4.6,mid_season,loamy,7.68,0
54.42,33.64,35.51,3.49,development,loamy,3.59,0
76.3,32.41,79.06,5.45,initial,sandy,5.85,0
68.19,26.18,81.85,0,late,loamy,0,0
36.41,19.81,78.41,5.28,late,loamy,16.08,0
31.96,27.99,73.92,5.06,development,clay,8.4,0
79.03,24.77,53.61,5.51,development,loamy,8.55,0
35.21,18.23,30.79,3.1,initial,loamy,14.13,0
65.45,20.49,38.01,3.75,initial,clay,3.02,0
43.72,31.97,37.81,3.7,initial,loamy,17.02,0
53.47,13.3,33.73,0,late,sandy,0,1
64.56,16.02,57.49,4.02,development,sandy,14.2,0
72.49,19.34,39.31,4.52,late,loamy,7.87,0
54.43,12.66,39.86,4.65,development,loamy,20.7,0
37.07,20.71,74.33,5.63,development,sandy,9.05,0
40.0,17.75,38.99,3.5,mid_season,clay,8.02,0
29.62,27.24,50.01,4.92,initial,clay,7.93,0
30.58,20.91,69.67,4.8,late,loamy,27.01,0
69.9,20.04,60.07,3.83,mid_season,clay,22.84,0
52.28,19.07,47.14,5.27,development,loamy,13.18,0
34.3,12.57,36.91,0,late,loamy,0,1
68.08,18.03,83.85,4.06,development,loamy,7.76,0
81.17,25.31,46.58,3.06,mid_season,sandy,14.68,0
55.29,12.61,30.6,4.37,initial,sandy,11.66,0
54.5,27.73,34.53,0,initial,loamy,0,0
63.48,32.6,74.84,3.04,initial,sandy,8.49,0
57.21,18.08,41.45,3.56,development,loamy,14.59,0
25.56,16.48,40.11,0,development,loamy,0,1
64.54,20.2,30.43,0,initial,sandy,0,0
94.59,14.55,58.29,3.48,development,sandy,8.15,0
60.9,32.09,57.84,3.4,late,clay,10.7,0
62.64,21.07,53.93,3.25,initial,clay,4.01,0
62.33,28.94,60.07,4.39,late,sandy,14.0,0
62.55,29.63,52.94,1.89,initial,clay,6.59,0
72.41,29.08,34.76,3.53,development,loamy,13.16,0
40.76,33.57,46.51,3.71,late,loamy,11.12,0
49.94,20.81,58.56,4.82,development,loamy,19.4,0
23.07,28.99,50.76,5.11,initial,clay,4.55,0
50.7,28.99,37.52,3.53,late,sandy,13.65,0
47.12,28.41,45.46,0,initial,clay,0,0
66.51,32.47,32.26,5.67,mid_season,loamy,21.74,0
46.43,26.41,70.05,3.96,late,loamy,3.18,0
47.75,15.83,80.33,3.33,development,loamy,10.97,0
50.32,33.95,81.42,3.04,mid_season,loamy,4.67,0
44.85,18.49,49.27,4.08,development,sandy,5.32,0
71.33,28.98,69.26,0,development,sandy,0,0
85.79,15.58,32.74,5.14,mid_season,clay,11.9,0
57.57,32.88,61.36,5.01,late,clay,13.5,0
60.28,12.92,55.82,4.57,late,clay,1.74,0
52.64,28.83,56.77,3.48,development,loamy,6.9,0
64.17,16.31,61.5,5.4,development,loamy,6.26,0
51.86,19.01,31.95,3.71,development,clay,12.28,0
70.69,31.14,68.87,0,development,sandy,0,0
51.25,25.76,34.03,2.99,initial,loamy,2.54,0
40.16,28.66,34.98,3.66,development,loamy,2.61,0
60.16,12.59,75.72,0,mid_season,loamy,0,0
62.69,31.06,51.43,0,mid_season,sandy,0,0
80.91,16.86,83.79,3.49,initial,sandy,11.48,0
44.27,27.41,38.17,3.79,mid_season,loamy,6.33,0
30.34,18.09,75.36,5.34,development,sandy,16.14,0
77.06,27.51,78.73,3.08,mid_season,loamy,5.49,0
70.16,30.63,73.68,4.83,late,clay,15.92,0
79.22,25.7,74.21,7.11,mid_season,sandy,13.7,0
46.26,14.83,42.92,0,initial,loamy,0,0
35.5,14.23,55.37,5.76,late,loamy,15.08,0
47.49,26.77,76.91,2.13,mid_season,loamy,4.54,0
46.16,13.54,76.62,4.57,mid_season,clay,21.27,0
75.94,29.48,30.51,4.19,initial,sandy,9.63,0
46.95,15.56,50.27,6.05,development,clay,1.89,0
88.09,23.2,34.64,0,development,sandy,0,0
79.9,20.3,66.67,3.57,initial,loamy,5.91,0
59.59,33.34,54.37,2.52,initial,clay,4.96,0
56.33,20.86,52.66,4.88,initial,loamy,3.5,0
85.26,23.22,44.75,3.39,late,sandy,17.52,0
71.04,31.48,71.79,4.42,late,sandy,19.42,0
39.99,32.97,60.21,0,initial,clay,0,1
48.17,32.24,50.16,3.31,initial,loamy,4.68,0
67.2,18.86,74.67,2.81,initial,sandy,7.01,0
52.97,29.25,60.77,2.38,development,loamy,5.73,0
69.14,25.53,83.64,2.64,development,loamy,15.26,0
77.53,32.46,81.62,0,mid_season,loamy,0,0
60.24,22.58,38.14,6.44,late,clay,1.03,0
56.37,28.48,39.35,4.88,initial,loamy,1.82,0
62.53,25.17,50.32,4.12,initial,sandy,1.45,0
85.28,31.06,48.85,4.79,initial,clay,10.23,0
63.24,12.36,40.05,5.16,development,sandy,8.36,0
39.35,29.43,42.11,4.86,initial,clay,0.97,0
47.77,12.03,75.2,3.66,late,loamy,10.85,0
34.91,15.03,54.46,2.89,late,loamy,9.34,0
88.53,32.66,67.94,0,initial,sandy,0,0
32.78,12.61,83.4,4.57,mid_season,loamy,3.22,0
72.56,22.14,69.1,3.01,late,sandy,14.41,0
52.32,14.13,31.39,4.78,development,loamy,8.74,0
40.4,24.49,59.45,3.4,mid_season,loamy,24.65,0
31.65,25.83,70.58,3.26,initial,clay,16.34,0
63.01,19.19,30.65,3.53,late,loamy,2.25,0
32.22,33.71,43.58,5.47,development,loamy,0.09,0
95,23.72,32.51,2.77,initial,loamy,8.0,0
40.82,29.31,43.72,4.69,initial,loamy,1.18,0
51.25,22.42,43.82,4.95,development,sandy,9.38,0
73.02,29.14,69.6,1.7,mid_season,sandy,8.63,0
71.28,26.13,77.45,4.62,late,clay,7.34,0
64.27,24.1,53.82,5.84,late,clay,8.89,0
83.47,32.11,50.94,4.95,development,sandy,12.3,0
73.72,24.65,43.33,2.89,late,clay,4.86,0
79.42,29.1,78.3,2.43,mid_season,clay,22.37,0
61.94,19.78,67.27,5.2,late,sandy,24.35,0
75.95,15.35,81.45,0,mid_season,loamy,0,0
30.49,25.2,64.24,2.73,mid_season,sandy,5.77,0
62.67,24.29,44.22,2.18,development,loamy,14.48,0
44.83,30.35,57.34,4.07,initial,clay,3.29,0
67.18,17.31,68.44,2.7,initial,clay,6.67,0
86.43,25.94,60.38,4.9,mid_season,clay,4.05,0
68.1,31.97,77.71,3.73,mid_season,sandy,20.71,0
65.43,18.02,80.31,5.0,mid_season,sandy,12.24,0
67.44,19.24,34.07,3.52,development,clay,19.09,0
68.21,19.62,62.16,4.06,late,clay,7.05,0
80.07,14.55,40.36,7.21,late,loamy,10.09,0
58.38,29.27,79.97,2.99,development,clay,1.03,0
49.04,12.27,73.04,4.45,mid_season,loamy,6.92,0
58.55,23.4,49.81,0,development,clay,0,0
85.76,29.69,73.88,2.83,late,clay,11.1,0
68.57,13.79,77.76,4.43,mid_season,sandy,12.09,0
37.25,28.18,52.17,3.36,late,clay,10.84,0
45.84,17.28,83.86,4.59,development,loamy,18.01,0
67.06,26.31,41.23,4.75,late,loamy,19.04,0
55.78,30.12,74.33,5.05,development,clay,4.83,0
61.46,18.33,61.89,0,initial,sandy,0,0
37.89,26.9,68.53,6.01,late,loamy,8.67,0
65.88,18.69,70.5,0,mid_season,sandy,0,0
46.12,27.31,46.6,3.47,initial,loamy,11.37,0
63.24,32.53,75.4,4.24,initial,clay,20.94,0
83.87,27.42,81.43,3.53,late,clay,22.17,0
57.36,23.55,67.83,6.04,initial,sandy,0.01,0
27.47,22.89,68.15,3.79,initial,clay,11.84,0
60.1,31.73,43.41,0,development,loamy,0,0
88.05,29.07,57.83,2.12,late,loamy,6.53,0
47.15,20.51,31.4,0,initial,loamy,0,0
77.45,24.68,81.57,5.46,initial,loamy,7.75,0
67.1,24.71,51.99,4.29,mid_season,clay,2.39,0
53.25,21.37,43.7,0,late,sandy,0,1
49.26,14.56,79.26,3.52,mid_season,sandy,12.28,0
80.41,30.47,67.29,4.15,initial,loamy,1.18,0
34.64,22.09,30.87,3.86,initial,clay,12.15,0
80.62,15.76,60.04,4.75,development,sandy,9.7,0
36.27,28.28,82.54,3.7,initial,sandy,8.59,0
41.81,26.56,36.79,6.16,late,clay,15.03,0
76.5,26.7,47.08,5.52,mid_season,clay,14.99,0
32.12,13.8,52.35,5.16,mid_season,loamy,9.87,0
30.1,21.52,46.92,0,late,clay,0,1
66.15,23.77,81.07,2.81,development,sandy,1.56,0
65.23,17.7,42.99,4.6,late,loamy,5.88,0
73.24,21.51,38.23,2.03,mid_season,sandy,5.14,0
95,28.58,64.12,4.35,mid_season,clay,3.25,0
76.01,33.94,42.5,4.98,mid_season,sandy,7.4,0
67.85,30.42,60.53,2.93,late,clay,2.36,0
87.47,19.23,63.9,3.27,late,clay,7.27,0
59.26,25.81,63.17,5.6,late,clay,11.47,0
54.33,16.03,58.06,0,development,clay,0,0
16.26,24.01,63.53,0,initial,sandy,0,0
41.73,31.44,42.0,3.64,late,loamy,11.79,0
72.46,24.75,69.76,4.84,mid_season,sandy,2.6,0
71.46,27.61,37.45,3.24,late,sandy,0.64,0
38.83,25.75,32.88,4.74,mid_season,clay,25.14,0
61.84,21.64,55.68,4.94,mid_season,loamy,11.9,0
31.5,27.49,62.66,6.17,late,clay,14.38,0
60.13,25.58,51.83,2.89,initial,clay,4.52,0
60.74,12.07,35.21,2.26,late,loamy,7.6,0
58.44,32.05,79.5,4.83,mid_season,loamy,17.36,0
26.2,31.75,81.29,1.89,late,loamy,7.93,0
35.01,18.05,50.16,0,development,sandy,0,1
49.07,24.52,80.32,3.54,mid_season,clay,4.7,0
37.24,25.1,69.65,5.18,mid_season,sandy,3.57,0
46.45,12.03,80.73,4.06,mid_season,clay,14.03,0
42.52,32.63,52.97,4.79,mid_season,clay,15.81,0
78.72,23.48,71.33,4.69,development,clay,4.1,0
42.07,20.27,77.2,4.57,initial,sandy,12.29,0
87.08,21.56,45.95,3.84,late,sandy,11.29,0
45.07,26.68,72.46,3.24,mid_season,clay,5.8,0
69.2,27.77,57.16,2.46,development,loamy,7.36,0
53.91,25.23,33.0,6.92,late,sandy,9.28,0
63.81,25.78,48.27,3.1,mid_season,clay,8.77,0
56.12,21.04,58.43,3.62,initial,clay,13.46,0
69.03,26.47,34.36,3.43,development,sandy,4.96,0
47.54,13.04,31.48,0,development,clay,0,0
37.7,20.17,32.31,5.47,development,loamy,9.9,0
69.4,25.67,69.91,2.12,development,clay,10.33,0
77.77,26.86,30.84,4.37,late,clay,19.53,0
57.62,17.37,41.77,6.84,initial,clay,1.77,0
70.52,28.8,54.74,4.41,initial,clay,14.61,0
53.79,23.67,45.14,3.72,late,sandy,8.54,0
46.04,18.73,76.58,4.8,mid_season,clay,9.86,0
77.71,22.77,57.4,1.55,mid_season,sandy,18.66,0
50.98,23.52,70.68,0,mid_season,loamy,0,1
71.88,27.03,36.8,4.38,late,loamy,4.27,0
37.18,16.51,59.13,4.26,late,clay,0.42,0
76.44,21.07,53.35,4.6,development,clay,4.6,0
67.69,17.54,54.93,5.07,initial,clay,8.01,0
35.17,30.1,41.1,5.69,mid_season,sandy,12.19,0
50.18,23.97,38.51,5.36,initial,sandy,6.02,0
55.45,33.62,72.86,2.99,mid_season,loamy,18.13,0
64.54,13.46,75.06,3.72,initial,clay,3.83,0
64.27,32.89,62.98,0,late,sandy,0,0
54.06,23.82,65.98,4.4,late,loamy,14.98,0
52.81,25.63,55.7,4.77,mid_season,loamy,17.59,0
57.8,12.05,49.3,0,late,sandy,0,1
27.95,23.4,45.37,0,late,loamy,0,1
53.43,30.8,81.71,5.51,development,sandy,2.27,0
53.08,14.51,61.61,4.88,mid_season,loamy,29.11,0
54.17,24.4,78.08,3.32,development,loamy,13.8,0
39.81,20.24,65.2,2.46,mid_season,sandy,14.22,0
61.57,20.75,53.5,4.37,late,sandy,3.99,0
91.12,23.54,48.69,4.68,initial,sandy,6.33,0
33.88,32.55,77.22,3.9,initial,loamy,6.17,0
33.65,25.81,73.1,4.19,initial,sandy,3.02,0
51.44,14.08,50.94,0,initial,clay,0,0
55.28,26.72,64.1,3.95,development,clay,0.9,0
42.6,17.94,69.1,0,initial,loamy,0,0
49.84,20.48,53.36,0,initial,sandy,0,0
83.28,17.4,81.85,5.02,late,clay,7.57,0
77.16,33.73,67.57,2.06,development,loamy,11.66,0
61.77,13.11,30.31,3.85,initial,clay,8.55,0
39.71,33.82,83.82,0,initial,loamy,0,0
63.26,27.46,62.63,2.93,mid_season,loamy,22.36,0
55.47,26.17,43.05,2.83,initial,sandy,2.87,0
53.7,29.86,56.77,4.16,development,sandy,6.76,0
71.1,12.22,84.51,3.72,mid_season,loamy,8.99,0
33.05,22.77,56.11,0,initial,clay,0,0
76.76,33.59,67.88,3.55,late,sandy,14.96,0
69.47,25.41,59.21,4.49,initial,sandy,1.67,0
52.76,27.89,40.61,3.25,mid_season,loamy,11.79,0
58.82,20.48,43.01,3.98,mid_season,loamy,10.27,0
30.25,21.02,74.28,4.1,development,sandy,2.51,0
31.85,31.11,52.63,1.92,development,clay,14.31,0
61.64,25.15,73.87,4.44,initial,sandy,3.72,0
50.82,13.19,35.72,4.41,initial,loamy,4.4,0
72.07,31.46,72.41,0,development,loamy,0,0
64.07,20.29,78.92,4.08,initial,clay,10.86,0
43.65,16.03,43.02,1.75,late,sandy,9.43,0
47.16,23.69,79.62,5.06,development,clay,8.48,0
42.59,15.45,49.31,3.76,late,sandy,3.55,0
69.31,31.06,33.25,4.83,mid_season,sandy,7.51,0
58.04,30.22,40.66,5.89,late,clay,6.23,0
70.03,19.15,38.88,4.71,mid_season,sandy,15.34,0
27.25,29.78,53.67,5.31,late,clay,12.65,0
84.23,15.13,39.95,4.69,mid_season,sandy,13.57,0
57.31,14.66,44.59,4.6,mid_season,sandy,8.12,0
74.05,24.49,51.23,2.55,late,loamy,14.16,0
81.03,13.45,73.06,5.78,late,loamy,0.55,0
54.41,29.89,57.15,4.01,initial,clay,8.73,0
55.38,15.01,51.64,5.11,mid_season,loamy,8.27,0
81.76,19.67,45.4,4.89,late,clay,17.85,0
40.88,30.33,45.59,4.97,development,loamy,16.43,0
66.74,16.78,71.59,4.55,initial,clay,3.28,0
61.61,26.86,78.52,4.6,mid_season,loamy,12.4,0
44.19,15.14,65.2,3.32,mid_season,sandy,8.53,0
59.64,20.84,55.9,4.83,late,clay,12.62,0
17.79,21.4,43.58,4.59,initial,loamy,8.55,0
83.87,22.72,48.14,4.66,initial,sandy,0.49,0
33.21,18.78,41.38,2.6,initial,sandy,5.24,0
64.38,32.19,46.77,2.85,mid_season,sandy,11.57,0
68.9,23.8,58.5,3.33,initial,clay,5.97,0
57.43,15.55,81.14,3.96,initial,sandy,10.61,0
75.52,28.68,56.65,3.37,development,sandy,15.37,0
37.75,12.43,41.38,6.45,development,clay,10.94,0
36.36,27.3,71.4,2.18,development,clay,10.18,0
50.81,21.86,62.16,0,late,clay,0,0
75.94,21.06,81.54,3.66,late,clay,7.24,0
70.53,29.27,47.73,5.32,late,loamy,3.39,0
16.87,26.83,57.24,3.54,mid_season,sandy,7.33,0
42.94,16.46,45.14,4.04,mid_season,loamy,11.59,0
54.51,29.37,75.41,4.01,late,clay,3.92,0
38.27,12.65,74.75,0,initial,clay,0,0
58.27,26.12,61.84,4.05,mid_season,clay,19.97,0
54.58,29.73,64.33,4.81,initial,sandy,7.86,0
40.09,18.77,60.8,5.98,development,loamy,21.78,0
75.46,16.8,69.11,3.82,initial,clay,5.66,0
49.65,32.51,60.97,1.9,development,loamy,16.5,0
20.74,12.41,60.2,0,initial,loamy,0,0
51.37,24.86,61.54,4.66,mid_season,sandy,11.76,0
45.17,17.16,54.65,3.56,initial,sandy,5.0,0
40.02,33.11,68.2,2.86,initial,clay,4.51,0
57.94,19.41,45.66,3.82,mid_season,loamy,10.0,0
51.24,20.88,52.38,3.18,mid_season,loamy,18.15,0
59.36,31.5,54.84,3.22,mid_season,clay,17.81,0
42.9,20.79,64.5,3.51,initial,clay,10.13,0
49.66,23.25,37.13,5.36,mid_season,clay,11.38,0
73.52,26.57,45.94,5.96,initial,loamy,12.67,0
71.8,23.03,42.34,2.67,mid_season,loamy,11.89,0
28.32,18.0,60.57,2.68,late,loamy,3.83,0
77.42,20.18,38.67,4.26,late,sandy,3.67,0
61.14,30.45,78.9,3.35,late,sandy,2.29,0
66.33,21.78,58.64,3.51,mid_season,loamy,2.41,0
48.79,18.18,46.96,3.96,late,clay,18.3,0
44.2,26.42,58.54,3.0,late,clay,6.47,0
55.26,16.57,35.21,3.47,late,clay,20.49,0
72.76,19.34,61.15,4.22,development,loamy,8.03,0
59.25,18.23,54.85,3.11,late,loamy,6.47,0
54.66,29.67,61.12,4.77,mid_season,clay,18.33,0
33.71,19.8,71.65,4.48,development,sandy,6.65,0
63.93,29.63,32.27,2.41,late,loamy,9.51,0
53.42,16.84,62.91,4.49,mid_season,clay,3.53,0
48.42,32.58,83.44,2.76,initial,loamy,5.91,0
52.46,21.29,33.64,4.1,mid_season,loamy,10.21,0
58.9,16.03,30.36,3.26,initial,clay,11.05,0
53.82,12.71,84.07,0,late,loamy,0,0
48.81,20.74,73.53,3.5,mid_season,clay,5.88,0
61.22,21.6,57.18,0,late,sandy,0,0
46.43,21.26,76.41,2.68,development,sandy,4.73,0
70.38,14.04,32.07,3.0,development,clay,9.33,0
95,31.03,80.44,4.33,mid_season,sandy,12.87,0
63.03,33.83,54.3,2.88,late,clay,11.73,0
44.78,30.22,58.09,4.63,late,loamy,9.62,0
75.18,22.15,35.38,3.87,late,loamy,6.88,0
70.02,21.77,50.2,4.58,mid_season,loamy,17.1,0
74.02,15.14,46.43,3.67,initial,loamy,11.28,0
47.51,12.37,62.86,5.34,development,clay,4.2,0
51.65,12.47,67.6,5.43,late,clay,9.77,0
55.74,19.05,47.56,4.0,development,sandy,11.3,0
82.17,31.83,73.27,3.65,mid_season,sandy,11.39,0
53.66,18.51,71.26,3.33,late,sandy,2.78,0
27.65,31.33,51.7,2.21,late,clay,6.24,0
46.08,24.6,35.2,3.43,initial,clay,6.38,0
49.69,27.04,65.46,3.8,late,sandy,4.04,0
77.41,28.94,57.15,3.46,development,clay,2.76,0
74.34,20.5,61.43,5.84,development,clay,16.54,0
51.8,30.11,39.8,4.9,initial,clay,0.5,0
40.75,32.63,54.05,0,initial,loamy,0,1
45.63,30.89,81.55,2.81,mid_season,sandy,8.33,0
53.93,27.63,53.06,2.78,mid_season,clay,20.27,0
68.35,29.19,47.78,0,initial,clay,0,0
40.33,32.86,44.26,3.63,mid_season,loamy,8.5,0
66.76,23.9,45.13,3.81,development,clay,8.18,0
94.1,22.25,66.72,0,initial,sandy,0,0
36.53,12.27,64.77,3.91,development,loamy,2.47,0
38.73,23.61,59.63,4.29,late,clay,9.1,0
34.96,26.4,83.51,2.52,development,clay,7.9,0
60.47,26.6,47.91,4.63,initial,sandy,5.27,0
20.82,25.84,67.46,1.78,mid_season,loamy,20.26,0
83.04,16.52,46.2,5.65,late,clay,6.76,0
63.89,31.44,81.73,4.85,development,sandy,2.59,0
50.15,26.42,76.69,5.41,development,clay,5.96,0
74.73,15.71,76.17,2.59,initial,loamy,0.68,0
54.25,21.72,77.94,5.39,late,clay,5.15,0
32.88,32.73,60.8,3.65,development,clay,5.17,0
23.52,32.25,51.66,4.04,mid_season,sandy,13.17,0
45.83,33.5,76.15,7.11,mid_season,sandy,13.38,0
55.26,18.82,52.89,4.25,mid_season,loamy,8.24,0
48.71,31.0,34.12,4.45,development,clay,13.95,0
46.26,32.66,76.27,4.63,development,loamy,12.68,0
53.36,26.46,68.83,4.26,initial,clay,8.91,0
61.73,17.45,77.51,0,initial,clay,0,0
66.9,28.65,72.02,2.03,late,sandy,9.47,0
42.08,15.06,83.31,3.83,development,sandy,5.88,0
70.73,14.45,64.62,5.57,development,loamy,12.91,0
39.54,23.53,83.45,4.62,mid_season,sandy,14.79,0
84.09,32.28,83.92,3.58,development,clay,11.4,0
32.06,30.21,59.35,5.33,development,loamy,8.81,0
66.75,19.76,34.83,5.45,initial,clay,13.18,0
66.9,17.08,46.51,3.78,mid_season,clay,13.56,0
30.55,25.22,81.31,1.33,late,loamy,5.36,0
32.89,25.99,79.4,2.71,mid_season,clay,18.38,0
95,16.05,74.63,4.04,development,loamy,0.26,0
58.52,17.17,84.17,0,initial,clay,0,0
35.28,29.02,36.6,5.52,development,sandy,6.12,0
42.51,30.93,62.31,3.98,development,sandy,11.94,0
47.63,30.34,40.32,3.7,late,loamy,7.31,0
78.66,12.01,56.77,4.08,late,sandy,6.23,0
33.73,30.97,31.72,4.75,mid_season,sandy,15.07,0
51.58,17.97,68.98,4.69,late,sandy,9.53,0
35.33,12.89,52.04,3.1,development,loamy,17.77,0
63.34,31.97,67.48,3.9,development,loamy,10.59,0
89.55,25.74,73.32,4.04,development,loamy,16.66,0
50.39,29.07,46.11,3.94,late,loamy,9.24,0
71.44,17.22,77.65,3.05,initial,clay,1.37,0
45.98,17.86,46.09,3.33,mid_season,sandy,19.45,0
48.31,26.49,42.38,4.39,initial,clay,6.46,0
84.67,16.79,84.31,2.52,late,loamy,14.81,0
56.8,14.86,68.0,4.04,mid_season,clay,8.65,0
34.79,17.82,49.18,4.77,development,clay,4.87,0
35.12,22.3,32.8,4.65,initial,sandy,11.89,0
57.93,33.51,83.05,4.44,mid_season,sandy,1.83,0
37.74,22.48,73.35,3.97,late,loamy,16.1,0
61.27,19.33,34.34,4.6,late,clay,10.06,0
69.01,23.06,71.62,3.02,development,clay,3.97,0
67.98,29.36,80.16,6.1,mid_season,loamy,8.64,0
68.29,22.94,76.1,0,development,sandy,0,0
62.45,24.02,65.17,3.22,mid_season,sandy,5.21,0
55.99,12.83,84.34,5.45,initial,sandy,5.37,0
64.31,33.3,42.99,2.65,late,sandy,3.48,0
43.46,18.2,51.18,3.99,initial,loamy,4.71,0
65.11,23.31,56.95,3.98,development,sandy,0.13,0
70.1,12.86,74.03,0,development,clay,0,0
46.64,27.02,42.79,3.84,development,loamy,12.34,0
26.17,30.42,41.86,4.11,mid_season,clay,24.65,0
53.43,28.33,77.21,4.3,late,clay,4.54,0
41.2,21.09,32.0,3.01,late,loamy,20.55,0
23.97,15.8,83.51,5.1,late,clay,28.4,0
82.1,33.19,35.5,4.85,mid_season,clay,16.55,0
71.17,26.92,32.94,2.67,mid_season,clay,12.61,0
39.81,30.88,80.37,5.43,initial,sandy,3.9,0
52.06,24.11,58.75,4.0,initial,sandy,2.28,0
54.77,33.75,49.23,4.91,mid_season,sandy,6.87,0
41.86,21.08,80.66,2.42,development,loamy,12.2,0
91.04,26.67,39.5,3.75,initial,loamy,2.49,0
27.13,12.76,78.36,3.12,development,loamy,5.0,0
18.86,33.37,41.57,4.44,mid_season,clay,7.45,0
44.27,33.27,31.5,3.98,development,sandy,19.7,0
53.92,14.05,71.71,0,development,sandy,0,1
61.05,15.33,51.86,3.12,late,loamy,19.74,0
90.81,12.25,75.83,4.28,late,sandy,16.61,0
62.71,28.04,75.31,2.6,mid_season,loamy,10.4,0
75.47,17.38,73.78,5.69,initial,loamy,1.78,0
58.16,31.4,76.29,3.49,late,sandy,9.21,0
36.34,20.87,53.76,5.81,initial,loamy,12.85,0
39.12,26.36,44.75,4.9,mid_season,clay,15.4,0
70.7,21.29,58.63,2.42,initial,clay,1.92,0
36.9,28.28,46.71,2.8,development,loamy,1.06,0
63.88,30.54,55.61,3.41,mid_season,clay,20.57,0
56.88,28.79,38.17,3.8,initial,clay,5.4,0
79.07,30.38,41.13,3.76,mid_season,clay,11.86,0
42.57,22.36,72.85,5.65,mid_season,loamy,7.84,0
54.1,16.18,45.28,0,development,sandy,0,1
56.96,33.29,31.02,5.49,late,loamy,11.86,0
53.17,14.57,83.57,3.85,initial,loamy,12.01,0
50.37,31.84,32.51,4.34,late,sandy,7.62,0
24.67,23.21,43.32,4.59,initial,clay,3.25,0
71.65,24.86,36.24,3.66,development,clay,0.36,0
49.47,19.87,78.8,4.78,development,sandy,4.27,0
36.69,33.01,49.23,0,initial,clay,0,1
69.68,17.14,81.84,4.74,initial,loamy,4.98,0
36.69,22.37,37.54,3.9,initial,clay,12.9,0
67.11,13.42,54.83,0,initial,loamy,0,0
60.18,19.1,74.27,3.11,mid_season,clay,15.43,0
38.01,19.44,64.02,3.05,late,sandy,13.16,0
46.38,30.27,74.38,5.79,mid_season,clay,10.24,0
70.78,18.83,55.74,4.34,initial,loamy,6.85,0
67.98,20.44,65.79,4.08,mid_season,loamy,10.87,0
51.71,14.59,58.77,5.2,late,loamy,2.9,0
44.85,29.93,37.41,3.76,late,loamy,5.78,0
57.73,31.73,48.56,4.16,development,sandy,16.49,0
14.38,22.93,40.92,4.92,initial,sandy,0.89,0
34.64,17.51,68.55,4.3,development,clay,13.56,0
42.35,33.69,37.57,2.75,late,clay,12.08,0
65.96,20.05,62.78,0,initial,loamy,0,0
49.3,27.85,30.35,3.96,development,loamy,12.55,0
63.84,25.54,42.09,3.08,late,clay,21.28,0
67.77,16.23,58.81,2.53,late,loamy,4.18,0
60.73,22.33,57.71,4.68,late,loamy,9.59,0
30.15,32.31,47.18,2.08,initial,sandy,4.98,0
37.16,25.37,53.55,4.29,mid_season,loamy,16.32,0
59.49,30.01,74.68,4.09,development,sandy,3.97,0
43.65,25.19,61.43,3.29,late,loamy,0.49,0
35.93,25.33,40.03,2.98,mid_season,sandy,5.61,0
36.0,29.58,70.51,0,initial,sandy,0,0
95,17.77,47.72,2.71,late,loamy,7.27,0
43.14,13.3,78.81,4.15,late,sandy,15.69,0
44.67,18.81,41.32,2.81,late,loamy,17.29,0
31.8,32.07,81.41,2.82,late,loamy,3.28,0
47.66,26.81,33.39,3.62,initial,sandy,12.4,0
75.42,18.99,34.74,0,initial,loamy,0,0
42.13,18.19,59.6,4.14,development,clay,3.53,0
64.1,14.13,54.58,3.48,mid_season,sandy,11.9,0
57.77,24.55,77.3,3.72,late,clay,25.43,0
47.56,25.19,59.13,4.53,late,sandy,21.13,0
78.96,15.76,64.05,4.22,late,clay,7.25,0
54.19,13.11,44.27,0,initial,sandy,0,0
45.56,17.1,38.12,4.96,initial,clay,7.93,0
52.52,24.71,66.55,4.42,mid_season,loamy,15.23,0
86.4,28.08,33.56,5.4,mid_season,sandy,9.01,0
51.18,30.34,61.31,4.39,development,sandy,4.02,0
55.41,26.58,69.13,3.34,initial,clay,10.88,0
54.56,24.84,64.12,4.28,late,sandy,10.1,0
51.6,26.49,52.56,5.01,mid_season,loamy,17.05,0
50.08,19.7,34.08,3.42,mid_season,sandy,7.68,0
84.99,13.19,38.26,4.8,development,clay,0.22,0
77.2,13.11,76.78,3.41,development,loamy,4.88,0
28.55,16.6,40.76,3.68,late,sandy,15.76,0
59.86,18.72,41.53,3.43,late,clay,6.63,0
53.6,26.78,53.85,3.84,initial,loamy,6.68,0
83.3,33.52,59.53,3.26,mid_season,sandy,9.99,0
44.2,12.37,49.34,4.96,mid_season,loamy,11.58,0
42.66,26.49,60.87,3.56,late,sandy,13.32,0
95,22.48,46.17,3.26,late,loamy,18.03,0
56.73,14.27,44.38,3.61,late,loamy,1.67,0
73.6,22.51,61.18,4.45,development,clay,21.51,0
55.84,18.33,73.5,0,development,sandy,0,1
64.8,16.49,56.8,3.93,development,sandy,3.29,0
36.44,13.34,75.47,5.59,late,sandy,7.93,0
64.58,21.26,71.29,3.2,development,sandy,14.36,0
33.95,25.59,65.41,4.49,development,sandy,9.15,0
38.28,17.75,57.78,4.07,development,sandy,17.26,0
32.58,23.89,35.63,4.48,development,loamy,3.29,0
63.87,15.33,47.3,0,initial,sandy,0,0
25.86,21.92,74.96,4.89,mid_season,clay,10.45,0
32.61,12.47,35.6,3.93,development,sandy,6.61,0
38.35,29.43,47.59,2.94,mid_season,clay,19.2,0
45.31,31.39,31.21,3.27,mid_season,sandy,2.55,0
47.84,15.5,70.09,4.24,late,sandy,1.41,0
54.12,27.95,40.59,4.79,mid_season,loamy,5.55,0
61.62,19.27,53.91,4.21,mid_season,clay,20.24,0
74.23,23.52,31.57,4.01,development,loamy,8.68,0
67.77,19.45,48.31,4.79,development,sandy,1.99,0
40.86,24.71,37.54,2.83,development,clay,22.56,0
42.69,29.77,58.99,4.26,mid_season,loamy,11.94,0
38.39,24.07,56.72,2.67,initial,sandy,11.33,0
53.2,16.82,84.44,4.82,initial,clay,2.96,0
30.69,17.29,59.09,0,initial,clay,0,0
93.71,30.86,75.98,6.08,initial,loamy,14.56,0
62.67,14.88,62.38,3.23,mid_season,loamy,20.81,0
39.64,16.93,38.25,2.26,initial,sandy,18.27,0
74.41,16.3,84.08,3.05,development,clay,3.81,0
74.27,15.83,49.36,4.61,mid_season,sandy,21.66,0
53.57,32.0,43.25,3.26,development,clay,25.21,0
82.75,29.44,57.13,5.18,development,loamy,13.31,0
51.46,29.17,33.79,0,late,sandy,0,1
52.73,25.97,32.64,2.91,initial,sandy,16.67,0
33.92,22.62,34.95,4.48,late,clay,8.46,0
59.0,12.91,81.69,5.18,late,clay,12.26,0
62.15,20.96,69.13,0,initial,loamy,0,0
48.38,13.4,33.05,4.06,mid_season,loamy,11.75,0
49.53,18.01,84.28,3.81,mid_season,sandy,10.21,0
54.37,31.18,85.0,4.9,development,sandy,5.81,0
65.84,24.87,58.63,4.14,initial,clay,0.48,0
54.12,23.78,76.13,0,initial,clay,0,0
90.52,12.99,46.25,0,initial,sandy,0,0
36.07,32.93,32.6,5.48,late,loamy,2.9,0
56.04,32.12,56.93,3.98,mid_season,clay,4.89,0
49.52,23.39,34.18,5.65,development,loamy,7.6,0
62.62,13.96,71.83,4.69,initial,sandy,10.24,0
95,26.43,53.44,1.62,mid_season,loamy,17.17,0
54.77,13.65,81.69,2.81,initial,loamy,13.29,0
39.19,30.4,64.13,4.34,mid_season,loamy,21.76,0
57.24,19.65,65.65,0,development,sandy,0,1
79.58,13.64,40.53,5.3,late,sandy,6.62,0
84.43,21.81,71.26,3.47,development,loamy,0.58,0
39.15,15.11,80.33,4.58,initial,sandy,4.44,0
74.33,14.77,69.64,2.3,development,clay,4.83,0
31.47,31.35,77.71,0,development,clay,0,1
51.49,13.65,71.14,3.76,initial,sandy,17.9,0
68.25,12.21,62.49,2.27,late,clay,15.69,0
59.39,19.51,51.03,3.59,initial,clay,11.08,0
52.09,21.56,83.44,4.06,late,clay,1.82,0
45.92,19.03,53.63,1.89,development,clay,7.12,0
67.4,25.78,82.15,3.99,late,clay,15.09,0
66.44,32.3,74.25,6.1,late,clay,4.0,0
71.21,16.07,67.42,4.16,late,sandy,12.98,0
52.66,18.5,52.85,2.48,late,sandy,10.31,0
26.48,31.12,81.44,4.47,development,sandy,5.19,0
45.62,23.38,31.18,4.01,initial,sandy,3.26,0
41.12,12.84,45.63,2.84,development,clay,15.84,0
71.32,20.02,78.86,4.03,development,loamy,12.66,0
57.49,14.13,83.49,5.76,late,loamy,10.16,0
41.01,14.99,34.57,5.22,development,sandy,8.9,0
48.08,16.27,38.68,4.44,late,sandy,13.86,0
81.07,28.46,45.88,4.82,mid_season,loamy,20.84,0
38.61,14.88,34.47,2.44,late,sandy,11.81,0
15.27,13.86,41.61,3.3,mid_season,sandy,19.63,0
67.76,30.08,45.89,3.83,late,clay,2.62,0
74.24,25.37,74.06,2.02,late,loamy,6.43,0
58.43,32.72,35.34,6.26,late,loamy,3.55,0
51.26,27.53,82.58,6.65,mid_season,sandy,6.57,0
36.11,26.87,61.35,3.34,late,loamy,18.89,0
36.54,22.99,73.42,4.81,development,clay,15.63,0
50.96,15.7,75.92,2.75,late,clay,16.74,0
56.59,31.64,39.57,1.94,development,clay,6.79,0
57.62,29.75,64.56,0,initial,loamy,0,0
64.47,21.82,61.18,4.87,initial,loamy,3.4,0
36.48,19.04,75.36,0,initial,clay,0,0
37.98,15.07,55.49,2.31,mid_season,sandy,4.13,0
35.64,24.18,84.43,3.97,mid_season,clay,22.14,0
37.74,14.49,37.32,0,mid_season,sandy,0,1
38.46,18.47,48.45,1.48,initial,sandy,10.26,0
52.06,21.92,38.38,4.45,mid_season,loamy,19.74,0
41.0,16.64,84.18,3.27,initial,sandy,10.12,0
55.4,20.61,63.52,3.05,initial,sandy,2.7,0
72.99,14.23,83.9,4.39,initial,loamy,22.39,0
39.41,33.74,40.36,2.27,mid_season,clay,0.3,0
70.81,15.34,66.48,3.64,mid_season,sandy,13.89,0
73.84,29.38,46.33,3.84,initial,sandy,11.53,0
54.36,21.7,58.16,5.65,initial,loamy,1.09,0
54.47,25.57,34.1,3.4,mid_season,sandy,15.52,0
33.8,13.65,31.21,3.73,initial,clay,2.55,0
61.59,19.01,60.21,1.74,development,clay,18.75,0
8.12,26.21,39.95,2.82,late,sandy,3.86,0
40.14,26.8,80.8,2.0,late,clay,9.69,0
64.76,28.79,77.35,5.01,development,sandy,1.91,0
83.85,13.24,68.82,4.54,mid_season,loamy,17.8,0
71.5,16.68,54.52,4.28,late,clay,22.01,0
53.96,31.58,41.17,4.38,initial,loamy,18.7,0
82.69,29.2,71.69,4.16,late,clay,4.15,0
41.64,26.01,76.1,4.09,development,clay,7.64,0
63.69,25.63,36.83,5.71,late,loamy,12.0,0
58.77,28.64,38.35,3.26,mid_season,sandy,13.14,0
65.89,13.35,71.42,4.78,mid_season,sandy,11.87,0
66.61,14.59,75.42,4.55,initial,clay,0.58,0
51.78,12.4,30.4,5.35,mid_season,sandy,6.08,0
45.94,17.18,67.11,4.19,initial,sandy,13.52,0
53.2,14.42,43.48,0,development,loamy,0,0
45.14,31.55,77.03,4.14,development,sandy,14.05,0
43.92,18.08,51.66,0.33,development,clay,1.98,1
60.85,17.58,37.6,2.08,development,loamy,11.27,0
68.85,14.32,69.04,3.55,initial,sandy,2.33,0
91.79,30.55,56.06,4.42,development,sandy,13.13,0
88.58,12.88,83.48,0.88,late,loamy,10.15,0
61.28,24.86,52.68,2.04,initial,clay,4.92,0
41.89,22.53,39.86,4.02,late,loamy,12.23,0
12.59,30.05,51.22,5.69,mid_season,loamy,1.63,0
48.07,24.59,40.88,4.55,mid_season,loamy,10.34,0
44.36,26.48,50.26,6.66,late,sandy,1.33,0
46.52,15.15,41.04,4.7,mid_season,clay,11.76,0
48.57,29.16,45.45,3.21,late,sandy,1.47,0
32.96,16.19,77.82,6.13,late,clay,17.37,0
46.6,31.19,59.61,5.32,development,clay,5.52,0
39.28,26.9,42.2,5.57,mid_season,clay,16.61,0
95,27.12,34.4,5.9,late,loamy,30.2,0
39.56,30.93,31.95,2.78,late,clay,9.39,0
48.16,30.91,83.45,4.41,initial,loamy,12.6,0
40.69,24.56,55.14,0,development,sandy,0,1
40.31,23.35,31.0,4.09,late,sandy,8.32,0
60.35,28.06,40.57,4.94,late,loamy,3.33,0
49.65,16.34,76.76,5.47,initial,loamy,8.83,0
45.0,26.96,64.55,4.41,initial,sandy,7.77,0
70.66,13.94,67.96,4.46,development,clay,15.64,0
77.41,18.46,82.4,0,initial,sandy,0,0
51.79,29.38,54.2,5.52,development,loamy,8.44,0
24.26,27.1,75.13,3.11,development,clay,10.0,0
42.17,21.76,45.41,5.76,mid_season,loamy,14.5,0
45.11,27.51,84.13,0,late,sandy,0,1
49.32,25.71,42.32,3.9,late,clay,1.04,0
72.62,17.7,68.16,3.43,initial,sandy,8.62,0
41.63,23.4,57.1,3.46,mid_season,clay,10.03,0
49.85,21.29,40.39,6.31,initial,clay,4.55,0
56.02,18.49,66.55,4.03,mid_season,loamy,11.3,0
38.26,26.69,49.33,4.11,initial,loamy,11.45,0
42.53,15.46,79.71,0,late,loamy,0,1
23.4,16.25,62.84,0,development,loamy,0,1
24.73,33.69,59.54,4.89,initial,sandy,8.36,0
82.45,24.0,77.25,4.09,mid_season,loamy,16.55,0
66.59,17.46,43.26,4.58,mid_season,clay,24.99,0
74.67,29.62,41.61,4.33,development,sandy,16.26,0
58.27,17.42,71.73,2.28,mid_season,clay,15.52,0
59.93,21.61,82.24,3.54,mid_season,clay,12.78,0
52.38,18.55,39.66,0,development,sandy,0,1
58.16,20.02,36.29,2.98,late,clay,13.46,0
37.76,22.67,36.08,0,development,loamy,0,1
24.11,25.54,61.16,4.28,late,sandy,19.32,0
33.05,24.73,63.44,3.3,mid_season,clay,23.29,0
38.21,24.48,82.96,3.91,initial,loamy,13.69,0
16.4,33.34,82.7,3.19,mid_season,loamy,8.52,0
46.35,25.89,59.89,0,late,sandy,0,1
60.06,21.94,47.55,3.23,mid_season,sandy,5.59,0
50.85,33.73,60.9,6.09,development,clay,2.34,0
56.86,25.17,68.63,4.31,late,sandy,5.23,0
67.79,18.74,80.13,4.08,mid_season,clay,17.12,0
78.89,27.2,62.6,0,initial,loamy,0,0
30.53,27.8,79.47,2.94,development,clay,0.25,0
70.23,26.73,69.79,3.66,mid_season,loamy,13.47,0
58.5,28.76,53.1,3.62,mid_season,sandy,17.81,0
45.51,22.76,43.11,3.23,development,sandy,9.14,0
57.24,16.09,56.15,5.32,development,loamy,1.84,0
70.84,26.39,69.58,5.36,development,clay,10.14,0
36.5,33.7,50.35,3.27,late,clay,20.58,0
51.19,17.06,48.56,3.49,initial,sandy,5.75,0
95,20.29,57.45,4.17,late,sandy,10.38,0
82.26,13.53,59.72,0,development,clay,0,0
28.14,31.52,37.33,4.67,initial,clay,0.13,0
34.74,28.54,32.12,3.84,late,sandy,14.25,0
47.94,22.67,41.14,4.53,development,sandy,11.4,0
30.87,15.48,64.67,2.73,initial,loamy,5.95,0
68.63,24.81,60.23,1.37,initial,clay,14.57,0
55.29,31.75,46.87,3.49,initial,sandy,16.55,0
67.59,19.14,83.59,3.09,mid_season,sandy,7.74,0
36.12,17.02,39.01,3.93,development,sandy,16.6,0
29.55,24.62,72.94,3.24,development,sandy,2.46,0
43.77,28.58,56.13,5.93,development,loamy,7.72,0
55.33,27.65,82.5,0,late,loamy,0,0
55.87,22.22,75.06,4.7,mid_season,loamy,9.06,0
53.24,23.94,80.14,3.0,initial,sandy,3.04,0
74.44,28.1,51.77,0,mid_season,clay,0,0
55.77,25.48,40.2,3.49,mid_season,loamy,3.38,0
40.94,17.62,35.86,4.31,mid_season,clay,17.27,0
51.75,22.39,36.73,4.24,initial,sandy,5.31,0
50.44,31.62,51.95,4.44,mid_season,loamy,15.11,0
69.49,21.87,65.25,4.05,late,sandy,8.31,0
80.85,26.64,34.04,4.49,late,sandy,12.29,0
48.25,22.1,35.9,1.78,initial,sandy,7.27,0
79.88,26.93,65.56,3.08,initial,loamy,3.35,0
21.14,26.3,65.11,6.28,initial,clay,7.93,0
80.85,19.41,31.62,4.44,initial,loamy,5.16,0
36.3,22.63,36.55,5.02,development,sandy,2.8,0
73.85,23.89,46.23,4.61,development,sandy,11.26,0
56.69,14.82,82.49,4.63,late,clay,10.88,0
42.61,13.07,62.09,3.39,late,clay,0.24,0
60.14,16.67,60.71,4.25,mid_season,sandy,12.16,0
81.58,18.64,45.13,4.8,initial,loamy,10.97,0
54.1,14.84,76.16,0,development,loamy,0,0
34.33,25.42,62.76,2.25,late,sandy,8.8,0
56.81,25.58,39.18,2.88,mid_season,sandy,1.38,0
69.17,17.79,68.44,5.89,development,sandy,3.05,0
44.14,19.15,46.26,2.91,mid_season,sandy,9.51,0
86.63,33.97,71.76,4.66,initial,loamy,7.72,0
59.33,18.49,67.15,2.11,late,clay,12.21,0
60.94,20.82,69.2,0,initial,clay,0,0
68.44,16.47,84.71,0,development,loamy,0,0
26.54,33.06,65.45,3.58,mid_season,loamy,8.9,0
58.98,15.92,71.0,3.84,late,loamy,2.16,0
53.59,28.56,48.62,1.74,development,loamy,18.81,0
57.88,15.86,45.42,4.4,mid_season,sandy,3.8,0
75.18,12.63,84.46,0,initial,sandy,0,0
49.84,33.56,50.63,4.4,development,clay,15.44,0
95,28.15,61.43,2.81,mid_season,clay,8.63,0
57.22,18.86,78.13,3.07,development,sandy,9.87,0
76.45,27.72,71.6,6.03,initial,loamy,21.56,0
79.99,24.05,77.73,3.8,initial,clay,17.15,0
45.89,12.59,47.59,2.62,mid_season,clay,17.36,0
26.6,18.65,80.83,5.26,initial,clay,1.76,0
34.59,27.48,82.8,5.3,initial,clay,8.6,0
48.1,15.47,78.52,4.35,mid_season,loamy,7.7,0
82.71,16.29,67.97,4.45,mid_season,loamy,7.77,0
74.15,28.83,55.15,3.57,mid_season,clay,17.65,0
46.56,32.46,37.63,0,late,clay,0,0
90.22,31.44,45.54,4.89,mid_season,loamy,22.55,0
51.96,13.4,62.12,4.41,development,loamy,12.44,0
59.96,24.88,49.36,5.39,mid_season,loamy,8.41,0
94.55,14.64,50.64,3.7,mid_season,loamy,9.02,0
73.16,27.17,68.89,3.96,development,clay,1.35,0
50.62,32.48,43.66,0,initial,clay,0,0
91.7,15.74,34.56,4.12,development,loamy,9.66,0
39.2,32.44,71.06,4.64,mid_season,sandy,15.31,0
60.77,12.5,50.71,3.84,mid_season,loamy,18.74,0
55.63,27.56,73.22,4.91,mid_season,clay,5.42,0
65.73,16.55,42.0,2.98,mid_season,loamy,18.12,0
78.06,19.97,73.64,4.86,initial,sandy,10.86,0
43.07,19.99,66.7,3.24,development,loamy,5.58,0
27.2,31.59,44.58,3.2,development,loamy,7.48,0
58.09,30.8,69.78,3.15,mid_season,clay,17.16,0
62.88,18.38,33.06,2.76,late,sandy,24.75,0
19.22,14.83,84.7,4.57,late,loamy,3.4,0
46.02,23.99,46.16,4.84,late,clay,0.81,0
49.81,14.88,84.3,4.5,initial,loamy,9.29,0
36.36,30.23,67.16,0,development,sandy,0,1
81.96,19.13,30.24,5.42,late,clay,7.32,0
70.34,32.52,79.39,2.29,mid_season,loamy,10.0,0
60.93,21.8,43.03,4.1,mid_season,loamy,9.34,0
73.39,25.26,78.81,2.71,mid_season,loamy,6.91,0
82.25,26.46,72.29,3.94,mid_season,sandy,2.92,0
60.13,21.93,65.12,2.96,development,sandy,4.92,0
76.42,25.2,39.6,1.97,development,loamy,3.17,0
47.0,20.16,68.54,4.48,late,sandy,15.23,0
54.04,30.18,65.05,4.55,mid_season,sandy,10.74,0
61.64,14.15,52.63,0,development,sandy,0,0
56.12,21.19,71.98,2.61,late,sandy,13.03,0
38.78,20.27,76.54,3.86,development,loamy,7.99,0
83.28,20.96,81.74,3.68,late,loamy,8.65,0
69.26,15.85,82.25,4.7,mid_season,clay,14.41,0
49.9,12.56,77.14,0,initial,loamy,0,0
55.07,14.41,56.54,0,mid_season,sandy,0,1
60.79,25.77,78.59,0,initial,sandy,0,0
15.76,24.01,73.67,0,development,loamy,0,1
51.55,33.06,31.89,3.81,development,sandy,13.35,0
40.36,22.92,57.41,4.18,development,sandy,0.69,0
50.75,33.24,32.94,2.96,late,loamy,6.46,0
89.87,25.84,71.21,4.4,late,loamy,4.87,0
63.5,33.44,32.01,4.29,mid_season,sandy,9.54,0
19.69,28.27,49.16,2.34,development,clay,6.47,0
46.25,20.88,81.88,3.06,development,loamy,11.17,0
85.37,17.12,68.24,3.3,late,sandy,0.36,0
85.02,33.51,59.35,4.16,late,sandy,0.17,0
92.5,25.98,68.39,4.41,mid_season,sandy,14.3,0
55.49,14.64,41.37,5.49,late,clay,24.45,0
55.5,32.77,58.04,2.57,development,clay,11.3,0
44.37,29.7,35.04,3.33,late,clay,4.62,0
33.61,21.95,38.37,2.39,late,sandy,5.08,0
67.98,27.46,36.25,5.87,initial,loamy,9.24,0
41.28,29.93,75.61,3.18,development,clay,8.1,0
20.16,33.01,60.12,4.41,mid_season,sandy,22.65,0
48.61,15.05,67.49,5.09,mid_season,loamy,5.56,0
74.49,18.74,70.04,5.01,development,clay,5.6,0
37.52,27.39,50.17,3.3,mid_season,sandy,14.05,0
42.72,27.43,32.11,3.53,initial,loamy,2.0,0
64.25,30.19,52.54,1.88,late,clay,12.13,0
85.36,23.3,69.91,4.24,mid_season,sandy,14.27,0
35.9,30.77,47.39,0,initial,sandy,0,1
12.91,31.67,44.52,4.11,initial,sandy,6.13,0
42.04,22.87,44.71,3.62,mid_season,clay,4.4,0
61.15,17.98,34.83,3.61,initial,loamy,9.05,0
70.55,30.58,40.19,3.55,late,sandy,21.38,0
51.3,14.26,72.98,2.58,late,sandy,12.39,0
51.89,28.08,37.14,4.18,late,loamy,13.36,0
46.0,14.68,40.48,2.71,mid_season,loamy,26.56,0
95,29.47,30.72,2.11,development,clay,16.68,0
68.48,31.17,59.62,2.32,development,clay,6.05,0
51.48,26.34,73.57,0,late,loamy,0,1
69.42,21.1,36.68,5.19,mid_season,clay,18.62,0
54.01,24.06,60.61,5.02,development,sandy,4.65,0
39.8,21.61,74.18,4.26,late,sandy,9.89,0
53.1,15.95,67.78,5.23,development,loamy,0.97,0
23.99,22.39,42.61,4.64,late,loamy,4.01,0
52.0,31.07,35.2,3.74,mid_season,sandy,16.36,0
57.61,19.48,53.53,3.79,late,clay,16.85,0
42.43,27.57,84.09,3.36,initial,sandy,17.09,0
69.2,33.2,47.51,2.92,initial,sandy,15.51,0
30.67,21.65,77.13,1.85,development,loamy,12.27,0
51.55,29.34,58.25,3.45,initial,clay,15.5,0
40.16,33.43,71.96,0,mid_season,sandy,0,1
57.61,22.99,33.0,0,initial,clay,0,0
59.07,30.85,39.16,5.04,development,clay,7.31,0
38.61,27.4,39.39,5.16,late,loamy,7.8,0
74.11,13.64,71.04,4.42,late,sandy,12.23,0
59.12,12.07,64.74,5.17,late,loamy,10.9,0
68.59,12.73,33.29,4.5,late,loamy,12.34,0
37.06,23.57,30.75,4.17,mid_season,clay,17.8,0
55.46,27.94,38.27,3.5,late,loamy,1.16,0
27.68,19.62,52.03,5.64,development,loamy,10.49,0
29.94,20.17,47.1,6.87,development,loamy,7.42,0
54.14,24.06,33.87,3.42,mid_season,loamy,1.3,0
62.02,12.09,76.48,1.35,mid_season,clay,1.53,0
35.36,12.57,33.33,0,initial,sandy,0,0
29.73,33.61,75.5,0,initial,sandy,0,0
41.71,19.26,83.34,4.61,initial,sandy,12.13,0
50.06,32.76,75.9,3.12,mid_season,clay,4.56,0
82.4,21.35,64.99,4.11,late,sandy,6.31,0
66.65,26.24,56.49,2.21,development,loamy,13.54,0
35.76,29.34,81.24,5.03,development,clay,1.51,0
43.25,14.49,63.69,3.53,development,loamy,10.88,0
95,28.74,50.79,4.63,late,clay,17.34,0
74.39,16.44,71.15,4.31,mid_season,sandy,3.96,0
44.74,32.01,69.42,5.84,development,loamy,15.63,0
57.06,14.65,77.3,3.58,mid_season,sandy,5.1,0
48.21,13.74,53.06,2.9,mid_season,loamy,4.33,0
26.12,15.55,37.69,4.47,initial,sandy,8.46,0
62.18,22.06,62.86,3.77,mid_season,loamy,5.62,0
33.33,22.4,48.66,3.44,late,loamy,1.35,0
58.25,27.85,52.15,0,development,sandy,0,1
48.18,16.23,40.49,2.46,development,sandy,15.53,0
75.76,31.75,83.38,2.98,development,loamy,10.47,0
25.17,30.9,42.53,2.93,late,sandy,3.48,0
78.94,24.4,61.57,3.34,late,clay,18.24,0
53.29,18.2,80.22,0,late,sandy,0,1
76.17,29.71,65.96,4.55,initial,loamy,6.02,0
67.79,24.84,60.08,0,initial,loamy,0,0
26.15,25.08,55.73,0,initial,clay,0,0
37.67,32.94,77.96,2.9,mid_season,clay,22.8,0
66.01,27.72,46.33,0,late,sandy,0,0
46.49,32.8,55.75,3.79,late,loamy,7.18,0
48.72,15.43,68.24,3.88,late,sandy,12.02,0
35.78,24.51,47.02,0,initial,loamy,0,0
83.26,26.84,37.95,4.8,late,sandy,17.66,0
35.85,20.09,48.78,4.72,mid_season,loamy,16.67,0
58.93,28.69,63.05,0,mid_season,sandy,0,1
74.56,27.85,30.1,6.22,late,loamy,20.87,0
61.1,17.4,74.71,2.79,mid_season,clay,6.4,0
63.75,21.29,79.92,4.05,mid_season,sandy,11.07,0
95,21.05,69.42,0,initial,clay,0,0
55.52,32.09,72.31,2.1,initial,sandy,5.59,0
51.29,18.35,62.34,0,initial,loamy,0,0
51.16,28.78,54.15,4.21,initial,loamy,2.88,0
74.15,24.84,32.36,0,mid_season,loamy,0,0
69.75,23.9,46.58,6.71,mid_season,clay,9.55,0
57.43,26.51,34.78,0,mid_season,sandy,0,1
42.54,30.44,77.37,3.95,mid_season,clay,9.91,0
62.98,20.2,71.53,4.17,development,loamy,15.1,0
67.19,33.04,77.2,4.34,initial,clay,7.5,0
44.4,28.39,57.93,5.03,initial,loamy,8.62,0
93.87,29.09,65.78,5.1,mid_season,sandy,0.99,0
32.14,27.57,63.51,0,late,sandy,0,1
30.04,23.43,45.6,2.94,initial,clay,1.9,0
40.74,21.09,43.57,4.05,mid_season,sandy,4.43,0
66.1,14.71,42.76,5.98,development,loamy,0.59,0
61.02,26.4,43.27,3.97,mid_season,loamy,12.66,0
31.29,26.52,46.49,0,late,loamy,0,1
76.16,30.9,83.09,0,late,sandy,0,0
38.48,32.47,75.9,5.25,development,clay,21.99,0
72.64,30.13,44.29,3.31,mid_season,loamy,10.72,0
51.43,27.21,74.03,3.82,late,sandy,10.13,0
59.59,20.62,72.31,3.57,development,clay,19.43,0
78.15,18.89,80.78,3.86,mid_season,loamy,5.09,0
81.27,33.49,59.6,2.57,late,sandy,7.95,0
47.39,25.85,79.93,6.33,mid_season,clay,0.45,0
45.2,23.97,71.42,4.53,late,loamy,9.63,0
65.25,15.1,54.41,4.2,late,loamy,14.64,0
39.49,14.75,74.7,4.17,initial,clay,5.38,0
72.79,23.72,71.64,2.82,late,clay,2.28,0
85.18,13.59,76.87,4.37,development,loamy,22.74,0
48.21,33.96,78.13,5.33,mid_season,loamy,12.34,0
48.29,28.25,33.11,4.22,initial,sandy,5.93,0
11.35,29.79,49.43,2.54,development,loamy,9.22,0
58.41,12.6,50.23,3.2,development,sandy,8.49,0
79.48,18.09,68.94,4.04,initial,clay,6.84,0
68.45,29.62,32.54,3.9,development,clay,8.78,0
79.24,16.04,78.35,2.28,development,loamy,9.25,0
46.6,14.36,52.2,2.98,mid_season,clay,17.17,0
87.53,12.2,64.05,4.2,development,clay,6.63,0
59.67,23.12,48.46,4.39,initial,clay,10.57,0
39.71,31.1,79.06,0,development,clay,0,1
54.85,24.85,64.65,5.15,development,sandy,6.38,0
81.4,17.5,44.59,2.97,initial,clay,2.46,0
56.99,20.75,38.6,4.88,mid_season,loamy,6.32,0
64.36,17.31,43.46,3.43,late,loamy,20.46,0
84.31,14.86,33.1,3.66,initial,clay,7.38,0
54.51,28.02,64.91,4.77,mid_season,loamy,4.93,0
70.2,14.57,74.59,3.94,late,loamy,8.22,0
53.25,22.53,33.88,1.58,initial,sandy,6.2,0
23.56,19.48,31.5,1.85,late,loamy,10.3,0
41.72,30.37,60.83,4.2,late,loamy,16.31,0
21.65,23.09,60.41,4.67,initial,clay,8.98,0
61.12,32.13,76.46,0,late,sandy,0,0
38.85,12.25,79.46,3.35,initial,clay,15.17,0
58.36,14.43,61.73,4.02,development,loamy,15.08,0
73.12,31.12,37.82,3.3,initial,clay,2.78,0
55.13,17.99,37.09,1.13,development,clay,5.79,0
45.52,20.01,69.45,4.95,mid_season,loamy,17.88,0
35.47,18.86,41.01,3.88,mid_season,clay,6.68,0
81.21,28.54,34.57,4.44,initial,loamy,1.23,0
55.18,23.08,48.53,2.51,mid_season,sandy,20.21,0
56.74,30.8,67.15,4.64,initial,clay,8.13,0
59.16,22.82,61.71,4.03,mid_season,clay,6.77,0
66.41,25.08,68.2,4.14,development,loamy,3.11,0
54.76,24.08,33.42,2.47,mid_season,clay,16.68,0
70.57,25.2,31.01,2.8,initial,sandy,1.38,0
56.94,27.97,82.37,4.86,mid_season,loamy,11.47,0
37.71,28.05,36.58,4.18,late,sandy,4.39,0
31.85,19.86,82.92,4.4,initial,loamy,13.62,0
51.48,14.14,80.53,3.63,late,clay,18.22,0
60.99,25.46,44.35,4.53,initial,clay,6.16,0
34.0,23.78,37.67,4.78,late,sandy,14.23,0
44.2,33.19,52.14,4.13,initial,clay,17.75,0
51.41,14.27,36.52,5.4,development,clay,17.67,0
52.98,20.23,84.87,1.93,initial,sandy,13.38,0
88.0,12.62,44.64,0,mid_season,clay,0,0
54.6,18.16,50.03,0,initial,loamy,0,0
59.58,16.24,78.66,3.19,initial,clay,6.17,0
67.57,15.02,53.75,4.2,mid_season,sandy,23.94,0
40.73,21.18,44.47,5.24,mid_season,loamy,9.12,0
53.44,23.44,77.8,0,initial,clay,0,0
50.68,24.5,60.97,3.29,initial,clay,4.14,0
64.68,26.4,61.34,3.62,mid_season,clay,26.29,0
54.7,30.97,61.34,4.53,development,clay,16.08,0
66.59,16.35,77.87,2.82,initial,clay,2.64,0
39.17,29.85,42.86,7.66,initial,loamy,3.06,0
38.01,21.16,44.68,3.5,development,sandy,21.3,0
70.69,26.5,79.04,2.75,mid_season,sandy,8.62,0
34.85,29.35,65.69,2.28,initial,sandy,0.03,0
58.84,22.85,72.97,2.83,mid_season,clay,13.53,0
46.13,18.75,80.01,0,development,sandy,0,1
35.11,17.24,35.56,5.2,late,sandy,3.18,0
80.52,17.83,70.4,2.96,mid_season,sandy,1.26,0
31.32,26.52,58.71,4.73,development,sandy,19.18,0
55.5,25.56,38.03,4.44,late,sandy,3.5,0
24.6,28.57,68.95,4.1,mid_season,sandy,4.32,0
44.1,13.09,41.15,2.81,late,clay,5.06,0
67.83,20.48,60.19,3.38,mid_season,loamy,10.44,0
48.16,12.19,58.63,4.92,development,sandy,11.81,0
79.12,12.59,73.46,4.7,mid_season,clay,13.31,0
95,27.68,79.93,4.78,mid_season,clay,12.33,0
53.76,28.28,39.25,3.98,initial,loamy,6.66,0
30.89,32.25,43.52,4.42,mid_season,clay,16.76,0
59.85,22.45,48.34,4.86,development,sandy,14.22,0
46.79,24.07,49.48,2.51,initial,loamy,3.31,0
81.69,18.76,54.03,2.32,initial,sandy,7.32,0
40.04,24.41,75.9,4.87,mid_season,clay,20.63,0
60.18,15.76,56.52,4.62,late,clay,20.66,0
25.54,24.33,30.93,3.81,mid_season,loamy,6.48,0
59.53,23.35,45.19,0,development,clay,0,0
44.21,33.67,50.6,2.95,development,loamy,1.59,0
65.08,33.23,40.38,0,initial,clay,0,0
73.77,14.08,47.31,4.02,development,sandy,12.02,0
30.99,24.41,67.76,4.62,late,loamy,3.49,0
53.33,30.66,49.88,1.36,late,loamy,9.19,0
36.24,16.28,31.36,5.43,late,sandy,6.27,0
60.63,26.61,68.85,4.75,initial,loamy,16.46,0
44.45,28.42,83.88,3.58,mid_season,loamy,5.93,0
55.66,19.52,30.54,2.98,initial,sandy,12.19,0
75.14,18.93,46.09,2.57,mid_season,sandy,4.67,0
52.28,26.47,72.63,2.34,development,loamy,0.55,0
71.13,27.21,56.62,0,development,clay,0,0
78.58,13.68,73.69,2.27,development,sandy,16.98,0
78.02,33.4,54.17,0,late,sandy,0,0
37.33,18.05,34.44,3.34,late,loamy,0.29,0
89.7,24.34,38.42,4.4,development,loamy,12.38,0
34.51,27.59,58.88,4.3,late,loamy,15.11,0
23.87,28.97,78.91,1.99,late,loamy,11.32,0
66.61,13.16,43.91,5.35,development,clay,18.37,0
70.89,25.47,51.67,3.23,initial,sandy,12.24,0
65.11,14.47,59.1,0,development,clay,0,0
95,21.9,48.47,3.33,mid_season,clay,23.45,0
62.57,29.81,53.62,2.52,mid_season,loamy,5.26,0
59.51,24.37,47.06,2.88,development,clay,9.05,0
59.06,23.18,36.63,4.72,development,sandy,8.61,0
49.82,15.85,66.5,0,initial,loamy,0,0
13.05,29.0,58.02,4.76,development,loamy,16.01,0
57.55,14.46,58.22,4.66,late,sandy,11.58,0
19.63,12.02,73.62,4.33,initial,clay,14.7,0
59.35,19.33,73.58,0,initial,sandy,0,0
77.58,12.75,72.82,3.88,late,clay,11.3,0
58.36,21.16,69.16,4.52,mid_season,sandy,4.12,0
50.97,18.14,67.95,3.99,development,sandy,4.23,0
73.32,14.88,63.11,4.42,initial,clay,11.2,0
59.27,31.21,58.22,2.75,mid_season,sandy,5.96,0
82.56,28.8,42.08,3.98,late,sandy,4.12,0
39.88,24.63,73.96,5.43,mid_season,sandy,25.35,0
50.75,22.89,40.21,0,late,sandy,0,1
51.84,25.03,53.25,3.55,mid_season,sandy,9.81,0
56.58,18.14,40.33,3.0,late,loamy,21.38,0
55.69,30.57,45.23,4.18,development,loamy,8.3,0
60.94,24.84,53.17,2.53,mid_season,clay,13.97,0
50.78,26.56,73.29,0,development,sandy,0,1
40.6,24.0,65.55,2.37,mid_season,sandy,23.37,0
56.85,33.9,81.08,5.01,development,sandy,11.65,0
61.26,12.38,40.47,5.5,development,loamy,6.74,0
47.24,29.24,46.71,5.74,initial,sandy,0.82,0
16.57,16.26,37.59,3.33,late,sandy,11.22,0
53.57,32.09,74.23,5.41,mid_season,sandy,17.49,0
48.57,26.37,63.29,2.17,late,clay,18.5,0
53.15,27.16,46.78,3.18,late,sandy,11.8,0
27.87,24.61,45.55,4.64,development,clay,22.26,0
80.37,30.1,59.07,3.65,mid_season,loamy,14.64,0
55.91,28.57,34.66,4.13,late,clay,11.25,0
61.95,13.52,59.23,1.95,late,clay,5.96,0
40.01,25.46,74.66,2.16,initial,sandy,3.62,0
70.65,28.79,53.84,0,initial,clay,0,0
38.16,28.83,81.84,5.32,initial,sandy,15.41,0
61.3,17.0,50.88,4.12,mid_season,loamy,4.98,0
55.39,27.78,62.76,0,development,loamy,0,0
63.35,32.37,38.83,5.22,late,clay,16.99,0
51.1,25.11,82.58,2.74,mid_season,sandy,2.26,0
33.4,14.0,68.15,4.5,mid_season,loamy,5.66,0
59.46,19.24,59.8,1.14,initial,clay,5.43,0
70.31,21.76,48.61,4.66,late,sandy,17.72,0
55.22,16.92,67.97,3.42,development,clay,11.53,0
59.45,24.14,30.08,7.72,initial,clay,1.44,0
18.58,12.73,73.42,2.99,late,clay,16.57,0
47.53,16.21,70.73,3.21,mid_season,sandy,13.39,0
68.38,25.29,83.57,3.58,mid_season,clay,17.72,0
44.06,31.63,49.94,3.16,development,clay,13.47,0
51.48,31.48,75.68,0,development,clay,0,0
64.29,12.04,41.22,4.11,late,sandy,5.75,0
60.08,24.91,37.64,0,initial,loamy,0,0
17.92,24.98,44.44,0,development,sandy,0,1
38.53,23.62,34.24,5.42,late,sandy,4.45,0
80.99,25.44,53.37,0,initial,loamy,0,0
53.06,16.83,38.69,3.93,development,sandy,3.52,0
60.72,30.48,38.48,2.23,late,loamy,9.83,0
71.26,23.55,32.56,4.13,late,sandy,4.05,0
46.17,22.59,59.66,3.52,mid_season,clay,15.1,0
50.92,19.94,62.18,5.45,late,sandy,15.62,0
62.54,31.14,53.18,0,initial,sandy,0,0
40.64,30.98,32.36,4.88,initial,loamy,9.5,0
35.68,26.98,81.11,5.24,late,sandy,5.34,0
37.09,12.26,55.01,5.32,development,sandy,16.83,0
54.17,15.94,38.27,4.62,development,loamy,2.73,0
59.59,30.39,32.41,0,initial,sandy,0,1
62.81,26.96,35.32,3.79,late,sandy,15.6,0
34.7,27.81,45.76,3.74,development,sandy,8.68,0
51.14,14.82,56.12,7.17,mid_season,clay,16.97,0
67.98,27.09,79.5,0,development,clay,0,0
45.22,33.07,69.55,4.73,development,loamy,11.63,0
45.54,13.04,76.2,0,late,sandy,0,1
31.46,12.82,31.72,4.02,late,clay,8.0,0
62.95,16.06,69.74,2.69,late,clay,25.38,0
77.11,21.59,52.98,0.82,mid_season,clay,13.83,0
26.29,18.7,49.51,3.99,development,loamy,12.07,0
33.23,19.5,61.61,3.55,initial,loamy,5.66,0
41.39,13.28,53.99,5.04,late,loamy,10.15,0
57.09,28.56,53.12,0,initial,clay,0,0
59.53,27.48,73.73,3.77,initial,sandy,8.84,0
65.78,16.22,62.55,5.38,development,clay,3.71,0
81.99,16.36,45.82,4.58,development,clay,9.54,0
38.63,30.07,57.68,1.42,initial,clay,10.48,0
37.15,21.08,81.63,4.99,mid_season,clay,14.36,0
34.4,33.57,76.94,6.15,development,clay,16.49,0
76.04,30.42,46.03,3.53,mid_season,clay,9.74,0
58.05,23.33,63.45,0,initial,loamy,0,0
75.86,15.71,37.66,4.46,mid_season,loamy,15.91,0
80.88,25.92,81.17,2.34,development,sandy,3.37,0
77.18,26.45,61.27,2.61,late,loamy,17.13,0
38.75,16.44,78.81,0,mid_season,sandy,0,1
82.74,26.96,52.64,3.29,development,loamy,13.76,0
70.58,32.96,46.75,4.7,initial,loamy,12.26,0
66.08,14.88,50.7,4.8,mid_season,sandy,6.7,0
30.0,16.38,60.67,2.87,late,loamy,6.26,0
49.95,32.72,32.93,4.62,late,sandy,16.94,0
81.19,18.67,79.13,5.42,mid_season,sandy,4.13,0
68.8,25.76,65.72,7.15,late,clay,9.1,0
57.48,29.56,55.01,0,late,sandy,0,1
78.05,29.63,56.15,0,initial,loamy,0,0
42.84,18.67,31.94,3.05,mid_season,loamy,22.58,0
49.96,19.04,73.88,2.9,late,clay,6.71,0
37.48,14.24,67.11,5.84,development,loamy,1.99,0
34.38,17.89,34.56,4.51,late,clay,11.63,0
64.42,31.54,67.44,1.38,mid_season,sandy,8.42,0
56.78,25.43,53.59,4.21,mid_season,loamy,1.6,0
32.62,21.94,55.24,2.94,initial,clay,6.72,0
43.56,25.26,55.23,3.04,mid_season,clay,5.06,0
86.72,22.52,51.76,3.68,development,clay,0.72,0
58.98,25.55,52.78,3.99,late,loamy,9.65,0
91.07,25.21,64.74,3.44,late,loamy,9.78,0
32.68,18.22,69.12,5.41,late,loamy,16.85,0
13.82,27.16,80.37,4.56,initial,loamy,11.77,0
62.09,24.27,69.52,5.6,mid_season,loamy,21.74,0
32.71,19.17,32.17,4.05,mid_season,clay,17.15,0
55.88,25.49,45.08,0,mid_season,clay,0,0
74.67,29.46,64.57,5.89,late,clay,10.61,0
33.81,31.58,43.04,3.14,late,clay,2.32,0
56.09,19.97,48.08,2.0,mid_season,clay,14.22,0
61.57,22.59,56.68,4.41,late,sandy,19.61,0
55.86,15.47,59.79,1.78,initial,loamy,9.37,0
55.81,22.59,57.98,0,initial,sandy,0,0
57.86,26.14,44.88,3.93,mid_season,clay,14.72,0
31.83,14.43,55.12,5.81,development,clay,8.71,0
76.15,20.43,51.48,3.69,mid_season,loamy,7.1,0
84.11,33.81,40.73,3.87,initial,clay,3.68,0
45.95,20.69,36.66,3.0,development,clay,14.85,0
7.16,33.87,70.7,2.32,development,loamy,2.95,0
53.25,12.09,81.6,2.89,initial,sandy,18.45,0
63.59,26.18,76.8,4.86,initial,sandy,14.77,0
64.63,25.65,77.33,0,late,clay,0,0
43.37,24.6,41.38,0,mid_season,sandy,0,1
55.35,32.48,84.14,4.7,mid_season,loamy,7.38,0
56.08,24.03,80.39,4.46,mid_season,clay,19.3,0
57.24,33.16,36.2,2.98,late,clay,16.17,0
56.68,13.3,34.63,5.63,initial,sandy,8.11,0
30.34,23.77,75.19,3.97,late,sandy,9.99,0
53.51,18.8,48.18,2.14,initial,clay,12.13,0
30.6,16.81,43.9,2.22,mid_season,loamy,11.69,0
45.14,27.9,31.36,3.42,mid_season,sandy,7.97,0
82.99,29.4,75.31,4.67,development,clay,5.54,0
95,25.02,72.93,1.76,development,loamy,5.6,0
38.77,31.45,31.77,5.44,initial,sandy,10.46,0
32.89,21.11,56.49,4.99,development,loamy,21.9,0
46.03,31.5,50.53,4.48,late,clay,9.62,0
43.89,27.48,59.41,0,development,sandy,0,1
65.15,19.41,37.32,4.98,initial,sandy,0.19,0
72.91,16.48,54.97,4.51,initial,clay,3.81,0
67.6,25.39,42.3,4.82,mid_season,loamy,0.78,0
49.99,28.41,72.0,4.92,late,clay,1.52,0
73.11,22.45,32.39,5.1,mid_season,clay,9.95,0
54.92,13.6,48.31,3.61,mid_season,sandy,7.22,0
68.49,15.76,59.86,4.78,late,clay,13.4,0
57.52,23.75,82.73,0,late,sandy,0,1
41.73,33.35,64.66,4.21,mid_season,clay,17.87,0
55.08,26.3,38.57,0,development,loamy,0,0
61.3,23.79,34.17,3.67,initial,clay,5.77,0
69.54,30.36,41.76,3.08,mid_season,loamy,8.82,0
67.46,23.0,62.46,0,initial,sandy,0,0
37.12,22.88,61.78,4.28,late,clay,12.29,0
34.94,23.18,50.97,2.03,late,clay,5.02,0
47.98,24.03,47.44,6.14,initial,sandy,10.08,0
42.37,29.2,83.27,4.8,late,sandy,7.82,0
59.3,25.0,83.29,2.73,mid_season,sandy,20.1,0
45.77,33.41,31.27,4.54,late,loamy,4.22,0
58.51,15.46,57.8,3.79,mid_season,loamy,7.02,0
51.34,30.3,41.54,3.32,late,clay,13.76,0
41.36,15.49,61.25,4.62,initial,clay,6.81,0
80.72,32.59,59.59,5.09,late,sandy,12.04,0
58.56,17.32,33.46,3.66,development,loamy,17.66,0
74.88,19.06,48.98,1.8,late,sandy,18.23,0
80.05,16.86,77.19,4.79,development,sandy,6.02,0
76.11,20.37,50.77,3.81,development,loamy,13.83,0
90.32,17.32,69.01,4.79,development,loamy,12.63,0
56.71,30.36,64.54,3.63,development,sandy,9.38,0
71.93,21.11,80.21,3.55,initial,loamy,5.9,0
46.48,20.81,69.47,3.34,mid_season,loamy,7.94,0
33.52,33.16,83.8,5.55,mid_season,clay,12.7,0
34.54,17.73,33.01,4.05,initial,clay,14.54,0
67.49,27.58,42.49,6.43,development,sandy,8.17,0
43.73,27.28,31.53,5.1,development,loamy,6.56,0
40.01,20.8,59.1,3.9,initial,loamy,6.35,0
59.65,30.71,69.21,4.37,late,clay,8.53,0
37.69,15.44,58.05,3.9,initial,sandy,7.86,0
44.67,29.32,32.15,0,initial,clay,0,1
46.6,13.96,79.0,3.85,mid_season,loamy,12.19,0
64.32,20.58,82.81,3.65,late,clay,15.21,0
51.58,19.31,72.72,3.32,development,loamy,7.88,0
60.11,25.94,79.21,2.6,development,sandy,3.39,0
83.8,17.79,65.26,5.65,mid_season,sandy,11.59,0
31.2,14.89,67.43,2.45,development,sandy,14.64,0
64.1,31.76,76.72,5.77,development,loamy,12.97,0
47.17,31.43,76.39,3.32,development,clay,19.03,0
74.93,16.64,32.14,3.86,initial,clay,4.59,0
58.12,32.53,54.52,4.44,late,loamy,9.75,0
42.74,26.98,36.15,3.91,mid_season,loamy,14.89,0
36.91,25.13,68.32,2.86,mid_season,clay,15.48,0
43.94,26.05,75.7,3.13,initial,sandy,2.99,0
43.92,17.01,60.33,0,late,sandy,0,1
31.9,24.63,67.61,4.27,development,sandy,7.5,0
47.01,18.36,53.84,4.18,late,loamy,0.72,0
69.41,24.15,40.78,3.75,late,sandy,11.53,0
43.58,18.78,47.29,2.53,mid_season,sandy,13.61,0
20.84,15.24,54.52,5.19,mid_season,clay,10.11,0
32.1,13.17,75.68,3.42,late,sandy,16.35,0
45.85,30.11,63.02,2.66,late,clay,19.3,0
51.97,21.34,78.99,0,initial,sandy,0,0
32.98,29.1,45.08,0,late,loamy,0,1
79.21,23.17,69.17,5.69,mid_season,loamy,9.65,0
59.02,25.56,84.96,2.96,late,clay,6.04,0
72.02,17.25,31.77,1.5,initial,loamy,5.33,0
37.58,23.07,83.24,4.37,development,loamy,14.7,0
51.62,19.35,57.02,6.2,development,sandy,7.92,0
33.06,27.98,30.36,3.32,mid_season,sandy,9.32,0
20.03,30.79,63.96,0,late,loamy,0,1
27.84,20.54,42.2,3.45,mid_season,loamy,11.4,0
89.58,19.85,55.64,3.92,development,clay,12.35,0
48.5,31.37,71.01,5.22,initial,sandy,0.17,0
55.77,28.17,65.76,4.32,late,clay,10.27,0
45.03,32.89,55.4,3.25,late,loamy,11.48,0
62.66,16.25,46.16,2.78,initial,loamy,2.48,0
26.77,17.89,30.16,3.38,initial,sandy,14.89,0
6.48,16.93,33.69,2.82,late,sandy,12.25,0
48.87,29.71,53.87,4.06,late,loamy,0.96,0
37.08,32.62,45.68,6.06,late,loamy,18.08,0
39.69,20.25,69.45,5.25,late,loamy,4.05,0
48.91,23.69,35.08,2.32,initial,sandy,10.46,0
81.33,28.88,43.26,4.1,development,clay,2.44,0
73.0,12.72,76.67,3.73,initial,loamy,5.01,0
51.28,29.52,63.73,2.46,mid_season,clay,18.16,0
46.61,24.0,59.58,0,development,clay,0,0
29.75,31.85,62.11,0,development,sandy,0,1
39.39,28.54,54.37,3.93,development,loamy,3.37,0
66.76,20.94,41.32,2.65,late,loamy,10.37,0
66.42,14.12,64.16,0,development,clay,0,0
35.95,26.09,52.6,3.18,initial,clay,23.36,0
40.55,22.2,57.45,4.65,development,loamy,1.95,0
63.42,32.64,73.5,4.02,development,clay,4.32,0
42.67,19.87,54.45,3.82,late,sandy,5.38,0
52.57,20.59,42.35,1.72,mid_season,clay,13.72,0
54.51,22.87,47.14,3.68,initial,clay,8.61,0
61.84,13.19,56.06,3.39,mid_season,loamy,11.2,0
45.32,30.57,33.56,4.57,initial,clay,7.54,0
53.69,19.42,63.37,4.01,mid_season,clay,21.74,0
35.2,14.73,48.51,3.89,mid_season,loamy,10.44,0
43.87,16.01,77.94,3.7,mid_season,clay,16.14,0
41.75,19.23,41.67,2.23,development,loamy,11.91,0
73.26,16.24,30.24,4.15,late,loamy,10.49,0
64.23,33.59,38.09,0,late,sandy,0,0
59.61,16.31,38.32,3.34,development,sandy,8.24,0
43.19,18.91,83.94,4.08,mid_season,sandy,7.48,0
39.01,33.03,58.28,3.3,late,loamy,8.63,0
41.83,27.98,46.67,5.53,initial,loamy,11.87,0
95,29.41,68.44,3.64,late,clay,12.28,0
46.54,16.92,66.31,4.62,initial,sandy,1.75,0
70.9,27.82,31.0,5.18,late,sandy,5.84,0
71.52,30.68,57.48,3.98,mid_season,clay,1.19,0
57.33,24.9,31.88,3.16,late,loamy,8.35,0
59.79,21.04,76.06,3.79,late,clay,15.21,0
66.18,32.61,65.64,4.19,development,clay,15.4,0
24.56,21.77,37.91,4.24,late,sandy,0.97,0
22.64,19.69,84.21,4.6,mid_season,sandy,15.19,0
34.31,18.35,47.25,4.58,initial,loamy,13.03,0
39.15,20.71,83.03,3.61,initial,sandy,10.03,0
53.62,33.24,43.2,6.56,late,sandy,21.45,0
58.31,26.41,39.3,0,development,clay,0,0
91.56,20.4,55.17,4.39,mid_season,loamy,13.44,0
61.85,30.3,43.42,6.38,late,loamy,14.63,0
44.78,22.39,38.01,1.87,initial,sandy,9.35,0
70.86,20.67,51.73,6.17,development,sandy,2.09,0
17.04,20.02,55.82,2.45,late,sandy,14.05,0
5,20.23,41.05,4.78,mid_season,loamy,14.74,0
26.08,14.71,43.05,3.35,initial,sandy,5.19,0
31.62,14.3,48.95,2.9,development,clay,10.83,0
53.33,20.37,33.0,2.07,mid_season,loamy,16.92,0
68.23,13.87,69.1,4.33,initial,sandy,8.57,0
47.05,17.92,33.9,3.42,mid_season,loamy,15.5,0
68.29,31.73,55.25,2.86,late,loamy,13.24,0
89.9,16.57,40.28,2.48,late,sandy,8.94,0
80.18,22.09,54.18,5.63,initial,sandy,5.33,0
58.0,13.82,64.32,3.21,initial,clay,8.26,0
59.4,22.25,79.45,4.57,initial,loamy,17.85,0
42.5,31.19,49.71,3.23,development,loamy,11.03,0
63.15,16.22,58.97,1.66,late,sandy,7.58,0
63.76,15.59,59.12,5.25,initial,sandy,7.72,0
26.15,26.02,60.13,4.07,late,sandy,12.89,0
57.6,28.61,36.97,3.75,late,sandy,14.04,0
58.2,31.88,38.18,3.41,initial,sandy,19.72,0
69.96,16.35,53.81,4.76,development,clay,5.23,0
65.04,15.01,77.68,4.51,development,clay,11.58,0
76.41,31.23,40.86,2.74,mid_season,clay,13.81,0
73.4,13.25,78.6,4.65,initial,loamy,15.62,0
95,20.15,59.27,5.73,mid_season,sandy,15.07,0
64.54,19.11,52.72,6.1,initial,loamy,13.63,0
12.1,27.81,55.02,0,late,loamy,0,1
84.16,32.45,34.94,0,late,clay,0,0
88.66,22.29,60.42,4.16,late,loamy,8.56,0
43.66,27.17,74.98,4.45,mid_season,loamy,14.71,0
71.66,31.67,65.12,0,late,clay,0,0
25.45,12.43,83.22,3.3,initial,loamy,10.25,0
51.19,17.3,39.38,6.07,mid_season,sandy,10.87,0
44.45,27.69,51.79,3.56,initial,clay,2.85,0
33.4,15.28,79.0,3.55,mid_season,clay,24.86,0
49.63,15.59,47.56,5.18,initial,sandy,2.38,0
62.09,22.61,82.86,2.55,initial,sandy,6.35,0
43.92,13.96,60.41,3.56,mid_season,loamy,3.77,0
38.75,28.34,57.65,4.46,mid_season,loamy,18.41,0
47.57,26.91,38.61,4.87,late,sandy,6.88,0
36.1,26.76,82.09,6.21,mid_season,clay,4.45,0
48.25,27.42,48.9,3.98,late,clay,16.47,0
61.12,28.56,61.46,4.15,mid_season,clay,22.2,0
55.39,18.78,32.23,1.84,initial,sandy,2.81,0
38.43,26.58,34.05,6.0,development,loamy,7.42,0
39.75,12.64,57.52,7.18,development,sandy,4.22,0
56.47,28.96,72.3,3.77,initial,sandy,14.44,0
72.28,28.92,73.55,6.65,late,sandy,4.45,0
53.97,27.47,33.94,3.91,initial,sandy,16.91,0
52.11,24.44,33.3,3.03,late,clay,8.72,0
43.97,32.42,37.58,3.2,initial,loamy,13.79,0
63.25,13.55,32.65,3.96,mid_season,loamy,14.96,0
48.19,13.59,56.8,2.85,development,clay,10.73,0
47.79,15.5,39.94,3.11,development,clay,11.68,0
59.33,27.56,67.25,3.35,initial,clay,21.9,0
49.77,14.92,49.25,4.65,mid_season,clay,4.2,0
55.02,23.97,35.38,4.32,initial,loamy,0.44,0
50.49,17.3,44.35,3.04,development,sandy,0.45,0
56.04,17.59,82.46,4.27,development,loamy,2.17,0
95,26.53,47.44,5.83,mid_season,clay,10.47,0
63.39,22.57,74.89,4.5,mid_season,clay,17.58,0
39.26,13.22,69.27,2.11,development,clay,2.91,0
56.41,20.23,44.01,2.92,development,sandy,2.82,0
66.31,19.94,35.69,2.48,late,sandy,3.47,0
62.39,28.0,76.58,4.14,mid_season,clay,7.81,0
48.52,26.97,45.07,5.45,initial,sandy,8.98,0
58.61,29.57,63.43,4.16,development,loamy,4.32,0
44.88,33.92,77.71,3.03,development,loamy,5.98,0
70.13,19.88,55.11,0,late,loamy,0,0
62.75,23.59,69.08,3.84,initial,clay,12.83,0
67.67,12.47,74.55,4.21,late,sandy,5.6,0
50.88,22.84,41.14,2.06,late,loamy,10.33,0
32.22,12.04,60.82,3.16,development,sandy,9.29,0
67.76,23.83,82.35,6.05,development,loamy,1.84,0
31.38,31.19,35.8,3.75,mid_season,loamy,0.75,0
78.46,26.84,64.2,4.32,late,loamy,6.68,0
69.2,33.4,50.64,0,late,loamy,0,0
72.74,30.57,39.13,5.73,mid_season,clay,11.72,0
80.42,13.75,47.0,4.16,late,clay,7.38,0
45.26,26.96,80.89,2.56,late,loamy,8.84,0
77.48,33.12,77.86,4.47,late,clay,12.77,0
60.93,22.78,62.2,3.87,mid_season,sandy,14.95,0
71.41,19.82,59.22,4.26,development,sandy,11.7,0
65.57,27.06,63.06,3.99,mid_season,clay,38.84,0
85.55,19.55,80.86,0,development,loamy,0,0
55.81,33.77,65.48,4.25,development,clay,14.27,0
71.82,28.87,67.12,4.56,mid_season,clay,18.08,0
17.44,20.29,71.04,3.64,mid_season,sandy,1.45,0
18.64,16.49,68.5,3.49,late,loamy,12.38,0
49.72,22.87,68.55,2.88,mid_season,clay,2.56,0
58.61,32.71,65.24,6.83,late,loamy,3.66,0
89.54,25.8,55.88,3.06,mid_season,sandy,6.2,0
70.73,33.37,52.54,3.41,late,loamy,8.9,0
55.56,28.41,45.3,5.2,initial,sandy,11.62,0
48.84,19.23,43.1,4.41,late,clay,8.67,0
60.11,13.17,69.86,4.24,initial,loamy,11.69,0
30.03,27.8,69.4,3.95,development,sandy,10.55,0
70.6,32.52,46.99,4.09,development,clay,4.29,0
80.34,31.21,33.12,3.73,initial,sandy,1.84,0
43.64,27.94,34.55,4.52,late,sandy,7.29,0
57.56,31.68,54.39,4.6,initial,sandy,8.51,0
76.13,23.39,57.17,5.6,initial,clay,9.93,0
65.53,33.77,30.6,2.26,initial,loamy,0.73,0
60.71,12.75,80.69,0,late,clay,0,0
68.75,19.52,84.62,4.18,initial,loamy,12.09,0
50.38,20.73,52.28,5.12,late,loamy,8.11,0
58.73,14.39,70.14,4.84,development,loamy,5.92,0
30.17,14.76,75.92,2.55,late,sandy,16.74,0
46.21,18.03,30.9,0,development,clay,0,0
39.83,28.36,45.91,4.77,initial,loamy,7.83,0
28.36,33.55,37.94,3.34,mid_season,clay,8.58,0
32.32,19.11,75.99,3.75,development,clay,23.78,0
62.98,23.77,35.49,3.38,late,sandy,10.09,0
74.94,31.07,66.51,2.82,late,sandy,10.06,0
46.2,13.94,46.47,3.36,mid_season,loamy,18.42,0
28.29,28.21,48.66,3.87,late,sandy,10.9,0
86.74,15.04,76.19,5.26,late,clay,22.38,0
46.6,32.26,70.65,3.74,late,clay,5.87,0
85.89,17.53,66.0,0,initial,clay,0,0
55.74,27.65,55.54,6.78,development,sandy,13.13,0
67.65,27.44,41.19,3.02,initial,clay,0.63,0
55.98,12.55,57.53,4.44,mid_season,sandy,8.38,0
59.28,28.48,69.79,3.73,mid_season,clay,18.6,0
38.66,19.04,63.96,0,initial,loamy,0,0
42.15,31.22,34.45,4.54,mid_season,sandy,23.97,0
67.82,19.77,48.84,4.25,development,sandy,22.54,0
69.22,13.49,37.03,2.56,initial,sandy,6.22,0
73.21,22.22,67.81,4.67,initial,clay,3.33,0
40.16,14.41,64.35,2.41,initial,loamy,8.23,0
49.55,23.95,74.68,3.62,late,clay,6.3,0
45.28,31.11,33.62,4.86,development,sandy,8.46,0
52.12,16.66,38.67,3.86,development,sandy,19.98,0
70.1,32.89,82.84,4.13,development,clay,15.41,0
52.58,12.44,42.99,3.63,mid_season,loamy,9.02,0
60.06,27.77,51.98,3.79,development,clay,11.96,0
56.68,21.29,34.81,4.65,late,sandy,9.52,0
31.94,31.95,56.7,4.57,initial,loamy,2.68,0
37.43,31.72,69.57,2.78,initial,clay,8.51,0
42.98,17.44,71.21,2.42,mid_season,loamy,7.12,0
85.14,31.41,74.82,2.0,initial,sandy,14.39,0
31.76,33.2,45.27,3.69,development,clay,9.07,0
42.88,28.62,50.49,4.98,late,sandy,12.82,0
42.64,22.68,34.57,4.13,development,loamy,11.68,0
30.97,29.2,57.99,6.01,mid_season,sandy,1.55,0
58.53,28.59,79.17,5.51,mid_season,loamy,21.32,0
51.71,15.65,75.65,2.82,mid_season,clay,7.79,0
55.96,20.1,71.79,5.39,late,sandy,4.7,0
5,19.51,30.22,0,late,sandy,0,1
48.54,26.62,48.36,0,development,sandy,0,1
59.58,30.77,71.97,3.59,development,loamy,7.17,0
27.38,20.61,83.47,5.04,initial,sandy,22.17,0
71.78,22.74,79.78,3.19,initial,clay,16.28,0
43.69,20.22,62.56,2.73,initial,clay,6.32,0
81.53,14.06,65.02,2.0,late,clay,16.02,0
77.84,28.38,48.29,4.14,initial,sandy,2.02,0
54.78,20.48,59.41,4.41,initial,sandy,16.4,0
53.06,31.72,84.81,0,late,loamy,0,0
38.57,29.26,70.0,4.36,late,loamy,15.08,0
37.29,24.44,32.8,6.06,mid_season,clay,17.57,0
36.79,13.02,46.25,4.08,late,sandy,0.35,0
66.56,31.94,83.34,4.27,late,loamy,2.13,0
79.1,32.1,51.53,1.57,development,loamy,8.76,0
52.56,25.73,67.29,3.85,development,clay,18.66,0
68.35,15.32,41.49,5.51,late,loamy,1.65,0
18.42,14.88,70.81,2.49,mid_season,loamy,15.26,0
66.39,12.31,54.78,4.42,mid_season,clay,8.53,0
72.45,23.01,78.67,5.32,initial,clay,4.32,0
69.79,32.61,60.01,3.79,mid_season,clay,8.13,0
32.23,21.43,35.49,2.15,initial,loamy,10.69,0
66.0,31.19,45.9,0,mid_season,sandy,0,0
62.88,28.96,39.98,4.55,late,loamy,18.23,0
27.66,30.6,82.33,5.84,development,sandy,6.64,0
60.83,24.08,47.35,0,initial,loamy,0,0
71.23,13.39,42.41,3.43,mid_season,loamy,3.9,0
43.84,23.94,53.5,0,development,clay,0,1
67.21,27.12,50.65,4.73,initial,clay,4.79,0
18.85,23.44,57.42,5.37,development,sandy,15.48,0
30.5,20.85,82.05,4.94,development,loamy,0.67,0
55.4,20.77,61.68,2.67,mid_season,sandy,15.4,0
85.44,13.65,71.06,4.31,mid_season,loamy,7.82,0
58.32,30.49,84.89,0,mid_season,clay,0,0
71.86,24.96,51.55,5.08,late,clay,10.93,0
67.41,28.68,67.33,0,late,loamy,0,0
40.9,21.32,65.28,3.38,development,loamy,15.65,0
57.34,19.03,46.98,5.33,development,loamy,15.49,0
54.52,16.24,43.49,1.9,development,sandy,11.37,0
39.74,23.43,56.37,5.0,late,loamy,7.56,0
49.33,13.4,59.96,3.67,late,loamy,22.86,0
72.75,19.9,83.43,0,development,loamy,0,0
43.78,23.53,34.46,4.82,initial,clay,5.62,0
61.82,29.26,63.73,5.21,late,sandy,19.23,0
76.74,24.17,80.04,4.17,late,clay,6.31,0
30.28,23.4,41.31,5.6,initial,loamy,9.34,0
28.54,26.22,82.25,3.98,development,sandy,5.95,0
47.17,22.4,39.59,4.4,development,sandy,8.02,0
56.09,22.33,55.19,3.7,mid_season,loamy,22.05,0
84.31,18.84,76.33,2.43,mid_season,loamy,22.53,0
89.12,19.06,65.69,4.7,development,loamy,11.78,0
44.09,13.22,33.33,0,late,sandy,0,1
58.95,16.12,32.18,4.23,late,clay,8.8,0
95,26.04,61.37,5.69,mid_season,loamy,12.09,0
72.53,21.62,34.95,2.62,mid_season,clay,5.32,0
72.18,22.91,48.6,3.85,initial,loamy,5.84,0
35.9,19.49,33.97,2.83,initial,sandy,19.04,0
43.27,25.23,32.56,0,development,sandy,0,1
46.89,27.33,52.2,4.04,late,clay,1.07,0
65.25,28.05,58.2,2.47,initial,sandy,8.74,0
48.86,30.08,54.89,0,development,sandy,0,1
42.67,12.82,45.42,4.49,initial,clay,8.35,0
42.13,29.69,49.68,6.32,mid_season,clay,18.31,0
17.43,17.58,47.2,4.42,initial,sandy,2.75,0
24.11,26.55,44.58,2.71,initial,clay,14.31,0
38.7,25.86,45.71,4.11,late,sandy,6.23,0
61.51,32.36,63.39,0,initial,sandy,0,0
64.15,33.92,34.72,0,initial,sandy,0,0
62.12,21.22,54.78,3.75,development,sandy,4.62,0
77.16,30.82,44.16,3.15,late,sandy,13.62,0
67.82,25.56,49.33,4.72,mid_season,clay,12.21,0
65.05,32.19,31.18,3.96,mid_season,loamy,0.87,0
51.6,20.49,67.73,0,initial,loamy,0,0
54.62,24.19,81.64,4.5,late,sandy,10.64,0
61.07,33.42,46.47,4.82,late,clay,17.48,0
69.43,18.74,53.91,2.07,mid_season,loamy,16.51,0
66.98,20.37,80.5,4.87,late,sandy,9.25,0
78.49,20.41,56.84,3.96,late,clay,7.42,0
76.1,15.33,62.06,5.69,mid_season,clay,14.56,0
56.25,30.98,65.48,1.38,initial,clay,1.16,0
16.05,14.25,32.31,4.02,late,clay,19.06,0
65.96,13.85,67.42,3.53,mid_season,loamy,1.17,0
75.95,29.71,57.04,2.54,late,sandy,5.89,0
61.11,12.91,74.98,4.46,development,clay,1.02,0
43.48,20.48,59.14,3.66,late,clay,9.6,0
34.04,25.71,30.51,2.99,development,loamy,6.0,0
53.63,14.83,69.04,0,mid_season,clay,0,0
80.63,17.08,73.04,3.65,initial,sandy,2.83,0
53.61,32.1,51.06,2.35,initial,sandy,13.27,0
63.8,18.85,33.29,2.99,mid_season,loamy,16.32,0
33.66,27.23,61.11,5.51,development,loamy,4.81,0
67.16,18.22,38.29,4.68,late,clay,4.16,0
42.57,25.1,72.21,3.15,development,sandy,11.84,0
88.36,32.91,46.49,3.07,mid_season,loamy,8.06,0
76.69,26.24,77.19,0,initial,sandy,0,0
47.15,17.93,37.87,0,late,sandy,0,1
41.16,15.37,71.41,3.88,mid_season,clay,9.85,0
43.71,24.02,77.54,0,mid_season,loamy,0,1
53.33,25.44,55.15,3.84,development,clay,18.36,0
60.24,15.04,39.36,5.1,initial,sandy,0.44,0
60.35,16.89,34.77,3.5,late,loamy,14.85,0
67.1,22.2,36.16,2.68,late,loamy,9.79,0
43.9,33.43,44.43,4.23,mid_season,loamy,7.11,0
78.41,17.14,31.78,4.23,mid_season,loamy,14.33,0
40.54,21.42,77.71,3.92,initial,clay,12.78,0
12.22,18.89,65.87,3.88,late,sandy,5.2,0
60.81,28.55,76.8,4.51,initial,clay,15.01,0
36.51,16.03,35.43,3.41,initial,clay,2.7,0
86.67,26.9,52.47,4.83,initial,clay,3.33,0
49.94,19.47,64.28,5.36,late,clay,6.63,0
76.05,32.51,73.98,3.98,late,clay,14.38,0
64.31,32.92,55.44,5.27,development,loamy,25.05,0
57.58,15.13,83.96,0,development,loamy,0,0
89.35,28.68,68.75,3.24,mid_season,clay,8.9,0
45.7,31.46,44.91,5.71,mid_season,loamy,13.8,0
45.73,27.29,73.4,3.68,development,sandy,12.6,0
36.59,12.59,32.05,6.3,initial,loamy,10.63,0
91.9,16.7,47.19,3.22,late,clay,13.49,0
56.42,15.26,34.77,3.07,development,loamy,9.25,0
56.22,16.58,37.87,4.63,mid_season,loamy,1.06,0
28.21,17.26,55.71,6.42,late,loamy,15.14,0
55.51,31.27,43.55,3.8,development,loamy,11.86,0
48.12,24.57,66.59,0,mid_season,sandy,0,1
70.95,29.62,60.96,5.4,mid_season,sandy,12.57,0
54.02,17.25,83.34,2.78,mid_season,clay,9.76,0
51.64,30.22,82.33,2.73,initial,clay,2.8,0
31.06,29.09,65.44,3.68,mid_season,clay,18.2,0
57.4,17.52,80.25,3.86,development,loamy,3.81,0
32.01,29.7,57.69,4.18,development,clay,21.5,0
74.59,12.76,70.92,5.47,development,sandy,14.27,0
61.3,23.94,83.49,3.07,late,loamy,2.92,0
33.25,26.31,45.72,2.53,development,loamy,7.57,0
40.52,17.59,51.87,4.95,mid_season,loamy,16.0,0
69.62,26.44,50.71,2.31,late,sandy,16.63,0
44.61,16.97,35.5,3.08,development,loamy,13.38,0
43.75,33.38,44.41,5.01,mid_season,sandy,7.62,0
54.27,31.56,75.62,2.56,development,clay,5.64,0
59.71,19.34,71.74,5.28,development,sandy,16.37,0
83.69,23.04,30.76,3.97,mid_season,sandy,4.71,0
79.76,17.09,83.78,0,initial,sandy,0,0
67.38,12.25,32.25,4.41,late,sandy,10.68,0
12.91,12.89,53.02,2.66,late,sandy,5.38,0
92.08,27.14,77.85,3.06,initial,loamy,9.16,0
66.31,18.73,34.95,4.71,initial,loamy,3.78,0
59.54,29.5,72.03,4.71,late,clay,13.24,0
66.81,33.71,40.95,4.17,development,loamy,23.08,0
32.58,25.67,67.52,2.45,initial,sandy,7.7,0
54.62,17.22,62.64,4.02,initial,sandy,5.85,0
79.61,27.63,47.56,2.62,development,clay,19.62,0
33.25,32.48,46.36,3.09,mid_season,sandy,4.14,0
65.57,30.38,83.02,4.43,initial,sandy,2.85,0
92.13,22.23,42.25,3.08,mid_season,clay,4.31,0
34.3,30.15,68.25,0.87,mid_season,sandy,3.98,0
43.85,23.62,74.17,3.72,development,loamy,13.24,0
47.71,27.97,46.53,0,initial,clay,0,0
56.94,28.68,39.98,5.78,late,loamy,10.6,0
34.58,26.12,64.64,3.51,initial,clay,16.93,0
45.91,24.81,80.36,5.3,development,loamy,2.87,0
65.13,31.6,52.5,5.19,mid_season,clay,11.19,0
76.43,28.82,75.19,2.83,mid_season,loamy,3.84,0
95,30.08,51.1,6.28,late,sandy,4.54,0
23.22,14.99,44.37,3.4,initial,loamy,7.69,0
61.29,29.27,67.0,3.87,late,clay,28.39,0
41.72,19.78,30.09,4.59,late,clay,8.84,0
37.34,16.55,67.91,0,development,clay,0,1
76.46,30.22,81.84,3.96,late,clay,13.09,0
46.73,15.37,83.08,2.94,late,clay,20.57,0
50.98,18.58,60.0,4.9,development,clay,1.55,0
54.82,25.19,69.5,2.63,late,clay,7.0,0
49.2,13.17,61.9,2.85,mid_season,loamy,20.04,0
53.97,26.21,54.96,4.62,mid_season,sandy,12.21,0
51.6,32.96,32.21,3.03,late,clay,19.5,0
68.05,17.87,49.05,5.53,development,loamy,7.89,0
48.07,29.02,33.27,3.12,initial,clay,3.79,0
72.27,12.96,53.29,1.75,late,sandy,7.84,0
46.63,28.17,50.17,2.55,late,sandy,11.93,0
25.88,17.48,35.27,2.13,development,clay,9.16,0
72.12,20.67,46.08,3.36,initial,loamy,11.56,0
62.02,23.14,74.81,3.29,late,loamy,11.26,0
30.4,19.37,32.92,3.87,mid_season,sandy,27.59,0
62.86,16.39,30.03,0,initial,loamy,0,0
68.03,30.46,54.75,4.01,initial,sandy,6.91,0
43.03,19.27,59.99,2.45,development,clay,8.88,0
76.69,29.13,37.11,3.36,mid_season,clay,10.91,0
66.44,18.39,48.79,3.2,initial,clay,11.64,0
40.58,31.66,58.49,3.58,initial,loamy,11.84,0
35.42,16.56,52.66,5.7,late,clay,6.85,0
40.26,21.84,61.93,4.76,late,clay,10.5,0
38.4,13.69,77.42,4.53,mid_season,sandy,3.7,0
39.78,22.1,41.14,4.46,late,loamy,13.02,0
83.94,19.96,35.38,4.04,late,loamy,8.11,0
61.14,29.66,54.58,2.91,initial,loamy,9.2,0
95,17.99,79.08,3.1,late,clay,10.75,0
27.39,32.7,72.46,3.52,late,sandy,4.41,0
51.45,17.32,69.85,0,initial,loamy,0,0
61.62,21.78,72.54,2.96,development,sandy,18.43,0
52.23,27.58,82.37,5.82,mid_season,clay,21.24,0
55.64,21.73,46.97,4.31,late,clay,8.65,0
61.88,21.58,36.61,3.59,initial,clay,5.22,0
73.9,26.35,48.72,3.15,mid_season,loamy,5.82,0
36.89,27.47,60.02,2.82,development,clay,27.34,0
45.86,17.77,70.39,3.03,development,clay,6.84,0
74.31,28.72,63.85,3.15,mid_season,clay,18.25,0
16.75,33.51,39.37,4.0,mid_season,clay,11.88,0
85.44,14.4,37.25,3.53,late,clay,20.13,0
43.75,20.85,81.74,0,initial,sandy,0,0
52.98,13.86,49.77,4.88,initial,loamy,7.0,0
30.17,26.95,48.69,2.54,initial,clay,18.65,0
46.03,29.97,72.53,2.14,mid_season,clay,5.17,0
65.37,15.64,32.06,3.11,development,loamy,5.3,0
62.72,32.81,53.89,3.94,late,sandy,9.98,0
42.24,22.0,30.96,6.84,mid_season,loamy,20.76,0
66.62,26.0,43.85,0,initial,clay,0,0
55.06,23.56,62.77,3.47,late,loamy,7.52,0
70.21,19.29,68.61,5.68,mid_season,clay,9.75,0
83.22,25.9,31.79,5.14,initial,sandy,2.65,0
80.38,17.78,39.32,6.07,mid_season,sandy,6.56,0
68.07,16.81,79.53,2.97,late,sandy,7.21,0
80.5,21.4,32.95,3.25,late,sandy,12.34,0
62.37,13.35,52.89,1.7,development,loamy,15.95,0
49.01,16.38,36.69,3.26,development,loamy,3.76,0
46.77,17.05,50.31,5.13,development,loamy,11.51,0
55.86,16.27,74.2,3.75,initial,loamy,12.62,0
20.96,18.79,66.14,3.59,late,loamy,1.75,0
57.9,17.4,56.54,0,late,clay,0,0
54.06,22.1,52.64,3.18,initial,clay,2.71,0
41.74,32.01,52.81,5.2,mid_season,sandy,8.32,0
70.24,12.28,84.08,4.02,mid_season,loamy,17.01,0
86.55,21.15,54.05,3.73,initial,loamy,10.34,0
84.31,23.09,74.57,3.09,initial,sandy,7.96,0
25.31,16.99,35.12,6.39,initial,sandy,3.17,0
72.95,30.38,42.52,2.31,initial,clay,9.56,0
47.62,22.95,38.09,4.16,late,clay,1.75,0
54.81,18.57,61.61,2.91,late,sandy,9.26,0
79.83,15.89,38.82,4.19,mid_season,clay,16.37,0
70.55,20.75,34.31,1.35,development,loamy,13.83,0
36.75,28.16,79.55,0,initial,sandy,0,0
69.4,28.96,82.35,1.58,late,sandy,2.91,0
61.5,30.51,55.7,4.86,mid_season,loamy,13.61,0
83.44,23.94,35.32,4.29,mid_season,clay,6.0,0
49.27,29.89,73.97,5.58,development,sandy,14.29,0
79.43,20.5,53.75,5.15,late,clay,13.86,0
32.42,24.44,69.77,3.01,development,clay,6.46,0
67.84,12.77,76.47,4.92,development,clay,13.95,0
70.69,14.55,75.22,1.94,initial,clay,11.07,0
26.03,13.2,72.04,3.86,development,clay,16.13,0
70.56,22.82,61.43,2.45,development,clay,0.63,0
89.54,13.02,45.71,5.61,late,clay,6.57,0
39.41,19.69,76.41,2.84,initial,clay,8.42,0
61.61,18.19,53.05,4.37,initial,loamy,11.23,0
44.48,20.87,41.35,5.94,late,sandy,0.43,0
90.05,25.46,31.27,1.67,initial,loamy,9.45,0
47.99,13.55,61.14,4.6,development,clay,13.8,0
87.34,15.2,84.07,3.01,mid_season,sandy,9.28,0
8.08,18.46,54.06,0.81,initial,clay,7.14,0
48.73,17.55,68.95,3.23,late,clay,2.24,0
50.6,32.54,64.45,4.81,late,clay,14.14,0
58.84,26.87,82.13,3.6,development,sandy,2.25,0
44.42,18.77,41.79,0,development,clay,0,1
47.9,20.67,83.64,4.13,mid_season,clay,30.23,0
32.45,18.09,39.02,0,late,sandy,0,1
58.24,25.82,55.47,2.53,initial,loamy,8.63,0
47.01,23.93,60.37,0,initial,clay,0,0
34.71,18.03,82.42,5.18,late,sandy,12.74,0
45.33,29.94,70.96,4.93,development,clay,16.67,0
22.55,16.04,65.15,3.1,mid_season,clay,16.02,0
37.71,29.24,82.9,3.67,development,sandy,7.14,0
88.97,15.86,70.82,3.95,late,loamy,8.04,0
66.48,15.35,73.64,0,initial,loamy,0,0
29.77,17.54,39.15,3.63,development,sandy,1.24,0
75.08,27.24,41.22,0,development,loamy,0,0
71.21,28.24,44.5,3.69,mid_season,sandy,11.97,0
44.26,23.73,44.29,0,late,sandy,0,1
60.44,24.48,50.68,4.01,development,sandy,4.24,0
63.29,24.52,84.13,3.8,development,loamy,6.21,0
45.99,26.96,69.23,2.52,mid_season,clay,12.11,0
60.3,18.27,53.58,3.43,development,clay,1.75,0
59.78,32.74,58.6,0,initial,loamy,0,0
47.65,15.92,73.04,4.01,development,loamy,6.54,0
90.92,19.76,83.26,6.07,mid_season,loamy,19.49,0
34.43,19.81,75.5,2.98,development,clay,3.23,0
39.9,13.16,65.2,3.51,development,clay,12.11,0
43.86,23.83,43.58,0,development,loamy,0,1
32.24,30.03,58.91,3.84,late,clay,2.27,0
70.55,20.08,49.49,1.9,initial,loamy,15.64,0
62.85,23.71,81.94,2.86,late,clay,11.19,0
38.24,20.9,54.21,4.18,development,loamy,3.69,0
45.85,30.8,83.75,4.98,late,sandy,11.67,0
54.73,15.76,39.13,4.63,late,clay,24.52,0
59.6,17.89,63.91,3.53,initial,loamy,9.54,0
60.16,14.19,71.01,2.86,mid_season,clay,13.77,0
68.32,30.41,32.78,1.23,late,sandy,5.38,0
23.06,13.3,32.49,3.54,late,clay,9.63,0
42.4,14.76,78.12,2.93,late,loamy,9.95,0
63.39,25.75,32.12,4.59,development,clay,0.21,0
50.94,29.1,47.82,4.42,development,loamy,5.72,0
83.54,14.39,74.92,0,development,loamy,0,0
55.94,22.02,83.82,2.33,initial,clay,9.77,0
66.94,25.32,32.19,4.24,development,sandy,1.26,0
54.0,25.13,63.92,2.93,initial,clay,15.42,0
60.68,23.09,70.97,4.82,mid_season,clay,17.92,0
68.23,26.68,73.56,0,mid_season,loamy,0,0
40.2,28.6,73.96,5.71,development,loamy,11.09,0
38.91,19.14,75.76,4.1,late,clay,12.35,0
44.82,30.01,33.88,3.13,mid_season,clay,19.97,0
52.59,33.09,57.9,0,initial,loamy,0,0
68.87,25.94,73.17,0,development,loamy,0,0
66.62,14.59,82.08,4.63,development,clay,11.12,0
54.48,17.75,48.76,4.43,mid_season,clay,12.25,0
50.13,33.09,38.45,4.07,mid_season,loamy,12.77,0
64.09,32.73,53.21,2.71,late,loamy,27.03,0
44.0,31.36,32.06,4.7,late,sandy,1.08,0
43.5,27.21,66.98,4.02,initial,loamy,14.86,0
95,14.84,43.86,5.11,development,sandy,20.3,0
51.96,27.9,69.19,3.84,initial,loamy,15.02,0
69.08,27.69,67.62,0,initial,clay,0,0
66.07,24.26,49.68,0,development,loamy,0,0
64.5,26.5,39.93,4.68,mid_season,clay,8.65,0
72.22,15.99,47.56,3.17,mid_season,clay,17.01,0
78.12,19.17,47.78,2.5,mid_season,clay,25.35,0
51.51,18.8,52.77,2.69,late,clay,2.97,0
63.65,21.36,48.7,6.2,late,clay,6.2,0
58.86,23.09,68.45,3.48,late,clay,23.99,0
23.28,22.63,67.44,4.42,initial,sandy,10.57,0
53.14,13.4,78.72,5.39,development,clay,8.57,0
44.6,24.34,46.76,2.6,initial,loamy,4.66,0
78.32,28.97,62.5,3.79,mid_season,loamy,12.98,0
70.35,14.69,83.41,6.76,initial,clay,14.7,0
70.0,17.83,62.07,2.89,mid_season,clay,4.55,0
62.15,26.84,61.13,3.12,mid_season,sandy,9.98,0
29.24,25.83,32.42,3.71,mid_season,sandy,3.41,0
58.84,27.73,68.36,2.42,mid_season,loamy,17.9,0
5,27.65,37.41,4.17,late,clay,16.93,0
41.83,30.25,34.11,3.1,mid_season,sandy,9.83,0
82.41,29.56,74.03,3.79,late,clay,4.21,0
28.97,24.42,52.65,4.27,mid_season,loamy,17.83,0
41.21,31.13,47.97,3.36,late,clay,8.06,0
40.5,30.7,76.28,4.4,mid_season,loamy,17.05,0
38.03,26.46,65.3,3.51,mid_season,loamy,8.73,0
68.14,33.61,82.85,3.42,mid_season,clay,18.65,0
48.06,13.32,56.19,0,mid_season,clay,0,0
69.73,14.08,30.47,3.99,mid_season,loamy,5.61,0
65.66,12.78,81.36,4.75,mid_season,loamy,10.91,0
34.49,17.46,70.06,5.67,mid_season,loamy,9.55,0
61.11,13.36,34.83,4.04,mid_season,loamy,17.11,0
33.95,17.48,54.2,3.73,development,sandy,7.77,0
56.14,31.4,63.28,4.6,mid_season,sandy,12.09,0
35.62,24.98,81.52,1.53,mid_season,loamy,4.83,0
75.79,15.05,46.95,5.56,development,sandy,8.67,0
26.25,27.49,80.91,2.5,initial,clay,9.17,0
65.78,12.53,35.91,3.96,late,loamy,16.5,0
32.01,21.0,70.63,1.21,late,loamy,19.11,0
53.57,20.89,77.04,4.03,mid_season,loamy,23.73,0
70.78,27.81,70.25,0,mid_season,clay,0,0
51.05,21.76,42.79,1.86,initial,sandy,6.86,0
55.19,27.09,51.27,2.6,initial,sandy,18.11,0
26.18,25.53,83.45,0,mid_season,sandy,0,1
52.55,18.59,31.95,2.21,late,clay,11.25,0
36.02,30.41,57.06,4.55,initial,sandy,9.2,0
40.57,15.49,45.06,4.14,mid_season,sandy,24.56,0
53.76,22.48,41.58,3.13,development,clay,28.78,0
75.12,31.88,43.15,5.22,late,clay,14.59,0
54.59,14.1,65.53,4.58,mid_season,clay,20.38,0
55.9,21.16,61.01,0,late,sandy,0,1
56.24,28.51,57.32,3.42,late,clay,7.86,0
48.39,16.32,45.5,5.0,development,loamy,4.54,0
57.24,16.49,66.31,5.82,late,loamy,11.57,0
25.8,32.59,67.73,4.59,mid_season,clay,18.78,0
64.33,22.23,82.85,4.39,late,sandy,6.78,0
39.64,31.19,58.98,3.94,late,clay,9.37,0
33.18,31.35,77.89,3.97,initial,clay,9.4,0
67.46,23.4,77.23,5.63,late,sandy,4.26,0
95,13.21,52.36,5.18,initial,loamy,0.4,0
53.43,22.07,33.59,0,late,clay,0,0
42.83,13.2,51.46,6.24,mid_season,sandy,4.16,0
52.95,12.29,62.52,0,late,sandy,0,1
49.31,27.65,48.3,4.14,initial,loamy,0.14,0
48.26,21.26,70.98,2.6,development,clay,9.2,0
67.91,28.88,40.86,4.63,initial,sandy,0.98,0
44.12,25.82,36.59,0,development,clay,0,1
44.64,21.98,35.0,5.47,late,sandy,4.27,0
40.23,20.24,50.23,4.15,mid_season,loamy,0.51,0
64.94,18.19,50.25,4.55,initial,clay,10.23,0
69.82,22.77,47.82,5.02,development,clay,1.64,0
57.16,13.83,74.3,2.28,late,loamy,3.82,0
43.52,20.39,48.31,4.6,initial,clay,0.61,0
29.72,16.55,49.42,5.76,initial,sandy,4.09,0
32.38,25.86,71.53,4.52,development,clay,6.76,0
66.79,28.12,35.83,2.7,mid_season,sandy,8.4,0
44.9,17.47,58.36,5.01,mid_season,loamy,12.95,0
7.0,15.13,54.6,2.98,mid_season,loamy,14.21,0
47.6,16.57,42.44,2.59,mid_season,loamy,7.65,0
51.16,18.32,78.86,4.42,development,clay,12.87,0
51.33,18.62,56.03,2.41,initial,sandy,7.82,0
60.92,22.18,63.26,4.07,mid_season,sandy,10.41,0
44.64,31.39,69.9,2.96,mid_season,clay,8.58,0
51.36,22.21,67.97,3.22,initial,loamy,4.9,0
62.7,15.8,32.24,3.12,late,sandy,4.24,0
55.11,18.38,66.43,4.6,development,clay,11.36,0
42.39,19.65,67.14,6.05,initial,loamy,20.49,0
37.0,12.95,57.09,4.07,development,clay,9.05,0
43.44,21.48,64.9,0,development,clay,0,1
72.31,19.03,68.03,2.94,development,sandy,16.15,0
64.74,28.68,50.71,4.49,development,sandy,9.86,0
37.19,25.62,73.99,4.39,late,clay,2.95,0
57.84,22.77,46.36,3.76,development,sandy,15.1,0
41.98,16.94,82.37,0,development,clay,0,1
62.96,27.98,39.01,0,initial,loamy,0,0
80.44,27.12,42.51,3.77,late,loamy,3.28,0
49.65,21.78,32.58,2.96,mid_season,sandy,7.01,0
43.34,17.45,84.1,0,late,sandy,0,1
48.32,24.8,35.54,0,initial,clay,0,0
67.0,13.95,47.49,4.51,development,loamy,4.35,0
26.72,31.1,62.09,2.93,late,clay,4.06,0
31.94,30.64,76.69,3.01,mid_season,sandy,11.56,0
75.41,25.29,82.02,4.57,late,sandy,16.16,0
57.42,15.49,64.87,5.44,development,clay,10.18,0
72.69,14.78,62.18,0,initial,clay,0,0
48.26,17.81,82.69,3.72,development,loamy,9.87,0
74.75,12.83,51.57,4.93,initial,sandy,12.65,0
42.14,15.98,66.81,3.82,late,sandy,5.93,0
24.19,17.82,45.43,5.18,initial,clay,4.83,0
70.16,23.28,34.62,3.99,mid_season,sandy,2.64,0
55.39,22.94,35.02,2.14,mid_season,loamy,20.09,0
57.05,20.72,31.76,3.49,initial,loamy,3.29,0
25.85,24.48,80.96,2.51,initial,clay,14.22,0
53.03,23.21,76.52,0,initial,sandy,0,0
70.29,23.92,69.23,3.68,initial,clay,3.23,0
39.59,21.55,44.35,4.0,mid_season,clay,14.0,0
48.35,12.44,83.34,4.7,mid_season,sandy,7.49,0
53.72,26.38,55.57,0,mid_season,sandy,0,1
46.45,33.03,31.47,4.34,development,sandy,17.68,0
49.35,26.3,81.9,5.03,late,sandy,13.09,0
67.21,33.05,31.43,3.41,mid_season,clay,26.61,0
42.69,13.92,77.33,4.71,initial,loamy,7.03,0
44.89,17.56,41.08,2.08,initial,clay,16.0,0
55.07,19.97,71.54,3.05,late,sandy,14.1,0
89.46,23.03,32.87,4.61,initial,clay,6.05,0
34.74,30.78,48.96,3.57,initial,loamy,10.0,0
25.22,13.12,68.28,0,development,loamy,0,1
57.98,29.72,63.5,3.64,late,loamy,2.51,0
37.99,26.62,34.46,5.1,mid_season,clay,14.13,0
48.16,24.43,71.02,4.17,late,loamy,12.25,0
44.17,16.74,51.44,4.71,initial,sandy,13.73,0
39.14,13.08,52.2,3.86,late,loamy,1.98,0
51.87,15.32,33.55,5.24,development,sandy,0.58,0
51.57,24.5,58.92,2.7,mid_season,sandy,10.69,0
24.69,22.68,66.25,0,development,clay,0,1
47.59,24.81,82.88,3.49,initial,loamy,10.39,0
12.9,20.9,64.45,2.94,mid_season,sandy,7.83,0
87.33,26.51,61.79,3.5,mid_season,loamy,13.69,0
53.47,25.99,31.01,5.03,late,clay,5.99,0
88.91,14.54,67.94,5.33,mid_season,sandy,22.15,0
43.5,20.23,31.2,4.8,mid_season,clay,7.33,0
59.68,17.47,46.63,4.47,mid_season,loamy,15.09,0
34.15,31.64,47.25,2.34,initial,clay,2.07,0
54.24,28.03,80.0,0,mid_season,clay,0,0
31.55,29.95,63.86,5.65,development,sandy,16.01,0
32.15,14.57,53.02,4.38,late,loamy,15.75,0
50.5,21.99,84.93,0,initial,sandy,0,0
62.67,18.02,34.69,0,development,clay,0,0
42.14,33.94,72.84,6.73,mid_season,clay,24.0,0
29.67,12.82,38.04,3.61,late,loamy,5.22,0
82.33,21.75,77.26,4.1,mid_season,clay,4.71,0
34.45,18.9,78.91,3.93,development,clay,10.85,0
32.66,17.51,67.13,4.29,initial,loamy,9.4,0
71.7,23.45,30.05,3.88,development,loamy,1.57,0
72.28,18.21,59.28,4.38,initial,sandy,1.45,0
72.17,12.03,45.28,3.37,late,clay,6.06,0
49.11,28.6,76.12,4.26,initial,clay,5.08,0
63.13,30.91,56.03,5.83,late,clay,18.42,0
54.89,24.94,49.43,4.56,development,sandy,11.88,0
52.52,17.8,78.69,3.99,late,loamy,4.47,0
36.06,23.42,59.59,3.55,initial,sandy,6.08,0
36.46,17.92,57.6,4.61,development,clay,16.02,0
70.38,20.21,49.93,2.44,development,loamy,0.62,0
58.42,28.93,55.45,5.54,mid_season,loamy,12.59,0
78.34,17.92,79.85,4.9,late,clay,10.42,0
95,31.13,70.28,4.23,mid_season,sandy,6.58,0
56.25,24.54,69.74,4.58,late,clay,10.1,0
55.19,18.65,45.5,5.25,development,loamy,25.89,0
60.23,28.48,36.5,5.64,mid_season,clay,17.19,0
62.38,31.43,79.29,4.41,initial,loamy,3.67,0
48.14,27.55,47.0,3.65,initial,sandy,4.74,0
56.52,22.46,38.02,3.11,development,sandy,7.33,0
57.37,32.03,34.82,3.99,initial,loamy,10.02,0
58.72,32.33,53.67,2.38,mid_season,sandy,14.18,0
58.71,17.64,30.84,5.04,development,clay,7.58,0
40.35,33.45,52.33,3.32,development,clay,19.31,0
55.31,30.42,40.81,3.59,initial,sandy,10.0,0
68.5,21.87,59.89,4.2,mid_season,loamy,26.08,0
55.41,15.3,72.04,4.41,late,loamy,4.68,0
65.71,18.3,58.27,1.59,development,clay,8.0,0
59.71,31.47,54.58,4.07,mid_season,clay,17.95,0
48.14,19.6,59.68,3.22,initial,sandy,7.09,0
62.66,32.79,77.54,2.16,late,loamy,6.77,0
76.55,29.69,71.64,5.02,initial,sandy,16.75,0
20.03,27.35,64.02,5.38,initial,sandy,7.15,0
75.37,31.68,58.34,2.96,late,clay,12.07,0
41.19,16.91,43.71,5.81,late,sandy,2.62,0
61.27,33.19,68.99,2.38,initial,sandy,2.26,0
87.56,28.07,84.27,0,initial,sandy,0,0
58.38,31.48,71.7,4.73,development,sandy,15.88,0
51.9,29.93,81.67,2.78,development,clay,14.39,0
67.1,15.59,61.72,4.9,mid_season,clay,7.41,0
62.55,32.75,32.51,5.16,late,sandy,0.68,0
47.64,16.61,78.06,5.82,initial,sandy,6.36,0
43.96,12.58,80.3,4.12,mid_season,sandy,3.7,0
63.05,20.59,78.09,2.74,initial,clay,10.08,0
48.36,32.4,71.39,2.62,mid_season,loamy,10.23,0
70.33,18.34,66.02,4.47,initial,sandy,2.75,0
61.26,20.82,61.92,2.28,initial,sandy,9.99,0
56.97,33.88,43.84,0,initial,clay,0,0
46.4,16.77,59.68,3.13,mid_season,clay,10.46,0
63.14,31.02,70.54,3.11,mid_season,sandy,1.56,0
70.22,33.43,63.96,3.19,development,loamy,18.59,0
51.83,26.04,53.66,4.58,initial,clay,14.16,0
57.54,23.69,80.34,3.53,initial,loamy,8.49,0
79.07,28.6,53.01,0,development,sandy,0,0
47.09,23.82,43.07,0,development,loamy,0,1
24.59,14.4,47.98,3.97,mid_season,clay,20.6,0
41.72,32.82,55.41,1.89,development,clay,11.79,0
62.85,27.11,75.24,3.13,mid_season,clay,3.53,0
53.6,13.16,84.69,4.18,development,clay,7.02,0
70.31,17.06,50.41,3.56,late,sandy,4.01,0
64.96,33.42,43.88,4.87,late,sandy,6.8,0
48.52,30.18,83.69,3.82,development,sandy,11.1,0
71.52,22.02,46.38,4.51,mid_season,sandy,2.22,0
52.5,13.13,63.41,3.13,mid_season,sandy,1.92,0
63.51,25.18,35.38,3.5,development,sandy,18.86,0
54.87,31.44,75.53,6.82,development,loamy,14.53,0
50.53,26.83,50.45,3.91,late,sandy,1.25,0
58.89,25.67,67.63,4.0,mid_season,sandy,8.48,0
15.48,33.07,34.2,3.12,initial,loamy,2.29,0
75.33,30.7,37.39,4.25,development,sandy,6.22,0
71.25,13.43,65.07,4.07,initial,clay,17.87,0
67.81,12.54,63.69,3.85,development,clay,0.05,0
66.17,32.46,40.63,4.64,development,loamy,5.7,0
29.41,29.48,84.54,2.96,development,clay,10.35,0
56.58,20.75,79.46,4.83,late,clay,17.42,0
76.69,19.3,46.77,3.88,development,clay,18.91,0
66.75,19.99,58.54,4.46,late,clay,4.68,0
76.97,19.42,53.52,5.49,late,sandy,20.41,0
31.96,17.21,38.38,1.68,late,sandy,9.29,0
52.76,27.37,49.59,1.76,mid_season,loamy,2.34,0
55.26,22.33,35.79,5.37,mid_season,loamy,1.81,0
51.71,26.51,51.14,4.24,initial,sandy,11.84,0
74.75,18.67,40.39,3.54,mid_season,clay,4.73,0
54.58,21.67,34.54,2.75,late,sandy,4.98,0
25.14,19.84,58.84,2.59,mid_season,loamy,24.71,0
26.16,30.52,78.76,0,initial,clay,0,0
46.35,22.78,40.88,0,development,clay,0,0
49.45,21.45,66.64,3.9,mid_season,loamy,21.56,0
42.26,22.22,63.55,2.21,late,clay,7.06,0
65.69,27.88,49.83,4.43,mid_season,sandy,6.63,0
44.2,17.62,49.82,3.41,mid_season,loamy,8.58,0
32.68,17.98,53.67,0,initial,loamy,0,0
58.0,19.79,70.52,0,initial,clay,0,0
48.45,18.61,81.92,4.89,mid_season,clay,21.08,0
88.48,25.65,78.89,3.66,mid_season,loamy,13.56,0
70.0,19.52,68.39,2.65,late,clay,13.41,0
52.68,30.27,70.16,4.83,mid_season,clay,15.75,0
56.95,16.43,49.81,3.55,mid_season,clay,15.94,0
43.28,32.68,70.75,5.03,development,clay,6.5,0
90.91,25.99,63.62,0,late,loamy,0,0
51.53,16.7,43.36,5.24,initial,clay,8.31,0
45.01,30.86,56.78,3.76,development,clay,24.27,0
72.89,22.14,74.58,0,development,clay,0,0
65.79,18.11,34.52,1.92,initial,sandy,6.64,0
50.39,22.3,63.75,5.44,development,clay,4.59,0
64.75,15.09,70.91,2.47,development,sandy,9.56,0
64.3,23.59,50.24,4.27,mid_season,loamy,7.59,0
44.17,33.09,84.12,0,initial,clay,0,0
75.13,20.23,36.64,2.53,development,sandy,3.7,0
62.42,29.98,56.58,0,initial,sandy,0,0
42.73,16.09,71.6,5.41,development,clay,10.82,0
50.89,21.11,75.23,4.26,late,loamy,5.47,0
53.3,16.54,49.77,5.2,initial,clay,1.62,0
46.23,13.61,61.83,2.6,development,clay,14.0,0
72.06,33.7,46.32,3.36,initial,clay,6.1,0
75.35,14.67,46.96,3.5,initial,clay,14.22,0
54.72,32.92,57.54,3.94,development,loamy,5.74,0
55.31,31.25,55.08,0,initial,clay,0,0
40.63,21.0,56.05,5.55,late,sandy,6.65,0
34.91,28.97,77.1,4.34,development,clay,4.39,0
16.22,15.85,38.73,3.94,initial,loamy,14.26,0
48.81,28.9,37.43,4.68,initial,loamy,13.09,0
68.01,24.67,80.81,0,development,clay,0,0
41.04,24.15,80.96,4.6,mid_season,sandy,19.5,0
48.0,16.11,67.85,3.37,late,loamy,15.24,0
40.8,24.78,53.35,2.77,mid_season,sandy,1.58,0
76.99,12.08,65.51,5.14,mid_season,sandy,9.69,0
45.93,25.47,69.57,6.99,late,sandy,10.57,0
52.14,18.01,65.94,5.96,mid_season,clay,12.01,0
25.12,13.98,44.49,3.31,late,clay,9.59,0
36.82,26.29,46.03,2.33,development,clay,11.77,0
37.92,22.27,43.42,0,mid_season,loamy,0,1
77.04,20.31,69.54,4.77,late,loamy,9.66,0
46.53,21.47,40.34,4.35,development,loamy,14.81,0
21.61,33.78,78.85,2.36,late,sandy,10.87,0
61.19,30.71,49.99,3.23,mid_season,loamy,9.77,0
57.28,30.18,61.4,2.83,mid_season,loamy,22.13,0
26.25,17.35,68.34,5.04,development,sandy,0.41,0
43.32,27.46,37.49,3.55,late,clay,3.51,0
71.41,19.06,47.79,5.01,mid_season,loamy,33.19,0
60.21,16.88,74.68,3.98,initial,clay,3.35,0
36.09,25.4,44.42,4.72,mid_season,sandy,7.67,0
70.05,18.27,31.76,3.77,initial,loamy,5.41,0
57.81,26.07,76.4,3.79,mid_season,clay,17.32,0
46.95,18.97,63.24,2.5,late,sandy,18.34,0
58.95,19.06,83.21,5.58,mid_season,sandy,1.99,0
63.34,23.36,44.82,6.32,mid_season,clay,22.33,0
38.24,26.14,30.74,0,mid_season,clay,0,1
53.64,33.08,48.95,4.21,initial,clay,3.57,0
56.84,16.57,63.44,3.27,development,clay,17.27,0
56.76,24.7,54.81,3.59,mid_season,loamy,5.1,0
42.06,33.07,52.25,5.22,late,sandy,6.63,0
58.22,27.56,78.56,5.27,mid_season,loamy,25.45,0
69.54,23.41,45.74,3.95,development,sandy,14.78,0
62.05,15.89,35.32,4.04,mid_season,loamy,12.56,0
75.38,29.46,84.59,4.07,mid_season,loamy,11.52,0
48.17,23.34,47.37,3.91,development,loamy,22.77,0
72.62,12.05,69.87,2.17,late,clay,11.94,0
95,20.95,41.54,0,late,loamy,0,0
84.64,22.43,51.9,4.93,late,loamy,2.03,0
63.72,25.48,43.1,3.87,development,loamy,5.8,0
19.84,23.8,77.4,0,development,clay,0,1
27.12,30.11,40.45,3.74,late,clay,11.29,0
66.0,21.58,61.15,5.05,mid_season,loamy,13.51,0
36.76,13.36,71.16,1.83,initial,clay,4.4,0
32.85,26.19,58.26,4.97,development,sandy,8.02,0
58.74,27.59,45.27,4.53,development,sandy,7.86,0
46.61,20.6,67.8,5.31,initial,sandy,8.72,0
65.78,16.05,71.99,0,initial,sandy,0,0
70.0,15.52,70.78,2.96,development,sandy,8.48,0
46.86,15.95,76.37,3.67,mid_season,loamy,10.53,0
52.7,33.34,45.2,5.88,initial,sandy,16.86,0
68.95,31.08,51.11,0,late,sandy,0,0
70.51,16.16,49.93,5.27,mid_season,loamy,15.46,0
56.15,33.28,32.06,3.69,development,clay,13.5,0
73.26,33.25,36.05,6.62,development,loamy,13.15,0
52.05,28.22,35.28,3.59,mid_season,clay,9.34,0
56.89,32.55,70.18,1.68,initial,loamy,3.9,0
85.52,13.03,53.87,3.43,late,sandy,10.3,0
57.47,29.25,38.09,3.53,development,clay,11.14,0
95,29.25,35.03,6.13,mid_season,sandy,31.48,0
62.89,12.72,74.29,4.71,development,loamy,7.33,0
50.47,12.96,71.63,4.16,development,sandy,8.63,0
58.88,16.81,63.99,4.55,mid_season,clay,18.79,0
40.44,18.46,61.2,2.39,mid_season,loamy,17.66,0
55.74,31.43,45.79,4.4,late,sandy,2.43,0
34.03,16.51,60.12,4.31,initial,clay,15.85,0
82.4,33.95,70.52,0,initial,loamy,0,0
33.82,25.07,37.67,4.17,mid_season,sandy,1.98,0
54.8,24.6,30.74,3.43,initial,loamy,5.82,0
78.27,14.91,74.82,5.16,development,sandy,10.37,0
55.18,16.0,77.99,0,development,sandy,0,1
75.18,30.52,49.74,0,initial,sandy,0,0
15.8,33.78,47.3,2.58,initial,loamy,0.25,0
70.52,12.11,61.73,4.95,initial,clay,3.19,0
56.4,28.12,71.64,6.24,initial,clay,4.06,0
58.22,23.2,54.24,2.95,initial,loamy,5.29,0
50.79,22.23,36.46,6.46,mid_season,loamy,1.26,0
52.71,32.26,58.14,0,late,clay,0,0
68.92,23.2,50.39,5.1,initial,clay,4.13,0
50.1,24.75,58.97,2.68,development,clay,6.18,0
58.93,26.51,78.66,3.66,late,clay,10.3,0
66.83,25.78,55.03,2.05,late,loamy,5.47,0
41.51,29.05,57.05,5.83,initial,clay,10.32,0
25.5,31.36,38.1,4.17,development,clay,9.98,0
50.97,13.63,33.28,4.37,mid_season,loamy,7.56,0
51.1,27.74,58.21,4.23,initial,sandy,7.18,0
58.88,26.07,61.38,5.99,mid_season,clay,8.67,0
47.5,24.75,33.81,0,initial,loamy,0,0
44.88,26.0,78.86,3.91,late,clay,10.29,0
54.41,29.53,74.63,3.96,late,clay,5.83,0
40.51,14.33,47.68,4.92,mid_season,clay,13.16,0
72.69,22.41,47.59,5.59,initial,clay,18.27,0
49.23,32.66,75.92,4.64,late,sandy,11.57,0
60.28,29.92,66.99,3.42,mid_season,sandy,13.34,0
39.1,21.01,45.33,3.59,development,clay,14.05,0
24.21,23.95,62.39,4.09,initial,sandy,15.0,0
41.07,14.67,80.29,3.8,development,loamy,9.39,0
65.91,33.58,82.33,4.77,initial,clay,2.72,0
51.41,22.25,64.95,6.16,mid_season,loamy,13.4,0
53.56,16.6,60.73,4.84,initial,clay,6.3,0
26.06,17.43,64.15,2.59,late,loamy,10.29,0
83.7,13.39,70.3,5.18,development,loamy,5.91,0
89.45,25.6,41.58,2.43,development,clay,11.37,0
50.77,22.18,42.23,3.36,late,sandy,6.3,0
37.57,22.34,47.17,3.06,development,loamy,3.86,0
70.19,26.48,51.15,2.17,late,loamy,3.03,0
84.95,21.11,67.33,3.2,initial,clay,2.6,0
61.85,26.63,40.79,3.12,late,sandy,13.41,0
64.76,13.69,58.09,4.99,late,clay,13.42,0
86.66,21.84,74.03,5.3,mid_season,loamy,15.47,0
33.81,33.82,44.44,3.66,late,loamy,13.94,0
64.31,22.25,83.56,4.68,late,sandy,12.27,0
68.39,17.63,75.68,5.4,late,clay,8.76,0
64.69,29.78,42.39,4.17,late,sandy,19.54,0
35.53,25.09,31.09,4.68,development,clay,0.01,0
38.02,20.58,68.25,2.91,late,loamy,2.81,0
55.67,28.21,72.76,5.11,development,loamy,4.49,0
61.39,33.81,34.98,5.11,development,loamy,11.09,0
78.49,33.36,43.8,4.21,initial,sandy,5.06,0
29.91,31.7,50.01,5.44,development,sandy,11.94,0
53.67,15.4,57.13,3.09,late,loamy,6.7,0
77.18,20.83,43.8,5.41,development,sandy,11.07,0
48.9,23.94,37.53,2.15,late,loamy,1.09,0
64.85,26.54,34.08,1.93,development,clay,21.82,0
49.43,25.87,77.47,4.43,late,clay,9.85,0
52.02,17.54,55.22,2.95,late,loamy,9.51,0
81.56,26.17,81.49,0,development,clay,0,0
51.53,14.81,54.21,4.09,mid_season,sandy,5.78,0
58.41,29.96,33.72,2.57,initial,sandy,3.88,0
35.38,24.95,34.04,3.94,development,clay,14.65,0
41.94,31.7,66.41,2.95,mid_season,loamy,11.61,0
53.12,19.13,46.41,1.94,mid_season,clay,8.91,0
38.78,20.23,78.59,4.26,mid_season,clay,10.62,0
47.28,13.67,51.08,3.84,mid_season,clay,4.32,0
45.94,31.16,77.62,2.61,late,clay,5.6,0
65.47,22.29,84.26,5.13,development,loamy,3.84,0
56.14,25.43,57.44,3.23,initial,sandy,10.77,0
60.04,25.49,62.59,5.48,late,sandy,3.9,0
53.67,17.87,31.64,3.33,late,clay,7.06,0
82.9,16.04,42.03,2.11,mid_season,loamy,7.37,0
38.98,12.89,43.17,4.25,development,sandy,5.1,0
38.36,12.8,64.04,4.71,mid_season,sandy,12.95,0
62.03,21.29,60.01,2.31,development,sandy,3.59,0
34.86,23.38,58.02,0,initial,loamy,0,0
45.73,18.14,77.37,3.2,development,sandy,2.94,0
37.94,29.68,80.47,3.93,initial,loamy,8.22,0
36.07,17.51,37.2,3.0,development,sandy,0.07,0
62.71,16.45,44.97,5.03,mid_season,sandy,9.31,0
52.08,13.98,53.56,3.31,mid_season,clay,3.4,0
65.35,26.97,47.01,0,mid_season,sandy,0,0
40.72,21.04,83.6,0,initial,loamy,0,0
36.69,19.35,78.47,3.75,initial,clay,4.6,0
67.42,22.49,75.69,5.6,initial,loamy,7.68,0
42.23,27.2,56.35,4.16,development,loamy,10.37,0
62.99,29.33,67.46,4.31,initial,sandy,16.94,0
71.41,19.69,51.15,0,mid_season,sandy,0,0
57.84,17.99,66.3,3.93,mid_season,clay,21.35,0
43.64,14.98,44.47,5.34,late,clay,18.53,0
77.12,19.09,35.34,4.71,mid_season,sandy,12.73,0
38.7,20.91,49.8,4.66,mid_season,loamy,12.24,0
49.08,17.66,55.23,5.83,mid_season,clay,19.64,0
95,18.19,76.74,0,development,loamy,0,0
48.12,14.19,41.81,0,mid_season,loamy,0,1
57.18,20.01,80.84,2.43,late,loamy,14.32,0
50.69,29.0,69.22,3.01,initial,loamy,6.48,0
56.24,18.44,46.05,4.01,mid_season,clay,16.73,0
74.65,23.16,40.22,0,initial,sandy,0,0
52.76,13.13,33.55,3.72,mid_season,loamy,13.92,0
76.29,30.71,40.71,5.38,development,sandy,3.1,0
66.12,26.28,83.94,5.03,development,sandy,12.39,0
67.18,31.54,69.25,0,initial,sandy,0,0
82.71,27.06,43.82,4.94,late,sandy,5.27,0
54.83,21.82,49.64,4.02,initial,loamy,4.61,0
77.21,26.32,76.76,2.42,late,loamy,9.33,0
77.11,15.52,53.82,4.22,late,clay,23.51,0
81.48,17.39,39.94,3.62,development,sandy,6.11,0
70.22,22.97,79.17,0,late,clay,0,0
8.2,15.12,34.59,4.87,initial,sandy,7.28,0
35.01,29.71,52.64,4.04,development,clay,11.53,0
23.34,20.74,70.78,2.6,development,clay,1.47,0
49.35,23.08,52.8,3.96,mid_season,clay,11.05,0
52.5,27.39,39.07,3.04,development,loamy,11.05,0
39.54,16.81,69.42,4.61,mid_season,loamy,18.57,0
66.16,14.31,64.9,3.14,development,sandy,10.75,0
30.32,33.83,64.58,3.27,mid_season,loamy,18.34,0
40.83,12.67,30.04,0,initial,clay,0,0
34.1,31.21,31.98,2.71,development,clay,2.7,0
62.83,23.41,52.42,6.21,initial,sandy,0.77,0
27.27,24.42,63.24,4.77,late,loamy,14.35,0
57.43,13.56,41.56,4.14,initial,loamy,4.65,0
49.21,20.61,30.35,4.04,late,clay,10.22,0
61.47,26.24,66.97,2.48,development,clay,4.49,0
23.97,17.75,55.48,3.57,development,sandy,6.94,0
59.99,12.78,43.86,4.29,initial,clay,7.58,0
78.03,17.88,40.59,5.45,initial,clay,14.34,0
60.38,12.88,76.53,3.53,initial,sandy,10.86,0
36.32,32.08,59.44,3.54,mid_season,loamy,5.87,0
80.2,13.23,38.47,3.63,development,loamy,6.88,0
9.95,18.8,33.75,3.17,development,clay,12.92,0
95,21.55,46.18,0,development,sandy,0,0
62.18,24.57,73.89,3.07,mid_season,loamy,2.93,0
67.04,23.91,84.92,3.17,development,clay,6.17,0
53.06,28.75,36.69,4.06,development,sandy,24.38,0
95,33.06,45.84,3.39,mid_season,loamy,26.16,0
75.14,28.05,68.35,0,late,sandy,0,0
61.26,26.07,30.99,5.84,initial,loamy,5.6,0
95,21.87,37.97,0,mid_season,loamy,0,0
38.99,12.05,59.01,3.75,development,clay,12.85,0
85.8,25.61,42.89,3.85,late,loamy,16.54,0
55.8,20.81,77.6,3.98,late,sandy,1.04,0
41.23,33.87,75.28,2.95,late,sandy,3.53,0
24.95,33.2,52.02,0,late,loamy,0,1
64.51,30.41,38.56,5.07,initial,loamy,16.8,0
37.29,17.9,30.42,4.01,mid_season,loamy,8.19,0
51.08,30.33,63.3,0,initial,clay,0,0
68.51,29.94,34.33,5.54,initial,clay,8.55,0
35.59,32.39,73.05,4.25,mid_season,sandy,6.2,0
32.45,17.76,78.73,3.57,initial,sandy,15.16,0
36.78,28.31,40.64,3.38,mid_season,loamy,13.69,0
67.59,31.03,75.16,3.14,initial,sandy,1.24,0
37.52,18.88,48.45,4.4,mid_season,clay,14.89,0
34.71,24.08,63.96,4.33,development,loamy,0.92,0
89.22,33.45,67.35,6.5,development,loamy,8.68,0
74.5,13.61,40.95,4.23,development,loamy,6.03,0
50.01,13.18,61.96,2.06,initial,loamy,13.72,0
52.09,15.06,35.37,0,mid_season,loamy,0,0
57.26,20.07,60.48,3.82,development,loamy,15.88,0
57.25,17.33,58.81,6.34,development,clay,0.48,0
57.1,12.03,64.26,3.41,development,clay,7.04,0
58.96,18.64,54.67,2.4,late,sandy,17.13,0
30.89,27.01,77.98,4.99,development,clay,6.93,0
42.41,20.57,50.74,3.06,development,clay,14.36,0
49.93,19.21,73.78,5.08,late,loamy,3.18,0
67.6,22.24,38.85,2.97,development,clay,2.32,0
49.63,22.56,62.83,3.61,mid_season,loamy,1.25,0
11.37,20.89,83.63,4.75,initial,loamy,10.33,0
64.2,32.26,75.08,4.45,development,sandy,13.3,0
36.63,22.8,67.64,0,late,loamy,0,1
95,32.3,49.4,4.68,mid_season,clay,8.51,0
51.92,13.29,61.4,3.58,development,sandy,5.05,0
46.89,13.08,43.3,4.19,mid_season,sandy,17.91,0
43.77,14.66,68.66,0,development,sandy,0,1
30.73,19.09,44.3,5.59,development,loamy,11.67,0
74.81,28.16,49.89,3.56,development,loamy,9.66,0
62.06,14.93,30.73,5.11,late,clay,6.75,0
94.33,20.31,71.84,2.8,initial,loamy,5.12,0
48.64,26.86,77.24,3.11,mid_season,sandy,23.05,0
89.11,29.97,60.6,4.46,development,clay,15.99,0
88.11,13.12,63.8,5.78,late,clay,6.12,0
57.6,31.77,66.94,4.12,late,loamy,3.33,0
90.13,23.43,63.93,4.05,development,loamy,8.59,0
28.76,30.06,37.54,5.6,development,loamy,8.23,0
86.7,27.5,56.4,4.29,late,sandy,6.57,0
60.64,24.46,56.93,4.71,late,clay,12.11,0
29.31,14.0,62.44,3.85,development,clay,12.34,0
35.4,19.46,35.5,4.2,development,sandy,2.72,0
69.95,19.37,76.95,2.57,development,sandy,19.7,0
63.02,16.7,81.6,3.49,late,clay,3.9,0
76.34,33.02,41.23,7.18,late,loamy,18.6,0
47.29,31.25,76.46,3.34,development,loamy,7.14,0
52.35,17.59,57.45,3.51,initial,sandy,16.09,0
47.84,25.11,40.68,3.7,development,loamy,8.8,0
44.5,27.06,56.69,1.74,development,sandy,4.0,0
93.88,30.29,68.41,0,development,sandy,0,0
65.23,31.64,37.35,4.76,late,loamy,7.55,0
20.28,32.6,61.56,0,initial,sandy,0,1
45.35,30.56,68.69,3.12,development,sandy,12.44,0
68.21,26.09,41.49,4.19,late,sandy,8.49,0
19.96,28.92,78.62,4.65,development,sandy,16.13,0
46.24,18.24,44.84,4.88,initial,clay,7.57,0
37.07,29.3,81.21,4.85,late,clay,22.68,0
59.74,25.6,70.18,4.06,initial,clay,5.84,0
74.0,16.75,66.67,3.68,mid_season,sandy,5.09,0
94.06,20.78,72.7,0,initial,clay,0,0
79.63,13.01,61.48,4.14,initial,clay,4.7,0
95,32.4,76.11,3.23,initial,sandy,1.87,0
36.87,24.74,39.28,4.05,development,loamy,6.36,0
42.11,16.63,79.81,1.8,development,loamy,16.61,0
36.34,31.99,64.68,2.11,late,loamy,1.52,0
64.78,21.37,64.06,3.97,mid_season,loamy,19.62,0
62.53,25.41,69.27,3.75,initial,clay,22.96,0
60.45,25.8,63.37,3.87,late,clay,9.66,0
46.26,14.74,59.93,4.12,late,sandy,11.12,0
32.22,14.4,34.74,4.84,initial,loamy,2.43,0
55.68,15.68,53.75,3.76,late,sandy,4.35,0
65.32,26.33,38.43,3.99,mid_season,sandy,0.8,0
24.87,17.86,68.39,0,initial,loamy,0,0
65.56,30.53,62.02,5.27,late,clay,8.19,0
20.53,14.74,61.1,4.77,development,loamy,10.05,0
51.85,12.97,57.5,4.44,development,clay,9.0,0
56.55,29.6,66.6,4.73,initial,clay,3.61,0
59.41,14.16,42.2,2.18,initial,loamy,7.98,0
15.85,21.53,82.49,2.7,mid_season,sandy,9.66,0
33.37,19.64,49.49,0,initial,sandy,0,0
60.82,30.92,79.96,4.27,mid_season,clay,20.22,0
66.28,25.39,34.76,4.93,mid_season,loamy,18.97,0
44.54,30.0,38.19,3.95,initial,clay,10.3,0
62.73,14.59,61.19,0,initial,clay,0,0
55.52,15.91,82.28,4.97,development,sandy,4.64,0
28.23,24.67,80.55,2.31,development,loamy,9.04,0
65.87,15.33,47.93,3.48,initial,sandy,4.89,0
60.58,23.85,31.31,3.48,mid_season,sandy,11.98,0
19.28,17.44,63.41,4.81,mid_season,sandy,15.16,0
12.7,20.36,76.78,0,development,clay,0,1
55.15,31.94,59.84,6.33,mid_season,clay,22.1,0
50.23,12.9,75.52,3.3,mid_season,clay,16.92,0
54.43,20.28,77.2,0,development,loamy,0,0
57.8,21.84,32.17,3.92,late,sandy,8.39,0
59.63,20.44,75.07,0,mid_season,sandy,0,1
24.79,31.91,43.57,4.44,initial,loamy,11.73,0
31.92,23.68,52.07,3.26,mid_season,clay,12.81,0
75.08,28.91,39.13,3.68,mid_season,clay,18.74,0
78.73,16.82,30.71,3.0,mid_season,sandy,10.26,0
53.23,27.03,57.0,3.86,development,clay,19.58,0
43.17,12.63,63.04,4.19,initial,clay,15.62,0
45.94,12.24,82.95,3.19,mid_season,sandy,9.33,0
47.37,33.02,56.44,4.47,late,loamy,16.66,0
40.69,27.61,57.84,4.51,late,loamy,1.76,0
44.77,15.44,37.41,2.58,mid_season,clay,2.92,0
84.1,18.57,40.72,3.07,development,sandy,13.8,0
40.12,18.22,66.62,3.63,late,clay,1.68,0
47.41,13.75,67.95,5.32,mid_season,sandy,3.94,0
63.85,28.32,36.46,2.98,mid_season,loamy,13.68,0
60.15,21.48,68.71,3.56,late,sandy,10.54,0
58.39,16.39,55.54,3.75,development,loamy,0.22,0
52.45,21.64,46.9,5.94,initial,loamy,11.45,0
70.32,15.03,74.58,2.21,initial,loamy,9.37,0
45.8,23.02,50.76,5.21,development,clay,6.51,0
60.67,20.9,79.62,3.45,initial,sandy,6.92,0
53.12,32.52,64.06,5.36,mid_season,sandy,16.13,0
49.04,28.75,41.48,2.36,mid_season,loamy,24.09,0
54.96,33.36,55.51,3.35,late,sandy,14.44,0
70.69,18.11,73.3,4.97,initial,clay,1.69,0
28.97,28.3,55.43,5.93,mid_season,loamy,19.69,0
47.66,18.25,76.61,4.59,late,clay,8.75,0
67.23,30.65,46.33,3.77,mid_season,sandy,6.87,0
47.15,20.82,69.82,0,development,sandy,0,1
95,27.1,71.23,0,development,loamy,0,0
82.56,12.45,48.47,2.79,late,clay,12.04,0
15.53,15.01,62.79,5.87,initial,loamy,9.15,0
