soil_moisture_pct,temperature_c,humidity_pct,flow_rate_lpm,growth_stage,soil_type,recent_irrigation_l,irrigation_required
41.07,32.88,47.46,3.92,initial,loamy,1.52,0
22.88,24.39,57.65,4.2,development,clay,3.41,0
73.79,22.89,61.2,3.19,initial,sandy,9.9,0
65.89,19.84,74.96,3.11,initial,clay,3.51,0
64.98,25.66,68.77,0,initial,clay,0,0
51.52,25.98,67.76,3.37,initial,clay,14.06,0
29.38,20.28,70.36,3.54,development,loamy,1.41,0
91.14,21.08,68.6,3.55,mid_season,loamy,12.53,0
50.31,23.82,46.93,5.02,mid_season,loamy,12.95,0
31.71,28.25,74.17,4.39,mid_season,loamy,26.26,0
40.4,28.14,82.6,5.58,initial,sandy,8.07,0
42.56,26.85,66.31,0,initial,sandy,0,0
34.68,30.56,53.03,4.04,initial,loamy,5.48,0
53.91,23.29,65.57,4.63,late,clay,15.44,0
47.51,32.37,65.76,4.31,late,clay,19.44,0
60.92,22.38,74.91,3.22,initial,sandy,0.11,0
20.57,23.69,84.01,6.02,development,loamy,1.27,0
82.22,34.35,44.86,4.55,mid_season,sandy,2.49,0
60.71,32.68,72.75,2.78,late,loamy,11.08,0
43.65,25.46,65.66,4.44,mid_season,clay,12.09,0
95,21.32,71.63,4.48,mid_season,loamy,7.32,0
54.47,22.98,46.74,3.97,mid_season,loamy,7.9,0
40.67,27.17,69.29,0,development,loamy,0,1
65.86,34.27,73.11,1.59,initial,loamy,3.63,0
51.62,26.57,70.43,6.31,development,sandy,5.93,0
33.83,33.98,42.48,3.85,initial,loamy,6.56,0
47.34,31.16,65.45,3.34,development,sandy,0.59,0
71.42,25.38,41.43,3.31,mid_season,loamy,12.93,0
23.36,19.26,40.2,5.15,initial,loamy,13.6,0
62.83,23.16,40.51,6.4,initial,sandy,17.77,0
47.74,21.32,49.4,4.2,mid_season,clay,16.56,0
59.22,27.58,42.06,5.43,mid_season,sandy,5.67,0
44.54,19.95,59.31,4.51,late,loamy,16.99,0
67.84,21.21,81.85,5.56,late,loamy,2.69,0
53.69,23.88,40.07,0,development,loamy,0,0
35.48,25.7,47.5,2.85,late,loamy,11.33,0
70.51,31.23,79.01,4.36,mid_season,clay,11.48,0
37.19,34.91,73.4,0,initial,clay,0,0
66.25,19.25,72.71,3.49,initial,loamy,10.23,0
42.74,24.29,69.28,2.73,development,loamy,12.24,0
58.82,19.63,57.46,0,development,clay,0,0
46.0,21.38,71.51,1.99,mid_season,clay,18.44,0
53.8,27.3,80.77,4.47,late,sandy,15.96,0
80.38,18.04,76.55,4.36,development,loamy,10.1,0
56.52,18.53,76.73,3.28,mid_season,clay,10.6,0
44.0,18.14,42.77,3.79,late,clay,1.38,0
64.05,21.91,61.1,3.7,mid_season,loamy,15.21,0
40.91,31.56,46.67,4.85,development,clay,4.42,0
28.42,29.26,40.33,4.65,development,loamy,12.88,0
69.08,25.47,83.23,0,development,sandy,0,0
64.91,34.95,83.36,4.13,mid_season,clay,18.43,0
44.56,21.06,73.11,3.64,development,sandy,5.38,0
29.51,35.96,69.69,1.12,late,loamy,11.73,0
42.27,23.99,40.43,4.13,late,loamy,8.0,0
56.09,19.41,58.93,4.87,development,clay,19.98,0
49.53,21.52,83.61,2.83,mid_season,loamy,5.09,0
27.78,26.63,76.58,4.86,late,sandy,15.2,0
79.36,22.4,62.01,0,late,sandy,0,0
57.22,26.72,57.44,0,development,sandy,0,1
11.64,24.69,80.55,0,initial,sandy,0,0
38.13,32.74,54.42,3.79,late,loamy,8.66,0
52.5,35.22,35.41,3.51,late,sandy,17.71,0
48.11,23.82,52.02,4.94,development,clay,12.0,0
70.99,34.49,78.04,3.75,late,sandy,5.01,0
51.82,31.29,57.85,4.53,development,clay,5.47,0
46.06,25.44,56.77,5.86,mid_season,sandy,8.16,0
85.19,26.89,75.92,4.9,development,clay,11.56,0
33.83,24.66,71.19,2.88,mid_season,clay,30.26,0
60.05,33.53,60.99,3.7,mid_season,loamy,15.95,0
35.0,31.22,51.44,4.46,initial,loamy,2.78,0
68.89,18.89,35.03,2.55,mid_season,clay,21.3,0
34.37,35.99,81.38,3.61,development,sandy,6.17,0
79.34,28.94,64.26,5.16,development,clay,3.86,0
81.22,35.18,63.55,2.23,development,loamy,11.37,0
30.72,27.51,61.64,0,initial,clay,0,0
41.56,35.47,56.62,4.3,initial,loamy,9.77,0
39.65,19.81,41.95,3.06,mid_season,sandy,7.4,0
43.87,29.21,62.95,4.19,development,sandy,24.75,0
40.71,21.56,76.07,4.86,late,sandy,14.6,0
38.62,23.32,68.34,4.51,development,clay,14.75,0
47.28,24.65,75.05,4.72,late,sandy,6.88,0
29.37,33.07,83.68,3.53,development,clay,4.59,0
95,23.77,54.84,0,mid_season,sandy,0,0
70.12,34.21,75.6,3.53,development,loamy,9.16,0
60.67,18.73,39.2,4.32,mid_season,clay,18.09,0
27.39,19.82,54.62,0,late,sandy,0,1
58.01,29.81,74.18,2.74,initial,loamy,0.26,0
56.26,33.29,63.5,4.0,development,sandy,8.48,0
68.39,25.81,59.26,3.58,initial,loamy,5.77,0
42.41,34.78,44.12,3.14,late,clay,11.91,0
28.0,26.48,75.92,1.64,development,clay,11.11,0
68.36,19.14,67.53,4.3,initial,sandy,1.18,0
25.85,24.95,83.64,0,initial,clay,0,0
95,32.04,80.54,4.46,mid_season,clay,18.28,0
54.44,29.07,45.19,3.79,mid_season,clay,12.49,0
55.96,35.27,51.67,2.69,mid_season,sandy,5.49,0
50.81,18.51,65.9,3.72,late,clay,15.9,0
41.13,21.46,44.01,1.65,development,clay,8.57,0
40.05,28.15,63.87,2.79,development,sandy,4.4,0
61.49,23.02,69.6,3.53,late,loamy,17.94,0
51.72,27.77,78.54,5.68,mid_season,loamy,12.83,0
50.01,31.4,58.12,0,initial,sandy,0,0
47.98,19.57,39.8,0,initial,sandy,0,0
30.13,30.21,65.08,4.19,development,loamy,2.4,0
41.22,19.0,79.19,5.03,development,loamy,5.71,0
54.71,34.69,70.62,4.12,mid_season,clay,17.54,0
47.64,27.31,55.17,3.62,initial,clay,8.48,0
82.35,23.92,64.31,3.72,late,clay,6.63,0
47.59,33.02,48.9,5.87,mid_season,sandy,4.33,0
91.74,35.49,78.26,3.78,late,clay,10.34,0
67.23,19.62,43.96,2.59,mid_season,clay,16.35,0
87.13,26.12,76.68,4.5,mid_season,sandy,19.95,0
47.62,31.77,55.77,3.25,mid_season,sandy,5.23,0
75.99,18.93,53.1,3.11,mid_season,sandy,13.45,0
40.69,31.73,71.57,5.08,mid_season,clay,11.35,0
32.52,24.92,73.56,2.2,late,sandy,1.19,0
74.4,32.8,73.96,4.14,development,clay,20.22,0
95,29.81,81.92,7.18,initial,clay,3.77,0
73.77,30.22,38.15,0,initial,loamy,0,0
71.79,22.75,78.32,0,initial,loamy,0,0
87.26,18.27,54.71,3.95,mid_season,loamy,12.26,0
32.08,29.34,49.71,4.74,mid_season,sandy,6.39,0
74.1,18.46,58.05,3.92,mid_season,clay,12.57,0
34.02,22.83,42.41,2.45,mid_season,loamy,1.09,0
40.68,34.32,46.93,3.72,development,loamy,10.5,0
43.14,23.55,78.62,0,development,sandy,0,1
50.33,18.0,53.18,0,initial,loamy,0,0
62.53,31.05,81.07,4.15,development,clay,11.57,0
33.15,33.43,55.68,3.15,late,clay,8.14,0
31.03,35.81,62.06,0,initial,clay,0,0
78.56,22.85,82.33,2.79,development,loamy,12.64,0
72.71,21.27,84.98,2.96,late,sandy,12.37,0
56.31,23.46,69.37,3.88,mid_season,sandy,0.08,0
27.12,20.03,68.64,3.94,initial,clay,10.41,0
78.87,31.35,68.13,0,development,sandy,0,0
56.34,24.84,40.59,3.93,late,sandy,8.4,0
65.02,26.09,80.84,0,initial,loamy,0,0
48.83,20.41,43.76,0,mid_season,sandy,0,1
61.67,23.86,45.55,4.74,initial,sandy,7.4,0
46.88,20.3,72.28,4.65,initial,clay,7.5,0
70.07,18.59,80.67,3.68,mid_season,loamy,6.5,0
30.4,27.52,77.73,4.57,development,sandy,8.24,0
33.82,19.28,65.51,0,development,clay,0,1
35.94,35.28,55.51,4.04,late,loamy,4.73,0
38.37,27.91,78.35,4.53,mid_season,clay,16.32,0
48.69,20.5,80.8,0,late,sandy,0,1
33.56,35.21,67.47,3.26,development,sandy,2.33,0
35.88,20.98,73.04,2.72,initial,loamy,17.99,0
74.09,30.41,66.93,0,late,sandy,0,0
41.64,25.1,42.41,1.03,initial,sandy,8.76,0
95,35.06,80.74,6.03,development,sandy,3.19,0
57.41,27.57,80.86,3.91,late,sandy,7.27,0
39.08,25.16,76.75,1.16,late,loamy,0.81,0
34.73,31.92,58.32,0,initial,clay,0,0
37.23,31.82,49.9,0,initial,sandy,0,0
50.58,29.16,60.87,3.32,development,sandy,3.9,0
43.58,27.75,46.09,3.87,late,clay,14.05,0
51.39,29.92,38.3,3.39,development,sandy,1.73,0
80.7,18.77,46.49,2.95,late,clay,20.74,0
42.55,28.37,80.63,3.54,development,clay,6.35,0
57.13,25.94,66.93,0,mid_season,clay,0,0
89.88,19.96,58.9,5.35,mid_season,loamy,9.09,0
42.63,25.55,45.51,3.51,initial,sandy,7.81,0
75.19,20.44,81.57,0,initial,clay,0,0
49.37,21.5,84.46,6.33,late,clay,9.37,0
50.82,22.04,55.43,3.11,initial,loamy,14.98,0
68.29,18.86,84.99,0,development,loamy,0,0
61.51,24.48,71.37,0,initial,clay,0,0
64.05,25.25,54.43,2.75,development,loamy,1.82,0
79.48,27.93,54.79,3.85,initial,loamy,12.21,0
57.9,35.46,42.83,5.31,development,clay,15.08,0
66.06,31.56,38.29,2.8,initial,clay,2.97,0
68.96,25.81,72.4,4.59,mid_season,sandy,14.75,0
64.98,24.78,40.38,5.38,development,loamy,15.44,0
72.89,25.3,74.35,3.86,development,clay,8.8,0
51.41,35.78,41.56,3.24,development,loamy,6.77,0
51.59,31.31,62.1,3.21,mid_season,clay,0.54,0
36.49,25.56,77.77,0,initial,loamy,0,0
73.23,30.86,59.56,4.02,development,loamy,10.16,0
88.63,28.05,82.47,5.14,mid_season,clay,14.63,0
35.76,32.56,80.33,4.33,development,clay,1.86,0
50.51,21.46,74.86,4.77,initial,sandy,1.21,0
66.77,27.86,48.04,0,development,loamy,0,0
67.09,30.06,52.55,3.77,late,loamy,4.56,0
83.13,32.58,42.71,3.42,late,clay,9.29,0
59.54,30.73,37.1,0,development,loamy,0,0
75.54,27.02,46.81,0,initial,sandy,0,0
59.12,23.21,75.67,4.66,mid_season,clay,10.49,0
56.49,23.56,74.12,5.38,development,loamy,19.72,0
72.19,34.53,78.74,4.26,initial,sandy,5.15,0
71.92,27.97,52.65,5.74,initial,loamy,5.15,0
45.51,32.31,71.28,3.75,mid_season,clay,29.35,0
46.92,30.55,67.07,3.07,mid_season,clay,20.86,0
85.95,18.35,75.59,0,development,sandy,0,0
50.06,30.91,43.07,3.55,initial,sandy,7.3,0
85.17,34.33,54.22,4.53,mid_season,loamy,3.53,0
21.74,23.43,71.65,2.48,development,sandy,2.51,0
5,28.3,50.76,3.71,development,loamy,5.73,0
77.26,33.41,74.14,0,development,sandy,0,0
74.74,22.91,42.45,0,development,loamy,0,0
45.24,22.92,52.7,0,development,clay,0,0
63.18,35.18,63.6,4.62,development,clay,16.16,0
55.13,28.7,36.91,2.49,late,loamy,3.25,0
55.9,25.71,49.9,0,initial,clay,0,0
70.16,34.29,71.57,0,initial,clay,0,0
33.52,20.89,84.9,4.05,initial,sandy,2.6,0
30.42,35.84,55.76,4.11,mid_season,loamy,12.81,0
51.99,31.04,70.21,2.94,initial,loamy,9.35,0
37.68,23.45,67.35,3.63,development,clay,22.18,0
42.81,21.15,38.78,3.84,late,sandy,9.46,0
73.97,19.85,68.65,0,initial,clay,0,0
27.09,18.87,70.55,0,mid_season,sandy,0,1
35.18,29.57,70.18,4.0,mid_season,sandy,13.65,0
43.44,31.75,84.04,0,initial,clay,0,0
15.99,20.8,49.44,2.93,mid_season,loamy,20.98,0
59.09,18.08,79.29,4.38,development,loamy,6.85,0
55.26,35.34,44.66,3.01,development,loamy,4.71,0
49.36,19.04,78.24,4.18,late,loamy,11.3,0
74.86,18.5,69.22,2.63,mid_season,loamy,14.54,0
46.24,18.69,36.22,4.19,development,loamy,2.75,0
84.22,27.22,58.31,5.15,late,loamy,23.52,0
84.97,35.31,74.2,0.72,development,loamy,11.42,0
49.37,27.16,37.23,4.48,initial,loamy,6.04,0
47.91,35.26,65.16,2.98,late,loamy,15.78,0
33.9,34.9,61.24,1.58,late,clay,1.05,0
14.38,26.98,51.55,4.53,mid_season,loamy,5.72,0
23.31,33.97,82.85,5.94,late,sandy,16.15,0
45.05,19.87,77.56,0,initial,sandy,0,0
95,34.58,46.87,3.65,mid_season,sandy,5.23,0
52.24,24.03,46.52,4.43,late,loamy,3.62,0
56.26,32.43,54.42,3.99,development,sandy,0.26,0
40.49,27.56,55.64,0,initial,loamy,0,0
69.25,33.94,60.52,0,initial,clay,0,0
27.46,30.22,38.72,0,development,loamy,0,1
77.68,34.83,63.62,0,mid_season,sandy,0,0
59.8,24.13,40.73,2.28,development,clay,16.83,0
53.83,28.27,73.19,3.43,development,loamy,6.93,0
73.56,31.05,80.11,2.75,mid_season,sandy,6.79,0
59.99,34.33,36.37,2.9,initial,sandy,5.09,0
62.16,25.46,64.62,4.22,late,clay,9.23,0
80.04,33.26,57.53,3.98,late,sandy,9.46,0
53.07,20.06,49.02,3.56,development,sandy,0.54,0
32.03,26.41,36.37,4.81,mid_season,sandy,14.31,0
66.25,29.35,45.07,4.31,development,clay,8.19,0
54.81,31.85,84.66,3.42,late,loamy,12.54,0
50.79,23.63,44.36,2.49,initial,clay,21.96,0
41.9,31.2,69.45,5.6,initial,loamy,7.8,0
48.68,30.86,65.01,5.5,mid_season,clay,16.3,0
29.49,20.24,67.95,3.61,late,loamy,5.91,0
33.21,34.61,81.75,2.99,mid_season,clay,7.09,0
50.34,28.18,74.61,3.85,late,sandy,14.39,0
14.8,28.86,53.78,2.84,development,loamy,7.14,0
61.02,29.76,79.29,5.23,development,loamy,9.45,0
57.37,23.4,59.51,4.61,development,sandy,8.17,0
70.51,19.08,57.83,4.8,initial,sandy,9.36,0
49.06,32.04,38.63,6.16,initial,loamy,2.73,0
52.83,20.92,69.18,1.42,late,clay,14.46,0
41.99,32.54,45.53,3.13,initial,sandy,0.45,0
49.34,35.8,68.97,4.62,development,sandy,4.11,0
63.05,34.96,70.78,5.42,development,clay,32.43,0
45.65,27.45,82.21,3.7,mid_season,sandy,5.75,0
81.8,18.12,57.95,3.27,development,sandy,1.14,0
35.91,24.95,58.72,3.06,development,sandy,7.64,0
56.95,24.56,69.76,0,development,clay,0,0
25.19,34.18,37.75,0,late,clay,0,1
77.57,22.72,58.36,2.31,development,loamy,11.65,0
67.41,22.15,73.72,4.87,initial,loamy,5.12,0
95,29.97,69.07,0,late,clay,0,0
34.04,35.36,46.52,5.49,development,clay,5.63,0
65.94,30.93,68.11,3.55,mid_season,clay,26.13,0
49.49,18.54,66.67,0,initial,sandy,0,0
94.55,29.9,42.3,3.57,development,clay,7.71,0
62.25,25.36,62.99,3.35,late,clay,4.29,0
28.36,25.44,35.6,5.77,initial,sandy,1.18,0
48.07,33.75,41.21,1.67,initial,sandy,10.7,0
41.27,27.67,75.26,3.01,initial,loamy,5.7,0
78.88,31.86,48.4,3.88,development,clay,1.31,0
70.96,26.74,62.81,0,initial,clay,0,0
46.74,26.41,43.53,2.77,mid_season,loamy,7.63,0
95,23.45,55.24,3.29,initial,sandy,7.63,0
57.73,18.16,62.65,3.33,mid_season,loamy,9.15,0
26.45,27.55,66.46,4.49,initial,loamy,2.27,0
61.05,20.46,48.77,3.1,mid_season,sandy,2.22,0
47.11,27.21,57.33,0,development,sandy,0,1
35.83,20.75,67.07,0,initial,sandy,0,0
66.88,22.79,40.49,4.22,mid_season,sandy,7.59,0
72.69,27.63,70.12,0,development,sandy,0,0
43.95,19.32,47.31,3.9,mid_season,loamy,17.69,0
39.17,29.16,38.97,4.4,mid_season,sandy,11.16,0
61.48,30.38,72.32,5.1,mid_season,clay,2.59,0
65.17,28.59,46.11,4.54,mid_season,sandy,9.92,0
59.21,35.06,55.74,3.3,late,clay,11.98,0
77.7,19.55,64.34,4.73,mid_season,sandy,3.51,0
55.72,26.74,39.57,3.54,development,clay,9.74,0
28.91,24.18,36.48,4.66,mid_season,clay,6.42,0
68.03,24.08,58.57,4.29,mid_season,sandy,19.58,0
51.49,21.61,68.38,5.43,development,clay,2.05,0
64.32,28.05,68.28,0,initial,loamy,0,0
77.33,35.88,41.4,3.46,mid_season,loamy,16.25,0
25.9,26.02,77.32,4.23,development,loamy,4.36,0
53.05,22.98,77.67,2.73,late,clay,2.48,0
40.53,22.6,59.25,5.3,mid_season,clay,9.36,0
62.55,27.94,35.08,3.7,mid_season,loamy,2.32,0
57.47,29.41,79.87,3.42,mid_season,clay,10.86,0
46.23,22.36,64.9,2.15,development,sandy,6.55,0
36.33,28.99,51.8,2.63,development,clay,11.9,0
60.9,26.44,74.21,4.53,late,loamy,5.17,0
65.17,25.72,50.63,2.62,initial,sandy,11.16,0
39.23,27.2,38.39,5.14,initial,sandy,0.17,0
82.45,25.64,66.88,5.37,mid_season,clay,8.86,0
43.07,21.94,73.61,5.57,mid_season,loamy,6.96,0
54.52,22.03,50.88,0,initial,loamy,0,0
38.91,29.42,70.17,2.86,development,loamy,28.57,0
31.05,24.92,84.12,2.6,mid_season,sandy,19.0,0
40.07,29.08,71.78,2.69,initial,sandy,3.24,0
52.22,22.08,75.45,0,late,loamy,0,0
46.48,20.13,61.6,3.44,late,loamy,13.33,0
52.25,32.06,73.25,4.64,late,loamy,14.98,0
86.9,26.81,49.34,4.04,mid_season,sandy,34.33,0
37.44,28.14,83.51,4.53,mid_season,sandy,5.86,0
71.92,19.33,65.37,2.87,development,loamy,1.47,0
47.53,26.77,51.68,3.97,late,clay,1.25,0
54.02,35.82,70.2,5.13,mid_season,loamy,27.97,0
62.63,24.48,46.9,2.59,late,clay,4.84,0
71.27,25.5,51.24,6.21,mid_season,loamy,6.57,0
11.01,34.51,66.0,3.67,initial,sandy,3.36,0
81.23,22.49,38.46,2.39,mid_season,sandy,0.2,0
56.27,30.34,51.43,0,late,sandy,0,1
69.19,31.06,72.02,4.0,late,sandy,5.5,0
51.54,19.07,59.84,4.26,development,loamy,19.87,0
49.18,34.96,54.74,3.71,development,clay,11.71,0
40.99,27.06,72.87,4.42,development,loamy,12.74,0
67.03,19.41,83.39,3.54,mid_season,loamy,10.38,0
55.49,32.49,42.43,0,initial,loamy,0,0
43.49,34.68,67.42,2.84,development,clay,6.18,0
36.74,22.07,83.32,1.91,initial,sandy,11.99,0
28.78,32.43,80.49,2.95,initial,clay,0.99,0
27.6,19.43,35.18,5.01,mid_season,clay,12.52,0
38.6,31.56,68.05,3.68,initial,clay,3.81,0
81.61,35.92,71.45,3.62,initial,clay,17.34,0
39.88,18.24,63.75,2.67,mid_season,sandy,5.34,0
25.68,29.78,82.06,4.73,initial,sandy,7.36,0
61.52,23.68,49.77,2.41,initial,loamy,3.39,0
45.25,34.4,65.58,4.79,mid_season,sandy,15.49,0
27.02,20.75,41.15,4.5,initial,sandy,8.77,0
77.19,33.66,47.1,6.8,mid_season,loamy,21.61,0
70.91,31.67,79.79,4.47,late,clay,17.27,0
60.03,21.4,81.46,1.62,initial,sandy,5.73,0
59.27,35.49,64.85,4.19,late,clay,26.61,0
50.48,25.22,79.0,2.73,late,clay,11.17,0
61.01,23.92,77.02,3.59,mid_season,sandy,11.02,0
31.77,28.1,47.6,5.31,development,loamy,1.25,0
70.23,29.87,63.45,6.09,mid_season,clay,17.05,0
47.8,34.43,60.45,2.87,mid_season,loamy,13.65,0
76.18,30.66,75.24,5.01,late,loamy,6.17,0
37.09,33.56,38.03,3.65,mid_season,sandy,11.38,0
58.57,29.93,46.04,0,development,loamy,0,0
60.97,27.64,66.88,3.84,mid_season,clay,17.19,0
29.18,32.23,65.77,3.7,mid_season,loamy,13.05,0
70.12,33.37,46.98,3.88,late,clay,19.22,0
56.63,33.88,54.93,2.19,late,clay,18.25,0
27.02,22.19,72.99,4.8,late,sandy,9.88,0
39.62,33.38,45.17,4.58,mid_season,loamy,14.31,0
52.58,25.42,84.4,4.84,initial,clay,8.7,0
19.07,32.91,64.29,5.02,late,sandy,17.97,0
54.31,25.97,63.2,2.58,initial,sandy,5.69,0
57.34,33.29,81.41,5.07,development,sandy,14.93,0
50.5,32.89,71.39,0,initial,sandy,0,0
69.28,18.84,68.3,3.78,development,clay,13.96,0
66.62,33.82,81.14,4.73,late,loamy,9.54,0
66.05,28.2,60.87,3.68,development,loamy,7.7,0
53.96,29.48,64.0,5.13,mid_season,loamy,7.94,0
95,20.65,65.22,3.54,late,loamy,5.84,0
52.36,25.51,52.14,1.67,mid_season,loamy,7.78,0
46.87,35.87,58.07,4.79,development,clay,18.05,0
66.64,33.8,79.12,4.94,late,sandy,7.91,0
47.23,27.67,80.39,3.64,development,sandy,12.75,0
58.98,32.72,58.68,0,initial,clay,0,0
72.11,30.69,75.89,4.71,mid_season,loamy,5.94,0
42.43,31.49,39.0,0,initial,sandy,0,0
56.69,30.56,45.57,0,mid_season,loamy,0,0
52.43,24.49,54.45,3.52,initial,sandy,9.41,0
50.68,19.75,35.9,5.25,development,loamy,2.03,0
51.84,31.32,74.5,4.77,development,sandy,6.9,0
68.77,19.28,36.58,0,development,loamy,0,0
55.05,33.0,77.72,4.62,late,sandy,5.94,0
20.56,29.26,83.99,4.07,mid_season,sandy,20.37,0
27.08,21.91,45.03,4.31,initial,clay,4.16,0
33.68,33.78,68.0,0,initial,clay,0,0
56.73,24.84,64.73,3.23,development,sandy,2.8,0
40.24,34.78,67.68,2.31,mid_season,sandy,15.51,0
5,22.5,45.16,4.6,mid_season,loamy,21.03,0
46.45,34.52,77.05,5.2,mid_season,clay,9.08,0
37.78,34.13,81.23,4.69,development,clay,6.8,0
59.49,28.46,61.91,6.17,mid_season,loamy,9.18,0
77.47,20.7,36.17,5.09,development,loamy,13.98,0
59.31,23.47,65.83,3.04,development,sandy,10.23,0
64.11,26.23,53.41,2.97,mid_season,loamy,4.24,0
36.89,27.6,71.99,1.75,late,sandy,5.24,0
39.64,23.26,40.75,4.13,initial,clay,4.74,0
50.16,27.44,61.04,0,development,loamy,0,1
54.56,27.28,58.22,4.44,development,sandy,3.37,0
27.17,22.33,44.17,4.34,mid_season,clay,6.84,0
72.95,20.83,55.21,3.04,late,loamy,19.65,0
43.7,24.78,68.79,2.45,late,loamy,3.31,0
85.71,22.82,76.1,5.4,mid_season,loamy,13.09,0
5,35.34,61.39,5.97,initial,sandy,4.01,0
44.52,32.98,43.93,4.96,late,sandy,7.36,0
66.9,26.42,66.16,5.07,development,clay,10.47,0
29.32,25.03,69.58,4.25,development,sandy,10.38,0
27.39,34.01,80.98,4.64,late,loamy,7.44,0
47.39,20.11,66.63,5.68,initial,sandy,5.53,0
93.55,18.19,76.82,4.81,development,clay,8.7,0
57.11,29.9,83.78,5.17,initial,loamy,9.0,0
53.13,22.57,74.77,5.12,development,loamy,12.13,0
36.27,21.52,84.03,3.5,mid_season,clay,8.35,0
54.37,27.85,35.12,4.97,late,clay,5.53,0
69.01,27.23,37.41,2.79,mid_season,sandy,12.48,0
94.71,29.14,81.32,5.19,initial,clay,7.8,0
64.85,22.4,76.94,3.49,mid_season,sandy,4.89,0
66.72,25.4,45.41,0,development,sandy,0,0
58.22,27.31,79.96,3.24,mid_season,sandy,5.22,0
85.35,29.57,69.08,0,initial,sandy,0,0
34.89,28.54,68.29,4.81,mid_season,loamy,9.45,0
67.67,28.14,75.06,3.64,development,sandy,9.2,0
41.66,19.52,49.99,3.62,late,clay,23.18,0
69.13,32.12,49.15,4.46,development,loamy,4.82,0
64.83,26.45,42.02,3.61,initial,clay,5.12,0
46.72,30.44,41.14,0,initial,sandy,0,0
51.48,34.82,61.01,3.81,mid_season,clay,17.17,0
95,22.85,64.6,3.64,initial,sandy,9.47,0
64.52,25.8,66.23,0,initial,clay,0,0
59.98,21.54,66.05,4.12,development,sandy,9.41,0
67.27,21.35,75.41,4.01,initial,clay,15.69,0
7.92,33.29,46.33,5.26,mid_season,loamy,4.27,0
43.72,25.52,60.92,3.7,initial,loamy,1.72,0
43.31,18.14,61.33,4.21,mid_season,clay,5.82,0
34.32,21.4,51.34,3.54,development,sandy,6.66,0
51.98,26.95,49.57,3.57,late,sandy,9.83,0
44.11,33.39,41.02,0,initial,loamy,0,0
70.99,35.27,44.74,0,development,sandy,0,0
44.04,35.95,83.52,5.99,mid_season,loamy,8.52,0
68.08,25.85,82.74,1.54,initial,clay,11.83,0
53.57,32.36,46.05,0,initial,sandy,0,0
65.15,35.65,79.68,4.83,development,sandy,12.46,0
74.04,32.7,62.36,2.56,development,clay,11.8,0
64.57,20.87,78.68,5.44,late,loamy,6.13,0
46.47,31.78,60.73,5.05,late,loamy,20.68,0
57.17,31.61,49.73,4.66,mid_season,sandy,9.28,0
70.01,33.76,46.57,4.33,mid_season,loamy,8.92,0
86.34,35.98,79.45,4.91,mid_season,sandy,8.91,0
39.59,30.76,59.32,3.71,initial,loamy,9.93,0
37.67,34.48,78.78,0,development,loamy,0,1
52.96,34.25,57.2,2.82,mid_season,loamy,16.5,0
50.44,25.88,80.08,5.26,mid_season,clay,18.48,0
56.52,25.68,73.68,3.69,initial,loamy,8.95,0
28.59,29.12,51.97,2.93,mid_season,clay,3.98,0
37.12,22.38,59.34,3.63,development,sandy,16.44,0
65.23,28.6,40.68,4.26,mid_season,clay,7.92,0
54.95,33.22,57.55,4.75,mid_season,loamy,0.57,0
75.17,33.27,68.43,4.87,development,clay,10.96,0
63.36,34.12,80.4,2.56,late,sandy,6.15,0
51.71,31.38,41.82,3.67,initial,sandy,4.12,0
42.41,26.7,53.13,3.19,late,loamy,15.91,0
52.27,28.24,67.71,4.76,development,loamy,10.46,0
37.58,18.01,79.7,2.8,initial,clay,4.14,0
60.03,32.82,39.58,5.35,late,clay,11.01,0
58.42,31.1,63.44,4.09,late,loamy,13.76,0
73.78,31.31,66.84,4.68,development,clay,13.43,0
79.17,24.87,48.57,0,initial,loamy,0,0
63.83,33.13,56.7,5.24,mid_season,sandy,18.22,0
53.27,29.15,52.26,2.27,mid_season,loamy,15.09,0
31.34,27.42,73.26,4.47,late,clay,14.73,0
68.81,32.89,57.08,2.63,development,sandy,13.49,0
79.49,35.71,52.36,2.92,mid_season,sandy,14.42,0
43.14,33.71,67.1,0.37,late,loamy,11.44,0
38.02,32.75,37.89,3.4,mid_season,loamy,4.86,0
68.03,29.52,80.6,3.62,late,loamy,16.85,0
83.17,35.04,65.08,5.02,development,loamy,9.28,0
44.85,28.64,51.62,4.73,mid_season,loamy,2.55,0
46.02,30.34,68.7,2.97,initial,clay,19.04,0
72.23,35.01,75.1,2.52,development,sandy,22.5,0
58.92,26.54,44.63,4.12,late,clay,3.1,0
33.23,27.62,69.44,2.31,mid_season,sandy,9.36,0
63.36,27.33,49.54,4.7,development,loamy,1.06,0
79.79,25.74,39.65,4.26,mid_season,clay,7.1,0
35.43,25.64,78.6,4.23,initial,sandy,4.7,0
74.78,27.49,53.72,2.87,initial,sandy,12.0,0
31.84,30.48,69.55,3.72,development,loamy,8.54,0
58.19,26.25,81.8,4.23,late,sandy,6.96,0
52.06,19.86,55.38,5.26,initial,sandy,11.46,0
36.22,26.86,65.03,4.03,late,sandy,13.55,0
60.11,27.16,44.64,4.31,initial,loamy,2.3,0
48.6,24.8,50.2,2.83,mid_season,loamy,15.15,0
41.16,23.74,69.92,4.1,mid_season,clay,10.06,0
84.13,24.99,71.88,4.36,development,clay,4.22,0
70.09,28.78,41.85,0,late,sandy,0,0
62.8,28.38,67.72,3.04,development,loamy,0.25,0
21.55,18.24,70.85,5.03,late,clay,12.78,0
15.82,27.53,54.08,0.59,mid_season,sandy,13.7,0
26.27,26.46,68.9,4.61,initial,sandy,0.19,0
51.91,35.99,76.27,4.13,mid_season,sandy,9.95,0
81.51,18.3,80.04,4.21,late,clay,4.21,0
61.77,30.06,82.51,4.46,development,loamy,3.12,0
56.7,22.37,58.1,5.28,development,sandy,10.49,0
38.03,28.63,72.69,4.56,mid_season,sandy,16.22,0
37.98,23.95,71.08,5.16,initial,clay,3.44,0
65.85,22.17,51.73,5.31,late,loamy,19.96,0
43.33,28.7,44.0,3.36,initial,loamy,8.72,0
46.99,26.1,40.6,2.17,mid_season,clay,16.46,0
38.99,28.44,53.08,6.09,mid_season,clay,1.14,0
37.75,25.38,36.85,0,late,loamy,0,1
62.37,25.06,35.09,0,initial,sandy,0,0
5,18.25,67.94,3.27,mid_season,loamy,10.51,0
76.73,33.28,44.85,5.38,initial,loamy,6.72,0
56.89,27.93,76.3,0,development,loamy,0,0
41.05,22.98,46.5,0,development,clay,0,1
95,28.19,43.78,5.09,development,loamy,8.62,0
69.82,35.96,47.37,4.78,initial,loamy,11.21,0
73.44,25.72,59.16,0,initial,loamy,0,0
62.32,22.09,78.82,4.35,mid_season,sandy,6.91,0
38.02,32.87,62.46,4.77,late,sandy,3.95,0
69.5,23.19,83.92,3.04,mid_season,clay,12.32,0
66.87,19.69,79.94,5.04,mid_season,sandy,6.47,0
31.95,18.62,51.13,4.07,mid_season,clay,8.04,0
26.21,22.16,54.02,4.42,initial,sandy,10.32,0
77.09,22.02,67.33,3.61,development,sandy,18.47,0
45.75,35.82,76.92,0,initial,clay,0,0
73.42,28.55,82.74,0,initial,loamy,0,0
61.66,27.95,62.98,4.08,mid_season,clay,11.78,0
92.7,24.14,66.59,4.62,mid_season,clay,13.54,0
28.99,33.98,64.25,4.82,mid_season,loamy,12.02,0
63.71,28.52,56.97,3.74,initial,sandy,4.13,0
42.63,33.85,38.93,5.24,development,loamy,11.43,0
89.46,29.73,58.5,3.69,development,clay,4.33,0
49.17,26.05,55.66,5.62,initial,sandy,2.89,0
74.31,19.89,47.57,3.46,development,clay,9.46,0
83.14,35.07,55.73,2.83,late,loamy,0.1,0
45.82,30.89,35.28,4.16,mid_season,loamy,9.93,0
48.87,27.85,76.7,4.85,mid_season,sandy,0.73,0
74.84,34.64,73.42,6.57,mid_season,clay,10.15,0
58.19,27.57,41.73,4.27,development,clay,4.99,0
79.91,31.19,43.52,0,initial,sandy,0,0
53.1,18.76,83.18,2.38,mid_season,sandy,7.02,0
71.34,28.81,61.01,4.66,development,sandy,10.18,0
46.0,29.14,76.26,3.97,initial,loamy,9.53,0
55.47,23.98,49.38,3.91,late,loamy,7.39,0
61.93,23.67,76.79,4.49,mid_season,loamy,11.2,0
72.74,35.52,79.0,5.17,development,clay,7.88,0
37.26,33.28,61.3,0,development,sandy,0,1
62.32,28.43,75.81,4.36,development,sandy,0.37,0
59.2,21.88,56.87,4.38,development,loamy,1.01,0
56.62,25.52,71.12,3.65,late,clay,12.64,0
53.25,24.49,67.45,5.38,late,loamy,4.29,0
60.73,28.1,51.49,0,development,clay,0,0
57.63,29.33,65.89,3.26,late,sandy,9.08,0
62.93,33.51,53.95,4.73,late,sandy,9.01,0
45.01,18.21,52.99,1.98,development,loamy,5.1,0
39.84,29.07,58.88,2.64,mid_season,clay,11.76,0
69.99,18.69,49.57,4.61,development,sandy,10.78,0
71.45,35.19,64.13,1.83,initial,loamy,4.64,0
42.82,31.27,43.77,5.18,initial,loamy,10.1,0
53.1,25.06,49.6,1.57,initial,clay,7.43,0
72.32,35.49,56.81,4.03,initial,sandy,8.04,0
31.42,21.41,52.29,2.74,late,sandy,8.76,0
84.14,19.83,67.38,3.07,development,sandy,5.24,0
69.8,20.14,44.7,3.59,development,clay,11.56,0
49.83,31.34,75.49,4.14,development,loamy,18.2,0
43.3,33.82,38.05,4.21,mid_season,loamy,3.58,0
63.16,24.65,44.36,4.6,development,loamy,4.11,0
67.43,23.43,55.36,4.92,initial,clay,3.1,0
59.03,27.66,45.7,3.92,late,clay,7.58,0
89.78,22.08,65.29,4.4,mid_season,clay,3.83,0
47.41,19.21,61.44,3.35,mid_season,sandy,12.19,0
31.7,35.96,46.74,3.81,initial,sandy,11.38,0
58.1,26.06,75.71,4.62,initial,loamy,13.62,0
71.71,35.2,47.21,3.75,late,sandy,2.76,0
73.01,21.6,58.42,2.73,development,clay,8.58,0
46.01,21.67,62.51,4.23,development,clay,2.29,0
60.42,33.64,58.03,4.1,initial,loamy,3.51,0
64.83,23.21,64.89,0,mid_season,clay,0,0
51.27,19.48,37.34,5.8,mid_season,sandy,11.49,0
53.75,24.85,69.77,3.85,mid_season,sandy,1.51,0
37.34,35.53,66.4,5.46,mid_season,loamy,7.52,0
70.52,29.92,45.73,5.2,late,sandy,1.34,0
48.71,34.28,37.18,5.58,late,sandy,17.95,0
62.14,36.0,42.35,3.14,development,loamy,15.09,0
40.15,31.43,38.36,0,initial,sandy,0,0
40.91,34.98,49.78,3.81,development,sandy,12.22,0
59.98,30.1,70.35,4.8,mid_season,sandy,0.28,0
58.74,25.39,45.09,6.09,mid_season,sandy,16.23,0
68.21,20.97,42.01,0,late,clay,0,0
67.35,32.65,78.19,0,development,loamy,0,0
73.6,27.23,56.72,3.8,initial,loamy,1.64,0
54.25,23.98,73.53,0,development,sandy,0,1
21.94,28.23,76.37,0.89,development,sandy,9.04,0
29.75,29.52,84.37,4.01,late,loamy,6.61,0
35.43,29.45,71.9,3.05,late,clay,23.46,0
84.09,19.5,49.17,0,late,loamy,0,0
33.55,32.6,63.06,3.4,mid_season,sandy,13.13,0
38.92,32.59,64.68,4.09,initial,sandy,5.8,0
37.66,34.83,38.54,0,development,sandy,0,1
77.97,28.66,38.18,0,initial,loamy,0,0
39.41,18.31,45.49,3.34,late,sandy,2.69,0
42.68,22.63,69.73,4.31,late,clay,12.25,0
67.39,18.88,35.41,0,development,clay,0,0
49.59,21.62,52.57,3.03,development,loamy,7.7,0
50.69,24.38,55.46,5.42,initial,loamy,18.77,0
75.17,35.89,70.21,3.8,initial,clay,2.93,0
54.0,32.45,68.44,4.87,mid_season,loamy,2.5,0
74.0,21.37,64.15,4.12,development,loamy,9.23,0
62.84,32.65,77.7,3.93,development,sandy,5.07,0
66.78,31.35,61.57,4.91,initial,clay,4.31,0
54.46,29.65,42.61,5.88,initial,loamy,5.23,0
54.73,28.93,63.96,5.11,development,clay,10.8,0
26.1,26.85,62.23,3.58,mid_season,loamy,24.8,0
46.62,20.66,35.99,3.63,initial,loamy,5.68,0
73.4,19.74,73.22,3.69,late,loamy,11.72,0
45.37,34.57,57.22,4.51,initial,clay,12.7,0
45.59,24.4,79.87,3.57,development,loamy,3.49,0
79.27,33.4,48.8,0,development,sandy,0,0
76.13,32.64,69.11,6.13,mid_season,sandy,14.21,0
56.82,21.38,78.67,4.89,late,sandy,5.58,0
58.66,21.41,43.92,3.42,late,clay,1.44,0
57.56,18.83,62.98,3.74,late,loamy,17.32,0
68.26,23.46,46.44,4.63,development,clay,4.98,0
47.5,34.48,73.31,0,mid_season,sandy,0,1
81.71,18.56,56.39,3.77,late,loamy,25.6,0
64.67,20.74,65.39,4.98,development,sandy,3.96,0
55.05,21.65,78.87,3.95,development,sandy,5.55,0
45.15,35.42,36.93,4.23,mid_season,loamy,14.59,0
64.99,18.34,49.44,2.97,late,sandy,8.85,0
58.94,29.6,45.42,4.41,mid_season,loamy,12.54,0
80.46,33.4,76.81,3.98,mid_season,sandy,19.59,0
59.59,20.7,84.36,0,initial,clay,0,0
89.43,32.78,36.82,5.05,mid_season,clay,7.45,0
45.42,22.17,80.47,0,initial,clay,0,0
45.69,19.74,58.0,2.48,mid_season,loamy,6.28,0
73.76,20.87,80.14,0,late,sandy,0,0
85.34,18.25,51.1,5.91,late,sandy,11.87,0
42.53,25.14,60.18,4.31,late,sandy,17.02,0
28.88,35.99,65.78,0,initial,sandy,0,0
74.15,34.84,84.66,2.72,mid_season,clay,17.35,0
58.7,19.11,38.73,2.19,initial,sandy,1.24,0
68.26,23.23,77.0,5.16,mid_season,clay,19.58,0
48.14,25.2,55.23,6.79,late,clay,5.49,0
57.8,29.6,53.28,3.05,late,sandy,4.75,0
38.49,18.26,65.61,0,initial,clay,0,0
53.88,21.3,80.99,4.37,late,sandy,17.39,0
64.04,23.32,75.92,0,initial,loamy,0,0
56.42,30.02,63.51,5.32,initial,clay,5.94,0
43.85,30.74,68.5,0,initial,clay,0,0
86.8,23.29,60.72,3.7,mid_season,sandy,0.4,0
57.28,34.94,59.17,5.28,late,loamy,18.34,0
52.9,31.96,77.71,3.8,mid_season,loamy,2.79,0
5.27,25.2,56.45,4.82,initial,loamy,5.68,0
68.22,24.22,68.09,0,development,sandy,0,0
33.19,30.95,45.75,3.27,mid_season,clay,11.02,0
19.6,20.28,45.35,0,development,loamy,0,1
40.67,24.6,74.0,5.28,mid_season,loamy,8.35,0
70.78,22.41,52.12,0,initial,sandy,0,0
59.74,30.36,79.19,3.85,development,loamy,4.41,0
51.12,34.72,36.0,6.37,mid_season,sandy,7.54,0
76.38,26.28,73.71,4.12,development,sandy,14.85,0
51.24,35.22,50.8,4.23,mid_season,sandy,13.56,0
56.78,31.64,83.92,3.21,late,sandy,8.74,0
33.75,22.05,62.7,3.82,mid_season,sandy,12.85,0
81.12,26.38,52.65,4.2,mid_season,clay,7.23,0
26.36,27.48,71.78,2.83,late,loamy,10.23,0
60.87,33.43,77.0,4.05,mid_season,sandy,13.67,0
67.71,28.52,35.05,4.37,mid_season,sandy,7.66,0
71.95,23.59,83.24,3.07,development,sandy,13.33,0
79.71,26.6,65.51,0,development,loamy,0,0
25.09,22.31,61.36,4.24,late,loamy,13.91,0
75.66,26.97,40.69,3.53,initial,sandy,13.85,0
77.74,21.22,80.08,2.53,initial,loamy,10.69,0
54.74,27.03,64.15,3.62,development,clay,4.29,0
61.21,30.43,38.15,4.03,mid_season,loamy,17.91,0
68.99,19.61,39.46,6.75,late,loamy,7.88,0
53.68,29.49,77.96,2.98,development,loamy,3.91,0
39.39,21.04,46.16,4.2,mid_season,loamy,14.8,0
32.42,21.71,71.91,4.83,late,loamy,6.86,0
46.04,18.41,47.75,2.93,late,sandy,14.95,0
95,33.9,39.09,0,late,clay,0,0
49.11,19.95,79.28,1.98,initial,sandy,0.04,0
61.35,35.4,50.59,4.23,development,sandy,4.55,0
56.72,31.77,75.89,0,initial,sandy,0,0
59.98,18.55,53.06,4.22,development,sandy,7.83,0
83.92,23.91,41.88,5.08,late,loamy,14.85,0
54.24,23.88,76.35,4.17,development,clay,7.8,0
46.38,33.89,68.31,6.54,mid_season,sandy,2.85,0
64.56,30.47,69.66,3.5,development,clay,6.92,0
54.06,34.55,46.99,5.41,late,loamy,8.78,0
65.71,34.71,58.98,0,initial,clay,0,0
78.58,31.72,74.58,3.91,initial,sandy,4.66,0
70.74,20.46,74.77,5.66,development,clay,14.59,0
71.62,21.92,51.61,5.0,initial,clay,0.67,0
63.51,23.64,76.85,3.47,development,clay,13.71,0
34.4,29.95,36.55,4.23,late,sandy,5.57,0
59.28,28.66,74.73,1.98,mid_season,sandy,7.91,0
58.88,35.81,42.12,2.11,development,sandy,12.81,0
31.8,26.5,35.5,5.05,development,sandy,11.77,0
70.61,34.58,53.47,0,late,loamy,0,0
64.03,22.74,67.66,4.2,mid_season,loamy,15.99,0
53.08,32.92,67.09,6.26,mid_season,sandy,3.86,0
32.38,25.62,83.53,0,development,sandy,0,1
57.14,22.21,72.49,3.78,development,clay,15.96,0
34.54,31.04,65.25,0,mid_season,clay,0,1
59.02,27.21,57.41,4.93,mid_season,clay,11.79,0
39.47,35.01,69.91,3.16,mid_season,loamy,5.25,0
38.78,33.32,72.34,3.38,late,loamy,1.74,0
57.87,34.21,73.09,4.32,initial,sandy,7.45,0
54.37,27.47,48.64,2.3,mid_season,sandy,5.47,0
49.72,26.47,77.76,0,late,clay,0,0
50.53,30.34,61.26,3.47,initial,sandy,2.8,0
48.1,24.89,44.5,2.21,late,loamy,6.76,0
71.92,34.03,35.92,1.62,mid_season,loamy,9.23,0
51.92,35.47,69.69,3.18,initial,loamy,19.98,0
53.98,18.53,59.55,3.82,mid_season,loamy,22.69,0
47.59,33.49,38.19,2.15,development,sandy,9.14,0
60.22,33.16,65.62,5.77,development,clay,8.68,0
67.68,30.99,50.96,2.72,mid_season,loamy,3.35,0
50.77,20.97,71.7,4.39,development,sandy,7.58,0
92.23,27.89,79.92,0,initial,loamy,0,0
33.3,34.49,47.31,7.05,development,loamy,10.44,0
95,29.64,80.29,2.62,development,sandy,10.44,0
74.88,24.58,81.36,4.08,late,loamy,16.08,0
46.56,33.1,80.19,5.3,mid_season,sandy,10.65,0
48.96,30.7,60.54,4.79,late,sandy,17.49,0
59.99,21.24,69.53,0,development,loamy,0,0
41.66,22.15,71.78,4.24,development,loamy,3.91,0
23.67,28.61,49.66,4.28,mid_season,loamy,5.99,0
78.31,25.49,58.87,3.51,development,clay,4.76,0
20.01,31.38,75.09,4.81,development,clay,9.76,0
38.93,26.97,81.78,2.0,mid_season,clay,2.19,0
59.19,27.67,67.65,2.82,mid_season,sandy,11.77,0
57.19,22.86,56.9,4.85,late,clay,12.73,0
52.3,30.9,41.93,3.57,late,loamy,5.8,0
58.76,19.74,40.23,3.16,late,sandy,8.98,0
93.6,31.02,37.05,2.97,mid_season,loamy,17.73,0
53.09,29.42,56.85,1.9,mid_season,clay,1.43,0
57.57,31.42,83.25,3.27,late,loamy,7.98,0
43.29,28.96,81.5,0,initial,clay,0,0
47.31,23.61,46.68,4.86,late,sandy,2.74,0
67.06,30.65,69.78,5.12,mid_season,clay,15.75,0
54.56,35.56,51.35,3.13,mid_season,clay,13.39,0
82.08,26.37,49.61,2.78,late,clay,6.17,0
44.13,32.75,71.08,4.06,mid_season,loamy,7.66,0
59.67,34.35,71.94,3.83,mid_season,loamy,11.69,0
63.47,31.85,45.37,2.37,mid_season,sandy,5.05,0
83.07,27.01,83.21,4.92,mid_season,sandy,22.15,0
58.23,30.14,54.69,5.73,mid_season,loamy,7.64,0
44.1,35.49,42.62,4.83,development,clay,4.27,0
23.09,33.18,81.83,2.06,mid_season,clay,7.59,0
67.37,35.26,76.32,3.85,mid_season,clay,14.39,0
64.2,28.58,53.12,5.71,development,sandy,6.14,0
61.4,24.91,49.01,4.2,late,sandy,5.25,0
41.33,29.45,71.86,3.77,development,sandy,6.14,0
51.31,23.88,62.61,4.63,mid_season,clay,17.0,0
50.27,34.47,83.21,3.45,late,loamy,8.18,0
45.69,30.75,81.91,3.82,development,loamy,5.18,0
74.3,30.85,60.58,0,initial,sandy,0,0
39.1,21.67,74.81,2.83,development,sandy,19.6,0
54.23,20.49,38.09,6.73,development,loamy,0.42,0
13.7,18.47,42.44,0,late,sandy,0,1
37.02,23.84,55.12,3.18,mid_season,clay,6.94,0
54.1,25.43,47.29,5.95,mid_season,clay,17.95,0
54.99,26.57,73.04,0,late,sandy,0,1
54.36,35.46,55.17,2.67,late,clay,9.81,0
66.03,20.75,82.43,2.98,late,loamy,8.83,0
23.47,22.61,82.03,0,development,sandy,0,1
44.74,21.73,35.83,3.42,mid_season,clay,3.4,0
65.87,31.77,76.86,3.17,mid_season,loamy,23.55,0
73.03,24.05,80.39,0,mid_season,clay,0,0
34.38,21.15,69.22,4.49,mid_season,sandy,20.87,0
67.45,26.03,55.42,2.31,development,sandy,12.67,0
75.05,21.69,80.04,2.51,mid_season,clay,18.68,0
48.09,30.93,64.45,0,initial,clay,0,0
49.99,28.31,72.78,5.39,mid_season,loamy,15.53,0
77.73,35.11,39.8,4.78,development,loamy,8.62,0
61.03,28.35,41.34,4.24,development,sandy,4.02,0
46.23,28.2,47.26,3.13,initial,sandy,13.31,0
68.58,21.2,64.63,3.24,late,clay,4.35,0
23.86,28.88,46.24,2.78,late,clay,11.85,0
54.14,19.04,38.63,4.01,initial,loamy,1.29,0
39.21,28.6,72.0,0,mid_season,clay,0,1
27.19,35.67,81.11,3.32,late,loamy,14.19,0
76.77,27.48,48.69,5.36,development,loamy,6.0,0
93.0,20.5,79.84,2.27,late,clay,16.0,0
77.36,35.5,82.32,5.2,development,sandy,2.46,0
54.89,18.95,38.83,4.53,mid_season,sandy,8.45,0
40.85,24.57,54.75,4.95,late,loamy,4.58,0
12.63,25.81,38.11,4.03,mid_season,loamy,1.04,0
52.37,23.3,62.06,0,initial,sandy,0,0
29.93,32.5,42.55,5.86,mid_season,sandy,12.1,0
77.76,35.98,75.85,1.49,development,loamy,12.69,0
27.95,25.14,60.99,2.97,development,clay,2.57,0
67.72,32.94,63.57,0,initial,sandy,0,0
57.72,23.82,54.22,4.28,late,loamy,14.46,0
46.85,33.33,60.75,4.65,mid_season,clay,14.22,0
68.48,31.52,79.54,4.9,initial,loamy,4.62,0
94.48,35.64,47.61,3.35,development,loamy,4.36,0
37.11,28.92,57.05,0,late,loamy,0,1
44.47,19.91,68.38,4.76,initial,clay,11.3,0
51.73,22.19,57.27,5.37,late,sandy,17.64,0
19.2,21.81,69.21,0,mid_season,sandy,0,1
59.54,34.33,67.27,2.01,late,clay,11.88,0
35.97,21.31,62.86,3.86,late,clay,8.65,0
5,32.47,56.18,5.52,late,loamy,6.7,0
43.72,25.6,55.78,0,development,sandy,0,1
57.11,30.8,72.3,5.33,development,loamy,1.69,0
81.41,28.98,53.82,4.24,initial,sandy,7.89,0
95,22.0,66.94,2.18,initial,clay,1.65,0
56.66,21.61,36.21,0,initial,clay,0,0
35.26,27.95,77.86,4.59,late,clay,13.17,0
45.46,30.33,46.82,4.97,development,loamy,7.56,0
66.98,28.04,71.78,0,development,loamy,0,0
40.42,33.27,35.5,2.63,initial,loamy,7.88,0
41.44,18.75,70.3,0,late,loamy,0,1
35.61,33.32,63.37,2.21,development,loamy,19.53,0
50.5,29.56,73.87,4.09,initial,sandy,13.25,0
37.71,29.62,35.6,4.38,late,sandy,6.15,0
54.15,31.31,54.08,5.41,development,clay,6.1,0
51.75,24.42,63.38,4.32,initial,clay,1.36,0
62.61,35.01,79.65,0,initial,loamy,0,0
54.93,19.95,71.67,4.45,mid_season,sandy,19.07,0
44.1,24.0,38.69,4.11,mid_season,sandy,14.59,0
52.76,21.63,57.57,3.07,mid_season,loamy,12.21,0
28.09,34.37,66.01,3.57,development,sandy,1.3,0
69.28,23.74,73.47,4.66,initial,loamy,9.66,0
75.62,21.27,44.06,3.3,initial,sandy,0.38,0
61.76,22.34,64.75,3.74,late,sandy,16.38,0
45.88,19.8,80.32,0,initial,clay,0,0
68.78,20.81,67.15,3.89,mid_season,sandy,13.41,0
70.88,31.73,35.43,5.36,mid_season,sandy,13.0,0
55.35,22.1,77.9,0,initial,sandy,0,0
52.28,19.83,79.4,6.03,late,sandy,1.37,0
27.88,25.81,76.47,5.14,late,clay,18.97,0
78.24,35.51,70.41,3.49,mid_season,loamy,24.01,0
76.28,35.47,37.83,2.96,development,sandy,6.26,0
73.99,23.45,69.1,0,late,sandy,0,0
78.79,18.47,76.11,4.97,mid_season,loamy,11.09,0
87.49,31.85,40.28,3.98,development,sandy,16.55,0
71.23,25.23,65.92,5.52,development,clay,7.49,0
83.22,29.76,65.26,2.58,initial,loamy,4.32,0
62.28,34.18,60.44,3.84,late,sandy,2.63,0
61.09,23.35,72.97,4.41,mid_season,loamy,13.66,0
65.55,27.57,69.13,2.61,initial,clay,13.17,0
84.78,28.76,38.52,4.68,mid_season,sandy,11.47,0
61.51,34.39,53.73,5.53,late,loamy,14.31,0
69.47,29.87,52.07,4.88,mid_season,clay,11.75,0
67.01,31.94,75.48,1.44,initial,loamy,10.32,0
58.87,19.44,83.53,2.02,late,sandy,13.48,0
62.11,27.81,44.61,0,initial,loamy,0,0
15.75,24.83,45.7,3.98,development,clay,12.68,0
27.99,22.41,74.13,3.88,mid_season,clay,10.85,0
59.01,23.61,65.47,3.81,development,sandy,10.79,0
27.51,18.68,36.15,3.97,development,clay,2.4,0
52.0,22.79,70.2,4.63,mid_season,clay,13.72,0
52.4,35.08,60.77,3.99,mid_season,clay,18.85,0
46.85,19.84,47.13,4.45,development,clay,14.88,0
65.28,21.94,82.9,3.08,initial,clay,4.2,0
41.89,29.26,55.51,3.55,late,loamy,2.77,0
55.55,36.0,36.34,4.28,development,clay,11.96,0
77.43,26.94,46.34,4.87,development,clay,8.47,0
66.71,32.99,39.54,5.81,late,sandy,11.33,0
56.82,20.78,71.54,0,initial,loamy,0,0
79.49,24.39,35.25,2.49,initial,clay,12.44,0
8.52,18.5,68.84,0,initial,loamy,0,0
57.88,30.54,76.67,4.69,development,sandy,6.3,0
67.57,31.52,40.8,4.21,development,clay,0.65,0
76.84,23.51,38.88,3.56,development,loamy,6.05,0
36.73,34.6,76.73,4.58,mid_season,clay,9.77,0
42.34,30.98,52.12,0,initial,sandy,0,0
50.25,24.17,75.82,4.03,mid_season,clay,12.91,0
55.04,23.97,82.24,5.25,mid_season,clay,21.69,0
44.8,35.34,61.11,5.28,initial,loamy,5.45,0
45.3,35.14,60.54,0,late,sandy,0,1
21.39,27.71,75.77,3.43,initial,sandy,1.21,0
29.86,23.61,66.9,5.05,development,sandy,17.3,0
49.92,35.85,64.7,5.83,initial,loamy,10.19,0
50.44,23.95,69.17,0,initial,clay,0,0
49.81,20.18,71.68,3.33,late,sandy,4.32,0
57.7,28.75,80.88,3.44,development,loamy,0.19,0
85.38,27.35,83.49,2.99,late,sandy,7.81,0
65.47,34.86,67.81,0,initial,sandy,0,0
42.71,23.59,38.35,5.88,initial,sandy,8.52,0
76.66,29.89,59.93,2.65,mid_season,sandy,4.42,0
47.13,28.07,63.74,4.32,late,clay,11.63,0
36.21,35.16,68.64,0,initial,loamy,0,0
41.2,19.16,78.29,2.42,development,sandy,14.19,0
60.97,35.02,38.3,4.51,initial,sandy,10.52,0
38.26,28.56,46.55,5.08,development,sandy,5.21,0
21.17,22.17,84.02,2.73,mid_season,sandy,17.41,0
64.3,31.7,60.77,3.65,initial,loamy,4.3,0
76.43,21.33,70.01,6.56,late,loamy,10.17,0
72.28,30.32,48.91,3.43,initial,clay,7.18,0
54.31,20.63,57.13,2.0,mid_season,loamy,9.48,0
29.93,20.69,49.04,0,initial,loamy,0,0
79.24,33.6,59.28,0,initial,loamy,0,0
59.77,21.44,72.94,5.44,late,sandy,10.24,0
90.15,25.26,36.6,4.13,late,loamy,6.54,0
50.03,23.78,36.48,0.99,late,sandy,5.14,0
80.46,35.36,63.93,4.16,late,sandy,8.2,0
23.86,32.18,49.5,4.56,mid_season,clay,6.89,0
56.68,27.6,76.77,3.14,initial,loamy,7.97,0
54.05,28.12,70.15,4.24,mid_season,clay,8.89,0
24.2,21.98,69.66,2.55,late,clay,10.43,0
52.7,20.71,52.76,0,initial,clay,0,0
57.29,35.21,74.88,5.94,development,clay,1.07,0
40.04,27.99,65.11,0,initial,sandy,0,0
55.04,30.9,77.41,2.94,late,loamy,23.17,0
55.5,29.94,39.43,4.18,initial,clay,7.59,0
51.72,29.55,51.14,3.64,mid_season,sandy,3.67,0
65.66,33.67,57.5,2.85,late,clay,23.13,0
37.29,24.02,44.66,3.2,development,loamy,10.54,0
46.92,34.53,49.41,2.06,initial,clay,8.81,0
59.58,28.4,36.45,4.74,late,loamy,11.37,0
74.82,30.3,55.35,2.31,mid_season,loamy,16.02,0
78.08,22.89,39.72,5.04,initial,sandy,8.06,0
78.54,19.07,63.49,0,development,sandy,0,0
76.3,32.33,77.78,3.44,late,clay,6.42,0
95,27.07,67.46,5.02,initial,loamy,3.25,0
66.95,26.61,41.69,2.86,late,loamy,17.06,0
76.57,28.58,73.74,3.71,development,sandy,13.82,0
68.28,22.09,53.84,0,initial,sandy,0,0
59.38,26.24,58.81,3.26,mid_season,loamy,8.9,0
73.24,32.13,54.65,5.16,development,clay,9.78,0
41.27,22.45,70.6,3.03,late,loamy,16.67,0
61.99,26.38,59.29,3.64,mid_season,loamy,17.64,0
84.78,35.03,42.13,6.17,mid_season,sandy,6.28,0
66.59,21.24,58.16,2.93,mid_season,clay,7.96,0
53.75,21.59,64.23,4.32,development,sandy,7.23,0
21.69,22.71,48.58,2.99,initial,loamy,0.05,0
76.63,24.91,66.4,0,initial,clay,0,0
50.94,22.95,52.93,5.06,development,sandy,6.21,0
77.31,22.46,62.68,4.7,initial,sandy,12.02,0
35.23,22.34,75.78,3.74,mid_season,loamy,18.35,0
25.92,32.34,49.03,0,late,loamy,0,1
85.54,31.46,72.42,3.68,mid_season,loamy,2.32,0
79.57,18.81,60.01,0,late,sandy,0,0
68.58,31.02,66.66,4.27,late,clay,12.75,0
39.17,31.31,42.45,3.55,mid_season,sandy,3.24,0
86.25,19.34,59.07,3.98,late,clay,3.57,0
73.06,26.84,62.19,0,initial,clay,0,0
28.47,25.91,35.47,5.07,development,loamy,9.16,0
24.13,25.08,63.19,5.14,development,clay,7.7,0
29.1,24.58,78.09,5.55,initial,clay,3.42,0
7.75,28.27,69.98,4.0,initial,sandy,6.47,0
53.51,30.37,58.62,3.28,mid_season,loamy,4.28,0
88.46,25.09,73.8,4.07,late,loamy,14.45,0
44.27,20.86,39.91,2.91,initial,loamy,10.87,0
57.33,18.2,35.92,3.71,initial,loamy,5.33,0
28.09,18.68,51.5,3.15,development,sandy,10.01,0
64.79,25.35,73.45,3.94,mid_season,clay,12.94,0
67.29,34.83,69.28,0,development,loamy,13.84,0
58.77,27.19,62.22,4.06,late,clay,12.38,0
39.23,27.03,35.22,0,initial,loamy,0,0
64.41,34.68,70.72,2.89,late,clay,17.02,0
67.64,33.17,58.16,6.7,mid_season,loamy,25.54,0
39.72,24.59,74.48,4.82,mid_season,sandy,4.64,0
59.51,20.34,36.5,4.81,development,loamy,5.58,0
86.65,30.66,60.3,3.59,initial,loamy,2.19,0
45.9,32.15,49.16,4.92,initial,clay,15.39,0
64.35,31.95,80.1,4.17,mid_season,loamy,8.44,0
59.93,30.27,50.79,4.07,late,loamy,8.24,0
74.06,33.41,38.64,0,development,sandy,0,0
39.27,27.77,50.93,3.39,initial,clay,5.11,0
37.83,34.61,56.2,0,initial,clay,0,0
59.67,32.65,82.19,0,initial,sandy,0,0
58.14,32.74,39.78,4.79,development,loamy,9.15,0
30.32,21.62,47.01,0,initial,sandy,0,0
22.99,31.15,56.08,3.63,development,loamy,6.38,0
65.97,29.25,39.57,4.64,development,sandy,3.53,0
71.96,34.1,82.78,3.09,late,clay,5.77,0
22.94,20.76,66.4,4.29,late,loamy,16.06,0
77.17,31.28,76.47,3.17,late,sandy,16.39,0
95,22.23,83.0,3.08,initial,sandy,15.97,0
43.11,23.03,40.24,4.42,development,loamy,4.91,0
41.45,28.14,50.27,1.78,late,clay,26.63,0
32.56,32.24,66.32,0,initial,loamy,0,0
45.87,18.49,63.78,5.62,mid_season,loamy,16.34,0
56.64,30.0,39.24,0,development,sandy,0,1
24.34,27.76,70.63,4.54,mid_season,clay,14.04,0
63.53,24.0,53.72,1.84,mid_season,loamy,10.13,0
45.0,19.38,57.24,2.54,mid_season,sandy,4.82,0
36.11,25.54,37.7,4.41,development,sandy,5.78,0
58.56,20.64,67.8,1.9,mid_season,clay,12.54,0
42.62,21.86,54.59,4.49,mid_season,clay,8.72,0
53.23,30.41,54.82,3.76,development,clay,3.75,0
41.64,23.41,45.03,3.56,mid_season,loamy,19.76,0
38.15,32.8,43.81,4.51,development,sandy,12.38,0
47.31,20.11,69.32,5.06,mid_season,clay,23.89,0
49.89,27.1,52.88,3.51,development,loamy,8.36,0
22.2,24.94,47.2,0,initial,loamy,0,0
48.84,26.19,64.36,5.52,mid_season,loamy,13.29,0
32.63,21.91,44.79,6.29,late,loamy,10.93,0
49.22,32.85,46.9,3.72,initial,loamy,4.97,0
53.74,34.16,60.83,3.75,development,loamy,11.32,0
72.58,20.27,39.34,4.01,late,clay,1.07,0
47.75,33.44,36.44,6.0,late,loamy,14.04,0
62.19,22.14,57.78,4.18,initial,clay,11.25,0
41.97,21.82,46.9,4.09,late,clay,13.79,0
32.1,32.21,57.75,5.44,initial,loamy,8.57,0
59.48,19.72,76.65,2.91,development,loamy,7.21,0
15.24,20.11,80.6,3.9,initial,loamy,6.14,0
40.85,21.93,53.27,4.21,development,clay,13.96,0
39.17,28.71,38.51,4.6,development,clay,1.4,0
84.42,21.29,49.02,2.97,mid_season,loamy,21.77,0
43.89,26.19,66.96,3.29,mid_season,loamy,6.78,0
5,34.14,62.49,0,development,sandy,0,1
40.13,22.06,59.37,3.23,development,clay,8.87,0
50.52,29.43,79.15,4.3,late,clay,20.33,0
75.65,20.94,51.74,1.97,development,loamy,8.25,0
62.69,33.9,50.03,5.22,development,sandy,12.5,0
36.7,30.32,71.23,2.07,late,loamy,0.62,0
53.53,23.13,78.22,0,initial,loamy,0,0
59.02,26.25,67.39,0,development,clay,0,0
68.94,32.14,61.8,1.81,initial,loamy,0.21,0
50.93,30.58,51.58,4.1,late,loamy,13.74,0
53.41,20.13,81.11,3.56,development,loamy,9.3,0
45.63,22.24,80.29,4.6,mid_season,loamy,13.79,0
27.12,18.04,65.39,0,initial,clay,0,0
43.3,21.97,46.32,2.81,initial,loamy,2.27,0
87.98,24.23,81.61,4.42,mid_season,loamy,10.28,0
46.59,30.01,40.38,3.72,mid_season,loamy,3.15,0
9.31,28.71,36.34,4.49,mid_season,clay,19.38,0
81.11,26.97,78.69,3.25,mid_season,clay,4.48,0
74.31,27.8,78.73,3.86,initial,clay,5.13,0
55.69,30.17,77.16,3.49,development,sandy,2.14,0
65.75,33.85,80.99,5.25,initial,sandy,10.61,0
62.46,18.76,62.48,5.1,mid_season,loamy,1.6,0
43.18,30.5,57.9,4.52,development,sandy,13.16,0
32.7,35.78,81.67,0,initial,clay,0,0
37.16,20.96,51.94,5.27,initial,sandy,0.54,0
43.2,31.04,84.92,4.22,late,clay,15.61,0
71.7,33.79,67.71,0,initial,sandy,0,0
76.07,26.48,45.95,0,mid_season,sandy,0,0
60.34,22.95,66.09,5.24,development,clay,7.01,0
26.49,31.98,44.55,2.84,initial,loamy,10.18,0
67.46,32.34,73.28,0,late,sandy,0,0
82.23,29.91,82.0,5.4,development,loamy,6.48,0
29.18,28.12,50.67,0,initial,loamy,0,0
62.96,31.18,38.09,3.5,development,sandy,9.82,0
65.52,34.11,67.22,5.74,development,sandy,17.37,0
78.39,29.95,72.54,3.93,late,sandy,7.91,0
56.86,21.66,45.12,4.38,mid_season,clay,11.89,0
95,23.29,57.68,4.07,development,loamy,2.57,0
49.06,18.82,58.36,0,mid_season,sandy,0,1
42.69,18.7,38.19,0,initial,loamy,0,0
40.25,23.51,83.67,0,mid_season,clay,0,1
74.56,31.77,38.35,2.25,development,clay,16.06,0
75.17,29.58,58.23,0,late,sandy,0,0
37.92,24.6,42.71,6.1,initial,sandy,9.98,0
56.81,23.17,60.73,5.12,development,loamy,17.25,0
73.71,23.95,66.5,2.82,initial,loamy,10.35,0
61.25,24.83,44.95,5.38,mid_season,loamy,17.84,0
61.82,21.2,45.71,3.11,mid_season,clay,16.14,0
61.85,30.5,48.64,2.71,mid_season,loamy,16.07,0
23.96,19.41,50.42,3.63,late,sandy,1.16,0
41.44,26.46,69.22,1.98,mid_season,sandy,5.56,0
65.25,23.31,65.84,0,initial,loamy,0,0
19.58,26.42,78.03,4.69,mid_season,clay,9.02,0
69.23,21.24,37.47,3.28,mid_season,clay,12.72,0
44.05,29.98,77.97,5.2,initial,loamy,12.55,0
41.5,18.25,58.84,4.42,development,sandy,8.56,0
51.45,18.77,74.82,3.3,development,sandy,0.63,0
25.95,28.36,36.05,4.95,development,sandy,8.88,0
56.36,31.02,44.38,4.81,development,clay,5.96,0
62.81,25.89,40.66,3.97,development,clay,6.54,0
46.24,23.45,58.91,0,initial,loamy,0,0
68.81,18.96,49.45,0,development,clay,0,0
35.54,28.37,70.86,3.69,late,clay,15.02,0
63.16,28.8,37.11,4.45,late,clay,11.9,0
77.09,26.78,72.2,4.43,initial,loamy,6.53,0
59.66,30.88,67.58,3.84,late,clay,6.92,0
52.36,33.4,75.65,5.54,development,sandy,4.19,0
66.6,29.01,74.31,5.66,late,sandy,0.93,0
65.26,32.53,66.66,3.92,mid_season,loamy,9.75,0
58.82,26.22,64.56,4.83,late,loamy,12.42,0
77.25,32.73,73.44,3.86,late,sandy,4.13,0
78.29,29.75,45.68,5.39,late,loamy,17.9,0
49.6,29.87,61.47,3.11,late,loamy,21.41,0
49.74,19.17,76.51,6.51,mid_season,clay,26.5,0
51.61,30.25,58.41,2.66,late,sandy,1.44,0
42.34,34.61,63.52,4.07,mid_season,clay,12.52,0
62.42,22.05,71.81,0,development,sandy,0,0
49.69,19.25,48.66,4.54,mid_season,sandy,15.29,0
61.59,32.24,45.32,5.67,development,loamy,6.81,0
59.95,32.43,62.87,4.78,mid_season,loamy,9.44,0
45.12,24.97,68.13,5.3,development,sandy,7.17,0
36.49,32.02,47.82,0,late,sandy,0,1
59.24,35.17,63.63,0,initial,loamy,0,0
95,23.0,67.75,3.02,late,sandy,20.6,0
44.65,20.13,62.96,0,initial,clay,0,0
78.33,34.19,57.37,3.93,late,loamy,14.61,0
81.06,22.62,69.49,5.34,late,clay,12.0,0
65.89,22.29,68.05,2.62,development,clay,13.34,0
52.68,26.48,69.14,4.44,mid_season,loamy,11.36,0
53.11,20.09,80.79,4.17,late,sandy,1.32,0
60.94,28.73,46.02,3.82,development,loamy,23.85,0
47.9,28.35,84.82,4.12,initial,loamy,17.29,0
77.86,27.09,77.26,6.49,development,clay,10.74,0
25.66,19.48,52.15,4.72,mid_season,sandy,9.07,0
45.89,24.31,45.76,3.0,late,loamy,1.65,0
79.29,31.85,63.14,0,initial,clay,0,0
34.19,29.67,63.6,2.94,initial,sandy,6.82,0
57.74,28.11,82.64,2.97,initial,clay,8.43,0
79.53,34.59,79.02,4.95,initial,clay,9.88,0
95,26.23,47.84,5.1,initial,loamy,5.33,0
44.38,25.07,63.75,3.21,late,sandy,2.45,0
29.55,22.79,53.16,3.43,development,sandy,6.95,0
38.48,31.56,41.93,5.25,mid_season,clay,13.3,0
49.9,23.24,63.28,4.78,mid_season,loamy,10.58,0
60.15,18.39,51.06,3.74,late,loamy,7.45,0
73.85,26.1,49.67,2.82,mid_season,loamy,23.56,0
80.27,32.26,55.85,4.0,late,sandy,12.41,0
40.14,29.91,35.12,5.17,initial,loamy,4.55,0
63.86,22.92,36.16,2.0,initial,sandy,6.61,0
61.61,26.97,38.14,3.29,initial,sandy,7.57,0
84.55,33.48,78.35,2.4,mid_season,sandy,5.0,0
64.28,24.6,52.46,4.97,mid_season,loamy,14.76,0
48.84,22.82,48.8,5.13,late,clay,3.39,0
66.67,27.62,73.57,2.52,mid_season,loamy,6.83,0
22.14,26.27,44.2,2.56,late,sandy,1.83,0
95,28.14,38.57,0,initial,sandy,0,0
5,18.29,55.82,4.85,late,sandy,17.04,0
57.64,29.93,84.36,0,development,sandy,0,1
83.44,35.82,35.47,4.15,development,clay,4.29,0
54.01,18.9,46.72,4.59,mid_season,clay,16.77,0
37.12,35.3,65.64,2.59,development,loamy,7.07,0
30.35,29.15,43.0,4.44,late,loamy,4.57,0
44.71,19.43,52.57,4.83,development,clay,13.62,0
48.81,34.73,63.08,0,development,sandy,0,1
40.18,32.24,41.49,5.98,mid_season,clay,18.22,0
45.54,35.77,40.18,3.14,development,loamy,8.53,0
68.73,23.62,63.43,5.63,development,loamy,0.19,0
70.06,34.85,59.26,0,initial,sandy,0,0
62.51,21.37,69.34,0,late,clay,0,0
70.32,29.82,64.7,4.82,mid_season,loamy,6.8,0
48.46,28.83,78.5,3.8,initial,loamy,9.97,0
43.33,25.02,83.69,4.53,development,clay,9.9,0
86.99,24.92,82.84,0,initial,sandy,0,0
41.78,35.0,75.81,3.04,mid_season,sandy,20.31,0
40.4,22.62,53.05,3.89,late,clay,7.43,0
75.1,19.48,47.93,0,late,clay,0,0
27.33,19.76,48.68,1.37,initial,loamy,1.86,0
59.84,32.69,68.48,2.97,initial,loamy,12.47,0
78.19,35.35,55.93,2.55,initial,clay,3.06,0
61.4,25.8,35.08,3.11,development,sandy,11.17,0
21.59,26.96,74.78,0,development,sandy,0,1
55.59,22.78,61.67,2.73,initial,clay,7.56,0
75.33,30.42,51.2,2.94,development,loamy,9.34,0
65.88,28.9,37.33,0,initial,loamy,0,0
58.14,25.04,60.58,3.25,mid_season,loamy,13.49,0
62.08,28.62,72.88,3.17,development,clay,22.81,0
48.78,25.59,52.45,0,late,clay,0,0
49.69,28.31,57.34,3.1,mid_season,loamy,13.43,0
69.88,33.69,70.76,4.29,development,clay,4.94,0
51.38,34.59,46.14,4.23,development,sandy,6.54,0
65.86,21.22,70.66,5.98,development,clay,14.58,0
59.95,35.08,80.89,0.48,initial,loamy,4.74,0
59.13,21.71,37.68,4.5,initial,loamy,6.43,0
66.53,28.21,64.33,4.58,late,sandy,16.31,0
36.27,23.45,72.86,4.12,mid_season,clay,20.86,0
61.32,30.52,57.31,3.4,late,clay,14.44,0
74.7,32.89,37.57,0,initial,loamy,0,0
58.21,31.75,38.83,0,initial,sandy,0,0
37.37,21.06,37.61,4.51,initial,loamy,2.68,0
41.28,22.6,35.33,3.48,late,clay,7.16,0
55.07,21.72,62.99,3.73,late,loamy,20.31,0
58.21,22.41,64.23,3.42,mid_season,loamy,9.3,0
42.37,22.28,74.91,4.15,late,clay,4.01,0
38.31,28.45,47.49,0,initial,loamy,0,0
36.31,21.05,54.58,5.35,mid_season,sandy,4.91,0
88.21,31.36,78.5,4.35,development,sandy,0.49,0
60.11,19.99,79.75,4.15,initial,loamy,1.69,0
32.43,32.7,36.6,3.6,initial,clay,20.88,0
55.03,27.75,46.56,3.94,development,clay,5.95,0
48.35,22.12,53.3,3.75,mid_season,sandy,23.02,0
40.01,32.3,76.54,3.6,development,loamy,1.4,0
61.27,32.55,69.81,4.16,development,clay,8.59,0
48.27,31.26,74.74,4.35,development,clay,5.72,0
69.22,23.38,60.87,4.99,initial,clay,2.48,0
37.62,18.42,46.96,4.9,initial,sandy,2.32,0
43.93,31.77,55.1,4.0,late,sandy,10.48,0
56.09,31.56,56.15,2.09,development,loamy,14.19,0
91.6,23.05,40.5,4.17,mid_season,loamy,15.91,0
59.82,29.6,71.59,3.09,late,sandy,8.35,0
28.45,29.52,60.53,3.1,development,loamy,3.55,0
34.24,19.82,37.1,0,initial,loamy,0,0
57.79,25.16,80.51,4.29,initial,loamy,17.06,0
46.04,25.23,62.74,2.8,initial,loamy,1.75,0
86.45,19.57,64.18,3.43,development,clay,3.63,0
56.16,31.63,73.7,5.06,mid_season,clay,20.32,0
25.98,25.18,53.43,2.98,late,sandy,10.32,0
91.35,33.53,57.58,4.15,development,sandy,26.06,0
63.58,35.94,70.73,4.83,mid_season,clay,12.38,0
65.0,30.45,62.28,0,initial,sandy,0,0
40.72,29.49,74.34,3.78,mid_season,loamy,14.51,0
95,24.53,58.07,4.27,late,loamy,17.92,0
69.71,30.06,74.84,4.96,late,clay,11.45,0
47.91,19.35,68.74,5.32,mid_season,sandy,6.54,0
9.08,18.21,62.5,5.37,development,loamy,11.41,0
95,22.05,79.45,2.79,mid_season,sandy,6.79,0
92.39,24.23,84.94,3.67,mid_season,clay,8.63,0
51.35,24.89,56.11,0,initial,sandy,0,0
60.36,35.42,78.75,0,initial,clay,0,0
38.99,23.62,54.17,2.22,initial,loamy,15.68,0
36.22,25.86,55.17,3.39,development,clay,6.64,0
77.7,31.85,54.03,3.26,initial,loamy,5.52,0
50.9,33.91,81.37,0,initial,sandy,0,0
56.01,35.86,70.78,3.5,development,loamy,16.85,0
38.87,21.5,82.64,3.41,mid_season,clay,9.7,0
36.77,35.41,66.69,3.44,initial,sandy,3.28,0
82.58,18.44,66.47,3.12,initial,clay,21.92,0
48.49,30.39,53.14,0,initial,sandy,0,0
42.63,27.3,55.96,2.42,mid_season,sandy,1.03,0
49.59,33.98,83.83,2.36,late,loamy,2.05,0
75.38,20.06,58.7,3.76,initial,sandy,11.23,0
56.6,33.15,41.89,3.51,initial,loamy,5.3,0
69.67,19.72,39.96,3.08,initial,sandy,6.45,0
38.91,26.59,74.32,0,development,clay,0,1
35.03,30.45,75.94,0,late,clay,0,1
63.86,22.55,38.02,0,late,loamy,0,0
59.32,20.37,72.03,4.38,late,clay,3.57,0
31.61,35.83,80.81,4.29,initial,clay,12.85,0
49.98,27.29,36.63,3.26,initial,clay,2.03,0
43.25,31.42,49.04,5.92,mid_season,loamy,13.43,0
51.57,32.87,48.26,3.5,development,clay,15.28,0
67.21,18.15,62.04,4.0,development,clay,29.07,0
37.73,23.68,70.48,0,initial,clay,0,0
32.55,33.74,74.28,4.68,late,loamy,8.37,0
62.31,35.81,76.89,3.19,mid_season,clay,21.51,0
93.82,20.34,73.77,5.83,initial,clay,15.78,0
60.36,34.72,76.74,3.96,late,clay,14.71,0
51.38,29.51,47.7,3.56,initial,loamy,1.41,0
78.71,22.84,64.16,2.08,development,sandy,1.26,0
65.61,24.08,60.45,3.61,initial,clay,13.02,0
71.49,33.87,35.88,5.57,late,sandy,14.33,0
32.47,27.35,41.57,0,initial,loamy,0,0
48.44,20.89,70.83,0,development,clay,0,0
82.18,21.11,49.31,6.37,mid_season,clay,21.65,0
42.04,21.99,46.73,3.95,development,loamy,4.42,0
58.96,24.14,57.34,3.41,mid_season,sandy,7.15,0
31.29,27.02,72.83,4.59,development,clay,15.3,0
62.78,23.68,75.37,4.82,mid_season,loamy,1.23,0
64.0,23.53,76.28,0,development,clay,0,0
49.56,27.18,45.74,4.52,initial,loamy,5.39,0
42.44,34.9,78.17,5.26,late,sandy,3.19,0
66.39,35.11,60.54,4.76,late,loamy,17.07,0
81.04,34.12,57.29,1.82,mid_season,loamy,12.2,0
53.91,21.13,59.65,2.65,late,sandy,2.81,0
69.31,33.54,35.95,0,initial,clay,0,0
68.2,34.75,81.77,4.79,mid_season,sandy,1.96,0
63.15,22.36,56.51,3.34,mid_season,sandy,9.31,0
50.81,22.2,83.48,3.69,late,clay,9.96,0
63.2,25.24,44.85,5.06,development,clay,9.6,0
61.09,26.53,68.77,2.56,mid_season,clay,13.04,0
63.99,18.43,78.2,3.77,mid_season,sandy,21.15,0
38.04,28.14,46.92,4.09,development,loamy,0.35,0
6.85,27.18,65.71,4.07,mid_season,loamy,12.8,0
54.76,34.09,57.09,2.35,late,sandy,4.22,0
49.53,29.13,37.72,5.07,late,loamy,0.81,0
52.78,28.75,82.56,4.22,late,clay,22.65,0
22.78,28.42,40.01,0,initial,clay,0,0
62.27,30.75,69.72,4.57,late,loamy,4.47,0
46.86,20.66,58.93,3.61,mid_season,loamy,22.51,0
25.48,33.08,64.06,4.39,late,sandy,8.1,0
54.93,32.63,71.81,3.69,mid_season,loamy,16.86,0
56.65,22.28,39.09,3.62,development,sandy,9.83,0
47.17,22.14,50.67,4.27,late,loamy,7.51,0
60.72,28.72,59.1,2.94,initial,clay,3.91,0
67.02,28.34,82.88,4.27,late,sandy,11.58,0
48.38,23.52,37.19,3.51,late,clay,0.28,0
88.08,20.86,58.41,4.45,development,clay,15.75,0
89.72,23.98,50.66,4.03,mid_season,clay,10.16,0
49.95,21.51,35.17,4.06,mid_season,clay,5.31,0
44.72,33.14,66.8,3.03,initial,clay,16.59,0
82.03,31.98,65.95,4.43,late,clay,5.83,0
54.01,18.19,76.78,4.13,initial,sandy,14.05,0
46.33,29.84,53.53,0,late,sandy,0,1
51.87,30.63,79.72,3.26,mid_season,loamy,4.51,0
64.93,33.29,63.03,3.17,mid_season,loamy,7.26,0
55.96,35.7,43.42,0,development,clay,0,0
51.4,34.64,53.97,4.58,initial,clay,17.78,0
68.3,33.58,60.62,4.15,development,loamy,8.51,0
29.36,23.57,39.05,0,initial,loamy,0,0
56.93,29.66,63.62,0,late,clay,0,0
53.63,30.72,76.95,4.51,development,sandy,5.21,0
53.54,19.2,80.04,0,mid_season,clay,0,0
50.07,21.36,37.55,4.82,late,clay,9.27,0
63.57,24.95,36.27,3.91,initial,loamy,7.13,0
52.66,20.98,50.35,4.42,mid_season,loamy,7.75,0
46.93,31.28,64.42,4.12,mid_season,clay,17.19,0
59.7,30.88,55.93,5.0,development,loamy,3.65,0
61.73,32.47,50.92,5.03,initial,clay,7.93,0
74.75,29.01,54.54,5.71,development,sandy,15.23,0
45.11,32.53,41.61,3.48,late,sandy,7.35,0
26.64,20.28,66.54,0,mid_season,sandy,0,1
70.22,31.97,41.76,3.33,development,loamy,1.98,0
49.96,28.22,63.74,5.11,mid_season,clay,11.83,0
52.7,29.97,75.73,4.41,late,clay,6.64,0
90.84,21.31,44.25,5.55,development,loamy,7.82,0
59.28,28.9,72.31,6.57,late,clay,9.33,0
62.86,23.38,45.23,2.86,mid_season,clay,5.06,0
70.75,30.47,75.35,0,development,loamy,0,0
20.93,21.03,75.73,3.55,mid_season,sandy,13.2,0
56.22,34.85,81.7,2.9,late,sandy,9.37,0
24.65,32.34,39.93,5.19,late,loamy,3.29,0
25.64,22.54,56.23,0,late,sandy,0,1
20.21,20.59,78.34,4.22,initial,clay,11.08,0
39.29,27.86,63.4,1.29,development,sandy,7.55,0
38.94,30.63,45.61,3.65,late,clay,22.82,0
67.31,25.69,58.65,3.67,development,loamy,2.19,0
49.33,28.28,41.78,3.29,initial,sandy,0.47,0
68.28,24.32,78.71,2.53,initial,sandy,8.91,0
50.74,34.42,47.23,4.77,development,loamy,24.56,0
64.17,33.16,67.81,4.5,development,sandy,1.82,0
78.15,23.05,70.28,2.78,development,sandy,7.15,0
61.51,18.22,78.29,3.9,development,loamy,10.57,0
54.73,33.43,50.12,2.72,development,sandy,9.03,0
77.38,35.84,42.15,0,development,loamy,0,0
70.79,32.26,46.82,4.15,development,loamy,10.71,0
63.19,33.07,84.4,4.05,development,clay,11.35,0
48.09,24.65,76.09,3.76,mid_season,sandy,4.49,0
69.86,33.72,53.82,2.96,late,sandy,11.15,0
78.11,30.31,64.54,4.49,mid_season,sandy,7.24,0
43.24,21.29,55.36,3.67,late,loamy,3.24,0
92.39,21.36,81.49,4.19,mid_season,clay,6.23,0
26.05,30.52,83.61,7.46,development,clay,17.02,0
49.37,27.77,41.7,5.42,mid_season,sandy,13.27,0
27.92,19.41,51.63,3.7,initial,sandy,12.6,0
81.47,28.93,47.8,0,initial,sandy,0,0
37.69,34.84,50.97,5.2,mid_season,clay,18.41,0
47.22,19.34,65.56,0,initial,loamy,0,0
62.95,18.9,41.28,5.97,development,loamy,4.39,0
51.49,21.61,49.87,1.49,late,loamy,5.94,0
52.99,29.39,60.51,2.81,mid_season,loamy,11.53,0
32.48,30.3,42.72,4.5,development,loamy,1.79,0
34.46,34.58,65.63,3.56,mid_season,sandy,5.33,0
57.39,33.3,48.17,3.59,initial,clay,10.57,0
84.51,26.12,50.72,4.4,initial,sandy,9.25,0
95,31.78,64.54,2.64,initial,sandy,4.97,0
54.47,35.56,54.83,4.42,mid_season,loamy,1.66,0
62.6,25.36,44.08,4.42,development,loamy,4.97,0
76.72,19.4,73.03,0,initial,clay,0,0
41.15,35.01,54.74,6.14,initial,loamy,8.29,0
59.66,34.62,77.84,5.64,development,sandy,11.29,0
54.39,23.08,65.04,0,initial,sandy,0,0
27.42,32.24,43.96,3.94,initial,clay,3.9,0
66.45,31.79,45.98,3.61,mid_season,clay,13.85,0
45.88,31.76,44.67,3.66,development,loamy,16.27,0
59.87,18.49,53.83,3.97,initial,clay,5.97,0
26.28,35.74,58.02,4.77,late,loamy,3.97,0
85.31,27.89,36.41,5.17,development,clay,13.21,0
46.17,29.23,42.39,4.16,development,sandy,22.11,0
32.91,19.61,58.35,4.18,initial,loamy,1.27,0
69.49,18.54,75.48,1.77,initial,sandy,0.87,0
95,20.21,60.01,2.63,late,loamy,17.04,0
25.21,25.47,53.64,0,development,clay,0,1
54.56,28.7,69.18,4.43,late,loamy,8.04,0
71.27,25.99,41.79,0,late,sandy,0,0
8.25,35.97,64.64,7.19,development,loamy,4.97,0
84.52,32.38,66.51,3.53,late,loamy,4.5,0
65.33,21.24,55.77,3.51,late,clay,15.47,0
47.06,33.45,48.27,2.9,late,loamy,1.83,0
72.74,23.41,48.32,0,mid_season,sandy,0,0
57.43,29.97,70.85,3.69,initial,sandy,6.37,0
56.26,30.14,77.65,4.45,mid_season,sandy,9.83,0
70.98,23.43,52.98,3.41,development,clay,0.74,0
65.53,22.47,64.39,0,initial,sandy,0,0
44.8,18.73,77.67,4.59,late,clay,15.99,0
34.48,25.47,67.37,3.53,mid_season,sandy,0.29,0
28.15,31.74,71.14,5.74,development,sandy,3.66,0
43.86,27.41,67.22,4.93,late,clay,10.58,0
95,23.15,49.39,2.83,mid_season,sandy,4.49,0
69.31,19.68,63.77,1.98,mid_season,sandy,6.13,0
92.3,18.41,73.11,3.46,mid_season,sandy,4.62,0
30.42,20.08,70.53,0,initial,clay,0,0
41.38,24.03,68.0,4.0,mid_season,clay,11.14,0
59.27,20.18,45.39,2.61,late,sandy,6.19,0
65.74,23.53,44.64,4.02,development,loamy,12.84,0
95,22.34,57.02,2.5,initial,loamy,5.99,0
52.57,31.81,56.74,4.11,development,sandy,2.38,0
48.97,33.35,43.4,3.44,development,sandy,6.13,0
57.54,29.99,74.45,5.25,late,loamy,3.2,0
45.78,20.92,81.12,3.62,development,sandy,1.55,0
48.9,29.95,41.47,0,development,loamy,0,1
25.7,33.97,50.93,2.44,development,clay,5.79,0
41.59,24.33,76.1,5.22,mid_season,clay,11.44,0
45.17,31.9,50.82,4.51,development,sandy,9.36,0
54.32,24.39,37.72,5.15,mid_season,loamy,9.61,0
79.45,30.6,81.54,0,initial,loamy,0,0
73.53,22.73,80.46,0,initial,loamy,0,0
57.99,34.95,56.13,2.03,late,loamy,16.71,0
47.4,34.6,59.46,0,mid_season,clay,0,0
62.96,23.33,64.17,4.99,development,loamy,16.61,0
43.85,22.17,43.91,2.64,development,sandy,4.12,0
64.27,33.98,39.24,4.27,late,clay,11.11,0
85.97,35.99,65.65,4.24,development,loamy,2.81,0
64.01,31.94,67.14,4.28,mid_season,sandy,5.09,0
78.61,24.64,78.0,3.07,late,sandy,4.42,0
44.63,33.7,66.33,5.53,mid_season,sandy,11.82,0
58.24,24.94,44.57,2.46,initial,sandy,13.39,0
43.4,31.61,49.16,3.17,development,sandy,10.01,0
76.41,21.26,66.29,3.37,late,sandy,3.36,0
24.33,20.6,37.74,4.64,development,loamy,8.46,0
56.51,31.93,84.14,5.79,mid_season,loamy,8.14,0
55.69,34.18,37.8,3.61,late,sandy,8.7,0
54.08,20.59,42.23,2.72,late,clay,2.54,0
50.99,18.95,72.14,4.11,mid_season,sandy,13.03,0
53.81,24.98,67.04,3.12,development,sandy,9.51,0
40.07,27.9,61.85,5.15,initial,sandy,0.37,0
27.48,23.93,63.7,5.01,initial,sandy,10.4,0
46.15,25.11,55.86,4.03,late,clay,25.31,0
44.61,27.13,59.95,4.81,mid_season,clay,20.3,0
61.82,35.91,44.27,4.9,initial,loamy,0.37,0
23.36,28.76,80.13,3.34,initial,clay,9.01,0
66.15,28.61,64.6,4.5,development,loamy,9.39,0
26.74,32.14,77.42,0,initial,clay,0,0
73.37,27.05,84.77,5.04,development,clay,13.83,0
54.81,18.37,45.69,0,initial,sandy,0,0
33.72,32.5,37.87,5.11,late,clay,25.49,0
78.32,31.05,72.63,4.95,late,clay,9.18,0
30.48,25.88,42.27,6.19,mid_season,clay,11.61,0
82.73,33.93,56.72,4.37,development,sandy,12.92,0
83.03,30.32,55.2,4.5,late,loamy,9.44,0
57.37,34.43,50.31,0,late,loamy,0,0
14.09,32.9,78.76,2.14,development,clay,3.47,0
57.6,32.29,75.56,2.24,development,clay,6.16,0
76.22,25.54,40.73,6.05,development,loamy,3.24,0
59.25,18.97,44.39,4.39,late,sandy,21.73,0
75.52,35.51,40.13,2.38,initial,sandy,9.88,0
41.76,27.54,59.31,3.15,mid_season,clay,25.92,0
69.1,27.83,44.05,3.18,mid_season,sandy,21.92,0
39.34,26.46,64.32,0,initial,sandy,0,0
49.05,27.29,76.59,4.76,late,loamy,19.98,0
67.12,28.32,70.53,5.7,initial,clay,13.67,0
38.17,28.99,47.27,0,mid_season,sandy,0,1
66.68,23.56,73.55,3.41,late,sandy,4.39,0
42.16,33.99,79.84,3.58,initial,clay,7.55,0
52.63,27.3,37.84,3.6,mid_season,clay,13.64,0
45.07,24.26,43.25,5.12,development,loamy,2.07,0
64.41,25.42,78.92,0,late,loamy,0,0
25.36,19.22,35.19,2.37,initial,clay,6.55,0
73.12,34.83,67.5,6.22,initial,sandy,6.02,0
66.27,22.31,76.82,3.22,initial,clay,4.23,0
94.34,33.82,40.01,3.63,initial,loamy,10.41,0
59.89,33.27,63.75,5.08,initial,clay,1.11,0
75.29,32.4,44.37,4.3,late,loamy,6.58,0
48.49,23.83,75.11,5.34,mid_season,clay,10.34,0
46.73,31.67,55.98,3.0,development,sandy,11.55,0
15.79,24.44,63.92,3.55,development,sandy,3.55,0
90.96,28.71,39.08,4.83,initial,sandy,0.57,0
55.82,29.03,77.59,4.03,initial,loamy,3.33,0
53.11,26.98,39.04,2.41,initial,sandy,15.17,0
11.01,33.01,50.97,6.66,development,loamy,8.74,0
55.93,33.77,75.04,4.23,initial,clay,7.01,0
92.78,28.24,56.94,0,initial,clay,0,0
35.47,35.89,56.68,5.05,development,clay,2.6,0
53.46,23.27,61.01,2.76,development,clay,13.4,0
62.18,32.73,36.9,3.49,initial,loamy,2.07,0
61.34,33.23,65.95,0,mid_season,loamy,0,0
27.84,23.41,42.17,4.71,initial,sandy,4.4,0
27.77,28.32,76.37,3.25,development,sandy,17.63,0
59.86,33.68,69.54,0,development,sandy,0,1
31.25,18.62,38.35,3.42,late,sandy,16.63,0
50.34,18.18,65.78,3.51,late,loamy,9.77,0
69.78,27.0,74.32,4.33,development,sandy,6.23,0
41.09,18.1,79.99,4.35,late,clay,6.03,0
47.72,32.01,54.46,1.51,mid_season,sandy,17.05,0
71.95,19.73,74.92,3.64,initial,loamy,6.86,0
25.01,24.91,55.64,4.29,mid_season,loamy,16.31,0
75.18,20.6,79.27,7.25,development,sandy,16.3,0
86.68,18.5,56.56,4.83,mid_season,loamy,19.39,0
35.87,27.17,60.27,5.22,late,clay,6.67,0
75.19,20.91,71.75,4.09,late,loamy,3.75,0
55.72,29.55,76.05,2.6,late,sandy,16.85,0
56.55,34.16,67.4,5.34,late,sandy,12.13,0
95,21.01,38.53,4.25,initial,clay,5.89,0
52.67,26.26,40.69,4.26,development,loamy,2.01,0
27.97,23.78,66.56,5.24,mid_season,clay,14.79,0
46.69,30.96,76.95,5.39,initial,sandy,2.18,0
73.79,35.05,64.5,4.04,mid_season,clay,15.37,0
56.94,24.35,62.91,3.43,development,clay,5.29,0
28.84,27.88,38.48,3.06,initial,sandy,2.31,0
73.25,21.91,61.74,5.27,mid_season,sandy,8.34,0
41.63,18.62,67.6,4.07,initial,sandy,3.36,0
45.85,30.11,61.97,3.42,initial,loamy,14.01,0
67.46,30.78,84.01,4.08,development,clay,5.77,0
43.48,31.22,51.94,1.58,development,sandy,16.19,0
52.27,28.14,42.48,0,late,loamy,0,0
63.53,25.8,42.79,3.5,mid_season,clay,7.84,0
45.56,20.02,48.93,5.22,mid_season,sandy,11.4,0
62.11,30.26,47.08,6.09,late,loamy,6.85,0
61.44,27.69,76.18,2.54,mid_season,sandy,4.32,0
7.7,30.34,37.36,3.83,mid_season,clay,15.99,0
78.52,22.75,51.67,4.77,development,loamy,5.64,0
25.75,33.74,76.91,4.14,initial,sandy,12.36,0
43.81,18.76,69.21,4.8,mid_season,sandy,13.18,0
29.61,23.01,35.73,4.29,development,sandy,5.38,0
46.55,30.76,46.03,2.69,mid_season,sandy,1.71,0
63.18,27.95,60.41,0,initial,clay,0,0
51.07,32.78,74.24,2.87,mid_season,loamy,13.68,0
61.3,27.11,38.12,2.62,mid_season,clay,11.78,0
45.52,30.51,71.5,4.71,mid_season,loamy,21.54,0
73.07,29.95,40.48,2.25,mid_season,sandy,12.4,0
51.75,30.94,70.5,3.31,development,sandy,7.52,0
51.95,32.55,56.6,4.03,late,clay,7.12,0
75.9,33.02,84.39,0,development,loamy,0,0
65.53,18.28,61.93,3.01,late,clay,21.78,0
94.9,33.0,60.01,3.96,development,clay,1.44,0
16.39,23.44,82.86,2.96,mid_season,clay,0.91,0
43.42,22.54,75.8,4.96,development,sandy,4.54,0
71.15,19.66,83.24,3.98,initial,sandy,9.68,0
41.29,18.7,41.63,3.2,development,clay,7.4,0
47.13,22.08,80.38,0,initial,loamy,0,0
62.07,20.32,70.98,5.04,development,sandy,16.77,0
54.87,26.31,67.26,0,development,clay,0,0
60.86,34.64,50.41,2.99,late,sandy,2.23,0
29.58,18.39,42.23,3.59,late,clay,11.75,0
48.33,33.18,52.43,4.64,mid_season,sandy,9.24,0
42.84,31.14,59.24,6.27,late,clay,23.88,0
60.03,21.79,76.68,3.81,mid_season,clay,18.71,0
73.95,21.58,36.34,4.35,late,clay,11.2,0
54.1,19.99,54.03,5.14,initial,clay,8.6,0
72.3,30.54,82.13,4.18,late,sandy,10.1,0
41.93,18.15,52.85,1.68,initial,sandy,5.18,0
46.76,18.76,38.16,4.29,late,loamy,8.52,0
53.87,23.81,47.91,1.89,late,sandy,11.76,0
52.42,30.74,50.68,0,initial,loamy,0,0
87.58,19.74,62.14,4.55,late,clay,37.63,0
41.74,32.25,69.98,1.98,late,loamy,15.35,0
83.86,28.14,49.41,3.87,late,loamy,4.41,0
55.44,34.31,79.96,0,mid_season,sandy,0,1
49.22,18.48,76.62,5.89,initial,loamy,9.11,0
58.31,18.33,69.65,4.4,late,sandy,2.84,0
52.6,29.87,65.17,3.18,development,sandy,13.33,0
71.35,20.8,59.1,4.58,initial,sandy,3.15,0
53.44,31.95,68.26,3.68,mid_season,clay,7.26,0
44.44,35.23,57.98,4.79,development,clay,6.56,0
38.29,19.09,47.95,2.47,mid_season,clay,15.06,0
48.31,18.41,65.0,4.08,initial,loamy,15.91,0
67.85,25.54,47.2,0,development,loamy,0,0
43.64,21.73,58.25,0,initial,loamy,0,0
46.31,26.82,43.68,3.56,initial,loamy,6.65,0
37.41,28.34,37.35,0,development,sandy,0,1
79.3,21.67,64.23,4.6,initial,loamy,4.19,0
75.32,34.0,44.56,3.47,development,loamy,8.5,0
63.71,32.77,81.51,5.34,development,loamy,15.82,0
53.67,21.14,53.3,3.02,development,clay,4.04,0
50.03,23.33,66.63,4.27,initial,clay,7.38,0
38.5,30.4,78.86,0,late,sandy,0,1
39.29,34.91,73.37,0,initial,sandy,0,0
75.18,20.86,45.05,0,development,loamy,0,0
49.67,28.9,50.61,5.35,development,sandy,3.67,0
69.98,34.44,50.19,4.24,mid_season,clay,13.17,0
59.01,34.98,76.47,3.8,mid_season,clay,13.34,0
56.16,30.35,50.13,2.92,mid_season,sandy,17.58,0
40.48,20.22,51.99,3.63,initial,loamy,6.86,0
29.91,34.13,63.71,0,late,loamy,0,1
61.27,18.64,52.66,3.27,initial,sandy,4.11,0
52.6,33.31,83.31,0,initial,clay,0,0
58.0,21.58,41.76,0,late,loamy,0,0
65.32,20.84,68.5,0,initial,loamy,0,0
41.01,26.78,57.49,3.97,mid_season,clay,12.06,0
63.48,35.05,44.96,3.23,development,clay,14.55,0
52.89,31.41,48.25,3.37,mid_season,loamy,19.06,0
49.02,32.31,66.33,4.41,initial,clay,7.32,0
38.41,33.16,56.86,4.11,late,clay,18.69,0
60.63,26.06,37.99,5.42,late,loamy,7.44,0
68.19,26.97,45.56,2.79,mid_season,loamy,3.98,0
66.63,26.84,66.48,4.67,late,sandy,3.5,0
49.5,27.15,44.98,2.85,mid_season,loamy,21.99,0
44.43,22.37,44.3,5.59,mid_season,loamy,15.2,0
36.05,23.05,54.2,3.9,development,clay,4.09,0
48.78,24.52,71.16,5.53,initial,loamy,3.97,0
49.7,31.05,55.04,2.75,initial,sandy,7.44,0
40.31,27.13,45.43,2.46,development,loamy,13.92,0
63.29,24.13,70.9,3.12,initial,sandy,10.31,0
61.68,24.19,44.77,5.01,late,loamy,7.28,0
75.28,29.63,83.19,0,initial,sandy,0,0
46.5,19.22,39.72,4.91,development,sandy,27.23,0
59.09,23.55,71.53,3.65,development,loamy,8.54,0
42.2,23.59,42.86,4.95,mid_season,sandy,10.82,0
30.05,29.86,75.3,3.63,mid_season,clay,11.71,0
81.83,32.5,69.32,5.7,initial,clay,14.72,0
40.24,31.27,74.02,3.85,development,sandy,25.0,0
46.98,32.95,37.57,4.18,development,sandy,7.68,0
32.52,33.0,39.41,0,late,loamy,0,1
65.18,24.36,50.12,4.23,development,clay,6.06,0
48.86,34.92,44.56,3.55,late,clay,20.97,0
43.68,27.89,61.85,4.78,mid_season,sandy,22.19,0
61.53,27.19,67.53,3.09,initial,loamy,5.49,0
56.24,24.55,60.2,0,initial,loamy,0,0
57.06,23.47,80.27,3.16,late,loamy,9.85,0
51.84,26.48,49.94,5.5,late,loamy,14.05,0
95,21.46,37.51,0,initial,sandy,0,0
72.63,21.58,71.81,5.77,initial,sandy,8.78,0
53.67,30.67,67.85,6.04,mid_season,loamy,9.66,0
54.93,32.19,83.61,0,initial,loamy,0,0
34.61,29.09,56.91,3.99,late,loamy,14.5,0
68.93,30.44,46.2,3.56,late,loamy,13.91,0
49.37,19.51,51.27,5.04,development,sandy,1.84,0
65.59,30.89,81.97,3.7,initial,loamy,8.34,0
77.54,24.5,52.62,2.74,late,loamy,7.23,0
37.79,34.96,40.63,4.07,initial,loamy,12.59,0
64.77,28.23,35.7,5.16,late,clay,19.07,0
53.1,28.57,43.42,0,development,sandy,0,1
81.2,22.35,60.47,5.22,mid_season,sandy,6.4,0
73.27,32.07,49.93,4.97,development,sandy,0.89,0
66.08,22.19,45.64,3.19,mid_season,sandy,4.06,0
44.77,33.03,38.46,7.01,late,loamy,8.36,0
25.04,29.63,75.19,4.44,initial,sandy,16.86,0
53.49,30.71,59.69,3.95,development,clay,11.89,0
60.05,24.98,72.82,0,development,loamy,0,0
45.99,22.01,52.84,1.85,mid_season,clay,20.28,0
15.3,27.99,37.37,3.78,initial,clay,10.4,0
54.05,19.41,55.88,1.31,development,sandy,2.09,0
39.19,25.37,78.73,5.68,mid_season,sandy,4.27,0
85.53,21.19,81.08,0,late,loamy,0,0
32.73,32.64,44.75,5.01,late,sandy,2.8,0
58.58,19.97,45.1,3.73,late,loamy,7.37,0
45.88,26.06,52.18,5.34,mid_season,loamy,8.75,0
44.58,21.79,42.75,2.8,development,clay,14.42,0
43.27,22.37,79.39,1.91,development,sandy,13.72,0
63.76,33.44,67.34,3.94,development,clay,12.96,0
81.35,25.15,74.58,3.47,initial,loamy,2.42,0
57.64,35.01,68.79,2.17,mid_season,loamy,31.39,0
34.84,32.83,36.31,2.9,late,clay,14.92,0
62.46,33.72,35.23,2.78,development,loamy,24.67,0
78.39,34.73,62.96,3.28,development,loamy,9.19,0
54.75,23.8,60.11,3.7,late,clay,15.18,0
51.9,34.78,77.93,2.97,late,sandy,9.89,0
60.03,19.97,79.2,0,development,sandy,0,0
26.44,22.64,70.18,4.6,initial,clay,15.96,0
83.19,30.73,50.49,2.68,late,sandy,12.59,0
65.97,29.35,84.98,0,initial,sandy,0,0
50.21,32.17,48.17,2.67,development,clay,8.11,0
59.83,19.47,60.33,0,development,sandy,0,1
49.61,32.81,56.35,3.11,mid_season,clay,18.58,0
42.25,24.95,77.16,2.21,development,clay,18.87,0
51.07,34.18,71.21,3.71,mid_season,loamy,18.69,0
35.65,31.16,82.38,3.49,mid_season,loamy,8.23,0
76.05,33.23,51.78,4.26,late,sandy,8.62,0
30.79,34.84,47.33,2.61,development,sandy,3.84,0
27.18,32.1,79.79,6.45,late,loamy,3.8,0
60.6,28.48,57.51,3.97,development,sandy,10.01,0
58.83,25.26,56.34,4.27,mid_season,sandy,15.73,0
87.46,23.36,39.08,0,initial,sandy,0,0
37.71,33.13,36.43,3.66,mid_season,loamy,17.06,0
48.2,29.92,72.78,4.8,initial,loamy,3.06,0
84.09,24.88,66.48,5.61,late,clay,0.02,0
54.23,20.46,80.38,2.09,mid_season,loamy,3.7,0
62.94,23.54,59.75,4.45,mid_season,sandy,9.98,0
57.62,34.75,60.37,3.63,development,clay,22.94,0
34.06,35.37,42.42,3.69,mid_season,sandy,6.61,0
37.38,33.77,48.25,1.37,initial,loamy,6.91,0
58.66,30.2,39.47,3.56,initial,loamy,0.65,0
30.4,35.85,68.41,0,initial,loamy,0,0
29.11,20.55,45.54,3.92,late,loamy,21.44,0
48.58,34.89,46.07,3.76,mid_season,clay,13.12,0
77.78,24.09,55.31,3.83,initial,clay,10.46,0
62.55,19.61,39.99,4.24,development,loamy,9.79,0
60.99,18.02,77.83,4.4,late,loamy,11.24,0
28.32,20.2,67.9,3.6,mid_season,loamy,9.59,0
53.93,22.96,60.29,4.53,late,sandy,11.49,0
57.24,28.97,51.0,3.43,late,sandy,10.86,0
38.4,31.9,65.35,1.68,mid_season,sandy,8.72,0
45.53,24.95,54.29,4.24,late,loamy,16.63,0
81.13,29.04,76.8,2.4,development,sandy,13.09,0
52.55,25.19,48.56,3.97,late,sandy,14.69,0
49.56,18.79,72.14,3.42,late,clay,9.69,0
95,22.66,60.69,3.81,mid_season,loamy,20.04,0
67.64,21.14,42.52,3.9,initial,loamy,10.23,0
40.81,18.09,83.63,3.03,development,sandy,16.3,0
47.97,30.26,69.77,0,initial,sandy,0,0
42.49,19.38,71.56,4.76,initial,loamy,0.77,0
32.8,21.76,56.85,4.29,mid_season,sandy,1.48,0
28.63,28.34,50.99,4.52,development,loamy,4.99,0
35.88,26.45,59.85,0,initial,loamy,0,0
62.92,21.51,63.67,6.68,initial,loamy,3.28,0
86.23,33.84,41.03,2.92,mid_season,sandy,19.53,0
70.88,27.02,81.89,2.63,mid_season,loamy,7.21,0
47.55,18.3,35.85,4.63,mid_season,clay,27.63,0
57.66,23.77,56.53,4.91,late,loamy,9.03,0
57.98,18.07,50.11,0,initial,sandy,0,0
42.89,30.77,53.94,3.64,mid_season,sandy,22.15,0
41.8,34.16,83.2,3.65,mid_season,loamy,7.73,0
49.68,27.36,48.0,5.77,late,sandy,7.2,0
16.13,26.9,82.77,2.52,development,sandy,5.0,0
83.84,26.01,78.11,0.56,late,sandy,10.39,0
37.9,30.11,46.04,5.06,initial,clay,3.34,0
31.51,23.77,38.53,0,development,clay,0,1
62.81,27.14,72.21,3.73,initial,sandy,15.59,0
51.72,31.78,56.04,4.38,development,clay,4.48,0
50.13,26.61,37.67,0,mid_season,clay,0,0
26.16,23.45,44.57,5.02,late,loamy,8.14,0
27.97,26.19,70.35,3.74,mid_season,clay,17.72,0
62.09,34.36,52.05,4.0,mid_season,sandy,8.37,0
72.26,22.33,72.35,0,initial,loamy,0,0
72.08,27.65,60.66,3.98,late,loamy,3.87,0
56.62,21.2,73.71,3.45,mid_season,loamy,17.55,0
49.0,24.33,58.84,3.66,mid_season,clay,12.81,0
59.69,19.51,83.3,0,late,loamy,0,0
59.89,29.15,47.32,0,development,loamy,0,0
47.13,30.18,49.88,3.42,mid_season,clay,4.71,0
39.87,32.5,63.88,0,development,sandy,0,1
52.49,20.35,55.74,4.02,mid_season,sandy,2.99,0
58.04,18.44,45.13,2.58,development,loamy,4.96,0
48.67,33.75,57.26,3.65,development,loamy,3.27,0
20.18,31.66,52.88,0,mid_season,sandy,0,1
28.76,26.2,63.98,4.03,initial,loamy,6.09,0
50.58,32.99,82.52,4.21,development,loamy,12.54,0
46.91,19.32,81.7,3.68,initial,clay,3.44,0
54.88,28.23,36.35,3.14,mid_season,sandy,1.95,0
26.86,24.98,37.13,3.71,development,clay,16.1,0
37.36,31.56,73.61,4.28,initial,sandy,0.91,0
46.76,28.7,82.62,3.8,initial,loamy,0.19,0
64.15,19.3,72.26,4.96,mid_season,sandy,7.34,0
63.09,20.33,43.93,3.58,development,clay,5.98,0
50.03,21.28,66.53,3.89,development,loamy,9.21,0
38.65,30.62,73.6,1.74,mid_season,sandy,7.56,0
68.68,33.08,54.88,3.18,development,sandy,5.23,0
14.73,23.65,74.52,3.51,initial,loamy,18.13,0
57.2,33.59,79.66,5.33,initial,loamy,1.8,0
74.83,24.1,63.29,3.76,mid_season,loamy,6.61,0
79.24,22.33,70.19,4.89,initial,clay,0.65,0
33.72,35.83,66.54,4.1,late,loamy,12.22,0
95,23.65,42.23,5.49,late,sandy,11.09,0
40.73,19.71,59.57,4.84,development,loamy,12.7,0
19.28,33.97,46.34,0,initial,sandy,0,0
70.69,26.6,43.26,2.99,development,clay,17.1,0
61.32,20.91,53.87,3.19,initial,loamy,13.88,0
57.71,29.77,45.28,3.37,development,clay,11.23,0
62.31,26.18,58.21,7.16,development,loamy,5.79,0
71.84,21.0,54.8,4.21,late,loamy,0.95,0
48.44,32.59,61.72,0,initial,sandy,0,0
40.24,30.49,68.28,3.45,initial,clay,6.61,0
41.31,20.81,84.26,4.26,development,clay,2.44,0
63.15,25.83,78.86,5.83,late,sandy,8.0,0
43.24,28.21,76.11,3.76,late,loamy,10.47,0
47.47,27.15,61.32,0,late,loamy,0,1
52.93,27.79,67.42,5.09,initial,loamy,4.06,0
48.11,31.1,78.07,2.74,late,clay,8.67,0
76.31,31.87,47.5,3.15,development,clay,11.44,0
56.39,29.17,36.28,3.09,development,sandy,10.86,0
74.76,24.97,48.98,3.5,late,loamy,10.51,0
49.05,23.43,68.36,4.08,late,loamy,17.94,0
76.76,29.37,37.06,4.14,development,clay,9.04,0
51.18,34.55,48.36,4.53,mid_season,loamy,20.41,0
43.47,26.45,80.56,3.75,mid_season,clay,12.44,0
44.16,28.78,61.0,3.23,mid_season,loamy,10.83,0
49.97,19.76,72.9,6.04,development,sandy,5.49,0
92.39,19.1,39.93,3.75,late,clay,15.49,0
61.39,26.37,35.95,0,development,clay,0,0
44.1,21.61,64.23,4.03,development,loamy,3.14,0
77.07,33.1,83.64,4.85,late,loamy,17.29,0
62.9,19.82,65.32,2.99,late,clay,6.34,0
56.21,30.75,59.01,4.19,initial,sandy,3.93,0
54.8,31.61,50.57,4.21,late,loamy,4.84,0
68.13,21.12,36.71,4.98,development,loamy,2.0,0
51.34,35.06,80.0,2.34,initial,loamy,2.75,0
42.93,26.83,49.39,5.97,late,sandy,11.73,0
56.33,24.88,46.52,5.71,mid_season,loamy,12.5,0
74.44,18.78,46.52,2.98,mid_season,sandy,5.0,0
52.99,30.29,56.04,4.02,mid_season,clay,14.2,0
57.11,18.33,53.8,5.15,mid_season,sandy,10.55,0
49.51,28.26,60.62,0,late,sandy,0,1
65.65,33.47,79.56,5.05,development,sandy,4.93,0
74.96,26.2,61.5,5.12,initial,sandy,8.78,0
46.58,30.45,71.13,4.34,late,sandy,10.58,0
46.06,35.69,40.2,5.58,initial,sandy,3.66,0
65.81,20.16,73.45,3.07,initial,loamy,7.78,0
49.37,33.12,81.33,4.04,initial,sandy,5.85,0
67.4,35.12,55.82,6.94,mid_season,clay,10.1,0
26.96,19.97,55.5,5.22,mid_season,sandy,14.88,0
47.47,27.27,39.1,4.43,development,clay,10.12,0
33.86,18.83,80.68,3.91,development,loamy,13.0,0
79.73,19.26,58.27,0,initial,sandy,0,0
62.57,34.86,59.06,3.91,mid_season,clay,7.51,0
51.81,30.38,80.34,4.28,late,clay,19.75,0
58.75,27.03,83.63,3.06,late,clay,4.41,0
56.51,28.54,78.46,4.53,mid_season,clay,21.4,0
44.25,26.7,70.61,2.59,development,loamy,7.89,0
58.83,26.05,72.6,3.98,late,loamy,11.46,0
44.83,19.77,64.47,4.2,late,loamy,12.9,0
62.13,22.85,37.45,4.03,mid_season,loamy,15.82,0
54.9,20.61,64.06,0,mid_season,sandy,0,1
43.96,19.58,70.4,2.02,late,clay,15.27,0
60.1,20.4,60.32,0,late,sandy,0,0
50.7,23.27,41.18,4.29,initial,clay,14.81,0
81.76,25.04,36.49,4.07,initial,loamy,2.26,0
49.54,27.37,61.22,3.69,late,sandy,7.96,0
75.6,31.43,71.13,3.69,initial,clay,3.98,0
48.98,29.36,76.93,3.94,late,clay,13.43,0
59.46,31.56,54.4,3.22,development,sandy,10.2,0
45.59,32.2,45.29,0,development,sandy,0,1
22.11,34.18,46.87,0,initial,sandy,0,0
30.32,29.5,40.98,4.63,mid_season,sandy,5.48,0
85.29,27.15,47.15,2.88,late,loamy,8.05,0
47.62,34.1,47.27,0,initial,clay,0,0
32.97,35.55,62.31,5.0,late,sandy,0.09,0
94.2,19.46,66.3,3.96,late,loamy,6.4,0
41.41,24.81,45.63,5.1,mid_season,clay,9.24,0
59.15,32.68,63.76,0.97,late,clay,7.56,0
52.34,26.69,48.56,4.95,initial,clay,3.58,0
38.04,28.49,83.47,4.92,development,sandy,15.32,0
88.42,18.66,56.67,2.26,late,loamy,16.37,0
69.64,28.22,48.52,3.99,mid_season,loamy,4.46,0
53.95,30.15,69.88,3.48,initial,sandy,12.54,0
45.24,33.41,63.27,3.12,development,loamy,8.9,0
42.54,30.7,36.39,4.01,mid_season,clay,20.89,0
77.34,26.99,77.1,0,initial,sandy,0,0
73.85,28.03,66.47,6.27,development,clay,1.16,0
45.02,28.77,52.74,4.51,initial,loamy,5.51,0
81.45,24.86,76.67,5.09,initial,loamy,4.3,0
33.34,29.19,84.74,4.93,development,sandy,5.87,0
84.2,35.27,43.39,2.99,mid_season,sandy,4.51,0
39.92,34.98,67.15,3.52,mid_season,sandy,5.43,0
48.2,35.78,68.89,4.35,initial,sandy,6.64,0
64.58,19.94,68.89,5.01,development,sandy,3.94,0
54.17,31.49,35.68,2.89,development,clay,3.6,0
33.05,18.58,64.07,5.0,late,loamy,11.33,0
39.75,34.72,42.04,2.28,development,clay,17.32,0
16.34,20.78,54.31,3.54,late,loamy,9.57,0
61.79,35.63,76.5,0,development,loamy,0,0
90.25,32.95,38.48,5.87,development,clay,23.85,0
75.28,35.58,41.77,0,initial,loamy,0,0
62.45,35.91,39.52,0,initial,loamy,0,0
50.36,33.37,62.41,3.91,mid_season,loamy,11.59,0
72.25,25.58,60.26,3.89,late,sandy,7.63,0
48.42,23.46,43.96,3.37,late,clay,0.65,0
65.0,35.61,69.59,0,initial,sandy,0,0
29.18,26.22,72.79,2.63,mid_season,loamy,6.52,0
62.11,26.59,40.64,0,initial,clay,0,0
95,35.27,66.07,0,initial,loamy,0,0
36.81,27.69,36.38,4.05,development,sandy,6.38,0
49.34,27.2,76.37,3.49,mid_season,loamy,17.49,0
61.76,22.34,71.73,0,development,clay,0,0
57.66,28.25,70.51,4.67,mid_season,loamy,12.58,0
23.01,30.63,70.65,4.51,mid_season,loamy,2.82,0
34.3,24.66,57.22,3.59,late,loamy,8.89,0
72.53,34.65,40.24,2.94,late,clay,26.71,0
36.37,32.34,64.36,0,development,loamy,0,1
27.92,18.93,64.5,5.09,mid_season,sandy,8.91,0
62.07,27.1,73.2,5.08,development,clay,13.62,0
36.99,30.73,84.83,5.89,late,clay,19.12,0
47.57,33.56,44.93,4.32,initial,sandy,13.38,0
77.66,29.71,79.38,4.14,late,loamy,18.81,0
61.34,28.36,84.29,4.11,late,loamy,11.56,0
51.48,23.52,38.34,4.97,late,sandy,6.62,0
32.57,23.48,80.16,4.69,development,sandy,3.17,0
95,29.36,66.24,3.13,development,clay,5.52,0
81.51,35.13,51.94,4.5,mid_season,clay,12.31,0
25.59,35.88,35.3,3.63,late,sandy,13.72,0
78.37,23.38,48.54,3.59,late,clay,26.24,0
51.14,34.72,37.99,3.62,late,loamy,11.13,0
35.37,30.74,64.18,4.17,initial,loamy,17.93,0
57.17,34.5,75.48,3.96,mid_season,clay,9.33,0
67.11,19.62,47.72,4.54,development,sandy,8.57,0
49.49,33.44,70.62,6.98,mid_season,loamy,12.09,0
32.23,25.53,68.16,5.75,initial,loamy,1.81,0
55.83,27.99,75.73,5.3,development,sandy,5.88,0
79.73,25.36,52.97,2.19,mid_season,sandy,10.24,0
55.02,34.08,80.08,3.5,development,sandy,1.24,0
33.36,34.51,69.38,4.39,mid_season,clay,19.93,0
84.28,27.87,68.91,3.87,mid_season,loamy,15.39,0
55.24,35.83,72.09,0,late,sandy,0,1
58.49,24.61,77.43,4.04,late,clay,3.96,0
62.78,18.34,74.36,3.83,late,sandy,3.87,0
59.62,31.45,51.1,3.57,development,clay,3.6,0
95,18.1,37.86,2.68,mid_season,clay,10.54,0
40.22,30.2,48.98,4.51,initial,clay,4.15,0
62.92,32.07,42.23,0.26,mid_season,clay,27.28,0
53.28,22.93,42.42,3.5,development,clay,7.99,0
54.06,28.09,35.45,0,late,clay,0,0
48.32,20.26,56.29,2.71,mid_season,loamy,12.53,0
38.29,30.75,57.15,4.79,development,loamy,19.84,0
57.51,33.58,80.12,3.4,late,sandy,0.43,0
63.61,23.38,48.85,2.81,late,sandy,1.04,0
38.27,31.59,70.31,4.2,initial,clay,2.08,0
41.17,32.43,46.07,5.32,late,clay,16.91,0
31.62,19.21,55.91,3.94,initial,sandy,6.57,0
43.75,34.87,76.67,0,development,clay,0,1
81.76,30.05,53.01,0,initial,sandy,0,0
67.52,23.27,43.87,4.84,mid_season,loamy,0.78,0
73.46,19.32,79.99,5.34,mid_season,loamy,13.15,0
81.12,23.56,78.29,5.01,late,clay,9.78,0
51.87,30.48,56.05,3.56,mid_season,clay,3.02,0
22.59,18.19,78.03,3.31,development,sandy,8.87,0
95,32.54,44.27,6.64,initial,sandy,6.08,0
59.43,32.04,65.13,2.99,mid_season,loamy,23.15,0
94.41,22.73,77.95,0,initial,clay,0,0
60.65,24.98,65.49,0,initial,clay,0,0
52.06,35.77,42.73,5.1,mid_season,sandy,24.79,0
47.57,27.55,47.17,0,initial,loamy,0,0
42.88,27.13,82.48,0,initial,clay,0,0
53.95,25.47,49.71,2.98,initial,loamy,6.45,0
20.17,23.46,76.14,2.87,mid_season,loamy,8.27,0
52.12,18.65,42.3,3.17,initial,clay,13.66,0
66.35,34.0,84.17,3.44,development,loamy,17.74,0
38.52,24.4,83.43,2.63,mid_season,clay,12.59,0
74.2,34.96,43.11,0,development,loamy,0,0
66.88,27.79,70.96,2.45,initial,clay,1.58,0
26.07,31.15,65.43,2.57,development,sandy,3.18,0
20.78,30.46,51.13,3.53,development,clay,15.07,0
35.77,18.35,66.23,2.53,initial,clay,8.86,0
64.37,35.95,43.85,4.38,development,loamy,13.17,0
30.31,21.8,44.62,0,late,loamy,0,1
62.48,23.93,49.14,3.34,initial,sandy,11.27,0
81.9,35.11,55.8,1.73,late,loamy,2.15,0
49.94,25.38,49.85,2.55,development,loamy,19.32,0
32.26,29.21,48.94,4.58,late,clay,13.57,0
69.87,29.8,51.66,3.28,initial,clay,2.27,0
50.83,31.7,84.83,0,initial,loamy,0,0
46.28,21.6,54.21,0,mid_season,loamy,0,1
63.9,30.02,83.77,3.06,mid_season,clay,4.95,0
41.81,22.2,35.72,2.75,initial,loamy,1.95,0
49.85,29.67,56.59,3.82,late,sandy,6.6,0
25.28,30.77,36.64,4.97,late,loamy,15.67,0
58.9,32.67,52.48,3.4,development,loamy,2.56,0
85.44,32.52,73.9,3.56,mid_season,clay,14.65,0
68.02,32.8,73.6,4.86,development,loamy,8.64,0
70.73,27.53,39.39,6.02,mid_season,clay,18.45,0
59.98,30.79,41.96,4.92,mid_season,clay,3.48,0
26.74,23.83,45.17,3.1,late,loamy,13.84,0
38.24,33.07,82.11,3.04,mid_season,loamy,0.08,0
47.21,32.49,83.91,0,initial,clay,0,0
95,22.32,68.85,3.06,development,loamy,8.93,0
25.22,23.62,44.49,3.19,initial,clay,3.3,0
68.95,31.52,65.59,4.48,initial,sandy,4.71,0
36.35,24.17,66.91,4.21,late,loamy,2.28,0
45.49,23.89,63.09,3.45,development,clay,3.12,0
52.07,24.11,50.41,3.25,late,clay,26.4,0
19.41,22.89,74.85,3.7,initial,sandy,5.03,0
50.71,31.65,38.57,3.47,development,loamy,14.85,0
37.6,21.48,47.9,3.57,mid_season,sandy,7.57,0
86.87,30.22,84.1,4.69,mid_season,sandy,10.01,0
52.12,25.71,37.21,0,initial,clay,0,0
52.06,31.72,81.61,4.17,mid_season,loamy,9.89,0
61.49,31.98,80.83,0,development,loamy,0,0
21.91,25.3,59.98,4.9,initial,loamy,10.33,0
54.52,32.71,55.47,4.66,mid_season,loamy,14.17,0
49.17,35.29,52.53,4.92,mid_season,clay,20.62,0
72.6,31.96,78.34,5.02,initial,clay,2.13,0
56.78,29.54,71.82,5.35,development,loamy,13.21,0
81.83,26.62,35.63,4.6,initial,sandy,8.85,0
79.5,27.58,46.51,4.18,initial,loamy,5.73,0
41.18,32.05,50.02,3.05,late,clay,1.56,0
42.23,24.52,67.35,5.37,mid_season,clay,18.72,0
31.35,29.29,49.63,3.44,development,loamy,15.88,0
63.91,21.25,44.33,3.07,development,sandy,5.96,0
40.92,19.33,47.97,5.78,late,loamy,17.79,0
39.71,34.47,36.61,3.93,late,clay,9.21,0
48.84,26.99,44.01,3.14,late,clay,14.15,0
71.85,30.06,84.18,4.21,development,loamy,7.43,0
80.49,35.03,61.64,3.57,development,loamy,7.15,0
54.9,23.7,55.97,0,initial,sandy,0,0
49.51,28.09,83.78,3.75,mid_season,loamy,6.77,0
49.04,28.85,51.03,2.51,initial,sandy,15.96,0
53.32,27.25,80.43,5.25,development,clay,25.29,0
95,34.88,42.96,2.67,initial,loamy,16.56,0
75.78,31.11,40.89,3.32,initial,clay,2.89,0
67.32,19.06,67.01,0,initial,loamy,0,0
48.96,26.22,71.59,5.12,development,clay,1.76,0
54.85,26.35,78.11,3.04,development,sandy,13.76,0
38.97,25.56,56.23,4.36,mid_season,loamy,9.69,0
80.17,31.18,80.36,0,initial,clay,0,0
41.67,34.77,72.45,2.98,mid_season,clay,4.09,0
31.52,21.32,42.1,4.31,late,loamy,15.93,0
77.89,25.41,82.36,2.78,development,clay,4.9,0
59.34,34.56,50.75,4.43,development,sandy,7.82,0
59.4,18.82,53.16,0,late,loamy,0,0
92.24,30.15,68.05,3.0,development,clay,1.97,0
31.25,22.14,59.34,2.27,late,loamy,11.71,0
41.37,24.75,54.92,3.7,mid_season,loamy,4.58,0
31.95,25.2,84.65,4.52,late,loamy,7.61,0
52.12,32.45,53.96,3.03,late,loamy,4.87,0
29.75,25.26,64.72,3.94,late,clay,12.99,0
52.45,27.84,55.0,5.21,late,clay,4.2,0
70.52,19.11,66.69,3.65,late,loamy,16.89,0
45.89,28.42,43.46,0,mid_season,clay,0,0
56.01,31.45,70.8,3.91,development,clay,8.49,0
36.62,31.06,36.13,2.83,development,clay,17.04,0
65.64,34.0,54.04,4.53,mid_season,loamy,0.21,0
40.52,18.9,62.25,2.82,development,clay,4.2,0
73.38,29.65,40.74,2.94,late,loamy,6.14,0
48.85,20.22,65.3,4.15,mid_season,loamy,21.42,0
54.24,19.04,52.98,3.53,initial,clay,15.35,0
35.72,27.49,65.01,3.27,initial,loamy,15.94,0
70.28,32.51,58.13,0,mid_season,sandy,0,0
7.64,25.1,54.06,5.26,initial,loamy,5.91,0
58.04,26.25,59.21,2.96,initial,sandy,4.33,0
62.18,20.85,71.09,3.61,mid_season,loamy,8.65,0
38.68,29.93,78.73,1.95,development,clay,1.46,0
66.3,23.96,82.93,3.37,mid_season,sandy,10.52,0
78.01,30.24,52.31,2.42,mid_season,clay,14.4,0
84.03,35.94,65.67,0,initial,clay,0,0
95,28.23,47.06,4.6,mid_season,sandy,12.64,0
83.61,19.93,67.49,0,initial,clay,0,0
56.89,27.31,61.0,2.9,initial,sandy,4.5,0
61.34,23.95,52.71,0,development,loamy,0,0
56.67,34.66,56.62,4.51,late,sandy,11.56,0
85.07,28.37,71.53,4.26,mid_season,clay,15.84,0
32.56,20.17,40.3,3.93,late,loamy,29.28,0
49.15,30.28,52.33,7.38,late,loamy,4.97,0
48.04,34.42,51.28,2.01,mid_season,sandy,9.35,0
42.38,32.96,55.61,5.37,development,clay,12.7,0
16.26,21.2,48.23,3.89,mid_season,clay,8.53,0
68.08,31.42,69.3,0,initial,sandy,0,0
66.08,24.3,64.68,3.3,initial,sandy,17.78,0
29.12,26.4,59.02,0,initial,sandy,0,0
35.29,22.5,83.51,4.2,late,loamy,7.67,0
55.5,19.16,40.9,3.0,late,loamy,19.91,0
86.63,31.41,49.48,0,development,clay,0,0
71.03,20.69,47.5,4.89,mid_season,clay,14.04,0
78.45,22.09,52.88,2.34,development,clay,11.27,0
36.12,28.31,53.77,0,initial,loamy,0,0
44.71,19.48,71.06,6.75,late,loamy,7.82,0
48.45,29.78,65.34,0,initial,loamy,0,0
65.03,23.43,70.85,4.74,mid_season,clay,13.75,0
19.13,25.6,65.39,4.1,initial,loamy,10.53,0
50.64,19.71,41.88,3.13,initial,loamy,1.35,0
14.29,19.11,65.18,4.55,mid_season,clay,4.01,0
43.21,21.09,41.03,4.14,initial,loamy,2.43,0
81.97,24.34,79.56,2.38,late,loamy,12.82,0
48.23,29.17,83.47,1.79,late,sandy,15.44,0
25.56,29.9,84.83,0.96,mid_season,loamy,22.44,0
55.08,33.19,72.81,6.25,mid_season,loamy,14.94,0
43.8,19.02,37.46,3.43,development,loamy,1.46,0
57.84,29.61,66.07,3.45,development,loamy,8.66,0
41.0,33.88,75.1,3.46,initial,loamy,5.06,0
63.7,32.21,57.64,0,late,clay,0,0
71.63,19.43,46.01,2.93,mid_season,sandy,12.03,0
79.86,31.27,42.64,0,late,clay,0,0
63.31,24.02,69.65,2.65,development,loamy,16.87,0
58.56,18.6,45.58,2.7,initial,loamy,4.57,0
29.21,28.07,79.73,2.93,mid_season,clay,17.82,0
52.7,29.07,46.3,3.13,late,clay,11.2,0
56.01,28.19,68.88,3.06,mid_season,sandy,1.94,0
95,23.97,66.85,4.05,mid_season,loamy,2.19,0
85.06,22.79,63.31,3.57,late,clay,8.57,0
48.72,29.01,72.5,0,development,loamy,0,1
74.64,19.85,35.5,5.27,late,sandy,11.79,0
30.26,34.19,67.54,0,initial,loamy,0,0
39.84,29.09,56.37,4.74,mid_season,clay,13.38,0
42.08,27.2,80.43,4.5,late,sandy,9.09,0
60.76,24.45,35.87,2.54,development,clay,7.46,0
94.99,24.36,61.69,3.98,mid_season,clay,14.59,0
60.1,34.07,63.94,5.33,mid_season,sandy,7.31,0
64.4,32.11,54.98,0,initial,clay,0,0
42.73,27.31,73.59,4.64,development,sandy,3.42,0
19.21,35.0,53.1,4.0,mid_season,clay,11.1,0
68.32,18.21,44.88,4.19,mid_season,loamy,4.22,0
77.07,32.43,80.48,2.8,mid_season,sandy,7.48,0
37.74,18.23,73.61,0,initial,loamy,0,0
79.91,18.59,76.4,5.66,initial,loamy,12.35,0
41.76,23.3,36.97,5.81,late,clay,15.9,0
52.02,31.15,55.28,4.44,mid_season,clay,16.55,0
46.99,21.29,46.88,4.33,initial,clay,5.67,0
60.53,31.82,83.7,4.39,mid_season,sandy,11.45,0
54.86,20.43,40.03,1.64,mid_season,clay,7.6,0
59.49,35.36,49.79,0,development,loamy,0,0
51.86,26.29,39.74,4.16,initial,clay,12.06,0
73.62,35.23,58.88,2.99,development,sandy,6.31,0
66.33,32.07,68.89,3.09,development,clay,8.62,0
81.75,25.46,81.19,6.0,development,clay,2.82,0
79.48,29.87,54.93,0,late,clay,0,0
75.13,21.87,48.18,3.8,late,clay,2.2,0
88.09,32.74,77.71,6.73,development,loamy,8.23,0
71.65,28.56,61.1,5.12,mid_season,sandy,1.21,0
50.79,22.97,43.52,3.36,mid_season,loamy,2.9,0
79.55,31.15,38.46,2.7,development,clay,19.36,0
48.38,28.47,39.35,4.92,development,loamy,6.73,0
87.42,35.3,83.29,2.38,late,clay,0.97,0
59.51,28.19,44.38,5.51,mid_season,sandy,3.74,0
60.41,35.0,54.22,3.71,initial,sandy,15.35,0
42.87,24.08,79.87,0,initial,loamy,0,0
57.04,27.52,75.33,3.7,mid_season,loamy,8.64,0
50.85,18.39,77.3,4.09,initial,sandy,7.28,0
65.85,19.98,67.09,3.6,development,clay,6.14,0
39.49,23.19,84.52,0,mid_season,sandy,0,1
11.3,26.32,40.68,2.74,mid_season,loamy,14.72,0
48.09,21.47,48.47,0,initial,clay,0,0
57.78,31.83,57.9,4.14,development,sandy,3.86,0
57.36,28.24,49.54,2.32,initial,loamy,6.57,0
31.05,20.83,35.88,4.01,mid_season,sandy,4.14,0
54.99,20.39,45.78,6.01,initial,loamy,0.9,0
63.68,34.08,50.97,3.6,initial,clay,5.07,0
77.06,19.96,41.25,2.97,late,sandy,2.45,0
41.79,23.25,80.7,4.98,late,clay,18.9,0
45.73,28.42,79.77,4.09,mid_season,sandy,17.01,0
37.4,21.91,46.35,4.57,late,loamy,7.89,0
45.22,25.71,52.15,2.99,development,loamy,2.4,0
85.23,20.56,52.16,4.36,mid_season,clay,13.95,0
38.72,18.84,44.95,0,mid_season,sandy,0,1
49.52,29.34,84.09,3.56,mid_season,clay,7.75,0
15.49,30.78,68.94,4.17,initial,loamy,17.35,0
47.91,28.72,74.52,5.6,late,sandy,11.17,0
44.77,31.87,74.04,5.21,development,sandy,9.17,0
68.03,20.28,75.31,3.91,mid_season,sandy,14.39,0
70.38,30.68,50.16,3.39,mid_season,loamy,9.12,0
67.56,27.03,55.85,2.74,development,sandy,6.79,0
86.27,24.31,76.13,3.94,initial,clay,5.97,0
59.35,19.69,41.14,3.43,late,clay,16.06,0
50.92,23.22,82.62,4.46,initial,loamy,10.46,0
52.2,20.51,81.38,5.13,late,loamy,1.53,0
68.17,18.62,80.46,2.99,mid_season,clay,5.42,0
50.14,30.73,80.12,3.4,development,sandy,18.96,0
62.53,35.97,57.01,3.81,mid_season,clay,22.62,0
43.36,21.15,65.09,5.25,mid_season,loamy,14.36,0
53.4,18.15,81.21,3.85,mid_season,sandy,19.14,0
56.17,33.59,59.75,0,initial,sandy,0,0
31.56,22.81,57.94,3.16,development,sandy,0.69,0
63.27,23.05,43.05,0,initial,loamy,0,0
61.9,23.39,53.87,3.85,initial,loamy,8.99,0
66.41,19.7,37.89,5.57,late,loamy,8.19,0
16.91,18.93,74.13,0,development,sandy,0,1
60.15,26.1,60.04,3.11,late,loamy,5.0,0
50.39,24.68,41.1,4.93,late,loamy,6.74,0
84.06,30.52,63.42,0,late,sandy,0,0
68.35,34.72,53.71,3.14,development,loamy,4.42,0
65.23,23.6,37.89,4.64,mid_season,loamy,21.69,0
56.5,29.64,71.67,3.59,late,loamy,6.87,0
40.29,33.15,48.74,4.73,development,sandy,7.06,0
48.77,31.23,62.02,4.12,late,sandy,0.68,0
58.49,18.76,63.9,4.4,development,sandy,16.29,0
46.85,20.58,42.41,0,initial,loamy,0,0
73.98,34.06,74.61,0,initial,sandy,0,0
78.47,21.8,40.43,3.73,development,loamy,10.9,0
45.65,23.84,40.98,3.4,late,sandy,14.04,0
29.68,19.28,41.39,1.89,development,loamy,7.56,0
67.28,23.32,74.63,2.35,initial,sandy,0.22,0
70.81,19.92,43.08,3.98,late,sandy,7.66,0
11.39,34.13,44.75,0,initial,loamy,0,0
38.09,18.41,72.87,5.18,initial,clay,4.37,0
40.82,21.41,38.69,3.09,development,sandy,10.37,0
18.01,33.6,45.54,4.4,late,sandy,4.14,0
67.66,20.52,70.4,0,initial,loamy,0,0
63.3,30.62,56.22,3.42,initial,sandy,7.09,0
64.4,28.55,40.53,4.51,mid_season,sandy,3.1,0
41.21,35.18,64.2,3.78,mid_season,loamy,4.11,0
31.87,22.37,37.94,5.73,late,sandy,7.19,0
44.45,32.59,36.23,0,mid_season,sandy,0,1
59.62,24.82,71.97,2.75,late,loamy,2.18,0
65.49,34.19,67.5,5.02,initial,clay,7.2,0
83.71,35.71,83.67,4.7,development,loamy,11.77,0
45.37,26.72,35.03,4.02,mid_season,sandy,4.98,0
39.66,19.55,76.17,3.6,late,loamy,0.66,0
44.47,24.42,65.63,4.21,late,sandy,0.67,0
74.28,33.85,49.33,3.47,development,sandy,5.91,0
40.8,30.75,70.03,0,development,loamy,0,1
61.35,28.96,47.97,4.71,initial,clay,7.94,0
38.55,26.16,67.51,5.6,mid_season,clay,13.13,0
60.38,32.32,49.21,3.22,late,sandy,4.98,0
60.92,19.27,64.12,2.38,development,clay,7.43,0
52.75,24.46,84.45,0,mid_season,clay,0,0
68.66,32.98,82.56,4.25,mid_season,clay,18.51,0
82.46,19.16,65.01,4.07,mid_season,loamy,12.31,0
46.02,29.75,42.62,5.13,initial,clay,10.54,0
47.28,32.19,74.59,4.78,mid_season,loamy,15.17,0
59.97,30.19,53.16,0,late,clay,0,0
30.58,19.73,62.45,0,late,loamy,0,1
25.95,31.9,53.7,4.0,late,sandy,21.58,0
50.81,19.52,73.84,0,development,clay,0,0
61.09,32.37,81.1,3.61,late,loamy,7.13,0
40.73,18.36,75.72,4.73,mid_season,loamy,8.21,0
77.47,21.76,83.03,3.04,initial,sandy,8.28,0
79.66,23.39,55.08,3.45,initial,clay,7.6,0
78.32,34.39,66.79,2.88,development,sandy,12.22,0
57.49,33.11,52.03,5.26,development,clay,10.12,0
53.11,21.32,49.66,4.26,mid_season,sandy,14.8,0
81.06,24.42,37.85,3.3,development,clay,12.28,0
57.24,29.48,49.06,0,initial,clay,0,0
68.14,32.84,39.97,2.8,late,sandy,3.82,0
27.98,35.22,74.96,2.99,late,loamy,16.11,0
75.88,21.96,38.96,2.93,late,clay,14.05,0
69.23,18.26,64.59,1.65,mid_season,loamy,11.33,0
25.73,20.87,67.55,3.03,late,clay,15.63,0
36.29,30.93,64.95,2.96,mid_season,sandy,13.65,0
37.99,32.23,67.95,5.3,late,clay,4.72,0
74.97,22.64,41.12,4.04,initial,sandy,2.37,0
34.09,18.49,50.6,0,development,clay,0,1
56.55,19.16,47.91,4.74,development,sandy,6.42,0
74.37,33.65,67.81,3.69,initial,sandy,16.44,0
18.17,20.69,41.86,4.38,initial,sandy,1.98,0
45.23,28.97,52.6,0,initial,loamy,0,0
72.66,27.2,79.75,0,initial,sandy,0,0
79.4,35.48,39.71,3.77,mid_season,clay,4.54,0
39.91,23.05,76.53,3.68,development,loamy,17.03,0
67.93,31.9,41.01,0,development,loamy,0,0
57.12,24.24,75.96,0,development,loamy,0,0
27.81,21.92,40.08,4.84,development,loamy,2.26,0
57.02,35.39,66.04,2.47,development,loamy,8.78,0
79.33,22.36,71.46,4.19,mid_season,loamy,20.49,0
55.03,30.04,64.08,0,initial,clay,0,0
36.96,19.43,38.41,4.72,development,sandy,20.03,0
33.22,34.42,40.89,3.0,initial,clay,3.12,0
68.85,19.67,46.08,4.86,development,clay,7.4,0
51.25,19.99,68.91,0,initial,loamy,0,0
53.29,22.03,49.97,4.31,initial,loamy,7.17,0
68.61,32.18,48.68,4.03,late,sandy,15.17,0
89.08,19.35,64.28,4.62,late,loamy,9.73,0
65.83,28.74,75.79,5.63,development,clay,5.01,0
45.24,29.6,66.05,3.56,late,sandy,13.53,0
28.0,34.53,79.11,2.91,late,loamy,2.42,0
60.31,35.55,58.94,3.07,initial,loamy,7.29,0
56.77,30.74,79.98,4.13,mid_season,sandy,12.18,0
50.13,25.52,35.39,3.16,mid_season,sandy,23.6,0
73.02,18.39,38.14,3.4,mid_season,clay,16.63,0
12.65,25.58,68.75,4.25,late,loamy,1.28,0
60.62,31.5,50.32,3.55,late,sandy,8.62,0
50.62,29.42,38.31,4.93,initial,sandy,2.75,0
75.18,27.73,83.16,2.22,development,loamy,9.18,0
78.27,30.68,48.41,5.17,late,clay,11.07,0
69.02,35.5,60.79,3.71,development,clay,4.21,0
46.65,33.2,83.26,5.15,mid_season,clay,17.72,0
76.42,20.64,49.57,0,mid_season,loamy,0,0
34.66,19.16,69.81,3.17,late,loamy,6.54,0
45.7,23.56,72.33,3.3,mid_season,clay,14.47,0
42.64,18.41,63.87,0,development,sandy,0,1
62.52,21.58,43.17,1.22,late,loamy,6.41,0
30.25,25.62,71.35,5.64,development,clay,11.27,0
75.24,30.4,51.21,4.52,initial,sandy,1.82,0
72.71,24.41,59.24,0,initial,loamy,0,0
53.9,18.11,48.47,0,development,sandy,0,1
55.18,19.09,81.83,0,initial,loamy,0,0
22.7,32.92,57.49,2.35,late,clay,13.97,0
48.78,34.76,64.49,3.34,late,clay,6.34,0
62.36,34.94,48.55,3.39,late,clay,12.59,0
48.64,20.41,64.25,2.66,development,clay,20.51,0
52.83,25.88,45.24,3.4,development,loamy,5.04,0
66.13,24.85,45.15,2.03,development,loamy,13.22,0
65.7,28.99,78.34,0,initial,loamy,0,0
77.4,26.48,64.72,3.52,late,sandy,7.08,0
66.75,18.67,79.39,3.96,development,clay,6.12,0
30.4,22.19,84.83,5.28,mid_season,clay,15.73,0
58.82,33.6,64.71,5.38,late,clay,11.67,0
63.41,26.9,46.94,0,initial,loamy,0,0
48.02,35.65,61.65,4.65,development,loamy,9.6,0
44.81,25.42,65.75,4.45,late,clay,10.84,0
43.84,33.54,41.66,2.9,mid_season,clay,11.98,0
32.48,35.26,63.4,2.52,development,clay,6.0,0
59.19,30.34,50.73,3.85,late,clay,13.32,0
67.66,19.18,76.68,2.84,development,sandy,8.22,0
50.5,31.71,35.03,3.69,late,loamy,22.17,0
33.19,32.15,74.75,5.88,mid_season,clay,29.25,0
49.41,18.67,54.42,0,initial,clay,0,0
95,34.35,82.25,4.09,development,sandy,12.21,0
73.5,23.97,84.68,3.36,late,loamy,9.36,0
38.15,26.51,81.73,5.49,late,clay,14.01,0
86.85,23.16,68.23,5.69,mid_season,loamy,15.04,0
31.42,30.95,68.79,0,initial,sandy,0,0
65.01,20.04,52.57,3.98,mid_season,loamy,10.42,0
79.83,23.03,60.54,4.81,mid_season,clay,23.19,0
85.22,34.98,64.12,5.31,development,loamy,15.0,0
64.49,34.84,51.87,5.23,late,loamy,10.36,0
70.42,23.64,35.15,0,mid_season,sandy,0,0
70.07,35.97,73.96,3.13,development,loamy,0.14,0
77.86,20.07,80.64,4.97,development,clay,8.73,0
50.74,23.13,78.95,5.53,development,clay,7.74,0
58.38,26.13,69.66,4.24,development,sandy,7.65,0
59.88,31.73,84.17,3.08,late,clay,21.48,0
31.15,18.72,62.48,0,initial,sandy,0,0
56.45,20.15,35.98,2.9,initial,clay,5.65,0
57.94,22.97,55.93,2.53,mid_season,loamy,6.99,0
22.94,26.75,37.88,3.53,late,sandy,14.6,0
40.12,29.34,39.16,3.44,late,sandy,3.81,0
52.6,19.05,49.97,3.27,mid_season,loamy,8.0,0
81.53,34.21,59.58,0,initial,loamy,0,0
55.92,19.58,49.46,4.97,development,clay,3.12,0
73.16,23.01,42.95,0,initial,loamy,0,0
36.25,21.34,45.25,6.8,initial,sandy,1.76,0
66.51,27.55,50.42,5.16,development,loamy,10.12,0
40.0,30.5,46.45,2.47,mid_season,sandy,6.87,0
14.83,18.73,53.69,5.4,mid_season,loamy,14.97,0
56.83,19.9,42.91,3.81,late,sandy,0.85,0
66.5,18.03,78.73,1.55,development,sandy,13.91,0
46.01,23.67,50.94,4.78,development,loamy,15.64,0
52.96,31.99,80.19,4.26,late,sandy,17.34,0
39.72,26.12,71.5,0,development,loamy,0,1
50.81,31.18,71.39,3.07,initial,loamy,5.68,0
33.98,23.56,76.8,0,late,sandy,0,1
60.26,30.57,49.02,3.09,late,sandy,12.94,0
78.51,20.05,74.28,4.68,late,sandy,1.72,0
31.69,20.04,35.96,2.76,initial,clay,3.77,0
40.94,33.12,59.14,4.22,development,sandy,4.72,0
34.32,24.25,74.41,5.27,development,loamy,8.62,0
46.94,22.37,56.14,3.07,late,clay,4.66,0
41.95,30.73,40.87,0,mid_season,clay,0,1
66.02,25.57,41.6,5.02,mid_season,clay,13.94,0
60.52,33.15,72.61,0,late,loamy,0,0
43.18,21.69,63.85,0,late,clay,0,1
67.67,25.36,55.81,0,development,clay,0,0
61.32,21.5,35.34,0,development,clay,0,0
79.61,18.08,54.14,4.43,initial,loamy,0.44,0
70.34,19.06,49.67,4.03,late,loamy,6.83,0
77.15,29.3,68.15,5.25,late,sandy,4.51,0
41.43,19.96,43.42,4.55,development,clay,9.19,0
59.51,19.47,77.68,5.35,mid_season,loamy,1.91,0
36.83,31.7,81.2,3.42,mid_season,loamy,4.82,0
74.61,22.46,72.92,6.54,late,loamy,12.88,0
37.39,31.95,75.61,4.1,development,sandy,11.0,0
42.4,22.45,52.97,6.28,initial,clay,12.31,0
93.64,27.3,49.8,0,initial,clay,0,0
20.32,28.48,52.4,0,initial,loamy,0,0
41.87,35.14,77.99,4.87,late,loamy,18.36,0
76.27,18.57,58.15,0,mid_season,sandy,0,0
44.59,33.58,62.05,3.79,initial,sandy,21.07,0
55.15,27.34,67.82,4.62,mid_season,loamy,2.69,0
71.56,26.69,73.56,5.49,late,loamy,9.37,0
34.67,32.63,49.86,3.61,initial,sandy,3.05,0
76.92,27.12,47.09,0,mid_season,sandy,0,0
32.9,18.34,68.04,4.47,development,sandy,5.61,0
29.42,27.2,62.98,3.08,initial,clay,15.37,0
36.08,20.57,58.73,0,initial,clay,0,0
76.6,20.96,35.55,4.15,late,clay,13.34,0
95,21.14,58.38,5.23,late,loamy,8.94,0
70.71,24.68,43.88,4.54,development,loamy,12.2,0
48.71,20.46,55.4,0,initial,sandy,0,0
73.55,18.11,49.55,4.64,initial,loamy,8.99,0
74.94,27.11,38.41,3.16,development,sandy,18.69,0
61.04,23.5,59.16,4.17,mid_season,loamy,12.74,0
54.03,34.7,82.05,0,late,loamy,0,0
62.9,31.82,77.02,5.23,late,sandy,1.76,0
77.8,27.25,51.81,2.62,mid_season,clay,15.18,0
47.12,33.28,46.25,3.07,late,clay,27.54,0
47.07,30.25,79.54,0,development,sandy,0,1
76.13,27.79,72.72,3.62,mid_season,sandy,11.11,0
83.16,22.24,73.03,2.48,late,sandy,11.46,0
84.23,31.35,58.09,2.88,late,sandy,6.88,0
46.45,25.83,75.98,4.0,initial,clay,3.82,0
64.04,35.79,50.78,5.82,mid_season,loamy,16.35,0
94.92,29.03,66.01,3.99,mid_season,loamy,1.8,0
68.42,20.21,55.79,0,late,loamy,0,0
38.84,29.76,55.44,3.42,late,sandy,10.85,0
30.33,19.94,47.11,3.72,initial,sandy,8.41,0
37.78,18.92,46.79,0,development,sandy,0,1
55.63,21.43,74.61,4.62,mid_season,loamy,11.92,0
48.43,27.88,66.82,0,mid_season,loamy,0,1
29.58,34.39,74.56,4.41,development,sandy,4.45,0
58.14,24.79,43.06,4.82,late,loamy,6.28,0
69.68,30.08,66.33,3.88,mid_season,loamy,15.91,0
74.87,33.21,50.29,3.1,initial,sandy,4.29,0
87.85,26.37,60.91,3.36,initial,loamy,3.22,0
95,30.14,46.38,0,initial,loamy,0,0
66.81,35.13,36.39,0,development,loamy,0,0
52.3,27.1,38.27,2.28,development,sandy,4.54,0
66.06,32.0,67.31,3.15,development,clay,9.88,0
10.32,34.67,69.3,4.03,mid_season,sandy,13.38,0
61.16,18.22,76.38,4.17,development,clay,16.55,0
29.5,23.59,42.02,5.18,development,clay,7.3,0
88.94,28.42,42.64,3.87,late,clay,5.73,0
69.39,34.44,35.79,3.68,development,sandy,7.68,0
78.56,20.05,36.17,4.17,late,loamy,2.03,0
74.5,35.6,71.8,5.35,mid_season,clay,9.62,0
68.28,29.26,80.03,4.04,mid_season,sandy,3.37,0
79.16,28.13,78.24,4.9,development,loamy,14.08,0
48.42,29.63,40.06,3.85,mid_season,loamy,9.87,0
42.34,24.53,72.6,3.67,late,loamy,19.65,0
67.79,31.92,54.87,3.44,late,loamy,27.75,0
77.53,20.6,49.39,4.08,development,loamy,5.94,0
44.08,29.04,70.93,3.93,late,sandy,4.22,0
73.18,31.44,63.17,3.86,mid_season,clay,15.13,0
62.55,23.57,74.34,4.72,development,clay,9.98,0
69.98,26.71,81.76,5.58,late,loamy,4.31,0
26.14,20.22,65.19,6.21,development,sandy,16.27,0
66.08,34.13,46.94,5.49,development,loamy,5.0,0
56.7,28.68,46.85,4.22,initial,clay,19.4,0
74.96,19.38,36.79,3.91,initial,loamy,2.96,0
68.85,31.51,50.71,5.07,mid_season,sandy,2.15,0
56.49,18.07,81.61,3.71,development,sandy,3.91,0
46.49,34.89,42.38,3.27,mid_season,sandy,11.35,0
45.66,33.67,46.87,2.12,mid_season,clay,19.97,0
68.16,27.13,81.64,4.3,initial,sandy,11.31,0
49.19,33.2,48.15,2.67,late,clay,13.51,0
41.45,33.88,72.5,0,development,sandy,0,1
36.44,30.93,66.87,4.65,development,loamy,0.25,0
51.5,28.7,66.36,1.8,initial,sandy,9.05,0
65.65,35.43,58.0,4.07,initial,sandy,0.93,0
39.32,35.41,84.13,3.91,mid_season,sandy,5.0,0
55.13,28.55,72.64,2.62,development,clay,2.33,0
63.27,30.03,68.15,3.44,mid_season,sandy,19.33,0
86.47,35.26,61.4,0,late,clay,0,0
26.42,29.07,69.29,3.72,late,loamy,16.43,0
35.94,31.82,69.51,2.35,late,clay,9.12,0
85.85,30.06,66.43,5.34,mid_season,sandy,10.42,0
80.36,34.52,49.0,6.14,late,sandy,2.09,0
74.62,28.26,62.02,5.14,development,sandy,16.3,0
10.37,26.26,73.64,1.57,late,loamy,18.96,0
68.43,28.09,38.92,5.3,development,loamy,3.76,0
56.17,34.91,51.76,4.53,development,sandy,6.05,0
29.71,27.4,37.88,6.21,mid_season,loamy,5.9,0
56.27,25.93,39.74,3.07,mid_season,clay,13.57,0
51.84,18.44,80.03,3.59,mid_season,loamy,7.03,0
56.89,28.63,47.01,1.86,mid_season,loamy,2.56,0
39.56,28.77,42.86,0,late,loamy,0,1
78.69,31.82,61.03,2.78,development,loamy,10.21,0
40.9,21.16,36.47,2.55,development,clay,12.55,0
42.48,26.74,68.03,3.94,development,loamy,5.99,0
71.0,26.87,45.93,4.21,mid_season,clay,7.27,0
95,35.71,35.52,0,mid_season,loamy,0,0
76.62,31.26,84.84,4.91,late,clay,9.95,0
15.61,18.69,64.84,4.07,development,loamy,2.39,0
27.16,24.4,82.01,0,late,sandy,0,1
24.89,24.23,60.05,5.05,late,loamy,9.41,0
72.62,29.52,35.88,3.21,development,loamy,7.78,0
80.75,33.28,80.97,0,initial,clay,0,0
65.15,18.69,79.08,5.32,mid_season,clay,16.01,0
63.23,35.73,49.18,3.39,late,loamy,4.59,0
61.68,34.18,79.08,3.52,mid_season,clay,19.24,0
42.54,21.96,81.21,3.67,late,clay,16.55,0
44.35,23.16,37.8,4.3,mid_season,loamy,15.18,0
53.1,24.57,55.17,0,initial,loamy,0,0
85.09,34.76,66.94,4.23,development,loamy,10.23,0
50.13,18.51,82.75,1.87,late,loamy,13.48,0
36.63,26.19,58.2,4.61,development,loamy,12.16,0
56.52,21.44,45.9,6.51,late,sandy,6.58,0
39.56,19.27,64.04,3.04,initial,loamy,5.01,0
10.13,35.06,51.14,3.72,development,clay,5.83,0
44.45,29.49,78.69,5.63,initial,sandy,6.47,0
67.75,32.39,44.34,4.29,mid_season,clay,16.41,0
58.57,20.03,51.65,4.6,mid_season,sandy,11.48,0
70.84,18.25,74.85,4.52,initial,sandy,5.13,0
56.71,18.7,47.24,4.65,late,loamy,9.37,0
57.86,18.58,60.06,3.41,late,sandy,4.43,0
54.77,28.91,76.94,0,mid_season,sandy,0,1
40.02,18.64,74.85,1.63,late,loamy,13.34,0
95,19.85,57.01,0,initial,clay,0,0
50.13,18.27,79.65,3.38,initial,loamy,4.58,0
66.44,32.93,48.05,3.92,mid_season,clay,12.96,0
57.14,26.48,35.78,5.29,mid_season,clay,8.27,0
30.3,27.65,56.13,2.99,late,sandy,8.22,0
47.62,26.41,79.76,3.81,development,sandy,5.68,0
85.57,22.1,41.82,2.71,initial,sandy,3.37,0
49.07,32.06,55.07,4.56,late,sandy,7.95,0
73.21,25.2,48.72,4.48,initial,loamy,11.53,0
54.3,22.49,37.62,4.49,initial,sandy,8.09,0
46.94,21.1,76.03,1.91,development,clay,18.4,0
66.14,29.48,58.07,4.32,initial,clay,9.91,0
53.83,23.6,63.72,3.21,mid_season,sandy,12.81,0
26.7,25.09,56.92,4.65,late,clay,6.43,0
48.01,19.6,77.61,5.12,mid_season,clay,10.75,0
28.06,23.24,53.8,1.47,initial,loamy,0.72,0
58.52,25.73,41.14,4.64,mid_season,sandy,4.95,0
67.95,23.37,37.89,6.51,development,clay,8.03,0
56.05,20.8,66.03,4.77,mid_season,sandy,11.91,0
66.33,29.22,43.29,4.77,mid_season,clay,6.04,0
63.26,29.11,84.81,2.09,late,loamy,16.79,0
52.42,22.69,82.65,3.62,development,sandy,11.19,0
66.19,30.64,57.33,3.97,development,sandy,1.11,0
44.44,35.87,66.11,2.4,initial,clay,4.0,0
48.86,22.66,73.69,2.88,development,clay,6.77,0
34.4,19.54,44.68,4.68,development,loamy,2.63,0
57.22,27.73,38.92,3.28,initial,sandy,6.12,0
57.65,20.04,42.72,0,initial,sandy,0,0
53.42,20.35,59.9,1.59,mid_season,loamy,18.6,0
53.96,19.43,77.6,0,late,sandy,0,1
63.32,34.91,70.67,3.72,development,loamy,10.35,0
50.61,19.4,60.32,0,development,clay,0,0
60.76,32.72,47.04,5.8,mid_season,clay,2.99,0
50.09,20.85,58.94,5.56,late,loamy,5.31,0
48.77,18.79,46.64,0,initial,clay,0,0
35.1,27.26,80.54,4.93,development,clay,15.48,0
57.4,21.68,78.47,4.45,initial,sandy,14.89,0
27.43,28.41,64.83,3.28,mid_season,loamy,14.55,0
60.94,25.17,79.47,0,initial,loamy,0,0
48.8,30.95,49.26,3.46,mid_season,clay,17.73,0
77.07,35.09,53.13,4.02,mid_season,sandy,7.32,0
53.51,34.6,38.47,3.46,late,sandy,4.72,0
53.89,24.33,81.95,2.38,development,sandy,17.58,0
23.22,29.3,82.89,2.59,late,sandy,16.63,0
50.43,22.32,68.22,3.42,mid_season,loamy,11.46,0
30.58,34.46,71.11,0,initial,loamy,0,0
40.01,33.54,37.83,4.7,late,sandy,9.61,0
37.45,23.83,72.75,2.99,late,sandy,11.51,0
48.58,24.2,53.83,3.55,initial,clay,10.42,0
35.48,30.87,41.43,4.2,late,clay,10.48,0
55.7,33.66,76.28,5.55,development,clay,0.38,0
38.87,35.58,52.67,2.86,initial,loamy,8.76,0
43.97,34.76,66.08,0,late,sandy,0,1
42.09,25.35,43.86,5.33,development,loamy,13.03,0
47.15,33.06,75.77,6.09,late,sandy,3.27,0
63.5,26.88,60.19,3.46,initial,sandy,0.59,0
87.5,22.21,78.35,0,mid_season,sandy,0,0
87.46,19.74,63.36,6.53,late,loamy,7.28,0
59.42,31.04,64.8,3.58,initial,sandy,11.07,0
85.18,31.58,70.1,4.71,initial,loamy,10.68,0
45.28,29.58,84.19,5.53,late,clay,15.2,0
71.95,28.36,54.45,5.35,initial,clay,9.84,0
75.98,21.49,64.42,4.46,late,clay,3.22,0
66.65,22.24,75.79,3.87,mid_season,loamy,5.99,0
51.26,25.78,54.51,0,initial,clay,0,0
40.13,30.75,81.15,6.17,initial,clay,12.17,0
50.06,20.93,43.44,0,initial,sandy,0,0
62.14,34.92,44.66,4.69,mid_season,sandy,5.55,0
46.94,21.51,54.22,4.71,late,loamy,4.95,0
82.21,25.97,39.72,4.54,late,clay,14.42,0
52.03,26.12,61.0,0,initial,loamy,0,0
66.57,30.85,64.77,4.17,development,clay,9.2,0
70.59,35.55,46.36,0,late,sandy,0,0
54.59,24.12,66.61,4.94,development,sandy,8.56,0
31.33,31.69,39.85,4.35,mid_season,sandy,17.84,0
38.13,35.39,51.18,4.09,mid_season,sandy,10.35,0
41.72,34.29,58.49,0,initial,sandy,0,0
25.16,24.53,43.04,2.99,late,clay,10.19,0
80.04,34.98,35.99,2.4,initial,sandy,5.74,0
88.88,25.38,76.36,4.29,initial,loamy,1.2,0
39.9,34.37,79.07,4.3,mid_season,sandy,7.74,0
47.14,33.85,84.84,0,initial,clay,0,0
48.81,20.21,56.18,0,initial,loamy,0,0
40.57,22.15,74.65,2.61,development,clay,8.44,0
72.14,25.65,51.72,3.76,late,sandy,11.14,0
67.31,29.84,62.32,5.03,late,loamy,10.68,0
56.05,27.72,58.36,2.03,late,sandy,3.75,0
50.57,22.53,35.48,3.13,initial,clay,1.73,0
69.62,34.86,69.17,4.63,initial,sandy,12.0,0
55.72,33.05,58.79,0,development,clay,0,0
70.68,31.01,59.79,0,initial,loamy,0,0
43.5,22.43,82.01,4.33,late,clay,14.46,0
90.35,31.32,65.14,4.76,mid_season,clay,13.04,0
60.2,26.87,58.17,0,mid_season,sandy,0,0
82.37,31.11,72.88,2.41,development,loamy,12.96,0
41.04,21.44,65.79,4.85,late,clay,14.6,0
40.52,33.39,64.17,4.0,late,loamy,11.56,0
65.24,19.46,82.05,0,initial,sandy,0,0
61.13,27.7,84.59,4.48,mid_season,sandy,8.24,0
41.45,35.25,82.09,4.87,development,sandy,3.37,0
32.45,25.99,38.41,5.09,late,clay,28.44,0
75.91,22.55,48.59,5.22,mid_season,clay,3.33,0
67.86,24.65,68.15,2.38,late,sandy,12.33,0
48.21,34.72,65.56,0,initial,sandy,0,0
83.32,21.7,45.97,5.92,development,loamy,22.21,0
68.08,35.09,59.12,3.5,late,clay,12.86,0
36.32,35.53,61.46,4.93,mid_season,sandy,10.89,0
82.51,35.9,52.4,3.61,development,clay,20.35,0
59.64,31.35,48.96,4.73,initial,clay,2.2,0
65.62,28.1,74.11,0,initial,clay,0,0
52.2,33.3,44.38,3.8,mid_season,sandy,18.79,0
68.71,35.73,43.81,0,initial,sandy,0,0
31.7,22.27,45.74,3.63,development,loamy,8.24,0
65.95,29.16,54.24,2.84,development,clay,5.74,0
59.66,32.89,75.87,2.07,mid_season,loamy,12.95,0
45.34,22.84,41.9,4.12,development,clay,4.63,0
62.65,22.36,67.05,0,late,loamy,0,0
57.29,20.12,78.76,6.18,development,sandy,10.75,0
81.23,20.87,76.69,5.48,late,clay,7.32,0
56.43,28.54,59.0,0,initial,clay,0,0
33.76,27.33,57.8,4.22,mid_season,sandy,18.2,0
26.6,34.72,56.7,4.47,late,clay,13.07,0
29.37,25.6,43.14,4.02,initial,clay,1.97,0
63.31,20.24,81.27,0,initial,loamy,0,0
64.28,19.66,59.07,2.51,late,sandy,5.49,0
44.31,34.17,54.84,3.75,late,loamy,13.47,0
27.86,20.38,78.78,0,initial,sandy,0,0
30.35,25.97,69.29,4.6,late,clay,19.1,0
34.93,29.85,57.38,4.45,mid_season,loamy,2.25,0
60.5,31.9,76.26,6.09,initial,loamy,5.87,0
61.03,31.26,81.66,3.87,development,loamy,6.55,0
65.02,35.79,37.32,2.04,development,sandy,12.01,0
68.87,35.84,44.44,4.48,late,loamy,20.59,0
42.89,23.1,40.39,4.8,late,loamy,1.92,0
33.05,30.6,38.14,0.95,initial,sandy,4.55,0
21.9,21.92,47.54,2.24,initial,clay,8.03,0
55.61,23.49,70.63,4.22,development,loamy,6.92,0
5,21.66,39.53,0,initial,loamy,0,0
94.07,23.07,39.67,4.57,late,sandy,12.83,0
40.07,20.07,40.19,2.69,development,sandy,8.62,0
49.86,25.85,59.12,2.38,mid_season,loamy,16.8,0
72.34,35.93,79.06,4.03,late,clay,8.18,0
34.28,24.25,73.07,4.07,development,loamy,8.44,0
95,28.78,62.7,0,initial,clay,0,0
52.77,33.88,82.01,3.63,mid_season,loamy,7.63,0
60.87,30.79,43.53,3.6,development,sandy,1.16,0
47.77,34.29,72.52,2.38,initial,sandy,13.02,0
59.0,24.58,56.64,3.89,mid_season,sandy,10.45,0
46.91,32.57,46.57,5.5,late,sandy,10.82,0
25.62,22.4,82.73,4.04,mid_season,sandy,9.98,0
36.24,22.43,79.67,2.26,late,clay,6.45,0
44.31,24.14,60.22,2.88,late,clay,11.85,0
19.19,23.67,50.89,4.93,late,sandy,11.26,0
59.58,27.57,81.48,4.65,development,loamy,7.03,0
89.27,20.6,36.85,3.61,development,clay,9.45,0
52.53,24.04,64.94,5.05,late,sandy,2.84,0
71.67,32.18,61.38,4.49,late,sandy,8.85,0
63.63,18.47,81.8,3.74,mid_season,clay,14.17,0
80.58,24.98,57.3,3.58,mid_season,clay,7.61,0
72.92,35.74,50.8,0,initial,sandy,0,0
60.72,26.79,74.58,4.78,initial,clay,8.39,0
95,18.28,77.15,4.65,mid_season,loamy,15.12,0
23.74,30.59,71.05,0,late,loamy,0,1
24.46,22.92,54.33,5.17,mid_season,loamy,20.09,0
36.57,33.42,84.93,0,development,clay,0,1
68.93,32.46,40.04,5.93,development,sandy,10.06,0
46.22,24.22,77.07,3.76,late,clay,8.98,0
95,32.78,69.3,5.21,development,loamy,12.72,0
52.62,31.0,70.57,3.15,development,loamy,12.42,0
52.18,27.89,84.89,2.89,mid_season,loamy,16.0,0
62.82,19.47,38.98,3.11,development,sandy,16.65,0
74.06,21.53,74.02,3.38,mid_season,loamy,19.04,0
40.46,20.65,83.36,3.2,late,sandy,1.96,0
62.75,21.51,69.36,5.81,initial,clay,8.1,0
47.62,34.1,35.5,2.22,late,clay,12.43,0
71.43,33.88,46.48,0,development,sandy,0,0
71.62,32.55,68.81,0,development,clay,8.32,0
65.93,24.77,55.92,0,late,loamy,0,0
48.52,34.73,53.3,3.77,initial,clay,4.06,0
46.07,33.9,39.83,4.9,mid_season,loamy,8.45,0
32.8,28.81,81.66,4.67,late,loamy,14.57,0
77.77,26.45,53.26,0,initial,sandy,0,0
62.3,32.94,48.6,0,initial,sandy,0,0
90.82,25.9,57.05,0,initial,sandy,0,0
57.59,21.88,62.82,4.25,late,sandy,5.21,0
53.89,28.18,49.98,0,initial,loamy,0,0
89.98,23.08,39.31,4.59,late,loamy,17.59,0
62.24,25.0,41.97,0,initial,sandy,0,0
65.61,26.18,80.12,0,late,clay,0,0
73.32,19.62,67.09,3.98,development,loamy,1.06,0
78.94,35.76,54.67,3.86,initial,clay,1.73,0
35.14,19.17,75.8,4.23,late,loamy,16.89,0
36.46,20.71,59.81,3.12,late,clay,5.81,0
47.96,29.13,47.89,4.83,initial,loamy,12.71,0
60.16,26.62,81.71,6.26,late,clay,13.69,0
80.81,29.49,38.06,0,mid_season,loamy,0,0
47.66,33.7,74.83,0,development,clay,0,0
30.89,19.39,79.13,4.44,development,sandy,2.55,0
25.2,32.8,53.31,0,initial,clay,0,0
82.71,25.16,43.29,4.81,late,loamy,8.27,0
39.84,32.36,68.91,4.06,initial,clay,6.24,0
46.66,24.62,77.95,4.09,mid_season,sandy,7.53,0
57.59,18.75,67.12,4.22,development,sandy,0.67,0
45.98,26.62,53.3,2.79,mid_season,sandy,18.13,0
34.57,18.27,37.15,4.16,initial,loamy,9.6,0
50.29,27.94,84.83,5.28,development,clay,2.81,0
36.18,25.88,40.1,3.23,late,clay,12.56,0
70.68,29.3,42.24,5.31,initial,loamy,4.22,0
65.75,19.33,57.23,7.74,mid_season,clay,15.09,0
48.12,29.66,56.11,0,initial,loamy,0,0
67.7,21.23,75.63,2.82,mid_season,sandy,12.41,0
77.72,25.89,57.04,2.81,development,loamy,3.62,0
64.03,23.34,39.09,0,late,loamy,0,0
64.29,26.35,58.7,0,late,sandy,0,0
28.05,30.43,74.96,3.17,mid_season,loamy,23.56,0
62.2,30.18,51.36,0,development,sandy,0,0
78.8,21.45,78.8,2.64,mid_season,loamy,17.69,0
62.09,33.09,78.05,0,mid_season,loamy,0,0
35.09,30.79,62.6,4.36,late,clay,8.18,0
95,23.73,55.11,3.06,mid_season,clay,21.81,0
32.05,34.45,38.41,3.68,mid_season,clay,4.33,0
40.23,35.79,80.69,0,initial,loamy,0,0
77.19,22.9,67.02,2.87,late,clay,13.88,0
58.73,23.95,41.34,3.62,initial,clay,5.99,0
46.68,25.23,69.0,0,development,clay,0,0
5,19.99,77.83,0,initial,sandy,0,0
65.92,21.93,55.88,4.62,initial,clay,21.74,0
45.07,27.22,82.84,5.28,mid_season,clay,16.79,0
48.26,18.75,72.27,3.22,mid_season,sandy,10.58,0
14.08,29.51,82.17,3.0,initial,clay,8.09,0
75.39,22.21,57.92,4.35,initial,sandy,13.37,0
46.18,22.73,48.61,5.21,mid_season,loamy,11.27,0
66.95,30.97,65.89,4.81,late,loamy,16.58,0
64.91,24.78,70.12,1.94,mid_season,clay,8.5,0
70.07,19.05,43.36,4.3,development,loamy,7.05,0
47.23,29.87,82.65,2.49,development,loamy,1.83,0
28.07,30.6,71.14,0,initial,loamy,0,0
79.83,28.52,43.14,4.96,late,clay,5.9,0
71.52,26.92,82.23,5.69,late,sandy,0.47,0
33.49,32.11,61.54,1.56,late,sandy,15.9,0
52.68,31.42,44.77,4.67,late,loamy,27.93,0
64.97,31.01,44.74,4.28,development,loamy,4.99,0
57.89,34.46,40.16,3.25,mid_season,sandy,9.08,0
43.29,35.48,52.67,4.41,mid_season,loamy,9.32,0
64.44,21.03,44.69,0,development,loamy,0,0
55.02,25.21,70.28,0,initial,clay,0,0
46.16,23.44,62.03,5.89,late,sandy,14.56,0
69.4,29.63,36.78,3.16,development,loamy,11.59,0
45.35,25.9,80.65,0,development,sandy,0,1
27.04,23.17,39.13,3.65,initial,clay,1.52,0
79.44,27.02,50.55,4.79,late,clay,9.41,0
73.57,33.44,41.74,3.56,initial,clay,4.93,0
32.84,30.63,38.53,2.66,initial,sandy,5.48,0
39.97,31.89,54.51,2.99,late,sandy,12.42,0
71.48,21.63,65.93,1.07,development,sandy,14.31,0
41.97,19.94,59.37,1.04,late,clay,3.15,0
59.23,19.72,77.88,3.15,initial,clay,3.64,0
56.99,25.55,62.53,4.98,development,sandy,10.25,0
60.04,34.04,48.85,6.16,late,sandy,13.67,0
14.13,20.34,38.34,3.4,late,loamy,5.37,0
77.67,22.51,63.42,5.56,mid_season,loamy,14.99,0
56.77,18.15,79.46,4.16,late,sandy,1.14,0
19.82,23.87,77.93,0,initial,sandy,0,0
64.6,26.53,42.87,4.3,development,clay,5.67,0
52.22,25.23,47.86,3.29,initial,loamy,1.36,0
75.84,20.88,53.46,2.42,late,loamy,8.4,0
37.91,19.85,55.58,5.04,mid_season,clay,8.31,0
7.36,27.26,44.32,2.74,mid_season,sandy,11.35,0
49.24,29.51,35.01,0,initial,clay,0,0
77.74,26.42,71.97,5.46,development,loamy,7.17,0
54.75,24.23,67.44,4.45,initial,sandy,13.01,0
39.62,26.51,39.3,2.75,initial,sandy,5.63,0
61.82,23.16,82.24,3.3,initial,sandy,5.01,0
45.2,25.56,62.17,4.12,late,sandy,6.65,0
60.34,20.71,84.92,5.11,late,clay,10.93,0
58.55,30.28,80.5,3.68,development,loamy,0.51,0
71.95,21.71,53.15,5.26,late,loamy,14.34,0
23.5,19.72,69.32,4.56,development,sandy,4.6,0
43.14,25.22,78.05,0,initial,sandy,0,0
67.65,23.66,81.82,3.3,development,sandy,0.98,0
35.82,31.3,66.32,5.57,mid_season,sandy,10.22,0
32.89,25.79,65.35,5.17,mid_season,loamy,13.74,0
26.1,31.04,35.45,0,late,clay,0,1
41.98,29.52,69.31,5.31,late,loamy,20.01,0
86.2,27.91,54.75,4.09,development,sandy,19.33,0
58.95,35.85,59.1,0,initial,loamy,0,0
57.58,32.93,35.09,5.27,development,clay,13.59,0
9.4,35.36,42.16,3.47,mid_season,clay,19.88,0
88.38,18.46,55.35,5.44,late,loamy,9.85,0
52.14,32.01,41.45,5.22,development,clay,4.3,0
49.45,20.01,41.67,3.59,initial,sandy,1.79,0
62.13,32.53,77.98,0,initial,sandy,0,0
41.81,27.4,66.91,3.75,late,loamy,14.92,0
56.47,24.87,84.63,4.25,mid_season,clay,14.52,0
58.51,32.25,45.35,1.57,mid_season,clay,9.96,0
67.93,23.98,48.34,3.62,late,sandy,10.75,0
35.2,19.1,44.71,5.2,development,clay,13.08,0
73.55,32.27,56.8,5.02,mid_season,clay,14.97,0
60.08,33.15,37.05,4.46,late,clay,6.54,0
71.2,23.4,67.99,2.43,initial,clay,11.94,0
66.83,34.55,73.79,2.24,late,clay,20.22,0
68.92,23.53,47.41,3.38,mid_season,loamy,20.14,0
62.47,35.63,60.01,0,late,clay,0,0
71.23,18.22,78.65,2.59,late,sandy,8.2,0
66.78,25.55,47.95,4.09,mid_season,sandy,4.06,0
60.87,20.88,56.69,0,development,clay,0,0
89.73,20.05,41.32,6.17,development,loamy,18.88,0
74.77,29.5,59.23,2.68,late,loamy,6.28,0
91.36,26.09,63.33,5.59,mid_season,sandy,6.06,0
84.39,25.55,79.97,0,initial,sandy,0,0
61.0,33.53,41.46,2.86,initial,clay,3.37,0
52.98,19.19,55.83,5.14,mid_season,sandy,11.69,0
57.48,29.68,72.54,4.93,mid_season,loamy,17.09,0
55.56,28.86,47.28,2.89,mid_season,sandy,4.17,0
31.85,25.97,54.11,3.83,mid_season,clay,11.08,0
52.0,27.88,60.34,4.31,late,loamy,11.74,0
56.74,24.31,83.05,3.31,development,loamy,13.17,0
77.85,27.13,55.26,0,initial,sandy,0,0
59.01,27.62,45.6,5.98,mid_season,clay,11.03,0
58.15,22.65,64.89,5.15,initial,loamy,5.07,0
61.45,25.21,43.75,0,late,sandy,0,0
46.62,31.41,80.77,4.91,late,sandy,0.59,0
68.37,28.59,50.08,4.58,mid_season,sandy,12.3,0
81.01,23.03,71.59,0,initial,sandy,0,0
70.36,31.12,51.13,4.05,late,clay,9.62,0
95,19.3,81.39,0,initial,loamy,0,0
40.11,24.7,74.24,5.45,development,sandy,7.55,0
37.81,34.3,75.93,4.98,mid_season,loamy,16.79,0
41.68,29.17,55.06,2.57,mid_season,loamy,0.69,0
38.53,20.24,62.36,0,initial,clay,0,0
54.91,24.38,48.24,4.06,mid_season,loamy,13.27,0
49.89,29.71,78.69,2.64,mid_season,clay,8.12,0
34.69,29.35,51.55,4.62,development,sandy,12.13,0
60.77,32.79,62.54,5.15,initial,loamy,5.28,0
53.07,24.22,64.5,2.52,late,sandy,13.94,0
44.12,23.75,36.86,4.56,late,loamy,14.88,0
73.37,35.66,56.52,4.5,initial,sandy,6.52,0
73.09,18.49,63.68,5.09,development,sandy,1.39,0
52.67,26.37,84.08,5.03,mid_season,sandy,3.17,0
36.61,32.25,82.15,3.86,development,sandy,1.42,0
67.33,24.24,61.15,5.68,late,loamy,12.27,0
43.59,28.44,63.09,0,initial,sandy,0,0
62.42,26.45,65.36,5.71,mid_season,clay,8.86,0
91.62,20.42,43.65,2.99,initial,sandy,11.55,0
31.31,18.15,67.78,5.15,development,sandy,19.55,0
68.84,22.23,66.7,4.02,development,loamy,4.81,0
41.67,30.73,51.26,5.39,mid_season,loamy,4.19,0
52.04,24.97,59.81,3.86,late,clay,22.91,0
68.78,30.69,58.26,3.71,mid_season,loamy,21.38,0
63.86,33.32,53.28,0,development,clay,0,0
49.88,26.17,71.31,4.48,development,loamy,24.46,0
69.11,27.44,68.57,3.7,late,loamy,11.27,0
36.61,31.46,57.4,0,initial,loamy,0,0
86.52,35.81,67.55,4.34,development,clay,17.19,0
57.81,18.24,46.36,5.58,development,sandy,9.88,0
28.37,33.71,66.07,3.67,development,loamy,13.87,0
46.89,26.32,42.89,4.83,mid_season,loamy,21.66,0
40.33,31.86,70.27,4.03,mid_season,sandy,14.58,0
58.47,30.67,60.87,4.32,development,loamy,8.61,0
91.73,27.47,48.1,3.74,initial,clay,7.69,0
41.34,22.13,41.23,5.27,mid_season,loamy,9.94,0
80.33,19.35,72.94,4.15,initial,sandy,9.57,0
42.8,28.93,47.96,0,development,loamy,0,1
59.12,25.92,42.27,1.93,initial,sandy,2.38,0
69.24,27.51,80.55,5.19,late,sandy,5.96,0
36.75,25.61,70.07,6.12,initial,clay,12.66,0
35.18,27.0,84.37,5.51,mid_season,clay,0.25,0
55.27,30.38,71.33,4.48,late,sandy,11.01,0
51.21,31.13,47.77,4.43,late,sandy,10.31,0
49.3,18.11,55.03,3.75,late,clay,22.26,0
79.6,29.5,58.99,5.72,late,clay,14.05,0
45.96,28.44,55.74,3.5,mid_season,sandy,9.13,0
23.75,31.9,45.14,4.8,mid_season,loamy,4.24,0
84.83,25.08,54.94,3.82,initial,loamy,9.48,0
53.67,22.92,58.27,4.86,development,clay,4.6,0
44.02,35.62,74.08,4.21,development,clay,5.15,0
86.58,30.91,55.97,2.71,development,sandy,12.65,0
62.35,30.72,63.31,4.37,development,loamy,8.51,0
50.62,24.71,50.61,4.1,mid_season,clay,9.42,0
56.36,26.51,79.88,2.64,late,clay,10.44,0
53.4,24.8,77.38,4.11,initial,sandy,2.8,0
70.13,24.38,60.91,3.69,mid_season,clay,9.72,0
49.12,23.4,43.97,3.48,development,clay,8.98,0
66.3,30.03,63.62,4.29,initial,sandy,7.22,0
78.42,18.89,50.09,5.32,mid_season,clay,6.23,0
68.54,19.95,60.88,4.87,mid_season,sandy,19.26,0
28.98,21.57,68.13,4.62,late,sandy,5.93,0
36.09,31.41,77.2,4.16,initial,loamy,5.42,0
63.57,29.1,82.11,5.05,mid_season,sandy,5.31,0
54.88,18.1,42.09,0,initial,sandy,0,0
95,28.95,48.75,3.39,late,loamy,4.92,0
22.64,29.53,68.57,4.33,late,clay,17.07,0
43.56,19.57,48.64,0,development,clay,0,1
65.93,34.34,59.33,3.65,mid_season,clay,15.5,0
58.02,34.35,70.28,4.73,late,clay,5.92,0
77.48,32.92,38.3,3.76,mid_season,clay,15.09,0
59.25,24.25,70.88,4.34,mid_season,loamy,6.92,0
67.01,31.45,58.95,0,initial,sandy,0,0
35.56,29.7,66.25,4.19,development,loamy,7.5,0
65.29,19.13,44.3,1.89,mid_season,sandy,9.71,0
43.76,19.74,79.64,0,development,clay,0,1
49.54,31.09,62.74,3.2,late,loamy,6.57,0
61.75,24.18,69.97,5.81,late,clay,16.05,0
51.29,23.87,53.2,5.54,initial,sandy,0.92,0
71.08,20.26,81.9,4.35,initial,clay,5.14,0
62.55,32.82,43.41,3.92,development,loamy,4.89,0
21.61,26.29,51.33,0,development,loamy,0,1
81.74,29.93,41.56,2.74,development,sandy,6.44,0
51.21,35.45,73.83,2.47,development,clay,11.25,0
28.41,35.48,84.69,2.71,mid_season,loamy,12.15,0
78.54,22.43,77.11,4.01,mid_season,clay,9.5,0
77.13,32.79,72.8,3.23,mid_season,clay,5.56,0
84.61,32.52,53.68,3.75,mid_season,sandy,10.46,0
62.51,20.57,60.75,2.93,late,sandy,9.11,0
95,23.16,72.36,2.89,mid_season,sandy,15.38,0
47.93,28.17,59.63,4.4,late,clay,13.48,0
41.55,30.59,56.65,5.4,mid_season,loamy,3.57,0
39.41,34.29,81.96,2.75,development,loamy,10.33,0
78.1,32.28,64.84,2.3,development,loamy,15.05,0
46.6,23.68,52.03,5.13,mid_season,sandy,10.07,0
63.6,29.82,76.55,5.28,initial,loamy,18.82,0
18.27,31.67,76.5,2.95,mid_season,clay,19.47,0
47.61,29.63,84.52,4.84,late,clay,11.04,0
80.77,26.77,63.04,3.33,development,clay,0.47,0
53.56,30.28,45.72,5.7,mid_season,loamy,7.39,0
49.9,26.03,48.93,2.52,development,clay,14.77,0
44.18,34.93,38.63,4.88,development,sandy,11.77,0
57.03,19.87,50.26,5.18,mid_season,sandy,15.56,0
54.61,20.84,50.14,0,initial,loamy,0,0
47.96,30.33,71.85,4.25,development,sandy,7.24,0
87.26,22.81,60.06,3.73,late,sandy,14.51,0
35.58,23.53,80.35,3.23,late,loamy,25.3,0
46.25,28.37,58.84,4.54,development,loamy,1.7,0
39.91,19.93,75.36,3.42,mid_season,sandy,11.86,0
62.32,23.33,83.05,5.41,mid_season,loamy,10.15,0
58.63,35.63,57.6,3.8,late,clay,14.87,0
72.99,20.37,72.61,4.74,mid_season,sandy,12.01,0
59.74,27.92,44.56,5.7,mid_season,clay,14.37,0
47.06,35.19,59.45,5.29,mid_season,sandy,12.68,0
64.21,21.44,58.26,3.21,development,clay,14.93,0
38.76,35.43,61.72,0,initial,clay,0,0
57.43,26.08,57.84,5.62,development,clay,8.3,0
46.86,18.55,80.13,5.2,late,clay,30.38,0
57.43,29.62,82.68,3.86,late,clay,7.95,0
55.41,18.6,41.49,3.48,mid_season,loamy,8.07,0
51.83,24.97,37.48,2.56,initial,clay,4.11,0
44.23,34.31,38.08,0,development,clay,0,1
60.9,33.8,63.49,6.43,mid_season,sandy,12.41,0
68.2,28.18,41.91,6.87,late,clay,5.32,0
32.09,18.19,48.45,5.89,mid_season,sandy,17.66,0
45.2,21.92,44.0,5.81,late,sandy,9.02,0
33.66,19.63,53.89,6.24,initial,clay,7.17,0
83.3,21.55,61.05,3.48,development,sandy,0.12,0
60.21,30.01,82.56,3.8,mid_season,sandy,12.95,0
23.43,33.92,39.18,2.52,late,loamy,8.67,0
54.78,19.61,39.0,0,initial,sandy,0,0
78.8,35.05,54.5,3.47,initial,clay,5.48,0
52.03,20.9,67.07,4.67,late,clay,15.78,0
64.59,23.92,61.5,4.37,initial,clay,15.95,0
57.25,27.42,57.81,5.05,development,sandy,12.75,0
52.67,29.13,57.55,3.6,development,sandy,8.27,0
58.1,22.69,77.48,4.55,late,sandy,18.75,0
54.5,27.46,41.82,4.11,mid_season,sandy,6.26,0
29.28,24.84,48.56,3.73,mid_season,sandy,13.93,0
51.36,28.77,42.24,3.93,mid_season,clay,5.56,0
53.25,20.67,37.77,2.54,late,loamy,3.09,0
55.48,19.99,76.34,4.47,development,loamy,11.34,0
85.05,26.27,69.32,6.47,mid_season,loamy,12.76,0
52.59,29.94,60.6,3.83,late,loamy,19.27,0
43.41,18.95,35.17,4.21,late,sandy,4.45,0
72.18,18.73,63.5,3.99,development,clay,2.85,0
49.2,26.86,75.54,4.62,development,loamy,10.41,0
35.64,35.52,80.05,5.45,mid_season,loamy,6.33,0
41.23,34.28,81.21,4.43,mid_season,sandy,0.6,0
68.77,25.44,49.18,5.76,development,clay,13.78,0
95,32.02,83.43,3.25,mid_season,clay,4.77,0
66.26,22.48,41.13,4.56,initial,sandy,5.17,0
54.05,18.31,74.48,3.84,development,sandy,15.58,0
52.81,18.53,75.31,3.58,development,clay,17.94,0
71.21,29.03,44.3,3.14,late,loamy,17.08,0
77.28,20.41,35.5,0,initial,sandy,0,0
58.28,19.7,37.25,3.68,development,loamy,8.18,0
89.87,21.75,42.34,4.7,mid_season,sandy,18.48,0
63.05,28.69,56.46,7.27,initial,sandy,0.25,0
68.86,33.33,47.0,4.29,initial,sandy,6.59,0
90.8,34.2,41.61,0,mid_season,sandy,0,0
51.63,19.82,39.44,0,development,loamy,0,1
64.1,26.19,36.42,0,initial,sandy,0,0
45.15,22.94,42.22,1.24,mid_season,clay,16.06,0
72.79,27.05,79.7,4.21,mid_season,loamy,10.16,0
50.21,18.9,68.52,0,initial,loamy,0,0
75.61,18.6,51.08,3.54,mid_season,clay,2.34,0
5,31.68,67.4,2.3,development,sandy,5.13,0
51.2,18.86,41.25,4.89,mid_season,loamy,9.83,0
43.8,21.86,70.82,3.63,initial,clay,2.74,0
29.42,32.82,53.95,6.0,mid_season,clay,10.39,0
36.02,19.63,36.85,2.99,late,loamy,22.68,0
95,29.42,73.67,4.62,development,sandy,15.26,0
70.03,27.25,70.03,3.21,initial,sandy,15.58,0
46.46,27.07,66.77,3.93,development,loamy,17.89,0
71.28,31.86,35.79,4.25,development,clay,16.53,0
14.19,32.4,77.42,3.75,mid_season,sandy,14.22,0
44.84,18.57,71.82,3.37,mid_season,sandy,6.1,0
41.53,20.13,66.59,0,initial,loamy,0,0
43.01,25.53,64.57,0,development,clay,0,1
52.32,18.76,47.08,3.51,late,clay,11.39,0
40.53,19.59,78.19,4.62,mid_season,sandy,9.89,0
92.71,23.58,48.57,5.61,development,clay,2.28,0
40.34,26.23,68.26,0,initial,loamy,0,0
28.29,32.24,82.17,3.25,late,loamy,13.68,0
43.48,33.54,54.82,5.06,mid_season,loamy,16.97,0
63.85,32.22,66.84,3.41,development,sandy,7.49,0
74.04,26.63,72.09,4.53,development,clay,15.19,0
54.22,26.58,82.41,5.16,mid_season,sandy,6.23,0
54.79,35.97,67.83,4.2,late,loamy,8.26,0
43.3,22.8,42.83,3.06,initial,clay,1.1,0
52.04,32.05,83.92,3.11,mid_season,loamy,10.09,0
80.84,23.44,59.83,4.52,initial,loamy,1.15,0
55.76,20.85,81.98,0,development,loamy,0,0
36.76,25.82,47.61,3.65,initial,clay,9.25,0
95,23.73,83.15,3.03,late,clay,8.21,0
15.77,29.05,77.11,0,initial,sandy,0,0
26.56,30.82,64.0,3.42,mid_season,loamy,13.88,0
93.85,27.71,77.24,0,development,sandy,0,0
69.99,35.27,64.28,1.91,late,sandy,6.75,0
32.4,33.66,59.19,5.55,initial,loamy,6.12,0
68.03,31.13,69.31,0,initial,clay,0,0
48.55,32.61,36.21,5.13,development,clay,12.23,0
43.07,20.29,83.67,6.22,late,sandy,12.94,0
76.15,18.21,66.07,0,initial,loamy,0,0
85.78,21.18,54.23,3.26,late,clay,10.13,0
33.24,35.94,65.7,3.37,late,sandy,11.91,0
57.82,21.5,73.0,0,development,clay,0,0
64.46,22.73,69.76,3.99,development,sandy,7.36,0
67.86,31.42,78.36,0,initial,loamy,0,0
15.72,34.81,43.34,3.72,mid_season,loamy,22.05,0
44.86,34.47,52.63,2.97,development,sandy,2.12,0
43.88,24.81,41.63,4.37,late,clay,6.09,0
78.08,24.64,82.42,4.11,mid_season,loamy,13.07,0
68.16,31.63,60.47,3.7,mid_season,clay,16.43,0
24.17,18.7,72.84,5.52,development,sandy,10.54,0
34.6,23.64,65.95,3.33,mid_season,sandy,4.97,0
68.73,20.62,47.86,5.51,initial,loamy,10.88,0
44.08,28.32,37.88,5.54,mid_season,clay,26.27,0
83.31,29.36,57.61,3.6,mid_season,sandy,2.58,0
76.49,24.79,51.03,3.41,initial,clay,21.93,0
37.46,23.78,42.31,3.53,development,sandy,1.99,0
28.37,27.92,37.25,3.83,mid_season,loamy,5.65,0
90.3,25.92,75.09,3.03,mid_season,sandy,2.2,0
39.78,28.68,47.62,0,development,sandy,0,1
83.4,23.26,75.52,3.26,development,clay,14.85,0
25.45,34.29,71.29,3.78,mid_season,sandy,13.08,0
93.62,22.94,50.07,3.25,late,clay,10.65,0
65.57,22.75,65.56,4.0,initial,clay,20.21,0
56.13,27.41,75.58,2.37,development,clay,11.3,0
48.3,34.72,70.17,4.53,mid_season,loamy,11.87,0
71.16,19.77,65.65,4.61,development,sandy,6.22,0
40.55,33.83,38.22,5.29,mid_season,clay,13.5,0
95,32.35,40.96,4.06,development,loamy,15.13,0
36.3,33.85,50.94,4.17,initial,clay,10.11,0
42.6,30.16,76.54,4.04,development,clay,1.01,0
83.11,35.11,63.88,3.86,mid_season,clay,16.27,0
34.04,19.86,58.08,6.09,development,clay,13.66,0
54.38,19.75,58.23,5.68,initial,loamy,9.24,0
36.65,22.13,76.89,3.76,development,clay,13.48,0
46.09,21.93,52.71,5.22,late,sandy,12.41,0
64.98,30.35,40.73,3.25,development,clay,10.97,0
91.26,24.25,39.94,4.76,mid_season,loamy,1.59,0
34.07,33.13,36.43,4.98,late,loamy,8.39,0
49.74,27.18,42.16,3.49,late,sandy,7.18,0
67.22,25.24,57.2,0,initial,loamy,0,0
55.22,19.99,67.42,4.43,development,sandy,2.15,0
55.48,30.09,49.87,4.8,mid_season,clay,6.23,0
67.38,28.12,41.12,6.25,mid_season,loamy,20.98,0
31.81,18.8,70.84,3.9,development,clay,7.22,0
36.95,27.5,43.43,3.84,initial,clay,7.59,0
53.62,28.94,43.89,3.23,development,sandy,12.01,0
71.41,20.67,47.51,5.79,late,sandy,0.14,0
47.01,28.16,55.77,3.58,development,clay,4.15,0
37.52,34.7,83.29,3.4,development,loamy,4.34,0
41.87,23.1,78.68,5.62,mid_season,loamy,15.02,0
95,22.17,69.27,0,development,sandy,0,0
70.74,19.51,48.05,3.14,development,sandy,1.35,0
51.18,31.88,83.19,4.61,mid_season,clay,17.04,0
14.43,34.53,57.82,5.32,mid_season,clay,14.92,0
42.48,21.75,53.23,0,development,sandy,0,1
87.44,32.57,70.05,0,mid_season,sandy,0,0
5,21.25,42.92,4.29,mid_season,clay,8.39,0
95,30.2,75.18,0,initial,clay,0,0
37.59,30.36,36.07,4.16,late,clay,14.06,0
70.42,26.87,39.67,1.52,development,clay,2.15,0
9.49,34.53,84.54,0,mid_season,clay,0,1
32.5,25.77,73.07,5.14,mid_season,sandy,16.98,0
21.36,22.66,64.11,5.23,mid_season,clay,9.92,0
56.65,32.69,48.08,3.92,initial,sandy,1.52,0
50.92,34.1,81.2,0,development,sandy,0,1
41.15,23.39,74.61,4.74,late,clay,20.6,0
15.38,32.94,40.72,5.52,development,loamy,4.38,0
53.05,23.97,49.31,5.3,initial,clay,8.9,0
48.05,22.51,41.9,4.32,mid_season,sandy,13.37,0
60.44,35.72,36.95,0,late,loamy,0,0
65.02,25.53,74.62,3.4,development,sandy,3.58,0
75.89,28.81,40.83,3.48,late,sandy,5.21,0
51.87,21.85,55.1,6.23,mid_season,clay,14.0,0
43.21,25.77,40.31,2.94,late,loamy,4.55,0
58.17,34.64,54.54,0,initial,sandy,0,0
59.29,34.4,68.52,4.07,late,clay,20.79,0
51.34,27.68,45.72,4.06,development,clay,14.53,0
71.63,32.16,68.59,0,initial,loamy,0,0
52.43,34.97,70.45,0,initial,clay,0,0
41.51,18.6,60.32,3.64,late,clay,26.4,0
53.59,26.41,49.92,4.91,mid_season,loamy,0.47,0
48.77,27.56,36.95,4.16,late,loamy,1.65,0
52.0,22.12,43.16,0,development,sandy,0,1
68.09,20.72,83.32,4.54,development,sandy,7.35,0
52.09,31.4,55.44,3.78,late,sandy,4.09,0
72.44,20.79,76.36,4.67,late,loamy,24.88,0
24.08,26.88,80.67,4.58,late,clay,23.01,0
49.56,18.01,77.27,3.52,mid_season,clay,17.85,0
52.6,35.41,78.51,4.64,initial,sandy,0.45,0
63.94,24.64,44.02,3.12,late,loamy,8.32,0
76.26,24.43,44.74,6.44,mid_season,loamy,10.76,0
54.28,24.62,69.57,0,development,sandy,0,1
31.56,35.27,49.79,2.87,late,loamy,16.54,0
56.21,19.6,73.17,1.66,development,loamy,7.57,0
28.59,22.48,37.08,3.8,initial,loamy,13.34,0
49.9,26.22,45.68,2.75,initial,loamy,2.57,0
53.23,33.99,44.38,4.78,mid_season,sandy,17.45,0
29.76,30.07,38.21,0,initial,sandy,0,0
20.09,23.95,75.96,0,initial,clay,0,0
53.83,18.69,80.86,4.99,late,clay,10.24,0
46.97,29.16,70.31,3.75,development,clay,8.6,0
57.69,28.49,75.25,6.49,mid_season,clay,12.17,0
60.16,33.71,79.29,5.0,mid_season,sandy,8.27,0
53.3,28.86,44.7,5.0,mid_season,sandy,12.74,0
51.38,26.97,58.12,3.53,initial,clay,4.02,0
38.55,32.09,46.05,2.87,development,loamy,1.31,0
76.24,32.43,79.89,5.01,late,clay,15.88,0
37.13,21.66,51.62,4.43,mid_season,loamy,11.19,0
39.27,30.72,79.8,5.71,mid_season,sandy,22.84,0
39.91,26.69,83.82,0,initial,sandy,0,0
35.36,24.14,49.01,3.92,development,loamy,25.74,0
79.03,29.4,35.02,0,initial,sandy,0,0
36.8,20.34,39.1,5.25,development,loamy,3.24,0
48.1,21.13,62.5,5.12,mid_season,clay,18.31,0
30.15,32.88,37.37,3.42,development,clay,2.6,0
65.9,31.13,77.59,4.6,late,sandy,20.89,0
63.0,19.79,68.43,1.57,initial,loamy,6.23,0
39.44,27.15,46.49,2.42,mid_season,sandy,2.38,0
47.03,23.12,42.09,5.49,initial,clay,6.63,0
62.65,32.47,78.83,4.14,development,loamy,13.57,0
30.04,35.61,42.27,4.15,late,clay,9.97,0
47.98,30.06,68.3,2.95,initial,sandy,9.74,0
70.76,32.64,49.47,6.06,development,sandy,7.32,0
25.44,29.92,57.33,5.44,initial,loamy,7.49,0
32.92,19.12,69.38,3.82,development,loamy,1.73,0
37.44,22.33,59.25,2.62,mid_season,clay,14.31,0
49.03,25.48,62.43,0,development,sandy,0,1
56.09,27.9,51.44,5.48,development,loamy,9.89,0
33.86,33.44,73.24,4.73,mid_season,clay,12.84,0
27.83,20.42,39.59,0,late,loamy,0,1
51.21,23.43,51.65,3.07,mid_season,loamy,21.05,0
44.82,25.13,43.95,4.1,development,clay,5.88,0
66.62,27.59,38.14,4.64,late,sandy,6.52,0
57.71,32.85,76.56,0,initial,clay,0,0
35.88,33.95,70.41,4.41,mid_season,sandy,6.87,0
36.81,31.84,79.55,0,initial,sandy,0,0
83.16,18.38,82.77,3.9,development,loamy,11.76,0
65.21,34.9,75.81,6.96,development,clay,6.28,0
50.58,30.81,71.23,2.61,late,sandy,12.93,0
40.53,35.02,77.9,0,development,loamy,0,1
56.53,24.6,64.32,3.17,initial,clay,6.71,0
68.68,24.27,55.99,0,mid_season,sandy,0,0
85.14,26.4,50.71,4.44,initial,loamy,2.62,0
51.04,21.99,64.22,2.44,mid_season,sandy,3.35,0
77.22,31.16,64.96,5.79,late,loamy,15.04,0
18.29,35.67,69.97,4.93,initial,clay,2.98,0
52.07,26.77,77.65,4.97,development,sandy,20.96,0
87.99,33.29,61.66,0,late,clay,0,0
44.23,23.76,55.41,3.47,mid_season,loamy,22.12,0
28.63,22.58,48.38,0,initial,sandy,0,0
44.69,24.52,80.45,4.66,late,loamy,7.85,0
73.36,18.54,62.93,3.55,mid_season,loamy,3.22,0
64.9,22.23,83.81,3.45,late,loamy,0.27,0
38.79,27.62,62.36,4.44,mid_season,clay,8.29,0
72.8,21.63,64.01,4.57,initial,clay,4.64,0
54.74,22.84,82.83,4.3,mid_season,clay,5.32,0
53.91,28.74,77.69,4.33,initial,sandy,12.74,0
78.95,26.98,80.77,3.94,development,sandy,12.36,0
32.14,34.85,83.74,3.73,mid_season,clay,5.38,0
29.3,21.29,72.81,2.68,initial,loamy,5.11,0
57.28,30.71,43.71,3.15,development,loamy,12.18,0
71.62,30.4,62.12,4.83,late,sandy,17.7,0
58.93,30.71,75.28,0,mid_season,sandy,0,1
78.06,34.56,81.46,4.78,late,sandy,14.34,0
54.44,29.57,82.58,3.94,initial,sandy,1.12,0
58.33,29.17,74.5,0,development,sandy,0,1
69.5,23.58,51.22,3.17,late,loamy,7.24,0
58.43,19.52,66.14,3.19,initial,loamy,2.04,0
63.07,23.74,47.41,0,initial,loamy,0,0
66.33,22.14,81.11,5.22,late,sandy,6.19,0
31.0,33.56,44.72,4.39,development,loamy,6.24,0
51.84,28.99,44.94,4.89,development,sandy,25.61,0
36.58,20.91,67.5,2.35,late,clay,8.29,0
84.05,21.53,58.31,2.66,initial,sandy,1.8,0
58.92,35.98,68.28,2.6,late,loamy,3.22,0
5,33.84,48.88,4.67,late,loamy,9.61,0
74.51,32.35,79.57,6.07,mid_season,loamy,6.3,0
57.92,18.41,47.33,0,development,sandy,0,1
65.78,18.11,76.87,3.75,mid_season,sandy,7.08,0
23.8,35.08,79.92,3.78,late,clay,5.89,0
45.6,26.22,40.25,5.18,initial,sandy,13.07,0
83.82,33.91,57.5,0,initial,clay,0,0
58.45,26.52,40.41,6.67,mid_season,loamy,24.24,0
72.07,21.76,55.59,3.88,late,loamy,7.75,0
53.57,20.59,55.25,4.45,development,clay,0.5,0
46.76,19.08,48.93,0,late,sandy,0,1
56.5,32.68,70.08,2.85,development,loamy,4.61,0
13.85,28.81,42.74,4.27,mid_season,loamy,4.99,0
68.5,30.92,69.35,4.61,initial,loamy,2.79,0
83.73,35.43,43.35,3.75,mid_season,sandy,15.0,0
92.64,32.82,72.81,4.58,mid_season,loamy,2.86,0
38.16,32.29,65.15,3.28,late,loamy,13.82,0
59.28,19.33,56.9,4.17,development,clay,20.09,0
95,31.74,35.6,4.32,development,clay,15.84,0
46.79,35.48,41.33,3.23,mid_season,sandy,0.02,0
48.86,27.53,70.01,2.32,development,loamy,5.5,0
42.65,30.88,50.57,4.98,late,clay,15.34,0
60.27,18.35,67.19,4.3,late,sandy,3.71,0
37.98,20.37,63.98,3.04,late,sandy,6.51,0
64.66,34.03,49.94,4.03,development,sandy,3.03,0
35.2,28.59,39.91,3.54,development,loamy,14.72,0
63.66,29.45,60.17,0,late,sandy,0,0
30.09,22.87,78.09,2.98,mid_season,sandy,13.98,0
57.38,25.66,70.42,4.86,late,sandy,1.8,0
74.76,21.43,57.35,4.75,development,sandy,3.79,0
31.9,31.6,65.41,2.98,mid_season,sandy,14.27,0
89.08,22.76,60.85,4.08,mid_season,clay,17.53,0
28.81,20.94,80.95,2.61,development,sandy,4.13,0
39.73,19.89,39.55,4.19,development,sandy,1.11,0
37.59,23.0,51.57,0,late,clay,0,1
55.85,25.08,62.06,3.6,late,clay,10.78,0
71.63,28.94,47.84,3.38,initial,clay,5.72,0
52.28,31.05,66.74,3.23,mid_season,loamy,12.02,0
24.46,30.78,35.79,4.85,mid_season,loamy,13.7,0
46.63,32.84,58.6,4.52,late,clay,17.39,0
44.15,25.74,82.8,4.53,mid_season,clay,18.46,0
43.37,24.52,64.58,5.14,mid_season,clay,15.95,0
20.51,27.24,79.79,4.22,development,loamy,9.82,0
74.13,29.89,81.65,4.55,initial,sandy,3.51,0
65.46,33.82,81.92,4.88,late,loamy,26.83,0
62.14,32.22,70.66,5.05,initial,loamy,1.54,0
55.83,25.37,37.95,3.89,mid_season,loamy,4.87,0
57.92,21.64,35.78,1.06,mid_season,clay,7.48,0
56.6,35.24,59.31,3.36,development,clay,7.77,0
48.77,33.77,43.05,4.31,late,clay,19.44,0
56.06,30.61,65.86,0,mid_season,sandy,0,1
95,18.07,65.62,4.07,late,clay,14.47,0
85.45,23.99,66.6,4.53,mid_season,loamy,11.18,0
64.75,32.68,73.3,4.66,mid_season,sandy,8.77,0
40.59,32.1,69.53,2.32,late,sandy,20.77,0
30.46,32.18,48.76,4.55,initial,sandy,4.17,0
86.12,34.64,77.54,3.35,late,clay,29.4,0
68.79,28.36,69.12,2.92,mid_season,sandy,9.64,0
65.82,27.45,56.36,4.23,late,loamy,11.59,0
50.19,19.14,78.15,3.69,initial,sandy,6.55,0
89.92,24.77,80.47,5.74,late,clay,7.21,0
25.66,22.77,50.86,4.09,development,sandy,12.73,0
50.37,21.38,67.29,4.83,initial,clay,2.53,0
46.94,30.24,68.4,3.52,mid_season,loamy,23.68,0
62.79,20.84,42.63,3.99,mid_season,clay,13.81,0
54.06,20.47,55.69,0,late,sandy,0,1
46.19,25.02,66.74,4.22,late,sandy,4.47,0
27.87,33.94,61.23,2.75,mid_season,clay,19.72,0
45.0,29.43,63.07,3.67,late,clay,20.08,0
79.25,33.62,46.94,5.04,late,clay,3.96,0
39.93,28.36,61.86,0,development,loamy,0,1
63.14,29.87,55.41,3.64,mid_season,clay,18.28,0
64.5,22.89,66.64,4.32,mid_season,clay,9.07,0
57.45,20.2,45.44,4.3,development,loamy,7.4,0
40.97,27.23,67.74,0,initial,loamy,0,0
39.62,35.45,52.19,0,initial,sandy,0,0
65.16,31.26,65.94,4.81,late,clay,20.15,0
49.82,20.85,64.65,5.9,late,sandy,5.66,0
79.74,25.47,37.28,0,late,sandy,0,0
45.72,31.46,47.22,4.83,development,sandy,12.74,0
95,24.67,61.77,5.81,mid_season,loamy,17.62,0
34.43,23.13,40.15,0,initial,loamy,0,0
50.18,20.49,65.0,4.29,mid_season,loamy,4.18,0
53.68,23.36,43.99,5.22,late,clay,4.09,0
65.17,18.97,59.28,2.3,mid_season,sandy,1.48,0
51.71,22.83,41.31,2.13,development,loamy,2.22,0
20.7,20.21,44.42,5.27,mid_season,loamy,10.81,0
32.9,26.22,56.11,4.85,development,sandy,12.81,0
51.75,35.95,42.55,4.84,development,loamy,13.53,0
40.91,31.03,51.07,3.81,initial,sandy,9.7,0
38.89,26.44,79.96,3.46,development,clay,1.02,0
46.43,30.68,71.72,3.86,development,loamy,4.14,0
54.5,28.42,57.54,3.3,development,loamy,17.09,0
46.3,35.38,64.28,0,initial,loamy,0,0
71.7,34.34,66.83,0,development,sandy,0,0
42.83,29.6,69.76,6.42,development,clay,8.47,0
56.33,21.55,43.47,2.91,mid_season,clay,5.18,0
76.0,34.83,58.73,4.45,development,sandy,1.63,0
62.73,22.14,35.57,0,initial,loamy,0,0
76.99,29.9,37.94,4.85,initial,loamy,2.33,0
45.91,19.69,64.25,2.09,mid_season,clay,20.01,0
51.87,34.84,70.0,0,development,sandy,0,1
95,20.82,62.86,5.52,initial,clay,8.2,0
94.17,30.92,56.36,3.8,development,clay,9.49,0
54.31,21.71,49.39,0,mid_season,clay,0,0
57.31,28.79,66.91,3.48,initial,sandy,11.21,0
22.98,29.13,66.61,3.15,development,sandy,8.52,0
76.44,19.58,80.51,3.63,late,loamy,19.85,0
51.43,25.7,84.86,3.3,late,sandy,7.36,0
51.22,20.81,69.32,4.29,late,loamy,16.9,0
60.16,33.69,38.47,8.37,mid_season,loamy,23.28,0
30.5,33.07,66.47,3.76,mid_season,clay,2.78,0
49.17,31.47,79.73,4.47,initial,sandy,10.69,0
83.11,26.36,52.77,3.29,initial,sandy,7.16,0
80.57,19.17,71.05,3.32,initial,sandy,1.26,0
47.26,34.36,44.56,3.04,mid_season,loamy,9.94,0
48.91,31.02,73.44,3.27,late,clay,7.13,0
62.59,24.18,81.61,4.25,mid_season,loamy,14.13,0
35.62,30.25,64.19,0,initial,loamy,0,0
76.09,30.99,67.97,5.8,late,loamy,6.74,0
23.07,32.24,50.65,4.44,mid_season,loamy,18.02,0
19.15,24.95,38.12,5.17,mid_season,clay,17.65,0
21.65,22.83,51.48,5.44,mid_season,clay,11.33,0
73.01,31.93,51.97,0,late,clay,0,0
62.91,23.84,60.58,3.74,late,clay,7.19,0
62.83,34.98,68.06,2.25,mid_season,sandy,1.54,0
69.23,20.15,83.21,5.18,development,sandy,5.15,0
35.46,33.1,37.24,0,initial,loamy,0,0
13.98,20.66,42.63,4.11,mid_season,clay,14.96,0
78.68,26.18,59.03,3.76,development,sandy,12.72,0
61.07,28.48,69.28,4.64,development,sandy,11.92,0
65.13,30.5,81.21,4.74,initial,loamy,1.52,0
23.09,31.34,67.0,4.26,late,clay,18.33,0
28.68,24.45,79.74,4.85,initial,loamy,7.22,0
46.51,23.26,74.73,0,development,clay,0,0
46.69,22.29,72.25,1.94,development,sandy,5.01,0
44.58,27.71,77.36,5.09,mid_season,clay,4.15,0
40.93,19.55,38.08,0,development,clay,0,1
69.87,25.02,36.45,4.3,late,sandy,12.11,0
56.96,23.25,83.37,3.33,late,clay,13.31,0
55.21,19.23,56.14,4.24,mid_season,sandy,7.13,0
80.18,32.91,54.55,4.48,late,sandy,10.58,0
31.82,30.43,47.47,3.88,initial,clay,1.16,0
54.99,35.19,38.55,3.4,development,clay,2.13,0
56.4,31.92,79.41,3.49,initial,clay,0.94,0
58.95,19.69,82.72,0,late,clay,0,0
55.54,22.18,62.53,2.49,initial,sandy,7.79,0
24.89,27.95,67.36,4.72,mid_season,loamy,9.05,0
52.79,26.11,37.21,3.61,late,loamy,4.92,0
19.48,22.73,72.12,3.95,development,sandy,2.92,0
59.78,21.3,70.49,3.77,mid_season,loamy,14.88,0
81.31,24.65,38.84,0,initial,clay,0,0
77.12,19.73,59.39,5.15,late,sandy,2.19,0
52.62,30.15,42.33,4.54,late,sandy,13.88,0
29.24,34.42,71.45,4.57,development,clay,9.46,0
70.39,35.31,82.44,0,development,clay,0,0
60.63,24.92,38.22,4.94,initial,loamy,21.6,0
29.67,20.16,83.22,3.19,mid_season,loamy,8.45,0
33.79,28.61,83.62,4.13,initial,loamy,13.53,0
52.56,29.63,77.11,2.71,development,loamy,7.95,0
46.07,32.11,49.99,0,development,clay,0,0
61.9,19.69,53.38,0,late,sandy,0,0
57.92,18.06,38.28,3.74,development,clay,6.61,0
24.55,18.46,83.31,2.45,mid_season,clay,19.02,0
34.25,29.46,37.46,5.44,initial,loamy,4.98,0
71.78,18.55,66.34,2.86,initial,loamy,4.0,0
35.48,21.4,47.57,0,mid_season,sandy,0,1
10.57,19.92,40.66,4.83,initial,clay,6.48,0
47.99,22.7,78.65,0,development,sandy,0,1
56.48,33.37,51.72,5.48,late,loamy,23.66,0
18.68,29.32,54.81,3.49,development,sandy,6.3,0
44.21,24.55,71.6,5.19,initial,clay,14.57,0
46.66,22.18,63.14,6.33,late,sandy,8.79,0
66.83,21.8,84.09,0,initial,clay,0,0
43.44,21.2,65.48,5.01,mid_season,loamy,9.68,0
81.94,21.64,58.21,2.88,mid_season,loamy,15.08,0
64.49,22.94,50.21,2.23,mid_season,sandy,4.16,0
39.65,32.48,61.69,3.93,late,clay,0.5,0
60.86,30.57,61.49,3.6,late,clay,8.41,0
33.08,24.13,69.95,5.69,initial,clay,2.64,0
36.39,21.79,46.43,5.04,late,loamy,13.52,0
40.14,24.69,38.61,4.55,mid_season,sandy,7.62,0
36.31,28.22,40.6,3.87,mid_season,sandy,10.82,0
15.13,20.73,51.65,4.08,development,loamy,2.79,0
42.87,35.67,36.53,2.79,initial,sandy,8.33,0
59.9,31.35,42.47,4.11,development,loamy,6.51,0
74.4,23.66,43.74,3.69,late,clay,13.47,0
55.33,18.56,49.11,4.08,initial,sandy,15.67,0
77.56,22.45,61.57,4.33,initial,loamy,11.5,0
44.69,32.5,63.23,0,mid_season,loamy,0,1
56.69,30.85,72.56,6.94,development,sandy,3.39,0
57.43,30.81,55.02,0,initial,clay,0,0
46.81,18.38,80.4,4.79,initial,sandy,6.5,0
52.93,31.16,69.99,0,initial,loamy,0,0
56.66,32.27,56.61,2.45,initial,loamy,0.91,0
49.6,29.61,84.55,4.35,mid_season,loamy,12.76,0
57.99,28.23,36.48,3.82,late,clay,6.61,0
46.66,27.4,81.39,3.8,initial,sandy,6.79,0
38.9,35.56,57.48,5.12,late,sandy,14.2,0
55.8,29.42,58.29,3.54,mid_season,clay,21.88,0
59.88,18.52,58.7,6.05,development,loamy,7.92,0
42.2,27.63,43.48,5.6,development,loamy,10.76,0
31.72,30.62,74.66,3.96,development,loamy,3.1,0
50.8,22.34,70.5,4.22,late,loamy,4.2,0
46.78,25.06,38.36,6.1,late,clay,14.47,0
51.9,33.87,69.54,3.41,development,loamy,6.22,0
41.87,26.44,70.25,3.01,late,loamy,13.57,0
40.48,28.55,53.93,5.33,late,sandy,2.52,0
32.9,20.41,65.42,4.65,development,loamy,5.6,0
28.09,24.37,39.58,0,mid_season,sandy,0,1
54.42,19.89,44.1,4.58,initial,clay,1.56,0
52.56,34.74,81.37,3.08,mid_season,sandy,7.2,0
56.71,22.6,49.86,1.14,initial,clay,3.74,0
83.78,29.33,56.68,6.02,mid_season,clay,14.17,0
38.85,32.11,42.6,3.21,late,clay,7.01,0
66.6,29.25,69.54,5.11,initial,sandy,2.7,0
17.15,19.79,65.92,4.69,late,loamy,13.34,0
37.16,21.63,47.51,5.48,initial,sandy,1.76,0
52.51,34.88,35.06,1.92,mid_season,sandy,11.46,0
56.51,35.8,78.62,4.33,development,clay,0.29,0
68.32,23.54,62.34,0,initial,sandy,0,0
35.18,33.21,65.37,3.32,mid_season,loamy,13.29,0
92.19,26.42,46.21,3.85,late,sandy,13.67,0
38.28,33.56,35.59,4.38,late,clay,17.69,0
50.83,24.4,36.67,3.63,initial,clay,2.57,0
47.66,20.4,52.28,2.88,development,sandy,7.84,0
30.12,35.91,52.78,4.25,development,loamy,6.06,0
35.16,28.09,69.21,0,initial,loamy,0,0
91.62,30.67,73.8,4.17,late,sandy,0.47,0
31.12,33.56,63.13,4.35,development,loamy,8.36,0
29.9,20.8,71.25,2.64,development,loamy,11.64,0
47.49,23.08,83.03,0,mid_season,sandy,0,1
41.43,33.35,49.87,6.92,mid_season,sandy,6.11,0
26.45,31.31,68.36,3.05,mid_season,sandy,12.56,0
71.08,21.72,61.21,0,late,sandy,0,0
65.82,30.09,82.8,2.61,development,loamy,1.83,0
82.59,34.85,40.31,3.66,initial,clay,9.15,0
41.5,26.45,70.43,4.28,development,loamy,3.0,0
25.73,18.83,40.51,4.64,mid_season,clay,20.3,0
38.69,22.45,48.81,2.3,mid_season,loamy,12.23,0
55.67,25.58,69.86,4.0,development,loamy,6.9,0
37.21,25.23,52.41,0,initial,loamy,0,0
67.08,20.73,68.45,4.86,mid_season,sandy,7.97,0
42.74,26.97,72.37,2.31,development,loamy,2.04,0
69.97,32.45,65.44,3.77,initial,loamy,1.15,0
26.43,27.58,39.06,0,development,sandy,0,1
73.91,32.83,45.29,2.51,development,sandy,15.39,0
49.18,35.55,67.45,5.06,development,clay,13.31,0
88.24,26.17,69.55,3.66,late,loamy,9.87,0
66.81,35.88,71.57,3.52,initial,clay,5.37,0
47.15,23.68,47.06,2.8,mid_season,clay,11.09,0
54.13,21.34,71.15,5.73,late,loamy,8.59,0
53.54,20.74,39.37,4.74,mid_season,loamy,17.36,0
31.91,30.38,51.71,0,development,sandy,0,1
61.28,20.1,62.14,1.85,mid_season,clay,18.78,0
87.98,29.92,37.12,4.49,late,clay,1.82,0
68.58,35.8,69.43,3.0,initial,loamy,4.24,0
54.51,31.07,37.54,3.61,late,sandy,6.86,0
34.28,33.48,79.63,4.12,mid_season,loamy,27.4,0
81.29,19.79,36.96,4.01,late,loamy,9.41,0
74.11,24.54,75.15,4.39,mid_season,sandy,10.76,0
50.87,27.65,36.5,5.75,development,loamy,19.01,0
90.19,35.0,43.94,0,initial,sandy,0,0
87.49,23.99,71.25,4.24,development,clay,7.48,0
89.83,31.96,64.7,4.17,development,sandy,0.31,0
52.78,29.28,38.07,4.66,late,clay,4.87,0
60.76,27.92,41.37,5.2,late,loamy,22.54,0
48.32,20.59,50.55,6.86,development,loamy,5.7,0
53.12,21.12,35.9,3.79,mid_season,clay,5.44,0
39.3,33.37,83.08,3.27,mid_season,clay,11.06,0
76.55,35.88,53.01,4.49,mid_season,loamy,15.19,0
74.24,26.58,62.12,3.35,mid_season,clay,3.7,0
66.57,20.69,64.82,4.03,late,clay,6.58,0
73.62,19.05,65.9,1.04,late,clay,4.29,0
58.14,23.84,38.27,5.24,initial,clay,7.28,0
65.56,24.09,81.76,4.08,initial,sandy,8.2,0
83.9,23.59,57.2,4.88,mid_season,loamy,12.26,0
61.5,22.19,71.22,0,initial,clay,0,0
66.19,35.2,64.17,4.32,mid_season,clay,5.32,0
58.88,23.0,50.14,2.63,mid_season,clay,12.33,0
72.63,33.4,36.48,0,initial,clay,0,0
49.84,22.15,35.03,3.5,development,clay,10.07,0
67.6,21.73,81.08,4.06,mid_season,loamy,7.96,0
68.64,21.4,73.4,5.21,initial,loamy,9.66,0
38.08,27.63,69.87,0,development,loamy,0,1
62.83,19.66,38.99,5.56,initial,sandy,6.44,0
57.6,29.29,68.74,2.66,mid_season,clay,6.18,0
58.07,25.61,61.17,3.05,mid_season,sandy,18.09,0
60.98,22.65,50.82,5.74,development,sandy,7.74,0
30.68,27.34,76.07,4.63,mid_season,clay,22.37,0
14.13,24.66,51.52,3.9,late,loamy,13.27,0
54.09,32.1,75.44,0,development,clay,0,0
53.06,31.35,66.95,2.91,late,sandy,6.58,0
45.47,18.9,83.49,2.4,initial,loamy,9.17,0
54.72,23.33,39.4,0,initial,clay,0,0
81.07,20.91,75.65,4.99,development,sandy,12.58,0
40.13,34.14,40.4,4.69,initial,loamy,1.29,0
92.3,24.28,84.44,3.85,late,loamy,12.92,0
47.07,26.62,71.21,3.86,mid_season,loamy,11.35,0
88.23,27.58,50.84,4.06,late,clay,18.49,0
82.35,35.83,77.57,2.82,mid_season,clay,20.09,0
50.84,18.6,52.9,2.08,development,clay,16.63,0
67.15,30.45,43.54,5.21,late,sandy,13.95,0
44.61,33.86,55.21,0,development,sandy,0,1
62.25,24.53,63.57,0,initial,sandy,0,0
70.78,26.75,41.92,3.51,late,loamy,7.9,0
62.75,30.54,81.51,3.01,late,loamy,11.23,0
83.45,32.17,40.98,4.6,late,sandy,8.19,0
52.9,34.29,74.32,4.17,initial,loamy,15.12,0
57.87,28.57,77.71,3.21,late,clay,12.72,0
72.54,20.79,63.25,0,initial,sandy,0,0
72.43,35.84,46.74,3.64,initial,loamy,6.02,0
70.25,23.24,38.01,3.82,mid_season,loamy,4.8,0
40.12,30.52,60.9,4.93,mid_season,clay,15.56,0
58.03,19.96,78.06,2.18,mid_season,clay,23.32,0
35.46,28.51,45.9,3.24,development,sandy,6.49,0
49.17,29.07,36.11,4.97,mid_season,sandy,5.53,0
57.12,24.69,67.47,3.98,late,sandy,4.7,0
53.03,21.65,78.1,4.82,initial,sandy,11.94,0
51.62,32.0,66.44,4.63,mid_season,clay,13.13,0
51.12,33.85,39.72,6.1,development,clay,0.92,0
46.74,28.69,39.23,6.15,initial,sandy,9.28,0
63.32,27.63,76.87,4.15,development,loamy,5.64,0
54.21,33.97,83.88,4.73,initial,clay,3.68,0
77.15,30.67,67.43,0,initial,loamy,0,0
61.6,26.39,57.84,3.5,mid_season,sandy,1.69,0
57.25,35.22,61.66,6.27,initial,clay,10.59,0
52.84,30.11,78.76,4.5,late,sandy,16.47,0
78.77,22.28,51.0,5.54,late,clay,0.02,0
43.4,23.82,79.43,3.92,mid_season,clay,1.02,0
73.28,31.62,78.66,3.88,mid_season,sandy,7.54,0
37.6,26.18,42.19,1.62,mid_season,loamy,6.94,0
68.79,28.33,39.91,6.06,initial,sandy,4.54,0
88.93,26.37,62.89,4.14,development,sandy,10.68,0
75.44,26.6,37.01,4.63,late,clay,8.63,0
67.12,26.8,75.86,0,late,loamy,0,0
53.38,32.76,40.38,4.65,development,sandy,8.97,0
14.34,26.27,50.52,0,initial,clay,0,0
35.6,28.36,81.3,4.63,mid_season,clay,21.25,0
46.08,20.13,64.4,4.29,mid_season,loamy,6.71,0
58.48,18.39,80.12,4.2,initial,clay,8.19,0
45.5,20.55,49.2,5.19,mid_season,clay,17.55,0
73.62,28.15,78.54,2.86,mid_season,clay,11.34,0
70.54,24.47,78.02,0,late,sandy,0,0
5,26.23,57.08,4.08,development,sandy,12.2,0
34.98,23.01,43.98,4.18,initial,clay,5.33,0
26.83,21.1,37.38,0,initial,sandy,0,0
69.72,25.65,41.54,3.42,late,loamy,4.76,0
33.99,32.33,66.47,3.74,initial,loamy,16.19,0
63.89,29.7,48.68,5.21,late,sandy,8.68,0
81.05,21.48,77.41,5.12,late,clay,16.68,0
67.98,24.94,82.83,4.94,mid_season,clay,11.03,0
5.99,29.28,45.04,2.7,late,loamy,2.35,0
36.92,19.96,36.52,3.99,late,sandy,8.97,0
63.65,30.53,49.24,6.56,late,loamy,4.22,0
47.88,33.25,68.49,3.75,late,loamy,7.17,0
17.23,26.07,36.71,6.4,mid_season,sandy,14.39,0
64.0,25.88,41.44,4.06,development,clay,3.32,0
52.64,20.35,46.64,4.67,initial,loamy,6.38,0
59.01,24.46,57.42,5.68,mid_season,loamy,8.15,0
64.2,28.94,35.11,4.83,late,loamy,5.27,0
53.67,27.06,67.6,3.78,late,sandy,18.78,0
72.31,27.02,84.23,4.58,late,clay,3.82,0
33.7,35.08,52.56,0,mid_season,clay,0,1
45.8,31.27,44.23,4.01,late,loamy,4.96,0
28.34,34.97,38.97,2.72,development,sandy,9.64,0
50.56,30.84,61.46,4.19,mid_season,clay,11.03,0
77.86,34.34,47.39,3.94,initial,clay,11.01,0
64.1,22.57,42.01,4.73,late,sandy,2.79,0
90.8,21.61,46.89,0,development,sandy,0,0
52.28,34.46,79.01,3.6,development,clay,12.33,0
48.64,24.19,75.27,0,initial,sandy,0,0
60.25,19.8,56.84,4.02,development,clay,2.26,0
55.62,32.91,37.7,5.55,development,clay,8.34,0
59.63,30.16,36.72,3.72,late,loamy,8.96,0
74.0,32.1,51.72,2.03,development,loamy,1.99,0
63.08,20.86,82.6,0,mid_season,loamy,0,0
69.22,19.69,68.2,4.94,initial,loamy,5.4,0
88.94,33.12,74.83,4.41,late,clay,2.84,0
78.19,20.15,69.66,3.97,mid_season,loamy,14.0,0
11.72,27.79,78.78,5.7,development,loamy,12.97,0
39.21,20.83,38.23,4.43,initial,clay,9.52,0
41.91,23.57,46.76,2.62,mid_season,loamy,19.37,0
5,26.77,48.21,0,initial,loamy,0,0
62.3,26.76,77.59,3.66,mid_season,loamy,14.94,0
25.62,34.94,47.89,0,development,sandy,0,1
70.71,26.39,41.84,5.43,initial,clay,5.63,0
57.68,18.18,43.85,0,development,loamy,0,0
31.09,26.01,40.63,0,development,sandy,0,1
42.24,26.44,77.39,5.35,initial,sandy,12.29,0
66.79,22.52,69.56,4.81,late,sandy,7.35,0
62.01,29.01,41.66,3.14,development,clay,7.07,0
73.45,18.93,82.07,6.92,development,clay,2.66,0
56.72,29.39,55.79,3.85,development,sandy,10.31,0
34.59,31.81,47.85,2.71,mid_season,sandy,12.99,0
82.51,35.05,76.69,4.8,development,loamy,2.67,0
41.63,28.7,58.71,6.56,initial,clay,2.42,0
72.37,28.12,42.91,0,initial,sandy,0,0
41.48,24.89,47.83,4.2,late,loamy,15.98,0
45.62,25.32,69.4,4.81,development,clay,11.11,0
68.83,18.27,50.93,4.07,late,clay,13.55,0
61.84,27.68,75.67,2.1,mid_season,sandy,2.39,0
52.72,29.56,69.11,2.05,initial,sandy,3.62,0
56.0,21.24,45.79,3.91,mid_season,loamy,13.47,0
56.36,33.24,82.6,4.76,mid_season,sandy,9.24,0
31.43,18.18,76.84,2.11,initial,loamy,3.16,0
32.29,24.91,62.8,4.65,initial,clay,8.95,0
26.43,35.66,71.23,5.19,development,sandy,4.74,0
69.92,27.94,54.8,5.48,initial,loamy,10.05,0
28.11,26.1,61.47,3.68,mid_season,clay,5.87,0
61.11,29.0,62.1,3.54,initial,loamy,11.03,0
62.26,27.81,72.9,4.81,mid_season,clay,29.59,0
79.19,32.79,54.56,4.68,mid_season,sandy,0.05,0
49.34,28.32,78.68,7.11,late,loamy,6.73,0
84.14,35.13,47.12,3.42,development,sandy,13.96,0
52.38,24.49,41.46,4.73,mid_season,clay,7.88,0
66.49,24.75,47.23,2.61,late,clay,23.24,0
42.47,25.96,63.95,5.28,development,loamy,16.54,0
82.68,31.22,43.46,3.33,development,clay,12.79,0
74.81,30.85,82.58,2.6,mid_season,loamy,16.88,0
55.15,31.41,72.02,2.59,mid_season,sandy,18.61,0
39.02,21.99,67.52,2.73,late,clay,13.44,0
56.71,25.01,77.34,4.88,development,loamy,5.35,0
60.02,23.0,57.99,4.46,mid_season,sandy,9.25,0
62.62,35.44,37.5,2.61,late,sandy,8.97,0
43.98,25.14,48.22,4.15,mid_season,sandy,18.89,0
37.98,32.1,84.35,3.14,development,loamy,2.64,0
21.55,24.78,50.96,3.75,late,clay,22.47,0
79.87,28.77,49.72,3.44,late,loamy,8.75,0
38.7,28.96,53.51,4.02,development,sandy,6.75,0
52.14,33.89,59.59,3.14,initial,sandy,5.11,0
48.82,20.08,37.95,4.05,late,clay,7.32,0
63.85,28.96,47.3,3.97,initial,clay,5.03,0
35.33,23.24,72.27,4.13,mid_season,loamy,18.27,0
83.55,32.26,74.24,4.83,mid_season,sandy,0.07,0
55.48,30.18,81.57,2.38,late,sandy,4.0,0
79.34,23.32,81.52,4.98,mid_season,sandy,11.47,0
36.15,34.11,40.04,2.66,initial,sandy,3.82,0
59.98,29.18,39.07,0,development,loamy,0,0
85.56,20.52,37.55,0,development,sandy,0,0
65.4,22.68,41.75,3.81,development,clay,23.98,0
77.31,29.32,79.73,3.87,mid_season,sandy,17.48,0
67.78,31.16,54.07,3.61,initial,sandy,11.23,0
43.35,26.94,60.01,2.79,mid_season,clay,14.71,0
40.81,35.25,84.6,4.35,late,loamy,5.01,0
78.83,30.63,54.96,0,mid_season,sandy,0,0
23.89,23.83,36.82,4.31,mid_season,sandy,7.79,0
36.47,32.48,64.94,3.32,mid_season,clay,19.25,0
51.61,30.71,52.97,0,development,loamy,0,1
41.11,24.64,67.76,4.13,mid_season,clay,15.47,0
54.37,28.21,36.01,4.2,initial,loamy,7.6,0
32.01,26.65,72.76,5.07,initial,loamy,1.64,0
41.89,19.58,51.66,3.59,initial,sandy,4.18,0
51.15,27.95,56.93,3.86,late,clay,6.7,0
76.15,23.83,75.54,3.66,initial,sandy,0.27,0
15.83,27.01,81.79,5.55,development,loamy,8.69,0
74.61,20.21,76.7,4.02,late,sandy,17.94,0
35.09,33.86,59.77,2.64,initial,sandy,2.82,0
83.83,27.7,42.52,4.23,initial,loamy,0.83,0
46.16,20.93,58.06,6.1,initial,loamy,8.48,0
79.52,23.63,67.95,3.83,mid_season,clay,4.8,0
83.63,24.08,42.04,2.31,development,clay,9.96,0
47.57,21.51,76.39,3.57,development,clay,20.59,0
48.04,25.3,54.94,3.96,mid_season,clay,18.92,0
57.25,21.43,78.94,4.1,initial,clay,7.81,0
51.61,35.78,51.32,3.65,initial,loamy,4.78,0
56.77,29.29,80.54,4.11,development,loamy,8.0,0
49.55,30.86,43.97,3.07,initial,loamy,6.59,0
95,18.38,77.34,4.06,development,clay,7.96,0
64.44,29.94,76.71,0,initial,sandy,0,0
48.59,27.87,50.9,2.69,mid_season,sandy,11.25,0
49.8,20.06,72.03,4.6,late,loamy,4.68,0
50.67,28.35,74.34,3.87,initial,sandy,0.02,0
72.86,18.56,74.22,2.9,development,clay,28.61,0
40.99,28.18,80.83,4.4,mid_season,sandy,14.56,0
49.85,19.77,50.13,5.29,mid_season,sandy,7.83,0
59.63,26.96,83.36,3.2,mid_season,clay,18.73,0
60.65,22.59,80.71,3.02,mid_season,loamy,24.9,0
21.2,21.69,69.52,5.04,late,sandy,30.85,0
60.77,22.9,72.08,4.32,late,loamy,14.1,0
38.18,19.06,62.79,3.74,mid_season,sandy,8.68,0
46.88,33.27,74.55,6.72,mid_season,sandy,5.26,0
54.17,34.65,70.96,4.8,initial,loamy,1.3,0
57.17,30.29,49.23,3.26,initial,clay,7.59,0
58.45,30.95,56.14,3.44,initial,sandy,17.44,0
44.86,24.4,53.54,1.74,mid_season,loamy,8.42,0
39.0,19.67,72.38,3.06,mid_season,loamy,18.34,0
70.45,34.4,50.64,3.43,initial,clay,1.1,0
61.65,35.06,76.82,0,development,sandy,0,0
35.24,30.55,37.61,4.33,development,clay,0.95,0
72.4,24.78,72.58,2.6,mid_season,sandy,19.85,0
52.12,28.28,44.71,5.0,development,sandy,5.08,0
33.87,32.08,71.07,2.77,development,clay,11.95,0
52.43,28.08,48.07,4.26,late,sandy,11.85,0
44.22,26.87,51.97,3.51,initial,sandy,14.25,0
43.66,30.13,76.89,3.78,mid_season,clay,11.19,0
63.77,32.96,54.34,5.33,development,loamy,8.72,0
65.14,29.97,71.19,4.46,mid_season,loamy,15.35,0
47.0,18.93,36.49,2.75,development,loamy,10.18,0
43.21,21.78,61.55,2.77,late,sandy,11.09,0
48.92,32.34,81.07,3.25,development,clay,9.41,0
43.99,34.27,80.58,6.11,mid_season,clay,6.34,0
16.36,22.15,77.0,4.09,mid_season,loamy,19.63,0
50.48,28.26,41.93,0,development,sandy,0,1
49.56,20.32,64.49,4.55,development,loamy,0.2,0
60.26,20.21,59.45,0,development,sandy,0,0
66.32,35.66,37.34,2.46,development,loamy,2.22,0
35.53,35.81,76.39,3.44,development,clay,10.5,0
74.5,31.62,69.51,0,initial,sandy,0,0
31.54,31.87,80.85,0,development,clay,0,1
66.61,22.4,48.1,2.31,mid_season,sandy,8.04,0
36.92,31.82,73.35,5.17,development,loamy,2.69,0
50.47,33.67,71.66,2.94,development,loamy,9.05,0
55.37,18.78,48.93,0,initial,sandy,0,0
62.52,30.63,44.03,5.41,initial,sandy,1.01,0
54.1,34.44,75.59,5.02,initial,loamy,2.22,0
63.57,18.46,41.39,3.58,late,loamy,19.82,0
59.97,25.83,39.72,0,initial,clay,0,0
37.1,26.26,70.78,4.12,late,loamy,7.68,0
57.06,34.4,60.87,4.48,late,clay,6.78,0
78.71,31.3,48.89,4.54,mid_season,sandy,7.85,0
63.43,23.15,50.59,3.88,development,clay,5.61,0
66.23,30.63,72.27,4.94,mid_season,loamy,17.65,0
12.05,33.51,48.52,2.69,development,sandy,23.58,0
81.18,22.2,49.75,4.72,late,loamy,11.29,0
49.11,34.78,60.69,4.25,development,sandy,9.07,0
30.84,34.45,35.31,3.6,development,clay,6.43,0
52.2,34.03,60.73,4.76,development,sandy,2.97,0
39.21,24.17,57.39,4.43,development,clay,6.16,0
53.68,29.03,84.6,4.73,development,sandy,6.85,0
27.98,21.12,75.7,5.35,late,sandy,5.17,0
53.1,27.52,82.68,0,development,loamy,0,0
35.54,32.58,79.99,5.36,late,loamy,9.89,0
83.53,35.37,67.1,4.49,development,loamy,13.29,0
35.36,23.28,45.72,2.41,mid_season,sandy,12.5,0
46.61,34.46,44.19,5.21,mid_season,sandy,9.27,0
59.79,24.07,80.54,3.57,initial,sandy,10.26,0
52.04,20.9,60.36,0,initial,sandy,0,0
32.96,23.45,68.14,4.26,late,clay,12.48,0
60.41,30.59,51.54,3.66,initial,clay,7.57,0
52.65,27.68,67.6,3.2,initial,sandy,2.25,0
35.34,26.7,54.5,0,initial,sandy,0,0
40.9,32.28,76.51,4.19,development,loamy,11.4,0
35.11,34.88,35.64,3.96,initial,clay,15.91,0
47.96,22.62,35.25,0,initial,clay,0,0
70.35,32.23,83.37,4.93,late,loamy,10.83,0
61.54,20.0,59.57,0,mid_season,clay,0,0
50.86,25.53,78.8,5.7,initial,loamy,11.33,0
95,28.19,81.13,2.69,late,clay,11.88,0
71.69,26.97,75.95,4.12,late,clay,12.58,0
68.7,20.36,75.4,5.88,late,sandy,9.7,0
48.88,30.06,40.99,5.05,late,sandy,0.39,0
29.2,23.69,49.43,4.22,development,loamy,6.39,0
60.23,27.74,41.51,2.63,initial,loamy,0.41,0
46.17,28.38,46.27,4.91,mid_season,loamy,7.28,0
52.01,26.16,44.91,4.23,mid_season,loamy,17.35,0
46.49,32.21,59.63,3.17,late,sandy,2.69,0
70.54,26.95,79.78,4.04,initial,loamy,6.14,0
26.83,30.84,82.7,0,development,loamy,0,1
34.05,23.01,74.53,3.32,development,sandy,24.33,0
35.62,34.41,67.55,5.12,initial,clay,0.34,0
52.87,19.08,78.09,4.25,late,loamy,13.04,0
67.22,25.54,74.47,3.0,late,loamy,15.89,0
58.31,19.69,75.86,0,development,clay,0,0
53.81,35.81,73.91,3.16,mid_season,clay,17.11,0
48.07,29.22,61.74,3.4,late,sandy,5.65,0
59.17,33.75,60.71,4.3,initial,clay,14.06,0
69.12,23.11,66.94,4.39,mid_season,sandy,14.47,0
56.63,28.17,43.48,3.77,late,clay,2.96,0
49.12,23.94,83.09,6.64,initial,clay,16.15,0
54.04,26.73,71.34,4.15,mid_season,sandy,20.82,0
46.39,29.6,60.08,4.08,mid_season,clay,8.82,0
60.51,18.2,60.93,1.88,mid_season,loamy,14.13,0
75.96,30.45,44.17,2.37,mid_season,loamy,12.59,0
48.65,32.96,48.59,2.99,mid_season,loamy,4.98,0
68.57,23.54,74.14,3.99,initial,sandy,16.78,0
74.88,33.7,37.71,0,initial,loamy,0,0
57.48,26.74,45.43,0,late,clay,0,0
88.39,23.3,50.75,3.15,initial,sandy,9.35,0
65.61,34.27,42.11,4.59,development,loamy,9.22,0
49.53,18.71,62.94,1.82,development,sandy,2.29,0
66.03,33.69,80.65,2.81,mid_season,clay,19.49,0
29.46,22.71,40.22,0,initial,loamy,0,0
84.05,23.24,80.97,3.9,mid_season,loamy,15.39,0
68.17,25.42,58.76,3.59,late,clay,25.71,0
17.57,25.31,47.8,3.33,development,loamy,13.52,0
60.4,26.62,78.88,3.21,development,loamy,17.85,0
30.21,24.99,38.18,4.97,mid_season,clay,11.31,0
64.42,22.59,47.92,2.39,initial,clay,3.61,0
82.61,21.11,60.81,2.98,development,sandy,9.1,0
70.41,31.18,78.56,0,initial,loamy,0,0
44.81,26.19,35.92,4.64,late,loamy,11.82,0
66.7,26.57,79.29,4.71,mid_season,loamy,1.9,0
53.82,33.5,63.88,4.16,initial,clay,5.79,0
34.29,32.16,43.78,4.12,initial,loamy,3.8,0
28.58,25.88,58.58,4.65,initial,sandy,3.39,0
95,24.62,61.0,0,initial,loamy,0,0
57.32,20.81,63.46,3.82,late,loamy,14.64,0
73.99,32.48,78.07,3.61,initial,sandy,4.08,0
73.83,33.64,44.38,3.96,development,clay,3.0,0
83.62,33.38,42.88,4.52,development,clay,9.19,0
44.55,35.05,68.48,5.59,development,clay,7.84,0
50.63,30.94,43.09,2.3,mid_season,sandy,2.48,0
62.85,28.4,59.54,4.11,development,loamy,17.61,0
66.36,31.75,50.89,4.75,late,clay,12.5,0
44.99,21.72,35.96,2.92,mid_season,clay,13.08,0
67.41,28.88,44.62,0,mid_season,loamy,0,0
84.49,23.37,63.09,2.99,mid_season,clay,4.88,0
87.49,23.07,38.58,4.13,late,sandy,8.26,0
62.66,27.31,76.95,5.08,mid_season,loamy,8.02,0
42.8,26.8,71.77,4.13,late,clay,1.84,0
20.55,27.38,64.76,5.89,mid_season,sandy,2.74,0
39.52,24.62,71.73,3.03,initial,clay,15.23,0
95,30.01,79.49,0,late,sandy,0,0
46.87,30.77,78.81,5.8,mid_season,sandy,5.58,0
53.04,21.58,40.37,4.4,development,clay,2.44,0
46.77,32.59,43.4,5.82,late,loamy,7.86,0
67.82,23.79,65.23,3.97,late,clay,12.57,0
65.72,21.6,76.83,3.47,initial,sandy,4.26,0
39.34,29.71,56.29,6.02,initial,clay,9.27,0
51.05,29.04,44.23,3.61,initial,sandy,13.86,0
83.54,35.43,42.71,1.87,late,sandy,11.12,0
28.41,26.44,38.35,4.56,initial,loamy,9.24,0
53.43,30.48,50.26,3.25,development,loamy,14.5,0
66.75,27.86,35.36,0,development,loamy,0,0
53.49,30.32,59.27,0,initial,loamy,0,0
61.55,24.04,64.57,4.66,mid_season,loamy,2.5,0
88.07,19.75,84.58,4.52,late,sandy,14.24,0
54.9,31.73,48.05,3.39,mid_season,clay,8.72,0
79.09,26.65,55.59,3.28,initial,sandy,11.61,0
64.1,25.11,73.11,4.91,late,loamy,5.57,0
29.45,20.59,54.84,3.39,initial,clay,10.41,0
11.22,34.69,48.99,0,late,sandy,0,1
58.35,28.58,36.73,1.93,late,loamy,10.08,0
62.4,22.96,37.44,5.05,development,sandy,0.82,0
22.83,24.27,64.74,4.44,development,clay,4.88,0
83.72,26.08,82.13,4.1,late,clay,0.75,0
95,22.5,57.82,6.76,late,sandy,5.97,0
71.84,27.35,42.48,3.49,development,clay,2.55,0
72.08,30.9,43.47,4.5,late,clay,3.34,0
62.99,35.97,47.96,3.37,mid_season,loamy,8.54,0
67.12,20.19,43.55,4.99,development,clay,16.3,0
57.61,33.4,35.41,4.76,mid_season,clay,9.69,0
82.07,22.48,66.02,2.77,late,clay,22.71,0
61.83,29.88,60.77,0,late,sandy,0,0
45.29,31.24,81.44,0,development,loamy,0,1
46.93,25.82,67.96,2.13,mid_season,loamy,11.19,0
55.29,26.0,35.1,4.9,mid_season,sandy,4.72,0
16.84,20.26,43.65,5.85,mid_season,loamy,9.84,0
50.3,18.98,78.41,0,development,clay,0,0
84.86,33.48,68.76,2.54,development,sandy,10.45,0
29.14,34.49,44.57,3.39,mid_season,loamy,2.55,0
37.07,24.16,41.21,5.21,mid_season,loamy,16.46,0
38.71,24.86,40.36,5.93,mid_season,sandy,24.58,0
80.1,28.07,58.6,2.87,late,sandy,2.54,0
30.44,32.57,55.28,3.65,development,loamy,2.3,0
51.2,28.64,83.0,2.33,development,sandy,18.34,0
67.23,31.56,80.98,2.63,development,sandy,11.43,0
66.66,29.26,73.83,4.39,development,clay,0.33,0
53.12,28.82,62.68,4.32,late,clay,20.28,0
91.26,23.05,84.36,2.95,initial,loamy,6.47,0
68.37,20.22,82.25,0,initial,sandy,0,0
17.05,26.46,77.89,3.99,development,clay,19.26,0
73.12,34.78,84.83,4.12,late,loamy,14.4,0
64.59,33.29,71.76,0,initial,sandy,0,0
59.02,33.58,45.79,1.03,development,loamy,14.07,0
53.66,33.01,73.16,4.52,late,sandy,6.71,0
31.54,27.78,75.48,3.37,late,clay,5.34,0
58.42,30.08,82.38,3.82,late,clay,6.91,0
68.23,30.67,77.16,4.48,late,clay,8.03,0
68.77,26.9,39.59,2.71,development,sandy,11.61,0
45.53,19.98,53.21,3.87,late,clay,20.57,0
48.01,21.26,40.87,4.03,late,sandy,8.82,0
56.15,19.27,51.58,3.73,development,loamy,2.68,0
67.2,34.23,41.8,3.95,initial,clay,0.09,0
44.19,34.38,70.01,0,initial,clay,0,0
40.91,34.97,81.89,6.23,late,loamy,8.04,0
77.35,35.65,84.95,2.75,mid_season,sandy,9.77,0
53.4,35.15,84.78,5.84,mid_season,loamy,7.79,0
38.79,22.42,67.3,4.03,mid_season,loamy,18.3,0
19.47,32.08,50.55,2.4,late,clay,7.78,0
67.3,21.02,54.53,1.6,mid_season,loamy,4.94,0
46.47,31.21,44.08,5.08,mid_season,loamy,0.42,0
66.39,18.5,80.42,4.42,development,loamy,11.27,0
71.46,24.87,83.86,3.59,mid_season,clay,15.02,0
38.76,30.74,42.0,1.6,mid_season,loamy,14.01,0
43.59,23.93,82.31,0,mid_season,sandy,0,1
51.0,24.67,83.32,4.39,initial,sandy,9.98,0
62.56,20.82,80.84,3.71,development,clay,6.61,0
74.29,34.17,45.56,3.26,late,sandy,10.5,0
55.92,32.84,78.63,0,initial,clay,0,0
74.11,22.81,56.87,4.97,mid_season,loamy,0.75,0
73.24,32.77,55.63,0,late,sandy,0,0
27.3,19.33,81.24,4.59,initial,loamy,0.61,0
93.47,26.85,77.22,4.75,development,sandy,16.2,0
57.6,32.42,73.12,4.2,initial,clay,2.24,0
22.07,31.68,36.8,3.2,late,sandy,2.41,0
67.62,22.26,61.02,3.45,development,clay,2.49,0
53.52,23.64,82.7,4.1,development,clay,3.4,0
62.13,24.24,76.89,4.58,initial,sandy,10.25,0
62.93,34.78,52.14,3.68,mid_season,loamy,16.73,0
46.67,26.38,80.92,4.72,initial,clay,13.39,0
79.37,23.78,39.29,3.57,mid_season,loamy,8.62,0
90.26,25.87,57.6,4.9,development,sandy,0.49,0
73.99,26.07,79.59,3.21,initial,clay,6.03,0
51.34,18.21,68.28,4.89,mid_season,sandy,4.48,0
68.91,35.53,79.95,4.3,late,loamy,22.57,0
34.41,19.72,48.74,2.09,initial,clay,9.04,0
48.58,26.84,77.46,6.63,late,sandy,10.7,0
71.92,23.78,80.35,3.98,late,loamy,10.75,0
75.95,26.61,48.76,6.33,mid_season,clay,5.64,0
80.77,29.96,74.83,3.1,development,sandy,9.69,0
46.35,35.88,46.31,1.77,mid_season,sandy,18.99,0
35.95,29.27,70.11,0,initial,clay,0,0
20.33,32.86,41.93,4.13,mid_season,loamy,9.12,0
37.88,34.58,63.26,4.71,development,clay,5.91,0
72.71,29.31,83.91,3.8,development,loamy,20.04,0
50.0,20.59,68.25,5.02,development,sandy,1.35,0
45.64,25.15,73.03,4.64,mid_season,loamy,3.35,0
50.47,35.88,44.4,3.37,development,loamy,1.53,0
29.13,22.44,79.32,4.62,development,clay,10.61,0
64.53,29.73,69.58,3.83,initial,clay,7.23,0
74.57,23.66,35.28,4.52,initial,sandy,2.52,0
73.28,18.71,60.68,4.52,mid_season,clay,7.47,0
63.78,32.66,49.98,4.56,development,loamy,6.05,0
30.74,21.94,63.75,3.75,development,loamy,4.04,0
61.53,31.73,59.9,3.29,initial,loamy,7.79,0
12.84,25.72,50.18,3.49,initial,sandy,13.05,0
44.69,18.84,35.66,4.67,development,sandy,5.0,0
73.43,23.87,36.12,0,initial,clay,0,0
28.79,19.62,81.36,3.37,initial,loamy,1.42,0
58.71,24.14,77.43,5.84,development,loamy,14.35,0
52.77,25.94,68.44,4.01,development,clay,2.06,0
37.62,28.91,45.01,5.49,late,loamy,14.66,0
58.05,20.04,58.46,3.98,late,sandy,4.08,0
64.02,30.55,76.64,6.37,development,clay,4.13,0
63.29,29.95,72.65,0,initial,clay,0,0
33.21,18.32,54.38,0,development,loamy,0,1
63.88,33.16,38.17,4.18,development,clay,7.67,0
25.48,24.24,52.9,4.3,initial,sandy,7.2,0
5,30.72,69.84,2.83,mid_season,clay,16.66,0
68.09,35.7,39.79,2.77,late,sandy,7.95,0
51.5,25.18,63.98,0,initial,clay,0,0
37.72,27.73,52.07,5.14,development,sandy,11.89,0
12.15,23.09,39.93,3.49,mid_season,sandy,6.85,0
37.1,29.67,72.12,2.62,development,sandy,11.34,0
48.14,35.72,43.04,0,initial,sandy,0,0
54.46,22.53,54.13,4.86,mid_season,clay,7.83,0
51.48,26.78,64.19,4.8,mid_season,sandy,5.07,0
74.33,26.43,67.96,3.39,mid_season,loamy,16.13,0
25.82,33.56,63.08,4.27,mid_season,sandy,5.37,0
23.42,19.21,71.06,0,late,sandy,0,1
22.97,34.55,67.92,2.45,initial,loamy,7.7,0
95,25.08,70.44,4.18,initial,loamy,2.21,0
52.61,22.76,60.02,4.87,initial,clay,15.32,0
33.61,23.78,80.31,3.12,development,clay,16.49,0
54.14,31.3,35.23,1.8,initial,clay,8.35,0
67.17,27.56,69.97,3.8,initial,loamy,1.36,0
59.82,28.36,50.99,4.71,late,loamy,12.1,0
39.31,23.72,42.22,5.24,late,sandy,3.59,0
44.57,33.98,58.62,2.8,late,clay,9.41,0
53.3,29.2,60.93,0,initial,loamy,0,0
35.92,20.57,63.67,5.47,development,clay,8.33,0
56.79,23.95,84.0,2.71,late,loamy,11.69,0
39.73,30.26,72.53,4.13,development,sandy,10.82,0
45.96,22.4,75.31,2.83,development,clay,9.66,0
59.69,18.79,60.07,4.44,development,loamy,6.47,0
5,35.83,53.49,4.18,late,sandy,10.79,0
69.26,34.49,70.34,4.22,late,loamy,8.82,0
71.07,21.22,42.69,5.07,initial,clay,8.96,0
72.56,32.31,58.76,3.91,development,sandy,7.47,0
70.31,26.83,50.4,3.9,late,loamy,8.2,0
52.63,20.35,46.45,0,development,clay,0,0
46.82,32.36,64.95,7.07,development,clay,11.69,0
46.82,28.19,52.29,2.99,mid_season,clay,18.46,0
50.12,30.7,74.7,4.52,development,loamy,7.14,0
13.27,27.08,54.73,5.19,initial,sandy,1.84,0
54.87,21.05,59.6,2.38,mid_season,clay,20.3,0
63.26,26.76,47.91,0,development,clay,0,0
80.15,19.22,67.69,3.68,late,clay,4.13,0
68.24,23.34,69.61,3.71,late,sandy,16.85,0
54.67,32.2,58.59,4.02,mid_season,clay,6.79,0
60.32,20.6,56.6,5.64,late,clay,15.0,0
67.8,21.89,41.22,3.83,initial,clay,5.27,0
72.9,23.06,45.9,3.56,development,loamy,6.18,0
41.21,27.62,43.86,4.52,initial,sandy,8.73,0
55.17,27.08,44.16,3.96,late,loamy,6.41,0
48.67,26.38,42.71,3.89,mid_season,loamy,12.6,0
44.71,34.13,78.62,0,late,loamy,0,1
57.99,21.07,56.76,2.56,development,clay,15.91,0
63.22,25.84,77.35,3.81,late,loamy,13.79,0
92.15,18.1,44.38,3.84,initial,clay,1.6,0
58.21,25.14,83.79,5.63,mid_season,clay,12.8,0
49.36,19.35,64.6,0,initial,sandy,0,0
73.2,26.09,68.24,4.85,mid_season,loamy,10.43,0
79.95,34.0,65.27,5.56,late,loamy,6.8,0
33.11,33.04,48.64,4.18,development,loamy,0.82,0
37.68,25.83,84.58,4.73,mid_season,loamy,12.53,0
63.83,21.16,70.14,4.1,mid_season,clay,18.57,0
94.89,27.76,51.98,0,initial,clay,0,0
41.99,20.97,51.87,4.21,mid_season,sandy,9.61,0
87.97,24.63,60.76,2.13,mid_season,loamy,0.83,0
60.39,28.26,71.21,0,initial,sandy,0,0
71.07,18.69,67.53,4.45,development,clay,16.27,0
51.0,26.98,60.99,2.47,mid_season,loamy,10.4,0
50.25,31.55,80.78,5.02,mid_season,loamy,14.66,0
66.95,21.91,67.44,3.75,mid_season,sandy,2.12,0
51.22,20.67,72.58,5.24,late,sandy,2.62,0
75.92,33.49,44.18,5.49,mid_season,clay,4.8,0
53.98,31.46,69.04,0,initial,sandy,0,0
65.19,34.56,63.88,4.48,late,sandy,6.82,0
65.9,27.25,41.86,4.46,late,loamy,10.41,0
80.15,18.2,54.01,3.71,late,loamy,10.93,0
69.51,34.99,39.36,5.39,initial,clay,10.19,0
42.02,26.92,84.43,3.83,mid_season,clay,11.53,0
47.12,31.51,50.94,3.15,mid_season,loamy,27.8,0
53.9,31.37,61.51,0,initial,clay,0,0
76.57,34.15,50.2,3.9,late,sandy,12.47,0
49.83,19.52,84.69,4.49,mid_season,sandy,2.93,0
31.79,30.8,63.27,3.47,development,loamy,7.09,0
67.87,24.44,36.81,1.75,mid_season,clay,11.81,0
85.48,19.77,43.25,3.77,late,loamy,10.97,0
49.32,22.21,69.37,0,mid_season,sandy,0,1
61.52,32.11,67.25,0,development,sandy,0,0
78.76,35.5,62.52,3.26,initial,clay,10.04,0
30.06,29.44,82.24,4.49,development,loamy,14.61,0
80.7,25.87,40.31,0,development,loamy,0,0
37.4,24.54,46.28,3.55,late,sandy,3.91,0
37.59,19.18,73.67,2.81,late,loamy,6.15,0
62.37,24.14,48.23,2.93,late,clay,8.93,0
67.47,34.41,75.27,4.0,development,sandy,4.27,0
67.06,28.44,82.71,2.94,mid_season,clay,14.82,0
79.78,18.71,52.62,5.78,mid_season,sandy,11.2,0
63.58,26.09,52.01,4.37,late,sandy,11.87,0
55.64,35.54,65.33,3.78,mid_season,sandy,6.72,0
94.24,27.37,56.57,4.44,initial,loamy,7.2,0
62.84,19.77,70.17,3.02,mid_season,clay,5.34,0
40.0,34.2,75.68,2.61,late,clay,12.36,0
21.79,22.32,65.56,3.82,late,sandy,26.6,0
95,25.27,51.06,3.55,initial,loamy,8.08,0
82.29,19.35,69.94,4.66,development,sandy,6.19,0
38.98,27.15,42.63,2.69,mid_season,clay,11.37,0
32.46,33.55,75.26,3.69,development,loamy,10.92,0
51.39,18.73,35.26,2.87,mid_season,loamy,8.17,0
53.87,27.73,51.39,0,development,loamy,0,0
92.72,28.07,62.71,6.03,initial,sandy,4.44,0
71.01,34.71,72.04,2.3,initial,loamy,4.37,0
71.92,27.74,82.69,3.79,development,clay,15.14,0
62.78,33.23,82.27,3.28,late,sandy,4.73,0
58.11,30.42,54.77,3.21,development,clay,6.37,0
46.79,27.8,81.97,5.77,development,sandy,1.43,0
49.14,18.45,56.65,5.0,initial,loamy,8.75,0
44.88,22.08,71.56,2.27,mid_season,clay,12.52,0
22.66,33.24,63.29,4.33,development,loamy,6.58,0
65.44,28.67,80.18,2.96,late,loamy,13.15,0
94.88,24.05,70.98,4.65,mid_season,clay,6.93,0
82.25,34.87,72.4,3.68,mid_season,loamy,11.58,0
82.03,33.18,42.54,0.5,mid_season,loamy,20.66,0
58.66,24.53,70.92,3.82,late,clay,5.47,0
45.01,31.84,56.04,3.33,mid_season,loamy,11.51,0
69.9,31.1,54.76,5.85,initial,loamy,2.19,0
49.4,28.58,83.45,3.36,mid_season,clay,13.87,0
54.4,23.27,51.79,4.11,development,clay,11.5,0
55.73,21.5,71.22,3.85,development,sandy,7.34,0
43.92,35.24,60.48,3.11,development,loamy,5.26,0
20.96,18.88,44.1,4.03,late,sandy,14.83,0
43.98,32.24,69.84,4.76,development,clay,20.14,0
31.18,33.0,54.76,2.27,development,sandy,13.49,0
73.53,33.39,84.88,0,initial,loamy,0,0
40.24,26.85,69.95,4.48,mid_season,loamy,14.63,0
34.77,20.96,35.75,2.57,mid_season,sandy,4.15,0
25.56,25.35,62.71,5.64,mid_season,loamy,3.58,0
56.11,19.19,53.84,5.35,late,sandy,2.52,0
41.13,18.18,57.5,4.68,development,loamy,3.26,0
61.59,18.72,51.69,4.76,mid_season,loamy,8.24,0
12.47,29.14,47.29,2.35,mid_season,clay,12.86,0
28.49,34.01,79.99,3.77,initial,clay,12.99,0
71.74,28.78,82.56,3.57,mid_season,loamy,3.11,0
61.74,22.79,77.72,3.24,development,loamy,12.46,0
39.98,21.26,78.32,5.05,mid_season,clay,8.26,0
95,19.79,50.16,3.56,development,clay,15.81,0
44.11,31.78,59.4,3.54,mid_season,loamy,19.78,0
56.23,35.81,48.72,0,initial,sandy,0,0
76.45,33.38,75.52,4.34,development,clay,14.68,0
67.75,35.36,37.76,6.02,mid_season,sandy,8.6,0
82.24,23.03,58.59,5.82,development,loamy,13.15,0
70.31,22.47,69.5,2.8,late,sandy,5.99,0
91.52,18.01,64.39,4.75,mid_season,clay,9.97,0
79.48,23.31,67.24,4.21,mid_season,sandy,16.52,0
44.23,29.6,83.41,4.67,development,clay,10.16,0
36.6,27.1,48.54,3.76,late,clay,23.89,0
31.75,35.84,40.6,3.13,mid_season,clay,10.64,0
55.89,26.69,68.53,5.93,development,clay,22.37,0
60.6,25.53,76.07,4.24,initial,loamy,5.27,0
31.28,27.91,60.34,3.08,initial,loamy,8.73,0
53.45,21.38,79.82,2.01,initial,loamy,8.35,0
56.68,18.23,45.19,3.6,mid_season,clay,8.45,0
61.24,31.24,50.92,4.99,development,loamy,5.11,0
76.85,33.99,46.05,2.91,late,clay,11.25,0
60.71,35.3,73.47,2.91,mid_season,loamy,11.82,0
44.23,26.27,49.05,2.69,mid_season,clay,24.12,0
52.63,28.2,54.22,1.62,initial,sandy,6.09,0
61.07,20.89,37.47,5.51,mid_season,sandy,8.94,0
49.64,22.5,57.94,3.99,late,clay,7.09,0
76.31,24.46,35.59,4.61,mid_season,clay,9.97,0
48.96,35.02,75.81,3.91,mid_season,loamy,16.35,0
79.03,22.6,41.49,6.31,mid_season,clay,13.76,0
67.12,35.75,78.67,0,initial,loamy,0,0
24.01,31.0,65.95,3.77,mid_season,loamy,7.65,0
58.65,30.73,36.53,2.15,initial,sandy,4.42,0
30.73,25.95,42.66,5.43,development,clay,22.34,0
57.75,24.98,42.48,3.96,mid_season,clay,15.13,0
58.61,23.55,56.3,3.36,mid_season,clay,12.64,0
41.46,31.04,41.87,3.96,late,sandy,7.58,0
48.47,23.93,78.27,2.96,mid_season,clay,13.72,0
80.67,19.53,84.1,2.52,late,loamy,17.01,0
46.33,31.58,75.52,1.65,development,clay,1.23,0
60.1,27.49,41.19,4.96,development,loamy,24.04,0
36.83,26.72,71.94,0,late,sandy,0,1
64.71,24.31,72.37,4.0,mid_season,clay,18.66,0
69.73,19.26,76.37,3.74,development,clay,6.21,0
20.16,33.54,71.71,4.64,development,clay,6.83,0
31.38,24.57,43.53,6.58,development,sandy,9.31,0
63.95,29.34,46.77,3.63,development,clay,16.16,0
72.92,34.57,64.16,2.77,mid_season,sandy,15.47,0
68.7,18.21,35.79,3.79,mid_season,clay,15.76,0
44.66,21.67,63.28,0,mid_season,sandy,0,1
47.3,34.9,73.63,5.81,mid_season,clay,11.77,0
76.04,27.29,51.83,4.8,development,clay,12.57,0
54.27,32.04,81.34,5.21,initial,sandy,13.46,0
50.77,28.07,75.49,2.51,development,clay,1.95,0
63.38,27.57,59.14,4.0,mid_season,clay,11.54,0
36.42,21.83,35.89,5.5,initial,loamy,4.56,0
79.92,33.28,59.21,5.73,initial,loamy,13.91,0
56.62,27.47,73.03,4.52,development,loamy,6.7,0
50.91,25.14,79.12,4.09,development,clay,5.69,0
68.53,30.86,70.55,6.07,mid_season,loamy,12.09,0
83.05,26.74,51.16,6.15,development,loamy,10.72,0
33.82,21.93,46.68,1.87,mid_season,loamy,23.19,0
37.83,29.87,46.73,4.63,development,clay,7.34,0
48.28,18.62,71.0,0,initial,sandy,0,0
42.65,27.06,45.64,4.18,initial,loamy,3.42,0
79.01,23.32,61.02,2.91,initial,loamy,19.94,0
33.48,20.64,71.5,2.6,mid_season,clay,15.1,0
56.42,25.91,40.68,4.25,mid_season,clay,2.6,0
28.95,32.25,76.46,3.81,initial,clay,14.22,0
71.16,26.98,81.34,2.87,late,clay,17.09,0
38.34,25.53,71.65,2.4,initial,clay,2.29,0
34.42,20.15,50.01,4.32,initial,sandy,11.07,0
60.82,19.69,50.87,4.77,mid_season,sandy,17.4,0
67.77,23.25,75.77,4.31,development,clay,5.89,0
49.16,31.47,52.17,2.35,late,loamy,14.16,0
63.26,30.63,50.84,4.48,late,sandy,8.04,0
63.25,29.86,73.86,3.88,late,sandy,4.88,0
82.13,23.33,80.27,0,development,sandy,0,0
44.89,20.81,44.84,4.34,initial,clay,7.11,0
88.01,23.03,79.18,2.78,development,clay,11.9,0
76.83,21.14,43.8,3.53,development,sandy,4.11,0
60.64,19.36,68.4,5.53,development,loamy,13.44,0
39.83,29.03,71.34,3.34,initial,clay,8.62,0
33.23,27.78,63.58,4.25,mid_season,clay,16.87,0
76.53,19.66,51.23,6.01,initial,clay,1.54,0
76.84,20.22,69.03,5.82,mid_season,clay,17.22,0
48.15,31.37,66.87,6.4,mid_season,loamy,2.44,0
54.12,24.88,82.29,3.55,mid_season,clay,5.58,0
59.71,27.04,43.66,5.12,mid_season,loamy,5.34,0
93.87,34.74,75.57,3.6,mid_season,clay,11.13,0
39.57,20.39,36.78,4.12,development,clay,0.1,0
54.75,28.76,82.14,6.6,development,sandy,2.0,0
84.33,19.83,67.53,5.81,initial,loamy,17.64,0
21.71,25.87,64.21,3.53,development,clay,8.1,0
69.26,29.94,43.3,5.29,initial,sandy,9.77,0
84.93,25.89,44.88,5.46,initial,clay,12.65,0
17.97,25.12,54.49,3.45,initial,clay,17.37,0
77.11,28.19,61.92,4.85,late,clay,14.59,0
73.15,30.99,38.7,0,development,sandy,0,0
59.19,33.42,67.53,0,development,sandy,0,1
42.07,25.0,83.28,4.18,development,sandy,13.23,0
84.97,23.06,65.55,3.67,late,clay,7.68,0
36.45,29.67,60.07,4.55,initial,clay,11.21,0
76.83,29.51,63.08,4.79,development,sandy,7.15,0
82.76,27.32,55.49,4.15,mid_season,clay,9.83,0
36.12,21.97,63.41,3.66,mid_season,loamy,31.56,0
81.52,25.07,61.39,2.54,initial,sandy,5.03,0
81.89,20.78,62.11,3.41,late,loamy,5.21,0
66.4,24.4,69.12,5.02,development,loamy,1.18,0
33.54,23.19,60.69,2.76,development,sandy,6.67,0
45.45,30.09,48.38,3.66,development,sandy,9.14,0
42.77,26.85,79.8,6.11,mid_season,sandy,6.25,0
64.44,31.35,53.2,3.27,late,sandy,6.45,0
65.07,34.48,45.0,4.81,late,sandy,14.07,0
36.95,34.0,38.21,5.78,mid_season,loamy,12.9,0
51.18,25.32,84.48,3.45,initial,sandy,16.16,0
41.11,35.01,65.47,5.16,initial,sandy,4.22,0
58.42,18.72,39.38,4.03,mid_season,loamy,8.38,0
74.52,33.35,58.81,0,development,sandy,0,0
73.32,32.89,63.87,4.96,mid_season,clay,7.62,0
20.6,28.98,80.52,0,initial,loamy,0,0
50.87,23.37,47.63,0,mid_season,loamy,0,1
78.34,18.17,38.15,3.16,initial,clay,13.59,0
45.33,24.48,80.4,3.37,initial,clay,5.39,0
57.97,21.63,65.38,2.09,development,sandy,3.24,0
70.48,18.37,41.69,0,initial,clay,0,0
48.46,19.39,45.48,4.28,mid_season,clay,15.7,0
36.84,21.15,64.28,2.88,late,loamy,14.57,0
74.47,24.15,45.75,3.72,late,loamy,12.53,0
38.57,19.15,48.94,5.19,mid_season,loamy,14.08,0
95,18.36,52.64,3.02,development,clay,9.33,0
56.32,27.85,46.18,3.51,late,loamy,10.18,0
43.03,18.55,38.99,3.2,development,loamy,2.88,0
65.07,25.42,63.4,5.47,development,loamy,8.28,0
55.17,21.18,83.97,5.27,development,loamy,9.47,0
60.79,25.95,84.4,2.85,development,sandy,10.48,0
31.17,33.41,51.85,3.37,late,loamy,9.71,0
95,24.54,53.93,2.83,initial,loamy,2.92,0
66.77,34.52,41.02,0,development,loamy,0,0
52.17,26.19,77.75,3.87,development,clay,2.92,0
43.83,21.11,74.49,3.32,mid_season,clay,5.04,0
35.32,28.75,54.11,0,initial,clay,0,0
12.92,34.27,45.27,5.05,late,sandy,8.94,0
28.52,23.23,35.81,0,mid_season,loamy,0,1
84.55,30.24,80.93,0,late,loamy,0,0
30.62,34.69,52.66,3.59,initial,sandy,10.21,0
45.81,29.68,72.54,2.47,development,loamy,1.89,0
95,19.4,42.26,5.23,initial,loamy,5.03,0
36.96,31.82,47.06,0,late,sandy,0,1
63.64,18.26,53.73,4.71,initial,clay,5.62,0
58.89,33.86,74.87,0,development,clay,0,0
51.47,34.43,56.33,3.94,mid_season,clay,12.36,0
66.34,29.07,74.03,3.22,late,loamy,11.43,0
63.21,33.54,70.3,0,late,clay,0,0
58.81,25.17,64.12,3.5,mid_season,clay,10.54,0
65.4,18.52,64.59,3.64,development,clay,3.9,0
38.0,33.32,83.48,6.01,initial,sandy,5.96,0
71.11,34.9,39.96,4.43,initial,sandy,0.22,0
95,33.17,63.19,0,initial,loamy,0,0
39.58,34.83,45.17,2.6,late,clay,4.36,0
22.9,21.14,83.67,5.42,mid_season,clay,9.57,0
60.35,19.07,36.51,3.62,development,loamy,18.05,0
61.41,35.76,47.45,3.54,initial,loamy,17.94,0
27.42,23.71,71.93,4.16,development,loamy,7.7,0
23.25,22.27,49.33,1.66,mid_season,loamy,4.97,0
50.81,31.21,70.58,3.15,late,sandy,6.18,0
71.97,29.08,59.76,0,initial,sandy,0,0
26.26,26.42,48.35,2.93,mid_season,sandy,5.72,0
85.77,32.73,76.5,3.91,initial,loamy,14.83,0
76.01,21.22,75.37,4.67,mid_season,clay,4.69,0
23.17,18.5,74.57,3.42,late,clay,4.74,0
70.68,35.92,81.42,3.09,initial,sandy,2.5,0
42.3,28.98,58.08,4.19,development,clay,3.7,0
26.3,19.22,76.54,5.95,mid_season,loamy,6.79,0
63.67,25.17,38.93,4.05,late,sandy,15.19,0
35.21,24.84,78.85,3.66,initial,sandy,5.37,0
39.55,26.53,40.97,2.12,late,clay,7.43,0
65.6,24.84,58.99,3.59,development,loamy,9.11,0
93.05,20.47,47.08,0,mid_season,loamy,0,0
64.46,30.12,52.26,3.63,initial,sandy,7.15,0
68.62,20.04,55.96,2.88,initial,loamy,10.23,0
95,35.98,66.35,2.26,initial,clay,6.33,0
67.91,32.11,80.8,5.56,late,sandy,4.05,0
47.35,25.8,76.12,2.24,mid_season,sandy,8.12,0
55.28,24.05,36.66,2.98,development,clay,18.31,0
60.53,27.01,53.08,0,development,sandy,0,0
83.26,27.75,38.91,3.01,mid_season,clay,10.97,0
81.28,25.55,68.51,4.4,mid_season,loamy,7.07,0
34.62,19.09,62.24,4.04,development,sandy,3.77,0
32.2,24.65,38.63,4.21,development,loamy,0.72,0
44.54,32.78,56.59,4.82,development,loamy,0.97,0
36.6,28.26,55.87,4.6,late,sandy,14.66,0
67.29,32.67,80.82,4.26,mid_season,loamy,19.62,0
49.04,23.56,56.82,5.3,late,sandy,0.21,0
63.11,24.58,57.78,0,initial,loamy,0,0
11.85,27.91,56.89,5.68,initial,sandy,2.17,0
73.86,34.16,55.3,3.53,mid_season,clay,5.6,0
82.19,29.53,40.51,3.6,initial,loamy,1.91,0
53.22,28.32,38.75,2.95,development,clay,9.22,0
69.43,20.71,72.84,5.59,development,clay,5.42,0
95,19.17,65.58,3.97,initial,clay,12.42,0
50.03,24.47,81.62,3.0,initial,clay,9.26,0
63.4,20.35,82.14,0,initial,sandy,0,0
50.67,35.63,74.4,5.48,development,loamy,2.35,0
58.21,25.43,75.46,2.67,initial,clay,5.18,0
26.36,20.9,46.42,4.57,development,clay,11.93,0
54.27,33.65,75.95,3.96,initial,clay,5.12,0
73.74,35.69,53.07,5.23,late,clay,21.1,0
60.35,35.58,78.4,5.0,late,loamy,9.17,0
48.03,19.51,51.27,0,initial,sandy,0,0
74.36,31.02,67.12,4.5,late,sandy,0.17,0
51.52,23.78,53.7,5.17,development,sandy,11.04,0
36.7,32.44,43.51,0,initial,clay,0,0
46.13,26.4,76.95,5.28,late,clay,5.09,0
21.91,19.25,64.44,4.12,mid_season,clay,9.42,0
55.24,20.9,72.6,2.87,mid_season,sandy,9.4,0
58.65,19.17,42.28,3.9,late,clay,16.24,0
66.57,22.17,76.73,2.76,mid_season,clay,10.06,0
79.57,22.42,83.34,3.54,initial,loamy,3.17,0
78.21,18.54,80.52,0,initial,sandy,0,0
61.49,21.86,73.55,4.42,mid_season,loamy,17.8,0
29.83,32.16,61.72,4.88,initial,sandy,1.15,0
24.58,25.83,42.73,3.95,mid_season,loamy,11.59,0
79.49,25.15,77.27,4.52,late,loamy,7.42,0
59.54,33.14,60.76,3.33,initial,loamy,0.07,0
60.26,23.59,45.48,4.05,initial,sandy,1.38,0
68.57,18.59,76.59,3.04,mid_season,sandy,18.13,0
68.41,35.26,68.16,4.99,development,sandy,3.9,0
50.08,25.88,36.64,0,development,loamy,0,1
78.54,26.99,38.19,5.28,development,sandy,18.57,0
39.76,34.7,78.34,2.26,mid_season,sandy,13.38,0
39.79,34.87,49.84,3.58,mid_season,sandy,11.33,0
16.38,31.37,68.79,5.51,mid_season,clay,10.08,0
40.33,19.56,67.71,3.24,late,loamy,17.23,0
42.38,29.46,65.95,4.35,mid_season,sandy,3.2,0
40.27,26.2,60.41,0,initial,clay,0,0
68.13,23.03,62.4,3.42,late,loamy,11.09,0
69.73,32.63,63.74,2.54,mid_season,clay,9.81,0
33.46,33.33,78.39,4.1,initial,clay,3.94,0
50.32,30.65,61.57,3.31,development,clay,14.0,0
64.82,24.74,76.05,0,initial,clay,0,0
64.56,22.85,81.19,5.7,late,clay,10.67,0
78.66,19.33,53.0,0,development,loamy,0,0
78.67,18.44,58.44,5.02,development,sandy,8.22,0
55.41,26.92,38.82,4.22,mid_season,clay,4.31,0
61.4,27.01,76.92,4.11,mid_season,sandy,10.87,0
48.93,26.87,40.24,3.66,development,clay,6.21,0
73.98,25.2,53.02,3.71,initial,loamy,3.15,0
62.78,20.27,68.42,3.63,initial,clay,20.39,0
72.33,30.09,55.36,3.21,mid_season,loamy,25.82,0
37.75,20.25,35.72,6.23,development,clay,2.38,0
92.36,26.59,74.29,5.67,mid_season,loamy,19.37,0
66.64,31.82,50.28,0,initial,sandy,0,0
64.21,26.72,64.17,1.84,late,sandy,16.73,0
47.73,30.93,43.27,5.93,initial,clay,11.71,0
36.92,31.69,60.31,4.34,development,loamy,1.73,0
41.49,34.87,64.09,4.3,mid_season,loamy,11.87,0
40.38,34.63,61.13,0,development,sandy,0,1
51.59,20.03,36.06,3.31,mid_season,loamy,8.31,0
26.87,25.0,36.63,4.75,mid_season,clay,15.83,0
50.35,34.62,83.23,4.29,initial,sandy,1.11,0
67.53,19.44,42.27,3.17,late,sandy,7.96,0
39.07,35.08,55.32,4.29,initial,loamy,5.52,0
61.9,31.28,73.88,4.39,development,sandy,14.32,0
62.83,33.66,40.88,4.34,late,clay,4.37,0
45.75,29.01,37.01,4.16,late,clay,4.32,0
45.03,18.26,82.13,4.62,late,clay,15.83,0
18.84,18.85,36.31,3.64,development,sandy,2.29,0
48.47,20.69,70.19,4.58,late,sandy,15.16,0
92.73,18.35,80.05,4.81,mid_season,sandy,10.63,0
40.35,34.58,54.8,2.49,development,clay,10.96,0
45.06,27.42,44.49,5.23,late,sandy,11.52,0
53.06,34.39,65.29,3.16,development,clay,6.58,0
64.71,32.72,42.87,0,initial,sandy,0,0
95,23.14,63.08,4.51,late,sandy,5.16,0
68.41,31.16,73.74,4.72,mid_season,loamy,9.45,0
52.5,33.26,50.6,3.92,initial,clay,6.02,0
45.52,22.25,64.83,5.79,initial,loamy,1.82,0
66.76,33.54,39.54,4.22,initial,sandy,5.82,0
20.33,33.78,72.64,3.53,late,clay,9.51,0
47.18,33.19,47.95,0,development,sandy,0,1
50.6,35.39,60.66,2.43,initial,loamy,11.68,0
60.9,22.31,47.46,2.86,initial,sandy,11.58,0
46.42,28.57,77.25,0,initial,loamy,0,0
58.82,19.87,53.8,5.08,initial,loamy,4.46,0
30.58,30.82,40.79,4.95,initial,loamy,3.03,0
66.89,26.35,50.01,0.92,mid_season,sandy,11.21,0
32.24,34.68,67.98,4.51,mid_season,sandy,4.53,0
31.53,29.65,56.69,3.82,development,loamy,0.52,0
62.14,30.42,64.76,4.91,mid_season,sandy,18.59,0
49.97,34.37,74.09,2.47,initial,loamy,9.12,0
56.64,19.55,77.89,0,development,clay,0,0
75.69,28.83,37.26,3.47,mid_season,sandy,14.22,0
60.38,21.85,60.72,4.77,mid_season,sandy,21.29,0
42.6,25.4,73.32,5.65,development,clay,10.64,0
48.18,35.64,70.63,4.58,initial,loamy,8.86,0
95,20.06,84.63,3.54,mid_season,loamy,29.01,0
75.96,24.31,48.65,3.36,initial,sandy,13.97,0
59.79,29.58,61.99,0,initial,loamy,0,0
32.37,20.45,71.79,4.38,mid_season,clay,2.91,0
39.94,32.0,77.96,5.44,late,sandy,4.5,0
81.88,26.3,77.06,3.1,mid_season,clay,16.51,0
85.38,34.34,64.13,0,initial,clay,0,0
37.28,27.79,66.8,2.59,initial,loamy,1.57,0
45.32,19.47,40.52,3.89,initial,sandy,6.17,0
34.37,20.19,61.25,5.59,late,loamy,0.26,0
59.71,30.17,56.34,0,development,loamy,0,0
49.5,18.38,41.2,3.64,mid_season,sandy,7.8,0
65.67,18.98,72.9,4.86,late,clay,10.29,0
36.68,28.87,46.32,3.55,late,clay,8.15,0
68.02,32.38,77.52,3.8,mid_season,sandy,11.96,0
58.23,24.78,52.47,1.89,initial,clay,8.72,0
47.25,22.0,52.73,2.21,late,clay,5.91,0
52.16,30.5,51.93,4.41,mid_season,sandy,11.04,0
77.65,18.94,74.92,3.79,development,loamy,9.82,0
62.22,29.83,57.87,3.64,mid_season,clay,11.85,0
45.06,21.94,57.04,4.29,development,sandy,6.19,0
62.76,30.54,46.35,5.71,development,clay,6.48,0
52.14,19.6,51.79,1.69,development,sandy,16.98,0
25.21,34.49,70.83,5.48,development,sandy,5.81,0
34.28,27.34,47.81,2.85,development,sandy,11.87,0
33.69,32.91,82.02,5.15,development,sandy,8.24,0
25.82,32.83,72.01,3.82,mid_season,loamy,1.66,0
37.35,32.69,38.69,4.08,initial,clay,6.69,0
31.31,32.95,43.4,2.64,initial,loamy,13.12,0
77.41,22.64,42.28,0,initial,sandy,0,0
38.38,34.13,64.3,1.91,late,clay,20.39,0
62.34,23.89,37.88,0,development,sandy,0,0
22.73,35.95,63.67,5.02,mid_season,sandy,8.76,0
46.81,33.37,44.81,3.28,initial,loamy,4.27,0
76.51,27.73,68.37,3.95,late,sandy,12.21,0
60.6,18.08,50.1,2.89,mid_season,sandy,6.66,0
35.64,32.02,50.72,0,initial,loamy,0,0
45.51,29.6,79.76,5.73,mid_season,loamy,13.1,0
74.89,18.15,36.92,3.63,mid_season,clay,14.85,0
44.11,33.43,59.34,5.05,late,loamy,8.08,0
48.13,26.79,54.67,3.65,initial,loamy,11.76,0
80.41,20.69,57.99,5.04,initial,loamy,12.2,0
16.95,19.44,64.33,3.71,mid_season,sandy,0.06,0
58.63,30.82,76.93,4.69,development,loamy,2.77,0
76.05,26.89,49.57,1.96,late,sandy,5.51,0
53.19,34.9,81.63,2.74,initial,sandy,4.86,0
59.3,20.34,55.02,3.36,late,loamy,3.09,0
40.14,32.79,44.05,4.37,initial,clay,9.87,0
50.17,20.57,81.96,4.62,mid_season,loamy,11.89,0
43.08,26.06,53.58,4.47,mid_season,sandy,10.25,0
37.14,22.23,71.3,4.78,development,loamy,2.77,0
57.07,32.85,64.53,4.67,development,clay,0.2,0
57.87,18.78,67.11,4.67,mid_season,sandy,15.7,0
36.49,27.29,62.79,3.36,late,clay,2.86,0
78.98,33.65,38.46,4.74,development,loamy,2.03,0
54.38,19.12,43.28,3.53,mid_season,clay,19.82,0
65.79,18.61,55.68,4.95,development,loamy,2.82,0
66.14,31.77,57.23,2.37,mid_season,loamy,6.8,0
95,31.45,42.61,3.77,mid_season,sandy,12.43,0
37.41,23.78,50.24,0,initial,sandy,0,0
91.44,28.87,46.16,4.84,development,clay,1.61,0
34.43,26.38,81.0,3.99,initial,sandy,4.05,0
42.01,18.44,64.16,4.5,mid_season,loamy,12.21,0
83.25,34.7,49.02,3.37,development,loamy,11.78,0
64.58,35.05,81.55,5.16,development,loamy,5.42,0
78.23,34.04,46.78,4.97,mid_season,sandy,10.69,0
47.53,23.11,45.19,0,development,loamy,0,1
61.91,25.99,65.64,4.83,late,sandy,18.98,0
87.16,30.61,43.93,2.64,initial,clay,2.41,0
41.73,30.53,35.39,0,development,clay,0,1
68.81,21.6,67.46,3.49,late,loamy,25.78,0
68.44,33.32,64.99,3.74,development,sandy,13.45,0
50.99,25.31,80.3,5.14,mid_season,clay,6.4,0
52.97,23.55,64.33,4.83,development,loamy,12.56,0
85.03,28.91,74.56,4.7,initial,loamy,2.29,0
95,20.07,60.54,4.02,mid_season,clay,2.74,0
39.63,34.19,76.9,3.89,late,clay,15.08,0
34.78,22.73,64.29,3.54,mid_season,clay,10.81,0
80.6,34.46,37.6,0,initial,clay,0,0
46.27,24.57,75.58,3.34,mid_season,clay,13.62,0
59.83,34.29,69.98,3.23,development,sandy,17.81,0
80.21,18.93,81.01,5.15,late,sandy,2.94,0
34.98,22.78,63.09,4.05,mid_season,loamy,15.09,0
42.0,31.85,70.09,3.84,late,clay,12.24,0
66.05,18.6,71.73,4.67,initial,loamy,4.72,0
51.1,20.74,71.17,4.29,development,clay,9.22,0
47.53,22.2,67.77,4.47,late,clay,0.79,0
41.64,27.59,65.78,5.93,mid_season,sandy,8.58,0
45.29,30.21,56.58,4.3,mid_season,loamy,14.73,0
81.18,35.32,42.48,4.02,development,sandy,12.31,0
69.71,31.06,69.6,3.1,development,clay,7.76,0
72.3,25.98,54.82,4.1,late,loamy,6.29,0
51.52,30.77,69.52,4.31,mid_season,loamy,9.78,0
74.2,34.24,78.66,1.6,mid_season,sandy,8.84,0
47.76,21.9,42.85,4.72,late,sandy,11.78,0
56.72,28.63,50.36,3.91,mid_season,clay,21.99,0
73.93,22.04,54.89,4.14,late,clay,12.89,0
44.89,27.9,44.91,3.42,development,clay,15.52,0
76.04,33.89,55.97,6.61,late,clay,1.71,0
69.41,31.76,59.4,3.73,late,sandy,3.33,0
38.61,35.76,75.83,1.81,mid_season,loamy,15.8,0
63.54,31.11,58.63,0,initial,sandy,0,0
44.77,29.25,68.72,3.16,mid_season,loamy,8.14,0
35.21,18.86,45.82,4.42,mid_season,loamy,0.11,0
66.41,28.89,53.32,3.05,late,clay,21.88,0
49.15,24.8,81.83,0,initial,clay,0,0
95,26.93,58.3,4.82,late,clay,18.27,0
51.06,35.84,80.7,4.31,initial,clay,18.04,0
17.95,25.75,67.69,3.14,mid_season,loamy,0.54,0
39.93,33.76,72.95,3.46,late,sandy,12.37,0
45.98,34.51,44.42,1.93,initial,loamy,6.18,0
48.33,30.88,48.32,5.3,late,loamy,10.49,0
78.28,33.42,52.98,0,late,loamy,0,0
81.19,19.12,78.28,0,mid_season,loamy,0,0
11.48,29.99,36.27,4.45,development,sandy,0.09,0
55.38,32.59,65.09,1.49,initial,sandy,6.86,0
54.58,35.07,47.09,4.35,development,sandy,8.56,0
91.38,27.94,36.47,3.03,mid_season,clay,14.6,0
38.06,25.31,42.01,5.29,development,sandy,4.58,0
62.09,25.47,51.73,0,late,clay,0,0
48.43,24.26,73.86,0,development,loamy,0,1
54.77,31.89,71.38,3.86,mid_season,clay,20.66,0
21.45,23.53,84.57,4.42,development,clay,2.74,0
56.24,27.22,61.86,4.28,initial,loamy,9.12,0
34.41,21.3,63.02,5.01,initial,clay,6.73,0
74.63,32.97,61.4,0,development,clay,0,0
33.91,31.51,51.77,3.41,initial,sandy,12.43,0
24.52,27.06,58.78,3.88,late,sandy,0.53,0
32.93,33.55,48.07,4.36,development,clay,10.25,0
41.76,28.38,44.49,2.49,development,sandy,0.68,0
70.37,26.61,63.95,3.9,development,loamy,11.25,0
32.08,19.39,45.61,1.81,mid_season,sandy,3.75,0
77.3,24.02,46.95,4.92,late,clay,4.65,0
63.59,22.54,67.68,4.09,late,sandy,6.59,0
32.69,28.41,81.96,4.4,development,clay,5.56,0
40.65,21.83,80.42,1.66,mid_season,clay,9.43,0
95,22.8,60.5,2.46,initial,loamy,14.9,0
43.08,27.82,51.31,6.01,development,loamy,12.82,0
63.96,18.26,35.33,4.38,late,clay,20.74,0
27.73,23.02,59.88,4.4,late,sandy,8.09,0
52.38,28.98,36.81,4.38,initial,loamy,0.76,0
64.74,31.7,70.26,3.09,initial,loamy,12.06,0
57.31,26.26,64.96,0,development,clay,0,0
60.42,32.49,35.99,4.6,late,clay,9.41,0
53.93,30.48,49.33,1.36,late,loamy,4.1,0
60.31,27.55,51.75,0,development,sandy,0,0
66.68,18.4,57.38,2.82,mid_season,clay,13.79,0
81.12,28.21,69.1,4.72,initial,clay,19.9,0
78.53,34.93,44.75,4.12,late,clay,2.01,0
71.45,18.29,60.07,4.13,mid_season,loamy,11.36,0
44.11,18.19,38.37,3.4,late,sandy,14.56,0
51.76,33.94,36.42,3.05,initial,clay,6.41,0
55.08,24.38,56.34,5.01,late,sandy,10.09,0
51.15,21.57,80.35,4.37,development,sandy,13.17,0
56.26,29.52,65.93,0,late,sandy,0,1
42.5,28.33,64.13,4.36,late,sandy,9.91,0
58.88,22.23,47.9,2.82,late,loamy,2.6,0
73.83,25.47,66.39,0,initial,loamy,0,0
35.35,31.81,53.84,3.45,development,sandy,4.76,0
41.41,27.02,42.03,4.41,mid_season,loamy,18.64,0
64.96,28.52,50.48,3.27,mid_season,sandy,10.08,0
60.24,20.86,83.7,0,initial,sandy,0,0
95,26.99,40.5,3.32,late,loamy,8.17,0
49.35,34.24,68.22,2.77,late,clay,7.18,0
73.3,34.49,41.02,3.62,mid_season,loamy,24.6,0
66.33,28.61,62.37,2.9,late,loamy,8.75,0
52.71,19.75,57.71,5.5,mid_season,sandy,18.79,0
95,30.34,65.7,3.38,development,clay,8.76,0
70.38,22.63,84.52,4.57,development,sandy,4.11,0
92.97,27.59,69.56,4.85,development,loamy,3.8,0
34.32,23.38,76.75,3.39,mid_season,clay,8.16,0
6.73,28.83,65.02,5.65,development,sandy,7.81,0
51.06,23.38,52.26,5.02,development,loamy,15.27,0
33.72,21.38,47.67,4.32,mid_season,sandy,11.84,0
41.41,30.2,49.84,4.23,late,loamy,3.16,0
31.05,22.49,59.82,3.4,late,loamy,25.66,0
54.16,18.13,84.36,4.07,development,clay,0.28,0
54.55,29.42,76.63,5.25,initial,loamy,10.74,0
48.27,18.77,75.22,0,initial,sandy,0,0
68.12,28.32,44.03,0,development,loamy,0,0
68.02,19.63,82.02,4.03,development,clay,10.04,0
68.83,35.73,51.0,4.26,initial,sandy,13.31,0
90.15,29.91,83.62,0.78,initial,clay,3.89,0
79.39,23.07,65.65,4.77,late,loamy,14.93,0
52.62,25.58,47.25,3.76,development,loamy,7.33,0
81.65,26.36,79.27,0,initial,loamy,0,0
76.17,32.06,74.74,0,initial,loamy,0,0
44.2,31.08,41.23,3.39,mid_season,clay,15.92,0
26.79,22.14,55.19,3.96,mid_season,clay,11.36,0
42.9,35.3,71.75,3.23,development,loamy,0.18,0
33.97,24.92,78.36,5.07,development,clay,9.23,0
63.07,28.76,35.93,0,initial,sandy,0,0
81.79,29.71,37.43,2.12,mid_season,clay,5.81,0
25.1,25.76,74.95,3.33,development,sandy,8.88,0
42.18,32.19,70.53,5.5,late,sandy,10.86,0
53.52,31.12,54.16,3.31,mid_season,clay,22.18,0
77.88,26.39,79.76,4.73,mid_season,sandy,13.26,0
66.16,25.65,58.36,3.46,late,sandy,2.13,0
32.61,25.39,70.65,3.81,initial,clay,1.16,0
90.22,23.67,46.85,3.54,mid_season,loamy,19.45,0
42.32,26.28,74.35,2.43,mid_season,clay,10.69,0
41.67,33.7,60.51,5.01,late,clay,23.54,0
62.52,22.82,60.94,3.47,late,loamy,5.83,0
40.88,24.21,81.08,3.33,initial,sandy,8.37,0
53.93,23.26,82.32,4.02,late,loamy,10.82,0
64.71,19.32,59.24,5.13,initial,loamy,8.54,0
29.48,19.64,73.92,3.13,initial,clay,3.95,0
63.58,19.77,81.92,3.15,development,loamy,0.4,0
52.74,20.08,54.64,6.08,mid_season,clay,6.18,0
46.56,25.21,68.47,2.98,initial,clay,16.74,0
51.61,23.92,41.89,4.25,mid_season,sandy,5.12,0
43.16,29.04,39.97,4.04,initial,clay,15.16,0
49.47,27.55,78.11,5.11,mid_season,clay,6.04,0
46.46,31.8,75.15,3.75,initial,sandy,3.87,0
74.97,29.66,38.06,0,mid_season,clay,0,0
46.58,23.22,48.41,3.81,late,loamy,7.37,0
32.72,34.73,41.79,0,late,sandy,0,1
66.38,26.06,74.58,4.64,late,loamy,0.58,0
39.99,31.01,42.57,2.53,initial,clay,6.7,0
66.73,33.03,72.79,5.63,development,sandy,7.52,0
34.42,22.59,46.46,3.45,development,sandy,6.71,0
34.69,18.07,69.3,4.93,initial,clay,8.71,0
80.27,21.23,73.16,4.01,initial,clay,2.35,0
37.85,33.68,49.19,1.29,late,loamy,30.45,0
44.71,26.68,61.84,4.85,development,loamy,16.84,0
63.0,27.68,42.98,5.49,initial,sandy,1.25,0
49.78,18.94,76.4,4.84,mid_season,sandy,16.56,0
50.57,26.47,56.57,0,initial,sandy,0,0
78.41,30.62,52.52,5.13,initial,loamy,6.84,0
52.85,26.89,46.5,3.86,initial,loamy,10.77,0
78.19,34.31,61.26,0,development,sandy,0,0
48.66,21.39,63.28,3.03,mid_season,sandy,7.08,0
71.01,18.93,57.96,6.09,development,sandy,5.48,0
73.53,28.75,54.38,5.82,mid_season,sandy,12.83,0
35.64,24.3,82.21,5.21,mid_season,clay,12.08,0
47.73,33.74,44.05,0,initial,clay,0,0
82.41,21.82,57.12,4.53,mid_season,clay,9.21,0
64.46,30.8,53.98,3.05,initial,loamy,0.02,0
84.56,25.64,50.32,4.57,development,clay,9.8,0
42.03,27.07,64.82,3.25,development,loamy,1.03,0
41.11,20.04,46.34,6.18,mid_season,sandy,18.05,0
39.01,35.31,61.47,4.92,late,clay,15.25,0
5.89,23.91,80.14,5.02,late,sandy,25.03,0
64.37,18.82,55.02,4.41,initial,clay,11.02,0
40.51,22.65,41.54,4.13,late,loamy,3.96,0
50.74,30.98,48.04,3.13,mid_season,clay,12.65,0
56.38,35.95,39.83,2.6,development,clay,3.38,0
59.85,28.67,76.76,2.76,initial,sandy,1.51,0
87.01,27.64,69.37,3.57,mid_season,sandy,24.44,0
60.18,28.25,37.35,4.46,mid_season,sandy,7.67,0
13.72,29.15,41.87,4.06,late,loamy,4.34,0
68.4,20.24,40.48,3.42,development,loamy,10.55,0
54.33,31.99,83.92,2.42,mid_season,loamy,4.18,0
66.47,20.88,79.86,0,late,loamy,0,0
32.42,29.6,58.43,5.43,development,sandy,11.44,0
48.48,21.78,54.55,4.43,mid_season,sandy,6.94,0
52.88,34.72,44.92,2.98,mid_season,loamy,8.04,0
60.39,20.93,79.16,5.05,initial,loamy,2.31,0
59.8,29.1,84.13,0,development,loamy,0,0
46.23,19.01,60.45,3.83,development,clay,16.32,0
25.28,23.48,70.56,0,mid_season,loamy,0,1
33.98,21.82,81.09,2.97,initial,loamy,20.99,0
66.78,19.55,65.05,0,initial,clay,0,0
82.76,25.21,46.02,4.15,late,clay,14.75,0
32.03,21.25,77.32,2.44,development,loamy,11.99,0
47.03,29.29,65.94,4.4,mid_season,sandy,4.24,0
59.59,33.31,67.27,4.56,mid_season,sandy,13.43,0
59.83,18.76,74.52,4.65,mid_season,clay,8.53,0
62.16,34.73,77.97,2.67,initial,clay,4.78,0
49.22,34.56,39.61,4.51,late,loamy,0.57,0
47.61,25.54,51.35,4.38,late,clay,6.18,0
82.68,34.41,35.62,4.17,late,sandy,16.66,0
57.69,34.97,50.46,4.19,late,sandy,4.71,0
67.95,28.23,83.14,5.46,mid_season,clay,5.3,0
69.61,24.97,36.64,5.64,development,sandy,1.76,0
73.93,32.96,73.38,4.45,late,clay,7.33,0
48.77,18.63,70.27,3.74,late,loamy,17.64,0
84.18,25.45,38.8,4.65,mid_season,loamy,2.62,0
73.35,18.62,45.5,4.56,late,clay,19.33,0
49.81,19.93,65.6,3.67,late,clay,15.46,0
47.79,28.02,51.95,6.06,initial,clay,2.71,0
43.82,21.66,63.63,4.1,initial,clay,19.23,0
95,20.64,39.1,3.56,initial,sandy,3.91,0
18.69,23.49,59.92,5.18,mid_season,sandy,10.0,0
60.23,30.44,65.46,5.89,development,loamy,7.66,0
48.43,24.29,35.64,4.34,initial,clay,0.33,0
74.1,22.86,51.61,5.44,late,sandy,16.93,0
89.17,18.53,64.99,3.75,development,sandy,7.11,0
79.51,35.19,79.14,0,initial,sandy,0,0
89.42,29.69,76.81,3.71,development,sandy,2.16,0
47.21,35.06,47.15,5.02,late,clay,14.5,0
68.38,32.16,44.82,3.05,mid_season,sandy,15.3,0
89.18,19.83,49.0,5.56,late,sandy,6.1,0
77.48,33.51,55.79,4.46,mid_season,loamy,5.53,0
42.4,29.83,72.88,3.82,late,loamy,15.35,0
71.24,23.47,39.97,2.47,development,loamy,1.02,0
60.47,22.19,49.83,2.68,late,sandy,12.11,0
69.31,31.93,80.74,4.88,initial,clay,10.71,0
45.85,23.89,43.54,3.06,late,sandy,7.18,0
56.0,30.7,61.66,4.81,late,clay,9.69,0
59.94,19.71,48.03,4.84,late,clay,7.04,0
56.42,26.25,47.15,3.83,initial,clay,2.54,0
66.1,34.55,77.58,2.04,late,clay,16.04,0
57.97,30.98,83.22,1.93,development,loamy,7.02,0
60.21,35.43,46.29,1.89,mid_season,sandy,4.04,0
64.49,34.84,74.08,2.15,development,loamy,12.44,0
67.12,25.01,75.64,0,late,loamy,0,0
67.23,18.98,65.43,2.68,late,sandy,18.49,0
31.15,29.09,80.09,4.33,development,clay,0.4,0
42.2,29.79,43.74,3.41,mid_season,loamy,5.72,0
90.15,20.05,82.97,4.45,late,loamy,8.13,0
60.27,34.36,64.0,2.56,late,loamy,22.07,0
58.44,22.03,82.48,3.87,development,clay,14.54,0
57.23,23.47,80.8,3.3,mid_season,clay,13.54,0
71.54,23.83,50.81,4.13,mid_season,loamy,9.47,0
67.59,25.74,58.94,4.29,late,loamy,15.57,0
42.62,21.86,54.08,5.57,development,sandy,11.81,0
48.59,33.61,40.23,4.52,late,loamy,11.15,0
54.47,26.94,45.94,2.73,initial,loamy,1.3,0
39.84,29.9,59.35,4.46,late,loamy,2.8,0
36.26,21.86,70.8,5.14,development,clay,15.33,0
53.23,25.51,49.92,5.65,initial,clay,4.65,0
60.18,20.77,35.51,2.68,initial,loamy,5.91,0
49.48,28.56,57.62,4.22,mid_season,loamy,11.42,0
38.25,31.47,76.89,3.09,late,clay,8.16,0
78.63,28.98,64.9,4.14,mid_season,loamy,18.1,0
31.91,30.75,71.11,3.71,initial,sandy,1.29,0
50.4,27.4,79.06,4.7,late,sandy,19.56,0
5.98,19.71,48.77,2.26,initial,sandy,11.21,0
92.09,18.54,62.6,4.77,late,sandy,8.19,0
61.49,28.65,44.32,3.72,development,sandy,22.46,0
54.74,26.75,55.45,2.13,development,clay,13.99,0
35.83,22.17,55.71,6.23,initial,loamy,0.11,0
62.39,19.92,67.36,3.24,late,sandy,3.58,0
76.1,23.73,37.74,0,initial,loamy,0,0
95,20.35,38.04,3.19,late,sandy,16.4,0
59.27,23.04,41.81,3.74,initial,loamy,18.22,0
61.07,34.69,35.88,4.39,late,sandy,8.64,0
46.36,19.26,51.68,4.19,mid_season,clay,9.47,0
75.55,33.45,47.37,0,development,clay,0,0
34.63,33.09,52.4,3.93,late,clay,6.36,0
44.85,33.53,50.85,4.15,initial,sandy,12.03,0
48.19,25.21,62.38,3.73,late,clay,10.16,0
62.43,32.93,72.14,6.13,mid_season,clay,19.4,0
27.61,34.47,65.46,4.79,late,sandy,7.7,0
36.37,26.31,65.48,0,initial,sandy,0,0
77.54,27.66,39.3,3.27,development,clay,10.22,0
34.92,19.98,83.64,3.97,late,loamy,8.41,0
48.39,19.27,68.14,0,late,clay,0,0
66.25,28.91,55.54,5.24,late,clay,5.8,0
69.9,35.53,43.77,0,initial,clay,0,0
92.93,20.86,63.64,4.05,development,loamy,10.23,0
63.34,25.6,41.64,3.67,development,sandy,10.1,0
24.84,34.75,59.57,4.04,development,loamy,13.02,0
61.28,20.85,79.58,5.48,late,loamy,12.55,0
53.49,18.66,80.33,3.8,development,sandy,8.22,0
69.49,22.98,84.28,4.62,development,loamy,18.94,0
27.13,22.14,47.81,6.07,mid_season,sandy,11.15,0
48.45,31.72,62.03,3.48,initial,sandy,7.52,0
57.57,21.82,54.78,4.34,initial,clay,1.77,0
49.83,20.31,74.56,4.37,late,sandy,6.31,0
58.59,30.43,74.75,4.11,initial,clay,6.61,0
26.73,27.97,66.69,3.96,late,loamy,6.47,0
36.96,27.5,53.95,3.08,development,loamy,4.55,0
95,32.31,44.45,4.17,mid_season,loamy,4.22,0
60.97,33.35,68.78,0,initial,loamy,0,0
53.03,21.82,56.47,3.36,development,clay,16.08,0
61.29,26.63,44.02,2.45,initial,clay,2.59,0
53.76,30.41,70.17,4.87,mid_season,clay,3.02,0
69.2,18.88,43.18,0,late,sandy,0,0
69.5,20.29,53.87,6.37,late,loamy,0.75,0
75.1,22.88,56.11,2.89,initial,loamy,6.06,0
47.41,27.19,74.94,5.05,initial,sandy,12.75,0
47.12,26.9,56.66,3.82,development,sandy,9.27,0
74.84,35.92,56.59,0,initial,clay,0,0
57.12,29.16,53.17,4.0,late,loamy,7.1,0
37.11,23.87,36.46,2.15,late,sandy,13.77,0
50.41,35.87,68.06,5.15,mid_season,sandy,14.78,0
17.34,19.6,76.32,0,initial,loamy,0,0
55.24,26.52,39.12,3.18,mid_season,clay,7.97,0
84.57,28.5,45.68,4.67,initial,clay,4.36,0
21.3,28.73,77.35,5.59,late,clay,6.87,0
26.48,22.64,53.62,2.04,initial,sandy,4.89,0
62.33,26.3,74.1,3.31,development,sandy,1.61,0
80.44,31.36,36.84,3.89,development,loamy,0.82,0
31.45,29.25,71.34,5.13,initial,sandy,5.78,0
67.35,35.51,84.95,4.07,late,clay,0.32,0
27.57,35.64,49.76,5.14,initial,sandy,0.41,0
60.65,19.75,45.19,6.11,development,sandy,10.44,0
60.74,30.15,35.01,3.81,development,sandy,1.36,0
57.4,28.78,64.44,5.15,development,sandy,14.55,0
65.04,26.57,61.65,3.13,initial,clay,7.27,0
60.32,28.53,60.45,4.16,development,sandy,16.59,0
80.65,31.83,64.98,0,development,sandy,0,0
28.62,25.57,79.56,3.57,mid_season,sandy,5.22,0
72.23,22.27,37.13,6.33,initial,sandy,1.57,0
31.76,34.42,80.36,4.3,initial,clay,5.89,0
62.85,34.88,72.09,2.63,initial,loamy,1.03,0
17.04,30.06,37.79,3.6,development,loamy,4.58,0
70.12,30.56,50.81,4.44,development,clay,1.65,0
95,29.3,67.62,4.89,development,clay,13.04,0
42.52,26.04,67.86,3.7,initial,sandy,11.26,0
71.87,33.41,39.78,4.64,mid_season,loamy,16.83,0
60.77,22.26,55.61,3.36,late,loamy,1.84,0
48.15,32.13,54.05,2.2,mid_season,loamy,16.85,0
27.3,35.38,84.04,2.86,mid_season,sandy,7.91,0
31.9,30.09,38.09,2.88,mid_season,sandy,9.7,0
39.19,19.06,76.7,0,development,sandy,0,1
26.44,35.69,71.96,2.45,late,loamy,9.59,0
62.65,22.67,58.45,3.59,development,sandy,4.92,0
27.15,24.42,41.22,5.12,late,sandy,5.39,0
48.83,23.75,50.33,2.9,mid_season,loamy,7.89,0
62.09,35.2,48.45,0,mid_season,sandy,0,0
40.3,20.69,84.9,0,initial,clay,0,0
70.36,27.37,42.89,1.58,late,clay,15.84,0
36.31,22.06,82.02,2.84,development,clay,11.94,0
63.86,20.97,46.38,4.13,initial,sandy,4.17,0
63.39,29.44,41.04,2.36,late,clay,3.35,0
57.69,32.81,72.4,4.95,late,loamy,18.12,0
56.86,28.4,46.93,4.24,initial,sandy,2.38,0
59.62,18.75,65.6,0,initial,clay,0,0
60.83,28.31,58.76,4.66,mid_season,sandy,17.0,0
80.44,29.68,70.78,2.5,initial,clay,5.75,0
77.62,31.61,75.34,5.11,late,clay,18.58,0
24.59,23.72,64.49,4.95,development,sandy,2.87,0
46.08,33.94,79.78,2.64,development,sandy,22.06,0
71.67,28.0,37.51,3.87,development,sandy,12.13,0
52.13,30.61,83.44,4.14,late,loamy,15.84,0
59.52,30.8,64.26,3.19,late,loamy,11.69,0
56.62,21.84,63.41,4.5,late,clay,3.9,0
75.65,24.32,80.35,4.29,initial,sandy,2.88,0
67.09,19.39,46.01,5.96,mid_season,clay,10.57,0
73.21,35.04,57.92,5.89,mid_season,loamy,11.07,0
37.53,32.1,45.78,1.69,development,clay,11.55,0
47.73,26.93,39.46,0,initial,clay,0,0
73.7,23.73,38.37,0,mid_season,loamy,0,0
76.43,34.58,82.36,4.23,late,clay,3.25,0
64.43,23.37,58.71,0.97,development,sandy,8.61,0
29.44,20.0,37.19,3.88,development,clay,1.89,0
42.38,25.72,62.15,0,mid_season,loamy,0,1
63.88,21.16,68.23,5.38,initial,clay,4.52,0
39.43,34.01,56.76,3.74,initial,loamy,17.2,0
91.37,32.81,68.34,3.86,late,sandy,3.17,0
78.18,27.64,69.58,4.98,initial,loamy,10.66,0
28.96,29.19,69.88,2.77,development,loamy,1.58,0
95,18.68,62.61,5.16,development,sandy,14.47,0
62.61,24.34,56.34,4.11,development,sandy,8.11,0
41.17,25.31,55.63,6.02,mid_season,clay,12.35,0
56.09,19.39,70.34,6.09,development,sandy,4.96,0
43.92,26.85,47.36,4.55,initial,sandy,2.45,0
88.78,33.1,58.26,3.82,development,sandy,3.88,0
45.33,22.49,42.2,1.61,development,clay,11.19,0
54.35,19.8,65.51,2.55,initial,sandy,9.52,0
71.26,19.29,45.46,4.11,initial,loamy,7.21,0
41.8,32.66,55.68,0,mid_season,sandy,0,1
50.22,31.39,50.96,3.89,late,sandy,6.58,0
57.21,26.01,71.32,2.68,late,sandy,8.81,0
48.83,30.8,46.59,6.69,mid_season,clay,21.02,0
40.21,24.95,66.84,4.56,initial,clay,8.48,0
19.93,24.58,50.07,0,development,sandy,0,1
38.01,20.74,79.13,3.99,development,loamy,18.0,0
57.69,21.1,57.75,3.79,initial,clay,3.72,0
45.47,32.34,55.52,0,development,sandy,0,1
58.75,23.62,48.89,5.07,late,loamy,2.35,0
40.36,30.31,45.81,0,development,sandy,0,1
65.56,33.17,48.43,4.38,mid_season,loamy,3.66,0
63.01,21.29,71.23,5.03,mid_season,clay,13.91,0
41.14,22.65,63.4,4.51,development,clay,14.36,0
40.67,32.3,52.92,0,initial,sandy,0,0
65.38,25.39,50.08,5.03,development,sandy,1.14,0
51.34,29.92,52.5,4.22,late,sandy,17.2,0
39.15,28.03,73.43,3.83,late,sandy,12.47,0
7.99,23.64,76.84,0,initial,loamy,0,0
41.3,20.82,61.09,4.28,late,sandy,10.25,0
66.65,30.41,35.74,2.2,initial,clay,0.3,0
78.98,27.33,44.37,2.99,initial,loamy,9.08,0
48.36,35.22,57.12,2.2,initial,sandy,3.03,0
26.3,28.36,36.91,5.67,mid_season,clay,9.19,0
47.73,27.03,81.0,6.77,development,loamy,8.58,0
66.03,29.1,42.22,6.99,development,loamy,4.95,0
65.07,20.19,68.86,3.73,development,clay,11.69,0
53.75,32.52,46.84,0,initial,clay,0,0
33.88,32.0,64.95,5.41,initial,loamy,14.49,0
55.69,27.43,67.57,0,initial,clay,0,0
40.71,21.59,40.2,4.21,mid_season,loamy,3.98,0
79.8,24.95,79.21,5.04,initial,loamy,0.2,0
46.16,35.0,44.51,4.01,mid_season,sandy,7.54,0
60.65,31.44,67.88,2.79,mid_season,clay,5.15,0
65.13,25.07,59.0,4.48,mid_season,clay,19.51,0
57.59,26.03,39.93,4.17,initial,sandy,8.47,0
55.16,21.81,81.62,4.36,development,clay,4.99,0
41.36,33.34,50.52,3.18,development,sandy,9.09,0
75.24,19.12,75.16,5.83,development,loamy,2.78,0
79.53,24.02,64.2,3.85,initial,sandy,8.05,0
56.72,35.07,37.53,0,initial,clay,0,0
44.71,33.64,78.53,4.24,late,loamy,4.22,0
41.54,29.71,68.82,4.69,mid_season,sandy,3.29,0
62.62,30.58,82.22,2.91,late,clay,8.25,0
50.18,34.58,76.98,4.02,late,clay,2.01,0
37.78,33.94,72.75,0,initial,clay,0,0
20.04,25.74,58.32,4.41,late,loamy,9.43,0
53.76,29.64,73.04,4.03,development,loamy,13.7,0
45.91,20.86,70.07,3.99,development,sandy,8.15,0
38.29,25.99,75.34,0,initial,loamy,0,0
47.76,18.69,62.61,3.45,mid_season,sandy,8.11,0
70.89,35.99,59.46,5.54,development,clay,5.76,0
87.28,30.73,57.08,2.53,late,loamy,1.25,0
13.76,22.18,62.16,3.21,development,loamy,6.17,0
19.17,27.05,52.07,3.33,development,clay,7.18,0
60.41,33.42,53.5,6.22,development,loamy,8.66,0
46.03,29.29,72.69,5.32,late,loamy,2.27,0
59.13,27.91,37.38,3.53,late,loamy,2.05,0
51.63,34.75,84.65,3.24,late,sandy,8.96,0
67.74,19.01,43.76,0,mid_season,sandy,0,0
95,20.91,37.59,2.84,late,loamy,4.01,0
42.69,32.01,54.97,4.26,development,loamy,13.93,0
65.19,23.5,66.66,5.74,development,sandy,13.96,0
82.64,20.5,77.24,0,initial,loamy,0,0
44.93,35.74,59.26,4.37,late,clay,13.19,0
38.03,22.64,72.65,2.66,late,sandy,14.7,0
52.41,18.75,79.17,4.08,mid_season,clay,6.78,0
38.46,29.16,36.38,3.28,late,sandy,0.48,0
35.16,33.8,69.35,2.72,development,loamy,10.36,0
41.5,23.19,53.1,3.83,late,loamy,5.09,0
63.93,26.05,71.7,3.84,mid_season,loamy,11.36,0
43.83,20.99,76.5,3.9,mid_season,clay,16.42,0
39.65,25.17,36.48,4.03,initial,loamy,5.0,0
33.65,29.43,75.42,4.64,late,sandy,6.36,0
61.24,21.37,42.9,3.87,late,sandy,8.95,0
58.41,24.19,50.36,4.42,mid_season,clay,19.31,0
54.62,24.06,78.37,1.14,late,sandy,17.37,0
54.3,31.8,73.15,6.21,mid_season,clay,0.39,0
73.97,18.07,63.26,5.53,late,sandy,15.96,0
54.41,19.18,75.66,3.58,late,sandy,10.65,0
59.17,18.53,82.35,4.32,development,clay,3.51,0
32.84,30.24,49.44,2.89,development,clay,9.57,0
80.46,22.25,35.89,2.86,late,sandy,1.88,0
34.2,29.95,56.45,4.23,mid_season,sandy,5.29,0
44.36,21.19,36.43,3.43,mid_season,loamy,19.16,0
37.32,18.54,46.4,4.79,mid_season,sandy,1.72,0
48.84,34.35,47.16,5.76,development,sandy,9.56,0
54.23,20.22,73.1,2.03,development,sandy,9.65,0
41.19,32.44,53.73,4.54,mid_season,loamy,12.95,0
31.76,31.67,75.09,3.57,late,loamy,2.27,0
74.46,24.68,64.59,3.41,late,loamy,13.34,0
68.51,27.04,63.84,4.79,mid_season,clay,15.75,0
64.91,29.9,40.19,5.47,late,clay,7.73,0
49.73,28.41,40.61,4.28,mid_season,clay,8.03,0
53.95,18.11,65.75,5.48,development,loamy,16.65,0
64.42,34.53,65.64,3.32,late,clay,10.07,0
81.33,34.89,77.91,4.45,mid_season,loamy,8.24,0
59.03,35.58,44.89,3.96,development,sandy,4.53,0
81.84,26.57,36.0,1.38,late,clay,14.13,0
66.2,29.45,73.45,0,initial,loamy,0,0
46.4,20.63,46.6,0,initial,clay,0,0
70.5,32.29,76.79,0,mid_season,sandy,0,0
45.1,19.13,47.95,0,mid_season,sandy,0,1
52.83,35.0,68.96,0,late,sandy,0,1
43.63,18.75,36.83,0,initial,clay,0,0
55.74,20.8,80.72,4.41,mid_season,clay,3.45,0
73.77,21.35,82.49,4.0,late,clay,1.64,0
70.72,20.4,84.34,4.06,late,clay,23.83,0
67.65,30.0,52.79,4.9,late,sandy,0.2,0
43.46,32.34,35.25,4.69,mid_season,sandy,5.96,0
45.67,20.13,51.63,4.66,initial,loamy,6.86,0
66.49,34.19,81.74,2.99,mid_season,loamy,9.22,0
71.95,26.61,65.05,5.73,late,sandy,7.49,0
42.68,29.31,48.88,4.16,mid_season,loamy,10.39,0
50.47,29.09,55.53,0,initial,sandy,0,0
42.04,33.63,66.89,5.89,late,sandy,14.14,0
53.14,23.77,66.94,0,development,sandy,0,1
29.04,25.9,68.38,4.07,initial,loamy,14.17,0
74.16,33.84,76.65,3.36,late,loamy,15.72,0
41.7,18.78,60.42,3.75,development,loamy,14.7,0
95,20.91,83.54,3.65,mid_season,clay,7.9,0
70.39,28.27,84.23,2.81,late,sandy,16.97,0
40.94,35.95,82.17,3.3,initial,sandy,11.29,0
81.49,35.57,58.91,4.34,development,loamy,9.17,0
72.88,30.54,66.0,4.9,development,clay,12.79,0
41.21,28.09,83.46,0,late,sandy,0,1
57.34,26.29,69.4,4.61,mid_season,sandy,4.63,0
32.72,31.98,36.51,4.23,initial,clay,3.47,0
75.9,27.0,84.07,3.54,development,sandy,5.06,0
56.3,25.07,42.02,2.17,development,loamy,12.46,0
71.44,21.52,79.24,3.61,late,clay,13.69,0
27.5,26.42,62.05,3.95,late,loamy,14.43,0
65.34,32.67,69.54,2.88,development,sandy,14.26,0
68.44,23.4,39.25,3.16,development,clay,19.03,0
56.72,31.76,41.69,4.03,late,sandy,16.01,0
35.51,28.58,73.34,3.86,development,clay,7.14,0
69.75,22.27,79.8,2.83,mid_season,loamy,24.13,0
76.33,20.27,51.82,3.74,mid_season,loamy,16.07,0
38.6,34.49,82.74,3.98,initial,loamy,4.67,0
31.55,27.76,39.97,0,development,loamy,0,1
29.16,27.44,58.57,3.31,mid_season,clay,10.45,0
39.0,23.03,83.58,4.62,late,sandy,15.16,0
29.33,31.88,80.16,5.69,mid_season,loamy,11.93,0
66.57,27.96,59.94,0,initial,clay,0,0
90.14,22.15,64.21,0,development,sandy,0,0
65.71,28.88,36.04,3.2,initial,loamy,1.82,0
47.25,24.77,75.87,0,initial,loamy,0,0
60.3,27.52,70.59,2.47,late,sandy,11.86,0
87.31,35.97,37.86,2.95,mid_season,sandy,0.11,0
15.71,24.15,73.13,4.72,late,clay,6.59,0
52.63,18.18,80.29,3.2,initial,clay,3.65,0
64.95,26.12,70.2,4.55,initial,clay,2.65,0
73.92,28.62,61.48,3.35,development,loamy,7.3,0
77.97,25.52,74.69,0,initial,loamy,0,0
41.85,28.6,72.46,5.3,development,loamy,16.91,0
58.47,25.98,68.31,4.13,initial,clay,12.58,0
24.47,23.02,79.28,4.46,mid_season,loamy,16.59,0
60.07,23.62,47.89,5.29,late,loamy,17.56,0
52.55,19.22,50.56,0,development,loamy,0,0
52.21,29.1,64.68,4.89,mid_season,loamy,10.92,0
77.97,23.88,51.21,0,initial,clay,0,0
62.43,33.83,77.85,1.27,initial,loamy,5.73,0
38.48,33.62,60.53,4.34,mid_season,sandy,8.44,0
20.06,34.64,59.5,4.26,late,loamy,2.74,0
47.4,33.14,36.44,0,initial,sandy,0,0
30.08,21.41,62.29,0,late,clay,0,1
59.28,24.99,52.12,3.58,initial,sandy,16.37,0
64.75,21.61,63.18,4.29,late,sandy,7.91,0
35.96,18.69,68.72,0,development,sandy,0,1
81.9,19.36,45.97,3.13,late,loamy,11.04,0
56.33,29.82,46.78,4.47,initial,clay,14.33,0
58.58,31.3,67.06,2.94,mid_season,clay,23.51,0
48.81,20.63,81.95,3.09,mid_season,loamy,13.32,0
82.61,19.0,65.1,3.71,development,clay,25.34,0
87.12,20.56,61.7,4.31,development,loamy,17.0,0
14.65,25.82,80.92,3.38,late,clay,8.97,0
59.12,20.97,58.26,4.91,late,clay,11.5,0
68.84,21.5,44.0,4.01,development,clay,4.4,0
49.26,33.35,36.77,0,initial,loamy,0,0
60.58,26.96,73.53,5.59,late,clay,18.57,0
47.09,31.33,74.68,4.34,late,clay,13.7,0
62.83,20.32,78.72,0,mid_season,sandy,0,0
81.77,20.21,71.66,2.85,mid_season,loamy,14.62,0
57.02,26.7,45.8,2.16,mid_season,loamy,19.76,0
34.43,34.91,62.12,5.07,late,clay,12.22,0
43.58,32.93,76.24,4.6,mid_season,clay,7.98,0
5,29.75,59.41,4.45,late,sandy,4.99,0
41.11,29.87,78.62,2.92,mid_season,clay,10.13,0
52.96,32.3,62.93,4.18,initial,sandy,5.53,0
62.33,31.99,41.74,4.3,initial,clay,0.91,0
58.79,18.74,35.81,2.14,mid_season,sandy,21.14,0
33.33,21.19,56.36,3.14,mid_season,sandy,1.06,0
48.4,32.49,57.05,1.37,mid_season,loamy,10.13,0
30.49,34.25,52.32,2.19,initial,sandy,9.43,0
44.71,25.78,47.72,3.56,late,loamy,19.45,0
42.71,22.64,84.1,4.12,mid_season,clay,11.76,0
13.99,32.7,66.8,2.74,mid_season,loamy,18.34,0
56.05,29.43,62.83,3.57,initial,sandy,7.7,0
70.98,29.8,38.29,0,mid_season,clay,0,0
63.68,34.75,82.63,0,initial,sandy,0,0
58.0,22.73,38.38,0,initial,loamy,0,0
67.22,35.34,50.83,5.14,late,clay,23.1,0
58.97,34.55,61.01,3.93,initial,clay,2.5,0
49.83,27.3,77.25,2.76,mid_season,loamy,12.33,0
62.95,33.17,43.11,4.42,initial,sandy,7.51,0
65.39,34.31,53.0,2.89,mid_season,sandy,17.67,0
47.49,28.55,41.65,5.4,late,clay,10.37,0
42.73,25.29,58.95,3.94,mid_season,clay,15.97,0
36.22,32.73,43.01,0,development,sandy,0,1
77.55,31.95,38.37,2.46,initial,clay,5.66,0
69.72,33.95,70.53,4.53,development,loamy,9.53,0
55.05,21.45,67.84,4.52,late,sandy,13.04,0
31.22,26.66,83.41,4.75,initial,loamy,3.9,0
46.39,32.27,51.66,1.84,initial,clay,21.87,0
71.42,23.78,51.51,3.53,mid_season,loamy,4.99,0
43.6,30.53,35.83,0,development,loamy,0,1
76.2,22.87,51.7,3.73,mid_season,sandy,9.4,0
39.14,21.62,65.35,0,development,sandy,0,1
70.71,21.21,41.13,3.57,development,sandy,6.85,0
47.91,25.06,48.32,4.23,development,loamy,2.84,0
31.68,25.65,63.09,2.24,initial,loamy,12.57,0
46.01,30.4,44.55,5.66,mid_season,loamy,12.36,0
61.06,32.06,60.89,3.41,late,sandy,8.91,0
51.62,35.87,55.47,0,initial,clay,0,0
22.07,30.55,37.9,5.46,mid_season,sandy,4.91,0
50.34,31.51,72.72,4.5,late,loamy,19.3,0
50.9,30.5,45.05,4.74,late,clay,5.08,0
15.01,25.86,84.64,5.84,mid_season,sandy,8.56,0
38.51,23.96,56.89,0,initial,loamy,0,0
58.07,19.93,78.71,3.47,late,sandy,16.8,0
55.51,19.44,61.24,4.0,initial,clay,3.9,0
63.88,33.06,35.89,2.66,late,clay,18.49,0
42.02,25.32,77.97,0,initial,sandy,0,0
14.75,19.73,44.36,4.27,initial,loamy,1.21,0
54.23,28.56,75.2,4.75,initial,sandy,18.95,0
35.45,24.08,67.94,3.4,development,loamy,1.42,0
52.72,31.66,80.19,3.78,mid_season,sandy,9.13,0
54.2,19.35,74.75,0,late,clay,0,0
48.31,20.48,39.36,3.62,mid_season,loamy,16.04,0
22.88,35.04,49.64,4.58,initial,clay,8.8,0
61.07,20.29,55.2,2.68,late,clay,12.68,0
37.19,21.58,62.74,3.96,development,clay,8.49,0
70.05,23.27,76.15,3.27,development,sandy,6.11,0
74.49,22.12,80.35,0,initial,loamy,0,0
26.62,22.03,68.0,4.28,development,sandy,7.09,0
87.19,31.58,62.38,5.4,initial,sandy,6.84,0
48.47,32.7,54.13,5.59,mid_season,clay,21.69,0
59.67,19.82,48.74,0,late,loamy,0,0
53.09,23.98,84.65,0,development,clay,0,0
47.81,33.23,56.62,2.49,initial,loamy,5.57,0
45.43,27.65,62.01,4.41,initial,sandy,9.55,0
95,18.45,37.48,2.98,mid_season,loamy,13.75,0
34.26,35.81,54.34,4.11,mid_season,loamy,8.75,0
46.98,28.47,50.82,5.34,late,sandy,11.0,0
14.91,26.96,46.34,2.1,mid_season,sandy,12.72,0
58.98,30.58,47.68,4.09,initial,clay,16.28,0
40.71,31.71,56.77,1.33,mid_season,sandy,16.67,0
47.16,35.84,46.92,5.01,mid_season,loamy,24.45,0
74.49,34.78,69.73,0,initial,loamy,0,0
38.17,30.14,59.0,3.2,mid_season,loamy,5.34,0
44.13,35.44,44.48,3.33,development,loamy,9.17,0
56.06,24.36,67.67,2.73,development,clay,5.09,0
55.16,31.88,61.23,0,late,loamy,0,0
61.59,22.12,60.59,3.73,initial,sandy,10.25,0
47.93,30.57,44.09,2.55,late,clay,8.75,0
44.9,30.0,56.64,3.16,initial,sandy,10.92,0
47.46,20.5,60.44,3.77,late,sandy,8.61,0
60.85,20.16,81.05,3.89,development,clay,10.57,0
70.17,30.37,55.42,4.6,development,loamy,5.73,0
40.76,23.55,81.52,0,initial,sandy,0,0
44.91,31.41,84.08,3.5,late,sandy,1.29,0
65.53,32.48,44.53,5.13,mid_season,sandy,35.76,0
41.97,25.63,71.98,4.13,development,clay,6.91,0
82.41,19.96,57.08,3.58,mid_season,loamy,8.64,0
64.04,19.72,56.82,0,initial,loamy,0,0
56.23,33.79,81.84,2.6,initial,loamy,3.33,0
26.89,26.98,36.65,4.5,development,sandy,6.71,0
70.68,32.49,44.69,3.32,mid_season,clay,10.63,0
52.19,32.12,75.25,4.7,late,sandy,10.15,0
65.71,22.82,60.93,2.49,development,loamy,2.24,0
40.34,32.96,47.59,4.76,late,sandy,0.18,0
60.63,20.11,80.11,2.33,development,loamy,7.27,0
38.05,30.57,80.99,3.68,mid_season,sandy,2.11,0
51.06,23.01,66.69,4.43,development,sandy,11.24,0
75.55,20.37,67.1,4.16,development,sandy,10.25,0
73.46,18.35,72.09,5.15,late,sandy,12.53,0
58.09,28.63,53.39,4.14,initial,clay,7.5,0
72.21,19.03,38.45,4.19,late,loamy,18.27,0
63.8,29.06,82.97,1.28,initial,sandy,5.04,0
73.76,22.61,62.52,4.58,initial,loamy,7.89,0
88.12,23.66,83.82,5.59,late,sandy,8.82,0
64.11,28.03,80.93,3.62,initial,clay,6.9,0
64.64,34.28,63.29,0,initial,loamy,0,0
78.01,25.02,72.74,5.22,development,clay,11.12,0
64.8,32.63,45.07,4.58,mid_season,loamy,6.85,0
84.71,33.42,70.51,2.83,development,loamy,13.33,0
54.6,18.84,63.93,0,initial,clay,0,0
44.18,20.13,41.24,2.67,initial,clay,6.95,0
65.91,35.8,68.78,5.1,late,loamy,9.19,0
36.12,29.67,53.9,3.61,development,clay,4.86,0
71.6,28.54,37.91,2.2,mid_season,loamy,13.89,0
61.14,35.77,80.01,4.17,initial,sandy,13.05,0
72.9,19.42,45.73,4.53,late,sandy,11.74,0
56.08,35.08,56.46,0,late,clay,0,0
66.82,24.7,72.25,1.96,mid_season,clay,10.54,0
73.4,32.4,38.3,2.89,late,clay,9.25,0
49.33,24.52,43.83,3.21,late,clay,15.38,0
72.79,33.63,66.29,0,mid_season,clay,0,0
39.37,32.86,35.23,2.97,mid_season,sandy,11.24,0
62.4,22.41,79.05,3.63,mid_season,clay,23.82,0
45.8,33.99,65.26,2.82,initial,clay,13.84,0
62.82,29.14,42.8,3.16,mid_season,clay,14.44,0
74.34,35.07,35.45,1.78,initial,clay,2.64,0
51.99,35.22,84.67,2.99,late,clay,7.69,0
37.83,31.77,76.39,4.47,initial,clay,4.04,0
56.42,28.03,48.32,4.31,late,clay,2.0,0
50.94,26.6,48.21,3.25,initial,sandy,0.92,0
66.58,34.84,78.81,4.41,development,loamy,5.07,0
90.71,31.95,82.94,4.76,initial,sandy,7.06,0
31.23,30.98,78.92,3.93,development,sandy,1.19,0
62.63,25.16,56.02,3.33,development,loamy,5.32,0
62.69,33.59,81.68,0,initial,clay,0,0
57.7,35.34,36.38,0,mid_season,sandy,0,1
59.77,31.98,75.76,5.58,mid_season,loamy,17.9,0
65.66,32.93,42.05,3.6,initial,loamy,17.59,0
50.13,30.7,75.28,4.84,late,clay,21.31,0
69.12,28.62,76.0,4.9,development,clay,10.49,0
52.48,26.98,66.38,2.28,mid_season,sandy,11.85,0
42.21,34.22,54.45,4.71,development,loamy,3.66,0
41.46,30.95,70.86,3.23,initial,loamy,9.38,0
61.05,35.48,47.45,5.03,mid_season,clay,26.63,0
49.03,32.68,51.71,3.72,initial,loamy,0.3,0
40.85,34.76,79.46,3.46,development,loamy,13.98,0
46.91,19.02,37.49,5.85,late,clay,8.0,0
71.97,18.19,58.96,0,mid_season,clay,0,0
42.76,32.49,58.84,4.71,initial,sandy,7.19,0
81.09,20.23,36.7,3.58,initial,sandy,5.87,0
73.15,19.41,71.87,4.26,development,sandy,0.44,0
38.11,30.86,62.69,0,initial,loamy,0,0
53.93,34.87,72.06,2.57,development,loamy,13.01,0
85.34,23.88,72.27,5.54,development,loamy,3.94,0
65.59,24.46,58.85,3.89,development,sandy,12.5,0
77.57,23.06,55.2,3.78,development,sandy,9.79,0
84.81,27.06,36.52,2.09,development,sandy,5.15,0
67.6,29.38,83.17,4.52,late,loamy,21.86,0
37.44,31.57,47.04,4.23,development,clay,7.33,0
73.96,35.2,44.53,4.14,mid_season,loamy,10.89,0
49.35,25.5,68.62,0,initial,loamy,0,0
52.1,20.07,64.87,3.92,development,sandy,14.61,0
61.42,35.37,59.67,4.19,late,loamy,12.97,0
51.21,21.64,70.27,3.45,late,sandy,6.28,0
69.4,31.65,77.29,4.62,development,loamy,8.29,0
51.07,23.6,79.68,3.44,mid_season,loamy,19.18,0
35.46,24.61,56.94,2.3,development,sandy,7.03,0
64.72,32.75,49.96,0,mid_season,sandy,0,0
30.89,29.04,64.77,4.91,mid_season,loamy,21.18,0
52.85,20.15,72.32,4.68,initial,loamy,6.47,0
34.51,24.31,38.75,4.02,development,clay,9.71,0
52.36,27.15,76.7,0,initial,loamy,0,0
44.23,24.27,61.72,0,development,sandy,0,1
50.91,32.13,37.81,5.66,mid_season,clay,16.26,0
26.7,34.24,56.52,3.05,mid_season,loamy,7.11,0
81.0,32.31,67.13,4.32,mid_season,sandy,11.71,0
28.48,28.91,72.08,0,initial,clay,0,0
48.24,26.29,41.53,6.01,development,loamy,3.74,0
36.27,29.54,73.47,3.27,development,clay,7.06,0
32.2,23.49,64.59,4.03,mid_season,sandy,14.26,0
58.82,28.72,44.45,5.83,late,clay,6.96,0
85.78,26.28,61.99,4.06,late,clay,6.89,0
51.48,18.06,73.76,4.3,initial,loamy,11.96,0
53.61,20.6,48.31,6.15,mid_season,clay,1.42,0
25.6,29.24,84.95,3.49,late,clay,14.58,0
52.26,34.5,74.61,4.36,late,loamy,2.68,0
49.42,21.75,71.08,4.98,late,loamy,4.91,0
37.4,27.34,73.93,4.36,late,clay,14.87,0
40.8,32.82,60.9,5.53,mid_season,sandy,17.29,0
39.76,22.36,68.32,4.35,development,loamy,5.82,0
95,27.78,73.21,3.0,initial,clay,1.95,0
54.01,20.72,71.8,2.99,initial,loamy,2.03,0
65.73,24.61,58.04,4.77,mid_season,loamy,12.41,0
55.2,29.38,76.25,2.39,mid_season,sandy,22.67,0
71.93,34.28,49.53,0,initial,sandy,0,0
56.19,29.54,38.73,3.43,mid_season,loamy,7.13,0
57.18,19.99,54.23,4.54,initial,clay,1.55,0
42.28,28.76,43.28,0,initial,sandy,0,0
64.38,22.56,35.97,6.03,initial,loamy,22.88,0
73.8,23.75,35.01,0,development,sandy,0,0
86.48,34.84,53.25,5.32,development,sandy,10.06,0
69.7,22.4,50.95,5.77,initial,clay,4.89,0
21.73,27.81,78.89,2.02,development,loamy,6.07,0
61.7,29.98,43.88,3.75,development,sandy,0.27,0
53.56,34.69,47.6,5.92,late,sandy,1.19,0
60.82,26.48,46.21,4.94,late,sandy,22.13,0
51.14,22.17,44.7,3.2,development,sandy,11.49,0
86.94,34.08,60.35,2.65,initial,loamy,3.8,0
94.94,33.98,47.06,1.83,mid_season,loamy,9.83,0
75.31,18.28,82.43,4.96,late,loamy,11.18,0
43.39,33.16,57.0,0,initial,sandy,0,0
71.71,23.51,41.78,3.04,development,clay,12.68,0
61.77,24.72,71.83,4.22,mid_season,loamy,14.34,0
60.63,22.2,51.15,3.75,initial,loamy,10.34,0
52.28,21.45,35.9,2.22,late,loamy,11.74,0
59.44,24.55,65.21,6.25,development,loamy,14.42,0
58.07,24.28,46.78,0,initial,loamy,0,0
58.43,29.89,50.65,5.55,initial,clay,5.9,0
73.52,30.07,70.76,3.6,mid_season,clay,13.43,0
16.55,19.35,65.98,4.79,mid_season,loamy,14.9,0
81.14,34.25,53.72,4.03,mid_season,clay,2.67,0
66.93,20.63,69.72,3.65,late,clay,24.14,0
75.66,35.51,52.95,5.25,mid_season,clay,6.59,0
36.81,29.37,55.06,5.67,mid_season,clay,25.46,0
38.66,28.0,57.06,4.67,mid_season,sandy,11.08,0
49.35,28.26,74.91,3.57,late,loamy,12.18,0
52.9,19.7,48.41,2.65,initial,sandy,9.63,0
81.5,22.29,57.38,4.55,mid_season,loamy,7.04,0
53.63,35.57,37.77,0,initial,loamy,0,0
90.69,19.69,36.05,5.62,late,clay,6.84,0
48.62,19.57,45.75,2.91,mid_season,sandy,13.23,0
78.63,31.19,84.96,4.54,mid_season,sandy,1.47,0
34.56,31.04,84.03,7.1,late,sandy,4.94,0
43.44,28.64,78.54,6.26,mid_season,clay,21.02,0
51.74,31.6,79.71,4.89,development,sandy,9.01,0
56.39,23.36,73.15,5.17,initial,clay,1.14,0
76.3,30.66,59.25,2.92,initial,clay,8.93,0
28.84,32.23,74.05,0.56,development,sandy,6.05,0
72.33,26.28,36.08,6.71,initial,sandy,10.07,0
95,22.89,82.11,4.84,mid_season,clay,18.24,0
81.0,18.79,64.66,0,initial,clay,0,0
23.96,20.97,47.73,5.27,mid_season,sandy,5.39,0
46.14,35.04,44.56,3.4,initial,loamy,2.81,0
72.84,23.5,66.16,3.53,mid_season,loamy,2.96,0
69.41,24.18,43.39,4.15,development,sandy,2.78,0
54.62,22.62,72.79,3.93,initial,clay,4.93,0
61.43,34.53,73.8,3.51,mid_season,loamy,8.86,0
60.22,20.96,79.37,0,late,loamy,0,0
76.68,19.27,35.43,0,late,loamy,0,0
85.94,30.64,42.9,0,initial,sandy,0,0
36.89,31.28,39.36,2.56,initial,loamy,12.41,0
27.73,24.84,38.01,0,initial,clay,0,0
23.89,23.88,63.98,2.85,late,loamy,7.24,0
50.51,18.21,57.14,2.03,late,clay,7.75,0
34.7,28.93,57.87,3.3,late,clay,11.44,0
66.01,29.31,81.89,1.49,development,clay,4.4,0
45.97,32.59,61.33,5.31,development,clay,15.81,0
62.32,34.86,37.79,2.38,late,clay,7.33,0
67.42,21.38,37.53,0,initial,sandy,0,0
18.23,29.63,36.23,3.86,development,loamy,17.75,0
35.89,25.97,39.4,5.43,initial,loamy,3.8,0
28.82,22.21,55.3,4.49,mid_season,clay,5.96,0
51.03,18.93,79.95,4.71,development,sandy,5.5,0
41.92,34.96,73.34,5.24,development,loamy,7.63,0
71.19,33.07,78.33,3.8,development,clay,9.69,0
42.19,27.05,68.25,5.95,late,clay,8.23,0
95,32.18,49.11,3.55,late,loamy,2.73,0
65.45,29.74,35.51,0,late,sandy,0,0
7.86,21.19,45.53,3.89,late,clay,4.55,0
64.69,29.46,74.59,3.91,mid_season,clay,29.05,0
43.29,23.56,39.19,3.85,late,clay,9.14,0
57.19,24.54,52.6,5.01,late,clay,8.35,0
75.46,24.3,58.68,4.15,initial,loamy,8.57,0
51.82,23.59,69.26,3.52,late,clay,19.8,0
62.74,19.25,45.83,3.32,development,clay,5.87,0
60.54,25.77,68.17,3.68,development,loamy,10.38,0
64.06,29.08,76.18,2.42,development,clay,15.71,0
82.0,30.46,73.57,3.61,late,clay,5.66,0
44.43,23.6,40.95,4.28,late,loamy,4.69,0
27.39,27.36,83.05,3.77,initial,clay,4.04,0
51.47,23.23,54.13,5.27,mid_season,sandy,8.62,0
44.64,35.44,68.82,4.57,late,clay,5.12,0
75.58,21.34,79.05,2.66,initial,loamy,2.51,0
63.95,23.22,58.59,2.4,initial,clay,5.04,0
41.32,25.15,42.42,4.59,late,loamy,6.46,0
33.13,24.42,49.46,4.35,initial,loamy,0.35,0
79.97,35.28,72.62,2.99,mid_season,clay,2.33,0
29.48,21.13,84.19,3.53,development,loamy,18.05,0
32.58,20.28,45.78,2.66,development,clay,0.75,0
78.24,29.22,42.57,0,initial,sandy,0,0
77.6,19.09,65.39,3.5,mid_season,clay,13.95,0
58.73,22.58,64.61,0,development,clay,0,0
35.91,26.95,79.63,3.79,mid_season,clay,11.86,0
30.89,30.72,80.69,4.59,late,loamy,12.31,0
63.15,29.61,61.94,5.11,development,clay,9.58,0
50.83,28.42,82.14,0,initial,loamy,0,0
70.16,32.8,65.58,0,development,sandy,0,0
39.48,24.83,84.55,4.99,development,sandy,7.92,0
68.15,24.98,75.8,4.61,late,sandy,9.68,0
49.53,31.64,71.5,3.01,development,clay,5.32,0
51.88,21.1,79.05,2.23,mid_season,sandy,2.56,0
35.1,24.1,54.62,4.02,development,clay,11.83,0
59.88,26.41,56.78,4.65,development,sandy,1.81,0
49.7,26.52,82.62,3.3,mid_season,loamy,6.26,0
68.77,18.12,37.31,4.54,late,loamy,6.38,0
54.32,18.18,77.89,0,mid_season,loamy,0,0
41.5,20.5,71.37,3.79,late,sandy,6.18,0
62.32,19.56,69.71,4.74,late,sandy,15.4,0
46.61,35.83,71.48,4.25,initial,sandy,8.63,0
34.52,24.74,36.82,4.52,late,sandy,2.74,0
51.52,18.92,83.97,3.33,late,loamy,17.58,0
55.0,30.29,46.96,3.26,development,loamy,11.97,0
50.59,23.82,35.92,3.55,initial,sandy,1.81,0
19.0,32.86,72.05,0,initial,clay,0,0
78.8,19.66,57.17,2.46,late,clay,2.74,0
51.0,24.35,84.31,6.28,mid_season,sandy,10.07,0
26.75,18.3,71.41,4.78,mid_season,loamy,4.21,0
38.95,34.07,39.63,0,development,clay,0,1
56.86,32.92,62.65,3.99,initial,sandy,4.92,0
77.76,32.77,71.29,3.27,late,clay,11.69,0
59.64,33.31,66.0,3.63,mid_season,sandy,12.91,0
60.92,32.49,70.17,4.08,mid_season,clay,11.84,0
53.79,23.2,64.66,3.4,mid_season,clay,26.26,0
59.69,28.85,60.32,3.08,mid_season,sandy,5.65,0
51.57,30.05,71.88,0,late,clay,0,0
20.67,26.88,37.18,0,development,sandy,0,1
70.2,18.2,66.57,0,initial,clay,0,0
41.69,29.01,66.78,0,mid_season,clay,0,1
65.7,22.6,67.18,3.3,late,sandy,5.16,0
61.15,19.74,44.59,4.96,initial,clay,8.67,0
61.21,25.22,57.53,3.72,mid_season,loamy,21.01,0
71.1,24.66,47.3,2.71,development,clay,2.3,0
39.05,33.93,55.04,4.72,late,clay,1.53,0
45.01,34.75,54.36,1.68,late,sandy,0.17,0
46.53,19.57,69.15,4.75,mid_season,clay,9.24,0
61.48,35.93,59.59,0,mid_season,clay,0,0
48.61,18.15,40.12,4.39,mid_season,sandy,15.15,0
71.03,23.39,70.66,0,mid_season,sandy,0,0
83.64,26.7,65.69,3.1,development,clay,14.13,0
69.58,30.55,83.66,5.75,development,loamy,15.19,0
26.97,32.75,64.46,0,initial,loamy,0,0
52.35,27.81,59.89,4.08,development,loamy,5.82,0
65.38,28.21,55.17,3.75,initial,loamy,3.07,0
31.49,30.72,64.39,2.66,development,clay,12.79,0
29.1,21.35,43.69,0,initial,loamy,0,0
48.17,31.71,62.04,5.36,late,clay,17.26,0
26.7,23.34,62.52,4.74,initial,loamy,3.13,0
38.49,29.24,81.79,4.09,late,loamy,4.07,0
58.47,26.31,49.23,6.08,development,loamy,3.35,0
72.37,29.9,68.62,5.27,late,sandy,3.13,0
46.83,33.76,79.43,4.64,mid_season,loamy,8.09,0
82.67,34.34,83.48,3.56,late,sandy,1.43,0
90.64,34.86,77.17,3.73,late,sandy,6.31,0
26.24,20.06,35.86,6.22,development,clay,17.03,0
54.02,19.92,42.11,4.35,late,loamy,6.92,0
50.96,21.01,49.37,2.59,mid_season,sandy,2.03,0
41.18,26.19,43.03,2.97,development,clay,9.51,0
52.08,35.8,60.47,0,development,sandy,0,1
49.67,25.87,43.58,5.31,initial,clay,0.05,0
59.94,22.19,72.8,3.2,late,clay,22.54,0
57.41,18.41,46.08,2.35,late,sandy,12.32,0
43.7,26.71,78.42,3.4,mid_season,sandy,7.16,0
62.85,35.15,39.33,3.2,development,clay,14.0,0
74.89,34.32,56.22,0,late,clay,0,0
63.42,34.86,58.01,0,initial,loamy,0,0
80.35,18.53,52.51,5.93,late,sandy,0.01,0
58.74,35.8,50.56,4.42,initial,sandy,0.14,0
67.67,34.41,83.68,1.26,mid_season,clay,10.72,0
63.89,18.75,76.41,1.61,development,loamy,9.67,0
47.37,35.69,57.01,5.74,development,loamy,16.86,0
74.29,30.86,52.78,4.07,mid_season,sandy,19.3,0
34.41,24.22,61.97,5.12,development,clay,18.62,0
65.42,35.52,77.76,0,mid_season,clay,0,0
51.27,33.35,55.48,3.79,development,sandy,7.07,0
62.64,28.28,79.95,3.17,development,clay,18.15,0
63.24,22.85,82.51,5.9,late,sandy,6.58,0
42.63,33.68,72.04,0,late,sandy,0,1
95,23.61,61.32,4.17,development,sandy,7.87,0
40.85,31.64,61.24,4.59,late,sandy,12.06,0
74.63,29.02,57.14,2.48,late,sandy,14.89,0
48.56,30.31,80.53,5.32,initial,clay,10.17,0
43.11,25.96,42.15,4.23,late,sandy,1.63,0
66.55,18.95,69.79,3.6,late,loamy,10.3,0
59.63,22.58,71.87,0,development,clay,0,0
44.61,24.14,76.81,3.2,development,clay,6.04,0
72.45,33.19,38.33,5.28,late,loamy,7.53,0
47.87,21.37,83.1,1.57,development,loamy,13.16,0
59.87,20.64,46.54,3.45,late,sandy,13.73,0
64.87,34.77,78.13,4.15,late,clay,11.17,0
41.44,22.57,56.19,4.19,mid_season,clay,14.93,0
91.63,34.98,77.66,4.85,late,sandy,4.89,0
85.12,29.42,69.53,2.92,development,sandy,1.05,0
49.96,23.2,42.52,1.96,mid_season,clay,2.32,0
88.76,34.66,35.32,3.1,mid_season,sandy,14.65,0
65.72,19.19,61.77,5.07,late,clay,8.28,0
55.32,19.42,84.33,4.82,initial,sandy,2.93,0
29.77,26.56,43.58,3.61,initial,loamy,7.88,0
67.42,33.36,62.87,5.07,initial,loamy,12.02,0
66.23,20.29,62.44,2.15,late,loamy,15.12,0
29.86,28.99,75.03,0,initial,sandy,0,0
59.17,25.13,61.06,4.48,mid_season,loamy,15.4,0
76.58,35.71,78.86,0,mid_season,loamy,0,0
80.88,26.57,69.34,0,development,sandy,0,0
20.47,22.36,73.41,4.0,development,clay,15.01,0
57.41,31.04,49.47,1.36,development,sandy,14.54,0
55.78,27.82,46.78,3.95,initial,sandy,10.6,0
58.8,19.37,53.9,5.32,mid_season,loamy,7.96,0
56.82,23.57,56.59,3.65,development,sandy,17.8,0
34.38,28.03,79.31,5.48,initial,clay,1.92,0
66.02,29.83,58.05,3.3,mid_season,sandy,9.36,0
72.37,23.72,41.99,4.44,development,loamy,5.74,0
56.98,33.31,39.68,3.43,initial,clay,7.76,0
53.28,27.74,75.45,3.91,late,loamy,4.76,0
62.77,28.57,75.1,3.35,late,clay,12.5,0
73.82,26.91,66.48,3.62,initial,sandy,3.91,0
41.58,30.22,41.01,2.69,late,loamy,8.59,0
51.21,26.1,54.59,0,mid_season,sandy,0,1
60.99,29.29,71.6,5.05,development,sandy,7.3,0
72.3,20.32,78.76,6.71,development,clay,11.74,0
50.06,29.33,62.74,2.25,initial,loamy,16.51,0
87.39,33.92,68.05,3.14,late,clay,5.27,0
63.52,18.75,53.09,4.2,development,sandy,8.72,0
18.33,30.96,48.5,0,initial,sandy,0,0
48.42,30.73,68.44,4.94,late,loamy,3.83,0
39.66,32.64,37.36,5.28,development,sandy,3.19,0
90.49,32.03,41.06,5.83,late,loamy,10.43,0
73.43,33.9,54.99,4.13,mid_season,clay,9.56,0
75.92,33.85,39.82,5.58,mid_season,loamy,23.23,0
24.76,21.34,82.71,3.88,mid_season,clay,11.44,0
25.52,25.67,84.3,4.38,mid_season,sandy,10.25,0
50.88,35.91,52.28,5.56,development,loamy,31.14,0
32.98,26.66,53.81,0,late,loamy,0,1
95,22.14,80.88,0,initial,clay,0,0
77.6,28.25,64.05,4.28,late,clay,9.23,0
75.08,25.13,54.19,0,development,clay,0,0
91.66,21.06,57.59,4.37,mid_season,loamy,10.29,0
52.61,18.74,59.9,3.11,mid_season,clay,3.89,0
57.73,27.66,63.45,4.2,late,clay,11.33,0
60.72,26.69,50.62,0,mid_season,loamy,0,0
79.42,18.91,51.38,3.92,development,sandy,8.72,0
82.54,19.3,50.0,2.77,late,loamy,1.35,0
53.5,31.0,40.24,3.02,development,sandy,7.11,0
36.11,23.6,60.11,2.26,initial,sandy,10.4,0
61.88,25.08,43.77,2.71,initial,loamy,3.08,0
60.75,18.15,41.68,3.61,initial,sandy,3.77,0
47.38,35.08,82.53,4.5,development,clay,8.41,0
58.93,19.9,48.62,0,initial,clay,0,0
57.34,34.15,45.63,5.76,late,loamy,2.74,0
44.22,35.48,48.79,4.8,mid_season,clay,12.07,0
64.43,31.12,47.07,3.02,initial,sandy,6.03,0
47.2,24.5,61.02,3.55,development,clay,19.76,0
62.94,21.06,59.28,2.99,late,clay,12.5,0
38.35,30.98,77.3,4.45,initial,loamy,2.9,0
44.95,28.92,73.42,0,development,sandy,0,1
36.6,29.41,44.21,0,initial,loamy,0,0
45.16,29.12,45.98,3.63,late,loamy,21.76,0
18.04,25.95,57.42,3.31,late,clay,9.23,0
57.12,31.78,70.04,3.86,initial,clay,0.23,0
66.04,32.93,40.05,3.29,initial,clay,9.16,0
62.43,30.64,60.9,2.39,initial,loamy,1.68,0
83.07,34.09,49.38,6.28,mid_season,sandy,11.5,0
77.97,25.88,64.79,5.75,development,clay,6.85,0
66.89,33.04,77.37,4.72,mid_season,loamy,19.17,0
87.3,32.37,79.51,3.22,development,sandy,11.18,0
13.0,19.99,84.76,0,initial,loamy,0,0
75.25,19.95,82.46,0,mid_season,sandy,0,0
71.8,34.15,49.82,4.22,initial,loamy,10.75,0
56.75,18.53,54.14,5.53,initial,sandy,8.34,0
24.27,34.63,40.04,4.32,development,clay,9.75,0
39.59,19.28,42.62,3.49,late,clay,9.9,0
37.03,33.43,72.78,4.92,late,sandy,4.97,0
54.06,20.1,49.33,0,late,clay,0,0
54.53,20.75,37.91,4.42,development,clay,9.36,0
41.81,32.55,35.19,2.95,mid_season,clay,3.6,0
43.02,19.77,70.85,4.54,mid_season,clay,20.06,0
47.13,34.75,41.4,4.65,mid_season,clay,15.79,0
67.11,35.52,55.99,1.8,initial,clay,15.94,0
24.64,24.86,50.08,6.62,initial,sandy,11.76,0
55.18,22.05,68.92,3.21,mid_season,loamy,4.14,0
69.22,32.15,55.94,2.9,development,clay,9.09,0
35.04,30.9,52.16,3.97,development,clay,11.59,0
65.36,34.56,76.53,1.97,late,sandy,6.16,0
61.41,18.54,44.28,3.74,initial,clay,1.74,0
30.31,34.13,59.47,4.02,development,loamy,14.31,0
84.69,21.36,82.45,4.28,late,loamy,12.96,0
55.49,30.47,54.57,4.01,mid_season,clay,15.53,0
44.68,35.06,67.07,5.0,late,clay,6.72,0
60.1,20.06,48.72,3.72,mid_season,clay,5.51,0
54.78,25.07,72.99,4.03,development,clay,3.25,0
79.02,33.21,69.62,0,late,loamy,0,0
59.55,28.0,54.86,0,initial,sandy,0,0
64.35,33.67,57.67,5.37,mid_season,loamy,18.54,0
59.49,30.27,56.71,4.72,initial,clay,9.18,0
66.51,25.12,60.72,3.9,late,loamy,15.3,0
51.92,28.36,57.69,4.76,mid_season,clay,14.94,0
59.57,32.04,58.2,0,initial,sandy,0,0
54.56,24.58,45.02,0,initial,sandy,0,0
25.96,18.22,69.16,5.8,development,loamy,7.83,0
53.81,23.15,51.93,2.88,initial,clay,10.95,0
68.25,35.82,66.41,4.72,development,sandy,14.93,0
29.47,33.91,46.79,5.46,mid_season,loamy,5.03,0
40.3,35.33,84.29,2.44,mid_season,clay,22.42,0
73.42,18.81,69.01,3.59,mid_season,sandy,7.48,0
78.12,24.44,51.53,4.75,development,loamy,3.64,0
38.78,23.42,54.31,3.91,initial,sandy,3.45,0
66.36,32.06,47.23,4.51,late,clay,7.58,0
69.31,29.51,47.63,4.78,mid_season,loamy,8.94,0
71.13,28.8,68.54,3.72,development,sandy,4.84,0
91.51,35.58,80.66,0,development,loamy,0,0
48.96,18.66,75.69,4.66,late,clay,3.76,0
47.84,28.86,59.29,0,initial,sandy,0,0
46.23,18.49,53.26,3.78,development,sandy,2.61,0
53.6,24.62,35.53,2.84,mid_season,sandy,9.67,0
62.05,26.67,81.07,5.64,late,clay,21.08,0
50.32,35.46,36.78,3.58,development,sandy,0.45,0
69.55,23.76,79.35,0,development,clay,0,0
72.58,18.65,58.38,5.78,mid_season,loamy,8.69,0
81.74,29.31,81.91,2.78,mid_season,loamy,22.03,0
38.31,19.64,54.42,5.66,late,loamy,9.55,0
37.92,31.42,38.46,3.27,development,clay,9.33,0
17.24,28.65,65.54,0,initial,sandy,0,0
5,22.27,46.59,5.32,development,loamy,9.27,0
39.9,32.59,70.33,2.96,development,clay,4.92,0
77.44,18.61,39.21,4.64,initial,clay,7.6,0
41.59,28.8,71.37,4.73,development,clay,18.45,0
63.79,34.46,72.14,5.25,initial,loamy,2.27,0
40.14,33.97,44.98,2.85,late,loamy,6.99,0
50.71,31.29,55.54,4.23,late,clay,6.06,0
48.61,23.39,80.54,4.69,initial,clay,13.77,0
32.59,33.76,82.38,0,initial,clay,0,0
51.66,24.51,42.61,5.13,development,clay,7.31,0
50.79,19.11,40.39,3.98,initial,loamy,10.02,0
61.89,19.62,57.37,2.25,late,loamy,4.25,0
35.23,26.57,45.24,0,development,clay,0,1
72.51,32.76,57.18,5.25,mid_season,loamy,12.3,0
56.69,34.05,83.61,3.81,late,loamy,19.41,0
58.31,35.15,68.42,4.7,mid_season,loamy,7.95,0
69.19,18.52,74.13,3.64,development,loamy,11.0,0
39.42,30.2,57.59,2.37,mid_season,sandy,16.52,0
56.96,31.34,40.32,3.81,late,sandy,0.79,0
71.95,25.58,54.63,3.54,development,loamy,15.43,0
48.27,33.64,66.09,4.46,development,loamy,16.22,0
37.34,31.39,83.29,0,development,sandy,0,1
49.94,20.34,73.53,4.42,mid_season,sandy,10.47,0
52.55,21.87,38.73,4.75,development,loamy,3.7,0
56.83,18.77,59.81,4.59,mid_season,loamy,12.57,0
57.35,35.63,70.57,3.87,initial,sandy,7.19,0
60.27,25.17,54.22,4.52,development,loamy,9.05,0
51.7,25.79,81.04,0,development,clay,0,0
59.82,32.71,38.37,3.99,late,clay,7.01,0
64.17,28.31,72.23,3.69,development,sandy,1.03,0
48.3,28.76,44.87,5.03,initial,loamy,0.81,0
48.41,31.39,82.97,0,initial,loamy,0,0
45.05,28.23,74.66,5.24,late,clay,11.86,0
80.22,30.15,75.34,6.45,initial,loamy,16.56,0
18.57,28.03,50.37,0,late,sandy,0,1
33.68,32.51,41.4,4.52,mid_season,loamy,13.3,0
46.79,23.91,69.29,4.57,mid_season,loamy,16.67,0
61.43,31.81,40.22,4.72,initial,clay,1.72,0
48.85,22.6,84.84,4.49,initial,sandy,6.76,0
84.62,23.76,63.77,3.24,development,loamy,10.14,0
68.55,26.22,83.62,0,initial,clay,0,0
64.51,23.57,60.22,3.17,late,sandy,6.85,0
45.61,25.62,36.5,4.65,late,sandy,3.87,0
66.54,27.76,69.7,3.35,late,clay,24.53,0
37.69,24.33,79.61,2.95,mid_season,loamy,16.03,0
50.94,21.34,35.42,3.3,mid_season,clay,10.24,0
54.06,26.98,72.55,4.05,mid_season,clay,10.5,0
65.39,27.89,65.82,2.91,late,clay,11.82,0
56.41,32.6,66.34,0,initial,loamy,0,0
59.79,21.0,65.56,0,initial,clay,0,0
22.02,26.01,59.13,1.83,initial,clay,6.61,0
76.07,18.5,73.41,5.45,late,clay,7.34,0
61.7,18.81,66.13,0,initial,loamy,0,0
45.03,21.63,68.11,5.78,initial,clay,4.45,0
31.38,32.13,62.09,2.51,development,sandy,8.02,0
72.39,33.09,44.38,4.18,initial,loamy,6.63,0
57.36,35.84,50.61,4.42,development,sandy,5.82,0
44.0,23.64,36.32,3.72,development,clay,9.78,0
54.52,27.11,65.83,3.9,mid_season,loamy,14.81,0
64.41,35.2,56.34,0,initial,loamy,0,0
69.9,28.21,46.67,3.11,development,clay,4.02,0
63.14,18.7,84.33,5.07,mid_season,sandy,6.28,0
40.8,23.25,36.12,3.33,development,sandy,9.67,0
72.07,30.27,64.79,4.08,mid_season,loamy,15.33,0
77.62,26.34,55.81,5.09,development,clay,13.9,0
50.07,24.91,64.4,0,initial,sandy,0,0
31.89,24.63,40.28,5.09,development,sandy,7.14,0
80.59,28.79,84.13,3.81,late,loamy,2.15,0
70.69,29.82,81.93,0,late,sandy,0,0
63.13,23.6,81.25,4.46,development,sandy,14.27,0
54.34,18.84,69.21,3.77,initial,sandy,2.83,0
51.12,35.05,70.93,0,initial,sandy,0,0
34.56,27.95,53.34,3.62,initial,clay,7.79,0
42.56,31.63,69.85,0,development,clay,0,1
56.19,19.86,58.98,4.79,initial,loamy,2.72,0
36.73,33.4,60.82,0,initial,sandy,0,0
85.05,18.52,35.25,2.93,late,sandy,15.31,0
85.88,26.24,62.75,0,late,clay,0,0
61.76,24.15,50.79,3.98,development,clay,11.43,0
30.08,26.72,61.93,4.2,mid_season,loamy,13.51,0
62.69,35.82,49.77,4.55,late,sandy,8.86,0
44.1,24.02,53.05,3.48,development,clay,9.86,0
51.63,29.34,63.21,2.98,mid_season,clay,10.68,0
62.03,20.28,44.27,4.51,mid_season,sandy,17.23,0
5,23.53,56.95,5.52,development,sandy,0.24,0
26.59,19.33,65.89,5.15,mid_season,clay,14.75,0
72.92,22.57,58.61,5.88,late,sandy,12.37,0
71.69,20.27,61.44,4.95,late,sandy,10.0,0
15.94,33.48,76.31,4.89,development,clay,4.09,0
80.81,21.6,61.1,2.93,late,clay,24.97,0
51.74,35.27,62.98,3.48,mid_season,loamy,20.39,0
47.94,29.21,58.0,4.0,late,clay,33.86,0
57.49,29.44,78.4,3.75,mid_season,sandy,13.24,0
69.58,26.38,61.67,2.16,development,loamy,3.35,0
33.64,30.35,51.79,3.71,mid_season,loamy,4.12,0
34.7,22.29,77.52,4.07,late,sandy,7.0,0
66.14,26.23,74.46,0,initial,clay,0,0
21.96,20.18,47.84,5.28,mid_season,clay,17.08,0
41.41,28.54,83.75,4.37,mid_season,loamy,12.65,0
95,29.07,45.58,0,initial,sandy,0,0
45.51,30.81,50.97,3.95,late,clay,15.02,0
65.55,34.54,59.17,2.94,development,loamy,6.95,0
21.32,30.24,71.09,0,mid_season,clay,0,1
85.96,29.89,48.3,3.06,development,loamy,8.01,0
76.34,28.17,51.27,2.94,development,sandy,11.45,0
36.84,31.68,63.05,0,mid_season,clay,0,1
95,24.88,44.48,5.27,development,loamy,5.1,0
75.7,34.45,63.8,0,development,clay,0,0
29.1,27.35,82.7,0,initial,loamy,0,0
71.09,25.41,80.77,3.67,mid_season,sandy,10.49,0
51.06,19.83,81.28,4.12,mid_season,sandy,3.89,0
58.4,23.22,73.44,4.79,late,clay,20.09,0
41.33,32.74,69.27,5.39,initial,clay,8.9,0
61.85,34.85,40.98,4.96,late,clay,18.68,0
55.99,24.52,65.89,2.61,mid_season,loamy,16.84,0
33.67,19.24,45.9,2.8,development,sandy,1.7,0
28.9,18.6,58.81,4.29,mid_season,clay,18.65,0
55.68,28.29,84.87,2.12,mid_season,loamy,14.44,0
34.3,19.48,40.89,3.25,development,loamy,10.81,0
75.88,21.64,58.79,3.83,initial,loamy,1.76,0
79.71,28.65,67.98,4.09,mid_season,clay,0.54,0
73.0,20.33,55.7,0,mid_season,loamy,0,0
58.18,33.56,74.66,4.47,initial,sandy,1.95,0
77.75,27.6,77.24,5.5,initial,loamy,0.16,0
50.33,32.33,64.81,3.05,mid_season,loamy,11.22,0
62.84,33.76,38.99,3.83,mid_season,clay,8.7,0
27.06,27.8,59.82,3.5,development,sandy,6.76,0
87.01,27.89,35.66,2.34,late,loamy,12.77,0
56.57,28.81,81.52,2.47,late,sandy,7.54,0
53.74,25.18,45.14,3.39,mid_season,loamy,0.25,0
60.45,32.44,81.02,4.42,mid_season,clay,10.48,0
32.38,18.46,56.02,4.2,late,clay,11.18,0
69.31,25.27,63.06,4.51,development,sandy,5.67,0
50.89,24.3,54.44,4.38,mid_season,loamy,11.78,0
49.96,28.83,71.47,4.92,development,clay,10.67,0
56.75,33.89,69.23,0,initial,clay,0,0
17.76,31.24,71.39,3.11,initial,clay,2.42,0
58.56,34.32,69.96,0,initial,sandy,0,0
48.23,34.53,47.65,3.5,mid_season,clay,2.25,0
53.18,31.11,82.37,4.62,initial,loamy,3.79,0
53.95,18.23,61.38,0,mid_season,loamy,0,0
38.21,30.21,48.39,5.38,late,clay,16.46,0
41.51,18.81,43.06,0,initial,sandy,0,0
69.78,27.47,84.28,3.59,initial,loamy,4.24,0
45.35,23.45,77.16,5.96,development,loamy,2.44,0
59.76,25.9,41.79,6.21,mid_season,clay,13.68,0
52.84,30.71,62.34,3.41,late,sandy,6.42,0
62.87,26.52,81.2,4.13,mid_season,clay,5.64,0
77.21,26.89,77.91,4.06,mid_season,sandy,10.6,0
55.62,23.43,52.14,0,initial,sandy,0,0
46.1,19.89,78.58,3.16,mid_season,loamy,11.85,0
11.49,27.84,51.3,0,mid_season,loamy,0,1
81.79,25.2,39.57,5.08,initial,clay,8.5,0
69.17,21.07,68.69,0,late,sandy,0,0
76.0,32.02,51.77,3.5,late,clay,15.38,0
65.31,21.5,76.54,3.44,mid_season,clay,19.63,0
19.59,25.52,58.73,2.84,mid_season,clay,7.53,0
60.65,26.14,53.63,5.06,development,sandy,21.1,0
53.43,25.62,42.56,5.96,mid_season,sandy,3.68,0
47.42,24.63,77.76,1.08,late,clay,0.98,0
59.74,26.22,36.13,0,development,loamy,0,0
90.03,18.2,71.28,1.97,development,sandy,17.99,0
80.53,29.41,52.69,3.28,mid_season,clay,29.07,0
50.97,27.09,69.91,4.33,late,loamy,0.14,0
83.11,35.17,47.97,1.7,mid_season,clay,15.21,0
71.27,28.79,55.12,4.56,initial,clay,9.87,0
49.32,22.46,77.46,4.57,late,loamy,15.72,0
38.31,27.78,38.34,4.99,development,loamy,22.24,0
62.85,31.6,73.44,0,development,clay,0,0
74.37,22.78,70.64,4.0,development,loamy,6.46,0
40.42,26.39,71.9,4.83,development,loamy,8.86,0
52.93,33.46,73.95,5.46,initial,loamy,3.09,0
53.91,28.24,61.91,3.36,initial,loamy,12.9,0
37.32,19.58,79.26,2.28,late,loamy,12.78,0
15.06,33.6,46.67,1.76,initial,sandy,2.34,0
57.82,31.43,48.26,2.37,late,sandy,17.53,0
62.26,23.29,64.41,4.01,initial,loamy,10.09,0
85.1,25.74,82.71,2.51,mid_season,clay,6.01,0
48.09,23.05,67.18,0.97,initial,sandy,4.32,0
84.4,19.07,76.92,5.05,mid_season,sandy,6.12,0
77.74,28.01,54.79,3.67,late,loamy,9.78,0
63.3,25.71,72.77,5.12,late,loamy,18.28,0
42.27,18.1,39.0,4.71,initial,loamy,1.94,0
67.39,22.42,78.3,5.24,late,loamy,10.43,0
57.94,34.64,64.45,4.49,late,loamy,10.01,0
44.34,29.84,78.07,5.47,late,loamy,13.58,0
27.38,27.89,47.84,0,initial,loamy,0,0
47.11,26.67,67.92,4.83,development,sandy,0.69,0
70.41,28.3,81.13,3.2,initial,loamy,12.18,0
55.0,18.09,42.76,4.11,mid_season,clay,0.73,0
37.58,19.06,84.25,2.39,mid_season,sandy,7.1,0
54.43,21.28,68.93,3.83,late,clay,7.73,0
69.22,18.11,72.88,0,initial,sandy,0,0
38.5,25.45,71.51,4.61,initial,sandy,12.13,0
35.51,25.06,55.5,2.55,late,sandy,8.39,0
52.2,29.34,52.89,2.56,mid_season,clay,14.19,0
68.01,25.65,71.33,3.47,initial,loamy,0.71,0
41.58,24.53,39.95,0,mid_season,loamy,0,1
53.0,34.16,36.66,5.52,late,clay,14.23,0
83.53,21.05,80.42,4.38,development,loamy,19.36,0
51.91,28.26,42.4,3.83,late,loamy,7.49,0
30.69,28.28,49.53,1.19,development,clay,4.24,0
38.71,19.37,70.67,2.53,development,sandy,8.86,0
48.9,30.28,53.33,1.02,development,loamy,21.9,0
26.42,18.83,50.24,3.84,development,clay,10.77,0
33.37,35.04,78.08,5.1,initial,loamy,5.64,0
23.24,29.32,64.82,5.31,mid_season,loamy,17.86,0
52.54,33.81,51.39,4.28,mid_season,sandy,10.57,0
90.79,29.52,72.31,3.74,mid_season,loamy,17.23,0
65.01,34.31,50.54,3.88,development,clay,10.46,0
77.07,29.99,54.66,0,development,clay,0,0
42.86,33.18,71.44,3.87,development,loamy,13.49,0
55.39,25.95,83.57,4.04,initial,loamy,1.17,0
28.07,21.92,53.57,6.01,mid_season,sandy,9.51,0
66.46,32.54,74.85,4.23,mid_season,loamy,13.87,0
54.05,26.94,78.69,5.25,late,clay,4.01,0
53.46,23.76,57.42,0,initial,clay,0,0
28.81,18.88,35.92,0,mid_season,loamy,0,1
27.75,18.12,62.46,0,development,clay,0,1
53.93,33.72,49.23,3.24,mid_season,sandy,15.7,0
36.79,29.88,65.55,3.93,late,sandy,15.82,0
26.08,28.55,51.46,5.75,initial,sandy,2.26,0
44.62,19.45,44.93,3.96,development,clay,2.67,0
68.87,22.24,79.95,6.13,mid_season,sandy,6.62,0
87.6,23.46,74.13,3.81,mid_season,loamy,8.69,0
44.26,23.9,62.16,4.8,mid_season,loamy,9.54,0
55.16,19.73,53.05,4.94,initial,sandy,13.6,0
28.07,23.56,37.98,0,mid_season,clay,0,1
60.48,30.11,73.7,0,development,loamy,0,0
41.44,24.66,67.97,4.51,late,loamy,3.15,0
54.19,23.08,73.97,2.28,initial,clay,15.03,0
74.25,28.76,48.15,3.14,initial,clay,20.31,0
46.74,30.95,61.38,3.48,late,clay,0.69,0
67.22,18.86,49.39,3.38,development,loamy,20.1,0
39.09,32.07,37.83,3.85,late,loamy,9.58,0
60.79,19.3,48.81,2.47,mid_season,sandy,4.62,0
32.76,19.87,61.8,3.02,late,clay,6.51,0
29.76,26.2,47.93,0,development,loamy,0,1
63.48,34.28,47.28,2.78,mid_season,loamy,1.15,0
42.01,28.05,50.72,4.69,development,sandy,7.89,0
81.73,19.05,36.33,2.56,mid_season,clay,11.34,0
60.41,33.39,46.0,3.41,late,sandy,0.51,0
54.82,24.05,62.67,3.26,late,loamy,12.46,0
76.84,26.21,49.09,0,initial,sandy,0,0
57.92,34.96,68.45,1.32,development,sandy,6.56,0
77.47,34.33,63.57,5.01,late,sandy,6.02,0
58.16,33.44,72.93,3.94,late,sandy,10.51,0
47.81,33.5,52.85,0,initial,loamy,0,0
58.46,30.89,38.8,3.19,late,clay,7.27,0
77.49,20.76,60.13,4.12,development,clay,5.13,0
84.29,22.0,36.0,1.81,late,clay,2.86,0
72.4,22.3,40.75,5.93,development,clay,14.01,0
64.07,18.04,45.52,4.95,late,loamy,3.48,0
70.25,28.44,43.44,2.81,mid_season,loamy,20.35,0
70.79,21.72,35.24,6.12,initial,clay,12.83,0
60.0,32.34,74.09,5.33,development,clay,10.21,0
69.88,30.96,84.37,3.51,development,sandy,10.59,0
69.15,27.61,57.64,4.96,mid_season,sandy,10.63,0
35.91,27.25,37.29,5.07,late,clay,2.52,0
89.66,20.77,63.92,5.36,development,loamy,8.18,0
36.38,30.81,68.9,3.34,late,loamy,6.64,0
75.8,32.32,73.53,3.73,development,clay,15.19,0
62.29,29.44,44.66,0,late,loamy,0,0
17.61,29.44,78.66,4.26,initial,clay,3.63,0
35.14,25.96,78.23,4.58,development,loamy,21.31,0
44.17,27.33,70.11,2.18,development,clay,4.05,0
81.48,33.35,65.85,0,mid_season,clay,0,0
73.54,32.1,38.58,4.41,development,clay,18.43,0
73.19,26.67,77.52,1.73,mid_season,loamy,21.63,0
48.81,19.58,84.97,0,mid_season,sandy,0,1
49.42,26.89,72.77,6.18,mid_season,clay,8.98,0
33.3,20.03,40.94,4.63,mid_season,sandy,5.37,0
55.52,20.99,54.86,4.41,late,sandy,17.19,0
26.98,34.09,40.89,0,initial,sandy,0,0
62.99,21.41,50.78,2.69,development,sandy,7.14,0
90.13,26.59,54.52,5.57,late,clay,4.78,0
68.35,19.51,65.03,4.02,late,clay,21.34,0
46.12,25.3,71.51,0,initial,clay,0,0
46.96,28.66,66.37,2.48,mid_season,sandy,14.7,0
46.49,27.12,50.04,4.89,initial,sandy,4.59,0
60.55,31.1,58.84,5.79,development,sandy,11.84,0
61.45,18.13,36.49,1.8,late,clay,22.69,0
35.58,19.84,46.7,3.44,development,clay,18.25,0
54.09,34.15,68.86,4.19,initial,sandy,17.54,0
63.76,35.75,40.45,4.26,initial,loamy,4.73,0
50.1,31.99,41.03,5.26,mid_season,loamy,15.78,0
48.43,26.23,41.06,3.25,mid_season,sandy,4.0,0
35.67,34.91,54.13,3.68,mid_season,clay,3.54,0
61.7,32.28,35.77,4.41,development,clay,13.44,0
63.0,21.54,39.64,0,mid_season,loamy,0,0
32.63,20.26,55.34,3.67,initial,sandy,6.88,0
55.78,19.3,82.53,3.53,development,loamy,11.14,0
45.56,23.09,78.37,3.7,late,sandy,10.49,0
72.58,20.95,66.65,5.81,initial,clay,0.65,0
48.52,31.55,55.13,3.83,mid_season,sandy,4.17,0
26.88,27.18,72.76,4.39,mid_season,loamy,6.47,0
62.49,33.19,66.27,3.69,initial,loamy,0.6,0
69.06,18.05,61.07,2.36,development,sandy,11.06,0
43.26,18.61,72.32,4.14,late,sandy,4.32,0
48.26,33.32,54.92,0,mid_season,sandy,0,1
19.29,35.4,46.39,3.69,late,loamy,8.91,0
87.01,31.61,49.03,5.13,initial,clay,7.82,0
52.96,20.5,53.79,3.91,mid_season,sandy,12.52,0
44.74,26.46,58.86,5.16,development,clay,18.09,0
45.67,26.79,66.0,4.1,initial,clay,4.79,0
52.19,20.19,55.73,5.66,late,clay,9.9,0
41.86,33.9,66.37,4.56,late,clay,2.85,0
95,32.6,39.31,3.91,development,loamy,6.97,0
68.7,33.75,77.49,0,initial,loamy,0,0
95,35.09,57.86,0,initial,clay,0,0
78.6,28.05,40.34,3.36,mid_season,sandy,10.7,0
42.8,27.06,37.64,2.93,late,sandy,12.51,0
67.58,22.15,44.38,4.65,late,loamy,3.68,0
48.45,33.52,41.53,5.4,initial,loamy,5.9,0
63.26,18.81,35.08,0,late,loamy,0,0
63.62,28.31,41.7,6.0,development,sandy,12.98,0
39.75,28.04,64.4,2.27,initial,clay,11.47,0
47.12,27.66,74.9,4.62,mid_season,loamy,11.35,0
64.91,27.2,41.51,6.17,mid_season,clay,5.6,0
56.31,29.38,64.82,3.44,development,clay,4.93,0
65.52,20.91,65.49,3.52,mid_season,loamy,9.2,0
74.9,31.17,43.43,4.13,late,clay,15.16,0
63.55,18.87,52.54,3.4,late,clay,2.44,0
73.52,18.9,54.15,3.33,mid_season,sandy,3.54,0
90.94,20.17,45.12,4.05,development,loamy,4.96,0
11.62,35.97,83.81,3.21,development,clay,0.39,0
45.18,32.32,61.46,2.65,mid_season,clay,15.66,0
61.85,20.62,53.64,4.14,initial,clay,10.96,0
95,28.69,74.13,2.96,mid_season,loamy,9.25,0
54.67,18.69,76.41,4.33,late,loamy,13.83,0
43.16,34.88,73.75,0,initial,loamy,0,0
16.91,32.4,58.9,4.12,mid_season,clay,17.73,0
75.0,30.98,43.72,2.06,late,clay,4.73,0
38.18,25.64,82.45,5.49,mid_season,sandy,1.85,0
75.23,31.37,62.39,4.28,development,sandy,16.15,0
57.14,30.36,66.54,4.33,development,loamy,0.43,0
45.76,29.16,39.23,0,initial,sandy,0,0
39.38,30.92,46.34,2.71,initial,sandy,10.51,0
69.51,22.84,72.03,3.1,development,loamy,12.21,0
47.48,24.76,68.74,0,late,loamy,0,1
68.59,30.17,43.9,5.42,development,clay,3.69,0
67.26,32.75,67.37,0,development,loamy,0,0
60.23,18.44,81.14,2.19,development,sandy,14.98,0
57.92,31.05,45.19,4.5,mid_season,loamy,6.13,0
52.09,18.43,74.13,2.38,initial,clay,11.9,0
61.8,28.79,67.19,5.96,development,sandy,4.94,0
24.44,29.11,68.69,3.61,development,sandy,8.52,0
52.36,29.26,41.6,3.32,mid_season,clay,1.4,0
30.23,23.82,75.58,3.36,initial,sandy,8.28,0
57.14,19.42,37.96,0,development,clay,0,0
55.42,25.3,80.18,1.95,mid_season,sandy,9.43,0
30.03,21.49,64.87,5.85,development,loamy,7.45,0
32.75,34.88,60.47,3.76,late,sandy,21.68,0
42.95,34.03,63.44,2.79,initial,clay,13.43,0
15.49,27.94,60.74,3.17,development,clay,6.68,0
65.37,20.74,37.02,0,initial,sandy,0,0
66.25,24.91,43.96,3.49,development,clay,13.56,0
59.14,18.99,54.52,4.64,development,loamy,10.46,0
52.29,34.63,75.79,3.41,mid_season,loamy,10.17,0
52.91,18.02,41.04,5.86,mid_season,sandy,3.76,0
8.07,35.35,72.05,4.46,late,sandy,10.83,0
17.97,18.71,77.38,3.71,mid_season,clay,7.49,0
84.41,18.68,45.56,0,development,clay,0,0
95,34.49,82.48,3.49,initial,sandy,6.74,0
64.5,23.54,44.79,4.5,mid_season,loamy,8.36,0
71.87,33.3,61.74,0,development,loamy,0,0
38.26,26.49,76.15,4.72,development,loamy,11.73,0
41.54,31.03,50.27,4.84,late,loamy,16.27,0
67.42,27.94,72.34,3.63,development,clay,5.76,0
54.88,19.04,47.91,2.58,initial,sandy,15.19,0
29.52,22.02,82.78,3.59,initial,loamy,4.36,0
78.61,26.28,84.71,5.41,mid_season,sandy,18.62,0
85.04,23.03,35.25,4.88,mid_season,sandy,25.76,0
46.47,26.59,39.31,5.03,initial,loamy,10.72,0
95,31.74,43.4,4.08,late,loamy,7.14,0
70.27,19.52,68.64,0,initial,clay,0,0
48.66,22.67,47.02,0,initial,sandy,0,0
61.86,28.26,77.57,2.93,late,clay,8.34,0
71.11,24.85,56.19,2.92,initial,loamy,6.65,0
59.93,25.8,42.36,4.64,mid_season,loamy,3.7,0
29.81,22.25,36.96,0,initial,clay,0,0
80.43,31.77,59.35,1.66,mid_season,clay,7.68,0
45.47,20.24,44.56,3.13,mid_season,loamy,19.11,0
25.16,30.83,67.87,3.96,initial,sandy,5.1,0
32.61,31.05,44.3,0,initial,sandy,0,0
12.98,34.92,83.92,0,development,sandy,0,1
29.88,25.37,35.15,5.36,mid_season,clay,9.31,0
44.1,18.33,74.8,2.76,development,clay,14.46,0
50.28,34.08,71.1,6.02,initial,clay,9.42,0
55.67,31.1,54.95,6.14,development,sandy,6.5,0
45.49,30.62,35.62,4.75,mid_season,loamy,10.25,0
76.4,19.63,55.17,5.02,mid_season,clay,1.84,0
25.88,34.11,38.0,6.25,development,sandy,2.24,0
42.6,32.39,83.97,4.82,mid_season,sandy,12.24,0
50.74,30.76,57.57,1.72,development,clay,6.54,0
62.73,30.12,73.78,4.85,late,loamy,15.56,0
31.82,20.91,43.22,3.21,mid_season,sandy,4.66,0
47.23,34.75,66.34,5.02,late,clay,13.05,0
57.48,31.89,72.61,4.99,late,clay,4.22,0
34.46,21.69,59.77,3.28,mid_season,clay,20.87,0
74.25,23.29,56.59,3.83,development,loamy,5.97,0
45.88,21.13,53.71,4.36,initial,loamy,8.88,0
21.11,31.72,80.77,3.24,development,loamy,18.43,0
72.65,25.1,45.8,4.82,mid_season,loamy,10.35,0
54.23,32.08,49.95,5.34,mid_season,loamy,17.44,0
60.2,27.62,44.51,5.1,initial,clay,5.04,0
45.15,33.46,62.16,3.44,late,loamy,9.67,0
66.94,31.13,72.43,2.8,development,loamy,7.31,0
70.18,20.24,40.65,4.03,mid_season,clay,3.78,0
37.23,19.17,53.5,4.27,late,sandy,10.73,0
68.24,24.33,57.07,4.12,development,sandy,10.73,0
63.16,33.62,51.32,3.62,initial,clay,5.45,0
31.74,26.04,44.14,3.64,initial,clay,0.99,0
30.05,34.45,81.81,4.71,late,sandy,3.48,0
67.31,19.42,37.9,0,initial,loamy,0,0
49.83,18.8,35.8,4.23,mid_season,sandy,11.56,0
50.48,29.94,41.78,0,mid_season,sandy,0,1
41.07,21.02,76.86,4.37,mid_season,clay,10.15,0
59.36,21.66,58.41,3.42,development,sandy,1.98,0
37.1,35.53,76.93,0,development,loamy,0,1
48.72,18.8,66.16,3.37,late,sandy,22.43,0
79.38,30.4,53.08,0,development,loamy,0,0
66.84,27.05,59.82,4.92,development,sandy,5.91,0
35.62,34.23,53.42,5.99,late,loamy,16.73,0
65.64,34.58,36.47,4.58,development,loamy,8.62,0
68.42,22.81,39.98,3.03,late,clay,9.98,0
38.68,27.41,62.81,3.62,mid_season,clay,19.21,0
59.84,24.66,62.06,4.45,initial,loamy,5.31,0
45.41,23.24,49.24,4.28,late,loamy,21.39,0
68.01,33.88,35.87,4.87,initial,sandy,5.09,0
77.15,22.8,65.23,4.98,mid_season,sandy,16.55,0
50.98,25.83,61.5,4.39,mid_season,clay,0.9,0
38.37,19.39,38.9,3.51,late,clay,19.95,0
78.45,22.74,69.89,4.35,mid_season,sandy,16.09,0
44.26,33.31,76.73,2.9,mid_season,loamy,6.05,0
68.04,23.87,66.03,5.32,late,sandy,21.35,0
64.53,33.57,59.07,3.31,development,sandy,2.8,0
44.72,18.6,54.69,4.56,development,sandy,6.97,0
45.32,30.21,44.81,2.86,late,sandy,8.07,0
74.32,32.5,59.11,0,development,loamy,0,0
87.66,19.0,43.46,0,late,clay,0,0
58.05,29.66,79.88,5.43,development,clay,8.59,0
66.51,19.83,81.95,4.89,initial,loamy,7.96,0
55.95,26.77,65.97,1.43,development,clay,18.89,0
59.61,28.57,72.39,0,late,clay,0,0
18.5,25.71,43.4,5.35,initial,loamy,11.78,0
51.96,27.25,59.93,0,late,clay,0,0
53.13,33.41,68.14,4.05,initial,clay,7.9,0
57.1,28.31,54.75,4.85,initial,sandy,9.6,0
33.4,18.91,52.69,4.62,initial,clay,13.36,0
93.63,32.7,36.38,0,development,clay,0,0
79.05,34.14,55.67,0,late,sandy,0,0
40.25,28.28,84.88,3.17,late,loamy,20.58,0
15.8,31.62,70.68,1.37,mid_season,clay,27.3,0
44.92,24.19,84.28,3.48,development,clay,2.42,0
63.61,26.11,43.62,3.83,late,sandy,6.36,0
85.15,35.26,66.65,3.62,mid_season,clay,11.62,0
51.71,20.73,53.81,1.79,development,loamy,12.2,0
86.14,21.71,84.28,6.06,mid_season,clay,12.16,0
34.96,24.1,61.33,5.08,mid_season,clay,17.33,0
61.3,34.08,68.08,3.67,development,clay,14.96,0
48.49,33.69,77.51,5.33,development,sandy,3.74,0
49.63,35.65,56.59,3.63,late,sandy,1.04,0
82.41,32.33,61.64,2.21,mid_season,clay,13.92,0
56.65,27.27,49.71,5.17,mid_season,loamy,0.21,0
47.29,20.72,64.03,4.64,development,loamy,6.36,0
34.34,24.61,58.4,5.04,late,sandy,13.8,0
36.53,19.62,72.96,6.1,initial,clay,13.67,0
53.63,31.66,84.32,2.16,initial,sandy,5.35,0
82.39,23.07,45.24,5.64,late,loamy,7.12,0
42.69,29.05,41.68,3.5,initial,loamy,12.99,0
23.24,18.94,61.06,4.01,initial,loamy,3.18,0
59.43,21.71,79.18,2.07,initial,loamy,10.03,0
78.84,27.18,69.51,5.87,mid_season,loamy,13.61,0
54.11,31.76,57.93,3.61,mid_season,clay,12.19,0
42.47,26.24,60.75,3.48,initial,clay,5.53,0
86.93,27.49,46.36,4.57,late,clay,16.17,0
40.34,26.24,77.76,0,initial,loamy,0,0
62.72,26.39,50.06,3.64,development,clay,8.14,0
68.62,20.23,50.83,0,initial,clay,0,0
72.28,23.05,81.24,3.83,development,clay,9.77,0
78.41,19.4,68.23,6.06,late,clay,2.53,0
73.65,33.38,78.75,2.67,mid_season,sandy,13.8,0
32.61,33.16,78.26,3.64,late,loamy,15.36,0
37.92,28.1,64.78,4.25,late,loamy,3.67,0
38.52,31.79,62.08,1.63,development,clay,7.65,0
32.07,21.77,56.02,0,development,loamy,0,1
65.97,26.27,51.45,2.93,mid_season,clay,1.17,0
67.42,34.4,59.94,4.01,mid_season,sandy,1.13,0
85.37,32.07,68.81,4.92,late,loamy,6.09,0
60.97,22.78,77.14,5.99,mid_season,clay,14.65,0
49.6,26.59,47.44,5.26,development,sandy,19.42,0
53.57,25.75,72.15,3.82,initial,loamy,0.87,0
53.01,26.62,57.25,4.06,development,clay,2.24,0
78.79,20.63,49.27,2.93,initial,clay,6.39,0
87.08,33.23,40.99,4.52,mid_season,loamy,18.92,0
53.28,23.49,50.13,5.43,mid_season,sandy,4.81,0
53.03,21.57,76.41,4.32,development,sandy,2.33,0
63.34,19.91,38.49,3.0,development,sandy,13.8,0
43.68,23.68,42.14,3.53,late,loamy,3.13,0
59.11,29.57,40.18,3.24,development,loamy,10.44,0
28.27,35.16,66.31,4.92,mid_season,clay,7.7,0
95,18.89,37.91,3.23,late,loamy,1.65,0
78.14,29.89,45.03,3.62,late,loamy,23.12,0
27.0,26.01,58.32,4.39,mid_season,clay,17.39,0
51.13,30.7,40.84,4.51,initial,clay,3.08,0
38.49,20.2,48.09,0,initial,loamy,0,0
35.61,24.62,81.46,5.5,initial,loamy,8.71,0
95,28.44,40.03,2.05,development,sandy,16.37,0
66.07,24.03,62.69,0,late,loamy,0,0
66.26,26.65,35.32,3.88,development,clay,9.61,0
7.65,28.24,41.65,4.62,mid_season,clay,8.34,0
13.82,18.8,64.62,4.72,late,sandy,2.42,0
66.61,21.33,60.58,5.22,initial,loamy,3.16,0
75.47,25.26,71.82,2.87,late,clay,28.31,0
73.39,29.36,45.07,5.3,initial,sandy,0.14,0
39.3,32.51,61.23,3.78,development,sandy,18.17,0
70.27,32.22,35.64,4.11,initial,loamy,6.65,0
35.45,27.62,77.98,2.47,late,clay,6.94,0
34.04,25.02,72.38,3.88,development,sandy,8.21,0
26.75,18.58,68.12,0,initial,clay,0,0
74.59,27.79,42.7,4.66,late,loamy,9.52,0
58.76,20.55,79.13,2.98,initial,sandy,10.72,0
64.82,27.46,74.28,2.65,initial,loamy,11.66,0
27.15,26.66,81.13,4.66,development,clay,10.6,0
95,30.99,39.67,3.97,mid_season,loamy,9.35,0
69.1,33.18,51.95,6.11,initial,clay,13.26,0
67.4,35.24,48.58,5.27,mid_season,sandy,19.25,0
62.6,26.79,54.6,4.04,mid_season,loamy,13.72,0
88.69,28.35,41.93,5.2,development,clay,6.6,0
90.02,22.44,35.9,3.49,mid_season,loamy,6.54,0
48.19,31.82,42.27,6.02,late,loamy,3.33,0
56.7,18.66,67.44,0,late,loamy,0,0
65.96,20.2,62.65,3.75,mid_season,loamy,21.49,0
95,26.07,80.07,2.7,development,sandy,2.61,0
53.85,30.06,36.15,0,initial,clay,0,0
55.94,22.16,44.03,3.91,mid_season,loamy,7.85,0
41.67,24.53,47.54,4.59,initial,loamy,0.26,0
64.36,30.79,69.34,3.7,mid_season,sandy,10.43,0
34.77,29.65,68.14,2.87,late,loamy,6.68,0
44.53,21.02,52.58,3.24,development,clay,9.08,0
53.14,27.6,38.0,3.05,initial,clay,11.44,0
30.59,28.24,78.38,4.15,development,clay,4.82,0
48.77,24.18,66.12,5.03,development,loamy,11.89,0
95,30.36,40.12,3.26,development,loamy,12.6,0
28.03,20.1,80.63,4.03,late,clay,0.14,0
59.06,27.54,47.35,3.0,initial,sandy,13.42,0
61.42,32.69,52.92,6.43,development,loamy,8.82,0
29.17,27.09,80.61,2.65,initial,clay,4.8,0
41.86,21.6,58.66,4.3,late,loamy,13.8,0
61.68,27.54,44.19,2.62,late,loamy,7.46,0
30.27,28.79,82.81,4.63,development,clay,5.37,0
53.67,24.42,62.29,5.06,development,loamy,5.31,0
53.81,22.6,63.75,4.6,development,clay,11.23,0
56.47,27.16,41.72,4.08,mid_season,sandy,8.03,0
51.13,24.85,49.11,1.8,initial,sandy,8.27,0
45.54,20.4,84.28,3.77,late,sandy,12.61,0
46.34,20.09,39.93,3.13,mid_season,clay,16.57,0
35.52,23.45,80.85,3.73,late,sandy,17.38,0
61.63,35.67,46.73,3.6,mid_season,loamy,5.6,0
95,34.15,41.31,2.68,development,sandy,13.83,0
71.34,30.26,46.24,4.13,development,loamy,3.79,0
81.25,30.25,56.34,4.29,late,sandy,10.74,0
36.51,28.69,37.48,4.41,late,sandy,4.24,0
63.17,32.07,46.24,4.62,mid_season,loamy,15.69,0
47.54,31.62,80.8,0,development,loamy,0,1
73.86,32.47,80.05,3.38,initial,sandy,14.42,0
48.63,35.38,52.99,4.84,mid_season,sandy,17.09,0
80.9,18.25,52.03,3.81,development,sandy,9.98,0
62.39,34.96,74.69,4.97,development,loamy,9.84,0
21.77,34.82,41.15,3.07,mid_season,clay,3.48,0
73.33,30.54,40.94,4.69,mid_season,sandy,6.67,0
58.75,24.65,72.2,0,late,loamy,0,0
78.33,23.06,45.3,2.75,initial,clay,3.07,0
58.71,20.2,69.45,4.6,development,clay,13.58,0
62.1,34.37,43.87,3.53,initial,sandy,0.6,0
62.66,18.8,62.98,4.78,mid_season,loamy,14.8,0
46.61,18.47,46.13,4.71,mid_season,clay,12.23,0
62.0,21.99,84.77,2.16,late,sandy,7.72,0
46.24,31.92,83.71,2.21,late,clay,4.18,0
38.73,32.15,59.3,3.36,initial,sandy,1.36,0
44.99,32.24,83.21,1.47,development,loamy,11.25,0
51.69,31.74,52.52,3.97,mid_season,loamy,6.66,0
58.61,29.3,48.95,4.6,development,clay,11.21,0
70.48,18.44,70.01,4.57,late,clay,18.2,0
78.07,18.75,82.13,4.17,mid_season,loamy,18.57,0
76.47,30.4,39.42,5.09,late,sandy,11.33,0
84.16,25.85,70.5,3.76,development,loamy,12.58,0
64.67,21.43,57.42,4.41,development,sandy,0.35,0
44.05,32.08,81.85,2.37,development,sandy,5.46,0
83.79,23.3,74.75,3.51,development,loamy,4.01,0
89.13,23.02,73.69,0,initial,sandy,0,0
20.21,19.25,39.9,4.85,development,clay,1.33,0
35.75,32.4,79.49,1.74,late,sandy,14.1,0
52.33,24.68,77.54,3.06,initial,clay,10.05,0
91.12,35.02,67.17,4.63,development,clay,6.34,0
49.92,24.81,40.8,0,initial,clay,0,0
38.9,27.62,84.49,2.96,mid_season,loamy,8.75,0
76.89,27.61,83.59,3.05,development,loamy,7.2,0
50.86,25.5,71.43,5.01,late,loamy,27.79,0
30.71,25.96,69.52,4.13,mid_season,sandy,12.14,0
50.14,19.06,36.37,4.63,mid_season,loamy,11.43,0
82.32,20.01,81.17,3.23,mid_season,sandy,12.47,0
50.05,32.39,61.48,1.91,late,sandy,2.06,0
20.26,29.24,59.49,0,development,sandy,0,1
71.16,21.23,40.12,0,mid_season,loamy,0,0
60.92,24.77,42.76,3.64,mid_season,loamy,23.88,0
29.39,21.83,47.27,3.5,initial,loamy,9.13,0
91.09,34.99,44.49,4.52,mid_season,clay,15.22,0
67.32,26.11,64.19,5.24,development,clay,6.51,0
62.21,23.07,66.46,5.26,development,clay,8.06,0
62.68,33.67,62.87,4.79,development,clay,15.18,0
39.8,34.53,59.09,1.79,mid_season,loamy,8.61,0
45.88,35.25,46.69,2.97,late,sandy,17.03,0
26.64,35.29,80.77,0,initial,loamy,0,0
50.44,25.05,74.03,2.93,mid_season,sandy,4.15,0
48.28,34.79,48.53,2.93,late,sandy,10.85,0
69.33,35.92,46.75,4.75,development,sandy,5.02,0
34.24,33.08,66.96,5.16,development,clay,16.4,0
30.8,21.66,83.36,6.06,initial,sandy,21.05,0
68.03,29.57,39.42,4.56,late,sandy,1.67,0
76.84,30.84,74.67,5.03,initial,clay,6.99,0
52.25,30.55,69.42,2.57,mid_season,loamy,4.03,0
50.22,22.4,48.87,3.68,mid_season,clay,18.68,0
54.61,18.57,46.78,3.87,development,clay,8.17,0
79.97,33.04,40.0,0,late,sandy,0,0
56.74,34.07,50.4,0,development,loamy,0,0
50.82,28.19,44.25,4.93,initial,loamy,0.42,0
32.35,23.74,53.63,4.77,mid_season,loamy,9.93,0
55.32,20.8,77.96,0,development,loamy,0,0
50.08,24.64,83.63,4.02,mid_season,sandy,7.54,0
34.94,18.32,70.22,4.4,late,clay,9.11,0
65.75,31.35,68.58,0,initial,loamy,0,0
8.8,29.41,36.01,3.55,late,clay,17.52,0
79.19,29.05,64.47,2.76,mid_season,sandy,4.13,0
50.49,22.29,46.36,3.13,late,loamy,15.2,0
63.72,25.07,84.6,5.75,late,sandy,14.4,0
39.8,29.18,54.31,4.45,mid_season,loamy,18.9,0
52.46,35.83,42.92,0,mid_season,sandy,0,1
35.51,22.59,78.01,4.09,late,loamy,3.02,0
45.55,28.78,62.14,4.53,initial,sandy,0.8,0
74.7,28.71,64.97,5.54,mid_season,sandy,9.0,0
72.86,21.49,83.47,0,initial,sandy,0,0
63.13,26.66,76.3,3.76,mid_season,loamy,12.42,0
79.63,34.32,37.5,4.96,development,sandy,10.77,0
34.45,19.91,62.32,3.66,initial,clay,9.6,0
42.31,26.81,84.49,4.92,initial,sandy,6.36,0
73.54,34.7,73.21,4.92,initial,sandy,0.81,0
61.36,33.74,39.35,4.56,development,sandy,6.29,0
31.44,34.77,51.79,3.29,initial,loamy,7.14,0
44.85,25.89,69.19,5.11,late,loamy,5.3,0
62.1,33.11,39.01,4.61,mid_season,loamy,1.79,0
80.74,21.78,48.34,4.9,development,loamy,17.58,0
65.75,31.85,62.02,0,initial,sandy,0,0
37.05,34.18,83.37,3.09,late,sandy,3.82,0
75.71,34.31,67.77,2.86,initial,loamy,15.67,0
5,29.81,58.58,0,initial,sandy,0,0
35.63,30.12,46.02,4.9,mid_season,clay,16.76,0
82.82,32.3,54.79,3.94,late,sandy,16.3,0
31.07,35.01,73.58,0,initial,loamy,0,0
52.3,32.37,49.11,2.75,initial,clay,4.54,0
33.75,34.06,75.02,4.93,initial,clay,10.59,0
50.5,21.47,46.5,5.49,mid_season,loamy,17.02,0
37.24,23.31,54.57,6.72,development,sandy,7.37,0
34.24,33.41,51.96,4.35,development,loamy,14.32,0
44.69,33.64,46.68,4.4,development,sandy,9.88,0
51.96,24.01,55.07,0,initial,loamy,0,0
53.41,32.07,42.98,4.17,mid_season,sandy,9.91,0
23.59,31.79,83.05,3.5,late,loamy,1.21,0
26.66,32.54,83.11,2.52,initial,clay,15.83,0
43.03,34.42,84.74,0,initial,clay,0,0
77.92,25.39,40.79,4.42,late,clay,7.7,0
55.28,30.01,59.58,0,late,sandy,0,1
18.05,23.67,61.28,3.22,mid_season,clay,17.94,0
69.6,25.67,52.93,4.72,late,loamy,13.91,0
72.54,23.97,51.82,4.41,late,clay,17.74,0
87.48,18.03,79.88,5.43,development,loamy,9.76,0
67.14,28.19,46.28,4.03,mid_season,clay,17.08,0
41.72,24.57,74.75,5.86,initial,clay,27.54,0
61.54,24.68,66.35,4.39,mid_season,sandy,6.65,0
44.39,29.15,69.18,1.63,development,sandy,5.35,0
20.13,21.31,50.6,4.34,initial,sandy,6.77,0
65.11,19.14,64.69,3.81,mid_season,sandy,14.7,0
61.65,32.05,70.39,2.56,development,sandy,7.28,0
71.55,21.76,40.34,1.71,mid_season,sandy,6.78,0
84.34,23.84,55.79,5.0,initial,clay,9.2,0
33.51,29.34,36.36,3.55,initial,sandy,11.71,0
56.46,21.35,42.03,0,initial,sandy,0,0
77.58,23.39,56.72,3.4,initial,sandy,6.49,0
59.39,24.78,81.29,2.8,initial,sandy,3.39,0
30.34,35.93,69.27,4.81,initial,clay,3.53,0
74.68,33.33,59.81,6.01,mid_season,clay,11.58,0
68.69,32.85,76.56,3.7,mid_season,loamy,13.19,0
44.57,19.2,35.14,0,late,clay,0,1
74.18,26.35,81.66,3.87,late,loamy,18.89,0
26.81,34.23,60.81,5.22,development,sandy,1.89,0
39.26,33.4,77.12,2.49,mid_season,clay,1.29,0
78.07,27.06,79.19,3.75,development,clay,3.64,0
81.37,26.99,72.75,3.75,mid_season,sandy,13.3,0
45.91,35.95,53.98,4.23,initial,loamy,5.49,0
55.05,29.89,74.28,0,initial,loamy,0,0
43.63,27.16,64.17,3.16,development,loamy,0.03,0
52.99,28.94,58.49,4.31,development,loamy,11.2,0
70.59,23.68,59.16,5.48,initial,loamy,9.42,0
20.93,23.92,37.96,3.98,initial,loamy,7.86,0
48.93,23.83,63.83,4.16,mid_season,clay,12.27,0
69.53,23.78,78.14,3.78,late,sandy,10.21,0
49.3,25.36,40.7,0,mid_season,sandy,0,1
59.13,33.41,42.64,5.6,late,sandy,14.96,0
59.31,22.87,47.77,3.39,mid_season,sandy,2.12,0
43.69,21.01,64.05,2.79,mid_season,loamy,5.98,0
90.25,35.02,72.6,5.64,mid_season,loamy,0.8,0
47.67,22.98,53.62,3.87,late,clay,4.21,0
88.94,19.32,68.19,3.95,initial,loamy,4.77,0
68.25,32.19,50.64,3.63,late,sandy,18.3,0
77.06,24.29,84.49,0,initial,sandy,0,0
52.59,30.81,78.87,3.78,development,sandy,17.34,0
43.02,26.06,35.31,2.92,late,loamy,7.87,0
65.27,23.78,62.82,4.87,initial,loamy,9.87,0
66.38,28.61,35.26,3.93,late,sandy,13.83,0
56.56,34.55,47.42,4.81,late,clay,11.7,0
51.1,29.37,56.35,3.52,development,clay,0.82,0
61.82,23.84,76.22,4.96,late,loamy,5.69,0
36.26,21.06,52.35,2.78,mid_season,sandy,12.97,0
26.36,34.89,75.64,5.1,mid_season,loamy,10.01,0
73.15,31.09,69.68,0,development,loamy,0,0
28.87,29.93,69.15,3.33,development,sandy,5.99,0
40.93,29.59,77.91,2.27,mid_season,clay,17.31,0
50.85,35.92,50.17,3.01,development,loamy,10.43,0
78.27,20.36,53.8,3.38,late,loamy,5.98,0
46.36,28.69,35.92,5.32,mid_season,sandy,14.32,0
50.2,23.55,36.48,0.81,mid_season,sandy,9.87,0
51.26,30.5,37.65,2.38,mid_season,sandy,11.61,0
32.08,34.85,66.78,5.32,development,clay,4.37,0
70.22,28.87,77.71,0,initial,clay,0,0
44.66,21.94,45.58,4.65,development,sandy,6.63,0
48.72,21.92,43.93,5.35,mid_season,sandy,3.51,0
68.82,20.45,65.27,0,late,sandy,0,0
9.06,25.69,66.86,0,development,clay,0,1
32.39,34.49,63.7,2.83,late,loamy,12.81,0
68.36,25.78,49.72,3.61,development,sandy,22.02,0
31.01,18.05,82.59,2.68,late,sandy,6.66,0
54.11,19.47,37.7,4.13,development,sandy,10.38,0
37.52,20.17,54.85,0,initial,sandy,0,0
42.92,32.14,60.61,4.48,development,loamy,11.79,0
29.39,24.66,79.92,3.63,development,sandy,7.59,0
85.24,33.85,39.61,0,development,sandy,0,0
20.79,22.77,61.15,3.47,late,clay,22.55,0
56.99,18.68,65.14,2.62,late,loamy,8.11,0
66.23,21.0,44.66,5.62,development,clay,10.23,0
49.43,28.27,68.46,3.28,late,loamy,12.21,0
69.76,24.93,35.05,3.24,initial,clay,17.49,0
44.49,25.36,74.72,3.44,initial,loamy,15.82,0
60.56,18.75,75.55,0,initial,clay,0,0
38.27,28.75,65.27,3.64,late,clay,15.6,0
57.07,34.83,76.53,4.7,development,clay,4.16,0
45.2,34.19,46.59,2.85,development,sandy,5.34,0
81.8,20.39,37.68,3.42,development,clay,4.93,0
34.52,28.57,65.14,3.38,initial,clay,5.88,0
74.1,24.0,35.16,3.73,initial,sandy,5.99,0
75.17,29.71,38.24,0,development,sandy,0,0
50.78,27.41,54.19,3.72,mid_season,sandy,16.58,0
59.69,24.51,78.55,4.82,late,sandy,13.49,0
68.34,23.49,70.92,5.52,development,loamy,10.67,0
62.61,21.51,79.88,5.72,initial,clay,9.03,0
66.44,27.31,56.78,4.1,late,loamy,13.47,0
62.65,26.49,38.7,4.89,mid_season,clay,14.94,0
48.62,26.11,65.67,5.52,mid_season,clay,8.3,0
52.51,33.7,35.27,2.53,mid_season,clay,15.31,0
39.84,27.84,81.72,5.77,initial,clay,0.02,0
38.21,27.77,74.43,5.02,mid_season,clay,17.1,0
47.22,28.65,64.32,5.56,late,clay,7.66,0
32.31,25.38,42.92,5.35,mid_season,loamy,16.26,0
89.42,27.88,73.25,3.42,late,loamy,12.53,0
5,34.7,56.35,4.07,initial,clay,2.57,0
5,32.47,72.14,4.44,late,sandy,1.6,0
52.23,28.01,53.55,3.55,mid_season,loamy,13.81,0
44.43,32.82,46.14,2.7,initial,loamy,0.0,0
33.99,25.88,47.74,4.41,initial,clay,5.29,0
62.85,29.71,60.53,1.84,late,loamy,11.89,0
33.27,32.4,50.01,2.8,mid_season,loamy,20.99,0
35.64,32.79,58.96,0,mid_season,clay,0,1
59.73,24.16,81.09,0,development,sandy,0,1
69.8,28.51,39.26,0,initial,sandy,0,0
32.85,22.0,45.85,0,development,sandy,0,1
25.44,34.09,36.44,4.55,development,clay,17.28,0
77.59,23.93,53.97,2.19,mid_season,clay,10.18,0
86.94,25.86,45.82,3.5,development,loamy,5.91,0
95,21.49,68.6,4.77,initial,loamy,1.53,0
67.62,19.87,77.72,2.72,late,sandy,8.75,0
49.41,34.78,50.4,0,development,sandy,0,1
66.62,33.14,55.8,0,initial,clay,0,0
24.46,27.79,52.92,3.74,mid_season,loamy,17.78,0
38.29,26.68,55.9,3.91,mid_season,sandy,27.78,0
29.24,28.33,45.72,1.98,development,clay,2.76,0
88.79,19.55,81.69,3.59,development,clay,13.54,0
72.23,26.97,61.26,4.22,initial,loamy,6.04,0
25.74,35.25,55.62,3.7,initial,clay,0.93,0
58.82,20.02,58.65,2.92,mid_season,sandy,6.66,0
22.25,18.87,48.71,2.64,mid_season,loamy,19.2,0
68.08,26.67,78.05,4.37,initial,loamy,3.07,0
46.13,27.7,49.8,4.46,mid_season,clay,12.83,0
63.34,30.45,45.16,2.91,initial,sandy,11.5,0
72.85,32.96,79.31,3.54,mid_season,loamy,19.64,0
20.73,23.64,45.34,2.02,initial,sandy,4.29,0
65.48,35.22,77.92,3.41,late,clay,17.52,0
95,29.08,76.1,2.68,development,sandy,16.33,0
83.19,35.06,75.05,0,initial,loamy,0,0
72.68,27.65,58.42,4.03,late,loamy,3.5,0
65.61,19.49,36.29,4.94,development,sandy,12.06,0
83.71,21.01,42.29,6.22,development,sandy,5.11,0
7.96,35.89,53.63,2.88,mid_season,clay,4.02,0
51.9,19.44,76.75,1.87,development,clay,8.62,0
70.67,35.3,68.21,3.52,mid_season,sandy,12.59,0
46.58,32.89,39.23,0,mid_season,clay,0,0
16.65,28.78,80.22,3.16,initial,sandy,3.23,0
62.38,18.85,78.54,5.11,development,clay,1.92,0
83.94,29.71,82.52,3.44,late,sandy,20.64,0
47.01,23.41,46.56,0,initial,loamy,0,0
59.41,29.39,49.46,4.53,development,sandy,11.06,0
53.47,22.46,40.41,4.75,mid_season,clay,6.53,0
51.17,34.26,54.2,3.09,initial,clay,12.1,0
95,28.69,55.71,4.33,initial,sandy,9.41,0
76.01,33.17,54.99,0,late,clay,0,0
65.68,19.03,59.09,4.44,mid_season,clay,13.02,0
75.13,20.6,62.09,2.55,initial,loamy,5.28,0
81.25,20.0,72.02,0,initial,sandy,0,0
44.95,28.48,44.69,0,initial,sandy,0,0
48.96,18.98,72.09,5.02,mid_season,sandy,7.7,0
51.74,33.75,35.88,3.23,late,sandy,7.7,0
56.52,34.31,49.59,4.42,development,loamy,6.55,0
31.85,33.9,84.65,3.38,late,sandy,0.4,0
75.51,18.74,77.44,0,development,clay,0,0
67.82,28.8,49.48,3.2,late,sandy,8.3,0
53.48,32.47,73.37,2.97,mid_season,sandy,13.45,0
48.85,31.7,43.01,4.77,initial,clay,3.19,0
28.52,20.71,70.97,3.72,development,clay,11.75,0
41.61,20.89,59.93,4.51,late,sandy,20.79,0
60.14,35.47,57.09,5.46,development,sandy,7.8,0
90.98,33.93,72.75,5.45,late,clay,14.91,0
59.8,26.04,61.25,4.67,mid_season,loamy,5.56,0
75.93,31.96,83.6,4.96,development,sandy,4.38,0
29.39,32.37,43.82,0,initial,clay,0,0
71.94,25.55,57.41,3.33,development,sandy,3.05,0
82.46,31.55,62.72,2.68,development,loamy,12.72,0
52.63,32.99,79.72,6.27,late,sandy,11.98,0
33.41,30.16,66.44,4.74,development,loamy,0.77,0
69.76,25.3,75.56,2.44,mid_season,clay,0.55,0
38.77,24.28,56.33,3.49,development,sandy,8.93,0
46.23,32.85,69.19,5.15,mid_season,sandy,19.58,0
76.86,26.65,43.7,2.98,initial,loamy,2.47,0
46.89,32.13,42.13,4.04,late,clay,16.26,0
49.8,31.47,52.18,4.37,mid_season,sandy,2.17,0
48.58,35.31,70.89,3.02,late,clay,4.14,0
42.85,23.18,35.13,4.27,development,clay,8.46,0
5,24.44,72.64,3.05,mid_season,loamy,12.27,0
39.79,35.74,49.75,4.41,development,sandy,10.37,0
77.58,34.25,65.47,4.29,mid_season,sandy,14.21,0
32.99,22.14,71.08,5.56,mid_season,sandy,25.02,0
68.65,23.51,41.72,4.69,mid_season,clay,26.71,0
48.43,30.77,52.22,3.38,mid_season,clay,21.71,0
55.77,19.45,81.9,0,development,loamy,0,0
41.51,21.24,40.88,0,initial,loamy,0,0
44.56,26.79,40.01,2.69,mid_season,sandy,5.55,0
17.13,29.34,55.01,5.81,initial,clay,15.15,0
70.59,33.11,82.65,0,development,loamy,0,0
79.62,20.89,69.15,0,initial,sandy,0,0
64.38,22.14,48.58,2.29,mid_season,clay,6.7,0
52.13,18.69,82.16,4.8,mid_season,loamy,23.73,0
95,34.08,70.91,3.6,initial,clay,10.95,0
46.75,28.17,78.1,4.39,initial,clay,14.68,0
16.03,18.93,62.56,3.54,late,clay,17.25,0
44.92,30.89,53.4,5.21,initial,loamy,4.2,0
88.42,23.33,77.17,4.37,initial,loamy,12.17,0
68.2,18.41,81.11,3.37,late,loamy,7.94,0
51.4,30.11,64.33,3.77,development,clay,6.4,0
52.74,35.84,63.52,3.74,development,clay,2.34,0
74.99,26.34,67.25,0,initial,loamy,0,0
25.34,22.12,37.57,5.07,development,sandy,1.06,0
63.62,28.02,82.34,2.92,development,loamy,8.13,0
51.63,27.54,46.19,3.04,development,loamy,6.38,0
59.03,21.57,55.3,4.2,development,clay,14.66,0
85.49,22.84,60.36,3.64,mid_season,clay,7.08,0
77.52,22.16,55.03,3.56,initial,sandy,16.1,0
35.45,30.02,49.0,1.54,development,sandy,9.35,0
68.45,33.81,68.22,4.0,development,sandy,5.34,0
49.23,31.14,55.72,4.12,mid_season,loamy,2.17,0
52.12,31.24,47.52,3.78,late,clay,4.72,0
44.66,33.34,57.32,2.7,initial,loamy,6.77,0
50.81,33.67,35.09,5.2,development,loamy,21.84,0
67.24,34.95,41.49,3.37,mid_season,sandy,6.85,0
31.09,29.26,38.58,4.19,mid_season,loamy,19.34,0
69.07,35.03,60.14,0,initial,sandy,0,0
64.63,27.46,57.41,4.08,mid_season,loamy,9.7,0
39.61,19.96,81.22,3.0,late,clay,8.04,0
55.71,23.34,55.19,2.68,mid_season,sandy,7.78,0
55.2,27.52,74.19,4.78,development,loamy,0.95,0
25.43,29.66,80.31,6.04,mid_season,loamy,11.07,0
48.62,20.92,61.96,4.61,development,clay,14.1,0
28.88,18.04,63.9,4.24,development,sandy,8.85,0
15.85,23.92,68.71,5.95,development,clay,14.49,0
55.55,30.29,42.53,3.58,late,clay,14.2,0
57.5,32.54,77.32,0,late,sandy,0,1
35.94,23.18,61.34,3.44,development,loamy,4.2,0
61.0,34.22,53.26,3.96,mid_season,sandy,8.82,0
48.64,21.02,82.91,4.02,mid_season,clay,14.29,0
29.02,29.91,60.64,2.01,late,clay,10.77,0
32.07,20.17,36.42,3.03,development,sandy,7.12,0
48.52,34.11,38.81,5.91,mid_season,loamy,8.72,0
46.72,33.86,66.47,4.49,development,clay,15.69,0
49.0,24.01,68.04,1.96,development,sandy,7.79,0
54.17,29.08,79.28,4.37,late,loamy,5.21,0
63.45,27.9,68.4,3.41,late,clay,1.24,0
64.27,24.32,54.05,5.02,late,clay,15.88,0
5,25.07,77.9,4.91,initial,loamy,0.23,0
25.56,30.55,53.0,3.0,mid_season,loamy,12.16,0
48.67,26.95,48.23,0,development,clay,0,0
64.51,30.5,45.79,5.48,initial,clay,6.23,0
33.82,28.21,37.85,0,initial,clay,0,0
58.74,21.58,58.21,3.54,mid_season,loamy,14.45,0
58.84,25.31,37.54,3.51,development,clay,13.69,0
53.51,20.78,62.27,0,mid_season,sandy,0,1
63.69,24.6,41.93,5.47,mid_season,loamy,4.55,0
47.43,31.16,64.74,2.36,late,clay,14.92,0
78.36,28.65,37.01,5.53,initial,clay,0.97,0
60.19,22.27,39.86,3.61,development,loamy,13.72,0
81.08,24.02,80.32,4.29,initial,loamy,3.26,0
49.71,33.1,60.36,5.21,late,clay,27.93,0
66.89,19.06,47.84,3.86,mid_season,clay,17.38,0
39.33,34.25,83.44,1.61,late,sandy,15.21,0
63.2,18.08,52.1,3.29,late,loamy,2.71,0
38.9,18.48,73.34,3.85,mid_season,loamy,17.1,0
57.79,27.89,40.84,5.12,mid_season,sandy,1.12,0
84.36,35.13,70.24,3.42,initial,clay,8.95,0
57.37,30.76,39.01,3.47,late,sandy,12.36,0
71.2,29.15,78.05,4.78,late,sandy,8.9,0
47.89,27.4,80.72,0,initial,loamy,0,0
44.07,33.77,37.07,3.77,late,sandy,13.83,0
91.74,30.41,83.2,5.09,mid_season,loamy,15.23,0
40.1,23.3,67.07,6.0,development,loamy,8.5,0
69.72,30.09,76.14,5.18,late,sandy,0.48,0
46.15,26.63,58.18,3.77,late,loamy,12.36,0
39.42,30.68,81.07,0,initial,loamy,0,0
57.41,19.84,42.4,3.46,initial,clay,0.2,0
26.08,20.57,79.54,3.62,development,sandy,11.13,0
83.54,24.97,78.49,0,late,sandy,0,0
61.28,33.18,70.24,3.45,mid_season,sandy,3.75,0
55.67,34.29,60.37,3.69,development,sandy,0.89,0
46.31,27.64,62.78,0,initial,sandy,0,0
56.54,29.67,83.79,6.62,late,sandy,2.8,0
72.78,22.28,84.15,2.15,initial,sandy,4.18,0
55.12,26.66,48.62,3.63,initial,sandy,6.68,0
39.3,22.94,43.17,5.38,late,clay,6.3,0
71.89,33.1,69.69,4.35,mid_season,clay,11.6,0
55.63,19.85,42.23,6.02,mid_season,clay,9.82,0
76.16,29.21,62.79,0,development,loamy,0,0
51.0,21.79,60.29,4.01,development,loamy,20.33,0
22.18,27.96,38.86,4.87,development,sandy,4.43,0
83.47,32.9,65.99,5.33,initial,sandy,1.15,0
44.61,19.6,42.83,3.68,late,clay,15.71,0
50.78,33.11,41.88,3.26,late,sandy,2.47,0
55.07,25.92,50.79,4.42,initial,clay,9.15,0
37.03,19.54,83.92,3.91,development,clay,15.58,0
64.81,34.93,36.16,2.45,initial,sandy,2.7,0
51.27,25.72,73.24,2.5,late,loamy,15.85,0
59.52,22.52,82.42,0,initial,clay,0,0
47.69,35.9,75.76,6.11,mid_season,sandy,14.02,0
65.37,25.04,38.78,1.89,mid_season,sandy,16.69,0
71.72,18.31,76.42,2.94,late,clay,3.51,0
38.77,32.19,62.67,4.64,late,loamy,15.54,0
74.48,18.1,57.19,4.45,development,sandy,4.98,0
80.22,18.12,81.03,4.26,late,loamy,1.73,0
81.42,29.27,38.64,5.08,development,clay,8.08,0
46.12,30.66,55.66,2.92,late,clay,31.36,0
63.77,32.53,79.27,2.83,development,sandy,14.55,0
24.76,31.22,45.43,3.17,late,clay,11.71,0
67.32,27.38,60.4,0,development,clay,0,0
41.88,31.23,68.33,0,initial,sandy,0,0
42.09,21.69,79.35,3.75,initial,sandy,7.95,0
61.21,34.34,67.67,5.12,initial,sandy,10.37,0
38.45,35.71,52.12,0,late,clay,0,1
42.58,35.58,60.29,4.98,late,clay,20.99,0
39.79,26.89,62.99,3.75,mid_season,sandy,14.29,0
66.74,35.84,82.49,6.41,development,clay,5.02,0
63.53,19.99,79.19,4.91,late,sandy,1.39,0
42.49,35.24,62.52,5.15,late,sandy,4.83,0
58.66,33.42,41.59,2.98,mid_season,clay,19.55,0
61.55,29.21,40.52,3.99,late,clay,12.31,0
40.1,28.61,62.07,3.22,initial,clay,1.4,0
52.1,31.42,35.63,6.76,late,sandy,5.81,0
81.1,18.24,67.55,2.55,late,loamy,7.46,0
49.85,21.27,73.23,4.94,late,clay,16.94,0
36.43,35.59,59.92,4.29,initial,loamy,10.39,0
53.12,21.56,84.81,4.33,initial,clay,9.23,0
33.65,20.43,77.64,4.18,initial,loamy,15.43,0
44.73,19.54,76.66,3.19,late,sandy,2.21,0
40.17,30.63,69.34,2.8,mid_season,clay,15.84,0
47.04,19.09,80.21,3.8,initial,loamy,0.26,0
62.79,25.3,64.35,0,late,sandy,0,0
70.4,35.31,45.33,6.1,mid_season,loamy,16.26,0
82.51,32.15,83.1,4.52,development,clay,19.35,0
32.11,35.87,80.71,5.43,development,sandy,6.77,0
95,18.89,54.44,2.95,mid_season,clay,15.33,0
29.74,20.25,47.68,0,late,sandy,0,1
66.77,29.88,52.57,0,initial,loamy,0,0
39.9,31.33,77.24,2.37,initial,loamy,5.46,0
74.86,18.0,84.98,4.94,development,sandy,17.07,0
67.24,35.57,78.84,3.79,development,clay,25.54,0
27.29,20.28,39.09,5.71,late,sandy,6.4,0
76.02,30.44,57.92,0,initial,clay,0,0
75.25,27.69,48.57,4.83,mid_season,loamy,6.42,0
49.38,30.25,81.08,3.27,initial,loamy,6.35,0
36.01,23.85,44.79,2.6,late,sandy,6.81,0
73.01,28.92,69.48,3.05,mid_season,loamy,1.38,0
53.33,19.85,74.06,4.67,mid_season,loamy,21.45,0
63.06,32.75,76.05,0,development,sandy,0,0
68.39,31.42,69.83,7.12,late,clay,9.54,0
60.25,35.08,54.77,3.22,development,loamy,5.54,0
48.13,31.85,63.72,0,initial,loamy,0,0
60.72,33.53,74.74,0,development,loamy,0,0
75.3,29.76,63.61,4.06,late,sandy,5.77,0
42.71,31.03,56.35,4.08,mid_season,loamy,14.08,0
85.15,26.15,41.18,2.86,development,sandy,8.16,0
55.93,29.28,70.34,0,initial,loamy,0,0
76.34,35.68,37.87,2.82,development,clay,14.74,0
81.24,18.62,48.02,3.92,mid_season,sandy,12.89,0
28.65,21.56,43.17,5.8,development,clay,9.68,0
51.26,32.54,82.06,3.75,initial,loamy,12.85,0
68.12,22.38,48.92,3.69,mid_season,clay,7.32,0
64.91,21.52,58.95,0.61,mid_season,sandy,19.39,0
63.89,27.09,81.5,3.05,development,loamy,9.76,0
40.03,29.69,48.41,4.93,mid_season,loamy,16.07,0
54.45,22.76,48.91,4.44,late,sandy,23.11,0
44.79,32.0,74.24,2.9,initial,loamy,7.83,0
54.87,27.69,60.73,3.82,late,sandy,8.05,0
53.62,18.56,66.73,2.53,mid_season,loamy,6.38,0
77.59,21.42,39.24,1.62,mid_season,clay,15.61,0
84.55,25.85,58.1,1.95,mid_season,clay,6.28,0
59.79,31.94,48.02,3.62,development,sandy,9.38,0
19.59,33.48,82.3,3.14,mid_season,clay,7.74,0
79.66,29.21,83.57,3.85,initial,clay,0.16,0
62.78,23.43,73.16,4.16,development,sandy,9.53,0
52.71,21.56,61.92,4.56,mid_season,clay,19.35,0
48.31,27.58,80.1,3.34,late,sandy,22.64,0
54.17,32.73,53.01,4.36,late,clay,5.74,0
59.56,33.6,75.42,2.58,development,clay,1.66,0
45.36,31.56,84.15,4.23,late,sandy,10.55,0
47.59,18.57,38.26,3.25,late,clay,9.69,0
30.43,33.95,51.41,5.33,mid_season,sandy,16.17,0
71.28,29.89,58.34,4.12,mid_season,loamy,5.69,0
44.7,24.27,69.94,1.82,development,loamy,6.38,0
18.8,21.16,43.28,3.0,late,loamy,15.65,0
50.25,28.32,63.71,3.33,development,loamy,12.1,0
36.4,35.29,53.02,3.82,development,sandy,11.99,0
41.72,30.38,63.8,2.61,development,sandy,0.65,0
93.42,27.78,47.02,3.86,initial,clay,4.81,0
42.35,21.47,63.58,3.75,development,loamy,0.77,0
44.4,19.83,52.83,4.63,initial,sandy,0.88,0
43.69,32.36,40.05,3.64,mid_season,sandy,8.34,0
63.72,27.08,37.77,0,development,sandy,0,0
48.41,31.38,40.5,5.04,development,loamy,11.26,0
49.85,33.4,60.81,3.16,late,loamy,11.9,0
40.7,25.93,54.46,4.66,initial,clay,7.88,0
58.37,31.26,38.65,3.42,late,sandy,3.36,0
31.38,26.28,83.01,3.16,initial,clay,9.11,0
19.61,23.74,54.26,5.03,mid_season,sandy,23.33,0
79.07,18.25,63.74,5.1,mid_season,clay,4.17,0
61.13,20.63,71.54,3.24,mid_season,loamy,20.59,0
25.94,20.19,43.4,3.42,mid_season,loamy,17.37,0
90.41,34.41,60.49,2.27,development,clay,10.57,0
42.61,26.28,53.54,2.96,late,loamy,11.58,0
57.05,32.13,80.53,5.61,late,clay,0.91,0
72.66,22.52,62.24,2.53,initial,clay,5.93,0
46.89,31.58,43.39,3.3,late,clay,16.2,0
64.4,24.49,47.65,5.05,initial,sandy,7.85,0
78.43,34.6,72.2,5.37,mid_season,loamy,17.18,0
66.96,18.21,70.29,1.61,development,sandy,0.53,0
47.84,25.09,71.4,3.65,initial,loamy,0.32,0
95,24.76,57.14,4.76,development,clay,9.91,0
41.01,35.87,60.06,5.49,development,clay,22.55,0
60.85,33.64,52.33,2.97,initial,sandy,10.33,0
53.72,25.8,42.24,2.58,development,sandy,14.44,0
38.22,26.73,69.58,4.27,late,loamy,18.63,0
49.86,20.07,75.48,3.92,development,loamy,2.44,0
57.09,31.93,65.38,3.29,initial,sandy,2.14,0
57.64,27.68,39.09,2.27,mid_season,clay,18.97,0
48.39,22.24,74.29,3.84,mid_season,clay,8.26,0
79.95,25.5,45.47,4.74,late,clay,7.62,0
42.12,25.68,75.07,5.58,late,loamy,4.84,0
77.92,27.88,78.47,5.82,mid_season,loamy,10.99,0
82.96,28.0,35.87,3.12,late,loamy,17.84,0
40.76,25.38,58.72,5.28,mid_season,clay,16.66,0
48.66,22.45,68.53,3.84,development,clay,2.99,0
55.66,32.68,60.89,4.64,development,clay,13.08,0
28.0,26.86,57.14,4.6,mid_season,sandy,1.62,0
53.24,21.36,74.73,3.89,development,clay,2.63,0
14.58,20.4,71.28,4.4,initial,loamy,7.9,0
86.61,18.22,65.38,5.82,initial,sandy,6.59,0
37.46,24.46,56.63,4.51,development,clay,2.89,0
55.84,31.72,62.69,1.91,late,loamy,1.83,0
47.21,18.76,47.64,4.72,mid_season,clay,21.76,0
60.96,30.82,59.17,0,development,sandy,0,0
60.87,35.96,56.74,4.72,initial,clay,4.58,0
46.39,31.57,71.78,0,development,loamy,0,1
41.39,19.33,36.0,4.03,mid_season,clay,12.1,0
74.66,34.68,43.52,0.99,development,loamy,0.65,0
53.17,33.2,75.82,4.69,mid_season,clay,9.03,0
62.86,24.08,47.86,5.84,initial,sandy,5.82,0
54.56,25.94,49.56,2.93,initial,loamy,10.94,0
53.79,22.05,82.5,3.19,development,clay,12.7,0
44.41,24.26,71.47,4.52,development,sandy,9.25,0
70.24,18.21,54.89,2.88,mid_season,clay,16.96,0
77.58,28.99,38.2,1.94,mid_season,loamy,8.75,0
40.83,35.63,52.47,4.29,mid_season,loamy,2.63,0
72.58,35.21,50.82,2.83,late,sandy,15.07,0
44.31,22.12,35.6,3.89,late,loamy,14.48,0
38.49,19.67,40.44,2.04,development,loamy,5.81,0
58.89,27.01,78.95,5.92,development,loamy,15.52,0
57.11,22.43,71.28,4.49,late,loamy,24.39,0
32.94,33.89,48.0,5.05,late,sandy,4.21,0
38.51,33.22,39.4,5.19,development,loamy,7.7,0
61.16,23.14,64.16,2.56,mid_season,loamy,3.79,0
50.36,35.29,44.24,3.12,development,loamy,9.61,0
59.42,30.51,39.82,4.36,late,clay,5.17,0
62.15,26.56,62.7,2.79,development,loamy,4.83,0
37.89,23.64,75.91,1.21,mid_season,sandy,5.33,0
69.28,19.35,56.77,4.43,initial,loamy,12.99,0
48.94,22.16,43.96,4.01,late,clay,8.62,0
77.66,21.99,81.47,3.09,mid_season,loamy,13.56,0
31.47,22.07,37.43,3.85,mid_season,clay,5.34,0
65.1,30.23,40.94,0,initial,clay,0,0
47.55,31.16,37.73,2.05,late,sandy,0.57,0
29.58,27.4,46.39,3.27,late,loamy,2.59,0
63.63,32.35,84.29,4.45,mid_season,loamy,3.04,0
50.28,28.08,40.93,5.82,initial,loamy,2.41,0
80.42,30.44,38.66,3.21,mid_season,loamy,7.81,0
55.68,33.58,39.72,3.96,late,clay,8.32,0
42.43,32.59,53.77,5.09,initial,sandy,1.11,0
47.95,22.06,35.82,0,development,clay,0,0
58.33,22.25,43.0,4.23,development,loamy,7.95,0
40.09,20.61,51.83,4.28,initial,sandy,18.45,0
46.27,22.72,60.13,4.91,late,sandy,12.77,0
55.44,35.36,49.07,0,development,sandy,0,1
40.0,28.29,66.12,4.27,mid_season,sandy,10.11,0
77.0,26.81,79.44,5.33,late,loamy,5.6,0
63.65,20.61,83.98,5.1,initial,clay,1.66,0
46.48,35.77,65.37,1.48,initial,loamy,4.41,0
52.3,21.73,82.06,6.72,mid_season,loamy,14.72,0
52.76,33.47,81.39,3.74,development,sandy,3.23,0
56.38,26.69,35.28,3.46,initial,loamy,1.09,0
86.19,31.84,62.92,4.86,initial,clay,13.65,0
75.43,28.8,35.79,5.51,mid_season,loamy,17.62,0
58.54,18.23,41.99,6.88,late,clay,4.1,0
36.47,21.11,63.12,2.21,late,sandy,13.07,0
49.66,23.54,40.71,0,initial,loamy,0,0
31.83,18.24,53.86,1.99,development,clay,0.07,0
43.49,21.9,44.08,4.91,mid_season,sandy,18.31,0
41.95,27.7,74.1,2.74,mid_season,sandy,13.43,0
32.41,27.15,66.41,5.21,late,clay,5.71,0
61.06,35.35,69.17,3.66,late,sandy,4.58,0
83.09,21.79,50.76,6.52,initial,clay,8.66,0
53.79,34.07,75.59,2.77,initial,sandy,5.52,0
43.72,31.35,61.62,4.64,mid_season,sandy,13.17,0
59.32,34.55,47.24,0,initial,loamy,0,0
62.68,25.01,48.36,5.53,mid_season,clay,9.78,0
58.15,28.81,60.17,0,development,sandy,0,1
86.65,31.37,60.85,5.0,late,sandy,4.55,0
60.69,23.44,54.24,2.98,development,loamy,6.41,0
29.72,35.5,70.77,2.57,late,sandy,22.08,0
27.72,21.1,62.83,0,initial,clay,0,0
75.05,18.17,56.04,0,late,sandy,0,0
65.33,20.5,43.53,4.5,development,sandy,3.64,0
83.12,30.65,81.29,3.16,mid_season,clay,4.37,0
77.0,28.6,48.61,2.33,initial,sandy,0.26,0
50.54,21.41,67.9,3.13,mid_season,clay,2.76,0
58.7,29.85,54.71,0,initial,loamy,0,0
63.68,25.18,40.45,4.1,late,loamy,14.15,0
65.47,32.22,44.45,3.14,mid_season,clay,15.13,0
64.9,25.37,64.2,4.35,development,sandy,7.66,0
31.11,34.93,72.29,5.38,initial,loamy,11.28,0
71.25,27.41,40.85,4.79,development,loamy,8.22,0
77.02,31.93,66.48,5.24,development,sandy,6.13,0
10.32,34.38,46.76,4.64,mid_season,loamy,15.58,0
95,28.1,44.92,3.94,late,clay,11.0,0
46.34,27.53,37.92,4.71,initial,loamy,4.01,0
61.21,26.45,37.15,3.77,initial,sandy,4.33,0
44.24,27.9,37.35,6.36,late,clay,8.25,0
25.45,29.89,76.76,4.39,late,loamy,20.11,0
48.47,27.27,55.07,0,initial,clay,0,0
60.06,33.97,37.93,0,initial,sandy,0,0
88.57,35.74,60.57,5.27,development,clay,12.06,0
31.18,22.77,77.67,3.1,mid_season,sandy,4.87,0
70.35,26.48,56.78,4.48,mid_season,sandy,15.06,0
45.12,18.33,75.61,5.18,late,clay,11.27,0
49.99,19.71,46.63,4.96,mid_season,clay,15.07,0
36.39,32.08,69.08,4.73,development,clay,13.84,0
70.77,20.38,80.58,3.19,initial,loamy,0.28,0
32.14,33.48,76.77,4.89,initial,clay,4.5,0
50.94,35.7,38.93,3.74,mid_season,sandy,13.15,0
48.36,27.22,44.27,4.14,development,loamy,6.0,0
68.74,31.41,73.54,2.99,initial,clay,2.69,0
68.18,22.71,74.08,2.85,late,clay,12.88,0
60.2,19.57,66.16,0,mid_season,loamy,0,0
81.98,22.78,36.91,2.61,initial,loamy,5.38,0
60.71,18.6,48.13,0,initial,loamy,0,0
56.86,18.93,52.57,3.96,mid_season,sandy,7.77,0
58.12,31.72,56.58,4.72,mid_season,loamy,9.45,0
63.38,19.44,42.85,5.11,mid_season,clay,10.59,0
61.94,25.24,78.82,6.36,development,sandy,5.15,0
67.4,30.71,55.14,4.14,development,clay,17.34,0
59.67,35.48,78.86,0,initial,clay,0,0
67.38,26.71,74.67,0,development,loamy,0,0
54.47,25.06,71.88,4.98,initial,loamy,5.13,0
57.61,22.73,48.52,5.22,late,clay,1.3,0
21.1,26.29,51.52,0,development,clay,0,1
39.57,34.88,40.56,2.59,mid_season,loamy,18.21,0
31.81,21.86,38.13,3.4,late,clay,12.12,0
24.76,22.79,53.74,4.53,mid_season,clay,23.44,0
49.99,29.73,52.39,3.33,initial,loamy,1.16,0
68.68,32.87,50.41,3.82,initial,sandy,0.37,0
79.63,33.96,72.0,5.74,development,clay,10.17,0
49.0,23.86,36.66,5.01,initial,loamy,5.03,0
55.94,23.76,37.89,5.09,initial,clay,3.87,0
54.68,27.59,74.29,1.99,late,sandy,2.17,0
74.74,34.73,70.71,4.53,late,loamy,17.4,0
51.9,23.04,75.81,3.67,mid_season,loamy,3.24,0
46.95,30.74,50.94,3.89,mid_season,sandy,13.34,0
95,34.34,72.21,6.15,development,sandy,3.67,0
39.47,29.46,52.28,3.31,development,loamy,2.14,0
43.12,32.84,43.86,2.78,development,loamy,6.6,0
37.77,25.2,58.29,3.67,mid_season,loamy,9.49,0
52.44,32.18,82.91,4.52,development,loamy,5.03,0
44.24,33.62,47.36,5.83,mid_season,loamy,21.69,0
47.18,18.83,63.4,5.34,late,clay,1.99,0
63.88,30.37,84.58,4.38,mid_season,loamy,13.03,0
32.85,25.13,52.78,4.02,late,sandy,11.79,0
40.76,29.96,45.99,4.33,late,loamy,7.4,0
82.02,24.2,66.65,0,initial,clay,0,0
80.13,24.08,70.0,3.28,development,sandy,20.3,0
45.2,22.41,52.81,0,mid_season,loamy,0,1
56.72,25.43,60.68,3.58,mid_season,clay,19.1,0
41.34,18.82,84.5,3.1,initial,loamy,1.11,0
66.73,28.39,61.34,4.05,mid_season,loamy,7.81,0
57.82,22.33,47.48,4.53,mid_season,clay,11.45,0
54.92,18.83,74.61,4.79,development,loamy,2.11,0
35.12,18.73,69.39,2.21,initial,sandy,11.35,0
54.37,28.71,47.13,0,development,clay,0,0
68.75,31.18,52.05,3.81,initial,clay,10.81,0
48.55,21.35,61.84,0,late,sandy,0,1
82.52,24.0,64.69,3.02,mid_season,sandy,9.03,0
54.19,18.42,39.15,5.13,mid_season,sandy,9.06,0
48.58,26.11,73.24,5.3,mid_season,clay,3.24,0
27.77,27.78,50.28,0,late,sandy,0,1
56.86,18.07,67.98,4.67,mid_season,clay,16.28,0
66.66,23.69,66.67,3.71,late,loamy,8.54,0
33.85,28.59,62.19,5.69,development,sandy,2.97,0
63.59,34.03,55.28,3.34,mid_season,clay,16.62,0
44.04,26.33,72.72,5.33,mid_season,loamy,2.29,0
33.13,18.42,69.86,4.85,late,clay,8.36,0
13.25,32.11,81.82,0,development,sandy,0,1
41.84,20.0,40.15,3.49,initial,loamy,4.19,0
44.98,32.44,37.34,3.26,development,sandy,17.63,0
64.03,27.25,81.36,4.88,late,sandy,2.68,0
71.31,22.12,63.85,3.79,development,sandy,5.89,0
49.42,28.55,48.58,4.5,late,clay,14.34,0
57.16,29.04,57.68,5.16,late,loamy,19.81,0
66.09,24.68,65.71,2.86,mid_season,clay,11.64,0
45.52,30.22,65.5,4.18,initial,sandy,4.6,0
20.04,21.45,78.22,3.02,development,clay,4.9,0
49.06,33.01,84.85,2.65,development,loamy,1.77,0
38.61,35.51,72.13,4.09,late,clay,12.7,0
74.48,23.45,43.72,4.45,mid_season,loamy,13.46,0
81.02,28.9,58.36,2.34,mid_season,clay,16.66,0
43.77,21.65,61.75,4.4,mid_season,sandy,10.83,0
50.15,30.96,36.75,4.14,mid_season,clay,3.09,0
48.12,25.08,48.01,4.39,mid_season,loamy,12.22,0
52.87,21.23,50.92,3.98,late,sandy,8.37,0
47.54,24.98,69.98,0,initial,clay,0,0
19.33,21.03,76.69,4.3,late,sandy,0.74,0
21.68,19.43,49.53,4.27,development,clay,12.57,0
62.49,33.68,51.39,3.18,late,loamy,18.37,0
56.23,24.4,53.71,4.57,initial,clay,6.29,0
30.0,27.41,60.39,2.64,mid_season,loamy,15.82,0
71.2,22.04,50.28,4.78,development,sandy,13.64,0
60.69,22.61,38.41,0,mid_season,clay,0,0
55.0,33.32,70.46,2.58,initial,sandy,7.96,0
66.44,31.67,47.0,3.6,mid_season,loamy,4.49,0
78.8,20.76,42.48,5.24,late,clay,9.08,0
46.16,30.91,39.48,3.56,late,loamy,12.51,0
57.42,33.2,40.74,3.56,development,loamy,8.64,0
60.12,34.13,83.26,4.28,late,clay,10.63,0
55.01,18.39,40.09,3.53,initial,loamy,15.43,0
48.26,34.09,63.61,5.25,development,sandy,6.16,0
45.14,20.26,67.46,0,development,clay,0,0
66.97,21.48,76.77,0,development,sandy,0,0
56.94,35.16,56.14,4.63,late,sandy,4.91,0
35.95,24.85,36.58,0,mid_season,sandy,0,1
59.71,24.65,59.62,0,mid_season,clay,0,0
73.61,25.64,43.28,3.15,late,clay,6.28,0
57.16,21.65,61.84,3.21,mid_season,loamy,1.89,0
63.08,30.78,65.73,0,development,loamy,0,0
71.41,26.03,54.53,3.28,late,loamy,18.35,0
59.54,27.04,51.0,3.98,late,loamy,13.65,0
80.11,19.49,49.86,4.06,development,loamy,9.55,0
57.97,28.56,58.86,4.39,mid_season,clay,22.63,0
47.54,26.39,74.01,4.3,initial,clay,0.32,0
69.45,32.65,52.34,5.83,development,clay,6.86,0
68.57,30.57,69.51,3.75,mid_season,sandy,18.2,0
53.69,25.68,60.61,4.78,development,clay,6.94,0
45.01,27.88,70.85,3.93,late,loamy,4.97,0
62.04,32.85,42.28,6.0,development,sandy,3.33,0
57.65,28.71,51.77,5.33,late,clay,18.48,0
56.25,27.95,44.51,5.11,mid_season,loamy,4.12,0
69.38,34.41,59.96,3.81,late,sandy,2.4,0
82.06,18.78,40.22,0,development,clay,0,0
76.78,25.54,67.06,4.29,mid_season,clay,13.75,0
77.81,27.72,37.69,0,initial,sandy,0,0
61.73,23.88,46.93,4.34,late,clay,1.13,0
34.56,19.25,49.56,3.73,late,clay,21.95,0
72.12,32.93,71.97,5.72,mid_season,loamy,8.13,0
38.91,32.34,40.91,3.15,development,sandy,2.17,0
61.02,20.62,66.34,4.19,development,sandy,21.68,0
90.35,31.43,36.87,5.02,mid_season,clay,26.99,0
40.47,28.45,40.81,4.06,initial,clay,1.1,0
49.44,34.86,37.3,4.51,development,loamy,0.66,0
63.82,31.75,66.57,2.97,development,sandy,8.37,0
63.35,19.42,73.11,6.18,late,sandy,8.57,0
49.74,20.21,41.3,0,initial,loamy,0,0
60.55,31.64,45.86,5.0,development,clay,8.53,0
58.08,18.69,75.7,5.68,development,loamy,11.33,0
5,23.92,54.73,1.78,development,sandy,5.66,0
26.91,20.36,53.39,5.38,late,clay,9.57,0
41.47,34.15,41.9,4.58,mid_season,clay,9.99,0
49.52,21.36,37.06,4.52,late,loamy,10.26,0
55.42,34.84,63.74,3.79,mid_season,loamy,11.3,0
51.42,26.25,79.23,3.73,development,sandy,2.98,0
46.81,24.88,57.73,0,initial,clay,0,0
26.71,20.87,37.19,3.25,development,sandy,18.84,0
47.34,28.03,44.69,3.93,mid_season,loamy,7.53,0
65.18,19.38,67.48,2.7,late,loamy,11.74,0
38.96,26.28,46.41,0,mid_season,loamy,0,1
26.15,19.31,53.77,3.58,mid_season,clay,11.79,0
62.3,35.69,80.6,3.89,development,sandy,10.63,0
46.31,29.51,71.66,5.2,late,loamy,9.49,0
76.85,30.29,46.34,4.83,development,clay,22.1,0
94.16,19.63,82.2,0,late,sandy,0,0
80.89,20.48,47.77,5.8,late,loamy,10.29,0
50.92,34.25,54.75,2.22,development,sandy,6.78,0
43.62,25.61,76.25,5.72,development,sandy,10.68,0
56.19,32.74,76.57,0,initial,loamy,0,0
44.43,21.43,58.71,3.18,mid_season,clay,15.15,0
51.08,33.55,63.0,3.25,mid_season,sandy,2.5,0
42.72,29.42,70.32,0,development,sandy,0,1
32.71,34.05,84.99,0.3,initial,loamy,0.95,0
49.58,35.72,77.07,4.43,initial,clay,6.42,0
59.3,23.92,84.94,3.7,initial,clay,7.51,0
35.46,33.16,81.17,4.21,late,loamy,6.18,0
52.07,21.85,70.56,3.0,development,loamy,17.98,0
78.26,27.41,53.53,3.32,late,loamy,11.24,0
95,24.01,83.59,5.95,mid_season,clay,1.0,0
52.07,21.5,67.49,0,initial,sandy,0,0
65.91,26.75,46.28,0,late,clay,0,0
47.04,26.33,57.81,5.98,development,sandy,14.94,0
18.16,25.99,57.59,0,initial,clay,0,0
42.99,19.25,76.75,4.38,mid_season,loamy,4.35,0
16.37,29.84,55.03,3.21,development,clay,6.82,0
50.09,31.07,62.44,2.43,initial,sandy,4.75,0
32.32,22.27,81.92,5.75,development,clay,7.89,0
63.6,24.86,83.92,4.94,late,sandy,12.09,0
62.24,30.39,84.04,2.25,mid_season,loamy,6.08,0
50.45,33.97,73.68,0,initial,sandy,0,0
49.04,35.25,42.67,5.18,development,loamy,10.33,0
95,22.08,73.09,5.13,late,sandy,0.37,0
61.43,30.49,38.85,3.36,mid_season,loamy,21.15,0
81.55,26.8,83.83,2.44,initial,sandy,0.32,0
83.21,22.11,56.16,2.6,late,sandy,4.29,0
95,27.36,80.38,6.13,development,loamy,16.66,0
52.18,28.98,44.0,0,initial,loamy,0,0
46.45,21.42,64.33,3.64,late,clay,16.51,0
33.15,32.53,58.76,2.19,late,clay,15.69,0
77.27,18.04,67.22,4.65,initial,sandy,2.04,0
83.09,23.53,83.44,2.2,mid_season,loamy,1.29,0
59.25,27.8,65.55,6.24,initial,sandy,1.22,0
22.29,18.63,48.83,2.0,mid_season,sandy,2.9,0
37.42,27.75,74.47,5.77,late,loamy,8.17,0
49.14,24.52,40.97,3.27,late,loamy,4.77,0
70.36,18.96,53.98,5.32,late,loamy,10.96,0
23.58,19.96,50.97,4.6,mid_season,clay,10.91,0
81.91,28.04,66.92,3.02,development,loamy,7.4,0
7.33,33.43,74.91,2.38,late,loamy,17.53,0
62.27,22.43,70.51,0,initial,sandy,0,0
78.04,21.78,53.19,2.88,late,sandy,14.62,0
44.12,34.51,61.01,2.9,development,clay,3.94,0
58.62,26.45,50.03,5.08,initial,clay,7.36,0
65.45,27.92,51.43,2.43,mid_season,clay,5.33,0
68.65,27.98,56.15,5.07,development,sandy,4.75,0
74.76,34.85,62.04,5.06,initial,clay,2.56,0
52.5,20.5,58.46,2.93,late,sandy,16.35,0
63.12,25.18,54.43,4.43,development,clay,2.12,0
51.6,27.9,38.71,3.49,mid_season,sandy,7.03,0
57.56,18.14,83.83,2.27,initial,loamy,4.04,0
57.92,24.67,48.18,2.59,mid_season,clay,2.84,0
61.8,26.3,63.98,4.41,development,sandy,10.7,0
94.52,18.04,80.22,3.89,initial,clay,3.1,0
66.39,29.69,39.7,0,initial,clay,0,0
28.96,25.99,81.24,4.05,late,loamy,3.89,0
69.28,31.9,66.87,4.1,development,clay,8.01,0
35.82,34.65,44.29,4.6,late,clay,8.73,0
35.97,32.5,64.99,2.64,late,sandy,15.76,0
73.2,31.6,67.78,4.51,late,clay,18.17,0
69.39,20.98,78.29,3.81,development,sandy,10.82,0
27.09,20.08,43.98,0,initial,loamy,0,0
12.15,22.0,43.45,5.41,late,sandy,15.09,0
48.94,20.85,68.1,3.53,late,sandy,7.47,0
55.36,32.66,79.52,5.9,initial,sandy,11.34,0
47.26,26.13,77.58,5.88,initial,loamy,2.73,0
67.37,24.01,46.03,4.07,development,loamy,11.07,0
47.69,27.03,35.77,4.95,development,clay,6.72,0
67.58,31.17,40.07,2.1,late,sandy,9.75,0
44.8,26.02,48.99,4.12,initial,sandy,1.45,0
30.39,19.63,51.6,3.01,mid_season,loamy,28.46,0
25.25,34.02,83.81,5.74,late,clay,20.95,0
59.47,29.38,58.07,3.32,initial,clay,6.85,0
21.78,25.07,59.84,3.53,mid_season,clay,11.84,0
59.49,28.88,43.22,2.69,development,loamy,11.35,0
73.82,26.49,50.66,3.59,late,loamy,5.52,0
54.0,35.66,50.63,5.06,mid_season,clay,13.73,0
63.11,20.26,38.44,3.69,late,loamy,0.18,0
44.78,24.94,43.36,4.05,initial,loamy,9.99,0
10.26,26.84,83.46,3.55,initial,clay,16.95,0
45.07,24.55,49.99,4.59,initial,clay,3.91,0
57.98,25.68,70.94,4.02,initial,loamy,1.16,0
44.43,32.3,71.43,2.42,mid_season,loamy,11.02,0
67.55,18.64,64.34,0,initial,sandy,0,0
23.16,20.67,49.14,0,mid_season,sandy,0,1
77.15,28.62,51.07,2.0,development,sandy,10.62,0
77.61,23.88,73.78,4.21,mid_season,sandy,14.37,0
53.57,35.45,80.32,3.5,mid_season,loamy,9.56,0
50.56,35.54,65.91,3.9,mid_season,clay,8.18,0
36.7,32.93,68.95,2.59,late,loamy,18.26,0
12.31,31.1,82.87,5.04,late,clay,16.99,0
69.15,30.31,73.92,4.18,late,clay,17.89,0
55.71,30.56,75.58,5.78,late,sandy,10.85,0
31.96,24.14,71.63,5.49,mid_season,clay,17.07,0
15.31,34.75,79.72,4.41,late,loamy,11.65,0
46.52,33.5,70.31,4.27,mid_season,sandy,1.02,0
62.06,27.2,79.03,4.66,development,clay,3.33,0
25.56,34.85,72.43,0,initial,clay,0,0
42.93,25.34,83.46,0,initial,loamy,0,0
48.57,21.92,67.83,3.74,late,clay,7.86,0
11.55,25.66,52.14,2.4,late,clay,14.32,0
64.64,18.28,80.61,2.68,initial,sandy,0.85,0
57.54,26.43,75.24,4.82,mid_season,clay,3.06,0
53.33,24.95,74.27,3.62,development,clay,5.82,0
50.94,32.61,40.58,3.86,mid_season,sandy,16.34,0
40.9,19.16,55.04,4.08,initial,loamy,1.13,0
30.74,26.29,35.7,4.21,mid_season,loamy,14.51,0
61.59,31.54,82.16,4.09,mid_season,sandy,3.47,0
36.25,32.62,44.59,3.83,initial,clay,12.01,0
38.83,33.92,75.47,3.12,mid_season,sandy,9.62,0
64.18,29.18,50.56,5.33,mid_season,clay,21.7,0
61.3,23.54,81.39,2.11,mid_season,sandy,14.65,0
43.59,34.18,37.08,3.5,initial,loamy,2.47,0
63.42,32.08,38.73,0,initial,loamy,0,0
51.48,34.54,73.58,4.3,development,clay,7.69,0
51.59,23.97,81.54,4.7,mid_season,loamy,3.46,0
39.83,26.92,37.48,0,development,loamy,0,1
45.88,23.14,36.35,0,development,loamy,0,1
40.97,35.53,57.17,0,initial,sandy,0,0
75.72,31.36,63.34,3.95,late,clay,2.28,0
93.59,19.73,63.9,0,initial,sandy,0,0
71.13,32.63,40.34,3.9,initial,clay,12.64,0
61.02,34.64,48.84,4.03,development,sandy,4.94,0
67.32,21.93,81.32,0,initial,loamy,0,0
56.32,24.49,58.32,4.6,initial,sandy,13.65,0
62.96,33.05,71.28,5.4,late,loamy,25.98,0
76.82,31.05,63.39,0,initial,clay,0,0
77.03,26.24,75.93,3.6,development,loamy,6.38,0
44.09,31.98,50.83,3.3,development,sandy,2.56,0
53.14,25.25,72.93,0.72,development,sandy,7.69,0
24.31,35.68,76.7,0,mid_season,clay,0,1
27.62,18.17,62.19,5.62,mid_season,clay,20.65,0
43.33,22.01,41.48,4.22,initial,clay,7.48,0
37.36,26.78,78.64,4.66,development,sandy,3.21,0
54.4,19.64,55.11,0,initial,clay,0,0
55.65,31.94,59.03,4.12,late,loamy,13.26,0
74.24,29.69,58.57,5.26,late,sandy,4.42,0
26.15,20.2,35.08,4.63,initial,loamy,8.73,0
42.45,23.43,76.88,6.53,development,clay,5.45,0
92.25,20.95,49.27,2.53,development,clay,0.14,0
57.45,33.37,38.42,3.45,initial,clay,4.78,0
42.76,21.26,54.17,5.88,late,sandy,18.96,0
64.24,33.95,82.98,4.86,mid_season,loamy,12.62,0
51.82,31.07,47.04,0,mid_season,loamy,0,1
59.4,34.92,77.24,4.84,mid_season,loamy,3.67,0
32.71,25.42,81.76,5.12,development,clay,10.17,0
74.57,19.2,46.94,4.66,late,clay,8.63,0
89.55,26.41,74.75,3.67,development,loamy,20.92,0
45.56,20.82,44.46,0,late,sandy,0,1
58.35,18.41,40.76,3.93,development,sandy,11.65,0
20.57,21.89,52.64,0.96,development,loamy,4.57,0
84.13,22.98,47.35,3.56,development,clay,8.58,0
53.73,20.84,75.21,0,development,sandy,0,1
53.2,32.9,60.65,3.79,mid_season,sandy,4.12,0
82.9,27.67,83.27,6.39,mid_season,loamy,7.7,0
48.74,20.44,37.96,5.61,late,loamy,10.93,0
83.57,32.92,59.61,2.65,late,clay,13.56,0
53.88,19.02,61.9,4.52,development,sandy,4.79,0
38.04,25.29,75.73,4.6,initial,loamy,7.46,0
49.33,31.44,83.56,0,late,sandy,0,1
50.32,35.66,52.32,2.45,initial,clay,5.29,0
57.63,27.09,59.13,3.89,mid_season,clay,18.57,0
47.57,19.09,36.02,0,initial,loamy,0,0
62.55,35.43,66.07,4.09,late,sandy,7.96,0
24.42,23.24,36.81,2.72,initial,clay,7.98,0
66.52,21.83,57.95,3.3,mid_season,sandy,11.79,0
18.33,24.56,61.24,3.42,mid_season,clay,2.55,0
50.22,25.87,40.79,3.28,mid_season,clay,1.59,0
77.11,32.85,84.82,5.26,mid_season,clay,15.01,0
75.64,27.47,41.96,3.56,late,clay,8.51,0
88.97,18.44,48.7,5.06,initial,clay,5.25,0
60.39,22.74,77.0,0,development,loamy,0,0
44.05,35.94,54.35,4.91,late,loamy,10.56,0
34.85,30.65,75.71,3.61,mid_season,sandy,10.78,0
81.81,26.34,73.89,3.58,mid_season,clay,10.44,0
82.52,35.23,73.97,0,initial,loamy,0,0
80.01,35.04,53.49,2.54,late,clay,6.04,0
6.29,21.74,59.26,6.18,development,loamy,16.18,0
47.11,24.22,58.96,5.47,mid_season,clay,23.52,0
27.24,20.0,76.87,6.58,development,loamy,16.13,0
65.31,23.22,54.03,4.38,mid_season,clay,15.55,0
32.83,31.22,65.93,3.19,development,loamy,8.9,0
70.25,18.08,53.46,4.48,development,sandy,6.5,0
5,26.55,35.08,0,initial,sandy,0,0
45.91,23.76,48.44,4.03,mid_season,sandy,24.55,0
78.15,27.72,43.68,3.91,late,clay,21.56,0
57.46,25.63,69.57,5.35,initial,sandy,15.06,0
61.72,19.71,84.69,3.61,mid_season,loamy,8.63,0
59.33,33.66,69.91,5.49,mid_season,clay,4.81,0
53.3,20.8,82.27,2.58,development,clay,15.53,0
82.26,27.87,42.71,3.08,initial,sandy,8.67,0
62.64,28.42,51.69,0,initial,sandy,0,0
21.5,19.79,46.56,6.18,mid_season,sandy,7.62,0
31.7,35.07,78.16,5.34,late,clay,4.77,0
25.5,26.41,79.13,4.61,development,loamy,6.93,0
51.01,30.22,62.7,5.38,mid_season,loamy,16.7,0
23.68,34.36,75.45,4.3,mid_season,loamy,20.63,0
39.23,28.97,72.98,0,development,clay,0,1
60.61,27.23,40.16,0,development,clay,0,0
86.64,23.89,65.6,5.07,mid_season,sandy,9.99,0
45.44,23.11,41.64,3.26,development,clay,3.92,0
76.58,34.04,57.14,0,initial,loamy,0,0
11.93,34.27,41.49,3.71,mid_season,clay,15.64,0
9.34,21.94,51.36,4.5,late,loamy,0.46,0
70.05,35.47,36.26,4.53,development,loamy,6.0,0
66.15,20.92,56.04,5.11,late,loamy,10.13,0
36.26,35.21,76.03,3.27,mid_season,sandy,20.03,0
53.8,22.08,75.93,4.36,late,sandy,1.04,0
84.66,32.46,47.52,3.73,mid_season,clay,12.48,0
69.32,27.74,51.66,5.01,late,clay,13.05,0
68.19,25.17,38.0,4.01,mid_season,clay,12.51,0
56.46,33.7,43.04,4.18,development,loamy,5.08,0
53.67,33.39,64.35,5.52,initial,sandy,8.46,0
48.06,30.96,52.24,3.5,initial,clay,3.04,0
57.78,32.09,37.28,3.31,mid_season,sandy,6.56,0
55.56,28.91,51.09,2.94,development,clay,14.45,0
39.3,28.13,84.71,0,late,clay,0,1
81.14,30.96,55.16,5.34,development,sandy,8.41,0
47.89,19.33,71.61,0,late,sandy,0,1
92.6,23.54,54.89,2.23,initial,clay,5.83,0
80.47,35.61,59.22,4.38,late,sandy,6.45,0
68.89,21.6,40.55,4.42,development,sandy,1.6,0
47.19,22.54,50.14,0,initial,sandy,0,0
73.09,21.35,43.61,3.78,late,clay,10.3,0
51.86,26.79,58.13,4.08,initial,clay,2.65,0
78.69,23.3,54.91,0,development,loamy,0,0
88.01,23.08,38.61,0,development,clay,0,0
47.68,35.48,70.37,0,development,loamy,0,1
78.31,28.33,38.42,4.78,development,sandy,9.25,0
50.15,19.93,35.78,0,development,loamy,0,1
33.56,35.13,39.29,0,initial,loamy,0,0
50.45,34.02,55.46,4.37,mid_season,sandy,3.99,0
69.34,27.5,42.05,4.45,mid_season,loamy,10.03,0
55.34,34.04,39.26,5.08,late,sandy,6.12,0
75.25,19.16,45.85,4.15,development,clay,12.05,0
51.39,22.94,80.5,6.95,development,clay,1.72,0
6.74,19.39,61.86,3.58,initial,loamy,14.48,0
45.03,29.7,66.93,5.89,initial,sandy,4.92,0
45.59,21.67,75.45,3.72,late,clay,19.66,0
74.71,32.93,54.94,2.78,initial,clay,10.61,0
55.46,30.59,50.04,0,initial,loamy,0,0
39.81,28.19,46.12,2.88,late,sandy,1.91,0
41.14,24.95,82.98,4.8,late,sandy,8.27,0
71.96,22.62,50.75,3.24,development,loamy,2.91,0
89.2,21.58,75.91,3.52,mid_season,sandy,1.5,0
39.3,34.7,66.85,1.98,late,clay,11.12,0
55.48,35.86,76.62,5.03,initial,loamy,1.08,0
44.57,21.37,63.49,5.45,initial,loamy,4.88,0
51.57,18.25,71.8,4.53,development,clay,8.95,0
56.8,28.08,35.56,2.86,mid_season,loamy,7.71,0
28.98,28.8,80.6,4.17,development,sandy,3.47,0
95,32.01,51.29,4.71,mid_season,clay,16.6,0
66.35,32.64,44.52,0,initial,clay,0,0
47.17,32.66,73.68,3.74,mid_season,clay,14.7,0
89.57,28.69,57.17,3.78,late,loamy,9.75,0
50.18,33.09,57.75,5.02,mid_season,loamy,7.55,0
58.31,19.8,49.93,0,mid_season,clay,0,0
62.92,19.7,65.71,5.7,development,loamy,10.36,0
27.74,25.94,53.86,4.65,mid_season,loamy,19.11,0
40.92,33.67,42.28,4.71,initial,clay,0.82,0
59.33,30.31,84.63,3.79,mid_season,clay,17.48,0
53.89,33.13,55.43,3.07,late,clay,20.33,0
79.05,32.87,40.9,3.91,development,clay,7.57,0
61.52,21.89,55.15,3.15,late,loamy,10.1,0
52.38,23.23,80.38,4.14,development,loamy,9.51,0
84.23,35.22,55.23,2.82,mid_season,loamy,0.38,0
75.06,18.83,50.17,3.17,initial,loamy,7.91,0
36.15,27.0,75.19,4.75,development,sandy,8.77,0
53.32,21.51,75.85,1.27,development,sandy,0.88,0
35.83,35.25,42.15,1.93,initial,loamy,3.87,0
57.54,26.14,42.12,3.67,initial,loamy,0.82,0
95,31.08,36.75,1.73,mid_season,loamy,10.62,0
43.3,24.08,58.08,3.85,initial,loamy,13.6,0
11.49,34.81,37.0,3.57,development,loamy,13.02,0
63.56,27.32,58.61,4.47,mid_season,loamy,5.91,0
51.24,30.36,71.89,3.67,late,sandy,6.59,0
36.15,30.01,68.58,4.57,late,loamy,2.48,0
32.62,19.48,65.96,4.93,late,sandy,17.24,0
65.2,27.14,77.08,4.87,development,loamy,4.67,0
43.08,22.72,48.26,0,mid_season,sandy,0,1
27.98,24.87,80.96,0,late,clay,0,1
54.97,21.95,77.85,5.39,mid_season,sandy,8.55,0
60.65,20.82,64.7,4.43,development,clay,13.92,0
59.86,18.01,75.07,0,initial,loamy,0,0
62.6,32.71,71.47,4.86,initial,clay,0.58,0
49.16,32.09,67.2,3.07,development,loamy,8.88,0
39.51,27.66,80.55,3.35,development,sandy,3.53,0
68.07,33.04,41.03,3.06,late,loamy,19.72,0
44.01,20.85,73.37,6.45,development,sandy,5.89,0
95,20.1,39.46,3.99,mid_season,clay,12.9,0
51.26,34.37,35.22,5.2,late,sandy,6.29,0
48.39,22.93,41.52,4.98,development,sandy,2.17,0
64.41,24.57,61.41,6.52,development,clay,12.16,0
14.21,21.72,65.39,4.06,late,clay,8.77,0
48.89,32.89,40.02,3.1,initial,clay,1.82,0
70.26,32.53,81.0,5.7,development,loamy,9.7,0
56.86,24.28,65.43,3.06,development,clay,4.12,0
34.32,29.01,65.73,5.03,mid_season,sandy,10.64,0
51.02,33.73,83.14,4.63,mid_season,clay,3.52,0
38.88,27.83,73.0,5.58,development,clay,4.04,0
86.63,31.39,59.24,3.03,late,clay,10.63,0
61.06,28.66,42.53,3.06,development,sandy,2.01,0
61.02,32.89,37.89,3.45,late,loamy,9.56,0
45.86,26.29,56.94,5.0,mid_season,clay,22.87,0
66.59,26.87,47.74,0,initial,clay,0,0
34.42,18.6,67.56,4.48,initial,loamy,4.61,0
73.36,27.98,64.14,3.09,initial,loamy,10.56,0
60.42,25.99,65.86,3.05,late,clay,6.58,0
62.62,35.72,66.23,4.45,development,clay,21.5,0
66.53,25.36,51.73,3.85,initial,clay,9.18,0
53.97,24.05,55.76,0,development,sandy,0,1
47.83,31.93,61.82,3.36,late,clay,11.26,0
74.94,32.91,73.16,6.3,initial,loamy,12.76,0
95,19.23,74.17,4.69,development,clay,9.99,0
52.95,33.33,71.87,5.28,mid_season,clay,17.35,0
31.22,30.34,73.99,2.37,development,clay,7.95,0
37.35,34.47,43.81,4.33,development,loamy,5.58,0
44.8,34.05,73.82,4.27,mid_season,sandy,9.78,0
43.53,32.4,39.36,5.81,development,sandy,10.43,0
63.53,32.77,74.55,0,initial,clay,0,0
91.95,20.56,74.78,4.39,mid_season,sandy,7.7,0
49.79,32.31,48.95,3.53,development,clay,12.4,0
79.05,35.43,49.29,2.51,initial,sandy,12.01,0
54.44,32.68,80.8,3.68,mid_season,clay,1.98,0
51.75,33.47,69.02,2.76,initial,clay,1.85,0
56.53,31.35,69.6,4.29,development,clay,0.56,0
66.71,26.79,58.75,2.82,mid_season,clay,18.34,0
58.6,32.07,49.42,2.85,initial,loamy,11.11,0
39.19,34.6,69.83,2.45,mid_season,clay,6.53,0
69.58,33.67,36.78,3.5,late,loamy,25.41,0
84.67,21.65,40.11,3.11,development,loamy,11.57,0
53.57,20.86,67.33,3.38,late,loamy,15.4,0
66.6,28.03,48.98,0,late,loamy,0,0
44.21,26.52,59.72,4.31,mid_season,loamy,3.61,0
60.66,23.01,57.12,3.96,initial,sandy,9.35,0
74.3,35.35,75.91,4.84,mid_season,sandy,7.12,0
63.17,26.14,42.19,0,initial,loamy,0,0
72.87,21.54,37.36,6.09,late,clay,14.52,0
21.79,22.33,56.87,5.05,initial,loamy,6.8,0
52.17,18.62,51.44,5.38,initial,sandy,7.9,0
38.43,27.0,75.93,4.19,late,sandy,11.21,0
24.02,24.88,81.3,4.21,development,loamy,6.29,0
64.09,32.3,55.72,2.82,late,loamy,7.58,0
57.47,18.68,56.08,0,development,clay,0,0
49.85,34.18,52.61,0,development,sandy,0,1
92.86,20.8,83.71,0,late,loamy,0,0
67.05,20.15,78.42,5.53,late,loamy,6.1,0
73.43,29.72,57.03,4.09,initial,sandy,2.68,0
76.95,35.6,40.08,1.52,initial,loamy,23.06,0
53.69,23.14,52.48,4.97,late,clay,9.86,0
19.68,24.54,42.23,3.82,development,loamy,9.43,0
40.08,31.78,60.89,4.27,late,clay,13.47,0
45.22,28.47,38.52,0,initial,clay,0,0
48.7,33.39,47.29,0,initial,loamy,0,0
41.67,28.09,64.57,5.53,development,clay,10.89,0
47.72,19.56,66.78,2.04,late,loamy,14.54,0
45.69,33.16,82.31,5.74,development,loamy,20.64,0
36.29,23.43,61.27,3.29,development,clay,2.47,0
51.96,23.87,69.03,0,late,sandy,0,1
73.84,24.15,70.2,3.63,late,sandy,6.85,0
78.49,20.7,76.15,4.55,mid_season,sandy,5.87,0
60.05,23.31,78.67,4.77,mid_season,clay,32.57,0
29.94,30.2,72.22,3.17,mid_season,clay,17.82,0
74.18,33.2,82.39,3.93,mid_season,sandy,9.58,0
54.92,24.41,67.46,0,development,clay,0,0
55.36,30.23,82.91,0,initial,clay,0,0
72.62,22.94,59.59,1.96,mid_season,clay,2.49,0
50.62,26.24,41.09,3.8,mid_season,loamy,7.26,0
62.97,30.58,58.03,4.33,late,loamy,4.97,0
31.67,25.81,41.82,6.52,late,loamy,3.9,0
74.1,33.26,59.21,0,development,loamy,0,0
55.57,23.01,63.83,5.29,development,clay,16.04,0
61.47,20.57,40.81,3.64,late,clay,20.4,0
40.57,32.41,73.47,3.53,initial,sandy,1.79,0
40.58,32.92,40.58,4.78,mid_season,sandy,19.53,0
47.82,26.46,36.25,2.84,initial,clay,2.26,0
46.8,20.95,69.99,4.22,development,sandy,16.54,0
53.98,24.01,38.77,4.49,mid_season,sandy,14.41,0
71.22,35.1,74.49,3.58,initial,sandy,8.04,0
85.27,26.85,67.14,0,mid_season,clay,0,0
44.88,31.49,82.92,5.5,mid_season,clay,11.91,0
17.34,18.26,78.48,0,initial,clay,0,0
69.69,29.88,54.69,3.99,late,sandy,4.52,0
89.0,20.13,65.53,4.44,mid_season,loamy,11.47,0
54.99,21.56,39.25,0,development,clay,0,0
51.14,29.21,59.58,5.08,mid_season,clay,2.21,0
51.59,22.03,57.09,3.07,initial,sandy,6.38,0
60.57,26.41,38.82,0,mid_season,sandy,0,0
26.13,25.42,79.5,4.67,initial,loamy,6.57,0
95,29.02,58.15,3.37,mid_season,clay,6.0,0
74.5,22.31,60.19,0,late,sandy,0,0
52.9,33.86,78.06,2.51,mid_season,sandy,17.2,0
59.79,27.29,61.41,6.08,late,sandy,10.32,0
51.2,26.12,72.34,6.56,late,clay,23.16,0
95,33.97,80.37,5.73,initial,loamy,4.62,0
29.41,19.27,58.28,4.7,mid_season,sandy,3.68,0
70.53,35.01,80.17,3.41,late,sandy,11.26,0
29.86,20.36,45.49,4.67,late,clay,4.73,0
58.25,21.27,46.3,1.42,development,sandy,6.54,0
47.93,31.77,39.27,3.02,development,loamy,11.02,0
63.26,28.04,64.32,4.44,late,loamy,7.84,0
28.32,20.62,44.36,3.27,initial,clay,7.51,0
75.39,23.58,45.12,5.51,initial,sandy,4.68,0
22.27,26.73,52.24,3.34,mid_season,clay,16.96,0
67.38,19.12,52.19,4.96,development,clay,5.67,0
45.62,32.75,55.67,4.57,late,loamy,10.89,0
66.71,27.29,64.31,4.75,initial,clay,5.25,0
85.5,23.48,51.83,4.01,mid_season,clay,19.4,0
58.82,27.38,66.88,2.31,late,clay,4.19,0
76.01,33.73,75.29,4.49,late,sandy,10.51,0
59.85,30.56,54.57,0,development,sandy,0,1
63.1,21.67,50.67,4.53,development,sandy,5.44,0
27.52,21.73,68.53,3.88,initial,sandy,1.58,0
82.61,22.88,73.36,0,initial,sandy,0,0
37.84,25.77,78.68,1.46,late,clay,2.63,0
22.29,19.59,36.3,4.66,mid_season,clay,23.94,0
17.29,23.78,66.62,3.62,mid_season,sandy,1.74,0
33.22,19.57,79.71,3.66,mid_season,loamy,1.66,0
54.02,35.99,67.66,3.4,development,loamy,9.1,0
51.19,30.98,38.4,4.64,initial,clay,18.34,0
60.69,28.38,55.43,3.35,mid_season,clay,5.49,0
84.87,19.34,44.03,5.95,late,sandy,7.97,0
49.38,24.87,51.12,4.74,initial,clay,11.67,0
72.56,32.39,40.41,3.98,initial,sandy,3.66,0
69.75,25.24,63.7,5.62,mid_season,clay,13.81,0
60.56,29.51,77.95,5.77,development,clay,0.38,0
14.5,23.16,66.33,0,mid_season,loamy,0,1
69.32,34.46,38.67,0,development,sandy,0,0
52.76,19.8,42.27,0,late,clay,0,0
62.41,20.39,74.43,3.83,late,loamy,17.43,0
37.36,31.93,77.02,2.41,late,sandy,19.21,0
15.6,19.87,57.65,3.79,initial,clay,13.83,0
33.93,33.31,43.2,5.93,mid_season,loamy,14.02,0
48.12,23.9,64.07,3.17,late,clay,9.27,0
33.24,33.36,46.59,2.1,initial,loamy,3.09,0
43.59,27.52,60.95,5.24,mid_season,loamy,5.39,0
60.03,22.23,80.09,5.27,mid_season,sandy,12.87,0
38.94,25.39,60.5,4.9,mid_season,clay,10.61,0
47.97,24.99,48.71,5.38,mid_season,sandy,23.49,0
33.26,21.64,63.98,3.2,late,loamy,2.55,0
73.66,30.95,43.64,3.67,late,clay,17.87,0
25.15,23.48,40.93,2.1,late,sandy,11.24,0
28.35,29.03,41.2,4.29,mid_season,clay,10.84,0
70.48,30.14,41.67,4.17,development,loamy,12.17,0
51.76,33.5,51.62,3.03,late,clay,10.46,0
52.84,24.01,55.59,5.54,development,loamy,15.22,0
60.03,24.17,61.29,3.48,development,sandy,0.59,0
49.31,35.55,80.29,4.11,development,clay,9.64,0
35.81,33.76,39.19,3.95,development,sandy,13.5,0
47.87,35.36,43.79,3.39,development,loamy,9.18,0
51.75,29.16,45.26,4.2,development,clay,6.06,0
59.4,29.94,73.67,2.98,late,clay,13.62,0
73.65,18.81,80.23,4.28,initial,loamy,8.34,0
63.11,20.4,79.05,3.24,late,sandy,4.86,0
60.11,19.37,82.36,4.49,development,loamy,0.15,0
38.91,22.82,59.98,2.83,initial,loamy,0.98,0
65.67,35.19,50.8,3.84,initial,loamy,4.6,0
69.98,21.63,51.63,0,late,sandy,0,0
16.27,35.87,46.98,3.98,late,sandy,12.04,0
58.45,35.94,62.85,4.81,late,sandy,14.21,0
91.04,23.28,80.48,4.21,late,clay,17.8,0
51.06,35.17,40.57,2.95,mid_season,loamy,20.09,0
44.65,21.7,81.64,4.18,initial,sandy,12.5,0
56.8,33.26,72.69,5.01,development,loamy,10.08,0
79.03,32.31,62.92,2.33,initial,sandy,5.67,0
49.46,27.25,75.71,4.66,mid_season,loamy,4.04,0
83.33,18.72,70.6,4.32,late,loamy,20.0,0
22.24,23.7,64.73,0,initial,sandy,0,0
82.46,25.51,60.61,5.59,initial,clay,1.86,0
67.71,28.44,49.73,0,mid_season,sandy,0,0
41.25,22.95,47.37,0,development,loamy,0,1
15.76,27.08,54.21,3.98,mid_season,clay,23.55,0
75.02,21.28,54.17,4.42,mid_season,loamy,21.59,0
82.76,20.08,48.96,0,initial,clay,0,0
95,23.82,82.87,3.53,development,clay,13.36,0
21.04,31.62,66.51,0,late,clay,0,1
45.38,32.27,55.7,4.3,late,loamy,16.9,0
55.57,28.59,53.66,4.25,initial,sandy,1.26,0
28.35,18.94,73.92,4.82,mid_season,clay,14.93,0
94.32,21.49,58.23,3.39,mid_season,clay,12.31,0
50.35,32.88,37.68,3.26,development,loamy,13.24,0
53.83,21.87,42.92,3.97,development,clay,18.52,0
66.6,22.13,51.01,4.44,development,sandy,4.67,0
21.5,29.02,75.82,3.81,mid_season,sandy,2.46,0
48.16,31.39,42.05,2.95,mid_season,sandy,15.43,0
42.61,19.93,43.84,3.52,development,loamy,4.28,0
75.15,33.23,57.4,0,development,loamy,0,0
34.73,22.61,84.69,4.45,development,sandy,2.05,0
53.26,18.09,84.2,2.57,development,sandy,15.46,0
70.89,29.25,75.31,3.16,development,loamy,11.32,0
67.37,32.71,61.33,2.91,late,loamy,2.41,0
59.65,31.62,66.59,3.74,late,clay,17.76,0
65.43,21.64,40.0,4.33,mid_season,clay,22.06,0
47.31,22.97,67.29,2.9,initial,sandy,6.08,0
74.34,24.78,74.68,1.94,development,loamy,6.17,0
77.55,18.35,35.26,2.07,development,clay,10.36,0
76.09,23.33,83.84,5.27,initial,sandy,11.66,0
43.92,21.03,44.53,1.83,late,sandy,9.23,0
42.61,27.36,83.4,4.89,mid_season,sandy,9.23,0
12.63,35.25,60.55,4.94,mid_season,clay,4.72,0
65.61,29.43,55.77,3.79,late,sandy,4.97,0
74.93,24.22,54.41,2.99,initial,clay,9.84,0
59.45,25.98,80.59,3.36,late,loamy,8.67,0
63.52,18.49,74.98,4.94,late,sandy,12.79,0
36.94,28.9,47.41,0,initial,sandy,0,0
41.56,24.94,48.34,1.11,late,clay,0.26,0
34.8,19.07,64.38,4.85,mid_season,sandy,8.95,0
54.1,19.5,54.91,4.86,development,clay,7.93,0
56.45,25.59,35.82,0,late,loamy,0,0
39.65,19.62,42.39,3.49,initial,loamy,3.65,0
60.92,28.54,61.15,4.11,late,clay,3.88,0
65.52,26.07,58.05,6.22,late,sandy,9.77,0
57.1,22.88,70.85,3.56,initial,clay,8.85,0
43.27,21.3,63.37,4.25,mid_season,loamy,9.52,0
46.11,23.07,79.11,4.48,initial,loamy,26.9,0
95,29.38,61.05,0,late,loamy,0,0
60.34,29.74,56.83,2.55,development,clay,4.37,0
50.56,29.66,52.78,0,late,sandy,0,1
64.37,32.99,42.84,0,initial,loamy,0,0
54.17,18.32,72.23,4.97,initial,sandy,11.35,0
61.85,33.93,66.73,3.52,initial,sandy,0.94,0
49.28,26.52,57.34,4.83,development,clay,10.59,0
65.67,19.26,81.68,4.31,development,sandy,11.61,0
47.21,30.45,61.31,0,development,loamy,0,1
86.52,24.82,38.48,1.79,development,clay,5.34,0
39.06,31.41,46.08,5.02,late,clay,7.48,0
77.66,26.57,76.5,3.83,development,sandy,12.02,0
42.24,18.65,57.67,0,initial,loamy,0,0
24.53,21.56,69.98,3.54,late,sandy,8.51,0
46.05,21.76,64.08,1.78,mid_season,sandy,10.74,0
75.9,29.55,76.19,4.73,late,sandy,18.53,0
73.17,24.66,78.35,3.84,late,clay,2.53,0
64.06,25.89,71.65,3.28,mid_season,loamy,4.04,0
56.0,24.83,78.57,0,initial,sandy,0,0
60.04,33.55,58.82,4.64,mid_season,clay,5.57,0
65.31,23.18,36.59,2.94,development,sandy,19.17,0
90.67,35.33,38.27,0,development,loamy,0,0
42.34,21.41,36.45,4.7,initial,loamy,9.8,0
33.44,25.22,62.35,4.39,late,loamy,10.29,0
44.96,26.62,41.54,3.45,initial,clay,6.01,0
64.36,33.4,50.24,4.69,mid_season,clay,21.54,0
58.37,25.85,48.35,5.35,development,loamy,11.55,0
50.49,23.94,48.27,4.19,development,sandy,8.09,0
51.33,32.2,63.3,2.74,development,clay,5.89,0
48.69,35.63,43.76,3.66,mid_season,sandy,5.92,0
82.13,25.56,40.59,2.72,initial,loamy,17.16,0
45.94,34.73,50.5,2.51,initial,loamy,6.17,0
70.54,27.82,39.52,5.04,mid_season,clay,16.64,0
65.36,18.07,73.92,3.5,initial,sandy,17.81,0
74.98,29.8,51.34,3.39,development,clay,3.64,0
44.43,30.25,66.41,3.24,initial,sandy,8.8,0
87.51,33.94,54.16,2.53,mid_season,loamy,12.97,0
58.8,32.95,72.85,5.02,initial,loamy,5.17,0
45.93,28.47,48.76,3.69,late,loamy,1.86,0
17.75,31.19,74.04,5.39,development,sandy,16.6,0
76.12,19.68,36.12,5.75,late,clay,23.82,0
14.46,18.87,82.21,0,development,loamy,0,1
68.65,31.04,42.36,3.1,mid_season,sandy,8.44,0
44.8,34.84,41.66,1.93,development,clay,11.98,0
23.42,20.91,66.84,4.24,initial,loamy,11.47,0
29.41,28.2,74.64,0.99,late,clay,13.52,0
57.3,34.94,77.33,3.02,development,clay,8.92,0
69.76,21.63,57.27,0,initial,sandy,0,0
56.21,18.99,47.22,4.8,initial,sandy,8.25,0
15.67,19.32,66.19,5.03,initial,sandy,1.73,0
45.48,28.75,53.95,1.72,initial,sandy,5.45,0
50.11,29.71,53.14,5.12,mid_season,loamy,6.9,0
61.43,28.81,72.8,3.44,initial,sandy,6.86,0
46.69,35.54,66.57,2.67,late,sandy,4.04,0
57.72,33.74,80.74,4.21,mid_season,clay,14.59,0
53.4,29.04,75.52,2.4,development,clay,13.79,0
45.8,29.36,74.96,0,late,sandy,0,1
71.93,28.13,77.75,3.18,late,loamy,18.16,0
66.53,20.89,39.1,3.8,mid_season,clay,15.96,0
74.45,34.51,73.0,4.56,development,loamy,2.75,0
49.77,24.79,81.52,4.38,late,loamy,3.67,0
58.34,33.33,48.58,3.14,mid_season,loamy,14.31,0
75.64,28.85,41.0,3.45,development,loamy,8.2,0
71.89,23.45,55.91,5.64,late,clay,10.77,0
46.98,21.98,50.94,5.41,development,loamy,2.22,0
46.11,22.48,47.33,0,initial,sandy,0,0
39.4,31.27,35.46,0.74,initial,clay,9.39,0
41.14,32.24,75.57,0,late,sandy,0,1
64.0,18.31,73.28,3.73,late,clay,5.24,0
39.31,20.29,84.8,4.5,mid_season,clay,20.43,0
30.76,27.54,35.4,4.09,development,clay,7.02,0
43.27,24.21,81.43,5.26,mid_season,loamy,4.85,0
45.96,18.72,79.95,4.25,development,sandy,8.37,0
68.05,25.3,77.02,2.64,initial,loamy,9.83,0
57.16,31.2,62.14,4.61,development,loamy,13.39,0
18.87,27.01,81.51,4.5,initial,loamy,8.15,0
32.88,34.23,54.65,4.75,initial,clay,18.77,0
60.21,30.45,37.84,1.61,development,clay,26.32,0
90.49,25.45,40.23,2.98,development,sandy,18.47,0
51.22,33.32,55.92,3.43,mid_season,sandy,9.52,0
39.68,22.65,72.93,5.34,mid_season,clay,24.57,0
56.34,21.5,53.13,0,development,loamy,0,0
59.72,31.17,39.15,4.23,mid_season,loamy,1.51,0
49.86,26.74,45.39,4.43,mid_season,clay,8.53,0
49.12,25.19,68.91,4.83,late,sandy,1.73,0
36.09,23.99,57.84,5.32,mid_season,clay,4.92,0
54.89,32.3,48.59,0,initial,sandy,0,0
36.01,26.32,78.04,2.44,development,sandy,2.37,0
75.17,30.87,57.42,3.48,late,loamy,14.27,0
57.8,27.6,54.88,5.1,mid_season,loamy,6.48,0
69.02,30.39,66.69,3.55,mid_season,sandy,3.08,0
69.15,20.11,59.4,2.76,development,clay,9.0,0
40.34,35.69,44.05,2.9,initial,loamy,2.31,0
50.77,23.1,61.46,3.66,mid_season,sandy,7.64,0
49.78,26.86,39.6,4.22,late,sandy,12.48,0
33.45,25.27,68.34,0,late,sandy,0,1
80.83,18.72,72.75,4.46,development,loamy,1.55,0
45.28,22.95,65.58,3.67,mid_season,loamy,1.15,0
62.32,27.31,81.73,4.54,late,loamy,9.02,0
34.56,22.07,73.92,4.03,late,clay,14.74,0
60.74,33.87,83.65,4.78,late,sandy,4.8,0
47.36,23.73,83.29,0,mid_season,clay,0,0
37.81,20.82,35.8,2.89,development,clay,18.78,0
60.99,28.71,60.09,5.98,initial,clay,10.13,0
41.08,21.79,53.68,4.15,late,sandy,12.24,0
46.26,18.89,78.69,3.91,mid_season,clay,13.31,0
61.2,34.73,82.17,4.91,initial,loamy,7.04,0
46.68,30.55,38.48,4.58,mid_season,sandy,19.29,0
35.26,21.21,39.34,0,mid_season,loamy,0,1
12.22,32.78,73.32,3.92,initial,sandy,4.7,0
49.16,21.86,74.04,6.03,late,sandy,17.69,0
72.53,28.51,40.06,4.74,initial,loamy,11.25,0
56.61,29.48,75.69,4.48,development,clay,12.76,0
77.98,18.79,75.94,4.29,late,sandy,12.01,0
70.9,23.51,81.2,1.98,development,loamy,3.89,0
61.57,23.2,74.91,3.35,mid_season,loamy,13.91,0
52.34,26.13,62.09,4.29,mid_season,clay,9.06,0
44.1,21.9,37.03,3.92,mid_season,sandy,21.04,0
83.17,32.44,56.66,4.41,mid_season,sandy,5.46,0
35.4,23.01,42.81,5.0,development,clay,10.63,0
34.32,20.64,79.45,7.56,initial,clay,5.41,0
50.47,26.19,36.77,4.75,development,loamy,17.19,0
77.13,21.73,53.92,6.0,mid_season,clay,10.59,0
44.97,22.57,36.73,4.62,initial,clay,10.46,0
54.76,21.93,64.02,3.93,late,clay,11.92,0
75.46,34.83,77.05,2.67,late,sandy,13.13,0
21.86,21.71,66.77,4.81,development,clay,5.48,0
66.47,35.69,58.02,0,initial,clay,0,0
95,20.21,54.71,2.52,development,sandy,13.93,0
71.14,29.01,80.38,0,development,loamy,0,0
48.11,34.12,57.79,3.22,development,clay,18.65,0
73.36,23.49,50.75,0,initial,clay,0,0
59.97,28.5,56.8,2.96,development,loamy,7.9,0
44.96,31.12,51.57,4.13,initial,clay,0.93,0
38.09,28.97,51.79,4.48,development,clay,2.19,0
42.19,21.38,41.37,0,initial,sandy,0,0
69.62,34.76,55.95,5.45,initial,sandy,1.6,0
82.44,21.7,60.92,0,initial,loamy,0,0
50.29,26.7,72.28,5.42,late,sandy,5.38,0
88.77,28.85,59.89,5.83,mid_season,sandy,0.65,0
61.97,21.06,58.89,4.13,initial,loamy,11.39,0
57.17,35.86,65.33,3.42,initial,clay,5.55,0
46.61,32.15,79.56,3.57,development,clay,13.18,0
66.01,27.28,35.1,3.22,late,loamy,8.72,0
58.96,21.39,51.64,3.55,late,loamy,13.82,0
45.93,20.02,72.83,3.38,initial,clay,4.75,0
85.39,32.07,76.25,3.19,late,sandy,1.66,0
61.18,26.14,63.98,2.92,development,loamy,7.85,0
29.67,21.91,72.63,6.1,late,loamy,6.99,0
72.61,18.08,56.53,4.72,late,loamy,11.39,0
82.01,33.12,70.56,5.83,mid_season,loamy,13.5,0
52.15,19.11,64.79,5.66,development,clay,11.36,0
34.58,20.83,56.7,3.48,late,loamy,12.16,0
54.91,34.05,61.15,3.21,initial,clay,8.1,0
52.81,29.11,65.63,6.93,mid_season,clay,3.2,0
56.17,30.84,80.07,0,initial,sandy,0,0
28.85,18.79,78.51,3.26,mid_season,sandy,6.47,0
77.76,19.41,47.74,4.75,initial,clay,8.31,0
66.0,33.01,43.55,4.11,initial,sandy,10.28,0
89.55,34.64,51.34,4.29,initial,clay,2.13,0
68.12,32.36,35.31,0,initial,clay,0,0
31.98,30.42,62.05,5.84,initial,loamy,3.41,0
54.84,26.37,45.5,5.17,mid_season,sandy,5.28,0
21.99,19.15,77.93,4.02,initial,clay,12.68,0
65.59,27.81,68.73,3.56,late,sandy,7.85,0
52.48,22.74,45.03,5.12,development,clay,3.6,0
26.94,22.09,66.09,4.23,late,clay,22.9,0
16.21,20.58,67.3,5.49,initial,loamy,11.65,0
7.87,26.36,77.36,3.56,late,sandy,11.78,0
47.63,33.44,53.91,0,initial,sandy,0,0
78.26,31.67,77.63,3.65,mid_season,clay,8.23,0
33.96,34.7,41.15,0,development,loamy,0,1
64.17,23.14,39.31,3.95,late,loamy,4.47,0
35.39,35.51,45.35,4.84,late,clay,5.32,0
61.26,22.97,75.44,2.71,initial,sandy,9.84,0
71.9,34.27,52.8,0,initial,sandy,0,0
87.53,18.29,58.62,4.06,mid_season,clay,12.51,0
58.59,32.34,73.37,4.42,initial,sandy,19.75,0
38.87,18.37,76.48,1.82,development,loamy,15.42,0
95,32.73,54.3,3.99,mid_season,loamy,4.34,0
48.88,22.13,42.24,4.35,mid_season,clay,17.78,0
39.52,32.73,72.75,0,initial,clay,0,0
30.12,19.53,75.82,5.06,late,sandy,15.52,0
45.59,22.35,44.66,2.84,initial,loamy,6.95,0
57.68,33.84,81.05,5.42,mid_season,loamy,7.37,0
64.68,32.79,66.13,2.69,mid_season,sandy,4.89,0
37.12,26.09,42.27,0,initial,clay,0,0
13.59,35.77,45.21,3.75,late,loamy,2.92,0
56.54,26.28,48.58,4.42,development,sandy,4.73,0
60.29,22.49,38.26,3.53,late,sandy,3.54,0
90.03,31.15,46.64,4.17,initial,loamy,10.57,0
95,32.21,78.35,2.61,mid_season,sandy,23.49,0
65.11,34.21,64.84,3.53,development,sandy,2.36,0
64.64,25.71,40.37,3.45,mid_season,clay,4.79,0
53.55,19.16,71.96,3.74,mid_season,loamy,14.53,0
55.5,26.02,48.38,0,development,clay,0,0
35.85,26.62,70.99,0,development,sandy,0,1
53.63,26.0,42.57,2.51,late,loamy,16.25,0
45.57,22.07,72.2,5.63,development,clay,0.28,0
23.95,25.83,79.95,5.34,late,clay,18.42,0
46.81,27.95,56.56,3.23,late,sandy,14.78,0
49.89,25.39,40.14,3.76,late,clay,5.75,0
58.96,22.27,48.08,4.16,late,loamy,4.35,0
49.86,34.54,70.16,1.77,initial,sandy,2.04,0
70.01,23.07,40.97,2.98,mid_season,loamy,8.67,0
77.33,29.77,50.99,2.6,mid_season,loamy,7.39,0
68.77,21.62,36.46,3.43,late,clay,15.84,0
38.84,25.26,60.52,3.47,late,clay,14.57,0
79.7,23.81,64.81,4.81,development,loamy,1.64,0
50.31,28.87,84.35,0,initial,sandy,0,0
77.08,26.65,35.27,0,development,clay,0,0
38.13,25.86,45.69,3.09,initial,clay,5.9,0
69.55,30.84,76.74,2.21,late,sandy,6.04,0
46.99,31.03,82.19,4.11,late,clay,11.21,0
68.1,35.26,39.67,3.88,development,loamy,2.42,0
60.05,27.14,66.45,4.55,mid_season,sandy,6.4,0
72.38,24.65,53.85,2.5,late,loamy,4.24,0
57.37,22.37,45.05,0,development,clay,0,0
45.57,34.68,82.51,4.34,late,clay,21.52,0
44.15,26.41,49.28,2.1,late,sandy,19.68,0
58.01,34.82,64.35,5.3,mid_season,sandy,6.96,0
29.41,33.03,43.27,0,development,loamy,0,1
23.49,21.38,79.97,3.85,mid_season,loamy,18.95,0
54.53,26.76,67.88,3.42,mid_season,clay,12.52,0
39.38,20.81,47.63,5.96,late,sandy,10.27,0
57.93,19.96,46.8,4.34,development,clay,22.38,0
52.23,32.88,76.34,3.75,development,clay,8.86,0
68.95,23.6,56.4,6.96,development,sandy,5.74,0
47.33,21.14,46.31,4.47,mid_season,clay,9.68,0
35.38,20.03,55.5,3.72,development,loamy,9.97,0
56.1,34.55,48.73,3.32,mid_season,sandy,13.98,0
30.77,19.18,67.05,4.05,development,loamy,13.28,0
49.73,32.78,55.3,0,initial,loamy,0,0
54.07,35.2,53.62,2.71,initial,loamy,6.98,0
41.69,29.33,49.92,4.09,development,loamy,1.58,0
34.28,29.66,43.73,4.09,mid_season,sandy,5.88,0
41.34,32.3,69.15,4.55,initial,sandy,12.05,0
59.35,28.21,60.13,4.87,late,loamy,14.28,0
56.19,31.67,48.28,0,initial,clay,0,0
33.29,23.75,51.28,3.17,mid_season,sandy,7.96,0
19.15,21.02,64.16,3.23,late,sandy,12.63,0
35.39,25.74,83.2,2.48,development,loamy,16.74,0
44.44,28.76,61.1,3.1,development,sandy,4.9,0
89.33,31.6,82.12,0,initial,loamy,0,0
74.62,24.89,36.96,2.81,development,clay,10.62,0
76.52,19.74,55.27,3.81,late,clay,24.37,0
95,24.02,66.58,4.05,mid_season,clay,9.27,0
70.98,25.66,44.28,3.83,initial,clay,6.86,0
63.71,34.94,84.3,0,development,clay,0,0
79.3,35.33,66.54,3.74,mid_season,sandy,3.28,0
36.82,19.48,50.85,3.42,mid_season,clay,18.05,0
42.06,27.11,46.87,3.51,late,clay,10.39,0
52.06,35.19,80.41,4.0,late,clay,17.26,0
52.91,26.79,51.01,3.95,late,clay,6.82,0
51.61,18.01,44.57,2.51,initial,loamy,7.68,0
47.5,21.18,80.62,0,initial,clay,0,0
68.23,19.89,72.8,4.79,mid_season,sandy,11.73,0
49.84,30.91,60.67,3.38,development,loamy,9.25,0
15.37,19.63,61.64,3.47,mid_season,loamy,13.96,0
64.62,22.94,57.93,3.3,mid_season,clay,15.23,0
69.52,18.43,50.38,4.14,mid_season,sandy,17.11,0
70.1,27.38,49.16,3.41,late,clay,19.13,0
86.81,18.8,81.7,5.12,late,loamy,18.74,0
54.2,35.82,74.75,5.77,development,clay,12.3,0
68.68,20.97,78.75,3.49,initial,sandy,11.29,0
57.27,33.99,81.66,4.59,initial,sandy,10.32,0
52.06,21.61,59.56,4.22,late,clay,7.41,0
53.91,34.95,56.64,3.29,initial,clay,8.13,0
76.36,30.6,73.79,4.51,late,sandy,3.65,0
61.86,33.53,61.19,4.83,late,clay,2.57,0
31.42,26.35,73.01,3.66,development,loamy,11.75,0
43.54,18.77,47.06,3.82,initial,sandy,6.42,0
62.38,19.64,52.61,3.59,mid_season,loamy,9.07,0
18.56,21.11,75.01,4.39,mid_season,clay,11.52,0
23.04,30.84,49.83,3.17,late,loamy,11.18,0
31.76,22.08,51.92,5.59,late,sandy,13.79,0
40.71,29.95,75.96,5.31,late,sandy,14.07,0
32.52,26.61,37.43,2.84,mid_season,loamy,1.74,0
11.05,25.77,76.66,4.85,initial,sandy,5.58,0
64.71,33.19,80.34,4.17,mid_season,sandy,7.72,0
50.19,33.41,74.98,0,initial,clay,0,0
38.97,22.4,61.38,3.85,development,sandy,5.81,0
54.57,27.85,53.59,3.4,mid_season,loamy,11.52,0
53.29,21.94,75.86,4.8,late,loamy,9.35,0
83.11,23.92,48.98,5.62,late,clay,5.91,0
56.67,32.6,63.68,5.84,development,sandy,8.37,0
66.55,26.48,50.45,4.94,initial,loamy,3.61,0
55.8,24.26,53.39,0,initial,loamy,0,0
62.02,32.11,67.42,2.94,initial,loamy,3.72,0
61.26,34.95,47.97,3.14,development,clay,8.27,0
34.24,35.85,61.4,5.64,development,loamy,7.75,0
85.76,33.16,41.11,2.3,development,sandy,8.85,0
43.74,20.71,66.55,0,development,sandy,0,1
58.59,28.5,52.91,3.97,development,loamy,2.88,0
42.68,20.55,75.42,3.49,late,sandy,1.1,0
73.1,26.6,70.89,5.41,late,clay,12.98,0
48.49,18.11,82.2,4.96,mid_season,sandy,7.01,0
44.93,20.19,78.57,3.02,late,loamy,13.28,0
75.28,28.0,75.09,2.54,late,loamy,6.02,0
63.56,22.48,47.75,3.59,initial,sandy,17.26,0
32.72,24.54,65.06,0,development,clay,0,1
69.16,32.62,42.04,1.5,late,sandy,13.97,0
74.27,33.53,84.21,4.28,mid_season,loamy,9.86,0
48.23,22.98,48.6,3.4,development,loamy,11.33,0
57.01,25.9,57.74,0,initial,loamy,0,0
73.65,18.38,47.98,5.36,development,sandy,5.86,0
57.07,33.96,84.54,4.25,late,loamy,21.24,0
46.18,27.94,41.39,4.86,mid_season,clay,19.36,0
27.12,26.4,62.56,3.28,mid_season,loamy,3.61,0
48.62,33.13,64.3,5.38,initial,clay,3.04,0
59.04,19.73,56.09,4.45,late,sandy,4.03,0
42.8,27.73,46.62,6.36,late,clay,12.02,0
65.33,35.67,81.99,5.5,initial,loamy,4.24,0
7.13,18.52,69.25,5.12,late,clay,20.26,0
68.63,24.66,74.41,4.16,late,sandy,3.28,0
35.06,21.09,56.37,4.36,mid_season,loamy,7.9,0
54.7,29.25,69.9,4.02,late,loamy,7.49,0
56.24,25.79,58.3,0,late,loamy,0,0
41.13,33.12,59.66,2.94,initial,sandy,2.15,0
65.0,20.82,77.33,2.37,mid_season,sandy,21.41,0
38.13,33.94,66.15,3.35,initial,loamy,6.65,0
33.7,19.06,46.54,0,mid_season,loamy,0,1
35.61,25.57,77.86,0,initial,loamy,0,0
50.27,32.08,58.22,5.97,late,loamy,7.0,0
46.36,21.15,59.83,2.05,development,clay,2.78,0
36.38,18.58,67.03,4.19,late,clay,16.18,0
59.09,30.49,39.62,4.9,initial,clay,0.23,0
76.56,22.41,76.2,3.14,late,sandy,4.76,0
22.01,19.71,51.85,4.63,mid_season,loamy,5.46,0
58.45,35.11,73.73,4.11,development,clay,12.33,0
78.44,35.77,36.57,2.23,initial,sandy,0.77,0
80.97,21.43,67.09,0,initial,loamy,0,0
54.3,34.36,71.2,3.02,mid_season,sandy,5.79,0
54.13,22.69,60.23,4.22,late,loamy,2.65,0
81.04,27.08,45.45,5.59,mid_season,sandy,1.72,0
75.31,31.75,66.57,3.49,late,loamy,6.0,0
66.5,20.13,81.5,3.36,development,loamy,8.27,0
63.48,33.95,73.96,2.62,initial,clay,10.24,0
39.22,27.07,49.39,4.43,development,sandy,15.69,0
67.6,24.45,74.91,2.48,initial,loamy,5.11,0
49.88,31.19,72.28,0,mid_season,clay,0,0
46.54,29.09,47.74,4.03,mid_season,clay,8.44,0
66.64,20.91,76.78,3.4,late,clay,2.63,0
29.83,20.05,83.63,5.11,development,loamy,3.07,0
69.04,27.87,66.01,0,late,sandy,0,0
59.47,24.55,56.56,3.06,late,sandy,13.3,0
54.79,22.17,45.02,3.91,mid_season,loamy,7.77,0
73.93,28.64,47.03,3.29,mid_season,loamy,9.75,0
41.31,18.74,47.14,2.83,mid_season,sandy,3.89,0
54.79,33.09,39.4,2.9,late,loamy,3.69,0
70.1,34.18,56.96,4.68,mid_season,loamy,7.86,0
49.65,24.96,81.36,3.15,initial,sandy,7.53,0
57.69,19.81,74.21,0,late,sandy,0,1
60.45,34.16,49.4,3.81,initial,loamy,1.27,0
60.92,21.23,54.54,4.08,development,clay,16.81,0
46.53,34.88,50.79,3.16,initial,sandy,20.54,0
79.61,34.56,56.73,0,initial,loamy,0,0
51.75,34.91,48.06,1.74,initial,loamy,4.32,0
88.84,20.72,50.69,4.18,initial,clay,1.49,0
62.22,30.09,81.37,2.94,mid_season,clay,18.09,0
70.39,22.06,57.1,0,development,loamy,0,0
41.93,24.93,61.98,2.41,mid_season,loamy,19.96,0
30.46,32.24,83.79,5.34,initial,loamy,6.67,0
48.05,22.05,79.97,4.85,initial,sandy,3.29,0
69.81,20.4,84.75,4.53,late,sandy,11.83,0
23.98,26.32,41.96,4.54,initial,clay,4.54,0
51.33,30.5,72.55,0,development,sandy,0,1
44.9,24.98,66.23,0,initial,loamy,0,0
58.12,33.22,74.01,4.48,mid_season,loamy,23.35,0
38.96,32.53,60.53,0,late,clay,0,1
50.35,23.82,76.29,1.88,development,sandy,10.99,0
60.47,18.3,75.12,4.28,mid_season,sandy,15.58,0
62.9,32.37,46.49,3.91,initial,sandy,10.96,0
29.57,32.32,46.49,3.06,initial,loamy,3.25,0
11.81,25.56,43.72,0,initial,loamy,0,0
83.16,26.37,70.17,2.19,late,clay,12.73,0
51.47,20.89,68.32,5.11,mid_season,clay,6.04,0
31.8,28.72,65.01,5.61,initial,sandy,1.96,0
47.99,23.92,47.34,3.2,initial,loamy,7.68,0
35.71,31.43,41.76,3.69,development,loamy,0.94,0
45.64,26.47,70.32,0,late,loamy,0,1
57.18,30.1,59.0,4.4,initial,loamy,11.99,0
45.13,32.79,56.89,4.23,development,clay,9.36,0
32.59,32.67,83.76,3.31,mid_season,sandy,11.36,0
56.9,18.24,60.63,0,initial,loamy,0,0
39.24,27.79,38.81,3.82,late,loamy,13.41,0
90.63,35.87,37.64,0,initial,clay,0,0
68.23,32.46,75.35,0,late,sandy,0,0
52.91,19.4,76.3,7.16,development,loamy,7.2,0
32.34,34.32,60.16,3.66,late,clay,13.21,0
34.38,30.21,63.37,3.62,mid_season,loamy,7.3,0
92.26,33.14,40.72,0,initial,sandy,0,0
74.69,24.49,51.76,3.76,initial,clay,0.2,0
68.84,19.53,83.69,2.82,development,clay,11.91,0
6.97,32.34,70.65,0,initial,loamy,0,0
69.04,26.75,77.3,2.53,mid_season,sandy,6.8,0
52.51,25.39,40.18,0,initial,clay,0,0
38.21,24.1,36.5,5.1,late,sandy,5.72,0
54.01,19.41,49.79,3.84,development,clay,19.03,0
81.73,25.53,82.78,4.56,late,sandy,4.27,0
65.18,21.17,53.59,5.45,initial,sandy,14.15,0
32.11,18.11,42.1,3.13,mid_season,loamy,24.6,0
56.09,33.05,71.92,4.04,mid_season,clay,13.58,0
28.36,18.82,58.21,4.45,mid_season,clay,15.04,0
95,19.61,59.04,2.44,mid_season,clay,10.37,0
35.25,32.18,66.76,0,initial,sandy,0,0
33.66,33.04,75.22,4.06,late,clay,28.18,0
71.06,23.27,39.56,1.98,development,sandy,7.67,0
40.59,32.94,36.46,0,initial,clay,0,0
9.93,35.58,36.64,2.71,initial,loamy,9.41,0
63.19,25.49,35.8,0,initial,sandy,0,0
87.06,34.47,75.06,3.04,mid_season,sandy,7.53,0
31.03,35.35,46.85,4.54,late,loamy,8.0,0
50.62,33.94,65.83,3.84,late,sandy,5.42,0
25.19,24.88,67.75,0,development,loamy,0,1
31.85,29.48,42.54,0,initial,clay,0,0
42.6,21.76,56.5,3.03,development,sandy,13.88,0
56.87,20.08,58.19,4.21,initial,loamy,8.04,0
76.6,21.82,35.81,0,late,loamy,0,0
78.34,34.42,35.09,5.13,development,sandy,6.6,0
65.82,30.51,69.85,4.49,mid_season,clay,14.79,0
50.32,35.77,83.82,5.09,late,sandy,21.48,0
78.25,19.78,61.74,4.93,mid_season,clay,5.69,0
46.86,24.67,83.08,4.74,mid_season,loamy,19.2,0
58.61,34.08,76.37,4.41,development,clay,1.54,0
36.35,25.69,51.83,4.38,mid_season,clay,20.63,0
44.59,31.78,57.18,4.55,mid_season,clay,17.04,0
80.09,34.97,60.24,3.99,initial,loamy,12.97,0
69.73,23.61,58.52,5.4,late,loamy,16.65,0
42.18,27.99,43.48,1.33,mid_season,loamy,11.44,0
90.85,22.32,71.43,5.15,mid_season,sandy,13.16,0
65.71,23.35,74.87,6.02,mid_season,clay,21.3,0
53.74,28.0,61.06,3.32,development,sandy,6.3,0
70.11,33.13,72.9,5.06,late,clay,17.03,0
42.95,23.27,47.19,0,initial,sandy,0,0
78.85,34.82,58.43,3.28,late,sandy,13.52,0
38.71,24.18,65.09,5.64,mid_season,loamy,18.85,0
48.07,26.8,82.28,3.39,late,clay,8.31,0
59.4,33.51,43.22,0,development,sandy,0,1
58.14,29.81,76.43,0,initial,loamy,0,0
80.35,33.89,71.6,6.07,development,loamy,5.7,0
30.2,18.71,35.64,0,development,loamy,0,1
69.18,19.76,40.44,4.12,development,loamy,11.98,0
59.41,33.19,38.87,0,initial,clay,5.32,0
95,25.5,59.53,0,development,sandy,0,0
39.54,20.26,80.86,4.2,late,sandy,4.04,0
74.64,27.86,44.6,5.7,initial,sandy,14.26,0
52.53,26.68,62.49,4.97,development,loamy,7.82,0
55.18,27.94,52.38,0,late,loamy,0,0
69.2,35.8,56.88,0,initial,clay,0,0
47.48,32.94,50.96,2.87,development,clay,8.13,0
75.31,18.33,37.25,4.15,initial,clay,11.41,0
71.52,22.31,66.84,6.22,mid_season,clay,16.42,0
68.99,18.3,57.54,2.92,mid_season,clay,1.76,0
91.8,23.46,46.39,0,development,clay,0,0
72.98,23.28,63.81,2.56,development,loamy,2.4,0
22.84,25.08,73.83,3.04,development,loamy,13.58,0
59.26,26.73,53.27,0,initial,loamy,0,0
75.13,20.72,81.94,4.37,development,loamy,14.89,0
61.67,29.28,61.31,4.32,initial,loamy,17.29,0
70.58,32.91,62.57,3.03,mid_season,loamy,11.78,0
68.44,21.3,44.96,4.06,initial,loamy,11.22,0
74.18,33.98,68.49,0,development,sandy,0,0
77.3,32.27,71.41,3.68,development,clay,16.57,0
69.28,32.87,60.26,3.81,development,loamy,5.68,0
54.34,35.16,69.19,4.79,late,sandy,3.87,0
60.5,35.95,39.57,2.65,late,sandy,8.74,0
95,34.65,54.5,0,initial,clay,0,0
33.75,23.42,60.38,0,late,loamy,0,1
46.26,18.71,47.4,4.53,development,sandy,5.47,0
54.31,21.56,54.23,5.37,development,sandy,8.53,0
71.02,28.43,80.44,3.53,development,clay,7.36,0
73.54,18.35,52.35,3.61,development,sandy,2.95,0
54.73,29.23,58.49,3.21,development,sandy,1.14,0
70.29,24.97,64.61,4.51,mid_season,loamy,8.37,0
74.48,32.83,60.25,4.93,mid_season,clay,15.56,0
48.06,18.48,81.63,5.62,initial,sandy,0.5,0
67.49,29.75,55.39,4.49,mid_season,clay,8.16,0
30.81,19.43,62.95,3.77,late,loamy,6.51,0
25.24,21.52,37.41,1.72,development,loamy,5.83,0
52.05,26.06,40.17,5.67,late,sandy,7.84,0
59.71,33.48,50.72,2.72,mid_season,sandy,23.09,0
39.48,22.0,47.38,4.08,initial,sandy,7.89,0
47.41,22.79,68.06,1.54,development,clay,11.18,0
73.36,33.11,66.0,0,initial,sandy,0,0
7.16,24.28,58.75,4.37,mid_season,sandy,11.05,0
21.51,24.93,54.96,5.38,development,loamy,5.33,0
42.32,28.27,67.16,4.76,development,clay,16.36,0
46.05,34.47,39.98,2.17,late,sandy,8.89,0
39.22,24.34,69.37,4.94,mid_season,sandy,8.7,0
39.22,34.52,79.71,4.59,development,loamy,18.62,0
95,20.31,44.32,3.44,late,sandy,18.98,0
72.82,34.31,64.67,3.3,initial,clay,4.03,0
40.02,18.92,40.29,4.39,initial,loamy,18.39,0
62.66,23.51,62.35,0,initial,clay,0,0
73.27,25.26,46.55,3.84,development,loamy,25.31,0
41.01,21.45,82.74,0,initial,clay,0,0
47.34,23.57,47.43,4.07,development,clay,6.72,0
65.78,25.93,75.03,0,initial,sandy,0,0
43.63,28.81,37.67,5.09,development,sandy,2.89,0
58.33,27.15,36.19,3.61,development,clay,8.74,0
79.66,20.32,60.42,0,mid_season,sandy,0,0
53.56,28.13,60.44,3.44,initial,loamy,0.66,0
31.59,24.38,81.68,0,initial,clay,0,0
53.48,26.26,56.2,3.14,mid_season,clay,12.72,0
42.45,25.73,39.23,3.68,initial,loamy,17.5,0
37.48,34.1,67.64,3.98,late,clay,10.16,0
61.81,26.02,79.62,2.17,initial,sandy,15.15,0
47.09,23.69,66.91,3.69,development,sandy,2.41,0
63.29,22.88,82.61,5.75,initial,loamy,9.08,0
75.01,18.49,60.34,4.71,development,sandy,13.88,0
28.4,23.05,79.34,4.01,development,clay,13.61,0
56.41,32.63,76.64,3.69,initial,loamy,6.25,0
74.65,28.4,39.94,0,initial,clay,0,0
47.18,18.85,50.02,0,initial,sandy,0,0
59.73,26.69,78.28,4.76,mid_season,clay,12.87,0
72.51,30.79,45.66,4.17,mid_season,clay,15.54,0
58.21,32.6,60.64,0,mid_season,clay,0,0
49.38,35.24,56.82,3.74,development,loamy,5.88,0
54.58,26.22,61.4,3.48,late,loamy,3.24,0
64.62,32.73,42.98,0,initial,sandy,0,0
19.74,27.4,75.88,0,initial,clay,0,0
48.92,33.96,46.51,3.72,mid_season,clay,11.47,0
44.8,25.49,48.98,3.82,mid_season,sandy,15.36,0
64.17,21.7,50.05,2.66,initial,loamy,7.57,0
62.73,33.82,36.76,3.06,initial,sandy,5.75,0
51.07,25.93,78.28,0,development,loamy,0,1
74.5,32.18,71.69,3.79,mid_season,clay,1.21,0
27.13,35.41,74.36,4.65,initial,clay,15.52,0
77.25,34.49,69.87,3.0,late,loamy,6.54,0
74.28,24.55,57.08,4.24,mid_season,sandy,19.5,0
37.44,24.09,52.3,5.61,mid_season,loamy,18.43,0
44.19,32.02,60.93,2.71,mid_season,clay,3.72,0
20.7,25.89,81.45,2.36,initial,clay,16.04,0
45.75,23.07,64.19,1.49,development,clay,6.54,0
74.13,27.14,57.04,5.21,initial,clay,4.52,0
57.25,24.45,80.89,4.46,initial,loamy,3.23,0
38.45,32.02,58.33,4.42,initial,clay,4.83,0
54.46,21.88,78.56,4.34,development,sandy,13.24,0
39.01,18.02,50.72,2.9,late,sandy,14.04,0
69.74,30.69,44.13,5.11,initial,sandy,2.8,0
79.42,31.92,44.06,2.85,late,loamy,11.34,0
63.32,19.94,73.24,5.66,late,loamy,12.04,0
57.24,26.06,61.57,4.77,mid_season,clay,11.82,0
39.98,30.99,56.58,0,initial,sandy,0,0
25.18,29.13,38.15,3.67,late,sandy,3.17,0
57.62,34.79,37.06,5.19,initial,clay,10.28,0
50.83,22.92,69.55,3.5,late,loamy,17.16,0
37.07,28.64,49.87,5.55,development,loamy,12.07,0
67.52,26.45,53.77,3.11,initial,sandy,6.75,0
65.99,23.89,80.01,2.69,late,loamy,10.31,0
77.38,20.28,37.14,3.4,late,loamy,7.02,0
36.42,29.08,35.98,4.02,late,sandy,8.89,0
23.08,30.68,52.0,0,initial,loamy,0,0
34.76,28.58,76.18,3.25,mid_season,sandy,17.93,0
51.11,33.38,39.92,3.33,mid_season,loamy,26.22,0
38.95,30.25,67.01,3.57,late,sandy,8.37,0
23.99,30.02,50.95,4.87,development,loamy,0.64,0
35.14,29.72,46.03,5.35,mid_season,loamy,18.75,0
45.45,18.77,72.55,5.73,development,sandy,7.92,0
68.17,33.32,84.49,0,development,sandy,0,0
82.71,22.52,55.64,3.79,development,loamy,3.03,0
55.11,26.02,71.57,1.03,initial,clay,12.23,0
66.82,27.37,63.27,5.08,mid_season,clay,10.02,0
76.08,21.07,50.02,5.21,initial,clay,1.16,0
36.46,19.04,74.32,4.12,late,loamy,19.78,0
64.57,34.62,44.32,4.04,mid_season,loamy,24.16,0
69.97,25.54,70.95,2.9,development,sandy,3.33,0
32.34,18.94,57.55,4.04,development,clay,13.02,0
73.1,23.24,48.74,2.71,development,sandy,1.82,0
45.8,22.92,47.42,4.54,development,sandy,11.01,0
54.78,35.04,40.19,0.99,mid_season,clay,9.46,0
33.49,18.7,53.05,3.62,development,loamy,4.21,0
56.48,31.83,47.74,5.42,late,clay,22.61,0
50.83,27.61,64.34,6.43,late,clay,10.19,0
38.09,21.98,57.53,4.4,development,sandy,7.96,0
56.1,31.02,78.32,4.62,late,clay,9.86,0
53.78,30.4,84.76,2.58,development,clay,7.22,0
70.32,31.96,74.05,3.59,late,clay,5.68,0
64.2,26.18,64.99,4.68,mid_season,clay,15.52,0
42.21,27.96,75.32,4.48,development,loamy,11.42,0
65.21,23.36,83.52,2.56,development,sandy,9.94,0
56.88,23.83,63.64,3.88,mid_season,clay,19.28,0
63.14,29.53,63.86,5.15,initial,clay,13.65,0
68.77,22.7,72.76,1.76,mid_season,clay,13.15,0
87.29,18.46,78.61,3.78,late,clay,3.18,0
54.35,30.88,52.54,0,initial,clay,0,0
50.42,32.82,78.36,3.51,mid_season,clay,7.89,0
34.46,30.7,64.65,4.71,initial,loamy,2.75,0
70.82,24.21,70.9,3.29,late,sandy,6.77,0
52.74,18.8,67.14,1.46,initial,clay,7.28,0
61.08,27.52,56.06,2.29,development,sandy,11.43,0
68.94,31.48,39.19,3.79,development,sandy,3.83,0
55.47,19.24,64.08,4.19,development,sandy,3.59,0
42.86,25.61,41.88,3.45,initial,clay,6.12,0
75.45,31.11,74.8,4.66,initial,sandy,8.74,0
45.77,33.33,41.3,3.79,initial,sandy,4.17,0
57.16,20.76,37.32,3.85,initial,clay,8.38,0
33.46,23.55,84.81,4.61,development,loamy,9.07,0
50.44,29.95,56.28,6.64,mid_season,sandy,4.66,0
71.37,34.54,75.66,2.64,late,sandy,27.14,0
61.15,20.84,48.29,2.9,initial,sandy,11.78,0
74.11,23.78,37.22,3.53,mid_season,sandy,9.64,0
57.31,21.65,49.06,3.45,late,clay,9.96,0
70.63,29.47,48.33,3.83,development,loamy,1.49,0
42.55,33.97,57.32,0,development,sandy,0,1
53.8,33.01,45.41,4.28,mid_season,loamy,17.52,0
44.72,22.5,43.0,3.0,initial,clay,1.94,0
39.36,27.06,41.77,4.72,late,clay,16.67,0
52.51,28.43,35.69,2.6,mid_season,clay,13.67,0
79.26,23.09,62.88,0,initial,sandy,0,0
31.36,18.19,47.85,5.43,development,clay,15.72,0
47.49,19.97,79.02,3.9,development,sandy,19.15,0
81.01,18.36,59.87,4.3,mid_season,sandy,8.06,0
65.89,27.47,60.08,4.46,late,clay,3.36,0
42.15,25.5,49.77,2.56,development,sandy,13.83,0
48.19,19.41,83.95,2.73,mid_season,clay,10.37,0
68.64,21.55,51.96,5.87,mid_season,loamy,3.5,0
33.65,25.24,75.6,0,initial,sandy,0,0
67.91,28.39,35.97,4.81,development,sandy,0.43,0
58.27,18.45,60.01,4.13,initial,loamy,2.49,0
55.09,22.32,56.37,2.56,late,loamy,2.54,0
89.19,29.88,35.01,3.87,initial,clay,2.15,0
60.95,24.66,76.09,4.57,late,loamy,0.5,0
35.69,28.45,74.26,0,development,sandy,0,1
23.23,21.31,80.12,3.67,late,clay,10.6,0
31.6,35.17,81.01,3.33,development,sandy,11.56,0
40.39,33.41,51.89,4.41,initial,loamy,4.75,0
67.62,29.21,37.2,3.0,mid_season,clay,16.03,0
72.44,19.39,42.67,4.14,late,sandy,5.46,0
95,26.11,66.39,4.84,mid_season,sandy,0.35,0
65.33,29.68,47.06,5.23,late,clay,17.47,0
39.12,27.48,53.56,5.45,mid_season,clay,7.21,0
43.32,22.32,56.31,3.3,mid_season,loamy,7.0,0
46.13,20.69,76.37,3.23,initial,loamy,9.25,0
68.31,33.63,55.72,0,mid_season,loamy,0,0
19.71,29.43,78.2,0,development,clay,0,1
49.53,28.41,63.04,4.94,late,clay,9.0,0
86.62,32.47,75.22,3.21,mid_season,clay,16.95,0
57.05,32.15,40.42,2.24,mid_season,sandy,5.75,0
58.63,24.62,55.86,0,initial,sandy,0,0
53.0,33.41,82.85,0,mid_season,sandy,0,1
67.81,30.09,72.07,3.34,late,loamy,15.09,0
93.22,30.8,49.54,3.35,development,loamy,0.52,0
67.29,32.39,72.7,4.95,late,sandy,7.17,0
88.66,24.51,83.86,2.97,initial,sandy,5.77,0
23.29,27.07,36.78,3.31,development,sandy,6.98,0
42.9,19.66,49.16,2.87,initial,loamy,2.37,0
56.24,25.49,44.75,4.28,development,sandy,4.82,0
87.52,29.14,84.73,3.61,mid_season,loamy,11.84,0
23.41,19.07,69.76,5.04,late,clay,3.38,0
50.45,31.37,40.05,2.72,late,loamy,11.06,0
70.48,28.12,52.61,2.87,late,sandy,1.19,0
42.62,24.19,38.57,4.61,late,clay,10.13,0
51.11,27.72,67.21,5.67,late,sandy,12.61,0
48.11,18.94,73.38,3.15,mid_season,clay,22.47,0
59.87,18.11,82.58,5.65,initial,clay,4.96,0
34.26,24.92,57.84,3.9,mid_season,loamy,2.74,0
50.44,23.74,72.36,0,initial,loamy,0,0
53.11,27.2,66.53,4.51,mid_season,loamy,14.84,0
51.86,33.35,39.42,0,initial,clay,0,0
84.9,33.36,37.32,0,initial,clay,0,0
46.53,27.84,83.99,3.85,initial,sandy,10.48,0
51.77,34.77,48.19,2.95,initial,clay,11.08,0
44.75,29.78,77.89,4.55,late,loamy,13.66,0
62.55,21.56,49.44,0,development,loamy,0,0
57.78,26.95,51.52,3.69,initial,loamy,6.94,0
26.56,32.69,35.8,6.8,late,sandy,10.61,0
69.57,35.48,82.87,4.14,late,clay,14.55,0
85.84,28.13,84.86,3.23,development,clay,11.04,0
8.81,30.75,45.1,4.12,development,sandy,10.88,0
59.49,29.54,77.82,6.08,late,sandy,9.12,0
57.56,19.13,64.9,3.84,mid_season,loamy,19.69,0
76.8,24.97,45.95,2.68,initial,sandy,0.01,0
69.42,18.07,77.59,0,initial,sandy,0,0
40.41,31.32,81.64,1.97,mid_season,sandy,5.57,0
19.07,23.57,66.44,1.42,development,sandy,6.4,0
54.91,26.26,48.43,0,initial,sandy,0,0
61.06,21.23,43.34,3.91,initial,clay,5.87,0
57.6,30.55,35.91,3.7,late,sandy,16.39,0
85.57,18.84,77.18,5.18,late,sandy,9.21,0
64.35,24.47,84.26,4.35,development,sandy,2.96,0
44.52,23.46,68.58,2.71,mid_season,loamy,7.9,0
31.64,19.77,41.8,3.62,development,loamy,4.41,0
54.23,30.42,75.31,0,initial,sandy,0,0
92.36,25.3,65.28,1.59,development,loamy,17.79,0
39.28,27.08,39.77,0,initial,sandy,0,0
44.01,26.74,76.85,5.32,development,clay,6.75,0
62.09,23.01,39.5,5.06,late,loamy,13.1,0
81.47,26.03,73.06,3.49,initial,clay,4.99,0
91.21,32.24,46.48,4.94,initial,loamy,5.53,0
83.15,18.25,50.19,3.86,mid_season,loamy,9.86,0
42.82,29.99,74.15,4.76,development,clay,2.35,0
57.99,22.19,38.69,0,initial,loamy,0,0
66.97,32.53,63.82,3.2,late,sandy,0.87,0
95,24.6,74.24,4.92,initial,sandy,1.35,0
45.59,24.38,72.12,0,initial,sandy,0,0
72.22,18.68,39.29,2.41,development,clay,12.65,0
55.54,34.42,62.52,3.38,late,sandy,11.7,0
57.34,31.51,37.53,5.06,mid_season,clay,8.55,0
35.6,22.74,68.28,3.48,mid_season,sandy,8.77,0
49.52,19.63,54.39,5.52,late,clay,5.27,0
55.87,22.52,60.64,3.41,late,clay,8.93,0
64.67,19.15,43.16,0,initial,sandy,0,0
60.4,32.77,52.58,3.12,development,sandy,2.16,0
83.24,19.26,77.59,4.0,development,clay,13.16,0
51.64,24.2,49.99,5.3,mid_season,sandy,13.79,0
54.04,23.88,82.11,0,development,sandy,0,1
86.41,25.44,70.09,4.08,late,sandy,1.0,0
46.38,35.4,42.37,3.54,mid_season,clay,22.31,0
51.61,25.17,51.2,5.08,development,clay,8.02,0
53.89,20.41,75.43,3.38,development,sandy,6.87,0
61.34,18.57,50.68,3.89,mid_season,loamy,15.73,0
70.96,30.69,45.05,4.92,development,sandy,0.68,0
42.12,22.36,81.48,4.12,late,sandy,9.64,0
66.97,22.26,52.68,3.04,mid_season,sandy,11.89,0
36.83,19.26,58.7,2.73,development,loamy,5.9,0
36.24,32.27,81.35,2.79,mid_season,clay,23.89,0
79.48,27.81,41.54,3.83,mid_season,loamy,10.56,0
59.15,19.95,46.47,0,initial,clay,0,0
63.61,35.09,36.85,2.92,development,sandy,11.42,0
33.38,27.09,54.65,5.35,late,sandy,10.75,0
60.36,32.06,82.81,3.34,late,clay,15.95,0
79.16,30.62,48.31,3.1,mid_season,clay,13.47,0
58.37,34.87,53.1,0,initial,loamy,0,0
95,29.61,55.35,0,initial,sandy,0,0
26.89,32.93,64.47,2.89,late,sandy,6.05,0
38.01,27.24,67.37,4.96,initial,sandy,4.07,0
66.89,34.01,46.86,3.76,mid_season,sandy,16.3,0
33.54,33.71,71.42,4.75,initial,clay,8.91,0
30.93,20.98,81.49,4.68,mid_season,sandy,14.17,0
32.01,20.89,65.55,3.43,mid_season,clay,8.67,0
56.81,35.55,64.67,4.27,initial,loamy,6.38,0
67.34,27.32,39.53,0,initial,sandy,0,0
71.84,26.06,82.73,4.77,initial,sandy,5.5,0
43.12,23.29,38.51,4.7,development,clay,9.8,0
63.69,31.23,50.89,3.8,late,loamy,2.03,0
74.97,34.88,48.62,5.05,late,sandy,2.03,0
72.63,26.11,54.3,0,initial,clay,0,0
45.4,24.52,49.94,4.94,initial,sandy,2.63,0
87.96,33.79,49.47,2.15,late,sandy,9.37,0
72.13,35.37,38.43,3.15,mid_season,sandy,10.35,0
59.13,21.32,70.06,3.35,late,loamy,11.04,0
72.78,35.77,78.62,3.68,development,clay,22.48,0
70.52,32.64,66.18,2.94,late,sandy,10.49,0
64.65,35.89,80.46,4.39,mid_season,sandy,12.8,0
53.55,31.44,37.64,4.14,late,sandy,5.22,0
35.13,35.69,44.8,4.44,initial,sandy,8.63,0
37.59,26.29,81.55,3.23,development,loamy,5.34,0
64.87,21.46,35.85,3.67,initial,loamy,0.86,0
72.19,22.9,48.15,6.2,mid_season,loamy,6.16,0
61.63,35.11,61.62,0,initial,clay,0,0
33.76,25.1,56.68,3.16,late,loamy,4.82,0
49.36,35.66,38.55,3.12,late,clay,11.47,0
74.76,26.97,36.61,4.01,mid_season,clay,2.81,0
73.22,27.25,79.53,4.84,mid_season,sandy,15.08,0
64.02,28.65,43.65,5.18,late,sandy,2.49,0
72.41,21.29,63.08,3.68,development,clay,12.46,0
43.63,24.16,76.26,1.64,late,sandy,13.1,0
51.67,31.35,74.16,0,initial,clay,0,0
54.69,23.61,69.36,4.54,mid_season,loamy,22.96,0
44.72,32.57,47.46,0,initial,loamy,0,0
12.25,32.0,48.94,3.07,late,loamy,11.53,0
25.72,24.19,43.17,4.56,late,sandy,11.27,0
56.26,31.64,60.57,2.73,development,clay,1.47,0
40.59,35.49,49.02,0,initial,clay,0,0
67.44,32.1,70.14,3.07,mid_season,loamy,5.62,0
46.87,33.25,79.51,4.41,initial,sandy,3.82,0
80.3,22.36,75.22,3.84,initial,sandy,3.1,0
31.37,31.46,42.01,3.48,development,sandy,3.43,0
73.47,18.12,83.6,3.92,development,clay,18.91,0
73.94,35.07,51.36,4.61,development,loamy,6.08,0
62.03,20.45,36.67,4.29,mid_season,sandy,6.0,0
46.81,21.04,61.77,4.34,development,sandy,1.02,0
80.43,28.92,70.26,4.52,development,loamy,9.72,0
63.71,25.27,81.82,5.55,late,sandy,2.68,0
74.49,28.68,84.6,4.93,initial,loamy,9.58,0
45.92,19.9,39.7,0,development,loamy,0,1
38.82,20.92,58.85,3.49,initial,clay,4.93,0
84.36,32.04,38.82,4.21,development,clay,2.83,0
49.94,31.94,71.92,4.37,development,clay,1.57,0
19.63,35.72,55.58,4.05,initial,clay,2.82,0
42.48,21.19,40.94,3.58,mid_season,sandy,11.28,0
46.02,27.76,36.15,3.02,mid_season,loamy,23.87,0
54.4,22.81,62.6,2.49,late,loamy,8.73,0
80.9,31.07,77.45,4.7,initial,sandy,7.75,0
51.15,22.35,53.53,3.66,mid_season,sandy,4.61,0
43.67,27.51,81.62,4.23,mid_season,loamy,16.02,0
79.96,28.44,42.57,5.6,development,sandy,5.7,0
28.36,34.52,76.84,4.01,initial,loamy,3.64,0
39.46,25.43,37.23,3.73,initial,sandy,11.53,0
62.43,22.98,44.86,3.28,development,sandy,14.57,0
27.83,28.23,77.88,0,initial,loamy,0,0
55.97,33.69,76.4,3.53,mid_season,clay,5.95,0
62.54,25.87,49.41,4.5,mid_season,sandy,10.4,0
38.73,29.28,51.11,0,initial,loamy,0,0
15.85,19.59,79.18,4.52,initial,sandy,19.03,0
73.36,24.58,55.9,5.83,initial,clay,1.05,0
65.65,30.3,50.1,0,late,loamy,0,0
32.93,18.51,81.27,5.36,late,sandy,3.21,0
88.88,18.95,54.21,4.28,development,clay,10.33,0
38.46,23.07,76.72,2.8,mid_season,clay,14.91,0
52.53,20.35,65.81,2.25,mid_season,sandy,4.64,0
49.49,18.4,75.04,4.53,initial,loamy,14.96,0
54.73,34.71,84.28,2.15,late,loamy,19.85,0
51.3,26.67,51.89,3.65,development,clay,6.29,0
66.99,27.51,46.61,4.69,mid_season,sandy,3.77,0
59.84,28.75,81.42,4.26,mid_season,clay,13.25,0
76.56,21.73,55.98,0,mid_season,sandy,0,0
63.03,33.37,46.38,1.96,development,sandy,3.35,0
55.43,23.56,78.99,2.42,mid_season,clay,0.96,0
62.59,19.8,61.36,3.93,late,clay,11.26,0
53.25,31.85,62.47,6.03,mid_season,loamy,9.06,0
26.11,19.73,72.87,3.06,development,clay,8.19,0
41.69,19.29,47.77,2.7,late,clay,2.46,0
47.78,25.33,62.52,3.09,development,loamy,12.49,0
30.34,31.65,60.87,2.92,late,clay,5.44,0
39.78,20.72,83.62,1.49,initial,loamy,13.13,0
70.74,26.53,45.95,3.89,late,sandy,5.37,0
55.04,34.35,83.79,4.79,initial,loamy,11.2,0
46.61,30.47,59.19,5.41,initial,clay,14.99,0
19.33,24.21,67.68,4.53,mid_season,clay,11.82,0
58.99,20.37,53.88,0,development,clay,0,0
55.36,25.34,64.02,3.32,development,sandy,14.94,0
18.55,34.58,68.63,3.36,late,clay,2.61,0
46.73,24.54,83.52,3.5,development,sandy,7.49,0
55.15,20.07,63.61,2.47,development,loamy,11.24,0
54.88,18.62,76.46,0,mid_season,loamy,0,0
58.03,33.63,83.6,0,late,loamy,0,0
95,32.93,40.14,2.44,mid_season,sandy,17.46,0
72.51,21.36,53.29,3.62,mid_season,clay,12.74,0
44.65,21.58,44.91,0,initial,sandy,0,0
49.92,19.62,43.53,3.18,development,clay,12.56,0
66.9,25.53,81.73,4.11,initial,sandy,6.21,0
76.9,21.88,56.55,2.58,late,clay,8.56,0
76.22,19.15,56.44,3.49,development,clay,10.05,0
64.87,25.32,55.99,3.87,initial,sandy,6.16,0
55.32,22.67,43.3,3.25,late,loamy,17.42,0
58.95,21.09,41.1,0,initial,clay,0,0
23.15,18.34,41.51,3.38,mid_season,sandy,2.55,0
29.19,21.67,74.89,2.75,late,sandy,5.1,0
38.75,20.78,49.13,3.6,initial,loamy,11.92,0
49.76,22.75,76.69,0,initial,clay,0,0
59.73,20.6,62.05,5.56,development,clay,10.44,0
33.73,24.98,79.08,3.09,development,loamy,14.33,0
81.04,28.63,59.36,3.78,initial,sandy,4.97,0
95,20.84,76.4,3.47,late,clay,13.85,0
69.32,33.12,76.06,0,late,sandy,0,0
64.03,35.23,73.24,4.11,development,sandy,10.66,0
35.49,30.7,50.5,3.83,development,loamy,2.71,0
35.39,31.71,48.85,3.82,development,clay,8.04,0
56.11,31.29,77.93,4.57,development,clay,3.83,0
63.1,31.99,51.84,3.75,late,sandy,9.21,0
63.5,22.55,41.66,5.26,mid_season,clay,8.53,0
89.12,28.19,44.65,3.19,initial,sandy,0.41,0
52.83,26.56,56.91,0,late,sandy,0,1
52.36,27.18,36.9,3.9,mid_season,clay,19.21,0
72.29,30.63,46.0,5.46,mid_season,sandy,19.12,0
63.61,32.27,35.77,3.69,development,loamy,13.24,0
47.57,29.83,55.04,3.11,mid_season,clay,7.77,0
65.77,19.03,44.94,3.55,late,loamy,21.54,0
32.9,27.25,54.48,4.49,initial,sandy,0.52,0
25.81,28.05,77.7,3.79,initial,loamy,9.3,0
68.61,34.26,73.6,4.98,development,sandy,2.54,0
41.83,18.75,62.66,5.07,late,clay,25.25,0
38.93,30.23,50.33,3.64,initial,loamy,5.7,0
68.92,25.75,73.28,3.36,mid_season,loamy,10.98,0
16.32,32.03,44.01,4.67,initial,sandy,0.08,0
70.97,30.49,38.77,4.93,late,loamy,12.78,0
74.52,18.32,79.26,4.49,initial,loamy,6.39,0
39.31,35.76,39.14,4.89,initial,sandy,14.32,0
39.16,31.39,63.82,5.3,mid_season,clay,9.53,0
56.37,34.79,67.86,0,development,clay,0,0
81.14,34.62,36.99,4.45,development,sandy,10.05,0
34.95,25.91,64.75,4.17,late,sandy,10.34,0
37.68,18.19,71.71,4.8,mid_season,sandy,1.42,0
53.59,35.1,62.13,3.62,development,loamy,17.55,0
35.09,32.96,80.09,4.65,development,sandy,12.64,0
95,23.01,63.33,4.92,development,sandy,19.73,0
37.43,23.94,67.92,0,mid_season,sandy,0,1
53.6,21.85,43.0,4.06,initial,loamy,17.6,0
88.98,23.99,73.83,4.92,initial,sandy,14.44,0
77.07,21.52,76.63,4.37,late,sandy,5.14,0
38.97,19.63,64.09,5.9,mid_season,clay,7.44,0
54.24,27.17,72.73,4.95,initial,sandy,10.26,0
50.83,30.98,64.27,3.16,initial,sandy,4.56,0
47.71,31.87,51.2,4.28,initial,clay,6.27,0
32.19,19.42,70.64,4.8,mid_season,sandy,9.23,0
53.81,19.62,51.21,2.58,mid_season,sandy,9.34,0
39.24,18.96,82.66,3.54,development,clay,1.34,0
50.38,34.25,54.77,4.92,initial,loamy,6.76,0
69.7,27.32,83.25,5.27,late,sandy,6.54,0
65.63,33.45,55.99,0,development,sandy,0,0
85.69,35.02,74.04,1.35,late,clay,17.62,0
54.39,27.84,57.85,0,initial,clay,0,0
52.85,26.76,49.13,5.38,initial,loamy,4.05,0
80.64,18.93,59.69,5.04,mid_season,loamy,5.5,0
62.63,18.83,55.58,3.3,mid_season,clay,24.54,0
28.59,31.42,66.33,3.65,mid_season,loamy,3.3,0
33.84,35.9,53.6,4.62,development,loamy,1.33,0
70.05,28.9,66.04,2.42,development,loamy,14.38,0
32.52,26.87,77.21,0,development,loamy,0,1
47.28,31.29,70.89,5.94,initial,sandy,18.75,0
45.73,28.15,50.37,2.38,initial,loamy,7.92,0
14.08,34.55,81.19,3.68,development,clay,9.61,0
56.55,21.01,35.51,4.38,initial,sandy,6.53,0
49.67,25.38,84.42,1.88,development,sandy,4.9,0
25.2,25.2,69.53,2.56,mid_season,clay,3.45,0
68.43,26.15,47.88,4.42,development,clay,0.47,0
50.12,34.0,39.85,3.11,mid_season,clay,16.08,0
75.15,18.11,42.73,0,initial,clay,0,0
37.15,28.08,80.51,2.32,mid_season,sandy,6.29,0
54.07,23.62,37.33,2.9,late,loamy,11.67,0
46.27,23.06,64.5,3.74,late,sandy,16.72,0
47.15,34.06,76.73,5.74,development,sandy,9.13,0
46.8,24.26,37.39,2.21,late,clay,4.17,0
57.61,31.78,53.46,0,development,sandy,0,1
85.78,33.34,36.4,4.42,late,loamy,12.37,0
54.85,32.63,59.06,0,late,loamy,0,0
62.77,25.16,74.52,6.27,development,clay,4.6,0
81.93,25.55,47.12,1.2,initial,loamy,6.8,0
76.31,32.38,75.58,2.42,mid_season,clay,10.67,0
53.42,22.2,46.47,3.15,late,clay,9.34,0
50.87,31.57,51.64,3.79,late,clay,9.71,0
82.1,30.81,64.36,2.58,mid_season,loamy,22.28,0
78.92,24.62,82.51,5.32,late,sandy,19.77,0
66.05,27.99,81.11,4.27,mid_season,loamy,18.4,0
52.35,26.0,74.09,2.56,development,clay,16.74,0
39.05,20.06,80.49,3.49,late,loamy,6.46,0
48.51,27.55,84.89,3.94,late,sandy,6.53,0
59.12,30.35,41.12,0,initial,loamy,0,0
53.26,21.13,47.54,4.74,mid_season,loamy,3.8,0
32.06,29.33,82.27,5.63,late,clay,13.08,0
55.02,32.92,43.04,4.05,mid_season,loamy,10.88,0
42.53,29.71,51.93,4.22,mid_season,sandy,7.12,0
54.35,18.27,80.84,4.81,late,sandy,7.25,0
58.32,20.86,70.14,4.13,late,sandy,1.04,0
36.04,33.33,59.52,1.21,late,clay,15.97,0
51.11,23.78,39.35,2.83,late,loamy,6.14,0
83.42,25.27,52.26,3.77,late,loamy,7.5,0
81.23,32.63,53.73,4.07,development,loamy,9.46,0
40.42,30.1,61.68,5.12,initial,sandy,22.7,0
30.3,26.42,65.66,3.96,late,sandy,2.29,0
46.31,32.35,68.17,3.72,initial,sandy,11.74,0
37.99,35.27,40.92,2.98,initial,sandy,5.99,0
30.98,34.48,61.1,5.81,mid_season,clay,16.37,0
14.2,20.42,79.41,7.94,late,clay,13.46,0
50.41,31.22,43.06,3.2,late,sandy,14.58,0
45.0,33.35,67.83,5.92,late,clay,6.82,0
37.14,18.3,72.48,3.81,mid_season,sandy,11.93,0
38.1,31.23,45.28,2.76,initial,clay,14.95,0
52.52,26.45,43.29,5.68,mid_season,loamy,3.22,0
63.81,30.62,73.95,1.25,mid_season,sandy,11.93,0
59.54,35.96,79.79,3.55,mid_season,clay,8.36,0
41.82,27.63,79.43,1.96,mid_season,sandy,6.07,0
38.11,20.24,77.12,0,development,sandy,0,1
34.68,34.48,69.46,0,development,clay,0,1
39.9,33.82,53.97,5.21,development,clay,3.35,0
30.27,18.41,77.59,4.44,development,sandy,9.97,0
49.22,21.44,63.17,3.88,late,clay,3.95,0
53.02,33.59,47.68,4.57,initial,sandy,8.2,0
66.79,29.13,44.91,4.81,initial,sandy,17.6,0
46.01,32.5,79.7,3.86,mid_season,sandy,13.22,0
48.68,26.47,67.04,0,development,loamy,0,1
54.85,24.37,84.12,4.56,mid_season,loamy,14.79,0
67.7,23.56,39.04,5.38,late,clay,18.87,0
67.5,31.38,41.48,2.69,late,clay,20.62,0
63.18,18.97,56.99,3.98,initial,sandy,3.0,0
47.21,34.74,38.38,5.62,development,loamy,5.3,0
31.27,30.78,66.51,4.33,late,clay,12.87,0
31.82,34.82,65.29,4.44,mid_season,clay,9.7,0
33.77,30.42,67.85,3.78,development,sandy,7.92,0
50.43,20.42,48.13,6.02,initial,loamy,10.07,0
87.07,26.13,51.65,5.78,late,clay,4.69,0
62.07,19.95,84.45,3.89,development,clay,11.32,0
41.86,26.52,47.46,4.9,initial,clay,5.18,0
60.74,19.43,70.89,0,mid_season,sandy,0,0
67.38,34.02,46.82,2.99,initial,sandy,4.82,0
45.41,33.07,42.94,4.45,mid_season,clay,22.7,0
56.88,21.97,80.78,4.69,mid_season,loamy,6.01,0
76.1,34.4,66.42,1.91,mid_season,loamy,12.76,0
38.24,23.31,71.02,4.69,late,clay,12.6,0
61.75,20.16,50.44,3.19,mid_season,loamy,10.05,0
60.94,31.29,78.85,3.49,late,loamy,14.32,0
50.5,24.85,44.75,3.27,mid_season,loamy,8.16,0
72.08,21.81,59.37,3.51,development,loamy,15.34,0
51.74,31.37,84.06,0,initial,loamy,0,0
43.99,21.58,46.8,4.47,mid_season,sandy,6.36,0
51.57,27.95,45.61,3.69,late,clay,8.49,0
48.51,21.91,44.08,3.43,development,loamy,5.54,0
60.23,29.69,59.27,4.56,initial,clay,13.91,0
44.68,30.13,74.33,4.6,mid_season,loamy,7.2,0
8.41,34.18,52.83,0.16,mid_season,clay,11.39,1
43.02,21.6,58.85,3.08,late,sandy,13.36,0
29.78,31.3,47.91,4.02,mid_season,sandy,8.08,0
30.69,27.01,42.94,4.08,mid_season,loamy,7.81,0
22.59,32.85,59.58,4.48,late,clay,5.76,0
66.56,35.44,35.85,0,mid_season,clay,0,0
53.29,25.49,81.56,4.51,development,clay,16.2,0
66.92,28.78,83.97,2.48,late,sandy,17.6,0
70.26,31.69,47.22,0,initial,sandy,0,0
50.09,18.56,68.36,4.85,development,sandy,16.28,0
65.54,35.25,64.84,0,initial,clay,0,0
25.88,34.07,71.4,0,late,sandy,0,1
35.79,32.11,79.97,5.31,late,loamy,14.08,0
80.4,18.44,54.6,4.77,initial,clay,8.6,0
64.42,25.55,56.72,2.6,development,clay,8.61,0
79.95,28.71,64.94,3.29,late,clay,16.07,0
39.21,26.06,59.76,4.16,late,sandy,13.15,0
50.29,32.99,46.99,4.36,initial,clay,10.13,0
66.92,24.3,53.46,3.31,initial,loamy,10.4,0
17.61,21.66,47.49,5.96,late,loamy,10.59,0
78.49,23.65,70.89,3.54,development,clay,10.46,0
30.43,23.09,64.25,0,development,loamy,0,1
53.61,26.68,44.6,4.62,late,sandy,13.89,0
62.82,33.08,66.59,4.18,mid_season,loamy,2.5,0
20.5,20.77,72.4,3.88,development,loamy,4.24,0
46.01,24.76,66.4,5.33,late,clay,16.09,0
44.41,34.48,47.52,2.79,initial,sandy,4.31,0
88.64,20.74,63.99,0,development,sandy,0,0
64.69,32.46,35.75,4.61,development,clay,9.9,0
55.74,29.59,83.42,3.53,mid_season,sandy,21.98,0
72.22,33.05,56.62,4.49,late,sandy,15.13,0
72.73,30.84,59.4,3.17,late,clay,15.04,0
37.15,28.23,36.32,4.02,late,clay,10.88,0
44.4,18.56,36.58,5.51,development,sandy,9.75,0
71.62,21.28,36.25,3.53,development,clay,7.93,0
69.02,31.34,38.9,5.11,late,sandy,6.52,0
62.12,22.17,82.45,3.65,mid_season,sandy,4.4,0
63.94,18.27,79.56,2.91,late,clay,15.73,0
36.0,28.0,82.8,2.64,initial,sandy,1.67,0
66.85,24.45,71.43,0,initial,loamy,0,0
46.64,27.89,37.86,3.07,initial,clay,10.75,0
48.72,20.61,45.38,0,late,loamy,0,1
95,32.47,45.83,3.42,development,sandy,6.05,0
36.01,26.91,80.63,3.03,development,sandy,6.79,0
71.95,19.06,67.61,3.17,mid_season,sandy,10.97,0
34.68,34.79,44.85,4.63,late,sandy,15.71,0
95,25.81,83.49,4.98,mid_season,clay,3.94,0
55.74,32.74,38.28,3.58,development,clay,12.02,0
43.46,34.24,83.69,3.7,mid_season,sandy,0.42,0
36.26,27.62,46.2,5.67,mid_season,clay,8.96,0
66.42,31.05,59.19,3.98,late,loamy,18.79,0
45.12,25.71,65.28,3.21,late,loamy,3.15,0
59.54,22.93,66.27,3.66,initial,loamy,5.31,0
31.71,33.64,46.5,4.65,late,sandy,14.24,0
61.75,33.27,61.81,2.87,mid_season,loamy,9.59,0
37.4,29.98,81.69,3.83,late,loamy,10.03,0
67.63,21.72,50.61,3.17,initial,clay,2.96,0
66.34,19.6,37.26,0,initial,loamy,0,0
49.78,21.33,46.71,0,initial,loamy,0,0
41.67,18.53,41.3,3.36,mid_season,clay,0.15,0
55.04,23.21,79.31,0,development,loamy,0,0
54.89,25.85,44.26,3.3,late,loamy,5.63,0
73.66,33.74,48.37,0,development,loamy,0,0
71.05,30.13,70.42,5.28,initial,clay,1.41,0
48.74,23.79,39.24,0,initial,sandy,0,0
40.77,28.36,78.51,4.87,development,clay,4.82,0
49.61,19.77,73.79,0,initial,sandy,0,0
39.4,29.69,51.48,4.52,late,sandy,1.34,0
55.97,33.09,66.57,5.0,initial,loamy,6.97,0
27.25,35.38,42.7,4.61,mid_season,sandy,14.0,0
50.12,19.03,46.14,0,initial,clay,0,0
26.16,33.38,41.22,1.32,mid_season,loamy,8.02,0
39.15,33.42,59.93,0,initial,loamy,0,0
46.53,19.83,69.49,2.34,late,sandy,5.33,0
83.66,34.53,62.59,0,late,sandy,0,0
65.56,25.32,47.97,4.07,mid_season,clay,14.73,0
37.6,23.18,46.38,0,late,loamy,0,1
68.08,30.87,51.32,3.17,development,sandy,7.24,0
62.33,23.49,62.66,3.18,late,clay,12.96,0
55.71,31.83,38.69,2.68,mid_season,sandy,19.68,0
73.36,23.63,55.01,6.35,mid_season,loamy,19.04,0
78.24,20.91,49.73,6.87,development,loamy,8.52,0
40.15,29.64,57.57,3.53,mid_season,loamy,9.0,0
52.04,20.56,75.14,6.07,development,loamy,6.92,0
19.93,20.04,65.51,4.57,initial,sandy,6.37,0
65.4,33.02,60.52,2.92,late,loamy,6.44,0
77.06,18.69,80.67,3.9,development,clay,18.42,0
65.56,18.0,43.83,3.79,late,clay,0.35,0
19.43,35.59,61.86,3.86,initial,sandy,6.63,0
76.36,30.59,43.09,5.66,mid_season,clay,14.4,0
27.28,25.25,81.08,0,development,sandy,0,1
59.83,28.63,64.29,3.51,mid_season,loamy,14.69,0
63.43,27.13,80.94,0,initial,clay,0,0
25.59,24.55,55.69,3.91,late,loamy,10.84,0
56.16,35.85,46.92,3.29,mid_season,clay,12.25,0
50.22,31.55,83.25,1.96,development,sandy,1.7,0
62.54,30.29,54.83,5.71,late,clay,13.37,0
65.89,28.7,37.26,3.29,mid_season,clay,22.26,0
40.96,21.66,57.54,6.32,late,loamy,6.98,0
58.43,28.27,67.3,3.17,development,loamy,7.43,0
48.4,18.04,42.7,0,initial,sandy,0,0
32.71,20.32,69.13,4.72,development,loamy,15.21,0
35.89,19.66,68.13,0,initial,clay,0,0
59.24,31.69,37.87,4.85,development,loamy,7.76,0
84.0,24.33,45.47,4.02,mid_season,clay,19.63,0
58.7,30.16,46.09,0,development,clay,0,0
23.68,31.06,43.67,4.09,late,sandy,17.36,0
31.88,34.23,45.49,3.58,development,clay,15.66,0
25.76,18.13,56.2,6.1,initial,clay,0.35,0
56.67,30.21,49.67,5.28,late,clay,12.17,0
34.42,22.46,38.51,4.27,late,clay,9.71,0
70.07,28.13,41.32,3.35,initial,sandy,16.58,0
88.71,20.43,73.31,3.08,mid_season,loamy,4.09,0
29.86,18.97,83.5,3.06,development,sandy,10.76,0
66.82,31.85,59.08,2.79,late,clay,13.71,0
44.02,21.71,80.93,2.37,mid_season,clay,2.01,0
79.97,33.4,76.11,0,initial,clay,0,0
52.36,34.22,80.11,3.99,development,loamy,6.0,0
38.09,28.64,55.98,3.93,development,loamy,10.81,0
55.44,30.51,43.78,0,initial,sandy,0,0
50.16,27.66,35.75,4.66,development,clay,14.95,0
24.62,24.26,46.23,4.06,late,clay,15.42,0
63.97,32.38,78.59,0,initial,sandy,0,0
40.17,34.58,49.51,4.65,late,sandy,11.76,0
65.95,23.52,71.13,0,development,sandy,0,0
45.26,33.84,41.96,4.25,development,sandy,9.94,0
75.84,31.27,65.52,3.48,initial,clay,7.39,0
36.69,29.38,84.06,0,development,loamy,0,1
58.83,29.57,53.02,4.3,development,loamy,7.15,0
78.84,29.85,82.21,2.46,late,sandy,8.9,0
68.57,30.24,46.2,4.05,development,clay,2.35,0
55.41,31.69,59.19,3.73,mid_season,loamy,7.87,0
47.6,34.25,71.15,4.4,mid_season,sandy,7.95,0
45.02,33.75,43.51,4.87,initial,clay,0.23,0
55.41,25.1,42.72,0,late,clay,0,0
90.33,28.02,81.18,4.65,initial,sandy,5.34,0
79.95,30.31,41.9,3.95,initial,loamy,11.01,0
66.39,32.26,63.36,3.4,mid_season,loamy,9.37,0
65.25,32.41,61.64,3.35,initial,loamy,4.3,0
76.74,25.8,66.41,2.83,development,sandy,1.12,0
48.18,28.49,74.6,4.46,mid_season,clay,9.14,0
58.29,29.32,42.28,3.43,initial,sandy,0.15,0
55.21,19.74,64.59,2.11,initial,sandy,16.42,0
58.06,19.15,36.73,4.61,initial,loamy,5.85,0
51.58,30.6,45.55,4.29,mid_season,loamy,16.33,0
55.78,29.79,41.52,2.16,late,loamy,0.57,0
92.61,32.16,60.02,1.77,development,clay,8.78,0
44.46,28.94,69.26,3.93,development,loamy,0.48,0
50.69,25.66,77.55,5.14,development,loamy,15.61,0
73.81,26.23,56.79,3.08,initial,loamy,7.26,0
36.54,34.51,79.33,0,late,sandy,0,1
45.78,22.33,75.64,2.59,mid_season,loamy,19.8,0
95,19.04,43.51,3.81,late,clay,15.24,0
54.32,18.14,58.96,4.45,initial,clay,7.05,0
59.65,34.93,84.73,4.43,development,sandy,13.15,0
47.11,21.41,35.98,4.89,development,loamy,3.87,0
54.5,21.36,66.09,3.43,late,clay,8.65,0
35.78,28.13,70.0,6.25,mid_season,sandy,16.23,0
30.95,18.07,73.8,2.79,mid_season,loamy,6.07,0
72.83,23.04,48.16,0,mid_season,loamy,0,0
52.83,34.38,66.11,3.08,late,sandy,6.18,0
37.19,32.72,73.51,1.54,development,clay,7.78,0
37.74,24.24,68.85,2.72,development,sandy,10.5,0
58.96,33.25,67.5,5.05,late,clay,8.3,0
82.17,33.68,49.9,4.29,late,sandy,0.88,0
62.87,24.34,81.84,4.37,mid_season,clay,25.12,0
67.18,21.03,48.41,0,initial,clay,0,0
95,31.39,49.79,0,initial,clay,0,0
60.3,25.77,70.75,4.28,mid_season,loamy,9.03,0
46.89,33.62,60.13,5.09,late,clay,14.16,0
60.45,24.49,55.92,0,development,clay,0,0
48.04,31.18,62.07,0,mid_season,sandy,0,1
40.13,19.17,73.41,0,initial,clay,0,0
24.37,25.99,50.68,4.86,mid_season,clay,13.77,0
84.73,23.99,56.44,4.76,mid_season,sandy,9.76,0
39.66,26.03,35.52,4.65,mid_season,sandy,1.63,0
82.17,25.43,64.28,4.43,late,clay,18.57,0
60.59,28.59,54.8,3.82,initial,clay,5.33,0
54.7,31.56,42.3,2.9,mid_season,sandy,18.02,0
69.19,30.64,55.45,3.01,mid_season,sandy,8.82,0
93.87,18.52,71.5,4.49,mid_season,loamy,5.79,0
75.39,31.17,41.29,3.03,initial,clay,1.01,0
53.09,26.77,77.29,5.8,mid_season,clay,16.41,0
47.74,30.61,52.4,4.37,development,clay,9.19,0
70.23,26.75,73.95,5.27,late,clay,15.25,0
27.09,18.99,36.36,0,initial,clay,0,0
75.34,21.31,67.42,0,initial,clay,0,0
60.09,23.0,68.36,0,late,clay,0,0
43.8,28.24,52.39,0,initial,sandy,0,0
82.4,33.56,76.48,6.22,late,loamy,6.4,0
47.25,33.24,83.34,2.82,initial,sandy,2.53,0
56.64,29.12,75.29,5.51,late,clay,3.52,0
71.18,26.42,70.5,3.14,mid_season,sandy,13.26,0
53.91,24.71,67.69,0,initial,loamy,0,0
28.03,31.77,37.64,3.81,development,clay,13.78,0
49.94,33.34,45.78,0,development,loamy,0,1
42.27,26.72,58.75,2.99,mid_season,sandy,16.95,0
52.48,35.03,64.3,4.68,mid_season,sandy,4.47,0
84.78,22.25,42.68,3.81,initial,sandy,6.21,0
95,33.1,69.11,4.31,mid_season,clay,7.9,0
36.38,23.79,54.58,0,initial,clay,0,0
52.1,35.34,55.24,3.51,mid_season,loamy,8.73,0
16.53,29.27,55.99,0,late,loamy,0,1
72.19,21.29,68.31,2.94,development,loamy,3.21,0
67.23,29.86,70.54,4.64,mid_season,clay,8.63,0
72.38,19.27,61.63,1.59,initial,clay,4.47,0
71.51,34.76,82.42,2.63,development,clay,12.38,0
57.7,28.9,84.86,5.71,development,loamy,0.12,0
24.3,31.29,68.93,5.26,mid_season,loamy,4.55,0
60.0,34.83,35.02,0,initial,loamy,0,0
95,34.1,54.42,4.98,late,clay,18.1,0
57.32,24.27,71.14,4.37,development,sandy,7.53,0
58.08,26.05,37.15,3.26,mid_season,sandy,10.83,0
63.37,29.86,41.57,3.77,late,sandy,14.91,0
45.52,35.58,75.43,2.27,initial,sandy,10.87,0
57.01,25.94,72.28,4.74,late,clay,17.11,0
29.97,23.89,61.61,5.36,development,clay,3.11,0
25.39,18.12,55.5,1.46,mid_season,sandy,15.42,0
47.22,29.02,78.07,3.7,development,loamy,0.42,0
49.67,30.9,78.78,4.31,mid_season,sandy,13.23,0
55.33,18.46,83.44,4.8,initial,loamy,11.99,0
74.7,26.19,73.86,5.35,initial,clay,4.68,0
34.53,26.43,48.49,0,development,sandy,0,1
42.74,25.71,56.28,3.12,initial,sandy,6.1,0
21.47,19.86,42.8,3.58,development,loamy,3.84,0
49.37,22.21,43.72,1.62,late,clay,17.06,0
28.89,20.72,59.56,3.35,mid_season,sandy,0.03,0
51.86,19.16,71.62,4.99,mid_season,loamy,20.66,0
82.95,28.92,72.73,3.3,late,clay,19.49,0
44.63,32.4,41.27,3.92,development,sandy,9.77,0
58.61,27.65,56.86,2.65,development,loamy,8.14,0
73.31,23.64,45.92,5.84,initial,clay,6.13,0
48.95,30.89,81.83,5.93,initial,clay,7.57,0
66.28,28.21,63.24,3.86,initial,sandy,2.79,0
69.55,30.39,36.94,5.34,development,loamy,3.31,0
49.56,34.79,41.03,4.83,development,loamy,9.74,0
35.94,24.15,77.08,4.21,initial,loamy,4.58,0
23.64,32.89,35.75,6.43,mid_season,clay,14.69,0
71.25,21.1,49.51,4.07,initial,sandy,5.21,0
50.02,24.3,38.06,0,initial,clay,0,0
30.92,23.43,35.58,3.96,development,sandy,5.65,0
71.39,30.66,66.96,4.92,late,sandy,16.76,0
34.42,18.25,72.6,3.99,initial,sandy,14.6,0
71.01,33.3,58.42,5.68,initial,sandy,5.13,0
62.19,32.75,42.58,4.08,initial,clay,9.96,0
95,19.07,49.74,6.07,initial,sandy,3.84,0
48.58,32.95,48.16,0,initial,loamy,0,0
47.57,29.07,80.12,0,initial,loamy,0,0
45.15,25.4,64.53,0,initial,loamy,0,0
53.38,33.44,36.02,2.78,late,sandy,17.05,0
29.62,35.73,78.82,4.21,late,clay,23.15,0
57.84,30.13,42.61,4.67,initial,clay,0.8,0
34.46,21.12,65.6,0,initial,sandy,0,0
9.35,25.73,47.54,3.45,initial,sandy,23.82,0
52.19,19.44,81.22,3.63,mid_season,sandy,6.06,0
47.18,27.38,56.71,1.82,mid_season,loamy,11.89,0
67.99,20.13,67.9,4.52,late,clay,18.8,0
62.53,26.1,40.26,0,development,sandy,0,0
25.79,29.61,65.53,3.51,development,loamy,5.99,0
51.15,29.91,38.22,4.45,mid_season,loamy,12.93,0
61.65,35.17,61.64,0,late,sandy,0,0
45.18,35.14,72.28,2.33,late,sandy,13.44,0
95,20.8,58.98,1.86,late,sandy,1.65,0
11.86,35.16,39.24,0,initial,loamy,0,0
51.95,27.39,59.95,0,development,loamy,0,1
10.13,26.46,54.15,4.31,initial,sandy,9.47,0
42.74,20.67,66.69,4.69,mid_season,sandy,12.1,0
56.87,33.68,80.99,3.54,mid_season,sandy,8.66,0
46.62,18.85,38.22,0,mid_season,sandy,0,1
8.9,30.58,81.51,4.61,mid_season,loamy,26.75,0
62.42,18.09,70.14,2.28,late,loamy,9.96,0
31.79,23.7,75.73,6.04,late,clay,16.1,0
50.89,29.32,46.0,2.7,late,loamy,11.18,0
63.29,26.9,73.23,4.56,development,loamy,5.08,0
69.91,32.7,78.45,5.61,development,sandy,6.08,0
69.11,25.33,61.25,1.8,initial,loamy,7.0,0
56.76,34.77,69.04,3.18,initial,clay,17.41,0
47.01,34.46,51.36,2.95,initial,loamy,2.15,0
76.93,23.65,77.51,2.88,initial,sandy,7.27,0
71.48,29.75,78.03,0,development,sandy,0,0
60.49,19.6,46.74,0,late,sandy,0,0
91.31,31.43,43.89,4.85,late,clay,12.86,0
72.55,23.67,84.95,3.25,mid_season,clay,24.17,0
53.15,32.02,58.32,4.98,mid_season,loamy,21.32,0
83.96,26.48,44.02,0,mid_season,loamy,0,0
75.77,21.94,61.34,0,mid_season,clay,0,0
37.57,33.65,39.87,3.82,development,sandy,18.79,0
61.91,29.7,67.89,3.28,development,clay,1.77,0
74.25,21.48,79.96,4.85,initial,clay,2.6,0
54.75,35.83,55.63,3.89,late,loamy,14.18,0
95,20.98,73.84,1.78,development,clay,6.32,0
19.89,34.08,37.49,0,initial,clay,0,0
42.96,32.93,50.6,4.77,late,loamy,13.09,0
64.65,33.71,44.06,3.57,late,sandy,18.71,0
36.28,26.13,41.79,0,initial,clay,0,0
25.75,22.47,65.96,5.86,development,clay,2.8,0
88.33,34.5,78.85,0,late,sandy,0,0
71.57,34.11,80.07,0,mid_season,sandy,0,0
67.57,23.17,48.18,3.3,mid_season,clay,18.42,0
57.04,21.23,47.77,3.07,development,clay,11.87,0
64.56,19.78,73.05,4.79,mid_season,clay,10.29,0
39.04,24.18,43.16,4.79,late,loamy,9.84,0
41.6,25.94,82.75,0,late,sandy,0,1
18.49,28.95,41.83,0,initial,clay,0,0
56.72,35.38,84.79,4.63,mid_season,loamy,14.44,0
55.97,31.4,80.46,2.7,late,clay,21.06,0
66.56,19.23,64.39,3.21,initial,sandy,4.85,0
52.01,33.57,49.39,4.72,late,clay,12.0,0
29.14,33.71,67.19,2.75,development,sandy,9.36,0
48.79,26.0,43.11,5.53,development,clay,0.89,0
22.48,26.25,79.51,0.48,late,clay,13.51,0
59.05,24.69,79.96,4.69,mid_season,loamy,9.49,0
48.14,25.7,48.14,3.59,development,sandy,7.82,0
55.61,26.57,65.06,5.67,initial,loamy,14.7,0
65.78,32.51,52.97,4.35,late,loamy,14.88,0
70.73,21.27,38.03,0,mid_season,sandy,0,0
77.35,30.56,36.99,2.76,late,loamy,13.25,0
74.11,34.73,58.92,6.84,development,clay,11.32,0
53.43,27.44,68.98,0,mid_season,clay,0,0
56.32,23.27,71.68,4.92,initial,clay,9.78,0
48.16,27.24,47.29,4.17,mid_season,sandy,7.27,0
78.37,29.28,39.87,4.5,mid_season,sandy,16.75,0
45.55,23.67,53.51,4.48,late,loamy,9.3,0
34.46,32.51,56.14,0,development,sandy,0,1
86.1,24.54,69.45,3.81,initial,sandy,1.75,0
58.49,21.49,73.45,2.3,mid_season,sandy,14.68,0
39.74,30.58,83.18,3.67,development,clay,13.81,0
78.4,25.31,62.13,1.74,development,sandy,8.11,0
44.92,21.11,40.98,3.81,late,sandy,2.89,0
57.4,18.26,77.34,6.26,development,loamy,10.82,0
64.39,18.16,50.48,3.28,development,clay,25.53,0
52.15,29.69,79.64,5.37,mid_season,sandy,10.08,0
25.51,26.07,78.19,2.16,development,sandy,6.42,0
37.72,18.14,74.37,0,initial,sandy,0,0
52.56,35.74,62.01,3.63,mid_season,sandy,8.8,0
36.95,19.38,69.7,3.34,development,loamy,3.62,0
80.87,27.69,55.05,3.62,late,loamy,7.46,0
75.22,20.41,58.01,2.94,late,clay,2.98,0
58.31,29.03,53.87,0.91,development,loamy,2.63,0
5,20.4,83.29,4.52,initial,sandy,8.02,0
57.64,32.99,78.09,3.84,initial,loamy,10.22,0
46.81,20.12,84.37,3.87,mid_season,clay,13.31,0
78.32,22.75,37.66,0,late,loamy,0,0
40.58,29.56,39.03,4.21,mid_season,sandy,5.7,0
62.1,29.09,82.13,3.42,mid_season,sandy,14.83,0
64.57,32.31,70.18,4.76,initial,sandy,4.09,0
29.34,34.91,59.59,3.43,initial,clay,0.82,0
46.03,33.87,38.47,4.56,initial,clay,12.22,0
39.57,30.04,40.94,4.37,initial,clay,8.26,0
83.32,35.09,58.83,3.26,late,clay,13.55,0
41.98,18.23,65.2,0,development,loamy,0,1
68.77,28.93,84.33,0,development,clay,0,0
36.31,28.67,57.67,4.81,mid_season,sandy,11.24,0
76.09,25.21,39.14,0,late,sandy,0,0
41.51,18.23,43.99,2.56,mid_season,sandy,15.93,0
49.46,25.15,54.32,4.01,late,sandy,13.35,0
43.68,31.14,43.09,4.64,late,loamy,8.68,0
46.71,32.09,75.71,4.27,mid_season,clay,9.17,0
44.03,22.9,64.37,2.29,initial,clay,18.03,0
60.87,31.18,40.04,2.93,mid_season,sandy,7.74,0
60.85,21.57,36.14,4.48,late,sandy,11.9,0
35.52,24.84,84.28,3.71,development,sandy,18.24,0
65.12,29.38,66.71,0,initial,sandy,0,0
9.82,35.6,82.36,0,mid_season,clay,0,1
59.58,34.58,75.03,0.17,development,loamy,6.65,0
41.56,35.1,35.98,0,initial,loamy,0,0
56.21,22.24,60.65,5.6,mid_season,clay,20.13,0
36.9,28.77,81.71,2.17,development,loamy,11.12,0
47.69,28.62,37.46,2.68,mid_season,sandy,6.24,0
30.38,32.28,56.52,4.87,development,sandy,1.59,0
44.86,23.43,78.07,4.6,late,clay,6.98,0
56.79,25.46,79.69,3.7,late,loamy,7.55,0
73.76,34.43,78.77,6.19,development,clay,8.22,0
41.67,27.95,41.75,3.71,late,sandy,10.2,0
46.03,18.74,61.53,2.05,mid_season,clay,15.85,0
50.91,32.75,39.66,4.83,initial,loamy,0.08,0
66.45,30.0,57.62,3.74,mid_season,clay,19.89,0
94.74,19.9,58.56,5.07,development,loamy,7.61,0
35.86,22.87,71.4,2.34,development,sandy,2.46,0
51.68,35.48,45.75,4.16,initial,sandy,7.77,0
58.24,32.07,63.04,3.38,initial,clay,9.61,0
21.14,33.73,65.09,6.13,mid_season,sandy,17.17,0
41.23,30.41,55.66,3.73,late,sandy,11.87,0
53.05,26.05,36.79,3.04,mid_season,loamy,14.1,0
43.56,19.24,61.94,3.14,late,sandy,12.7,0
46.77,19.47,76.98,3.27,mid_season,loamy,8.33,0
53.04,26.66,42.66,2.59,initial,loamy,6.83,0
30.06,24.32,78.72,3.3,initial,sandy,3.81,0
53.66,24.14,68.78,3.67,late,sandy,9.67,0
30.49,25.44,72.43,3.43,initial,clay,0.43,0
5.04,18.32,81.07,0,development,loamy,0,1
50.84,34.04,37.1,4.47,late,sandy,8.28,0
65.65,22.08,77.1,2.89,mid_season,sandy,11.07,0
48.28,20.44,48.34,3.73,late,clay,13.06,0
62.28,33.75,52.73,4.32,initial,loamy,1.51,0
34.37,27.83,47.91,3.9,mid_season,loamy,9.5,0
40.26,33.34,80.18,4.57,development,loamy,13.6,0
90.16,19.56,53.59,3.36,mid_season,clay,10.95,0
50.89,25.32,55.68,1.95,initial,sandy,3.54,0
59.19,22.31,45.52,2.93,mid_season,sandy,12.26,0
50.05,23.75,44.59,0,development,sandy,0,1
67.54,26.86,58.79,0,development,clay,0,0
53.43,34.72,72.87,2.01,development,loamy,13.86,0
92.37,25.07,65.19,2.55,late,loamy,1.37,0
28.1,25.1,79.25,3.85,late,clay,10.65,0
74.22,22.59,77.25,5.25,development,loamy,3.5,0
61.23,33.18,66.86,4.31,late,clay,9.26,0
75.76,33.32,51.02,2.7,mid_season,sandy,19.72,0
58.7,24.71,49.25,3.56,late,clay,6.69,0
43.98,18.98,77.36,4.31,mid_season,clay,9.89,0
68.21,26.25,35.04,0,initial,sandy,0,0
74.82,22.68,68.82,4.24,late,clay,24.57,0
60.0,24.12,52.95,4.42,initial,clay,10.18,0
73.3,18.44,50.07,4.76,late,loamy,13.58,0
67.33,34.33,48.67,4.67,initial,loamy,5.19,0
62.52,23.93,43.66,2.89,initial,loamy,5.08,0
35.64,25.13,72.49,1.85,late,sandy,1.58,0
69.76,27.2,52.33,1.77,development,clay,20.76,0
55.18,19.82,68.37,0,development,clay,0,0
45.23,20.67,37.59,4.15,late,loamy,12.75,0
63.43,33.39,57.65,3.39,mid_season,clay,7.58,0
95,35.84,37.15,3.92,initial,loamy,1.55,0
77.38,25.63,83.92,3.82,development,loamy,10.34,0
59.2,24.61,62.69,5.39,late,sandy,8.09,0
41.86,35.28,79.64,3.19,late,sandy,13.99,0
53.18,21.61,84.9,3.45,late,loamy,15.05,0
48.48,24.47,82.52,5.7,late,loamy,20.12,0
35.16,23.06,64.59,4.68,development,loamy,5.94,0
34.25,29.11,49.06,6.2,initial,clay,3.55,0
66.95,23.61,46.15,3.33,development,sandy,11.63,0
45.16,30.28,42.21,4.98,development,sandy,5.2,0
35.87,32.99,47.65,3.25,late,clay,7.44,0
31.8,30.52,51.92,3.74,development,loamy,2.72,0
41.86,18.07,69.28,3.21,development,clay,2.78,0
55.87,20.3,36.24,5.12,late,clay,15.12,0
39.52,26.65,77.95,3.35,mid_season,clay,9.43,0
43.21,23.52,57.4,0,development,sandy,0,1
39.22,27.06,62.49,3.2,late,clay,26.71,0
42.81,25.1,54.88,3.15,development,loamy,6.41,0
69.04,34.77,47.88,3.19,late,loamy,0.85,0
52.16,27.79,67.22,0.95,initial,loamy,2.65,0
56.86,18.61,76.55,4.97,late,loamy,6.69,0
40.31,18.28,56.23,4.77,mid_season,sandy,7.5,0
60.98,22.35,50.94,3.6,late,clay,12.71,0
57.91,33.15,71.64,0,initial,clay,0,0
92.51,19.81,75.04,0,late,loamy,0,0
76.57,31.46,44.04,3.69,mid_season,clay,13.44,0
52.87,31.69,56.68,4.05,mid_season,loamy,14.66,0
39.07,33.16,63.95,3.61,late,loamy,14.54,0
65.85,35.83,43.76,1.27,initial,loamy,1.23,0
77.12,32.23,43.65,0,mid_season,sandy,0,0
46.11,31.4,58.02,4.14,mid_season,clay,19.34,0
39.44,22.55,82.77,4.06,development,sandy,2.61,0
46.55,35.24,80.08,4.04,initial,loamy,2.32,0
73.53,31.5,38.8,2.35,initial,clay,18.56,0
62.8,27.19,79.62,3.38,late,clay,16.94,0
28.85,27.39,40.45,0,mid_season,loamy,0,1
86.72,29.41,73.59,4.89,development,clay,7.07,0
57.59,26.99,41.03,0,initial,clay,0,0
64.71,33.75,47.02,2.94,development,sandy,10.5,0
35.48,30.97,76.82,4.49,initial,clay,7.39,0
20.79,26.13,79.56,4.34,late,sandy,11.04,0
35.69,30.58,46.66,3.77,initial,clay,16.44,0
27.22,24.62,72.96,4.09,late,clay,0.35,0
61.05,27.6,52.8,2.57,late,loamy,12.34,0
29.71,31.64,41.76,4.3,development,sandy,12.5,0
75.82,23.25,75.23,3.55,initial,loamy,4.31,0
44.11,23.79,78.02,0,initial,sandy,0,0
64.68,22.34,74.18,3.42,initial,loamy,13.87,0
72.12,28.54,81.0,1.75,initial,clay,3.64,0
44.39,25.76,40.13,2.84,initial,clay,8.34,0
30.98,28.69,81.91,3.64,late,clay,18.3,0
14.26,31.5,41.7,4.97,development,sandy,14.11,0
72.28,34.13,53.27,5.34,mid_season,loamy,18.06,0
95,21.9,44.25,4.71,late,loamy,25.1,0
60.46,23.41,79.35,1.89,mid_season,loamy,10.42,0
87.08,32.24,57.44,0,initial,sandy,0,0
59.33,34.39,75.26,4.37,development,sandy,7.27,0
80.36,30.37,66.9,3.2,mid_season,loamy,20.69,0
73.74,31.39,57.52,3.78,late,sandy,4.89,0
42.34,25.45,36.94,2.75,development,clay,9.35,0
41.94,31.12,80.1,5.08,mid_season,sandy,12.52,0
61.6,26.24,49.37,3.66,development,sandy,22.75,0
60.39,30.47,60.25,3.97,initial,clay,7.12,0
61.58,27.48,49.62,3.33,mid_season,loamy,19.33,0
14.77,27.89,70.06,5.31,initial,clay,5.06,0
71.17,24.7,76.58,5.07,mid_season,loamy,15.99,0
57.56,20.4,47.72,3.68,late,clay,9.47,0
51.29,23.97,68.43,4.42,mid_season,loamy,10.48,0
42.05,29.66,72.11,3.48,late,loamy,7.0,0
59.16,32.93,44.29,4.77,development,loamy,12.22,0
83.73,21.85,66.08,4.4,initial,loamy,10.76,0
80.25,21.6,45.39,0,initial,sandy,0,0
48.01,29.64,57.62,0,initial,clay,0,0
14.46,22.08,75.1,2.51,development,sandy,19.26,0
74.54,32.47,70.67,0,initial,loamy,0,0
61.61,30.93,83.02,4.36,late,loamy,16.7,0
78.35,33.49,41.59,3.49,mid_season,loamy,6.54,0
84.18,26.87,44.23,3.49,initial,clay,2.78,0
49.65,23.81,56.27,2.75,mid_season,clay,3.09,0
67.75,32.97,66.54,6.86,initial,clay,3.67,0
50.92,28.1,69.27,0,initial,sandy,0,0
52.51,32.88,58.82,0,initial,clay,0,0
35.99,21.21,69.13,2.56,initial,clay,6.49,0
44.72,25.21,71.79,5.81,development,sandy,12.36,0
46.06,22.16,67.62,3.58,initial,loamy,11.75,0
67.58,26.77,79.35,5.19,initial,sandy,4.89,0
67.85,26.73,67.31,5.53,late,loamy,9.15,0
35.96,28.82,35.9,2.59,initial,clay,3.77,0
56.04,28.71,58.07,0,development,loamy,0,0
57.31,18.2,64.5,2.61,development,loamy,10.39,0
64.68,25.84,69.21,0,initial,clay,0,0
16.44,28.43,50.14,0,initial,sandy,0,0
73.0,20.95,43.93,4.33,initial,loamy,17.4,0
44.8,25.16,78.75,4.25,development,clay,5.42,0
31.86,34.45,69.5,4.96,development,clay,9.23,0
15.08,27.77,60.5,0,initial,sandy,0,0
56.73,29.6,82.46,4.19,development,clay,18.96,0
59.63,25.75,40.46,3.49,late,clay,7.42,0
59.36,19.27,75.4,2.52,initial,sandy,2.79,0
36.36,22.66,39.22,3.32,mid_season,loamy,24.46,0
25.22,30.7,43.65,4.27,initial,clay,8.24,0
48.83,25.89,61.37,0,development,sandy,0,1
25.68,29.87,59.25,5.94,mid_season,loamy,3.54,0
24.06,19.24,65.31,2.81,initial,sandy,9.14,0
48.86,25.17,72.63,4.08,development,clay,7.16,0
61.38,31.13,56.0,2.62,initial,loamy,7.93,0
62.53,24.68,45.5,3.72,development,clay,0.6,0
54.82,22.89,84.82,5.36,mid_season,loamy,17.95,0
22.47,26.1,56.5,2.01,development,clay,12.71,0
60.72,30.71,55.88,3.34,initial,loamy,2.33,0
79.52,27.88,65.64,4.62,late,sandy,2.98,0
65.36,29.68,70.07,2.57,late,sandy,10.73,0
36.17,19.08,58.1,3.6,mid_season,loamy,12.82,0
40.84,29.58,41.77,0,initial,clay,0,0
35.24,24.85,56.22,5.33,mid_season,clay,4.69,0
37.53,23.83,70.59,5.34,initial,loamy,0.41,0
37.23,26.43,54.32,4.05,late,clay,11.24,0
26.41,22.71,59.0,4.0,development,clay,4.63,0
49.23,31.64,58.74,5.17,development,clay,9.56,0
30.93,26.25,59.79,0,development,loamy,0,1
69.55,27.87,39.84,3.3,initial,clay,15.52,0
35.28,20.62,52.81,0,late,loamy,0,1
61.18,23.12,54.92,4.09,late,clay,7.28,0
42.43,26.0,61.69,4.59,late,clay,7.12,0
90.47,18.92,76.14,0,development,loamy,0,0
56.69,29.11,64.91,0,development,loamy,0,0
56.72,22.13,65.19,4.36,late,sandy,15.29,0
42.98,23.21,36.91,5.1,late,loamy,4.57,0
29.19,33.14,59.26,0,initial,clay,0,0
50.03,20.93,62.88,0,initial,sandy,0,0
67.25,33.39,35.08,4.41,late,clay,10.03,0
53.72,23.38,42.28,5.4,mid_season,loamy,22.94,0
49.6,26.46,48.11,0,mid_season,clay,0,0
43.82,29.46,63.95,3.75,development,clay,6.35,0
30.86,34.43,51.87,4.22,late,sandy,5.79,0
5,35.1,40.49,4.99,initial,clay,6.89,0
63.98,19.88,68.54,2.83,initial,loamy,3.31,0
64.74,30.99,55.66,2.77,late,sandy,5.19,0
64.43,30.1,63.78,4.12,mid_season,loamy,11.17,0
65.47,23.38,35.11,6.43,mid_season,clay,8.09,0
51.92,22.17,53.67,2.86,initial,clay,1.22,0
35.4,35.48,63.32,4.48,mid_season,clay,16.63,0
88.43,18.3,43.64,5.35,development,loamy,11.82,0
27.01,28.73,57.32,5.02,mid_season,loamy,3.51,0
40.59,24.93,72.69,0,initial,loamy,0,0
34.93,26.7,35.98,3.66,mid_season,sandy,2.09,0
78.3,30.26,72.28,5.16,mid_season,sandy,3.56,0
23.15,28.82,47.07,3.83,development,loamy,8.74,0
48.46,30.57,39.04,3.27,mid_season,clay,8.04,0
53.58,29.21,37.28,1.53,late,clay,10.78,0
23.65,19.97,76.37,3.9,mid_season,sandy,0.3,0
64.99,32.08,38.15,5.81,initial,loamy,9.14,0
60.35,20.08,36.33,4.66,mid_season,sandy,9.76,0
39.26,33.11,44.89,5.3,initial,loamy,6.44,0
64.23,20.5,67.32,3.27,initial,clay,5.2,0
50.74,25.63,51.25,0,mid_season,sandy,0,1
70.4,23.63,63.34,5.11,late,clay,4.65,0
66.01,23.8,35.7,2.47,late,clay,2.66,0
74.19,30.8,66.67,3.73,development,clay,6.23,0
65.17,27.17,44.7,4.64,late,clay,0.22,0
63.19,31.54,44.69,4.78,mid_season,clay,14.22,0
30.77,28.13,83.84,2.16,mid_season,sandy,14.48,0
45.31,32.23,68.09,4.5,late,clay,11.53,0
70.57,31.05,40.88,4.28,development,loamy,2.37,0
73.49,26.59,55.41,2.51,late,loamy,17.66,0
17.4,28.99,72.08,3.21,development,clay,6.63,0
46.32,29.1,48.15,2.2,initial,clay,9.37,0
38.08,27.5,81.24,1.69,mid_season,loamy,7.71,0
72.2,29.8,42.96,0,mid_season,sandy,0,0
48.4,33.33,61.1,1.92,initial,sandy,4.46,0
64.39,25.38,35.62,5.9,development,clay,6.47,0
39.92,26.83,67.44,3.49,late,sandy,18.3,0
40.77,20.78,79.78,3.54,initial,clay,7.05,0
68.55,29.65,41.27,3.78,initial,loamy,2.24,0
19.24,18.67,82.64,4.31,development,clay,16.25,0
42.92,19.01,62.25,4.82,initial,clay,11.17,0
70.47,22.77,77.89,4.09,initial,clay,7.19,0
67.01,31.96,44.4,3.75,mid_season,loamy,7.02,0
83.8,23.52,40.13,4.9,late,clay,12.63,0
61.94,22.28,35.46,5.46,development,loamy,0.33,0
66.48,24.26,70.15,0,late,loamy,0,0
46.07,26.86,37.56,3.94,initial,sandy,6.38,0
49.25,23.85,54.87,0,initial,loamy,0,0
46.5,20.49,66.69,3.13,mid_season,sandy,5.3,0
50.21,26.03,47.87,2.31,mid_season,clay,7.22,0
56.1,23.91,41.99,0,development,sandy,0,1
57.27,35.63,37.14,4.92,initial,sandy,0.63,0
43.35,31.24,54.65,4.62,development,clay,0.31,0
42.6,19.8,49.84,4.27,initial,sandy,9.0,0
24.91,23.87,53.47,2.97,development,sandy,13.89,0
67.71,20.74,57.2,4.24,mid_season,clay,24.71,0
60.64,26.93,38.76,5.19,development,loamy,4.19,0
26.47,34.55,50.68,2.89,development,clay,18.99,0
48.32,19.34,79.58,4.17,late,clay,13.61,0
40.22,27.93,56.69,4.79,initial,loamy,12.08,0
39.03,22.83,53.24,4.73,development,loamy,17.14,0
31.08,23.92,70.72,4.69,late,sandy,4.17,0
65.43,28.06,47.22,4.31,mid_season,sandy,13.7,0
35.84,29.46,66.12,4.78,initial,sandy,4.54,0
82.65,30.04,42.1,5.35,late,clay,15.99,0
95,22.89,80.83,3.38,mid_season,loamy,16.65,0
73.52,29.65,76.44,3.13,mid_season,sandy,8.31,0
25.8,23.1,73.36,4.03,mid_season,clay,13.17,0
61.75,25.78,42.48,4.49,development,loamy,6.29,0
40.03,20.73,69.9,3.88,development,clay,5.45,0
68.52,30.86,82.74,5.8,mid_season,loamy,10.07,0
57.53,31.81,59.92,3.65,initial,sandy,6.16,0
48.82,18.78,81.15,0,development,sandy,0,1
62.19,19.59,84.17,5.38,development,clay,10.77,0
72.0,32.78,57.34,0,mid_season,sandy,0,0
40.38,27.59,83.68,5.68,mid_season,clay,9.64,0
31.56,19.64,77.98,0,mid_season,loamy,0,1
24.74,28.34,68.69,3.38,initial,clay,8.5,0
38.91,21.43,84.92,0,initial,clay,0,0
66.79,24.07,64.05,2.57,initial,sandy,8.66,0
23.02,23.48,46.93,6.2,development,clay,12.44,0
53.65,29.46,76.0,1.53,late,clay,13.72,0
49.67,27.13,57.03,4.58,initial,loamy,5.74,0
54.87,32.54,52.97,3.47,late,clay,10.43,0
41.49,22.43,68.64,0,development,sandy,0,1
60.84,19.26,47.93,2.83,initial,loamy,6.9,0
69.18,25.9,84.63,3.93,initial,sandy,8.01,0
45.16,23.63,62.56,4.84,mid_season,sandy,7.62,0
75.42,30.2,45.9,5.33,mid_season,clay,17.67,0
25.93,30.71,67.81,3.08,initial,loamy,3.05,0
39.48,27.6,49.42,3.46,mid_season,sandy,7.31,0
52.14,31.61,61.43,1.8,initial,sandy,4.68,0
66.37,22.2,40.93,5.91,late,loamy,11.65,0
70.11,25.93,77.19,0,late,loamy,0,0
40.41,34.6,62.95,4.36,mid_season,clay,9.64,0
70.58,30.93,35.83,4.99,mid_season,clay,3.43,0
35.65,18.29,80.42,2.16,mid_season,clay,4.67,0
60.26,28.11,57.88,3.69,mid_season,clay,12.89,0
64.48,28.69,69.35,0,mid_season,sandy,0,0
83.28,28.13,79.92,4.44,mid_season,loamy,5.21,0
77.0,34.62,45.26,2.86,initial,clay,11.86,0
81.32,32.12,72.44,4.66,initial,loamy,5.44,0
72.45,21.51,51.27,3.93,initial,loamy,8.81,0
43.09,30.14,49.2,2.23,late,clay,13.4,0
60.62,26.13,64.51,3.96,development,clay,9.74,0
49.8,21.55,78.24,4.64,initial,clay,11.25,0
40.69,20.62,36.95,4.6,development,sandy,10.22,0
82.24,35.03,56.02,3.86,late,loamy,7.66,0
65.72,35.96,39.26,4.45,mid_season,loamy,9.65,0
69.52,26.93,41.63,3.48,mid_season,loamy,3.97,0
25.22,25.16,48.31,5.02,development,sandy,6.7,0
91.13,26.75,45.27,3.16,initial,sandy,5.36,0
55.21,23.06,37.34,0,initial,loamy,0,0
26.81,35.61,77.38,4.13,development,sandy,8.3,0
60.93,22.05,47.73,3.91,mid_season,loamy,11.22,0
51.1,29.7,68.58,3.19,mid_season,clay,15.98,0
28.98,19.23,70.51,0,mid_season,loamy,0,1
59.57,32.81,70.11,4.32,late,clay,9.62,0
61.84,26.89,83.82,2.17,initial,clay,4.63,0
65.26,28.83,63.55,3.91,development,sandy,6.96,0
69.52,19.08,37.47,4.35,development,loamy,12.03,0
75.99,23.4,42.45,5.32,mid_season,loamy,12.4,0
44.37,21.7,49.09,2.42,mid_season,clay,13.09,0
57.22,18.29,82.38,3.97,mid_season,clay,14.42,0
51.99,18.87,73.24,3.17,late,sandy,26.29,0
54.64,28.62,72.8,3.54,development,clay,4.6,0
38.6,20.22,55.61,5.09,late,loamy,19.35,0
42.48,33.9,46.27,5.3,development,loamy,2.93,0
80.41,30.52,48.56,0,late,clay,0,0
36.67,34.65,42.9,4.06,late,loamy,8.85,0
28.77,26.33,73.19,5.43,initial,loamy,1.14,0
53.91,34.8,70.04,4.21,development,clay,14.35,0
23.93,31.1,43.54,5.76,initial,clay,0.96,0
64.88,32.47,81.09,5.65,development,loamy,0.25,0
44.66,24.29,37.46,2.22,initial,clay,13.22,0
49.06,20.22,47.43,5.75,late,loamy,11.28,0
45.93,32.56,76.74,3.37,initial,loamy,14.54,0
22.76,33.24,58.17,5.88,development,sandy,17.0,0
50.65,30.37,77.77,4.66,mid_season,clay,10.17,0
17.65,27.04,66.64,5.37,mid_season,clay,20.34,0
74.62,22.91,45.67,0,mid_season,clay,0,0
45.35,35.74,64.61,0,development,loamy,0,1
56.14,27.65,42.39,2.65,initial,sandy,14.13,0
59.48,20.93,52.77,3.47,initial,loamy,1.28,0
38.85,23.94,61.32,2.18,development,sandy,5.11,0
45.64,28.86,84.68,4.46,development,loamy,19.85,0
44.93,19.47,37.17,5.66,initial,sandy,2.3,0
55.79,26.1,64.68,0,late,loamy,0,0
44.52,18.93,51.06,3.22,mid_season,clay,12.69,0
39.68,20.79,64.87,4.29,mid_season,sandy,1.12,0
95,26.81,37.34,3.68,initial,clay,5.51,0
66.8,19.51,67.67,3.6,development,loamy,7.06,0
64.58,35.05,41.02,4.38,development,sandy,17.18,0
36.5,27.61,47.41,3.75,late,loamy,9.17,0
67.04,34.73,77.58,4.35,initial,loamy,12.64,0
43.38,24.81,72.98,5.83,mid_season,sandy,15.35,0
50.98,35.36,48.98,4.9,mid_season,loamy,7.63,0
77.76,21.16,68.45,5.06,development,sandy,2.82,0
76.15,27.74,83.12,3.16,mid_season,sandy,4.14,0
68.8,27.4,80.9,0,development,sandy,0,0
65.24,18.99,63.34,3.23,mid_season,sandy,20.03,0
73.29,25.58,77.22,4.64,development,loamy,11.33,0
53.04,29.06,43.11,4.42,mid_season,loamy,12.46,0
58.65,27.51,65.69,5.62,late,loamy,11.44,0
48.0,26.7,58.4,2.55,mid_season,sandy,14.35,0
57.51,21.6,45.74,3.7,development,loamy,1.53,0
69.66,27.96,47.67,3.29,initial,clay,6.65,0
39.42,21.36,54.5,3.9,late,clay,3.37,0
20.0,33.42,60.58,0,initial,clay,0,0
76.29,22.08,52.1,3.58,development,loamy,7.64,0
67.22,18.59,83.05,5.6,late,loamy,5.02,0
51.3,26.18,45.25,0,late,clay,0,0
64.06,34.03,54.63,2.87,late,loamy,15.08,0
28.42,25.96,69.77,3.93,development,loamy,12.87,0
29.89,31.49,56.43,4.34,mid_season,sandy,7.08,0
68.5,19.75,50.84,4.07,mid_season,sandy,4.57,0
49.38,25.9,37.37,3.22,development,loamy,13.86,0
42.17,31.03,43.26,3.76,initial,sandy,13.84,0
58.95,27.37,53.37,0,development,sandy,0,1
48.59,34.25,50.52,2.98,late,loamy,12.62,0
40.7,26.89,80.67,2.16,late,clay,9.35,0
48.35,28.81,66.12,3.12,late,sandy,2.88,0
46.82,22.37,65.98,2.94,mid_season,clay,6.1,0
52.32,20.4,73.69,0,development,loamy,0,0
16.63,22.97,70.82,3.39,initial,sandy,3.25,0
48.5,25.23,76.48,5.56,mid_season,clay,12.4,0
42.05,35.35,71.39,5.11,mid_season,clay,17.0,0
45.76,28.56,64.78,4.36,initial,clay,2.05,0
54.68,22.94,83.62,4.5,late,sandy,8.46,0
41.35,27.04,57.34,5.13,late,clay,11.19,0
39.46,20.83,50.69,2.1,mid_season,loamy,18.08,0
70.45,21.0,38.55,0,development,loamy,0,0
85.84,30.92,79.5,0,initial,sandy,0,0
84.54,22.44,50.51,4.21,development,clay,22.11,0
77.93,31.26,38.51,3.46,late,sandy,13.21,0
42.85,27.73,46.21,3.19,development,clay,9.21,0
37.64,29.52,54.59,0,late,clay,0,1
75.02,19.55,84.29,3.81,development,clay,13.22,0
80.0,31.49,69.16,4.24,initial,clay,10.79,0
36.22,23.53,50.52,0,initial,sandy,0,0
91.12,26.49,82.05,4.48,development,sandy,14.28,0
93.17,23.94,65.18,4.83,development,sandy,6.78,0
51.33,33.49,38.88,5.44,development,sandy,7.2,0
27.47,18.5,78.67,0,initial,sandy,0,0
95,21.45,83.72,0,initial,loamy,0,0
54.81,22.8,83.19,3.97,mid_season,clay,4.5,0
68.56,31.84,54.07,5.02,development,sandy,0.63,0
53.22,29.03,41.97,2.19,initial,loamy,13.63,0
82.74,27.34,65.29,6.26,late,sandy,14.61,0
69.0,24.78,42.64,3.57,initial,sandy,6.37,0
75.34,24.85,71.81,4.42,mid_season,loamy,8.71,0
22.47,23.18,71.62,6.31,late,sandy,9.62,0
13.35,22.37,75.16,3.7,late,loamy,15.19,0
77.03,18.35,69.98,4.83,development,clay,11.24,0
59.07,18.13,43.36,2.81,initial,clay,3.72,0
55.01,19.26,83.16,0,mid_season,clay,0,0
60.9,31.37,73.41,5.75,mid_season,sandy,13.79,0
65.02,21.24,60.72,5.2,late,clay,24.09,0
61.16,27.05,51.97,2.3,initial,sandy,2.69,0
64.65,18.4,63.71,3.85,late,sandy,15.52,0
74.5,28.02,80.56,4.55,initial,sandy,11.73,0
23.53,29.38,78.57,6.25,development,sandy,8.31,0
42.9,31.5,81.39,0,development,clay,0,1
48.43,20.21,57.5,5.95,initial,clay,4.52,0
85.11,22.76,67.8,4.19,development,sandy,6.89,0
64.76,29.68,57.66,3.47,mid_season,loamy,13.82,0
41.15,28.73,64.99,3.68,late,clay,9.44,0
47.93,23.88,53.43,2.18,mid_season,clay,8.29,0
36.37,21.78,45.32,4.11,development,clay,2.32,0
49.04,29.85,51.2,5.78,late,clay,12.68,0
44.93,20.08,38.34,3.05,development,loamy,8.55,0
34.05,20.5,63.77,0,initial,loamy,0,0
29.92,31.18,54.7,3.63,initial,sandy,9.15,0
58.68,18.44,53.66,5.61,mid_season,sandy,14.22,0
64.91,25.76,60.73,4.58,late,sandy,8.48,0
53.81,27.85,37.4,3.14,development,sandy,17.92,0
66.44,23.87,63.73,4.43,late,clay,16.05,0
95,26.56,62.39,5.04,late,sandy,15.54,0
62.94,20.27,39.75,4.39,development,loamy,5.68,0
54.81,25.32,44.01,3.62,late,loamy,19.83,0
79.35,22.44,59.13,4.51,mid_season,loamy,11.39,0
42.98,23.42,41.83,4.87,development,loamy,14.1,0
54.75,20.07,46.14,3.7,development,sandy,9.4,0
70.77,31.78,61.33,6.33,development,clay,2.5,0
68.9,28.16,38.24,2.93,development,sandy,14.44,0
75.45,30.76,44.35,3.52,mid_season,clay,16.11,0
54.77,23.16,36.68,4.4,late,clay,7.62,0
50.05,31.01,59.35,5.16,development,clay,5.8,0
66.77,21.09,76.96,3.79,development,clay,8.66,0
69.06,23.77,50.38,3.73,development,loamy,19.79,0
49.76,19.14,80.14,0,mid_season,clay,0,0
85.62,29.54,73.31,0,development,clay,0,0
83.58,30.46,67.24,3.49,initial,sandy,6.66,0
57.3,22.92,39.83,3.04,mid_season,clay,8.59,0
39.97,35.7,82.75,4.18,development,sandy,1.49,0
44.74,34.64,59.08,2.53,late,sandy,6.12,0
75.03,30.9,75.85,2.8,development,clay,17.39,0
61.54,32.97,40.32,0,development,loamy,0,0
5,22.73,82.57,4.38,initial,sandy,5.15,0
81.87,26.33,52.53,0,development,sandy,0,0
73.15,29.75,49.76,4.49,late,clay,5.72,0
61.89,22.62,59.76,4.18,initial,sandy,9.78,0
33.39,33.17,35.18,0,initial,clay,0,0
67.95,34.85,83.88,3.11,late,clay,1.55,0
48.6,32.01,59.28,4.84,development,sandy,5.69,0
22.21,26.38,45.88,0,development,loamy,0,1
40.95,20.24,53.41,2.8,mid_season,clay,3.71,0
66.23,32.49,76.28,3.59,development,sandy,7.68,0
85.36,32.98,75.19,2.24,late,sandy,13.36,0
14.49,21.91,75.14,2.53,mid_season,loamy,17.08,0
35.55,33.81,55.02,2.76,late,clay,24.01,0
61.75,31.73,81.13,0,late,clay,0,0
28.35,21.47,79.92,0,initial,clay,0,0
66.91,23.7,74.06,4.32,mid_season,clay,18.51,0
49.13,19.48,35.62,4.11,initial,sandy,1.92,0
82.96,25.94,76.78,4.12,development,loamy,4.38,0
73.03,21.98,56.64,2.9,mid_season,sandy,32.92,0
49.25,20.08,76.02,4.27,development,sandy,0.68,0
61.97,33.19,39.48,3.61,initial,loamy,2.58,0
56.72,34.09,69.79,4.95,late,clay,7.28,0
81.57,30.07,72.95,0,initial,sandy,0,0
33.54,30.85,56.3,5.78,late,clay,4.28,0
69.3,35.33,42.68,1.39,mid_season,sandy,6.79,0
62.14,35.45,78.39,4.83,development,sandy,8.53,0
20.09,34.0,71.79,0,development,loamy,0,1
49.35,33.96,47.14,5.5,late,sandy,8.61,0
51.03,34.29,74.89,2.54,late,clay,0.06,0
63.09,33.78,43.17,2.35,late,sandy,8.72,0
38.56,31.04,42.42,5.32,initial,sandy,8.23,0
42.62,21.48,38.06,0,initial,clay,0,0
47.01,19.88,42.55,0,initial,sandy,0,0
54.25,29.42,40.47,0,initial,sandy,0,0
44.82,24.09,57.62,4.56,mid_season,clay,18.26,0
35.97,35.56,70.33,4.4,mid_season,sandy,6.64,0
90.76,35.6,80.55,4.23,late,clay,7.89,0
79.12,22.61,44.59,3.59,initial,sandy,2.21,0
25.51,19.07,76.96,6.2,mid_season,loamy,8.41,0
40.52,20.02,77.51,0,late,sandy,0,1
38.88,21.17,40.76,1.85,mid_season,loamy,9.52,0
76.15,31.57,47.55,3.53,late,loamy,19.19,0
51.54,34.16,66.94,4.47,mid_season,sandy,13.12,0
82.87,19.6,40.67,3.86,mid_season,sandy,3.54,0
72.01,18.3,41.63,0,initial,sandy,0,0
56.2,18.1,52.71,2.13,initial,sandy,6.39,0
89.63,24.05,81.45,4.74,late,loamy,13.06,0
16.55,25.54,58.25,0,development,sandy,0,1
68.87,19.18,36.55,3.75,development,sandy,9.36,0
31.64,18.14,66.14,4.85,late,loamy,11.66,0
71.46,31.86,61.14,1.81,mid_season,loamy,17.06,0
71.2,24.04,81.95,4.66,development,loamy,1.43,0
49.97,28.07,49.6,1.65,development,loamy,12.25,0
85.14,24.83,67.01,3.29,mid_season,loamy,22.29,0
46.93,25.0,80.58,5.17,late,sandy,15.57,0
42.42,33.29,59.75,2.2,late,clay,15.2,0
65.21,33.54,67.98,0,late,loamy,0,0
84.66,35.22,36.56,3.72,late,clay,13.17,0
75.91,26.5,79.73,3.09,initial,clay,0.26,0
26.67,20.68,81.71,0,initial,loamy,0,0
44.54,23.27,61.92,2.68,development,clay,5.29,0
84.47,30.6,69.34,2.53,development,loamy,1.15,0
77.7,18.97,35.38,3.09,development,clay,15.22,0
56.65,28.04,81.9,3.93,initial,loamy,2.33,0
41.11,33.5,70.84,3.28,mid_season,sandy,3.52,0
64.45,22.6,52.42,3.28,initial,clay,2.35,0
74.62,35.05,38.54,4.12,mid_season,sandy,4.9,0
73.84,32.25,36.88,2.48,late,clay,10.59,0
30.96,18.8,48.45,4.49,initial,sandy,11.51,0
15.3,25.93,44.34,3.96,late,loamy,6.79,0
59.33,24.64,63.18,2.37,late,sandy,4.83,0
68.05,26.2,55.79,4.04,initial,sandy,3.87,0
63.78,34.26,46.77,3.6,late,clay,9.14,0
60.47,18.22,79.72,5.15,late,clay,10.01,0
69.85,26.78,39.85,3.61,development,sandy,2.26,0
65.25,31.36,49.9,0,initial,sandy,0,0
51.88,33.64,48.13,2.91,mid_season,clay,16.29,0
51.76,26.29,59.11,3.84,late,sandy,4.93,0
28.62,35.67,62.51,3.98,initial,sandy,10.83,0
71.87,32.86,50.07,2.77,development,loamy,13.39,0
48.81,22.15,79.78,6.4,initial,loamy,5.75,0
41.44,25.48,69.05,3.44,late,clay,16.05,0
58.19,29.58,38.77,3.5,late,clay,9.2,0
62.37,25.84,68.93,4.84,development,sandy,8.03,0
63.87,34.96,37.08,5.3,initial,sandy,6.74,0
60.34,34.47,42.96,2.94,mid_season,sandy,14.41,0
74.98,23.69,83.94,0,initial,sandy,0,0
36.25,19.95,39.86,4.43,mid_season,loamy,10.76,0
42.91,31.44,35.86,3.02,late,loamy,6.71,0
79.97,34.02,65.28,3.79,initial,loamy,0.32,0
34.68,34.21,61.68,4.1,initial,clay,7.37,0
62.26,22.3,35.49,0,late,sandy,0,0
62.95,22.72,64.2,3.94,mid_season,loamy,16.5,0
54.12,30.78,47.66,2.23,mid_season,loamy,20.26,0
11.48,25.78,45.39,1.94,mid_season,loamy,7.61,0
53.21,30.18,35.54,5.3,late,loamy,18.27,0
28.6,21.42,43.74,0,development,clay,0,1
66.66,35.21,41.93,3.35,late,loamy,26.58,0
33.24,20.35,46.73,0,mid_season,clay,0,1
23.67,31.21,80.72,3.01,initial,loamy,4.94,0
63.29,20.12,39.55,3.69,mid_season,clay,13.91,0
38.61,18.34,56.64,3.85,initial,clay,8.37,0
24.38,29.4,44.38,0,initial,clay,0,0
30.64,28.26,70.14,5.33,mid_season,sandy,2.95,0
59.03,26.46,46.47,4.43,mid_season,sandy,4.63,0
86.37,30.25,56.52,5.29,late,clay,11.11,0
74.76,27.94,37.13,3.54,mid_season,sandy,6.68,0
44.38,33.7,47.65,5.48,mid_season,clay,10.91,0
58.28,26.98,53.4,4.49,mid_season,clay,19.96,0
74.6,35.51,41.51,4.85,development,clay,7.33,0
67.29,31.76,63.67,2.53,mid_season,sandy,7.59,0
87.57,27.78,42.03,2.45,mid_season,sandy,5.03,0
81.3,28.48,41.25,3.55,initial,clay,0.46,0
59.53,34.7,72.93,0,development,sandy,0,1
59.83,34.07,58.82,2.03,mid_season,clay,20.18,0
34.4,30.13,74.15,5.31,late,loamy,8.06,0
83.45,30.64,66.79,3.49,initial,sandy,9.45,0
44.47,20.03,49.69,3.81,late,clay,4.01,0
33.3,24.16,79.94,0,initial,sandy,0,0
73.66,31.71,49.95,5.54,initial,clay,3.57,0
41.65,34.27,43.25,5.63,development,loamy,18.09,0
65.97,24.96,66.51,2.15,development,sandy,7.16,0
95,25.53,55.81,3.75,late,loamy,16.08,0
43.73,35.98,40.45,4.13,late,sandy,12.38,0
30.37,29.11,36.41,4.88,development,sandy,13.01,0
44.74,22.73,53.05,0,mid_season,loamy,0,1
59.03,30.84,80.86,5.32,development,clay,0.43,0
32.36,18.96,58.55,4.11,late,loamy,5.31,0
56.17,27.08,38.95,4.16,mid_season,sandy,12.86,0
37.31,27.75,54.85,5.1,mid_season,loamy,18.33,0
41.75,22.66,60.53,4.62,development,sandy,10.17,0
73.94,28.73,60.6,4.52,late,sandy,4.58,0
35.09,25.43,83.1,4.18,mid_season,loamy,1.97,0
66.53,34.35,68.47,5.91,late,clay,10.55,0
66.37,22.05,81.85,6.74,mid_season,sandy,8.87,0
58.34,22.6,50.29,3.85,initial,sandy,2.55,0
38.13,20.43,68.22,3.63,development,clay,18.3,0
62.89,26.76,45.39,3.93,initial,sandy,2.86,0
77.81,32.32,76.58,0,initial,clay,0,0
35.63,18.95,66.9,0,development,loamy,0,1
62.92,34.42,41.4,4.88,development,sandy,1.31,0
47.36,29.94,52.48,0,initial,clay,0,0
71.61,26.18,46.12,0,initial,sandy,0,0
70.88,34.81,35.59,3.58,late,clay,20.78,0
54.48,20.65,77.3,2.5,initial,loamy,9.3,0
81.05,29.81,55.88,4.14,initial,sandy,12.94,0
42.64,18.19,72.77,3.79,late,clay,3.5,0
15.14,22.5,61.35,4.37,late,sandy,11.13,0
49.72,23.27,62.19,3.53,development,loamy,13.95,0
48.92,18.85,84.0,5.07,development,clay,14.1,0
59.12,23.67,57.54,2.68,mid_season,sandy,5.36,0
64.69,22.19,59.12,3.59,late,loamy,13.98,0
63.26,31.44,53.0,1.76,mid_season,sandy,3.76,0
73.76,26.82,61.0,4.35,late,loamy,11.76,0
64.03,27.37,52.04,4.8,mid_season,sandy,3.18,0
95,27.2,37.49,3.44,development,sandy,5.56,0
54.19,34.41,54.56,5.19,development,sandy,3.54,0
50.67,18.4,65.14,1.94,development,sandy,5.9,0
65.09,27.83,67.62,5.32,development,clay,20.78,0
43.48,19.8,66.36,3.5,initial,loamy,1.57,0
45.59,32.59,35.89,5.41,late,clay,10.74,0
56.6,30.67,45.31,5.08,late,sandy,12.53,0
34.46,19.38,83.14,6.65,initial,sandy,1.74,0
72.34,20.63,74.65,3.54,development,sandy,1.05,0
60.39,26.18,82.51,2.67,development,clay,1.37,0
72.82,32.53,35.99,0,initial,loamy,0,0
85.55,21.04,49.88,3.3,mid_season,clay,8.59,0
31.97,22.8,41.86,1.97,late,loamy,11.41,0
92.62,35.98,49.6,4.81,late,clay,7.84,0
58.95,25.63,58.94,0,initial,loamy,0,0
69.09,18.6,69.36,2.74,development,sandy,9.92,0
66.22,33.36,35.16,4.63,late,loamy,3.58,0
26.81,24.15,76.7,2.77,initial,loamy,10.44,0
41.97,33.48,83.83,2.18,development,loamy,10.97,0
84.16,24.55,66.62,3.9,late,clay,5.99,0
62.18,27.28,78.53,3.97,mid_season,loamy,22.99,0
90.59,25.54,50.85,5.5,late,loamy,18.93,0
50.41,25.98,77.02,3.91,mid_season,clay,3.31,0
46.6,32.75,47.97,3.12,initial,loamy,5.68,0
40.9,34.8,81.92,0,initial,loamy,0,0
53.34,26.12,53.87,2.54,development,clay,25.83,0
56.45,29.21,57.88,4.22,development,clay,17.99,0
46.47,25.4,42.98,3.07,mid_season,clay,9.93,0
31.45,27.03,44.14,1.71,mid_season,sandy,4.71,0
64.85,25.29,54.52,3.82,late,clay,18.36,0
48.58,20.83,52.38,4.18,development,clay,4.48,0
56.14,20.06,50.5,5.06,late,sandy,5.41,0
21.76,35.27,83.97,4.92,late,sandy,7.05,0
83.49,26.97,35.34,4.29,mid_season,sandy,4.95,0
57.47,23.95,78.99,0,initial,sandy,0,0
82.43,30.7,71.75,2.16,initial,loamy,11.8,0
69.92,35.0,64.96,3.59,late,sandy,7.89,0
61.8,30.48,74.22,5.43,development,sandy,3.45,0
58.11,32.6,54.93,0,initial,loamy,0,0
59.54,18.71,63.59,3.75,initial,clay,12.89,0
49.71,30.55,81.53,3.57,late,sandy,8.1,0
73.35,34.62,50.59,3.54,mid_season,sandy,11.17,0
42.29,23.87,73.52,4.91,mid_season,sandy,12.25,0
66.58,35.12,67.98,5.07,late,clay,13.6,0
33.49,24.27,70.76,3.94,development,loamy,10.22,0
19.54,29.22,61.37,5.31,late,sandy,6.51,0
58.15,26.69,61.58,4.56,mid_season,sandy,15.86,0
67.47,25.0,46.16,5.87,initial,loamy,3.81,0
91.41,28.78,59.38,3.99,mid_season,sandy,3.23,0
65.75,23.91,43.13,3.88,late,clay,9.34,0
37.58,22.5,42.75,4.14,mid_season,loamy,18.46,0
31.58,24.22,82.32,3.57,initial,loamy,2.37,0
45.42,21.72,72.91,3.33,mid_season,sandy,7.03,0
79.45,33.74,49.95,5.53,late,loamy,14.29,0
48.66,25.1,83.73,4.21,mid_season,sandy,2.72,0
44.88,20.78,43.14,3.4,late,clay,16.08,0
72.67,35.49,80.18,4.89,development,clay,3.11,0
82.81,32.25,71.54,2.87,mid_season,clay,24.71,0
60.32,22.6,42.03,0,development,clay,0,0
58.78,30.26,50.51,3.27,initial,sandy,5.99,0
60.75,20.95,57.95,2.64,development,sandy,15.68,0
74.38,18.29,72.52,1.22,development,loamy,1.0,0
66.29,32.64,39.68,0,late,loamy,0,0
32.93,18.98,72.39,5.89,development,loamy,19.63,0
50.92,18.59,60.13,3.54,mid_season,clay,7.22,0
70.93,33.23,78.18,4.07,initial,sandy,6.09,0
39.14,30.62,51.56,4.14,mid_season,clay,13.02,0
76.93,34.24,49.75,3.46,initial,sandy,4.3,0
63.73,21.24,43.75,4.63,mid_season,sandy,4.69,0
95,31.75,54.23,3.56,initial,sandy,7.21,0
61.1,29.7,43.3,2.32,mid_season,loamy,12.46,0
75.08,27.07,80.34,0,initial,loamy,0,0
82.75,20.76,80.84,4.23,late,loamy,8.21,0
55.72,29.17,41.6,2.41,mid_season,clay,19.27,0
48.73,34.33,80.08,4.6,initial,clay,0.58,0
75.72,24.46,39.16,4.15,late,clay,4.28,0
86.85,29.15,49.39,4.29,initial,clay,11.62,0
82.91,28.97,59.23,2.58,development,loamy,8.67,0
76.11,24.57,76.91,4.34,initial,loamy,8.64,0
68.44,25.41,38.72,3.67,mid_season,sandy,13.94,0
54.57,26.1,48.87,3.27,mid_season,loamy,14.32,0
56.65,20.82,58.18,2.93,late,clay,25.82,0
66.26,25.67,35.43,2.47,late,loamy,10.27,0
42.66,33.1,75.47,3.89,mid_season,sandy,17.08,0
69.52,26.72,78.26,7.48,late,clay,1.07,0
20.11,33.2,64.8,0,initial,loamy,0,0
50.26,31.19,72.73,2.68,late,sandy,11.5,0
52.0,33.21,78.37,3.76,late,sandy,12.55,0
75.47,34.4,68.48,1.25,mid_season,clay,7.17,0
57.27,29.46,68.92,3.92,late,sandy,1.7,0
49.11,27.21,81.32,3.83,mid_season,loamy,20.68,0
53.13,31.38,39.87,0,initial,loamy,0,0
66.41,29.29,62.12,2.88,late,sandy,6.0,0
54.65,22.31,77.25,2.57,late,loamy,2.2,0
54.34,35.33,39.35,3.33,mid_season,sandy,10.67,0
25.97,27.67,78.8,4.73,mid_season,sandy,9.79,0
49.82,33.77,60.72,4.11,mid_season,loamy,11.27,0
58.39,28.18,75.32,2.9,development,loamy,12.65,0
61.35,20.62,38.79,0,initial,loamy,0,0
43.0,32.43,62.5,4.66,mid_season,loamy,10.83,0
67.33,19.54,68.54,0,late,clay,0,0
46.42,31.87,72.22,3.23,development,loamy,12.59,0
41.03,28.29,75.86,2.59,initial,clay,13.84,0
64.83,19.27,78.39,3.59,mid_season,clay,8.09,0
73.87,20.74,78.23,4.66,development,clay,0.91,0
48.61,25.04,52.69,2.81,mid_season,loamy,13.81,0
59.37,29.55,81.14,4.29,late,clay,12.89,0
55.64,23.63,63.65,5.27,late,clay,9.64,0
82.24,30.21,70.97,4.6,mid_season,loamy,5.78,0
59.87,34.76,75.52,3.79,late,sandy,4.65,0
52.27,24.32,72.19,4.67,mid_season,clay,12.34,0
42.72,23.69,79.23,5.68,initial,sandy,15.14,0
63.4,35.05,66.37,4.15,initial,loamy,1.32,0
82.57,30.35,37.51,3.47,development,clay,3.95,0
33.41,21.23,70.54,3.64,development,loamy,12.37,0
69.26,24.42,46.17,0,initial,loamy,0,0
29.42,21.13,42.78,3.53,late,clay,16.62,0
74.4,21.97,78.44,4.23,late,clay,6.8,0
31.54,20.16,69.98,4.06,late,sandy,16.36,0
74.74,29.16,79.45,4.19,initial,clay,8.3,0
44.85,23.79,52.36,6.23,initial,clay,1.24,0
90.01,26.85,71.61,3.9,mid_season,clay,14.07,0
80.78,23.72,45.45,0,initial,clay,0,0
57.51,25.29,50.82,4.28,development,sandy,8.88,0
60.07,21.37,52.91,0,development,sandy,0,0
67.09,20.0,44.54,0,late,clay,0,0
53.77,25.45,56.29,3.06,mid_season,clay,18.86,0
95,25.0,37.43,3.12,late,loamy,0.18,0
68.44,18.68,55.18,3.81,mid_season,loamy,7.54,0
61.65,20.34,35.88,5.33,initial,clay,17.27,0
50.76,21.82,39.04,4.74,mid_season,clay,27.5,0
31.69,26.03,58.01,5.53,mid_season,loamy,3.76,0
58.29,26.05,53.41,3.68,initial,loamy,7.82,0
68.54,18.3,40.62,5.98,mid_season,clay,20.89,0
74.7,32.07,43.61,2.38,mid_season,clay,18.61,0
77.94,21.56,82.39,6.14,development,loamy,14.7,0
19.71,21.07,37.0,4.23,development,clay,17.55,0
42.78,31.05,47.37,3.6,late,loamy,9.57,0
32.66,31.42,72.52,0,development,clay,0,1
40.46,30.65,66.98,5.23,late,sandy,4.8,0
74.41,27.46,38.73,5.46,development,clay,0.03,0
71.34,24.92,63.84,0,late,sandy,0,0
38.5,34.58,47.33,4.23,late,clay,1.5,0
58.17,19.01,46.3,6.74,late,loamy,14.02,0
77.2,19.92,56.51,3.4,late,clay,15.73,0
75.96,24.68,64.56,5.51,late,loamy,5.45,0
62.65,30.66,55.01,0,development,sandy,0,0
43.15,30.21,38.69,0,late,clay,0,1
62.04,31.93,78.87,4.75,late,clay,3.67,0
55.58,22.85,68.67,2.73,late,loamy,9.72,0
74.55,23.38,77.27,5.39,mid_season,sandy,8.89,0
37.17,33.76,45.06,0,initial,sandy,0,0
40.23,28.27,72.54,4.51,late,sandy,4.94,0
90.31,18.71,73.12,1.62,development,loamy,19.73,0
67.0,20.14,68.36,4.44,development,clay,9.99,0
59.82,23.48,41.68,3.78,initial,clay,1.86,0
49.95,27.27,76.82,0,mid_season,loamy,0,1
58.31,26.17,58.87,5.66,development,clay,9.32,0
46.06,20.29,73.13,4.71,late,loamy,13.69,0
31.77,23.83,82.73,5.8,initial,loamy,11.6,0
55.77,20.37,59.24,2.6,development,loamy,19.31,0
68.14,24.79,68.14,4.91,initial,sandy,8.55,0
38.94,24.48,58.03,4.81,development,clay,4.08,0
47.7,24.35,64.65,3.34,development,loamy,11.21,0
25.53,35.13,42.32,3.76,initial,sandy,19.71,0
62.81,33.26,52.6,3.25,late,sandy,10.9,0
53.62,21.26,64.76,0,development,clay,0,0
49.75,30.58,47.69,6.23,development,sandy,5.11,0
56.05,27.65,36.23,0,late,sandy,0,1
54.73,35.44,61.23,2.75,development,clay,3.62,0
76.31,26.16,68.54,2.96,development,clay,6.71,0
54.4,24.33,56.3,3.0,late,clay,18.56,0
58.43,22.91,84.83,3.31,mid_season,clay,9.35,0
34.23,18.04,52.84,4.71,late,clay,2.45,0
42.29,34.43,37.89,4.05,initial,clay,6.44,0
83.72,30.23,69.77,0,initial,clay,0,0
75.21,32.82,64.0,4.74,development,clay,18.84,0
45.76,27.25,52.15,5.31,mid_season,sandy,18.81,0
40.43,23.69,79.36,3.04,mid_season,loamy,20.15,0
78.67,24.47,45.26,2.78,mid_season,loamy,10.78,0
57.41,25.36,62.44,5.46,late,loamy,7.16,0
69.87,20.09,58.05,1.89,initial,sandy,15.48,0
69.79,25.91,71.79,6.13,development,sandy,11.09,0
41.02,18.19,80.79,4.68,initial,loamy,8.63,0
66.94,31.2,71.37,0,development,sandy,0,0
58.47,21.48,58.57,4.0,initial,sandy,6.02,0
77.68,29.14,64.62,6.89,mid_season,loamy,20.96,0
75.53,34.18,39.27,2.23,late,sandy,24.78,0
60.88,21.13,67.22,4.03,mid_season,loamy,16.27,0
58.13,23.29,66.87,4.82,development,sandy,14.91,0
23.83,35.97,79.04,0,late,sandy,0,1
60.1,22.01,77.9,5.82,late,sandy,0.42,0
56.57,25.1,65.67,3.6,development,sandy,4.11,0
63.84,25.02,38.87,4.19,development,sandy,7.62,0
30.27,19.5,48.11,5.67,mid_season,clay,13.12,0
43.59,23.79,37.35,4.01,development,clay,7.67,0
38.75,21.94,43.91,0,initial,sandy,0,0
40.76,35.75,68.5,3.39,late,loamy,3.54,0
60.69,27.11,52.53,4.59,initial,clay,1.45,0
73.07,33.95,39.93,5.24,mid_season,clay,5.41,0
82.65,31.01,39.27,5.76,late,sandy,14.32,0
69.59,35.67,75.53,5.0,initial,loamy,3.94,0
71.68,35.47,76.62,5.9,mid_season,clay,10.77,0
63.23,27.51,35.2,3.18,mid_season,loamy,5.07,0
44.48,33.41,71.82,5.92,development,loamy,10.82,0
72.98,27.99,57.89,3.44,mid_season,clay,8.43,0
53.03,34.95,35.39,3.66,late,loamy,9.55,0
36.25,34.24,50.24,3.19,late,sandy,13.9,0
64.28,27.44,40.53,3.56,mid_season,clay,11.48,0
49.25,31.48,53.87,0,late,sandy,0,1
45.04,18.69,40.28,5.52,late,sandy,7.51,0
61.31,33.43,64.64,5.24,initial,loamy,6.58,0
42.73,25.19,46.86,4.54,development,loamy,18.64,0
8.94,21.89,76.4,2.77,initial,sandy,9.96,0
33.39,22.46,46.79,2.85,mid_season,loamy,15.66,0
40.7,21.13,46.84,6.35,development,loamy,7.37,0
82.84,32.57,81.68,3.57,initial,sandy,3.5,0
76.92,30.46,77.9,2.98,late,clay,15.8,0
45.01,27.56,56.28,3.28,mid_season,clay,15.6,0
50.4,29.47,54.09,3.17,mid_season,loamy,9.38,0
53.18,27.29,67.46,4.6,late,loamy,19.54,0
36.14,20.89,74.47,0,development,sandy,0,1
45.31,30.75,51.85,4.5,initial,sandy,4.33,0
58.44,30.63,59.0,0,development,clay,0,0
53.35,21.71,52.48,3.71,mid_season,clay,15.36,0
52.63,30.36,79.7,4.51,late,loamy,3.12,0
69.49,25.24,68.74,3.06,development,loamy,8.08,0
32.81,22.26,52.21,0,late,loamy,0,1
88.62,22.33,53.78,4.03,late,sandy,4.27,0
30.8,32.86,59.52,0,late,sandy,0,1
59.96,22.07,46.57,3.45,development,clay,16.01,0
74.71,31.25,38.07,1.16,late,clay,12.97,0
56.33,32.92,81.49,4.29,initial,clay,4.87,0
66.8,22.32,62.61,4.24,mid_season,clay,6.95,0
36.08,18.01,72.25,5.23,initial,clay,2.97,0
46.56,23.92,38.98,0,late,sandy,0,1
77.92,32.9,63.68,0,late,clay,0,0
70.4,30.08,68.04,4.77,late,sandy,14.73,0
86.84,18.3,51.67,2.04,late,clay,2.36,0
50.28,23.46,83.62,1.15,development,clay,6.33,0
49.83,32.38,42.8,3.32,mid_season,sandy,4.48,0
49.08,23.7,41.9,3.66,late,loamy,15.36,0
70.51,19.91,63.66,3.01,mid_season,loamy,7.04,0
28.65,21.87,76.06,4.15,late,loamy,6.86,0
53.61,23.82,58.92,3.53,late,clay,18.4,0
39.53,20.12,48.02,3.94,late,clay,20.03,0
41.47,21.08,66.39,2.79,late,sandy,12.6,0
53.93,18.99,56.83,3.98,mid_season,sandy,8.56,0
52.69,31.4,41.59,5.45,late,clay,9.54,0
64.62,28.22,56.2,4.7,late,clay,7.54,0
56.8,34.81,44.2,0,development,sandy,0,1
51.09,19.13,72.17,4.36,initial,loamy,2.97,0
69.94,34.6,62.62,5.03,mid_season,sandy,10.75,0
24.41,27.62,67.91,5.07,initial,clay,9.11,0
27.66,18.12,65.5,4.54,late,loamy,11.08,0
25.71,21.27,55.97,4.99,initial,loamy,5.61,0
48.42,23.27,79.8,3.93,development,sandy,2.8,0
30.75,27.69,76.25,2.88,mid_season,clay,14.23,0
63.61,24.21,61.41,3.63,development,sandy,3.95,0
15.41,20.42,35.6,2.17,late,clay,7.21,0
95,35.35,46.81,4.02,late,loamy,17.72,0
60.85,30.92,39.83,0,initial,loamy,0,0
55.62,34.72,68.33,6.16,mid_season,clay,9.81,0
48.74,20.24,70.93,5.54,initial,loamy,2.96,0
64.51,21.55,60.66,3.24,late,sandy,7.86,0
80.1,35.72,48.84,5.19,late,loamy,11.28,0
54.32,23.6,79.98,4.04,mid_season,sandy,4.83,0
44.36,18.67,78.13,3.2,mid_season,sandy,8.73,0
25.51,29.71,68.68,1.79,initial,clay,3.4,0
55.38,23.25,58.1,4.49,development,loamy,6.42,0
52.14,22.69,81.64,3.07,development,clay,10.47,0
52.86,34.27,35.13,4.36,development,sandy,15.77,0
81.44,21.71,50.25,4.19,late,clay,27.24,0
24.22,23.74,84.4,5.84,initial,clay,0.32,0
54.11,28.8,71.26,4.91,mid_season,loamy,0.36,0
71.13,28.2,71.07,3.39,initial,loamy,16.28,0
38.55,32.92,46.27,4.08,mid_season,sandy,4.01,0
29.08,35.41,41.61,0,late,sandy,0,1
35.23,20.08,80.42,3.05,late,sandy,10.1,0
55.61,32.61,37.61,6.15,late,loamy,14.29,0
56.56,21.19,79.9,4.58,development,loamy,14.17,0
38.72,26.49,43.31,2.92,initial,clay,26.71,0
95,24.9,61.73,0,initial,sandy,0,0
76.3,20.93,56.27,3.46,mid_season,loamy,22.65,0
73.48,25.69,35.0,3.44,mid_season,clay,10.84,0
61.91,31.59,67.32,3.84,late,sandy,11.05,0
34.28,19.04,47.38,2.55,late,loamy,5.92,0
28.16,33.37,46.73,6.27,development,clay,2.74,0
45.43,29.63,46.69,5.86,development,clay,4.18,0
59.3,22.15,46.75,4.03,late,loamy,11.08,0
50.16,31.33,80.93,2.2,late,clay,11.66,0
72.48,29.49,70.74,2.59,development,clay,4.0,0
51.63,35.67,48.83,4.77,initial,sandy,1.38,0
30.77,19.07,68.52,3.04,mid_season,loamy,1.64,0
72.8,23.89,40.42,2.7,late,loamy,4.81,0
72.06,33.96,37.54,0,initial,sandy,0,0
61.86,22.89,41.73,4.79,late,loamy,6.31,0
68.32,25.72,65.26,2.88,initial,loamy,2.39,0
37.78,22.9,41.69,3.29,development,loamy,12.98,0
60.35,23.71,77.39,4.19,initial,sandy,12.19,0
91.19,29.37,56.53,2.81,late,clay,1.59,0
66.87,22.21,81.06,4.54,initial,loamy,6.71,0
69.43,23.62,46.59,5.1,initial,loamy,4.56,0
95,25.91,76.51,0,initial,sandy,0,0
58.69,35.58,59.09,3.67,development,loamy,16.33,0
76.83,21.87,73.59,4.22,development,loamy,3.34,0
70.85,29.45,61.24,3.49,late,loamy,20.59,0
89.36,34.16,38.87,3.31,initial,clay,11.47,0
70.31,22.49,75.44,4.09,late,sandy,5.56,0
61.97,20.98,54.82,4.49,mid_season,clay,9.04,0
46.62,34.0,63.06,5.04,initial,sandy,4.06,0
61.51,34.1,38.44,5.88,late,sandy,8.53,0
77.77,24.49,53.91,4.75,late,sandy,16.13,0
36.45,32.01,40.66,5.34,development,clay,15.67,0
65.17,19.48,66.11,2.95,development,sandy,15.66,0
47.5,22.86,78.19,2.62,mid_season,loamy,13.94,0
48.79,18.27,82.48,2.78,mid_season,sandy,11.44,0
51.11,31.18,73.01,5.27,development,sandy,2.94,0
63.45,26.68,38.03,2.96,mid_season,loamy,8.41,0
53.08,27.82,42.7,4.03,late,clay,6.46,0
50.62,26.45,52.96,4.82,initial,sandy,2.37,0
72.69,22.42,70.29,5.04,late,clay,14.54,0
51.09,29.29,55.71,2.55,mid_season,clay,9.47,0
44.3,28.06,55.81,4.14,development,loamy,20.64,0
42.73,28.31,71.35,4.36,initial,loamy,10.45,0
49.05,24.7,40.4,4.29,mid_season,sandy,1.22,0
71.82,31.63,68.11,5.01,late,clay,4.55,0
68.45,32.9,38.49,3.05,initial,clay,3.67,0
54.1,23.62,83.6,3.8,development,sandy,5.61,0
40.52,22.21,60.31,3.19,initial,loamy,5.39,0
53.17,22.83,51.62,4.46,mid_season,clay,14.46,0
41.62,33.04,58.59,0,initial,loamy,0,0
58.54,32.18,35.28,3.63,development,clay,13.09,0
15.6,25.78,37.85,4.41,mid_season,sandy,6.43,0
48.48,25.9,74.91,3.79,development,loamy,11.9,0
66.09,29.56,60.04,3.91,mid_season,sandy,3.11,0
45.75,22.48,48.1,3.39,development,loamy,9.35,0
49.32,27.8,63.39,3.59,initial,sandy,10.54,0
45.23,25.64,49.16,2.89,mid_season,loamy,5.42,0
75.66,24.74,43.68,0.92,development,clay,6.49,0
50.91,35.35,45.05,5.5,initial,clay,3.6,0
71.82,19.11,77.08,5.79,initial,sandy,0.29,0
37.98,21.22,47.18,5.02,mid_season,clay,16.61,0
55.19,31.58,56.25,0,initial,sandy,0,0
65.37,35.43,44.6,3.95,initial,loamy,13.84,0
59.97,30.73,81.1,5.53,mid_season,loamy,17.5,0
76.98,32.54,41.39,5.44,mid_season,loamy,13.48,0
61.44,29.83,45.23,3.95,development,loamy,3.07,0
43.73,21.59,41.1,3.28,initial,sandy,6.25,0
57.5,34.82,72.97,0,initial,clay,0,0
50.05,29.38,75.94,1.83,late,clay,7.18,0
45.07,18.4,35.47,4.96,mid_season,sandy,4.84,0
44.53,23.28,52.04,4.13,development,loamy,10.48,0
70.77,23.47,39.43,4.73,development,loamy,3.54,0
59.45,18.1,56.58,3.47,late,sandy,6.8,0
76.37,31.71,55.16,5.94,development,sandy,4.49,0
24.3,28.55,51.85,5.01,late,clay,7.18,0
71.7,29.61,52.01,3.49,initial,clay,18.81,0
70.62,19.22,79.48,3.51,late,clay,12.19,0
44.78,22.75,64.83,0,development,sandy,0,1
14.42,20.07,58.07,2.92,late,clay,12.36,0
47.16,26.65,39.85,4.62,development,sandy,14.95,0
66.82,31.32,39.51,4.21,initial,loamy,1.39,0
65.05,35.25,61.62,3.9,mid_season,clay,18.49,0
49.54,20.63,81.4,0,mid_season,sandy,0,1
28.16,32.16,50.53,0,late,sandy,0,1
87.09,18.01,68.06,2.01,late,loamy,6.44,0
72.18,32.94,44.57,5.65,late,sandy,12.43,0
95,24.68,58.68,3.7,late,loamy,11.49,0
62.54,32.85,83.32,3.13,late,clay,4.25,0
87.98,31.46,59.15,2.96,mid_season,sandy,5.08,0
25.96,33.09,38.22,6.47,late,loamy,8.59,0
30.61,23.14,49.13,5.27,late,clay,2.65,0
46.7,33.42,70.09,4.13,development,sandy,13.16,0
76.17,30.56,46.61,0,mid_season,sandy,0,0
49.46,29.72,68.82,0,development,loamy,0,1
56.31,25.79,52.85,3.1,late,sandy,6.15,0
47.15,33.89,41.02,4.41,late,sandy,10.25,0
13.19,23.04,52.92,2.05,late,loamy,22.34,0
72.45,19.98,73.7,4.74,initial,sandy,5.18,0
32.45,34.23,84.01,0,late,sandy,0,1
48.59,34.88,67.19,3.11,development,clay,6.05,0
65.4,33.07,70.77,0,development,clay,0,0
66.37,19.92,67.32,2.57,initial,sandy,9.93,0
45.94,29.76,52.65,3.9,initial,clay,1.85,0
62.9,20.9,45.01,4.48,initial,sandy,19.63,0
90.67,30.48,58.01,5.12,initial,sandy,1.32,0
63.23,18.03,48.44,0,initial,clay,0,0
29.73,20.57,75.4,4.8,late,clay,8.06,0
64.3,18.35,37.51,5.01,development,sandy,5.35,0
83.67,23.45,41.38,3.18,mid_season,sandy,8.89,0
68.06,35.15,42.82,6.12,development,clay,2.3,0
48.14,35.71,45.61,2.87,mid_season,clay,16.38,0
35.48,32.39,81.68,3.26,mid_season,clay,19.94,0
33.95,23.39,40.11,6.02,development,loamy,6.78,0
52.91,30.15,59.1,0,late,sandy,0,1
43.95,20.04,70.49,0,mid_season,sandy,0,1
58.12,33.41,79.77,4.12,initial,sandy,2.72,0
71.98,27.37,84.78,3.8,late,sandy,12.88,0
63.05,25.04,83.57,3.68,mid_season,sandy,7.81,0
23.58,25.73,49.76,4.55,initial,clay,10.13,0
54.78,26.51,61.6,2.74,late,sandy,13.77,0
53.29,26.37,77.31,3.97,late,sandy,3.81,0
78.37,25.07,45.99,5.64,initial,clay,3.94,0
55.08,30.48,80.65,4.34,late,clay,9.6,0
32.48,32.33,81.52,3.95,late,clay,8.38,0
57.84,22.26,58.98,3.15,initial,sandy,1.15,0
66.27,34.93,59.49,4.61,mid_season,loamy,11.26,0
50.86,28.77,52.98,4.45,initial,loamy,4.27,0
50.73,28.08,83.74,4.45,mid_season,clay,8.77,0
53.53,22.38,81.67,4.64,late,clay,5.82,0
55.12,29.41,75.45,3.29,initial,sandy,6.51,0
90.53,27.88,61.88,0,late,sandy,0,0
95,26.65,54.62,5.19,initial,clay,18.51,0
83.98,18.67,54.41,3.9,mid_season,loamy,12.95,0
51.69,31.98,49.69,5.67,development,clay,14.52,0
70.7,19.26,73.98,2.18,development,clay,5.16,0
62.69,27.26,70.82,4.28,mid_season,clay,29.47,0
85.4,22.33,84.41,0,development,clay,0,0
42.36,20.82,57.1,4.25,late,clay,12.79,0
28.26,29.09,39.78,5.47,mid_season,sandy,7.7,0
35.31,26.03,50.41,5.13,development,sandy,17.06,0
45.13,22.58,41.87,2.81,initial,loamy,24.72,0
61.51,22.69,79.82,0,initial,sandy,0,0
39.3,31.05,62.73,4.92,mid_season,clay,19.89,0
56.09,26.61,77.02,0,late,sandy,0,1
54.31,19.98,83.06,6.25,initial,loamy,9.74,0
65.83,19.8,73.68,4.27,late,clay,9.06,0
67.82,33.61,50.62,4.65,development,clay,4.64,0
71.73,19.39,61.48,4.23,mid_season,loamy,8.54,0
23.5,20.81,51.76,4.08,initial,loamy,13.49,0
25.88,22.92,36.8,4.06,mid_season,sandy,11.38,0
61.19,18.88,35.14,2.31,development,clay,5.49,0
60.7,22.01,53.47,0,initial,loamy,0,0
66.98,23.81,73.27,2.41,mid_season,loamy,17.98,0
75.27,29.97,47.27,3.97,development,sandy,14.55,0
29.4,20.59,79.52,5.32,late,loamy,17.25,0
45.7,33.53,47.46,3.85,development,sandy,12.9,0
41.54,27.68,79.13,2.5,late,clay,10.46,0
37.28,33.5,67.59,5.95,mid_season,sandy,20.36,0
50.0,32.22,37.0,3.65,late,clay,22.53,0
23.19,31.17,74.01,2.62,development,clay,11.93,0
56.03,25.94,72.0,5.25,development,clay,20.11,0
74.41,26.72,49.24,5.82,development,sandy,3.78,0
59.99,30.8,64.04,5.27,mid_season,clay,16.27,0
62.14,34.16,84.19,3.09,late,sandy,8.1,0
64.99,35.09,53.89,2.82,late,sandy,14.86,0
54.33,20.09,37.17,5.03,initial,loamy,2.2,0
83.26,27.89,79.75,2.81,development,clay,9.31,0
95,31.54,80.68,3.55,development,loamy,5.5,0
34.95,18.01,53.8,3.25,late,clay,19.39,0
71.73,20.48,62.19,0,initial,sandy,0,0
85.87,18.0,82.99,2.98,development,sandy,2.73,0
90.04,22.63,56.35,4.01,late,loamy,1.76,0
38.62,34.26,79.29,4.37,late,loamy,11.4,0
45.3,33.01,43.21,0,late,sandy,0,1
45.8,18.42,48.58,4.9,development,clay,5.61,0
60.13,21.38,38.56,5.2,late,clay,9.98,0
55.3,18.74,61.66,4.83,development,loamy,9.53,0
50.75,33.73,35.89,4.39,development,sandy,7.41,0
78.79,26.05,76.5,3.16,initial,sandy,1.56,0
42.18,22.54,52.55,4.2,initial,clay,2.1,0
34.34,25.2,49.01,3.62,late,clay,8.49,0
57.46,30.97,76.68,0,late,sandy,0,1
65.53,34.28,73.22,3.21,development,clay,4.68,0
64.17,19.99,65.53,3.73,development,sandy,3.08,0
66.24,23.05,78.69,1.51,initial,loamy,6.41,0
73.99,31.65,80.39,2.55,late,loamy,6.6,0
79.05,26.95,44.01,3.95,development,sandy,8.31,0
73.08,19.69,45.62,3.48,mid_season,loamy,13.6,0
67.77,32.95,52.02,4.13,mid_season,loamy,5.64,0
48.3,28.8,66.43,4.36,late,sandy,4.98,0
41.44,26.16,82.72,3.74,late,sandy,4.62,0
61.25,31.93,47.58,4.83,mid_season,sandy,13.29,0
68.43,26.88,72.52,6.62,late,clay,13.8,0
39.81,24.19,60.87,4.36,initial,loamy,15.54,0
55.77,28.44,83.35,3.96,development,loamy,14.58,0
56.45,28.83,44.95,3.95,initial,clay,6.43,0
48.1,33.57,77.27,4.16,late,sandy,10.31,0
67.67,18.26,80.23,3.84,initial,clay,2.88,0
45.78,19.17,54.37,4.86,mid_season,loamy,19.59,0
70.54,26.68,40.09,0,initial,loamy,0,0
82.5,22.91,81.98,4.33,mid_season,loamy,9.1,0
55.58,35.48,58.4,0,initial,loamy,0,0
62.97,32.9,48.84,0,late,clay,0,0
49.37,22.73,75.89,6.31,mid_season,clay,10.44,0
81.66,34.09,83.66,3.45,late,clay,9.35,0
30.47,29.66,65.22,2.9,initial,clay,11.01,0
32.75,25.19,53.42,5.17,development,loamy,4.55,0
68.52,18.88,52.39,3.44,mid_season,loamy,4.87,0
59.55,30.28,66.84,4.3,mid_season,loamy,5.35,0
83.26,35.07,82.29,0,development,loamy,0,0
59.16,35.35,81.96,3.36,late,sandy,3.11,0
63.53,27.04,48.31,2.29,initial,clay,0.77,0
39.55,27.41,62.12,6.14,development,clay,16.57,0
55.28,22.49,51.1,1.75,late,loamy,22.02,0
59.34,22.01,83.37,5.57,development,sandy,4.79,0
72.52,27.83,84.7,4.31,mid_season,clay,7.38,0
79.95,27.47,73.93,5.07,development,sandy,7.85,0
64.81,31.88,70.16,4.24,development,loamy,6.55,0
42.17,22.63,63.66,5.2,initial,clay,6.39,0
35.05,34.91,61.94,0,late,sandy,0,1
49.36,30.02,54.12,7.44,late,loamy,5.31,0
43.86,20.99,57.08,5.64,initial,sandy,6.57,0
31.86,24.82,65.25,0,initial,loamy,0,0
55.14,27.92,40.33,3.63,initial,loamy,7.81,0
42.95,22.09,52.45,3.39,development,sandy,7.04,0
35.36,32.8,62.41,0,development,sandy,0,1
38.61,31.06,80.2,4.09,late,sandy,8.5,0
23.88,28.56,68.55,3.73,mid_season,sandy,13.13,0
54.09,26.93,50.68,2.82,late,loamy,9.45,0
43.98,24.42,64.51,3.86,development,clay,13.87,0
42.63,35.96,68.74,4.38,development,loamy,13.05,0
95,21.74,81.65,3.6,development,clay,7.08,0
50.04,18.94,62.82,4.3,initial,clay,6.12,0
67.88,29.93,41.85,5.29,late,loamy,7.57,0
73.67,24.94,43.04,4.77,late,sandy,34.93,0
68.52,32.35,67.18,0,initial,sandy,0,0
69.81,33.05,67.0,3.03,mid_season,sandy,6.47,0
53.39,35.36,69.91,4.62,development,clay,4.85,0
83.07,34.4,69.73,3.65,initial,clay,7.39,0
60.13,35.64,83.86,0,development,sandy,0,0
38.99,29.33,73.55,2.19,mid_season,loamy,8.48,0
69.32,28.34,78.53,3.4,development,clay,10.29,0
31.56,33.9,84.37,5.61,late,clay,12.69,0
40.52,18.12,61.78,4.48,late,clay,2.0,0
57.37,31.04,65.99,2.24,development,loamy,10.36,0
76.69,21.32,79.29,4.6,development,loamy,7.39,0
84.91,34.15,80.99,5.12,late,loamy,12.68,0
63.16,19.04,70.68,4.38,mid_season,sandy,6.9,0
36.29,31.0,74.54,3.17,mid_season,loamy,13.58,0
52.34,28.4,44.1,0,late,sandy,0,1
53.3,31.78,59.93,3.55,late,clay,16.06,0
76.86,21.1,55.31,4.09,initial,loamy,0.05,0
50.17,28.31,63.63,2.65,development,loamy,20.39,0
40.06,26.14,48.18,5.44,initial,clay,4.79,0
38.79,24.9,63.31,0,development,loamy,0,1
47.68,27.0,68.69,0,initial,sandy,0,0
42.77,32.95,41.58,5.37,development,loamy,18.66,0
36.49,32.9,44.13,5.25,mid_season,sandy,10.96,0
37.17,28.91,69.93,0,initial,clay,0,0
50.99,18.86,79.07,0,initial,loamy,0,0
59.55,19.32,66.25,2.76,mid_season,sandy,6.17,0
58.94,21.31,66.71,0,initial,clay,0,0
62.86,30.4,48.03,0,initial,loamy,0,0
51.83,29.43,72.45,4.67,late,clay,5.5,0
58.15,34.4,69.12,5.92,initial,loamy,12.07,0
60.52,32.57,77.34,4.09,initial,clay,7.88,0
33.57,28.55,65.69,4.38,mid_season,loamy,9.26,0
49.32,26.87,73.99,4.37,mid_season,loamy,7.91,0
42.2,30.65,36.2,4.51,late,sandy,0.69,0
71.59,29.93,78.95,3.74,mid_season,clay,13.19,0
62.66,28.53,75.6,3.44,initial,loamy,8.95,0
95,29.97,36.49,1.7,development,sandy,13.5,0
53.82,27.69,81.04,4.05,development,loamy,16.83,0
47.15,27.84,37.96,0,initial,sandy,0,0
47.19,23.37,49.58,2.46,late,sandy,10.22,0
59.12,31.01,35.89,3.29,mid_season,loamy,24.69,0
59.06,20.42,65.44,2.19,initial,sandy,12.72,0
30.3,25.52,66.91,0,initial,loamy,0,0
44.37,29.63,59.74,3.65,initial,clay,5.8,0
32.59,32.76,72.34,0,late,sandy,0,1
22.85,29.87,40.59,4.06,mid_season,loamy,21.34,0
32.99,35.57,52.06,2.96,development,sandy,8.03,0
45.99,19.01,69.47,3.27,mid_season,clay,11.91,0
41.95,21.36,64.72,3.78,development,loamy,12.63,0
48.18,18.26,74.04,4.05,late,loamy,13.26,0
67.36,33.47,72.04,0,initial,loamy,0,0
22.65,32.25,74.74,0,development,clay,0,1
60.74,35.04,84.19,5.56,initial,sandy,11.45,0
30.37,24.17,52.38,4.23,initial,clay,12.43,0
50.34,32.37,64.73,6.48,development,sandy,19.99,0
60.04,29.18,80.08,0,development,clay,0,0
52.87,24.95,50.33,0,development,sandy,0,1
70.65,27.27,83.47,0,mid_season,clay,0,0
78.89,22.53,45.25,4.26,development,clay,13.51,0
29.38,28.05,51.61,3.12,development,loamy,15.59,0
38.86,27.06,46.93,3.74,development,loamy,11.07,0
51.57,18.95,41.71,4.21,initial,clay,4.86,0
43.23,21.43,66.59,3.21,mid_season,sandy,8.2,0
71.34,23.18,75.84,0,initial,loamy,0,0
71.41,25.43,79.44,4.06,initial,sandy,13.26,0
74.65,34.12,71.56,0,development,loamy,0,0
65.36,20.49,38.01,3.69,late,loamy,13.95,0
55.44,24.99,37.68,5.58,development,sandy,5.38,0
95,30.14,42.37,5.37,initial,sandy,9.23,0
57.75,23.04,71.46,3.14,initial,clay,7.95,0
36.83,30.03,73.75,3.76,late,clay,14.36,0
62.95,22.5,75.57,0,development,sandy,0,0
52.83,35.79,78.88,0,initial,clay,0,0
67.35,31.15,79.44,3.93,late,loamy,9.73,0
62.09,26.15,79.55,4.33,development,loamy,9.85,0
66.87,24.38,69.72,0,development,loamy,0,0
17.87,26.33,56.36,3.63,initial,sandy,2.64,0
88.47,25.88,45.11,4.92,initial,clay,2.49,0
94.74,29.11,54.99,4.8,initial,loamy,3.36,0
17.39,29.45,60.8,0,development,clay,0,1
36.38,25.29,38.27,5.23,initial,clay,13.98,0
61.8,24.69,55.8,3.22,development,loamy,0.51,0
71.85,35.61,42.42,6.28,mid_season,loamy,14.54,0
22.64,27.19,39.35,0,development,loamy,0,1
31.65,29.8,41.03,4.81,late,sandy,4.13,0
57.68,20.73,62.63,3.23,mid_season,sandy,8.22,0
65.58,21.65,73.69,3.95,late,loamy,11.51,0
46.35,34.44,38.27,3.69,development,clay,4.72,0
56.06,29.0,61.43,3.68,mid_season,loamy,17.5,0
72.0,28.8,37.89,3.8,development,sandy,3.82,0
48.91,24.14,51.84,2.78,initial,clay,7.95,0
39.74,30.06,46.72,5.42,late,loamy,10.63,0
43.39,30.43,51.57,2.75,initial,sandy,4.62,0
51.6,35.32,39.4,4.45,late,loamy,4.56,0
69.67,31.52,81.2,4.79,initial,clay,10.29,0
63.8,22.8,35.3,3.08,mid_season,loamy,10.22,0
25.42,30.16,36.79,5.31,late,sandy,9.14,0
95,20.76,63.06,4.16,mid_season,sandy,13.37,0
50.19,26.11,70.93,0,initial,clay,0,0
71.78,19.66,50.64,2.99,development,loamy,12.41,0
22.0,26.08,50.68,5.23,mid_season,sandy,18.13,0
77.29,29.47,64.56,4.1,mid_season,clay,17.28,0
45.6,29.4,54.11,4.0,initial,clay,4.23,0
58.15,34.83,63.97,4.89,mid_season,sandy,2.22,0
54.97,30.62,83.81,3.93,late,loamy,11.49,0
82.76,31.19,59.39,3.27,late,loamy,5.98,0
47.17,25.3,48.55,3.22,initial,loamy,0.71,0
38.02,20.12,40.04,1.96,development,sandy,7.27,0
71.01,19.64,64.7,0,initial,clay,0,0
38.56,24.62,55.27,3.59,late,loamy,11.26,0
45.36,23.19,48.75,3.73,mid_season,loamy,15.94,0
55.15,22.86,59.98,4.27,late,sandy,9.07,0
35.16,35.04,53.83,0,initial,sandy,0,0
18.56,27.2,83.4,5.23,late,loamy,1.07,0
30.82,20.49,41.03,0,development,sandy,0,1
51.23,29.64,60.42,0,initial,sandy,0,0
47.03,21.98,73.3,4.88,late,clay,13.7,0
31.57,35.73,68.63,3.57,late,clay,12.4,0
75.52,26.73,72.16,2.98,initial,clay,7.06,0
84.16,24.65,81.16,4.56,development,sandy,12.36,0
57.93,35.61,52.59,5.27,mid_season,clay,22.03,0
28.14,20.7,41.97,5.06,late,loamy,9.13,0
60.16,20.62,71.66,3.73,development,loamy,5.95,0
66.98,35.87,73.6,4.25,mid_season,loamy,6.24,0
68.39,24.0,71.16,4.45,initial,sandy,0.51,0
56.79,28.39,39.97,3.71,mid_season,sandy,3.56,0
34.49,18.89,73.56,4.56,mid_season,clay,7.28,0
26.5,23.21,48.78,3.6,development,clay,8.38,0
29.5,31.56,80.62,0,initial,clay,0,0
35.64,21.53,82.98,3.93,mid_season,clay,19.03,0
67.11,27.15,50.31,0,development,loamy,0,0
63.13,30.17,83.4,2.98,development,sandy,6.1,0
69.12,30.27,59.19,2.88,initial,sandy,6.11,0
41.43,34.09,82.07,0,initial,sandy,0,0
53.38,32.0,61.92,2.77,mid_season,loamy,1.07,0
55.63,23.4,69.29,3.14,late,loamy,6.26,0
89.38,29.03,38.13,1.79,late,clay,8.58,0
77.49,18.03,51.04,4.61,mid_season,clay,12.72,0
72.02,18.77,83.92,3.68,initial,clay,9.25,0
56.03,29.03,43.56,2.74,mid_season,sandy,16.15,0
40.9,29.68,41.45,6.26,late,clay,11.99,0
48.89,29.2,80.79,2.7,initial,sandy,9.58,0
47.95,29.17,67.96,0,initial,sandy,0,0
95,27.44,77.89,4.32,initial,clay,4.55,0
42.5,24.58,81.14,3.46,late,clay,8.34,0
18.79,20.76,38.54,3.61,development,clay,13.95,0
64.88,25.43,62.18,2.95,development,sandy,1.65,0
46.88,22.31,51.96,4.65,development,clay,14.04,0
73.98,24.78,55.25,3.54,mid_season,clay,1.49,0
58.19,34.04,67.97,4.82,mid_season,clay,15.24,0
90.9,27.25,72.17,2.59,development,clay,16.69,0
51.62,32.48,36.77,4.71,late,sandy,0.37,0
41.78,31.65,49.85,1.97,mid_season,loamy,7.88,0
66.77,19.62,65.74,2.45,development,sandy,13.19,0
67.0,29.3,54.52,4.99,development,sandy,1.73,0
67.58,20.71,81.85,3.71,mid_season,clay,12.32,0
55.88,26.24,77.29,3.63,development,clay,9.73,0
64.93,22.0,55.94,5.89,mid_season,sandy,2.38,0
61.36,35.59,51.27,5.48,late,clay,11.43,0
51.61,23.76,81.93,5.99,development,clay,4.05,0
59.5,22.81,61.52,3.89,development,loamy,11.95,0
36.19,23.37,50.92,5.09,development,clay,15.07,0
59.55,31.95,54.69,3.09,initial,sandy,7.28,0
49.71,21.45,53.63,3.39,initial,loamy,11.43,0
66.44,33.09,49.93,4.96,mid_season,sandy,9.71,0
75.33,28.33,74.88,5.28,mid_season,sandy,15.32,0
42.07,22.01,40.9,3.79,development,sandy,0.47,0
78.89,22.42,35.95,3.5,late,sandy,13.91,0
56.15,34.67,38.08,2.36,late,loamy,16.06,0
42.24,27.46,52.31,4.51,mid_season,loamy,4.28,0
57.12,35.93,52.08,4.61,development,sandy,14.12,0
62.85,21.94,65.37,3.51,development,clay,7.04,0
76.93,24.84,79.36,5.32,initial,sandy,3.17,0
40.71,32.88,78.02,5.03,initial,sandy,3.18,0
81.01,21.07,47.85,0,initial,loamy,0,0
43.38,22.24,56.88,4.96,late,sandy,5.13,0
51.39,32.64,45.63,5.23,development,loamy,12.61,0
58.29,34.5,68.91,5.15,development,clay,11.93,0
62.82,21.99,53.02,3.5,mid_season,loamy,10.65,0
53.17,22.01,71.68,4.44,late,loamy,5.05,0
47.62,25.82,55.83,5.01,late,clay,12.84,0
93.4,20.14,67.26,3.69,late,clay,9.98,0
23.96,31.17,54.63,4.86,initial,clay,9.57,0
57.77,28.08,42.41,4.11,initial,clay,6.66,0
85.98,22.52,37.72,2.97,late,loamy,2.21,0
81.67,23.73,65.64,4.6,late,loamy,11.75,0
79.57,20.87,80.28,1.55,late,clay,2.45,0
32.26,31.32,48.11,5.04,mid_season,loamy,19.15,0
32.14,25.71,52.43,0,initial,clay,0,0
72.73,32.98,74.9,2.9,late,clay,8.4,0
55.62,21.79,47.91,5.01,mid_season,loamy,11.15,0
67.07,34.43,59.92,4.28,development,sandy,5.09,0
79.81,18.76,56.27,4.9,initial,loamy,7.21,0
76.98,19.52,71.53,5.3,late,loamy,9.39,0
57.55,29.08,69.01,4.39,development,loamy,13.18,0
56.57,32.01,38.44,4.37,development,sandy,0.39,0
59.31,32.29,42.68,4.01,initial,clay,2.39,0
59.23,30.25,52.21,3.1,development,sandy,10.33,0
60.86,29.66,47.21,5.44,development,sandy,4.04,0
77.87,24.25,54.05,3.2,mid_season,loamy,21.1,0
75.82,32.41,76.11,4.8,development,clay,9.31,0
44.69,24.01,79.92,2.8,mid_season,loamy,15.25,0
66.02,32.71,40.85,5.24,development,clay,12.88,0
63.63,24.41,76.74,3.65,development,loamy,9.66,0
20.21,31.33,79.38,5.37,mid_season,clay,7.04,0
36.89,35.99,45.69,4.23,mid_season,clay,8.83,0
95,29.15,73.29,4.25,development,sandy,16.3,0
75.63,26.59,37.95,3.41,late,loamy,18.99,0
38.91,24.34,70.09,3.26,development,loamy,2.11,0
52.42,27.4,82.47,4.46,late,sandy,5.4,0
57.82,30.81,50.01,2.26,mid_season,sandy,7.98,0
66.17,22.42,75.09,4.84,development,clay,9.02,0
48.02,21.64,40.85,2.97,initial,sandy,14.65,0
33.96,31.06,37.57,3.32,development,clay,1.52,0
70.12,30.0,67.11,4.84,initial,sandy,7.16,0
75.71,30.33,47.77,5.88,mid_season,sandy,7.29,0
69.85,19.32,74.1,0,development,sandy,0,0
44.93,30.2,59.21,4.66,initial,clay,19.22,0
58.31,33.19,53.37,3.2,initial,sandy,0.84,0
40.47,20.84,79.48,2.9,late,loamy,7.41,0
70.05,30.91,38.92,3.31,development,loamy,3.44,0
56.15,34.03,42.7,2.35,development,loamy,18.92,0
60.63,22.56,84.44,0,initial,sandy,0,0
49.8,32.44,72.92,5.32,initial,loamy,11.24,0
56.86,28.39,72.4,0,development,sandy,0,1
30.02,19.05,71.54,3.69,mid_season,clay,11.82,0
52.66,29.84,44.76,3.72,initial,loamy,16.07,0
66.3,30.7,67.04,3.86,development,sandy,11.67,0
87.25,27.98,84.89,4.7,late,loamy,7.89,0
36.44,21.32,36.93,3.69,development,loamy,4.0,0
89.53,26.12,61.97,2.16,late,sandy,23.54,0
57.46,19.23,57.77,3.55,initial,sandy,8.09,0
43.65,28.24,38.19,3.49,mid_season,sandy,10.96,0
42.86,22.11,49.67,5.73,mid_season,sandy,13.05,0
76.97,34.32,78.49,6.32,mid_season,loamy,1.74,0
39.26,30.57,42.55,3.15,late,clay,1.45,0
23.12,20.54,49.23,3.63,initial,loamy,10.02,0
26.41,33.17,81.43,0,initial,sandy,0,0
95,19.08,64.06,3.88,mid_season,sandy,9.84,0
53.04,33.64,59.77,3.87,late,sandy,3.86,0
52.07,20.15,81.04,5.88,late,sandy,9.0,0
68.58,31.01,70.87,5.09,late,clay,4.15,0
51.23,20.03,83.2,3.89,mid_season,sandy,11.0,0
20.71,35.99,66.05,3.65,development,loamy,2.43,0
42.98,34.95,50.77,0,development,loamy,0,1
56.47,30.18,79.61,2.08,mid_season,loamy,2.1,0
70.77,22.01,71.14,3.17,late,loamy,2.39,0
77.95,34.7,56.33,0,development,sandy,0,0
26.47,27.77,50.94,5.39,development,sandy,13.72,0
66.71,24.12,64.94,4.64,development,clay,3.85,0
85.65,20.73,72.11,1.97,late,clay,12.11,0
58.51,29.38,48.02,2.32,late,loamy,15.01,0
25.83,21.15,44.68,4.87,development,clay,6.74,0
49.15,31.63,68.47,0,initial,sandy,0,0
19.52,30.3,35.62,5.21,mid_season,loamy,17.44,0
61.86,30.69,41.31,4.68,initial,sandy,5.03,0
23.55,35.56,49.77,4.97,late,loamy,6.78,0
48.63,32.75,40.9,4.79,initial,clay,0.93,0
49.91,22.98,69.14,2.68,late,loamy,3.2,0
59.4,32.53,52.76,4.12,late,sandy,0.59,0
44.95,26.26,73.0,4.8,mid_season,clay,18.99,0
54.83,22.91,73.46,2.7,development,clay,2.32,0
42.0,33.59,62.36,2.82,late,sandy,9.64,0
49.97,28.94,84.8,4.33,mid_season,sandy,12.42,0
68.02,20.31,39.38,0,initial,sandy,0,0
73.25,25.4,81.31,5.1,initial,loamy,0.88,0
68.48,35.58,54.72,3.36,late,sandy,9.07,0
56.76,33.12,73.6,6.01,initial,loamy,20.02,0
60.95,34.17,49.18,5.17,mid_season,sandy,3.92,0
43.92,34.62,43.74,0,initial,sandy,0,0
44.62,19.64,44.97,2.96,initial,loamy,9.45,0
64.49,20.83,65.58,3.75,development,sandy,1.89,0
62.35,34.28,84.43,4.26,initial,clay,5.14,0
42.96,19.92,78.5,2.74,development,loamy,2.11,0
75.65,21.12,81.98,5.44,late,clay,18.98,0
41.2,35.57,70.49,2.8,development,loamy,22.86,0
66.78,19.09,57.78,0,initial,sandy,0,0
47.96,34.29,70.14,0,initial,loamy,0,0
95,29.05,82.33,4.99,late,sandy,4.93,0
54.34,28.28,58.97,4.14,development,clay,1.85,0
68.04,19.01,57.2,0,initial,sandy,0,0
43.36,32.91,51.29,3.9,initial,loamy,1.66,0
58.58,25.84,60.5,0,initial,sandy,0,0
67.96,35.82,50.93,0,initial,clay,0,0
50.84,27.5,83.97,0,initial,sandy,0,0
95,34.63,83.14,0,initial,loamy,0,0
54.62,32.4,67.06,5.45,development,sandy,1.68,0
53.66,23.63,81.18,5.34,initial,sandy,6.92,0
42.61,32.51,73.67,2.5,late,clay,9.78,0
17.42,35.53,64.0,2.99,mid_season,loamy,7.66,0
47.6,32.26,64.36,3.28,late,sandy,8.73,0
78.48,28.58,66.39,3.06,late,loamy,7.24,0
31.69,24.97,35.25,3.0,mid_season,sandy,0.35,0
55.21,33.62,42.07,0,development,loamy,0,0
38.89,22.76,49.1,4.61,development,clay,2.98,0
42.79,34.81,57.78,4.46,initial,clay,16.28,0
71.79,27.19,71.35,2.91,development,sandy,3.59,0
46.96,18.77,37.55,2.62,development,sandy,8.13,0
42.37,33.62,55.39,2.19,late,clay,5.98,0
46.83,32.59,74.25,3.47,mid_season,loamy,14.59,0
65.5,21.45,59.52,4.36,development,loamy,12.59,0
41.27,21.46,52.46,3.09,mid_season,loamy,15.66,0
77.44,19.55,74.66,3.53,initial,sandy,4.52,0
20.91,35.34,78.98,0,initial,clay,0,0
55.82,27.99,48.92,0,mid_season,clay,0,0
57.46,20.42,75.56,4.35,mid_season,clay,10.19,0
47.74,27.32,51.29,5.22,development,loamy,2.77,0
54.56,22.55,70.41,4.95,initial,sandy,7.13,0
66.96,27.6,43.06,0,mid_season,loamy,0,0
94.41,35.33,84.71,3.4,initial,loamy,3.2,0
59.19,31.2,41.26,0,mid_season,sandy,0,1
65.73,23.85,81.8,3.49,mid_season,loamy,11.59,0
76.4,34.06,78.59,5.92,mid_season,loamy,3.6,0
45.68,21.35,60.04,5.34,mid_season,clay,33.58,0
63.17,33.52,68.56,2.9,development,clay,8.24,0
61.83,18.44,54.46,0,initial,loamy,0,0
55.18,28.59,38.14,5.59,mid_season,clay,10.26,0
84.06,22.32,65.48,4.04,late,loamy,19.93,0
95,29.44,64.01,4.49,mid_season,sandy,6.99,0
42.72,24.82,50.4,0,initial,clay,0,0
41.66,34.61,43.23,4.27,initial,sandy,8.02,0
63.29,22.55,77.45,0,late,sandy,0,0
59.1,35.59,75.69,3.19,late,loamy,16.31,0
53.15,31.25,70.91,2.53,late,loamy,2.65,0
68.98,23.36,72.65,5.62,late,loamy,13.3,0
46.36,20.19,75.1,0.74,mid_season,sandy,11.18,0
53.15,21.92,36.16,0,late,sandy,0,1
24.29,30.45,66.74,2.7,late,clay,9.74,0
74.55,33.45,47.05,0,initial,loamy,0,0
54.83,31.54,60.95,4.17,development,clay,10.46,0
60.01,34.99,69.47,2.68,initial,clay,8.04,0
53.86,33.69,82.7,3.6,mid_season,clay,11.1,0
23.82,21.77,76.69,3.8,development,loamy,11.48,0
60.11,33.16,84.31,5.61,late,clay,16.46,0
41.42,28.34,63.06,3.15,development,sandy,5.75,0
36.3,24.38,35.5,4.03,mid_season,loamy,9.46,0
95,27.49,35.31,3.81,mid_season,loamy,9.04,0
48.79,28.91,53.15,4.72,initial,clay,7.25,0
50.96,27.37,42.52,2.92,late,sandy,12.03,0
31.2,31.28,36.97,4.77,late,clay,6.84,0
64.16,23.29,47.39,3.64,development,sandy,10.17,0
83.84,23.83,72.57,5.66,mid_season,loamy,20.95,0
62.2,19.15,36.32,3.99,late,sandy,5.86,0
34.27,27.87,47.57,4.22,initial,sandy,0.45,0
49.57,30.77,60.08,4.54,mid_season,loamy,15.93,0
17.06,27.73,65.25,5.21,mid_season,sandy,13.17,0
44.26,27.66,53.22,2.96,mid_season,loamy,9.39,0
56.14,20.63,79.19,4.85,late,clay,17.41,0
45.14,25.96,83.38,2.78,late,sandy,16.87,0
49.61,19.76,52.01,4.24,mid_season,clay,26.36,0
47.45,34.19,81.52,4.36,development,loamy,8.01,0
63.74,26.1,69.56,4.8,mid_season,sandy,20.69,0
28.29,33.49,75.22,0,initial,sandy,0,0
42.82,19.53,65.03,4.55,mid_season,clay,10.43,0
41.04,26.79,44.28,4.15,late,loamy,15.64,0
56.73,21.15,60.42,4.94,late,sandy,13.75,0
23.19,31.61,69.27,5.6,development,loamy,18.39,0
83.5,25.12,35.63,3.13,development,sandy,6.24,0
35.68,33.63,54.27,0,mid_season,loamy,0,1
38.03,34.81,68.61,0,late,sandy,0,1
68.6,21.28,39.88,3.56,development,loamy,12.32,0
32.2,31.24,51.08,3.6,development,sandy,4.94,0
65.13,26.11,51.75,3.71,mid_season,loamy,16.68,0
8.13,31.13,82.22,3.63,initial,sandy,2.13,0
43.08,29.06,80.85,6.83,late,loamy,22.73,0
57.98,28.22,47.56,5.72,initial,clay,19.15,0
90.2,28.68,37.79,0,mid_season,sandy,0,0
44.25,28.88,57.47,3.88,late,clay,11.43,0
55.8,21.27,72.21,4.49,development,clay,12.36,0
40.73,24.79,37.76,1.32,mid_season,sandy,16.4,0
53.27,24.51,36.41,4.61,mid_season,loamy,1.01,0
51.17,20.92,59.35,2.57,development,clay,7.53,0
79.69,35.56,43.66,5.33,mid_season,loamy,18.5,0
49.07,33.41,62.48,4.78,mid_season,clay,0.1,0
87.3,22.46,64.61,2.79,initial,clay,8.25,0
56.77,31.0,59.54,0,initial,sandy,0,0
61.7,31.83,76.18,3.94,initial,loamy,5.02,0
50.34,18.76,45.06,0,development,loamy,0,1
73.96,27.84,45.86,4.46,mid_season,loamy,20.87,0
16.92,24.7,38.54,4.39,development,sandy,2.58,0
55.52,27.73,70.78,2.67,development,sandy,4.9,0
57.36,23.06,39.05,3.84,development,clay,13.24,0
72.72,32.54,65.55,0,development,loamy,0,0
57.0,25.29,63.75,3.61,mid_season,sandy,6.06,0
79.92,27.82,43.38,5.42,initial,loamy,8.51,0
67.31,29.16,79.97,3.92,late,loamy,11.34,0
75.1,31.27,67.77,5.0,late,sandy,11.82,0
51.06,32.59,74.9,2.98,mid_season,clay,12.71,0
39.28,35.79,38.43,5.24,mid_season,sandy,8.58,0
72.76,18.93,63.78,3.86,mid_season,clay,8.11,0
39.21,21.71,39.78,7.46,mid_season,loamy,2.72,0
55.98,28.49,69.38,2.66,development,sandy,14.79,0
83.91,24.86,48.73,5.77,initial,loamy,5.72,0
56.66,32.53,43.75,0,initial,clay,0,0
37.54,21.04,79.87,5.37,development,sandy,9.78,0
93.1,30.87,40.51,2.37,development,loamy,5.12,0
80.46,24.03,68.27,0,late,sandy,0,0
30.65,27.09,50.58,0,initial,sandy,0,0
68.6,26.17,69.84,5.33,mid_season,clay,26.51,0
48.08,29.52,47.41,4.41,development,sandy,2.08,0
56.71,26.91,77.29,5.51,initial,sandy,15.65,0
46.12,33.73,58.64,3.23,late,loamy,14.28,0
39.04,23.76,61.6,3.46,development,loamy,13.95,0
66.41,29.3,72.1,4.08,late,loamy,7.84,0
64.3,24.24,40.3,4.1,late,loamy,13.91,0
52.93,21.24,52.88,4.19,mid_season,loamy,18.06,0
55.03,35.2,75.71,4.11,initial,sandy,11.25,0
77.74,21.66,50.15,3.99,initial,sandy,14.55,0
48.16,29.78,57.8,3.17,late,loamy,5.69,0
74.64,26.22,84.53,4.83,late,loamy,7.73,0
49.61,26.22,67.5,4.49,initial,sandy,10.73,0
35.67,30.73,65.18,2.29,late,clay,8.68,0
49.15,34.63,77.12,4.44,initial,clay,5.82,0
20.7,28.91,59.74,5.25,mid_season,clay,21.27,0
55.91,24.55,51.29,3.62,late,sandy,6.27,0
52.6,35.64,63.46,0,initial,clay,0,0
46.19,27.68,46.2,2.91,mid_season,loamy,2.25,0
35.85,21.81,37.55,3.04,mid_season,clay,5.41,0
57.16,26.84,66.9,4.45,development,loamy,9.93,0
61.57,24.42,84.6,3.95,mid_season,loamy,4.83,0
62.24,23.47,61.24,2.99,development,sandy,2.95,0
56.65,28.82,40.93,0,development,sandy,0,1
48.85,34.98,45.53,2.17,development,loamy,10.41,0
45.5,19.79,78.05,4.97,late,sandy,0.39,0
46.14,30.18,78.19,1.32,late,sandy,4.23,0
85.29,32.72,65.88,5.01,development,clay,3.89,0
54.84,23.99,52.15,0,initial,loamy,0,0
57.47,22.92,66.04,6.29,development,clay,7.43,0
56.72,23.6,79.91,4.74,development,loamy,13.48,0
35.69,24.25,80.68,6.26,late,loamy,18.86,0
56.05,35.78,67.85,4.01,late,loamy,1.38,0
44.75,32.73,70.83,4.12,late,loamy,16.83,0
50.39,27.09,72.39,5.37,initial,loamy,9.64,0
52.25,24.58,76.4,2.76,development,clay,15.47,0
61.83,34.47,50.74,3.72,late,loamy,10.33,0
36.39,26.4,43.81,2.14,mid_season,sandy,7.9,0
36.52,30.59,51.48,0.43,development,sandy,13.22,0
53.52,35.42,60.66,5.28,late,loamy,7.85,0
65.63,26.49,80.28,6.76,development,clay,18.21,0
48.23,35.69,45.02,3.75,mid_season,clay,26.02,0
45.38,28.32,51.22,4.07,development,sandy,8.22,0
81.12,28.14,40.6,4.4,mid_season,clay,18.79,0
51.29,29.51,58.47,5.47,late,clay,10.64,0
48.52,34.78,55.57,0,initial,loamy,0,0
9.28,20.45,53.7,3.84,initial,clay,13.02,0
68.18,33.03,82.93,3.53,development,loamy,5.04,0
36.6,29.31,52.77,2.73,initial,sandy,7.36,0
62.23,27.13,56.7,2.66,mid_season,loamy,12.62,0
61.66,33.49,53.31,5.02,initial,sandy,17.79,0
30.33,33.77,56.41,3.53,initial,clay,5.98,0
81.34,29.75,75.74,4.15,mid_season,sandy,15.32,0
48.21,27.18,84.78,2.31,mid_season,clay,2.16,0
41.23,23.48,50.8,2.76,mid_season,sandy,6.56,0
36.8,18.44,81.49,4.87,mid_season,clay,1.41,0
60.84,23.75,37.91,2.71,mid_season,clay,13.3,0
26.81,32.66,51.63,2.58,late,sandy,15.09,0
33.71,33.31,50.71,3.34,late,clay,4.41,0
85.97,33.27,64.36,3.6,mid_season,loamy,0.6,0
41.98,35.47,42.8,2.7,development,clay,5.77,0
22.62,27.3,71.5,0,late,loamy,0,1
57.0,26.98,49.99,5.23,mid_season,clay,18.44,0
55.72,34.91,49.4,4.39,late,sandy,8.02,0
57.85,22.0,79.07,5.89,late,loamy,8.31,0
51.27,19.65,47.08,3.49,late,sandy,7.91,0
69.87,26.22,57.46,3.63,development,sandy,4.94,0
62.18,18.09,70.71,2.9,late,clay,6.36,0
68.53,28.85,61.39,3.06,initial,sandy,5.49,0
26.33,20.3,48.87,4.23,late,clay,15.56,0
67.07,21.5,75.16,2.29,late,clay,24.73,0
26.28,31.41,45.9,3.77,development,clay,2.94,0
38.63,26.4,75.66,4.56,initial,sandy,2.68,0
27.69,32.07,74.96,2.69,mid_season,clay,18.48,0
50.15,28.16,44.17,5.69,mid_season,clay,10.34,0
31.32,30.73,50.07,4.07,development,loamy,6.88,0
80.98,20.88,48.63,2.41,late,clay,1.48,0
63.49,27.78,37.65,4.48,development,loamy,5.21,0
21.28,29.66,48.94,3.69,development,loamy,9.35,0
47.11,26.31,59.09,2.32,late,loamy,9.26,0
37.24,21.18,37.56,5.38,mid_season,clay,17.38,0
59.43,30.46,44.71,2.83,mid_season,clay,9.85,0
78.77,23.94,64.33,4.07,development,clay,3.77,0
62.07,35.44,51.65,5.5,mid_season,loamy,10.55,0
58.5,32.75,80.52,3.99,development,sandy,10.2,0
53.64,30.04,76.53,4.16,mid_season,loamy,7.08,0
21.06,33.34,40.39,4.45,mid_season,loamy,4.76,0
22.27,27.54,78.72,0.89,mid_season,loamy,16.32,0
79.51,21.27,65.48,3.77,mid_season,sandy,9.27,0
22.84,30.96,56.93,0,initial,loamy,0,0
53.62,35.65,68.51,4.02,late,sandy,17.5,0
74.43,32.15,55.0,3.16,development,clay,3.93,0
58.8,32.32,48.47,3.42,initial,sandy,4.62,0
48.98,27.73,60.64,3.47,mid_season,sandy,12.01,0
65.68,25.76,46.02,4.59,late,clay,4.33,0
47.49,19.29,79.47,4.67,mid_season,sandy,11.71,0
59.45,25.6,58.12,4.01,mid_season,clay,11.01,0
61.76,20.55,71.66,4.82,late,loamy,6.86,0
38.68,29.66,77.73,1.59,initial,clay,10.62,0
71.58,33.97,84.84,0,initial,loamy,0,0
66.1,23.63,57.37,4.73,development,clay,14.93,0
62.7,19.22,83.11,5.2,initial,clay,14.43,0
23.77,25.48,41.49,3.55,late,loamy,2.34,0
60.19,34.84,66.1,3.12,development,clay,5.43,0
78.37,21.12,53.4,3.68,late,loamy,7.0,0
67.73,34.45,36.04,4.53,development,sandy,17.33,0
69.31,24.54,40.29,0,development,sandy,0,0
41.99,21.34,75.93,2.71,mid_season,sandy,10.41,0
62.58,34.71,36.64,0,late,sandy,0,0
61.86,23.38,70.0,2.62,late,clay,17.08,0
41.88,32.7,77.54,4.66,mid_season,clay,14.13,0
88.35,21.1,37.73,5.95,mid_season,loamy,35.43,0
63.6,28.75,84.29,0,initial,loamy,0,0
50.1,18.92,37.51,3.97,development,sandy,1.18,0
36.47,24.43,78.94,4.13,initial,loamy,0.02,0
43.45,28.34,57.9,2.18,mid_season,clay,9.97,0
65.31,34.01,78.63,5.65,mid_season,sandy,7.55,0
42.1,35.83,36.45,4.08,initial,clay,20.35,0
76.35,28.22,51.92,1.74,development,clay,11.25,0
73.99,21.28,36.98,4.28,development,sandy,0.69,0
50.13,34.13,39.91,3.49,development,clay,5.79,0
30.01,27.87,72.62,4.96,mid_season,loamy,19.96,0
76.28,22.85,56.85,5.52,late,clay,11.05,0
46.8,18.56,55.31,4.63,mid_season,sandy,12.46,0
59.96,29.19,63.59,5.62,late,loamy,7.37,0
50.85,31.51,81.89,4.24,mid_season,loamy,14.21,0
52.75,22.87,55.78,3.91,late,clay,5.93,0
52.1,34.37,53.03,3.1,late,sandy,13.68,0
15.65,18.85,62.96,3.23,late,clay,7.18,0
13.48,21.57,46.0,5.42,mid_season,clay,20.65,0
19.14,20.05,41.08,2.87,development,loamy,4.5,0
59.15,32.1,76.32,3.32,mid_season,loamy,17.9,0
76.95,28.33,61.49,3.47,development,loamy,12.41,0
46.19,31.67,51.2,2.4,late,loamy,2.94,0
68.84,22.87,39.67,3.01,mid_season,loamy,7.91,0
74.35,29.58,76.62,4.95,development,sandy,1.41,0
38.48,29.96,70.97,5.45,late,sandy,5.75,0
76.79,25.58,47.16,3.14,late,sandy,11.94,0
63.14,34.79,65.68,0,initial,clay,0,0
38.32,26.34,47.32,4.57,initial,clay,13.8,0
15.45,21.64,84.55,4.0,mid_season,loamy,0.61,0
64.16,35.61,55.83,3.43,mid_season,clay,0.45,0
43.93,28.82,49.07,0,late,clay,0,1
55.09,18.51,57.11,5.26,initial,sandy,1.05,0
63.77,26.95,70.73,0,initial,loamy,0,0
41.83,24.65,72.54,5.46,late,sandy,11.77,0
32.16,22.18,45.07,4.91,development,clay,5.89,0
74.54,29.61,46.73,5.63,mid_season,clay,18.91,0
71.95,22.52,75.15,4.46,development,clay,23.15,0
69.35,27.74,80.32,4.88,initial,sandy,15.63,0
51.7,26.3,73.15,0,development,sandy,0,1
71.25,24.59,73.09,5.3,initial,clay,1.98,0
61.73,21.41,64.04,4.2,late,clay,8.76,0
52.41,35.82,71.97,3.63,initial,sandy,6.88,0
42.39,23.15,44.57,2.2,initial,loamy,4.67,0
56.58,35.22,57.57,3.71,mid_season,sandy,8.03,0
32.54,29.36,54.22,2.91,late,sandy,10.16,0
40.32,24.15,50.69,2.81,mid_season,sandy,3.93,0
65.04,18.76,43.44,4.44,development,sandy,16.47,0
52.74,21.87,64.71,2.03,late,loamy,5.68,0
27.79,26.17,59.53,3.22,mid_season,sandy,1.88,0
47.29,18.18,75.76,5.45,initial,sandy,8.5,0
50.66,35.7,35.21,4.54,development,loamy,11.47,0
40.39,18.03,49.31,2.57,late,loamy,7.27,0
64.58,30.81,78.76,3.38,mid_season,clay,15.1,0
69.81,19.56,79.69,3.58,mid_season,loamy,4.8,0
17.76,22.43,67.46,4.16,development,loamy,14.19,0
68.09,33.75,83.5,4.12,mid_season,loamy,13.91,0
60.31,18.32,46.54,4.85,late,sandy,9.71,0
49.52,28.87,80.5,3.76,mid_season,clay,12.96,0
38.13,29.42,55.93,0,initial,clay,0,0
33.29,31.21,60.93,5.72,development,clay,8.78,0
38.35,21.2,38.9,4.19,development,clay,21.86,0
38.35,18.59,50.05,4.21,mid_season,clay,14.94,0
87.66,30.13,60.41,3.42,development,sandy,8.24,0
64.74,21.65,77.85,2.92,late,loamy,4.96,0
69.0,23.8,79.42,2.37,mid_season,clay,21.63,0
36.23,22.09,68.75,3.27,late,clay,6.14,0
26.71,20.89,35.95,3.65,development,clay,10.04,0
26.99,26.4,49.78,3.98,development,clay,1.18,0
40.64,23.4,73.1,4.4,late,clay,19.8,0
51.41,35.13,75.08,4.91,mid_season,sandy,17.83,0
26.73,24.34,77.46,4.82,mid_season,loamy,22.1,0
81.63,28.64,74.22,4.28,initial,loamy,3.56,0
70.7,29.85,73.99,0,initial,sandy,0,0
21.16,18.25,37.69,5.19,initial,clay,4.42,0
57.79,25.09,60.88,5.02,late,loamy,1.23,0
66.63,21.48,56.9,0,initial,loamy,0,0
61.69,29.14,66.9,3.59,late,sandy,7.67,0
56.74,21.2,44.12,0,late,sandy,0,1
23.57,19.9,72.82,5.49,development,sandy,5.69,0
49.24,19.71,60.06,3.94,initial,sandy,4.08,0
13.27,23.27,40.79,0,initial,clay,0,0
60.52,30.65,46.06,3.68,late,sandy,9.25,0
78.31,26.58,73.05,6.29,late,clay,14.51,0
42.21,27.97,78.25,5.22,mid_season,sandy,11.88,0
38.06,22.33,39.98,3.1,initial,clay,1.37,0
60.89,35.95,68.15,3.02,late,loamy,8.42,0
34.04,35.21,58.49,4.15,late,sandy,11.36,0
82.23,30.19,83.24,3.66,mid_season,loamy,14.37,0
61.39,32.39,75.83,4.18,late,loamy,8.84,0
53.33,27.99,76.05,3.54,late,sandy,2.05,0
75.17,30.84,54.51,4.93,late,loamy,20.63,0
41.79,22.19,42.38,0,late,clay,0,1
47.22,19.87,81.69,4.0,mid_season,loamy,12.02,0
68.2,22.68,56.06,0,development,sandy,0,0
55.46,26.59,81.31,4.58,development,sandy,7.34,0
72.43,33.57,35.93,1.66,late,loamy,16.91,0
95,31.22,55.64,3.88,development,loamy,2.17,0
69.2,28.46,35.25,3.72,late,sandy,5.76,0
63.3,27.45,61.93,0,initial,loamy,0,0
40.27,21.56,64.47,4.11,initial,loamy,0.49,0
50.46,34.7,49.87,5.91,development,loamy,13.7,0
42.05,30.03,37.46,4.42,development,sandy,11.45,0
57.91,31.11,42.72,4.81,late,clay,15.59,0
36.74,31.43,75.3,0,initial,clay,0,0
43.99,24.12,82.82,6.44,initial,sandy,1.3,0
35.52,19.85,37.95,0,mid_season,sandy,0,1
83.01,26.38,38.35,3.89,late,clay,7.99,0
38.61,33.76,45.53,2.26,development,loamy,8.04,0
37.81,32.65,74.71,3.19,late,loamy,10.99,0
48.34,18.09,39.31,3.7,development,clay,4.02,0
65.0,25.52,37.64,2.79,initial,sandy,4.48,0
54.34,28.16,62.12,0,initial,clay,0,0
46.78,35.62,40.27,3.35,development,sandy,16.74,0
5,27.7,43.94,4.26,late,clay,5.91,0
67.33,31.36,58.38,4.35,development,clay,5.67,0
27.05,33.91,83.97,3.68,initial,clay,12.73,0
89.78,30.65,56.8,4.62,mid_season,clay,4.52,0
63.61,19.59,50.98,5.47,mid_season,sandy,21.68,0
55.74,28.91,38.91,3.65,late,sandy,22.92,0
54.41,34.65,45.17,3.91,initial,sandy,0.04,0
64.99,29.8,64.04,3.39,mid_season,clay,10.02,0
72.31,25.22,67.71,3.31,mid_season,clay,10.94,0
56.08,27.54,35.36,3.37,development,loamy,8.64,0
61.91,32.9,68.19,0,late,clay,0,0
57.63,32.03,41.43,0,initial,clay,0,0
61.21,23.48,61.59,5.45,late,clay,10.05,0
52.31,25.54,83.8,2.15,development,sandy,0.9,0
49.75,21.25,76.87,2.68,development,clay,12.51,0
58.67,29.57,83.23,4.69,mid_season,sandy,6.32,0
41.33,33.48,47.95,5.29,mid_season,sandy,16.93,0
55.02,34.04,60.15,4.32,mid_season,clay,2.41,0
43.76,30.01,62.48,2.54,initial,clay,1.21,0
12.98,20.32,43.65,0,development,loamy,0,1
86.64,28.46,43.42,4.92,late,loamy,3.21,0
64.53,29.17,63.75,4.81,initial,loamy,4.78,0
65.79,34.76,59.07,4.38,development,sandy,11.35,0
73.08,35.26,78.89,3.64,mid_season,clay,10.5,0
62.2,20.58,35.77,4.5,development,clay,18.82,0
16.78,29.77,44.36,5.64,late,loamy,9.47,0
73.31,33.88,47.36,4.24,mid_season,sandy,13.14,0
61.38,33.02,61.32,3.53,initial,sandy,4.22,0
55.56,31.78,63.8,3.13,late,clay,8.62,0
62.12,31.98,48.81,3.69,mid_season,loamy,9.97,0
95,22.82,81.8,3.66,development,clay,5.61,0
36.74,33.87,60.98,4.64,mid_season,clay,11.86,0
46.89,31.26,43.67,3.58,initial,loamy,0.36,0
67.83,29.32,73.45,4.97,late,loamy,21.49,0
53.23,30.63,46.55,2.98,late,sandy,0.3,0
64.72,33.42,62.45,4.36,late,sandy,11.89,0
54.73,26.25,47.78,0,development,sandy,0,1
67.87,19.91,65.51,3.31,mid_season,loamy,26.29,0
60.3,31.48,54.98,6.11,late,clay,6.78,0
47.21,31.85,73.87,3.8,mid_season,loamy,14.31,0
74.82,28.78,81.7,6.47,late,clay,22.06,0
52.68,20.99,43.34,4.16,initial,sandy,17.57,0
14.48,28.68,47.46,3.54,initial,sandy,4.8,0
73.91,25.19,46.48,2.51,initial,loamy,6.58,0
83.05,19.43,41.26,0,mid_season,sandy,0,0
54.79,26.73,63.73,5.15,mid_season,clay,3.94,0
44.99,34.84,60.52,2.43,late,sandy,11.78,0
86.21,25.5,35.85,5.43,development,loamy,13.59,0
21.09,35.88,50.22,5.36,late,loamy,2.9,0
15.11,22.6,54.87,4.46,initial,clay,6.25,0
48.34,20.37,44.33,5.96,mid_season,clay,4.89,0
47.89,20.62,52.41,4.92,mid_season,clay,6.57,0
72.44,32.28,76.82,0,late,loamy,0,0
50.72,26.77,82.58,0,development,sandy,0,1
50.22,25.58,63.26,4.51,late,sandy,9.8,0
84.92,28.98,44.37,4.96,late,sandy,2.62,0
47.41,28.47,46.27,3.57,initial,sandy,4.49,0
30.67,35.89,72.8,2.63,late,clay,5.76,0
44.64,20.48,68.76,5.22,development,clay,6.73,0
57.81,27.81,75.98,4.05,development,clay,8.35,0
46.58,31.9,43.72,4.56,mid_season,sandy,11.49,0
69.86,18.69,72.48,0,initial,loamy,0,0
63.97,35.18,38.12,0,initial,loamy,0,0
65.02,20.48,40.97,3.27,initial,sandy,3.65,0
95,23.24,62.46,2.51,initial,loamy,11.61,0
59.98,18.89,53.06,4.17,late,clay,6.44,0
47.0,19.37,74.38,2.84,initial,sandy,4.24,0
37.05,23.43,67.3,4.61,initial,sandy,2.29,0
93.2,26.12,43.06,5.22,development,loamy,10.01,0
63.2,30.84,45.21,4.48,initial,sandy,8.92,0
62.17,22.71,46.14,4.72,late,loamy,18.03,0
32.65,28.04,57.65,2.66,development,loamy,9.92,0
66.73,26.27,79.98,0,late,sandy,0,0
30.75,31.42,63.9,3.41,initial,loamy,0.7,0
51.94,29.93,55.3,3.88,development,sandy,2.63,0
76.95,26.38,71.72,3.55,initial,clay,8.12,0
31.2,25.37,67.64,4.62,development,loamy,1.94,0
38.0,21.32,39.43,4.5,initial,clay,11.47,0
56.04,28.58,53.09,0,initial,clay,0,0
77.32,25.5,46.47,5.41,late,clay,21.56,0
91.2,28.89,74.37,5.25,development,sandy,12.44,0
42.95,28.29,48.56,3.15,development,loamy,9.17,0
65.41,26.06,50.6,6.06,initial,loamy,12.17,0
95,35.25,44.0,5.91,mid_season,clay,19.28,0
39.06,25.71,64.71,5.54,mid_season,clay,16.61,0
81.67,20.98,46.04,2.34,initial,sandy,2.78,0
53.05,22.48,75.19,0,initial,loamy,0,0
75.81,18.63,70.35,4.09,development,sandy,5.22,0
67.51,33.84,69.47,3.51,mid_season,sandy,7.73,0
89.5,35.55,83.9,1.88,development,loamy,15.88,0
52.76,20.35,57.14,3.87,development,sandy,9.84,0
65.81,19.52,60.75,4.42,late,loamy,8.91,0
50.2,19.05,83.05,2.27,mid_season,sandy,8.39,0
54.82,28.83,48.8,4.44,late,sandy,6.51,0
80.98,28.72,38.81,3.41,initial,sandy,3.28,0
24.58,31.8,57.68,3.47,late,sandy,7.2,0
56.62,25.09,77.89,2.95,mid_season,sandy,7.21,0
66.61,28.99,39.66,0,initial,loamy,0,0
35.49,22.59,58.68,5.95,mid_season,loamy,16.65,0
71.29,33.74,45.21,4.4,late,loamy,6.48,0
33.61,25.44,66.04,3.48,late,clay,12.85,0
51.72,31.61,51.0,4.87,initial,sandy,7.5,0
51.38,22.25,60.32,5.51,development,sandy,9.26,0
64.1,32.24,61.83,3.55,development,loamy,2.09,0
29.87,22.29,64.17,5.23,development,loamy,10.66,0
43.13,35.43,78.03,0,mid_season,clay,0,1
80.55,29.0,67.13,5.2,initial,loamy,1.91,0
36.08,25.45,62.9,4.84,initial,clay,15.35,0
20.78,29.07,67.61,1.51,initial,clay,2.78,0
45.17,32.0,39.34,4.36,development,clay,5.95,0
52.97,21.24,77.91,6.37,initial,sandy,7.54,0
44.79,25.29,68.25,5.02,late,loamy,9.4,0
23.56,23.18,74.16,3.84,late,clay,17.29,0
70.75,35.24,79.83,2.03,mid_season,sandy,0.85,0
73.13,22.48,39.59,4.01,initial,sandy,9.4,0
61.06,20.55,59.63,4.47,mid_season,sandy,14.47,0
52.5,26.27,75.07,2.07,initial,loamy,4.48,0
71.33,33.31,37.97,4.97,initial,sandy,7.35,0
50.4,21.91,84.09,2.75,late,sandy,6.73,0
90.31,33.15,63.93,4.23,late,clay,2.14,0
74.36,19.41,46.9,2.77,mid_season,clay,9.13,0
51.72,29.07,66.07,5.99,late,sandy,7.11,0
92.87,29.0,68.31,4.68,mid_season,clay,20.24,0
5.16,31.24,66.21,4.66,initial,loamy,2.62,0
69.07,21.38,77.58,4.66,late,sandy,17.4,0
40.52,28.38,58.21,5.28,mid_season,sandy,22.71,0
91.6,30.89,48.55,2.23,initial,loamy,6.4,0
80.23,20.62,53.72,5.02,mid_season,loamy,14.03,0
65.77,25.23,67.18,4.23,development,loamy,4.91,0
95,23.94,83.96,5.35,initial,loamy,4.43,0
45.25,30.26,79.28,2.88,late,sandy,2.01,0
62.51,28.56,84.53,0,initial,clay,0,0
69.1,30.71,67.22,2.45,initial,sandy,5.46,0
43.42,30.41,58.4,4.23,mid_season,sandy,9.22,0
38.47,19.95,60.58,1.42,mid_season,clay,9.68,0
61.07,23.18,80.65,2.94,late,clay,10.95,0
39.63,21.16,47.91,4.09,mid_season,sandy,11.59,0
56.01,23.16,62.87,0,initial,sandy,0,0
83.24,31.99,82.54,2.62,mid_season,sandy,11.89,0
43.19,28.09,37.2,4.17,mid_season,clay,23.46,0
46.24,21.05,62.28,4.59,initial,loamy,4.74,0
45.16,28.51,82.41,4.07,development,loamy,8.29,0
28.47,27.87,38.64,5.18,development,loamy,8.87,0
59.26,28.21,38.74,5.05,late,loamy,4.13,0
71.07,35.71,64.95,3.06,late,clay,14.53,0
95,22.75,41.33,4.43,late,clay,32.09,0
24.67,32.36,62.46,5.44,development,loamy,17.32,0
68.51,18.27,77.73,4.4,mid_season,clay,5.9,0
30.83,30.21,78.73,4.77,initial,clay,1.18,0
64.77,28.68,78.05,0,late,sandy,0,0
51.07,30.16,62.15,4.17,initial,sandy,9.2,0
75.3,25.49,75.75,4.65,initial,sandy,3.75,0
67.49,21.49,52.43,4.87,late,clay,8.92,0
30.16,29.9,47.78,2.24,late,sandy,1.99,0
75.94,21.38,52.43,4.49,initial,clay,7.07,0
45.01,21.62,76.24,4.2,mid_season,loamy,12.57,0
48.22,23.84,72.04,5.51,mid_season,loamy,14.3,0
70.96,24.0,57.06,6.61,late,loamy,13.03,0
75.64,27.87,49.1,2.64,late,loamy,9.2,0
59.0,33.43,68.77,2.97,mid_season,loamy,20.47,0
49.99,20.73,82.33,2.36,late,clay,13.48,0
63.11,24.16,82.45,4.8,development,clay,21.14,0
44.39,31.57,52.36,5.61,late,clay,3.18,0
56.05,26.42,39.35,4.24,development,sandy,1.22,0
54.96,27.73,45.79,5.16,mid_season,sandy,4.27,0
70.24,19.77,82.66,3.56,mid_season,sandy,12.02,0
55.91,25.58,45.09,0,initial,sandy,0,0
43.58,23.75,41.42,4.98,late,sandy,7.92,0
66.9,23.46,84.94,3.72,mid_season,sandy,9.79,0
41.14,21.26,80.36,3.79,mid_season,clay,10.32,0
53.09,27.89,41.57,2.54,mid_season,loamy,6.42,0
47.54,32.39,76.01,3.79,initial,clay,6.71,0
30.32,20.44,51.29,3.53,mid_season,sandy,9.47,0
62.48,30.74,36.69,4.04,initial,clay,4.03,0
46.25,18.16,75.39,0,initial,clay,0,0
66.92,26.97,63.24,3.63,mid_season,clay,0.63,0
40.21,26.73,59.02,4.58,development,loamy,20.87,0
86.9,33.11,66.27,3.1,late,loamy,13.7,0
68.02,25.3,45.95,3.03,late,loamy,7.75,0
72.03,23.65,36.08,4.95,development,clay,20.09,0
82.96,34.07,76.1,3.59,development,sandy,6.27,0
51.77,24.41,38.69,4.08,late,clay,11.53,0
61.21,21.73,65.67,0,late,sandy,0,0
21.11,22.54,46.17,4.88,initial,sandy,4.72,0
87.08,35.58,76.13,4.35,development,sandy,7.83,0
56.13,20.35,35.49,4.09,mid_season,loamy,20.59,0
48.02,35.11,40.86,4.1,mid_season,clay,8.11,0
47.76,26.31,41.51,4.41,initial,sandy,8.94,0
40.64,34.01,54.15,0,initial,loamy,0,0
26.09,32.0,47.66,3.85,development,loamy,8.68,0
26.72,19.46,65.11,2.14,mid_season,sandy,3.58,0
65.03,34.89,46.45,4.75,mid_season,sandy,7.24,0
93.9,27.0,64.25,4.45,initial,loamy,0.69,0
23.39,21.71,67.65,3.58,mid_season,clay,14.76,0
60.63,19.43,80.49,3.78,development,sandy,2.97,0
51.63,26.55,80.43,3.38,mid_season,loamy,6.23,0
67.05,20.09,69.23,5.38,late,sandy,5.4,0
47.37,34.47,36.76,6.4,initial,clay,15.23,0
26.81,25.6,62.95,2.62,initial,sandy,15.28,0
68.08,29.68,56.36,3.31,initial,loamy,3.98,0
42.1,21.57,65.45,0,late,loamy,0,1
56.72,32.33,54.26,4.25,late,sandy,3.15,0
69.25,18.31,74.31,4.09,mid_season,sandy,9.74,0
54.65,34.2,76.9,0,development,sandy,0,1
65.43,25.43,42.65,2.09,mid_season,loamy,13.79,0
68.55,20.08,51.04,5.29,late,loamy,7.24,0
61.36,35.07,38.83,0,initial,loamy,0,0
67.98,20.45,35.76,0,initial,clay,0,0
51.09,23.25,49.56,3.18,development,clay,16.44,0
44.09,29.14,70.98,3.63,mid_season,sandy,5.17,0
51.87,27.22,79.74,3.39,late,clay,2.05,0
42.47,27.93,36.53,4.71,mid_season,sandy,1.24,0
68.95,27.44,61.76,2.14,development,loamy,8.73,0
79.0,27.78,41.89,0,development,loamy,0,0
65.15,20.74,62.4,4.78,development,sandy,1.6,0
95,24.84,42.28,4.06,late,sandy,18.15,0
75.43,24.02,59.36,4.8,late,loamy,5.73,0
66.36,29.07,43.61,3.93,initial,loamy,6.12,0
28.47,20.65,37.95,3.08,initial,sandy,11.28,0
62.81,27.13,74.89,4.53,development,clay,11.87,0
64.98,28.61,37.33,5.14,late,clay,9.3,0
40.59,25.66,84.62,5.52,development,clay,5.28,0
66.05,20.79,48.21,0,development,sandy,0,0
36.79,18.9,67.64,3.53,late,loamy,6.05,0
41.37,26.26,40.29,5.14,late,clay,13.9,0
70.74,30.31,80.65,2.61,late,loamy,5.9,0
40.45,33.89,56.29,4.05,mid_season,clay,7.79,0
83.61,19.33,61.96,4.6,late,loamy,17.45,0
58.03,26.28,78.86,3.51,development,clay,18.31,0
49.54,21.15,45.85,2.33,late,clay,12.79,0
90.31,23.83,39.31,0,initial,loamy,0,0
52.8,26.27,66.01,3.93,development,clay,0.89,0
67.7,22.45,55.84,2.18,late,clay,17.28,0
45.45,29.75,39.05,6.45,development,clay,3.67,0
63.54,29.23,64.3,3.59,mid_season,clay,21.65,0
71.58,21.41,48.5,2.92,initial,loamy,2.18,0
65.12,29.12,48.34,3.69,development,sandy,20.36,0
62.92,24.14,36.02,3.31,initial,loamy,10.09,0
67.07,32.6,36.96,2.19,development,sandy,17.52,0
60.61,35.59,68.98,0,initial,clay,0,0
46.12,25.6,65.23,0,development,loamy,0,1
23.75,35.93,46.94,0,initial,sandy,0,0
66.37,27.21,40.79,5.04,initial,loamy,4.22,0
78.07,35.38,40.07,4.06,initial,loamy,7.07,0
57.88,25.07,42.12,3.86,late,sandy,10.51,0
38.44,24.08,72.94,2.71,development,clay,7.05,0
50.54,31.51,53.17,3.27,initial,sandy,5.94,0
39.82,32.88,81.08,0.66,development,sandy,7.23,0
39.93,24.18,78.47,2.3,mid_season,clay,2.87,0
23.97,31.86,43.7,5.67,late,loamy,5.93,0
38.85,20.81,66.96,2.78,mid_season,loamy,5.91,0
48.07,29.6,44.34,3.91,mid_season,sandy,12.19,0
48.84,27.28,43.66,2.56,development,clay,26.14,0
58.07,18.33,52.39,2.98,late,loamy,14.45,0
49.49,22.69,62.87,0,initial,loamy,0,0
28.54,23.0,55.55,4.98,development,clay,5.08,0
48.57,26.64,36.3,4.62,mid_season,loamy,23.44,0
61.71,27.89,52.47,5.27,initial,sandy,0.8,0
31.09,19.04,38.93,4.13,mid_season,sandy,0.42,0
75.86,19.26,72.89,5.25,development,clay,12.78,0
65.02,30.85,53.03,3.71,initial,sandy,1.5,0
63.93,30.3,56.86,0,initial,clay,0,0
67.03,33.3,44.72,3.76,mid_season,loamy,20.87,0
58.73,18.17,38.15,4.69,late,sandy,9.33,0
39.74,29.7,67.24,4.61,development,sandy,4.13,0
48.71,35.74,56.35,2.08,late,clay,12.15,0
71.58,23.25,61.37,5.5,mid_season,sandy,4.35,0
62.79,33.16,55.02,4.27,mid_season,loamy,23.92,0
68.01,25.29,59.03,3.24,late,sandy,3.96,0
48.34,24.38,48.45,4.66,development,clay,27.0,0
52.7,26.32,71.75,4.98,development,loamy,7.71,0
58.69,30.89,50.51,4.07,initial,loamy,8.59,0
48.06,25.99,80.42,3.93,late,loamy,6.48,0
17.94,23.69,36.49,5.13,late,clay,10.39,0
48.18,19.58,60.08,3.37,mid_season,loamy,11.56,0
63.7,35.5,47.13,2.41,mid_season,loamy,10.61,0
77.58,20.76,39.47,4.08,initial,loamy,8.02,0
42.86,30.27,76.06,5.61,mid_season,loamy,5.99,0
90.97,32.89,70.29,4.5,late,clay,8.88,0
76.16,33.58,83.08,4.32,initial,loamy,16.21,0
39.97,23.28,77.05,0,development,sandy,0,1
50.91,24.84,63.71,4.22,mid_season,sandy,0.07,0
69.8,34.38,50.75,3.67,development,clay,24.54,0
53.64,20.48,53.15,4.8,late,sandy,9.09,0
68.98,34.95,78.42,0,development,clay,0,0
64.66,18.75,53.72,5.9,late,clay,6.18,0
48.43,26.67,84.93,3.24,late,loamy,12.55,0
16.19,23.47,80.94,1.7,late,clay,5.95,0
63.49,23.75,69.07,2.9,mid_season,clay,14.68,0
48.11,24.92,76.24,4.91,mid_season,clay,13.58,0
74.44,33.71,84.42,0,initial,sandy,0,0
62.21,27.17,54.51,3.16,mid_season,clay,14.16,0
53.52,18.5,59.72,3.95,mid_season,sandy,14.81,0
86.98,28.56,37.81,4.27,initial,sandy,6.11,0
62.07,35.94,60.17,3.56,mid_season,loamy,23.18,0
28.97,30.95,72.19,1.96,mid_season,loamy,14.49,0
50.43,23.22,56.64,3.82,development,clay,10.71,0
55.7,26.84,65.61,0,late,sandy,0,1
46.68,34.66,45.2,3.62,initial,sandy,10.6,0
37.27,28.8,56.67,4.86,initial,clay,4.66,0
50.62,34.8,76.27,4.66,mid_season,clay,12.96,0
34.25,22.39,52.26,3.43,initial,loamy,3.02,0
46.46,21.75,63.53,4.24,development,loamy,1.94,0
50.57,31.15,65.61,5.35,late,loamy,14.0,0
37.62,25.29,50.89,1.54,mid_season,clay,8.56,0
58.22,30.96,45.43,0,development,sandy,0,1
41.55,20.19,36.77,0,development,loamy,0,1
63.64,34.45,66.62,4.77,initial,loamy,3.64,0
88.41,29.3,78.77,4.77,initial,sandy,5.63,0
65.82,30.52,82.72,6.0,late,loamy,1.75,0
37.17,21.15,35.37,0,development,loamy,0,1
30.8,33.06,44.53,3.21,initial,clay,1.21,0
60.98,27.4,80.69,5.47,late,loamy,14.68,0
63.8,24.51,39.15,5.1,late,sandy,12.42,0
56.88,20.24,66.76,4.58,mid_season,sandy,6.27,0
24.21,35.08,38.85,0,development,clay,0,1
29.71,22.85,74.82,4.75,late,clay,13.02,0
59.72,21.48,57.41,0,initial,loamy,0,0
55.22,34.12,64.61,3.64,late,clay,11.71,0
95,24.22,78.12,3.0,late,loamy,23.27,0
51.1,32.26,68.17,4.17,initial,clay,5.61,0
61.35,24.64,63.1,3.71,mid_season,loamy,6.07,0
85.5,20.04,77.63,0,development,loamy,0,0
40.55,35.69,62.78,0,mid_season,loamy,0,1
32.7,29.41,37.76,4.84,development,loamy,12.57,0
68.12,23.84,64.87,2.88,late,loamy,9.64,0
33.46,19.32,52.13,3.79,late,clay,14.78,0
53.5,33.07,60.31,4.04,late,loamy,9.39,0
67.51,27.18,65.89,3.7,development,clay,9.91,0
41.34,29.65,52.09,0,initial,clay,0,0
76.05,30.85,63.89,5.6,development,clay,17.44,0
72.48,22.69,59.23,3.55,initial,loamy,2.12,0
40.08,33.5,71.75,4.06,late,clay,8.12,0
71.23,29.25,80.94,2.94,development,sandy,10.12,0
71.76,35.21,45.32,0,initial,loamy,0,0
49.29,23.4,47.16,4.61,initial,clay,2.25,0
28.7,23.52,80.1,1.77,initial,sandy,0.03,0
30.29,33.1,49.64,6.01,late,sandy,5.81,0
34.96,21.16,61.37,4.15,initial,clay,4.06,0
35.08,20.04,57.71,6.37,late,clay,16.62,0
42.02,24.74,72.05,3.23,development,loamy,19.4,0
57.03,22.35,50.08,4.79,development,sandy,16.64,0
72.13,25.3,39.58,4.03,initial,sandy,15.22,0
72.23,28.12,82.8,5.85,initial,sandy,1.72,0
52.32,20.63,43.86,1.81,mid_season,loamy,18.98,0
40.15,30.39,54.89,4.66,late,loamy,17.48,0
60.17,20.03,50.28,5.16,mid_season,loamy,13.81,0
79.99,31.09,62.05,0,late,loamy,0,0
61.4,30.8,66.43,4.04,development,sandy,10.39,0
27.84,26.08,64.76,3.86,initial,clay,2.84,0
31.42,34.28,83.83,3.95,mid_season,sandy,3.16,0
36.59,26.17,73.4,4.62,initial,sandy,3.87,0
53.33,27.44,83.88,3.62,initial,clay,9.99,0
31.9,27.32,73.17,3.93,late,loamy,0.08,0
39.48,20.77,73.38,3.41,mid_season,sandy,14.88,0
59.11,27.37,64.79,3.09,late,loamy,13.95,0
57.99,27.93,74.08,3.74,development,sandy,0.99,0
30.48,29.59,71.15,4.01,initial,loamy,0.36,0
54.82,31.51,66.21,2.38,mid_season,clay,17.58,0
63.95,18.55,82.64,3.27,development,clay,9.44,0
55.96,25.11,35.6,2.6,late,loamy,12.45,0
64.32,20.66,83.55,3.64,mid_season,loamy,13.18,0
46.19,31.76,40.57,2.88,mid_season,sandy,8.22,0
58.05,30.17,36.58,0,development,loamy,0,0
34.29,33.64,39.09,0,initial,clay,0,0
66.3,33.03,58.83,4.51,mid_season,clay,13.15,0
11.24,19.78,35.39,0,development,sandy,0,1
55.04,32.75,35.46,5.19,late,clay,5.92,0
72.49,22.06,67.79,0,late,clay,0,0
43.01,30.86,58.51,0,initial,clay,0,0
43.12,20.1,51.48,3.3,late,loamy,14.49,0
56.6,21.42,43.88,3.91,mid_season,loamy,22.16,0
58.97,27.13,45.66,2.91,mid_season,sandy,1.27,0
27.79,18.21,81.29,7.21,initial,clay,10.48,0
94.49,18.11,77.98,5.27,mid_season,loamy,2.43,0
69.49,29.76,57.8,0,late,clay,0,0
31.3,18.8,47.99,0,late,clay,0,1
85.9,22.38,84.74,5.37,initial,loamy,1.71,0
51.9,20.84,51.36,1.99,development,sandy,3.78,0
51.0,21.61,75.21,4.13,development,loamy,2.91,0
70.27,23.99,51.69,4.34,initial,sandy,15.66,0
30.53,34.1,58.07,4.02,initial,sandy,3.01,0
41.68,35.89,70.49,3.8,mid_season,loamy,6.99,0
52.49,21.91,73.71,4.45,mid_season,loamy,3.6,0
52.43,32.17,59.27,3.0,late,loamy,16.67,0
61.2,26.07,55.54,5.21,initial,clay,5.32,0
61.48,35.98,66.73,3.44,development,loamy,3.31,0
47.3,28.48,53.29,3.89,mid_season,sandy,10.79,0
63.41,20.49,83.98,3.32,mid_season,sandy,0.21,0
42.81,23.25,43.23,0,development,sandy,0,1
94.63,30.97,45.03,4.04,development,sandy,14.01,0
76.26,22.95,64.43,3.5,initial,loamy,11.34,0
48.4,34.05,67.14,4.56,initial,sandy,9.23,0
40.62,26.75,62.95,3.64,mid_season,loamy,18.68,0
44.85,32.0,55.34,4.48,mid_season,clay,16.2,0
76.87,18.94,53.54,3.78,late,clay,13.31,0
73.87,26.53,40.76,4.39,development,loamy,2.44,0
47.19,28.04,55.47,2.12,late,sandy,4.24,0
34.16,27.8,80.84,4.61,development,sandy,7.76,0
28.67,32.67,35.95,4.46,late,sandy,12.48,0
39.31,30.28,49.97,4.25,initial,sandy,2.66,0
60.06,34.17,75.95,3.65,initial,clay,5.59,0
90.97,23.08,41.95,3.55,initial,loamy,3.49,0
24.15,23.59,37.49,4.15,development,loamy,13.89,0
44.54,21.1,69.94,3.9,initial,clay,7.85,0
51.53,31.51,53.12,5.28,development,loamy,13.07,0
63.57,19.43,56.84,2.08,mid_season,loamy,4.14,0
18.44,22.26,73.01,6.19,mid_season,sandy,6.55,0
54.63,18.55,36.52,2.19,mid_season,loamy,1.05,0
37.95,31.37,79.18,4.42,mid_season,clay,11.36,0
51.7,35.95,67.6,3.13,development,clay,13.22,0
53.32,22.14,69.74,3.08,late,clay,18.16,0
30.06,26.2,37.9,2.41,development,sandy,11.57,0
64.65,29.02,39.63,2.11,development,loamy,2.68,0
66.34,34.14,44.62,5.06,initial,sandy,4.65,0
28.87,25.18,76.91,0,development,clay,0,1
33.74,33.15,58.13,0,initial,clay,0,0
64.57,33.56,51.83,2.74,initial,clay,3.31,0
61.5,34.69,81.81,0,mid_season,clay,0,0
45.16,26.3,75.72,0,initial,sandy,0,0
42.98,32.99,46.7,5.05,mid_season,clay,9.09,0
9.33,32.48,69.72,3.75,development,sandy,17.73,0
50.45,35.49,71.56,2.56,late,sandy,9.54,0
48.0,34.06,78.09,0,initial,clay,0,0
40.68,19.01,42.61,3.9,mid_season,clay,0.79,0
18.97,29.13,79.02,3.65,development,sandy,3.03,0
50.41,19.35,79.5,5.88,mid_season,sandy,6.19,0
55.81,35.55,57.83,2.53,development,loamy,10.6,0
65.15,35.42,53.7,4.76,mid_season,loamy,13.89,0
45.53,28.14,46.37,4.62,mid_season,clay,4.26,0
5,32.44,35.2,5.69,development,loamy,1.78,0
84.05,35.07,47.94,2.16,initial,loamy,1.18,0
56.85,20.88,67.9,3.82,late,loamy,21.03,0
69.97,35.69,83.86,0,initial,loamy,0,0
58.38,19.41,35.33,4.89,late,clay,6.85,0
62.98,22.14,51.55,5.21,mid_season,clay,5.06,0
44.68,22.76,80.07,2.55,late,sandy,10.5,0
40.21,28.32,36.23,4.2,development,clay,0.7,0
10.69,30.55,55.18,4.38,initial,loamy,2.24,0
59.62,21.56,68.62,0,late,sandy,0,1
57.61,26.8,48.61,0,initial,sandy,0,0
63.51,34.64,70.13,3.88,late,sandy,8.45,0
72.26,31.4,39.81,3.76,late,clay,1.12,0
35.41,30.22,63.34,0,development,loamy,0,1
31.3,20.55,38.03,5.11,late,sandy,12.33,0
63.0,27.13,76.56,0,development,loamy,0,0
38.35,18.48,60.83,2.98,mid_season,clay,5.74,0
31.6,26.82,47.32,3.81,late,clay,9.88,0
56.79,28.59,76.3,4.45,late,sandy,1.48,0
24.58,18.9,45.36,2.02,mid_season,clay,10.81,0
70.05,18.05,84.48,0,development,loamy,0,0
70.79,31.15,46.1,0,mid_season,sandy,0,0
56.4,21.31,70.09,3.32,initial,sandy,9.75,0
40.34,35.36,77.01,0,development,loamy,0,1
83.68,27.09,51.72,2.97,development,loamy,16.84,0
60.27,19.53,66.2,5.25,mid_season,clay,12.57,0
56.32,29.9,59.27,2.09,late,loamy,13.84,0
84.48,18.38,65.43,1.63,late,loamy,0.53,0
64.01,31.29,39.29,4.12,late,clay,15.09,0
62.74,20.73,35.16,4.13,initial,clay,6.24,0
54.51,23.68,40.45,4.1,initial,clay,3.93,0
31.21,32.07,76.81,4.46,initial,clay,4.3,0
40.47,19.57,35.85,3.32,mid_season,sandy,1.12,0
62.3,19.31,74.4,4.05,mid_season,loamy,21.79,0
58.81,25.63,50.42,2.47,development,clay,4.91,0
93.31,34.09,48.43,4.21,late,loamy,5.85,0
40.16,32.8,46.35,1.92,mid_season,clay,15.07,0
49.28,23.44,58.62,0,initial,sandy,0,0
43.74,22.17,49.73,0,development,sandy,0,1
33.21,18.5,62.4,4.51,development,clay,13.35,0
51.0,21.24,50.11,4.31,mid_season,loamy,14.4,0
58.85,28.0,50.47,2.74,late,sandy,1.39,0
64.21,18.55,62.88,4.05,late,loamy,15.92,0
55.18,30.32,62.82,0,initial,clay,0,0
53.04,29.46,46.61,3.98,late,loamy,2.7,0
84.11,18.09,41.56,0,initial,sandy,0,0
72.82,32.09,47.84,4.89,development,loamy,7.83,0
77.85,20.85,76.54,3.77,mid_season,loamy,21.13,0
62.54,31.03,71.85,3.92,mid_season,clay,9.23,0
49.73,20.02,36.86,0,initial,loamy,0,0
51.13,27.83,52.42,3.32,development,clay,11.87,0
61.82,35.83,57.35,2.05,initial,clay,4.0,0
45.83,34.48,37.39,2.73,mid_season,clay,22.35,0
90.59,35.21,53.11,4.19,mid_season,sandy,22.3,0
63.82,33.58,37.27,0,development,sandy,0,0
60.9,28.2,75.85,0,development,clay,0,0
35.63,19.64,45.55,3.48,late,loamy,13.36,0
42.05,31.36,61.78,4.37,development,loamy,3.18,0
15.38,19.0,36.33,4.41,development,loamy,11.52,0
29.99,21.4,38.86,3.16,late,sandy,5.93,0
69.95,25.97,59.49,2.6,mid_season,sandy,8.54,0
74.55,35.63,65.5,3.07,initial,loamy,7.91,0
44.92,29.14,69.24,4.22,mid_season,loamy,13.86,0
65.4,26.1,49.44,5.9,development,loamy,0.02,0
58.59,21.38,68.33,4.53,development,clay,3.14,0
42.37,25.68,42.23,2.2,late,loamy,8.52,0
27.29,29.77,48.68,3.41,development,loamy,13.26,0
28.03,31.44,65.72,5.03,initial,sandy,14.42,0
41.96,24.11,79.43,3.28,late,clay,17.64,0
17.95,19.68,70.35,1.44,mid_season,loamy,13.68,0
59.85,27.43,55.88,2.33,development,loamy,10.0,0
77.11,33.41,60.47,3.06,mid_season,clay,15.48,0
34.49,27.59,50.64,5.29,mid_season,loamy,5.23,0
38.38,34.65,78.15,0,development,sandy,0,1
71.01,29.82,56.35,5.16,mid_season,loamy,14.74,0
56.88,18.55,75.65,3.44,mid_season,sandy,2.34,0
36.74,19.19,68.17,4.66,mid_season,sandy,21.47,0
61.7,23.12,56.3,2.79,mid_season,clay,29.05,0
44.27,18.41,47.7,5.08,mid_season,clay,23.74,0
30.78,21.84,35.12,0,initial,clay,0,0
74.37,20.02,84.1,3.82,mid_season,sandy,13.97,0
81.75,23.99,52.13,3.54,mid_season,loamy,16.03,0
52.55,35.2,74.93,2.52,mid_season,clay,11.35,0
77.0,21.44,56.55,4.26,development,loamy,15.27,0
64.88,27.03,65.02,4.55,development,clay,12.43,0
68.53,26.65,80.77,0,development,sandy,0,0
66.02,25.73,63.59,6.91,development,loamy,2.11,0
39.86,31.41,35.24,2.89,mid_season,clay,20.38,0
72.06,28.95,78.98,3.59,mid_season,loamy,19.66,0
72.55,30.01,64.81,3.97,development,loamy,2.91,0
85.16,35.4,43.54,3.61,development,sandy,9.67,0
91.89,32.84,67.96,0,late,sandy,0,0
87.65,28.44,79.18,4.03,late,sandy,17.28,0
69.21,18.6,84.88,4.04,mid_season,sandy,10.93,0
62.1,25.73,65.48,0,mid_season,sandy,0,0
76.26,29.21,47.79,3.56,late,clay,4.59,0
40.53,18.21,68.75,4.01,initial,clay,6.54,0
90.2,34.5,77.02,4.03,initial,sandy,6.38,0
56.4,31.72,79.36,5.47,late,clay,5.76,0
53.16,30.07,57.42,5.02,initial,clay,10.43,0
87.07,30.54,81.97,4.48,development,sandy,6.79,0
95,32.93,43.37,0,mid_season,sandy,0,0
57.22,21.07,66.61,3.83,late,clay,3.04,0
57.13,19.57,51.49,0,initial,sandy,0,0
60.59,19.76,48.11,4.06,mid_season,loamy,7.72,0
45.5,30.21,59.8,0,initial,sandy,0,0
48.61,23.75,45.48,5.08,development,loamy,4.67,0
94.16,28.7,62.55,4.52,mid_season,clay,10.84,0
70.77,34.81,39.79,3.28,development,loamy,12.19,0
46.33,27.01,81.1,4.23,late,sandy,11.35,0
71.39,30.4,35.25,3.98,development,clay,10.46,0
58.78,21.98,57.4,3.65,initial,loamy,13.8,0
71.81,30.24,66.96,2.37,development,clay,2.17,0
55.04,35.37,57.77,3.29,mid_season,sandy,7.47,0
70.12,31.04,78.97,5.5,mid_season,sandy,18.56,0
95,26.93,35.13,4.79,initial,clay,1.51,0
53.82,29.53,52.46,3.23,development,loamy,7.76,0
45.29,21.16,43.55,0,initial,sandy,0,0
28.61,33.76,60.79,5.8,mid_season,loamy,4.9,0
73.59,19.82,51.96,2.87,development,sandy,17.16,0
52.89,31.07,81.2,0,initial,sandy,0,0
54.24,35.17,39.81,0,initial,clay,0,0
31.72,35.19,81.96,4.81,mid_season,clay,13.21,0
63.2,29.18,57.43,4.63,late,sandy,1.41,0
78.54,25.1,48.45,3.65,late,clay,15.07,0
72.41,28.16,69.93,0,late,sandy,0,0
50.9,24.82,76.63,3.96,development,loamy,12.72,0
71.56,22.93,49.57,2.91,mid_season,sandy,13.58,0
50.69,24.47,51.53,3.68,development,clay,11.45,0
23.22,29.21,65.49,4.59,late,loamy,8.9,0
66.81,18.27,64.41,2.68,initial,sandy,11.0,0
60.11,31.61,43.36,2.99,mid_season,loamy,15.69,0
48.71,21.91,50.55,0,late,clay,0,0
44.8,24.46,63.52,4.37,initial,clay,10.63,0
33.19,27.04,73.78,3.36,late,loamy,21.76,0
48.15,31.05,50.02,0,initial,loamy,0,0
43.65,21.15,48.76,2.31,mid_season,loamy,16.61,0
68.84,28.83,84.52,2.4,late,loamy,7.3,0
38.04,32.09,72.8,6.54,late,clay,13.75,0
46.15,20.12,53.4,0,late,sandy,0,1
83.24,18.14,37.2,3.74,development,loamy,8.58,0
78.13,33.25,68.56,3.95,late,sandy,15.4,0
82.17,34.83,61.0,4.23,mid_season,sandy,6.32,0
60.77,26.89,39.73,5.57,initial,clay,0.98,0
94.93,29.38,59.79,3.96,initial,clay,10.27,0
50.18,35.14,62.56,0,initial,sandy,0,0
49.59,31.84,49.53,3.73,initial,loamy,8.68,0
77.7,20.6,76.27,4.26,mid_season,sandy,10.99,0
48.96,34.01,62.12,1.43,mid_season,loamy,1.73,0
48.28,29.67,61.55,4.37,development,loamy,2.83,0
56.66,27.15,36.05,0,initial,loamy,0,0
17.87,20.58,46.73,4.5,development,clay,7.15,0
72.13,20.1,51.4,3.03,initial,clay,9.81,0
82.62,25.33,49.08,4.24,late,clay,11.06,0
52.42,18.96,60.57,4.0,initial,loamy,10.38,0
11.55,30.05,64.6,3.44,mid_season,sandy,0.46,0
49.13,23.97,65.74,3.59,mid_season,sandy,0.87,0
46.58,22.36,45.93,0,initial,clay,0,0
64.67,21.35,73.31,4.8,initial,clay,13.45,0
69.38,32.36,40.26,0,initial,sandy,0,0
69.53,18.59,42.16,3.22,development,sandy,21.82,0
50.72,24.7,42.7,4.67,development,clay,11.75,0
59.46,21.98,84.6,0,development,loamy,0,0
53.86,19.62,61.39,4.24,late,sandy,14.0,0
41.25,34.74,38.4,4.83,mid_season,clay,14.43,0
53.99,24.21,36.62,3.79,mid_season,loamy,10.88,0
47.67,26.3,60.22,0,initial,sandy,0,0
50.17,31.13,68.7,0,initial,loamy,0,0
52.7,34.67,62.5,4.03,mid_season,clay,18.12,0
90.84,23.56,78.33,3.99,late,clay,11.63,0
67.08,30.99,72.42,5.82,development,loamy,8.76,0
64.14,21.14,62.07,3.85,mid_season,clay,2.86,0
63.41,25.74,53.1,1.5,late,clay,9.68,0
32.83,18.95,73.36,2.72,late,sandy,11.52,0
67.18,27.96,58.24,3.54,late,clay,8.36,0
40.29,32.89,69.89,2.18,mid_season,clay,19.66,0
72.32,34.69,82.77,2.94,initial,clay,13.63,0
82.61,29.29,38.31,3.05,late,sandy,9.14,0
76.25,31.17,79.29,4.36,mid_season,sandy,12.16,0
63.27,33.61,58.44,4.9,mid_season,sandy,5.16,0
63.03,32.67,50.78,5.26,mid_season,clay,23.66,0
91.01,28.18,59.52,0,mid_season,sandy,0,0
45.01,25.65,57.99,4.71,mid_season,sandy,5.87,0
66.93,27.05,42.07,3.21,mid_season,clay,9.99,0
59.34,27.69,71.84,5.06,initial,clay,18.19,0
54.45,21.61,42.76,3.94,initial,loamy,12.82,0
50.81,34.41,48.36,0,initial,clay,0,0
38.33,32.25,61.2,1.86,late,clay,12.67,0
76.62,30.9,38.9,2.24,development,loamy,10.61,0
43.52,19.1,58.38,2.93,late,loamy,11.36,0
59.88,22.58,77.24,3.59,development,loamy,13.43,0
69.72,35.93,84.11,3.45,mid_season,clay,9.4,0
95,22.23,59.98,3.4,late,loamy,3.18,0
65.96,27.96,83.2,4.27,mid_season,sandy,15.66,0
66.32,22.86,64.9,2.01,mid_season,clay,2.4,0
59.3,29.64,67.05,3.61,mid_season,clay,15.0,0
17.05,28.43,60.47,0,initial,loamy,0,0
66.11,32.28,81.83,0,initial,clay,0,0
57.23,28.1,75.38,4.89,late,clay,8.61,0
40.11,26.57,60.03,4.98,late,sandy,17.16,0
95,21.51,84.5,6.37,mid_season,clay,4.35,0
30.01,32.07,59.14,1.68,mid_season,loamy,12.4,0
46.51,25.86,76.7,3.24,mid_season,clay,23.45,0
52.37,24.41,68.13,5.51,development,clay,1.78,0
48.47,19.62,74.94,5.77,late,clay,2.95,0
40.08,27.45,62.89,2.39,initial,loamy,7.53,0
65.2,21.82,63.99,3.38,development,loamy,4.1,0
66.22,35.94,70.77,3.14,late,clay,18.4,0
86.93,32.78,79.62,4.36,initial,sandy,5.38,0
54.25,30.64,84.4,4.76,late,clay,12.01,0
42.26,34.15,77.08,4.48,mid_season,loamy,4.7,0
69.11,24.82,78.68,3.06,mid_season,sandy,14.69,0
7.75,34.56,77.01,4.08,initial,clay,0.79,0
66.16,20.02,73.27,5.96,development,sandy,13.6,0
74.78,25.08,55.71,0,mid_season,loamy,0,0
95,23.75,39.41,3.77,mid_season,clay,8.32,0
83.66,27.07,55.33,0,initial,sandy,0,0
62.25,29.48,71.38,3.6,development,sandy,3.62,0
56.15,28.79,35.51,0,late,clay,0,0
55.61,23.41,38.8,0,initial,loamy,0,0
68.28,25.43,62.85,3.14,development,sandy,10.94,0
58.77,23.72,59.28,4.28,initial,sandy,11.87,0
61.01,33.31,81.18,3.73,mid_season,loamy,20.05,0
52.39,23.08,53.31,3.68,mid_season,clay,5.9,0
40.47,18.15,79.66,5.58,initial,sandy,10.62,0
82.07,25.43,77.12,3.7,late,sandy,9.76,0
61.15,35.05,38.24,4.02,mid_season,clay,6.67,0
33.25,31.05,44.05,3.97,late,loamy,9.41,0
63.76,20.79,47.98,2.97,initial,sandy,1.97,0
49.13,23.47,77.32,0,late,loamy,0,1
35.98,27.91,51.99,3.07,initial,loamy,9.85,0
56.23,34.32,38.89,1.74,development,clay,8.31,0
72.74,20.27,35.63,4.08,late,sandy,10.87,0
61.04,31.1,84.83,5.29,initial,loamy,0.34,0
66.17,33.45,79.89,4.07,mid_season,sandy,21.17,0
75.32,24.48,39.37,4.89,late,clay,10.26,0
48.79,26.07,42.34,3.5,initial,loamy,10.48,0
78.48,24.29,36.99,4.83,mid_season,sandy,8.22,0
90.66,19.0,51.39,3.62,late,clay,16.74,0
29.14,29.31,41.47,3.09,mid_season,sandy,2.5,0
53.8,33.93,76.29,3.08,mid_season,sandy,4.78,0
17.38,19.23,58.87,4.7,mid_season,loamy,19.46,0
73.01,18.95,54.26,4.41,mid_season,clay,20.53,0
81.55,29.99,62.54,0,mid_season,loamy,0,0
22.56,22.98,68.15,4.97,development,sandy,1.79,0
95,35.42,42.72,2.89,mid_season,clay,18.04,0
75.78,28.71,80.33,2.72,mid_season,clay,0.12,0
52.2,21.98,49.01,2.99,mid_season,clay,24.36,0
71.58,21.76,83.94,6.18,mid_season,clay,2.16,0
40.13,32.12,65.94,5.46,development,loamy,7.27,0
50.39,30.24,78.9,5.7,mid_season,loamy,13.09,0
42.36,31.13,84.22,1.94,development,loamy,10.89,0
62.27,22.25,42.57,4.87,mid_season,sandy,10.92,0
47.28,28.59,48.85,2.9,mid_season,loamy,1.77,0
27.64,31.18,69.25,3.17,development,sandy,9.89,0
73.61,22.04,38.1,6.1,late,sandy,12.89,0
38.8,20.13,64.38,4.54,initial,loamy,5.41,0
81.98,29.82,38.35,4.57,initial,clay,2.35,0
80.61,32.05,37.33,3.69,development,clay,10.88,0
57.7,23.92,61.62,3.98,mid_season,loamy,12.12,0
47.46,35.53,42.02,4.54,late,loamy,4.85,0
33.49,19.24,72.15,4.57,mid_season,clay,6.32,0
32.59,20.79,42.63,4.5,development,sandy,7.14,0
51.3,30.46,46.64,4.44,initial,clay,7.94,0
54.26,29.44,55.46,3.8,late,sandy,2.18,0
83.09,30.68,58.84,3.65,late,sandy,4.67,0
5,22.32,72.31,5.64,development,loamy,0.44,0
57.09,33.67,52.78,4.14,mid_season,sandy,8.94,0
69.01,27.74,84.9,2.3,development,clay,4.22,0
12.78,21.35,81.56,3.34,development,clay,11.86,0
55.72,30.93,63.78,5.49,late,sandy,15.23,0
94.88,28.89,39.58,5.36,mid_season,clay,29.17,0
61.72,30.73,73.91,4.49,initial,sandy,1.32,0
61.78,28.35,78.77,3.79,mid_season,clay,21.51,0
30.79,26.27,57.55,4.09,mid_season,sandy,6.93,0
66.4,33.7,53.85,6.19,late,clay,10.41,0
37.66,24.85,63.69,3.48,development,clay,15.26,0
65.79,31.21,75.87,0,initial,sandy,0,0
48.92,24.52,44.11,4.54,late,clay,16.46,0
55.61,19.9,36.57,0,development,clay,0,0
57.25,30.93,53.95,1.4,development,clay,11.56,0
47.29,21.34,59.23,3.69,mid_season,clay,4.82,0
58.7,25.04,41.95,2.99,mid_season,clay,13.16,0
43.81,23.42,48.23,3.31,development,clay,1.95,0
10.19,32.19,50.14,2.64,late,loamy,12.64,0
59.93,28.4,72.41,0,initial,sandy,0,0
80.56,19.68,49.47,3.53,development,loamy,1.53,0
75.11,28.76,51.84,3.83,mid_season,sandy,22.53,0
14.92,31.92,46.63,5.0,late,clay,7.59,0
51.66,20.57,51.91,4.03,mid_season,clay,16.97,0
84.52,35.02,78.38,2.09,mid_season,sandy,11.41,0
26.0,24.61,76.78,0,initial,loamy,0,0
74.26,25.6,39.68,6.8,initial,sandy,3.52,0
45.15,29.65,83.57,4.28,initial,clay,8.92,0
36.95,29.1,37.58,5.02,initial,sandy,2.78,0
45.03,19.36,59.74,3.53,late,loamy,11.83,0
71.9,25.81,70.3,6.1,development,loamy,6.87,0
52.9,22.46,69.44,3.75,initial,clay,14.13,0
82.57,18.13,52.62,0,late,clay,0,0
75.76,27.73,47.68,4.52,late,sandy,0.55,0
60.07,29.39,59.13,2.56,mid_season,clay,15.0,0
57.53,18.89,46.82,4.86,development,sandy,8.37,0
66.62,22.6,75.74,6.94,development,sandy,6.54,0
29.29,20.67,76.85,5.91,late,loamy,9.33,0
61.08,32.8,37.05,0,development,clay,0,0
29.12,18.29,36.55,3.25,initial,loamy,9.8,0
59.36,31.95,38.2,3.32,mid_season,sandy,25.29,0
34.54,35.02,61.04,4.72,initial,clay,3.45,0
51.55,26.55,57.25,4.35,mid_season,clay,20.75,0
54.26,23.1,35.38,3.22,development,loamy,3.32,0
57.51,34.83,50.64,3.92,mid_season,loamy,9.16,0
61.01,20.9,45.13,4.06,initial,sandy,0.5,0
65.95,26.21,78.19,2.53,late,loamy,13.97,0
50.47,27.85,84.1,3.93,development,sandy,4.55,0
63.24,21.25,36.79,4.71,mid_season,sandy,10.8,0
73.15,25.41,72.16,3.73,development,sandy,13.17,0
42.64,28.02,61.14,5.76,mid_season,clay,5.21,0
77.62,18.77,80.25,4.21,late,loamy,4.86,0
83.27,31.95,73.29,0,mid_season,sandy,0,0
77.29,33.77,45.11,7.24,mid_season,loamy,27.89,0
75.53,21.69,50.83,1.85,mid_season,loamy,12.54,0
47.9,29.16,39.06,0,development,sandy,0,1
54.28,25.37,64.43,5.38,initial,sandy,0.72,0
5.02,21.99,77.66,2.9,mid_season,loamy,12.59,0
54.85,34.1,76.86,4.7,development,clay,10.42,0
66.34,35.57,54.88,3.73,mid_season,loamy,16.26,0
95,23.77,44.89,0,initial,sandy,0,0
72.05,24.39,72.66,2.97,mid_season,sandy,9.7,0
58.21,19.72,71.27,5.2,development,loamy,3.94,0
53.66,31.32,72.98,3.94,initial,clay,0.22,0
69.19,24.28,52.03,5.15,late,sandy,7.92,0
80.53,21.6,53.01,4.77,mid_season,clay,12.97,0
31.89,18.17,73.03,3.14,initial,sandy,7.79,0
70.08,23.99,82.39,5.6,late,sandy,12.4,0
67.81,27.12,67.15,5.61,mid_season,clay,22.64,0
45.02,33.33,43.08,1.55,late,loamy,13.57,0
44.9,27.14,76.24,4.82,development,loamy,11.12,0
48.02,19.24,43.5,4.2,initial,loamy,13.61,0
42.31,23.42,84.75,4.26,development,clay,10.6,0
53.52,18.43,39.38,3.56,development,loamy,7.71,0
33.09,27.31,52.26,5.1,late,clay,18.0,0
75.46,31.2,75.05,1.93,mid_season,clay,14.5,0
39.98,28.69,77.18,3.68,mid_season,sandy,6.13,0
41.94,26.01,76.42,3.91,development,clay,13.22,0
47.93,22.35,43.71,4.29,late,clay,7.31,0
66.16,35.44,84.56,4.87,initial,sandy,5.24,0
69.33,31.27,59.46,3.36,late,clay,22.08,0
73.82,25.97,63.68,5.72,development,clay,7.44,0
39.9,31.76,48.51,0,initial,clay,0,0
41.27,23.63,47.86,2.29,development,loamy,2.35,0
61.95,31.92,68.96,4.8,late,sandy,12.15,0
57.66,19.89,60.4,4.45,initial,sandy,12.07,0
76.9,29.91,67.63,5.65,mid_season,sandy,9.17,0
31.8,26.24,43.1,8.03,mid_season,sandy,19.61,0
33.97,23.09,59.13,4.09,mid_season,loamy,17.18,0
67.59,19.61,68.36,5.4,late,clay,16.11,0
58.98,32.21,38.32,3.94,late,clay,5.82,0
70.72,19.99,70.35,4.51,development,loamy,16.18,0
65.71,31.3,61.9,0,initial,loamy,0,0
58.66,34.11,58.01,2.79,development,clay,7.69,0
10.67,18.14,81.12,5.21,late,loamy,20.22,0
59.23,34.92,45.03,0,mid_season,clay,0,0
90.74,31.77,36.78,3.84,initial,loamy,10.53,0
58.13,35.46,67.46,0,development,clay,0,0
18.75,21.74,81.87,3.12,late,clay,8.67,0
38.72,24.54,70.98,5.46,initial,sandy,5.45,0
86.23,21.14,65.93,2.7,initial,clay,18.96,0
42.39,23.03,50.66,0,mid_season,sandy,0,1
66.61,18.13,36.77,4.62,late,loamy,7.2,0
70.14,31.59,37.63,0,initial,clay,0,0
52.58,33.16,44.41,6.46,development,sandy,10.2,0
72.29,34.89,81.87,4.59,initial,clay,13.06,0
42.96,32.31,37.54,3.17,late,sandy,4.39,0
52.46,18.21,61.2,4.97,mid_season,sandy,13.28,0
64.65,24.93,63.47,2.62,mid_season,sandy,15.55,0
59.68,18.42,50.92,3.51,initial,sandy,16.61,0
49.03,29.86,35.4,3.69,initial,loamy,1.76,0
71.47,28.53,63.63,2.19,mid_season,sandy,21.02,0
83.57,29.27,81.14,3.07,development,loamy,5.17,0
47.51,32.39,56.83,0,initial,clay,0,0
54.01,18.09,52.81,4.2,development,sandy,26.63,0
79.17,18.61,74.37,0,late,clay,0,0
33.15,29.57,75.53,4.64,mid_season,sandy,2.32,0
36.96,29.39,84.84,0,late,sandy,0,1
85.59,33.65,63.88,4.37,development,loamy,2.06,0
58.57,24.83,38.75,6.69,mid_season,sandy,2.59,0
34.18,25.1,40.39,4.11,late,clay,15.88,0
53.44,28.94,38.18,4.03,late,clay,11.3,0
33.16,31.11,80.27,3.81,mid_season,sandy,15.76,0
69.36,35.34,42.07,2.53,development,loamy,14.26,0
74.16,25.24,61.0,5.91,late,sandy,17.52,0
95,35.16,69.52,0,initial,loamy,0,0
51.31,18.39,71.52,0,initial,sandy,0,0
56.13,31.19,46.39,4.1,initial,sandy,11.63,0
49.93,31.55,48.65,3.21,late,loamy,12.05,0
72.77,29.57,47.04,5.7,late,loamy,5.83,0
54.65,27.44,35.31,3.86,late,sandy,4.75,0
46.15,21.09,77.33,4.12,late,sandy,17.94,0
63.55,27.78,44.92,4.97,late,sandy,9.33,0
51.06,35.72,77.48,3.84,initial,loamy,2.03,0
69.69,29.94,68.0,4.57,development,loamy,5.58,0
45.26,25.42,51.3,0,mid_season,sandy,0,1
50.74,21.67,48.23,4.13,development,loamy,4.69,0
25.84,33.11,60.14,4.9,mid_season,loamy,5.59,0
52.93,31.43,57.4,3.86,mid_season,loamy,24.13,0
40.19,27.73,50.62,6.09,development,sandy,5.33,0
60.79,24.2,52.09,3.79,development,loamy,9.38,0
18.75,23.1,44.11,3.7,development,clay,12.37,0
35.93,34.25,70.58,2.73,development,loamy,10.99,0
44.93,35.07,77.21,3.06,mid_season,clay,4.71,0
80.79,23.19,43.44,5.47,late,clay,19.11,0
33.83,26.41,62.22,6.18,development,clay,9.98,0
92.38,34.32,41.7,3.17,mid_season,clay,8.59,0
39.81,32.43,41.03,3.39,late,clay,7.32,0
56.15,27.5,83.72,3.16,development,clay,12.64,0
49.89,25.67,36.91,6.22,initial,clay,3.54,0
57.01,30.83,44.99,4.7,mid_season,sandy,28.15,0
41.34,21.86,57.8,3.15,initial,loamy,3.9,0
87.79,34.77,75.07,3.8,mid_season,clay,14.6,0
41.52,31.22,47.75,5.02,mid_season,sandy,14.01,0
42.71,26.2,59.76,4.64,mid_season,clay,8.99,0
60.19,25.0,77.04,4.6,initial,loamy,13.41,0
51.72,35.73,62.34,2.88,initial,loamy,5.78,0
44.2,20.4,42.37,3.66,development,loamy,0.47,0
47.94,26.86,58.01,4.02,initial,loamy,7.7,0
54.77,24.35,48.21,0,development,sandy,0,1
48.75,35.47,60.68,3.52,mid_season,loamy,1.77,0
18.19,27.39,51.27,3.13,initial,loamy,11.33,0
37.13,22.82,40.76,3.02,development,sandy,5.47,0
37.17,21.64,57.27,4.15,mid_season,sandy,10.48,0
52.75,25.28,35.56,0,mid_season,loamy,0,0
68.99,31.55,78.5,4.31,initial,clay,3.74,0
95,24.8,84.24,0,late,loamy,0,0
57.51,31.19,52.17,4.13,development,clay,9.04,0
35.86,28.05,41.86,0,late,sandy,0,1
57.42,18.36,59.32,5.36,development,loamy,15.64,0
68.0,24.02,59.42,5.06,mid_season,clay,9.65,0
42.94,24.56,76.78,3.8,mid_season,loamy,17.15,0
57.43,28.7,84.08,3.27,development,loamy,2.8,0
32.36,26.38,78.28,5.45,late,clay,15.93,0
41.15,27.44,40.25,4.51,initial,sandy,6.64,0
32.1,28.39,38.74,3.98,mid_season,sandy,3.72,0
70.25,25.88,64.76,0,late,clay,0,0
42.19,27.54,37.15,3.89,initial,loamy,10.56,0
39.2,23.86,74.13,4.39,late,loamy,9.59,0
72.54,25.48,64.69,0,initial,sandy,0,0
17.09,29.67,50.17,3.06,mid_season,loamy,10.27,0
50.1,30.1,41.13,0,initial,sandy,0,0
32.11,33.66,69.55,5.44,late,sandy,4.91,0
77.41,22.94,69.31,6.56,mid_season,sandy,23.69,0
27.77,32.7,81.68,4.45,mid_season,loamy,1.49,0
51.75,21.64,69.86,2.61,development,loamy,2.02,0
31.53,24.73,44.36,4.69,mid_season,clay,7.52,0
62.05,32.72,53.76,3.13,development,loamy,0.21,0
50.54,28.34,79.35,4.64,mid_season,sandy,13.39,0
34.46,29.29,73.5,0,late,clay,0,1
49.42,32.99,38.34,3.8,late,loamy,8.2,0
61.55,35.32,37.7,4.39,development,loamy,5.16,0
79.98,18.07,58.9,3.97,late,sandy,8.7,0
58.19,35.74,70.8,0,initial,clay,0,0
84.5,31.62,79.34,5.35,initial,loamy,2.33,0
39.68,23.95,50.25,2.64,mid_season,sandy,7.46,0
52.09,26.07,36.46,3.58,late,loamy,12.64,0
65.31,23.96,64.05,1.78,mid_season,loamy,5.19,0
57.94,26.39,47.72,4.26,development,sandy,6.47,0
35.96,22.38,63.94,3.93,mid_season,loamy,14.44,0
36.03,28.26,45.63,4.96,initial,clay,5.04,0
39.18,29.71,63.6,4.9,late,loamy,7.94,0
41.43,21.6,58.32,4.11,late,loamy,21.66,0
55.51,25.51,47.76,1.27,initial,sandy,1.76,0
33.68,27.69,80.48,2.97,initial,sandy,5.66,0
52.43,26.3,66.78,4.44,development,clay,2.36,0
40.9,20.26,83.91,5.6,late,loamy,3.25,0
47.98,20.92,81.53,5.28,mid_season,loamy,13.68,0
57.07,28.33,35.98,3.3,development,clay,9.19,0
61.1,31.99,58.08,3.24,development,loamy,12.07,0
51.56,32.56,64.19,4.84,initial,clay,9.21,0
30.91,31.39,55.4,0,late,clay,0,1
64.74,34.99,46.71,0,late,sandy,0,0
69.11,24.69,59.49,1.93,initial,clay,0.83,0
51.31,35.91,50.87,5.5,initial,sandy,5.52,0
68.38,34.08,67.01,4.36,development,sandy,8.16,0
54.56,20.84,83.54,3.39,development,clay,13.15,0
28.93,34.73,58.19,3.71,development,sandy,19.12,0
25.37,24.83,63.12,4.5,mid_season,sandy,0.07,0
25.43,32.38,52.9,3.12,development,loamy,20.17,0
41.68,22.12,50.53,5.21,mid_season,loamy,8.93,0
47.02,27.54,72.87,0,initial,sandy,0,0
71.56,23.26,63.6,0,initial,sandy,0,0
59.12,25.64,65.26,0,development,sandy,0,1
39.89,30.28,57.75,5.08,late,clay,5.72,0
77.07,24.68,82.45,2.31,initial,loamy,0.06,0
47.95,33.66,84.12,2.91,mid_season,loamy,13.82,0
69.92,20.42,67.51,3.63,initial,clay,4.65,0
37.78,24.52,69.18,3.77,initial,clay,17.64,0
56.66,24.72,46.25,3.5,development,sandy,13.58,0
61.21,18.55,42.28,4.89,initial,sandy,10.23,0
59.44,28.14,69.13,4.69,late,loamy,19.9,0
54.4,29.44,62.77,2.67,late,loamy,17.8,0
66.13,18.7,81.6,0,initial,clay,0,0
65.78,34.59,45.13,4.1,late,loamy,13.66,0
66.51,32.76,41.76,2.97,initial,clay,16.37,0
56.24,30.72,46.76,4.87,initial,loamy,0.79,0
61.15,18.96,52.04,0,late,clay,0,0
50.01,27.34,45.17,0,development,loamy,0,1
63.17,35.29,75.91,4.28,mid_season,clay,4.21,0
40.38,24.77,47.18,4.0,mid_season,sandy,11.96,0
48.2,21.45,79.61,0,mid_season,loamy,0,1
65.7,30.12,52.03,3.83,initial,sandy,0.77,0
39.13,23.45,66.77,4.72,mid_season,clay,4.33,0
56.59,35.4,41.41,2.72,late,clay,6.01,0
48.7,35.17,41.88,3.6,development,sandy,4.58,0
49.43,24.48,82.65,3.07,development,clay,13.32,0
57.06,29.67,42.21,4.69,late,clay,5.2,0
35.93,18.32,48.47,4.63,development,sandy,11.06,0
34.22,22.81,49.73,0,initial,loamy,0,0
51.94,19.2,80.59,3.73,mid_season,clay,14.09,0
75.24,34.83,58.36,4.87,late,sandy,8.36,0
61.54,28.64,65.12,0,initial,clay,0,0
43.45,18.47,44.54,5.55,late,loamy,19.67,0
58.01,23.97,65.53,2.99,mid_season,loamy,18.66,0
85.4,31.05,76.46,6.02,mid_season,sandy,1.59,0
43.75,26.84,54.05,4.14,late,clay,12.07,0
31.06,35.27,70.54,2.55,late,loamy,18.45,0
61.47,24.68,80.18,5.08,late,sandy,13.42,0
46.53,30.16,38.27,0,initial,clay,0,0
41.12,35.9,38.8,2.7,initial,sandy,10.48,0
66.26,20.61,80.49,4.95,initial,clay,7.53,0
56.53,36.0,79.34,3.9,mid_season,sandy,7.46,0
40.49,22.27,62.63,3.36,initial,sandy,6.99,0
58.56,25.69,67.4,4.77,initial,clay,3.75,0
80.74,31.45,53.95,4.12,mid_season,sandy,19.78,0
54.66,25.09,38.11,4.72,late,clay,5.58,0
44.02,24.02,52.58,0,development,loamy,0,1
62.23,35.47,63.05,4.55,late,loamy,20.85,0
44.26,30.81,75.01,3.71,late,clay,12.71,0
47.89,34.57,49.84,4.06,mid_season,sandy,11.55,0
71.85,24.13,68.49,3.48,initial,clay,13.22,0
10.57,31.69,46.35,4.42,mid_season,loamy,17.81,0
64.19,34.12,57.81,4.14,initial,clay,14.98,0
95,30.95,82.55,5.08,development,loamy,9.84,0
43.16,30.34,75.31,4.19,initial,clay,6.41,0
88.04,18.76,35.21,4.52,initial,loamy,2.7,0
67.37,21.49,83.51,3.01,development,loamy,16.93,0
48.18,28.02,57.1,2.11,development,loamy,10.7,0
41.15,30.94,80.66,6.0,late,clay,11.43,0
84.37,33.23,75.46,3.65,mid_season,clay,12.36,0
48.84,22.94,66.34,5.61,late,clay,5.36,0
85.84,34.57,37.19,3.5,initial,sandy,4.94,0
24.2,27.85,77.21,5.05,development,clay,10.6,0
89.42,34.82,38.58,0,development,loamy,0,0
60.27,35.64,45.99,2.25,mid_season,loamy,4.3,0
48.21,18.82,60.6,4.14,late,clay,15.56,0
63.45,22.31,50.15,0,development,sandy,0,0
48.29,28.18,37.29,3.75,mid_season,sandy,12.26,0
78.46,19.07,62.18,3.5,mid_season,clay,8.99,0
82.15,25.24,44.88,6.19,development,sandy,22.06,0
52.55,18.15,80.66,0,development,clay,0,0
43.51,33.53,63.52,2.62,initial,clay,1.67,0
65.16,21.95,40.75,2.59,late,sandy,10.91,0
49.05,29.75,53.3,2.78,initial,loamy,3.54,0
95,23.18,73.58,4.75,development,loamy,20.75,0
57.72,33.1,59.49,0,initial,sandy,0,0
47.72,19.5,60.37,4.78,development,loamy,15.49,0
56.99,34.22,58.62,4.02,development,clay,1.99,0
30.72,26.75,56.08,3.26,mid_season,clay,18.11,0
34.97,26.54,80.77,4.07,mid_season,sandy,10.4,0
32.47,24.64,72.4,3.82,late,loamy,6.25,0
52.01,22.32,81.97,0,initial,clay,0,0
45.54,22.58,49.03,4.45,late,loamy,4.1,0
65.8,29.28,52.08,5.39,mid_season,loamy,19.79,0
88.73,35.3,45.64,4.84,development,clay,4.53,0
44.61,26.88,77.84,3.2,mid_season,loamy,8.26,0
51.97,26.12,67.24,4.87,initial,clay,12.02,0
45.11,29.56,80.23,4.08,development,sandy,3.69,0
54.5,23.3,35.73,3.71,development,sandy,5.81,0
51.66,18.04,82.44,4.12,mid_season,clay,1.39,0
92.12,21.31,78.45,0,late,clay,0,0
73.94,28.12,75.33,3.31,mid_season,sandy,12.33,0
41.58,23.32,40.94,5.48,development,loamy,11.92,0
65.45,35.69,64.76,0,initial,sandy,0,0
48.07,29.53,43.81,4.1,initial,clay,13.78,0
73.43,19.62,64.58,3.4,late,clay,11.67,0
43.86,33.01,63.47,3.09,initial,sandy,5.41,0
68.19,20.41,80.13,4.07,initial,sandy,5.31,0
64.43,32.98,65.47,5.65,mid_season,clay,12.23,0
25.11,32.97,71.81,4.01,development,sandy,17.83,0
78.87,20.38,41.76,3.35,initial,sandy,2.89,0
69.39,30.45,77.02,3.26,mid_season,sandy,13.8,0
48.69,33.76,56.45,4.37,mid_season,sandy,18.95,0
62.55,25.48,62.54,4.88,development,sandy,7.65,0
65.72,22.17,57.84,3.49,mid_season,sandy,12.36,0
37.88,19.39,75.56,5.14,mid_season,clay,9.7,0
77.36,24.63,63.07,4.62,late,clay,19.61,0
30.27,34.97,74.23,0,development,clay,0,1
74.71,35.5,74.59,4.4,mid_season,sandy,2.25,0
71.06,33.91,38.18,3.59,late,clay,8.72,0
70.0,22.17,68.74,3.47,late,clay,7.43,0
51.23,21.78,37.99,6.47,late,sandy,9.62,0
39.97,19.28,73.26,3.79,mid_season,loamy,21.3,0
55.36,27.33,68.74,5.54,mid_season,clay,26.2,0
65.3,18.19,70.85,2.37,initial,sandy,0.45,0
35.88,27.17,73.23,5.3,mid_season,loamy,10.48,0
66.55,24.47,42.31,3.64,late,clay,15.05,0
81.6,22.26,68.37,0,initial,sandy,0,0
45.37,20.63,46.31,1.9,mid_season,clay,4.41,0
95,28.81,77.16,3.84,development,sandy,0.74,0
57.98,33.24,35.51,2.21,mid_season,clay,14.07,0
49.29,19.51,80.67,4.55,mid_season,sandy,9.3,0
28.54,24.08,51.65,5.57,late,sandy,5.83,0
68.26,23.29,53.57,0,development,sandy,0,0
38.71,22.18,47.42,4.84,late,loamy,4.84,0
46.7,24.87,52.0,3.65,late,sandy,12.74,0
12.14,34.06,76.74,4.96,development,loamy,13.45,0
39.6,20.53,80.05,4.09,development,sandy,4.73,0
40.2,23.87,59.73,2.18,development,clay,15.06,0
28.33,24.53,39.78,4.44,development,sandy,8.02,0
95,21.92,66.18,4.26,development,clay,7.17,0
68.36,18.88,44.55,0,initial,loamy,0,0
54.97,23.55,42.23,0,initial,loamy,0,0
61.96,35.92,45.55,0,initial,loamy,0,0
74.92,24.15,60.87,0,late,sandy,0,0
48.98,29.62,36.56,2.78,late,clay,5.76,0
55.32,29.57,47.49,5.07,mid_season,clay,6.41,0
44.27,22.75,39.01,4.88,late,loamy,3.79,0
83.2,22.65,48.76,4.24,mid_season,loamy,12.32,0
43.74,26.71,75.74,0,mid_season,sandy,0,1
30.58,21.78,78.77,3.64,late,clay,14.98,0
80.33,25.58,82.94,3.41,initial,sandy,4.05,0
43.92,24.05,60.87,3.8,initial,clay,12.92,0
79.34,20.57,80.87,4.24,mid_season,loamy,13.92,0
64.9,32.2,42.84,2.14,development,sandy,3.53,0
82.13,24.3,51.97,0,late,sandy,0,0
14.6,20.86,62.89,4.08,initial,sandy,6.28,0
47.02,25.41,37.8,3.14,mid_season,sandy,1.05,0
42.65,30.88,43.92,3.73,late,clay,10.85,0
54.3,33.64,66.12,0,late,loamy,0,0
34.07,30.73,80.33,5.45,late,sandy,4.84,0
45.96,20.15,79.32,0,initial,loamy,0,0
35.41,25.33,39.55,2.31,initial,sandy,2.19,0
72.26,20.44,68.56,4.24,mid_season,sandy,14.2,0
61.27,22.0,84.16,0,mid_season,sandy,0,0
52.8,20.21,80.92,3.73,late,clay,5.96,0
84.73,27.13,50.49,0,development,sandy,0,0
55.1,20.12,37.79,3.69,late,clay,3.54,0
84.16,34.78,58.63,0,late,sandy,0,0
9.94,35.14,35.34,3.54,mid_season,loamy,2.71,0
66.2,18.17,55.98,3.01,development,sandy,13.62,0
46.46,32.75,45.82,4.15,initial,loamy,2.61,0
45.24,25.87,83.66,3.6,mid_season,sandy,11.55,0
53.15,35.4,63.59,4.19,development,sandy,17.48,0
63.25,19.8,49.76,0,development,sandy,0,0
31.0,30.99,40.63,4.15,initial,sandy,9.46,0
90.95,18.58,48.98,2.41,mid_season,clay,6.98,0
65.7,20.46,54.82,0,initial,sandy,0,0
50.08,29.61,68.68,1.78,mid_season,sandy,6.82,0
52.32,30.96,55.24,0,initial,loamy,0,0
54.33,34.22,37.57,2.13,development,sandy,2.31,0
46.4,22.11,84.71,2.27,mid_season,clay,12.7,0
83.09,27.57,42.91,4.05,late,clay,10.15,0
54.17,19.45,47.17,2.85,development,loamy,7.5,0
61.29,19.47,51.91,3.21,initial,clay,4.93,0
32.68,28.92,79.61,0.85,late,sandy,9.58,0
79.4,29.03,84.06,4.23,late,loamy,5.62,0
27.83,20.56,77.71,3.83,mid_season,clay,10.94,0
50.25,25.54,37.15,4.3,development,clay,10.11,0
24.24,30.23,48.23,0,late,loamy,0,1
69.8,30.13,69.8,4.2,mid_season,sandy,11.77,0
39.59,24.96,66.24,3.9,late,sandy,3.01,0
41.25,24.21,81.63,3.66,mid_season,loamy,6.68,0
31.42,28.06,83.09,4.53,late,sandy,2.16,0
39.0,23.08,42.2,6.96,mid_season,sandy,14.53,0
19.48,25.46,63.92,0,mid_season,loamy,0,1
48.51,21.77,77.67,2.81,mid_season,clay,10.54,0
55.44,34.92,77.19,4.99,development,loamy,6.64,0
53.75,24.58,50.49,3.97,late,sandy,23.47,0
40.26,34.51,37.98,3.59,mid_season,loamy,9.49,0
47.66,33.26,45.76,4.33,development,loamy,6.23,0
64.66,31.63,82.42,4.82,mid_season,clay,11.34,0
33.28,20.66,51.73,3.21,mid_season,loamy,16.98,0
33.82,29.14,36.34,4.13,late,loamy,9.09,0
58.24,18.86,35.5,4.67,development,clay,8.58,0
56.1,27.74,79.3,3.72,initial,sandy,5.57,0
92.59,26.39,74.88,3.11,mid_season,clay,18.29,0
53.29,21.32,58.8,2.94,initial,loamy,1.2,0
74.83,22.83,56.52,2.77,mid_season,sandy,11.07,0
50.81,27.34,73.69,3.97,mid_season,sandy,8.92,0
65.37,32.4,51.47,0,development,sandy,0,0
58.4,28.88,57.33,5.71,initial,loamy,0.37,0
28.54,27.87,40.43,3.99,development,clay,13.64,0
23.47,29.17,75.04,4.14,initial,sandy,0.18,0
59.12,28.57,62.25,3.19,development,loamy,16.68,0
65.55,29.72,43.91,3.71,development,clay,6.12,0
36.94,18.95,39.1,0,late,loamy,0,1
55.25,30.97,84.2,0,late,sandy,0,1
43.7,27.17,38.37,2.68,mid_season,sandy,3.42,0
53.91,30.97,81.02,4.73,development,loamy,13.0,0
40.84,29.48,64.43,4.95,development,loamy,1.5,0
47.33,19.97,80.59,0,development,sandy,0,1
49.57,26.65,83.59,4.53,mid_season,clay,10.9,0
61.72,28.07,55.86,5.49,initial,sandy,5.54,0
54.94,32.49,67.71,3.48,development,sandy,12.39,0
13.96,20.38,48.49,2.76,late,loamy,9.36,0
63.96,26.35,75.39,2.99,development,clay,4.44,0
53.35,20.69,46.89,0,mid_season,loamy,0,0
65.52,26.64,74.97,5.13,late,sandy,4.72,0
56.27,22.08,35.84,5.98,late,sandy,2.38,0
42.81,34.58,47.72,4.01,initial,sandy,4.02,0
58.2,19.41,53.89,3.22,development,loamy,5.63,0
16.23,27.64,44.89,5.74,mid_season,loamy,7.57,0
69.79,19.49,46.2,4.19,mid_season,loamy,13.77,0
54.29,32.2,58.34,0,late,clay,0,0
58.58,30.99,39.87,5.62,late,loamy,12.89,0
23.74,27.81,53.26,5.6,mid_season,clay,1.07,0
78.16,20.43,84.05,3.96,mid_season,loamy,9.25,0
41.75,23.96,46.84,0,mid_season,clay,0,1
62.31,23.48,67.4,3.35,late,loamy,8.12,0
57.2,24.59,77.13,3.94,development,clay,13.16,0
65.68,26.04,53.52,4.02,initial,loamy,17.12,0
63.05,32.17,56.27,3.62,initial,clay,16.81,0
83.71,21.01,45.12,5.31,mid_season,loamy,16.97,0
45.58,31.3,53.39,5.24,late,sandy,17.42,0
40.97,29.09,48.16,5.2,mid_season,loamy,16.08,0
54.97,18.25,78.43,5.76,late,clay,11.83,0
42.91,27.95,73.73,3.15,mid_season,clay,9.08,0
45.32,28.78,38.16,2.15,initial,loamy,7.86,0
42.4,27.99,80.22,4.68,development,clay,0.48,0
61.36,33.27,59.35,5.2,late,sandy,9.52,0
56.43,26.96,50.91,6.52,mid_season,clay,14.82,0
50.98,31.88,44.91,6.02,development,sandy,4.56,0
56.59,19.38,82.95,3.56,development,sandy,1.97,0
48.09,23.26,35.12,2.82,development,sandy,12.19,0
55.55,35.72,56.57,0,late,loamy,0,0
36.77,25.67,81.16,0,initial,clay,0,0
58.54,23.7,53.6,4.45,late,sandy,20.33,0
59.93,30.64,64.85,2.39,mid_season,sandy,7.92,0
75.09,18.34,43.02,0,late,sandy,0,0
39.53,30.96,75.75,5.3,late,sandy,7.46,0
36.54,29.38,44.26,4.72,late,clay,5.4,0
42.46,19.62,42.86,4.19,mid_season,clay,4.85,0
53.48,19.9,36.15,0,initial,sandy,0,0
45.67,25.06,74.43,4.47,development,loamy,1.41,0
74.68,27.84,44.82,2.34,initial,sandy,5.88,0
61.39,22.91,58.53,5.04,development,loamy,6.83,0
55.04,33.48,56.04,4.16,mid_season,sandy,17.27,0
50.72,22.39,68.07,2.98,development,sandy,1.29,0
51.9,18.15,39.8,4.68,development,loamy,14.72,0
36.33,25.31,57.02,5.11,development,loamy,16.7,0
65.2,29.36,51.18,3.78,late,loamy,12.17,0
43.25,28.66,83.76,1.84,late,loamy,1.08,0
12.49,19.67,47.3,0,initial,loamy,0,0
52.85,30.24,83.46,3.84,development,loamy,4.0,0
57.56,28.36,59.86,1.92,mid_season,clay,14.95,0
36.58,32.25,82.53,4.78,mid_season,clay,14.93,0
62.55,21.55,77.56,3.62,initial,loamy,1.6,0
76.97,33.34,61.2,4.29,initial,clay,6.31,0
56.85,28.53,44.83,6.05,development,clay,15.59,0
48.72,32.59,42.75,0,development,clay,0,0
55.59,32.64,46.38,0,late,clay,0,0
82.53,25.79,41.43,2.83,development,loamy,6.43,0
60.37,19.07,40.84,4.63,initial,sandy,15.61,0
70.99,28.33,79.42,3.64,mid_season,loamy,23.84,0
22.26,32.94,72.73,3.32,mid_season,clay,0.98,0
73.85,33.41,38.69,5.79,development,loamy,4.83,0
75.81,22.52,61.81,5.62,mid_season,sandy,11.52,0
72.82,18.12,74.59,6.5,mid_season,loamy,13.71,0
72.41,25.08,84.74,3.62,mid_season,clay,4.55,0
62.49,27.44,66.44,0,initial,clay,0,0
15.08,19.42,82.18,0,initial,clay,0,0
47.21,20.73,45.13,3.88,development,sandy,14.34,0
31.35,34.7,80.02,3.58,mid_season,loamy,16.43,0
75.59,28.78,60.51,6.33,development,sandy,2.45,0
40.45,31.66,72.53,5.37,development,sandy,8.59,0
63.43,19.57,81.07,0,late,sandy,0,0
69.97,23.2,71.03,0,initial,sandy,0,0
40.64,30.97,65.31,0,initial,clay,0,0
42.62,32.55,36.45,5.03,development,sandy,3.36,0
56.0,32.46,71.34,4.93,development,clay,15.12,0
53.64,29.66,49.65,4.5,initial,sandy,6.39,0
53.63,22.08,81.22,2.66,mid_season,loamy,12.47,0
68.54,34.53,38.19,3.45,development,sandy,10.53,0
64.16,33.67,57.26,5.48,mid_season,clay,13.33,0
57.03,21.83,45.17,6.13,mid_season,sandy,9.01,0
40.31,22.68,77.19,4.33,late,sandy,8.32,0
75.85,33.73,83.82,0,initial,sandy,0,0
77.93,20.31,70.99,2.91,late,loamy,15.63,0
55.39,31.77,42.39,3.55,mid_season,clay,2.74,0
54.85,31.26,62.32,5.9,late,loamy,2.59,0
95,35.69,52.11,5.77,late,sandy,5.0,0
48.08,28.8,80.36,1.63,development,clay,16.89,0
46.2,22.03,43.91,3.07,development,clay,8.03,0
51.12,20.84,83.33,2.23,development,sandy,7.2,0
47.75,27.27,38.94,0,initial,loamy,0,0
36.67,34.97,70.23,6.11,development,sandy,5.04,0
43.88,19.57,63.26,4.01,mid_season,sandy,12.9,0
49.62,26.51,69.96,5.35,initial,loamy,11.3,0
95,22.12,39.57,3.43,development,loamy,12.56,0
59.16,29.81,75.82,3.58,initial,sandy,0.38,0
57.51,27.67,42.33,0,initial,sandy,0,0
18.81,22.07,70.81,5.0,late,loamy,11.04,0
61.99,35.32,36.69,0,mid_season,clay,0,0
56.3,29.64,45.2,4.21,mid_season,sandy,5.06,0
41.36,21.75,71.61,3.57,mid_season,loamy,18.66,0
40.17,34.78,63.45,2.46,late,clay,18.47,0
59.89,19.23,76.56,0,development,clay,0,0
94.26,33.67,84.28,2.81,late,loamy,13.17,0
50.87,35.76,71.56,4.41,late,loamy,8.41,0
46.49,35.57,71.24,5.02,development,sandy,7.69,0
53.04,31.02,71.12,0,initial,clay,0,0
93.18,30.91,72.31,3.73,initial,clay,11.43,0
56.96,25.23,70.17,3.42,late,sandy,17.9,0
39.45,30.43,83.41,3.64,late,sandy,7.24,0
37.48,31.87,48.92,4.95,development,sandy,7.56,0
46.74,29.73,70.35,4.53,initial,clay,0.42,0
7.68,33.22,39.88,3.67,late,clay,18.41,0
22.54,20.23,53.25,2.3,development,clay,18.79,0
47.04,27.97,73.13,0,initial,sandy,0,0
68.39,31.74,55.11,2.93,mid_season,clay,17.92,0
68.48,35.37,82.46,4.02,late,loamy,18.2,0
74.71,18.16,83.45,3.89,initial,loamy,8.16,0
31.62,34.39,84.91,3.01,initial,clay,2.48,0
77.81,20.2,65.91,5.07,mid_season,sandy,9.72,0
74.5,34.58,46.18,4.18,late,sandy,6.03,0
56.23,34.01,44.36,2.43,late,clay,16.54,0
29.54,18.52,35.44,4.34,mid_season,loamy,6.21,0
52.87,25.97,53.92,3.05,development,clay,4.85,0
44.95,36.0,70.21,3.92,late,clay,12.61,0
45.52,33.81,56.99,4.92,late,loamy,3.97,0
76.33,32.97,56.4,5.76,development,clay,4.13,0
44.33,19.17,66.45,3.59,initial,sandy,3.99,0
33.41,31.09,37.46,3.6,initial,clay,3.55,0
65.88,31.01,50.83,3.43,late,loamy,11.44,0
46.6,18.19,48.96,3.78,late,loamy,16.61,0
70.35,34.28,56.78,6.35,mid_season,clay,12.51,0
57.87,26.78,35.8,2.34,late,clay,11.2,0
92.74,24.93,60.06,4.77,late,sandy,14.44,0
45.67,27.76,84.34,3.79,late,sandy,6.04,0
39.68,23.55,82.29,0,initial,loamy,0,0
42.85,27.23,36.61,0,initial,loamy,0,0
81.0,35.78,56.02,4.32,late,sandy,11.17,0
35.69,22.51,63.87,5.28,mid_season,loamy,20.3,0
68.13,20.59,51.96,4.14,mid_season,sandy,9.42,0
67.55,28.71,60.15,0,development,loamy,0,0
49.53,30.59,74.98,1.98,development,clay,6.8,0
50.12,23.16,50.05,4.77,development,sandy,19.97,0
72.26,31.64,83.94,3.81,initial,loamy,9.75,0
55.88,29.31,49.41,2.71,development,loamy,6.26,0
84.88,30.08,77.14,3.56,development,clay,6.93,0
45.6,29.11,39.14,3.81,development,clay,4.64,0
82.59,24.48,71.65,4.96,late,clay,13.72,0
64.08,31.85,41.74,0,initial,sandy,0,0
43.53,25.85,70.93,3.06,late,clay,8.47,0
46.36,20.83,76.92,3.93,late,sandy,3.04,0
18.06,24.71,83.75,4.86,development,loamy,10.14,0
35.76,23.32,44.54,3.88,mid_season,loamy,2.83,0
81.35,22.69,53.31,2.51,late,sandy,7.95,0
32.91,25.72,64.25,3.94,late,sandy,8.04,0
74.01,19.14,53.85,3.25,development,loamy,8.6,0
63.26,32.11,49.15,3.11,late,loamy,8.97,0
73.41,23.25,40.11,4.67,late,clay,4.92,0
41.0,31.02,49.39,3.69,initial,sandy,13.09,0
49.8,20.28,68.64,4.23,late,loamy,9.62,0
52.83,22.87,51.01,4.6,development,sandy,10.92,0
51.44,20.18,74.01,3.93,late,loamy,6.46,0
41.06,21.16,63.59,4.04,late,loamy,15.01,0
28.02,32.72,82.25,2.48,late,clay,12.04,0
74.47,20.65,68.58,3.52,development,loamy,4.95,0
33.88,33.07,56.25,5.79,initial,sandy,7.46,0
73.4,20.99,57.56,4.02,mid_season,loamy,18.63,0
41.75,30.34,35.36,2.71,late,sandy,5.59,0
68.65,34.48,45.34,2.85,mid_season,sandy,3.78,0
35.45,33.8,70.52,0,late,clay,0,1
45.35,26.27,44.14,3.39,late,loamy,3.2,0
64.76,33.11,53.52,2.72,initial,sandy,9.09,0
75.8,19.2,57.35,5.8,initial,sandy,13.75,0
65.47,30.73,60.55,3.31,late,sandy,15.59,0
16.83,26.14,66.73,3.21,mid_season,loamy,4.89,0
33.89,31.31,43.07,0,development,loamy,0,1
15.41,24.01,35.81,0,initial,clay,0,0
48.3,30.23,59.78,0,initial,clay,0,0
15.12,28.87,65.22,3.71,development,clay,13.63,0
52.81,34.75,69.4,4.54,initial,clay,20.23,0
87.47,35.32,35.7,4.55,mid_season,sandy,0.37,0
63.53,34.2,68.08,2.82,development,clay,7.97,0
71.02,27.86,52.25,4.67,development,clay,7.75,0
42.18,34.09,59.11,4.22,late,sandy,3.98,0
48.56,29.51,83.94,3.35,mid_season,clay,17.49,0
54.66,31.8,38.68,5.0,late,clay,2.41,0
88.11,34.93,46.64,3.49,development,clay,6.44,0
35.01,23.65,50.89,4.83,late,clay,1.83,0
62.89,31.56,66.87,4.28,late,sandy,3.43,0
62.28,29.71,55.25,4.1,mid_season,sandy,3.14,0
22.65,26.78,50.25,3.49,initial,clay,2.47,0
70.28,32.78,63.24,2.95,mid_season,sandy,1.35,0
14.92,34.24,52.75,3.05,development,sandy,1.18,0
40.93,33.04,59.84,3.55,development,loamy,16.96,0
68.85,25.7,49.38,0,development,loamy,0,0
58.85,18.88,68.16,2.77,late,sandy,8.84,0
60.23,31.88,36.11,4.96,development,clay,22.37,0
45.01,20.24,38.35,3.07,mid_season,loamy,14.71,0
74.0,26.95,44.97,4.73,late,loamy,9.41,0
61.03,32.46,77.54,4.57,development,sandy,0.05,0
55.18,33.78,58.09,3.27,initial,clay,12.14,0
64.91,21.47,56.76,3.41,initial,sandy,4.61,0
46.3,35.64,49.0,5.73,mid_season,clay,8.96,0
62.68,22.87,52.33,2.7,mid_season,clay,13.33,0
82.68,18.75,65.51,0,initial,loamy,0,0
42.89,29.3,65.86,6.04,late,clay,13.87,0
56.36,18.56,45.03,3.62,development,sandy,3.34,0
59.55,35.23,81.88,0,initial,loamy,0,0
59.58,23.52,77.75,3.85,initial,loamy,9.0,0
70.09,25.1,67.69,3.74,late,sandy,3.25,0
68.48,29.76,42.17,4.89,development,sandy,13.0,0
76.57,24.02,46.97,4.44,mid_season,clay,15.14,0
49.07,18.38,51.6,5.14,mid_season,sandy,13.44,0
83.54,26.64,44.08,5.36,development,loamy,13.58,0
36.48,30.89,83.71,2.48,initial,loamy,5.4,0
62.87,35.62,70.4,4.66,development,clay,8.22,0
45.96,18.01,84.13,3.85,development,sandy,4.53,0
56.38,20.36,54.57,5.31,late,clay,5.82,0
94.1,22.09,84.99,3.43,development,clay,7.91,0
46.76,35.12,51.77,1.35,mid_season,clay,10.71,0
63.37,23.76,56.37,2.95,initial,sandy,0.87,0
63.06,32.09,64.61,3.74,late,sandy,17.56,0
60.71,22.86,40.7,5.91,initial,sandy,5.86,0
49.29,18.55,47.77,0,initial,clay,0,0
50.28,31.62,40.18,3.92,development,sandy,1.88,0
55.08,33.79,82.15,1.64,mid_season,clay,14.62,0
28.78,24.66,47.41,4.73,initial,sandy,9.08,0
62.82,22.6,81.94,2.7,development,clay,10.09,0
27.63,25.03,56.91,3.17,late,loamy,8.73,0
51.93,18.92,79.11,5.27,development,clay,11.71,0
72.96,32.58,52.78,4.67,late,clay,1.29,0
54.87,26.36,57.97,0,development,loamy,0,0
64.6,24.19,62.41,3.37,development,sandy,4.33,0
64.72,24.21,53.61,4.51,late,sandy,2.75,0
72.15,31.08,83.38,2.81,late,loamy,8.86,0
59.29,28.05,62.27,3.0,development,sandy,4.86,0
53.53,29.72,35.79,3.74,development,sandy,10.89,0
45.03,19.89,61.96,4.75,development,clay,4.0,0
54.22,24.96,68.93,4.12,mid_season,sandy,0.5,0
28.53,33.29,84.83,3.31,development,clay,9.73,0
58.16,30.29,61.09,0,initial,clay,0,0
33.77,33.82,51.67,5.65,initial,sandy,1.61,0
38.51,30.85,47.77,0,development,sandy,0,1
42.59,35.67,38.68,4.32,initial,loamy,7.83,0
19.02,20.04,79.1,0,initial,sandy,0,0
94.75,31.67,48.02,3.34,mid_season,loamy,19.58,0
52.48,26.09,40.11,5.35,mid_season,clay,14.95,0
76.02,27.27,47.11,5.14,late,sandy,13.32,0
64.64,24.19,63.08,1.9,mid_season,sandy,11.51,0
77.09,26.76,60.05,4.79,initial,loamy,10.25,0
18.92,21.51,73.3,3.82,initial,sandy,5.97,0
45.46,21.08,52.51,3.37,late,clay,6.44,0
45.14,20.45,47.44,3.44,late,clay,19.3,0
24.83,22.88,65.52,0,development,sandy,0,1
61.08,30.12,41.24,3.79,mid_season,sandy,14.16,0
61.37,35.41,66.5,4.81,mid_season,clay,8.03,0
88.49,34.87,71.9,2.64,development,sandy,4.74,0
63.13,29.33,83.52,0,initial,clay,0,0
77.08,27.86,74.69,5.08,late,clay,6.18,0
32.71,18.7,35.19,0,development,loamy,0,1
92.67,19.44,66.5,1.96,late,clay,12.69,0
71.8,32.26,71.44,3.31,initial,clay,0.39,0
50.85,21.11,83.23,4.43,mid_season,loamy,12.93,0
66.53,30.35,36.07,2.23,late,clay,24.06,0
63.08,29.01,82.7,4.95,mid_season,loamy,1.85,0
53.42,30.78,76.9,4.05,initial,sandy,9.95,0
43.77,30.72,62.13,2.95,development,sandy,14.5,0
77.58,22.45,78.93,2.81,development,loamy,0.49,0
65.38,18.67,64.14,3.55,late,clay,2.44,0
54.77,27.04,73.87,3.08,development,sandy,6.56,0
38.72,34.41,69.09,3.03,mid_season,clay,14.52,0
32.91,29.05,44.31,0,mid_season,clay,0,1
55.79,21.24,61.04,4.61,late,loamy,11.0,0
55.36,19.81,72.91,4.43,mid_season,loamy,3.31,0
36.51,35.06,41.89,2.99,mid_season,loamy,5.61,0
38.73,18.8,63.39,4.86,initial,loamy,7.34,0
79.86,34.69,49.25,5.46,initial,clay,3.35,0
38.98,27.86,50.5,5.95,late,sandy,0.65,0
39.12,33.32,69.62,4.92,development,clay,13.43,0
10.91,35.08,69.71,5.72,late,clay,15.6,0
60.97,31.19,69.91,5.42,late,loamy,10.68,0
77.5,31.87,82.51,0,development,clay,0,0
31.03,25.03,55.5,0,development,loamy,0,1
63.16,22.53,62.12,5.05,development,loamy,4.45,0
58.02,35.04,41.08,4.21,development,clay,7.9,0
36.54,26.95,74.23,4.6,late,clay,26.2,0
53.03,22.4,51.65,0,initial,loamy,0,0
46.7,32.31,53.54,4.13,development,sandy,2.54,0
55.19,35.89,82.48,3.95,late,loamy,1.08,0
63.86,26.77,73.15,0,mid_season,clay,0,0
39.95,28.31,44.61,3.61,mid_season,sandy,2.64,0
36.51,32.14,67.36,5.35,late,clay,10.79,0
70.7,19.94,55.47,5.07,mid_season,sandy,9.18,0
45.33,30.63,79.96,4.05,development,clay,7.38,0
48.42,18.02,52.73,2.57,late,loamy,16.08,0
66.5,32.83,73.07,4.36,mid_season,clay,10.16,0
43.23,30.56,45.44,0,mid_season,loamy,0,1
36.76,30.9,56.26,5.39,initial,loamy,7.57,0
61.27,33.26,77.99,5.35,initial,clay,8.4,0
90.49,22.33,49.08,3.24,late,loamy,10.68,0
60.79,21.95,63.57,0,development,sandy,0,0
66.1,30.7,54.92,5.1,initial,clay,4.14,0
79.27,31.98,52.57,3.19,initial,loamy,0.22,0
77.07,25.61,52.25,3.22,development,sandy,9.94,0
27.19,19.66,67.45,2.76,mid_season,sandy,17.51,0
36.76,18.01,35.09,0,initial,clay,0,0
60.17,19.22,53.61,5.74,development,sandy,7.53,0
67.39,20.25,37.85,5.21,initial,clay,11.27,0
65.64,26.14,69.33,3.5,initial,clay,20.86,0
42.16,34.69,70.31,3.11,mid_season,loamy,7.6,0
71.95,18.13,45.88,3.02,mid_season,sandy,5.03,0
48.92,18.09,83.67,5.3,initial,loamy,9.01,0
29.56,29.65,68.14,3.53,late,clay,15.22,0
49.31,24.55,71.21,3.04,initial,sandy,3.07,0
69.24,30.93,51.34,4.62,late,loamy,8.63,0
83.69,27.49,72.07,2.97,initial,sandy,2.26,0
28.28,28.47,63.29,1.55,initial,clay,3.29,0
38.92,25.6,48.68,4.7,development,sandy,10.54,0
18.6,35.33,51.15,3.26,late,sandy,10.34,0
42.97,26.69,47.2,3.52,late,sandy,19.2,0
47.15,21.29,54.98,5.0,late,loamy,9.64,0
31.29,31.07,77.67,3.73,late,clay,3.5,0
59.7,32.45,54.12,4.99,development,clay,21.05,0
42.49,26.71,56.31,3.34,mid_season,clay,12.44,0
39.94,19.43,73.15,6.75,initial,sandy,1.94,0
23.09,31.36,73.55,5.22,development,loamy,14.01,0
61.67,28.87,57.01,4.95,development,clay,6.04,0
50.99,18.05,83.93,4.8,late,sandy,11.38,0
42.02,21.18,39.91,5.19,development,clay,2.99,0
42.44,32.1,42.16,0,late,sandy,0,1
9.75,18.36,73.87,0,late,sandy,0,1
34.03,27.46,66.53,4.16,mid_season,clay,5.71,0
51.95,34.24,78.35,4.67,mid_season,sandy,1.32,0
54.23,23.57,58.83,6.0,development,sandy,6.17,0
51.39,33.86,69.93,3.97,development,sandy,0.98,0
54.08,35.29,36.12,2.16,development,sandy,8.65,0
61.4,26.12,66.48,3.21,late,loamy,7.73,0
59.8,21.27,77.19,5.51,late,sandy,10.52,0
46.18,19.5,65.2,4.78,late,loamy,9.31,0
32.02,19.65,39.5,4.44,initial,loamy,6.49,0
39.17,25.29,80.01,3.72,development,loamy,21.15,0
30.39,24.98,82.66,3.04,mid_season,clay,8.39,0
71.58,21.95,49.36,1.11,mid_season,loamy,15.61,0
24.01,31.38,68.36,2.39,initial,loamy,14.19,0
60.83,26.33,37.51,1.39,initial,clay,16.07,0
33.46,33.85,63.75,0,late,loamy,0,1
65.82,19.76,76.97,3.33,mid_season,clay,11.94,0
31.29,26.84,39.92,5.16,late,loamy,8.24,0
42.37,25.84,44.23,2.68,late,clay,7.87,0
55.01,31.38,48.62,5.88,development,clay,3.94,0
47.71,22.87,59.08,3.03,mid_season,sandy,18.41,0
5,18.11,56.4,0,initial,loamy,0,0
72.21,23.51,56.08,5.82,late,sandy,1.03,0
49.67,32.22,67.71,0,development,sandy,0,1
55.94,35.86,42.49,3.69,late,loamy,5.53,0
49.31,35.97,59.09,2.26,development,sandy,6.06,0
45.07,31.96,72.91,3.13,late,clay,9.89,0
64.02,20.9,82.85,3.38,late,sandy,0.43,0
56.47,19.46,54.36,2.96,development,loamy,4.57,0
71.58,28.52,70.25,5.56,late,clay,24.3,0
65.43,21.08,57.15,2.97,mid_season,sandy,10.7,0
62.11,29.26,50.2,4.81,mid_season,loamy,3.59,0
91.96,24.76,55.93,2.65,late,loamy,19.63,0
71.83,28.71,82.16,3.88,late,clay,6.56,0
47.05,27.37,68.96,4.89,mid_season,loamy,2.77,0
83.35,24.61,65.79,3.67,development,clay,10.32,0
66.28,29.1,64.32,4.29,mid_season,loamy,18.82,0
95,32.91,53.29,3.28,development,clay,14.42,0
42.72,22.17,44.26,3.81,initial,clay,8.83,0
69.02,25.86,41.41,1.17,mid_season,sandy,1.68,0
32.72,22.73,36.25,5.64,mid_season,clay,13.55,0
40.27,21.18,52.52,4.26,initial,clay,2.55,0
32.76,25.78,71.5,4.3,mid_season,loamy,3.37,0
22.52,25.85,58.19,4.53,initial,clay,10.23,0
18.16,21.12,73.53,5.17,development,clay,1.62,0
37.03,19.62,51.65,4.37,mid_season,sandy,5.6,0
67.01,19.89,55.21,6.0,late,loamy,5.17,0
84.13,24.9,80.85,0,initial,loamy,0,0
69.01,22.57,74.53,0,development,sandy,0,0
53.85,27.02,58.87,0,initial,clay,0,0
51.23,32.28,76.16,3.6,mid_season,clay,14.77,0
73.6,30.31,49.78,5.67,mid_season,clay,8.78,0
45.15,30.86,83.52,5.29,development,sandy,9.29,0
42.96,22.84,45.05,3.91,mid_season,sandy,13.16,0
85.43,22.88,55.74,4.29,mid_season,sandy,11.98,0
61.47,28.88,79.41,0,development,clay,0,0
59.34,29.63,71.88,3.65,development,sandy,5.35,0
51.59,26.24,46.4,6.13,initial,clay,8.75,0
34.58,21.09,39.86,4.5,initial,loamy,1.03,0
56.78,19.55,79.51,1.85,mid_season,loamy,6.0,0
70.98,35.99,48.03,3.55,late,clay,9.43,0
57.55,29.99,64.74,0,initial,sandy,0,0
55.29,25.67,78.01,0,initial,clay,0,0
64.45,35.03,84.18,5.07,development,clay,9.92,0
92.05,30.83,56.04,3.33,late,loamy,4.45,0
69.37,27.47,68.21,0,initial,loamy,0,0
81.38,22.45,35.32,2.02,initial,loamy,0.52,0
52.5,27.86,44.88,0,development,sandy,0,1
30.11,30.78,61.82,3.18,initial,clay,4.35,0
60.73,20.46,78.21,2.86,initial,loamy,10.81,0
91.59,31.4,36.36,4.57,development,sandy,6.54,0
60.92,34.64,68.14,3.95,mid_season,clay,16.39,0
68.03,26.16,61.12,4.24,mid_season,clay,11.5,0
16.35,34.21,61.86,2.9,late,loamy,22.13,0
66.65,25.12,50.32,0,late,clay,0,0
11.76,30.34,84.98,4.36,mid_season,sandy,19.13,0
74.02,22.41,79.53,2.97,development,loamy,19.59,0
63.73,18.41,72.29,2.98,mid_season,loamy,16.41,0
37.68,31.51,81.71,3.38,mid_season,loamy,4.69,0
53.58,20.5,48.89,3.63,mid_season,loamy,3.15,0
70.91,29.92,75.43,1.74,development,sandy,23.28,0
35.15,20.83,59.75,2.78,initial,loamy,3.53,0
64.89,28.58,55.03,4.81,development,clay,1.94,0
69.51,35.31,83.79,5.27,development,sandy,4.74,0
6.13,34.14,45.66,3.21,development,sandy,1.12,0
53.91,19.58,83.89,4.29,initial,sandy,3.05,0
72.81,33.81,35.4,0,development,loamy,0,0
89.44,29.53,37.65,4.71,development,loamy,11.66,0
70.81,28.19,68.35,0,development,sandy,0,0
55.42,24.95,44.43,5.91,initial,clay,2.91,0
36.51,34.34,44.36,4.15,development,sandy,11.43,0
45.36,22.7,79.55,5.58,late,clay,12.78,0
86.21,20.34,36.59,3.3,development,loamy,11.37,0
65.24,19.08,55.17,4.13,late,sandy,9.2,0
36.3,29.75,79.59,4.54,late,loamy,17.83,0
5,30.53,55.15,3.65,late,clay,6.53,0
82.04,34.96,53.78,0,initial,loamy,0,0
58.49,19.71,71.0,5.2,late,sandy,3.84,0
66.04,26.22,55.36,4.04,mid_season,loamy,9.68,0
55.69,33.12,64.65,2.95,mid_season,clay,2.3,0
43.63,35.3,80.57,4.31,development,clay,12.16,0
