soil_moisture_pct,temperature_c,humidity_pct,flow_rate_lpm,growth_stage,soil_type,recent_irrigation_l,irrigation_required
57.5,20.26,67.79,2.9,mid_season,sandy,18.73,0
41.62,26.12,75.61,5.31,late,loamy,12.35,0
59.9,29.34,45.74,4.61,late,loamy,19.11,0
32.29,27.47,51.43,3.6,late,clay,20.84,0
70.47,25.63,62.86,4.04,late,clay,4.43,0
76.36,15.45,60.92,5.18,mid_season,loamy,11.47,0
33.16,18.47,63.41,2.9,initial,loamy,6.39,0
72.63,25.09,69.9,3.3,development,sandy,3.01,0
23.39,17.51,54.34,4.64,late,loamy,10.22,0
85.84,20.38,76.15,2.75,development,loamy,1.46,0
49.76,13.28,84.93,2.92,mid_season,sandy,14.09,0
74.61,24.78,52.05,0,initial,sandy,0,0
76.37,27.82,43.07,3.36,initial,clay,1.01,0
85.63,28.66,50.9,2.09,initial,sandy,13.52,0
41.65,26.45,88.62,4.7,initial,sandy,5.77,0
73.95,15.15,65.62,4.47,development,loamy,1.34,0
26.42,14.38,42.93,0,initial,sandy,0,0
95,14.68,50.14,3.4,late,clay,8.95,0
73.98,23.1,41.45,5.23,development,loamy,12.49,0
90.89,12.72,68.82,5.45,development,sandy,1.64,0
56.91,25.91,82.93,2.49,mid_season,sandy,9.97,0
49.86,17.38,62.85,3.63,late,sandy,2.11,0
37.52,12.25,45.18,0,late,sandy,0,1
80.16,21.77,85.25,3.78,mid_season,loamy,24.32,0
51.15,24.84,54.12,0,development,sandy,0,1
33.07,22.8,55.7,2.44,initial,sandy,13.04,0
82.48,16.39,68.48,5.36,initial,loamy,9.21,0
69.0,13.33,89.71,4.88,development,loamy,3.17,0
70.62,22.49,56.57,3.19,development,clay,23.89,0
50.7,18.24,65.8,3.14,initial,loamy,0.54,0
59.77,24.88,65.65,1.91,late,loamy,0.06,0
90.86,15.89,82.71,0,initial,clay,0,0
38.73,12.91,72.78,5.38,initial,sandy,4.97,0
33.5,25.2,67.58,3.55,development,clay,7.65,0
76.64,20.87,70.86,4.09,mid_season,loamy,17.39,0
66.09,22.4,65.61,5.52,late,sandy,5.06,0
50.93,20.89,51.74,4.84,initial,loamy,11.67,0
55.58,21.19,43.84,3.88,mid_season,loamy,0.36,0
45.18,29.61,78.58,0,late,loamy,0,1
30.97,28.57,72.31,3.06,development,clay,11.44,0
47.07,17.57,52.4,2.75,initial,sandy,3.73,0
82.03,26.67,72.01,4.38,initial,clay,13.46,0
13.22,21.8,54.91,4.83,mid_season,loamy,14.97,0
15.52,22.32,49.55,3.12,mid_season,clay,13.98,0
51.96,24.15,88.48,4.96,initial,clay,12.63,0
34.53,25.7,54.64,4.06,late,clay,11.64,0
58.18,25.07,76.06,5.56,late,clay,13.46,0
42.52,25.95,74.3,0,initial,sandy,0,0
32.1,19.68,63.07,5.11,initial,clay,6.42,0
48.96,26.9,62.28,4.9,late,sandy,10.78,0
49.05,15.36,50.23,0,development,loamy,0,1
29.98,27.75,60.32,3.8,initial,clay,1.23,0
58.97,19.75,77.94,0,initial,sandy,0,0
66.59,27.06,53.53,2.69,initial,loamy,10.64,0
63.54,23.57,62.31,2.74,development,loamy,16.28,0
57.56,28.56,63.11,3.0,late,loamy,14.1,0
44.84,23.6,56.41,0,initial,sandy,0,0
40.14,15.95,81.86,3.04,initial,loamy,8.17,0
71.68,17.33,73.84,4.28,late,clay,1.67,0
48.51,15.37,46.51,0,late,sandy,0,1
70.57,17.4,51.9,3.23,late,loamy,11.0,0
43.82,12.83,55.57,3.79,late,sandy,3.66,0
79.62,19.23,69.68,2.19,late,clay,13.66,0
53.83,12.92,61.44,3.7,initial,sandy,0.17,0
49.31,19.94,59.1,2.6,initial,clay,19.29,0
55.53,18.13,67.4,2.74,development,clay,8.94,0
75.37,28.42,53.61,3.42,development,clay,3.14,0
75.88,17.66,82.87,4.11,late,loamy,10.0,0
66.59,14.14,87.97,5.98,mid_season,clay,15.33,0
60.19,23.88,81.39,2.93,initial,clay,0.64,0
69.94,20.92,62.61,5.25,mid_season,sandy,6.08,0
66.26,19.55,56.16,6.03,initial,loamy,3.03,0
85.16,14.01,55.85,0,initial,sandy,0,0
37.72,12.04,55.81,3.43,mid_season,sandy,16.49,0
39.46,23.88,48.34,0,late,sandy,0,1
25.34,26.02,52.38,4.43,initial,sandy,6.25,0
87.51,24.54,79.62,3.27,mid_season,clay,19.79,0
40.25,25.57,50.03,4.08,initial,clay,6.03,0
46.57,29.29,89.42,3.08,development,loamy,3.82,0
51.91,28.6,80.27,6.14,mid_season,sandy,6.93,0
75.93,17.78,81.59,3.19,initial,clay,9.26,0
43.92,26.39,77.44,3.06,late,sandy,10.1,0
68.6,17.78,88.58,3.21,development,clay,9.33,0
48.02,18.13,42.6,5.14,initial,clay,7.69,0
66.38,23.67,59.5,4.06,late,loamy,4.33,0
50.46,14.81,54.92,6.21,development,clay,14.8,0
56.73,20.43,62.81,3.63,development,sandy,6.06,0
83.74,17.19,69.09,3.67,late,sandy,5.64,0
48.38,28.16,41.0,5.1,late,sandy,15.98,0
78.54,28.31,65.93,4.39,initial,sandy,9.66,0
78.31,25.7,57.05,3.45,late,clay,18.88,0
67.89,24.78,60.28,5.47,development,loamy,10.52,0
75.46,26.07,62.35,4.43,initial,clay,5.76,0
46.0,29.24,51.12,0,late,sandy,0,1
61.0,19.23,79.53,5.0,development,sandy,9.68,0
62.06,20.55,77.53,3.77,development,sandy,15.25,0
37.54,13.57,82.37,0,mid_season,sandy,0,1
65.3,17.19,66.59,3.7,development,loamy,8.0,0
78.2,21.66,57.99,2.69,development,clay,16.48,0
31.32,15.05,54.26,0,development,loamy,0,1
5.36,19.7,76.08,1.77,development,clay,29.95,0
24.13,29.2,86.04,5.01,late,clay,21.73,0
34.05,13.97,57.53,3.3,late,clay,5.68,0
58.94,13.96,71.68,3.74,mid_season,loamy,5.51,0
52.66,29.98,70.05,3.49,late,sandy,14.32,0
27.4,21.77,59.79,2.7,development,clay,10.54,0
54.0,18.96,40.66,6.3,development,clay,10.23,0
42.67,24.51,60.94,3.41,initial,loamy,4.9,0
78.63,20.9,71.63,0,initial,loamy,0,0
50.87,29.64,40.27,4.36,late,loamy,12.56,0
66.14,25.31,87.7,1.61,late,sandy,19.15,0
25.01,17.08,58.17,2.84,initial,clay,18.23,0
89.5,16.29,55.47,3.56,development,sandy,4.08,0
69.38,24.2,64.63,3.65,mid_season,sandy,10.62,0
40.32,19.67,73.92,3.97,late,loamy,6.21,0
59.11,17.44,41.45,3.2,mid_season,clay,23.32,0
50.89,29.48,88.16,3.4,mid_season,clay,9.11,0
42.28,14.23,61.28,0,late,clay,0,1
42.48,16.96,85.19,4.59,mid_season,clay,16.1,0
53.47,29.28,60.8,5.43,mid_season,sandy,18.01,0
43.09,15.01,58.92,5.63,development,loamy,22.12,0
61.03,23.86,84.72,0,initial,clay,0,0
43.88,24.32,60.9,4.48,late,sandy,8.58,0
35.27,20.22,87.15,0.74,late,sandy,0.59,0
88.19,20.03,83.73,2.49,initial,clay,3.63,0
72.58,25.57,45.75,2.75,development,loamy,16.8,0
80.48,12.62,88.91,2.76,development,clay,13.72,0
58.6,25.47,61.52,4.75,mid_season,sandy,22.31,0
81.56,13.68,83.81,4.13,development,sandy,1.81,0
41.77,21.09,55.23,4.45,mid_season,loamy,8.18,0
15.84,27.11,76.22,4.34,development,clay,6.82,0
54.18,14.53,89.09,3.58,mid_season,loamy,10.63,0
60.95,20.59,82.51,3.98,initial,sandy,6.05,0
57.13,28.66,78.91,2.84,mid_season,clay,21.33,0
56.55,20.82,59.09,2.69,late,clay,15.19,0
67.44,14.01,82.72,3.43,initial,loamy,13.87,0
33.25,28.18,43.34,3.94,mid_season,loamy,10.89,0
53.36,18.42,71.03,5.6,late,loamy,2.34,0
61.3,21.84,47.58,3.69,mid_season,sandy,19.77,0
56.99,25.92,76.79,3.46,late,sandy,4.22,0
51.71,23.92,63.53,5.31,late,clay,24.79,0
67.93,27.73,45.0,4.79,mid_season,loamy,9.62,0
33.23,27.61,84.57,3.55,initial,loamy,16.3,0
48.44,20.1,72.12,0.65,mid_season,clay,16.86,0
80.59,18.14,76.05,3.2,development,clay,5.05,0
36.58,27.42,43.84,0,development,sandy,0,1
66.99,17.65,66.41,0,development,clay,0,0
53.21,13.48,72.7,3.43,late,sandy,23.7,0
35.25,21.05,52.55,3.59,late,loamy,6.52,0
41.42,27.63,75.39,4.45,mid_season,sandy,14.25,0
15.63,28.11,78.66,0,development,sandy,0,1
53.31,25.94,55.94,4.14,mid_season,clay,17.59,0
33.81,25.93,43.07,2.31,late,clay,1.81,0
71.93,23.9,85.44,5.31,late,clay,8.83,0
44.18,18.97,76.11,0,late,sandy,0,1
73.97,28.55,80.52,0,development,clay,0,0
87.97,13.53,62.6,3.21,development,sandy,6.67,0
69.11,24.83,53.12,5.16,initial,loamy,12.98,0
69.73,20.03,40.61,2.71,mid_season,loamy,13.6,0
80.52,15.47,59.73,4.64,development,clay,9.13,0
61.55,25.01,72.41,2.59,late,sandy,7.94,0
38.24,26.42,53.27,2.52,development,loamy,6.57,0
80.64,29.46,53.56,3.17,development,clay,9.52,0
58.87,29.08,45.84,2.66,mid_season,sandy,9.13,0
49.42,22.21,76.91,5.47,initial,sandy,0.31,0
56.68,14.79,43.57,4.59,initial,sandy,5.96,0
29.07,16.23,40.61,3.73,initial,sandy,9.53,0
54.04,16.06,45.72,2.87,mid_season,sandy,4.2,0
45.78,15.64,48.08,5.46,late,sandy,22.9,0
16.31,24.33,59.77,0,initial,clay,0,0
41.24,14.07,43.17,4.09,initial,clay,7.89,0
49.52,12.63,44.38,0,development,loamy,0,1
51.02,15.93,66.08,5.72,mid_season,loamy,15.38,0
57.58,15.19,41.5,4.17,mid_season,sandy,19.9,0
51.45,17.13,86.6,5.89,development,sandy,8.73,0
28.52,17.63,58.65,5.47,mid_season,sandy,22.03,0
70.53,15.82,48.7,3.97,late,loamy,9.43,0
63.9,12.48,84.78,1.89,late,loamy,9.15,0
42.79,12.93,80.99,5.01,mid_season,loamy,11.87,0
63.48,16.01,85.14,3.69,mid_season,loamy,0.79,0
57.03,21.86,54.47,0,late,clay,0,0
71.22,12.45,63.45,2.43,mid_season,clay,10.69,0
66.64,29.6,53.13,4.53,mid_season,clay,13.09,0
63.57,29.25,68.15,5.31,mid_season,clay,25.5,0
60.74,14.65,80.63,0,late,loamy,0,0
47.08,27.81,56.68,4.17,late,loamy,3.33,0
83.2,26.84,57.25,5.47,development,clay,12.23,0
76.96,13.66,88.05,3.48,mid_season,loamy,7.64,0
72.35,28.73,56.18,5.89,initial,clay,9.18,0
48.84,16.5,88.55,3.25,development,clay,3.98,0
27.3,15.27,58.57,4.21,development,clay,8.17,0
25.79,28.64,51.08,3.49,initial,sandy,17.45,0
77.72,15.33,78.76,5.05,mid_season,loamy,11.21,0
70.98,29.53,76.18,2.44,late,sandy,3.69,0
60.87,13.17,81.28,0,initial,clay,0,0
43.34,21.4,44.09,2.43,mid_season,clay,9.29,0
50.16,20.77,85.93,2.89,development,sandy,4.62,0
42.42,21.28,67.56,4.63,late,sandy,4.24,0
74.29,12.57,87.36,3.86,development,sandy,0.92,0
5,28.26,49.49,3.42,mid_season,loamy,11.93,0
58.22,21.43,48.64,2.11,development,sandy,11.91,0
66.81,21.42,82.82,3.32,initial,loamy,6.32,0
74.28,21.69,67.89,0,initial,loamy,0,0
57.28,19.72,58.81,0,initial,clay,0,0
55.7,15.6,80.65,0,initial,loamy,0,0
27.15,19.66,78.0,3.35,mid_season,loamy,1.54,0
79.91,14.25,87.09,4.61,development,clay,13.99,0
61.49,19.68,86.5,2.66,development,sandy,16.39,0
35.09,15.78,81.75,5.73,late,sandy,9.97,0
72.63,12.13,83.83,0,late,sandy,0,0
93.76,20.8,47.71,0,initial,loamy,0,0
27.41,25.84,74.45,5.36,mid_season,clay,20.55,0
56.83,14.12,64.2,4.36,late,clay,17.04,0
76.43,25.3,45.48,5.24,initial,sandy,14.76,0
41.16,24.37,71.81,2.54,initial,clay,8.92,0
68.17,13.66,84.99,0,initial,loamy,0,0
71.77,29.83,84.73,5.6,mid_season,clay,15.7,0
95,23.26,83.27,4.66,mid_season,clay,13.19,0
75.75,17.34,62.95,3.98,mid_season,clay,16.09,0
34.22,15.28,84.76,6.45,initial,clay,7.73,0
75.57,22.7,58.9,2.55,late,sandy,5.71,0
66.89,22.41,49.85,2.94,late,loamy,12.64,0
61.67,18.98,49.36,5.65,initial,sandy,2.03,0
74.23,13.14,57.66,3.08,development,loamy,0.62,0
57.33,19.15,59.17,5.63,initial,sandy,6.39,0
57.53,21.39,63.15,4.04,late,loamy,2.36,0
41.81,19.38,83.3,3.23,late,sandy,3.83,0
67.26,20.85,68.76,2.91,mid_season,clay,14.44,0
95,21.77,87.84,2.39,initial,loamy,9.28,0
82.61,29.61,79.73,6.02,mid_season,sandy,9.87,0
70.16,28.1,68.51,3.76,initial,sandy,5.98,0
38.36,29.44,87.02,2.51,development,loamy,10.18,0
69.19,23.85,56.93,3.23,development,loamy,13.53,0
77.98,24.53,55.76,5.42,mid_season,clay,6.43,0
50.9,22.39,67.45,6.02,mid_season,loamy,15.92,0
52.15,18.99,72.74,1.75,mid_season,loamy,11.65,0
48.58,24.85,69.54,2.82,initial,clay,2.76,0
61.14,26.71,55.08,4.17,mid_season,clay,6.43,0
43.97,15.45,65.9,2.54,mid_season,sandy,6.43,0
70.29,22.07,47.78,5.8,mid_season,loamy,15.78,0
64.69,14.68,56.44,2.15,development,loamy,8.45,0
42.75,20.4,58.14,3.88,late,clay,9.87,0
36.21,12.21,45.86,5.65,development,loamy,13.91,0
69.43,15.42,85.55,0,initial,sandy,0,0
40.65,13.31,48.86,2.64,mid_season,loamy,6.74,0
51.75,29.4,53.69,5.22,mid_season,loamy,6.27,0
76.76,12.59,44.9,0,initial,loamy,0,0
50.9,28.14,86.19,4.91,late,loamy,11.9,0
48.83,13.85,53.41,3.17,late,sandy,1.36,0
69.92,24.91,89.57,2.42,mid_season,loamy,8.83,0
82.38,28.43,49.27,1.49,mid_season,loamy,7.81,0
65.82,15.43,67.0,3.06,development,loamy,21.24,0
54.75,20.59,44.05,5.75,initial,clay,3.76,0
35.99,17.89,87.0,3.01,late,loamy,19.8,0
21.31,26.0,73.61,6.54,development,clay,17.92,0
44.32,19.75,50.09,3.61,mid_season,sandy,4.31,0
58.42,15.01,60.37,5.17,mid_season,loamy,9.66,0
54.47,18.74,89.49,2.81,mid_season,clay,15.78,0
78.38,18.17,83.81,2.24,mid_season,clay,11.39,0
83.02,24.44,63.92,5.27,mid_season,loamy,14.78,0
60.94,21.87,82.38,0,late,clay,0,0
66.31,25.48,52.48,3.39,late,sandy,9.0,0
51.88,13.09,89.34,2.19,late,sandy,5.55,0
95,21.25,77.09,0,initial,clay,0,0
25.8,27.59,51.09,0,development,clay,0,1
87.99,23.75,48.63,3.15,mid_season,loamy,6.77,0
40.18,12.5,78.74,4.05,mid_season,sandy,15.45,0
38.57,26.0,84.21,4.26,development,sandy,1.19,0
53.22,19.73,54.44,3.5,late,sandy,0.62,0
33.55,28.03,66.02,0,initial,clay,0,0
55.24,26.58,87.06,2.79,development,clay,9.9,0
34.43,26.7,55.8,3.63,initial,loamy,0.92,0
26.87,20.09,41.62,3.4,development,clay,7.13,0
56.86,20.26,59.84,2.99,late,clay,4.34,0
69.82,28.88,47.87,4.46,mid_season,sandy,1.1,0
60.86,24.97,69.3,6.49,late,clay,1.99,0
41.68,18.95,68.13,0,initial,clay,0,0
38.28,20.65,75.04,0,development,clay,0,1
65.7,14.94,53.75,4.66,late,sandy,11.94,0
39.15,21.85,40.27,5.85,mid_season,clay,8.74,0
67.55,24.93,80.37,1.92,development,clay,16.08,0
51.03,13.48,61.11,4.46,development,clay,0.12,0
67.39,29.12,56.41,4.33,development,loamy,15.43,0
55.41,16.54,42.57,2.95,initial,sandy,6.15,0
20.55,25.29,42.07,5.31,development,clay,6.43,0
47.69,16.16,84.96,4.0,initial,sandy,12.23,0
50.29,20.57,88.48,3.99,development,sandy,1.35,0
75.66,21.82,88.78,0,late,clay,0,0
49.04,20.75,42.03,3.14,mid_season,clay,20.3,0
62.19,12.56,79.46,5.16,development,sandy,7.56,0
31.7,14.71,53.56,0,mid_season,sandy,0,1
53.45,20.47,71.83,3.71,development,loamy,18.18,0
67.59,13.56,71.34,5.57,late,clay,14.01,0
34.03,22.61,75.97,0,development,loamy,0,1
56.46,13.73,64.76,4.12,development,clay,3.48,0
56.18,17.02,67.72,4.14,development,loamy,1.02,0
64.53,23.29,82.25,1.32,late,clay,8.99,0
45.3,20.37,40.96,4.63,mid_season,sandy,8.75,0
38.39,28.61,45.26,1.96,late,clay,16.06,0
58.21,21.19,85.08,4.9,initial,sandy,2.46,0
48.73,14.45,83.44,3.7,mid_season,clay,19.75,0
50.49,26.42,82.64,0,initial,loamy,0,0
65.89,12.49,62.03,0,initial,clay,0,0
82.03,26.01,68.37,0,late,loamy,0,0
63.43,25.18,45.04,5.28,mid_season,loamy,10.71,0
67.58,14.87,80.16,3.99,initial,clay,2.35,0
45.58,27.93,50.4,3.73,late,clay,21.73,0
63.43,16.62,71.23,3.35,late,loamy,5.45,0
60.16,27.49,68.81,4.29,mid_season,clay,6.77,0
41.82,25.63,47.98,5.84,mid_season,clay,10.37,0
22.02,16.46,61.57,3.42,late,loamy,18.5,0
29.34,27.85,41.62,3.35,development,loamy,9.89,0
92.61,14.14,84.54,4.22,initial,clay,2.99,0
71.31,26.86,51.64,0,late,loamy,0,0
20.67,20.1,85.01,5.51,development,clay,4.03,0
59.04,18.16,52.27,2.21,development,clay,22.09,0
40.68,27.45,69.93,2.91,mid_season,loamy,3.91,0
61.82,15.41,74.05,3.92,initial,sandy,3.06,0
78.69,27.12,58.33,3.97,mid_season,loamy,15.51,0
39.87,14.05,68.75,5.04,late,sandy,8.45,0
55.67,24.26,61.72,1.96,mid_season,clay,9.4,0
28.81,19.84,43.91,4.01,initial,clay,0.18,0
61.98,21.38,47.9,2.37,mid_season,sandy,5.3,0
93.36,29.38,82.13,5.4,mid_season,clay,6.61,0
54.28,25.64,85.12,4.58,late,loamy,6.17,0
31.23,18.28,56.11,3.16,development,loamy,4.13,0
35.12,18.41,68.56,4.07,mid_season,loamy,8.7,0
60.83,24.94,78.88,4.4,late,sandy,0.18,0
39.61,20.42,57.39,5.1,late,loamy,6.72,0
57.48,24.08,70.35,3.68,mid_season,sandy,16.11,0
87.04,13.92,76.29,3.81,late,sandy,12.34,0
80.53,19.31,64.78,5.84,initial,loamy,15.44,0
54.21,17.7,83.17,3.82,initial,sandy,9.84,0
35.56,25.68,56.19,0,initial,loamy,0,0
25.29,28.08,73.13,5.16,mid_season,loamy,13.6,0
51.31,23.03,63.1,5.09,development,loamy,12.91,0
45.48,14.73,41.3,4.45,late,sandy,8.35,0
53.59,23.34,81.01,1.35,mid_season,clay,9.48,0
45.98,29.66,81.36,6.07,development,sandy,2.33,0
77.26,20.04,48.81,5.0,late,clay,12.12,0
61.92,26.91,83.51,5.02,late,sandy,6.99,0
56.4,22.68,85.1,3.91,development,sandy,4.79,0
54.53,21.3,42.22,4.12,mid_season,loamy,10.42,0
42.05,23.11,87.93,2.61,mid_season,sandy,18.26,0
48.8,16.19,72.76,4.31,late,sandy,1.67,0
64.28,29.64,67.32,3.87,late,sandy,9.87,0
95,20.31,56.89,3.73,initial,sandy,2.18,0
43.8,22.15,62.39,4.78,initial,sandy,2.47,0
45.69,24.82,76.78,0,development,clay,0,0
38.78,24.06,45.69,4.55,development,sandy,11.01,0
20.88,13.72,84.11,4.58,development,clay,11.66,0
67.05,19.07,84.11,3.86,initial,sandy,6.83,0
48.28,19.53,66.71,0,development,clay,0,0
47.12,28.56,62.98,3.82,development,clay,7.3,0
70.67,18.88,45.23,3.78,mid_season,loamy,6.81,0
58.97,28.12,73.46,5.15,late,sandy,4.66,0
43.02,15.96,66.46,4.37,late,loamy,11.06,0
79.94,19.07,63.59,3.93,initial,clay,9.22,0
67.93,16.15,84.45,5.43,mid_season,loamy,16.57,0
55.86,16.57,64.11,4.17,mid_season,clay,8.1,0
50.78,19.77,42.73,4.46,development,clay,19.23,0
39.2,19.23,41.95,3.36,initial,clay,5.27,0
71.29,17.52,74.07,2.48,development,clay,11.31,0
74.52,19.2,69.13,5.93,mid_season,clay,4.35,0
58.56,17.07,47.45,3.83,mid_season,clay,13.9,0
31.14,28.96,88.28,0,initial,clay,0,0
91.94,27.73,74.62,5.0,mid_season,sandy,13.34,0
38.98,20.34,70.05,3.25,late,sandy,0.54,0
63.28,14.2,59.12,3.29,initial,sandy,6.07,0
32.12,29.3,47.47,3.67,development,loamy,8.49,0
36.77,15.82,65.57,3.4,mid_season,clay,12.19,0
52.9,13.21,86.6,2.28,late,sandy,10.16,0
38.06,20.19,48.07,4.81,development,clay,9.73,0
37.67,17.26,64.89,0,initial,sandy,0,0
41.91,28.65,51.88,4.24,late,loamy,2.09,0
45.36,12.89,73.78,0,development,clay,0,0
47.38,17.42,55.01,3.1,development,clay,16.47,0
20.28,14.07,88.76,4.66,late,clay,16.25,0
78.71,28.05,66.2,2.03,development,sandy,12.89,0
53.47,20.65,62.01,0,development,sandy,0,1
64.04,16.32,69.4,4.37,development,sandy,18.01,0
49.25,17.36,55.31,3.66,mid_season,loamy,18.23,0
66.7,26.21,47.27,2.83,mid_season,clay,10.88,0
85.02,15.89,40.74,4.58,late,sandy,5.56,0
39.0,20.19,62.69,3.15,development,clay,7.19,0
48.45,24.04,48.89,4.13,development,loamy,0.13,0
62.4,26.17,42.16,2.2,mid_season,clay,6.67,0
53.71,17.13,87.44,2.87,development,sandy,1.47,0
50.97,19.07,66.04,3.25,development,clay,15.43,0
83.81,21.1,69.06,3.2,initial,sandy,3.16,0
66.87,23.61,84.68,4.4,late,sandy,3.92,0
66.49,29.0,76.61,2.75,late,loamy,18.91,0
36.49,13.27,72.07,0,initial,sandy,0,0
30.62,17.98,47.76,3.59,late,loamy,3.74,0
50.96,20.68,40.41,2.71,mid_season,loamy,8.02,0
55.01,26.58,82.01,2.55,initial,clay,9.96,0
95,20.8,52.67,0,development,loamy,0,0
50.3,16.33,75.72,0.68,development,clay,15.61,0
49.32,29.86,85.11,3.61,late,sandy,8.49,0
40.29,27.83,70.02,1.48,mid_season,loamy,10.95,0
47.0,13.21,43.8,5.03,late,sandy,4.14,0
36.02,21.52,82.87,2.87,development,clay,12.46,0
25.67,24.5,63.15,5.67,mid_season,sandy,8.65,0
51.42,28.45,61.68,2.51,late,sandy,5.05,0
52.79,12.07,58.31,4.46,initial,clay,12.49,0
60.45,29.75,55.2,5.36,mid_season,sandy,12.33,0
66.26,13.67,79.0,2.87,mid_season,clay,13.95,0
42.46,29.95,67.0,4.14,mid_season,loamy,8.97,0
41.93,27.17,88.63,3.69,initial,loamy,1.06,0
49.59,12.71,57.55,3.06,mid_season,sandy,10.54,0
57.55,19.69,74.37,5.36,development,sandy,21.75,0
45.95,25.09,69.02,4.35,initial,clay,8.1,0
53.63,17.76,49.26,2.92,late,loamy,10.59,0
71.4,18.78,86.98,4.63,development,loamy,3.58,0
41.89,21.47,72.16,3.8,late,sandy,18.22,0
70.8,24.63,71.55,2.29,late,sandy,7.62,0
95,22.12,76.34,4.67,late,clay,3.69,0
59.23,20.76,53.19,4.28,late,sandy,5.79,0
73.92,18.65,60.99,4.81,mid_season,clay,9.56,0
34.99,15.37,87.77,5.62,mid_season,sandy,4.8,0
50.55,24.98,46.82,0,late,sandy,0,1
30.11,28.18,46.25,4.11,mid_season,clay,20.48,0
51.18,13.38,53.74,4.52,initial,clay,19.63,0
51.98,21.72,52.18,3.62,late,sandy,4.98,0
63.95,20.35,44.1,4.6,initial,sandy,9.37,0
34.87,13.72,59.17,2.24,development,loamy,1.94,0
37.88,17.08,41.22,3.74,initial,clay,11.6,0
81.44,12.11,61.56,5.29,development,clay,7.67,0
5.24,23.1,56.78,5.28,mid_season,sandy,3.28,0
51.07,14.78,72.24,0,mid_season,sandy,0,1
55.86,23.77,72.41,0,initial,sandy,0,0
59.87,21.3,45.99,4.57,mid_season,sandy,6.21,0
56.35,28.94,69.84,4.1,late,loamy,18.02,0
45.25,21.83,69.48,0,initial,clay,0,0
20.77,21.88,54.41,3.08,initial,loamy,1.21,0
63.26,13.38,74.48,2.9,late,sandy,7.65,0
36.06,22.72,71.39,0,initial,loamy,0,0
55.93,29.46,70.72,4.11,development,loamy,18.15,0
45.71,28.75,41.05,4.53,initial,sandy,6.86,0
37.88,27.91,76.48,3.44,initial,loamy,5.93,0
46.73,15.38,79.13,6.17,late,clay,1.9,0
33.13,12.02,75.37,3.69,development,clay,8.61,0
52.58,19.77,57.14,5.29,mid_season,clay,10.98,0
35.07,13.42,58.22,0,mid_season,sandy,0,1
33.23,29.65,61.07,0,initial,clay,0,0
57.33,18.81,46.78,3.7,late,clay,12.18,0
47.96,22.32,70.53,4.48,mid_season,clay,21.05,0
43.17,18.51,70.21,4.64,mid_season,sandy,14.51,0
95,21.15,43.15,4.02,initial,clay,21.97,0
84.66,18.67,75.63,2.8,late,sandy,1.45,0
57.64,26.63,84.8,0,initial,clay,0,0
66.82,20.44,71.26,2.41,mid_season,loamy,8.12,0
53.26,12.54,42.06,0,initial,sandy,0,0
48.32,16.65,89.23,3.63,mid_season,loamy,14.94,0
52.5,27.96,82.22,4.67,development,sandy,16.05,0
41.45,25.91,41.08,5.29,late,clay,13.51,0
83.26,27.22,43.2,3.95,development,clay,8.48,0
48.54,21.85,46.89,5.2,mid_season,sandy,9.72,0
93.71,13.51,78.86,5.34,mid_season,sandy,1.49,0
69.12,14.11,70.07,0,initial,clay,0,0
55.53,25.53,68.11,3.13,development,loamy,13.62,0
54.14,13.86,60.0,4.08,late,loamy,10.76,0
29.48,23.01,77.78,3.81,late,loamy,8.21,0
63.84,14.01,45.36,2.49,mid_season,clay,7.74,0
59.56,25.22,49.1,0,initial,sandy,0,0
60.62,17.93,45.21,0,initial,sandy,0,0
61.3,16.85,70.54,5.45,development,sandy,2.96,0
23.34,19.33,64.39,3.63,development,loamy,3.59,0
57.44,17.59,40.95,1.05,initial,loamy,21.2,0
43.7,22.25,73.68,2.05,late,loamy,8.04,0
77.64,19.18,67.91,5.04,late,sandy,18.54,0
35.15,28.54,70.59,3.83,development,loamy,13.39,0
64.08,21.17,66.55,2.73,development,sandy,17.49,0
63.84,21.02,50.48,3.45,late,sandy,6.28,0
56.37,14.69,54.42,3.51,initial,sandy,10.06,0
44.19,23.57,64.54,3.53,mid_season,clay,19.64,0
51.91,22.45,79.16,4.86,development,sandy,3.71,0
22.62,27.09,83.0,2.84,development,sandy,8.2,0
62.97,25.1,59.49,4.46,development,clay,25.25,0
34.95,14.23,63.3,4.39,initial,loamy,4.68,0
48.98,12.22,48.36,4.48,late,sandy,14.47,0
51.5,18.55,51.82,3.78,initial,sandy,1.2,0
38.8,14.49,49.36,6.68,late,sandy,1.19,0
53.11,26.44,53.25,0,development,loamy,0,0
89.65,12.91,69.18,3.82,late,clay,3.44,0
43.09,16.57,71.08,0,late,loamy,0,1
48.34,29.72,82.44,5.1,development,sandy,15.6,0
52.52,27.27,43.55,3.73,mid_season,sandy,10.65,0
56.84,17.35,69.72,6.31,initial,sandy,8.09,0
76.76,14.41,71.71,5.36,initial,clay,3.82,0
64.64,19.02,86.27,4.15,initial,sandy,4.67,0
62.22,25.03,77.17,4.89,mid_season,loamy,16.19,0
33.16,23.48,42.85,0,development,clay,0,1
39.91,28.68,76.29,1.8,mid_season,loamy,24.52,0
36.39,20.32,61.61,4.65,late,loamy,10.13,0
36.31,17.93,50.49,0,initial,clay,0,0
38.56,23.07,53.87,0,development,clay,0,1
74.96,18.52,42.52,4.98,late,sandy,4.82,0
62.07,24.33,67.54,4.62,development,sandy,13.88,0
43.18,20.12,80.66,2.8,late,loamy,5.51,0
69.28,26.81,65.69,3.45,initial,loamy,9.35,0
60.75,19.97,74.44,4.22,mid_season,clay,3.79,0
38.92,18.98,43.19,5.12,mid_season,loamy,17.18,0
56.93,28.22,64.58,0,mid_season,loamy,0,0
59.17,12.85,63.62,0,late,loamy,0,0
27.01,16.08,77.21,3.27,initial,sandy,18.57,0
51.84,21.18,64.81,4.07,late,clay,15.9,0
38.7,28.1,89.02,3.97,late,clay,19.84,0
29.42,25.26,69.82,3.24,initial,loamy,13.09,0
82.84,15.31,76.0,3.16,mid_season,loamy,12.27,0
51.97,13.1,53.19,0,late,sandy,0,1
54.74,24.82,53.12,3.54,development,sandy,2.84,0
32.79,17.22,83.35,4.57,mid_season,loamy,11.62,0
82.35,22.48,73.6,4.23,late,sandy,10.14,0
62.25,12.58,42.14,3.63,initial,loamy,3.57,0
73.2,23.59,53.23,4.55,late,loamy,10.78,0
60.42,15.07,51.37,4.27,late,loamy,7.05,0
50.99,20.6,68.7,0,development,loamy,0,1
50.93,22.79,75.48,4.42,initial,loamy,3.72,0
43.58,29.84,89.52,0,late,loamy,0,1
43.47,28.86,43.87,5.2,development,clay,13.46,0
60.49,29.95,46.08,5.04,mid_season,clay,15.99,0
68.42,15.22,83.97,2.5,mid_season,loamy,13.1,0
60.8,29.11,64.02,4.37,development,clay,25.81,0
59.68,18.18,74.83,3.79,late,sandy,11.46,0
5,19.57,67.59,3.63,late,clay,9.89,0
83.72,19.97,63.42,4.27,late,loamy,4.93,0
67.66,17.79,52.2,4.22,development,sandy,8.51,0
54.26,16.63,40.71,7.4,mid_season,sandy,0.24,0
51.61,19.36,56.52,3.07,development,sandy,8.09,0
57.82,20.35,67.35,0,initial,loamy,0,0
75.65,14.26,55.8,6.06,initial,clay,10.5,0
78.1,15.64,66.02,5.92,mid_season,clay,5.56,0
55.82,23.51,73.2,0,mid_season,sandy,0,1
34.98,14.22,59.24,4.57,initial,sandy,4.32,0
47.89,26.53,42.27,0,late,sandy,0,1
85.64,17.42,72.8,4.71,late,loamy,15.17,0
31.81,13.28,47.34,0,initial,sandy,0,0
40.22,23.69,78.03,0,initial,clay,0,0
32.79,20.05,71.71,4.34,mid_season,sandy,11.66,0
48.66,23.4,67.17,5.81,mid_season,clay,20.93,0
35.56,23.47,43.61,3.25,mid_season,loamy,16.65,0
39.79,19.24,44.46,4.91,mid_season,loamy,9.32,0
61.27,27.55,62.24,6.31,development,loamy,10.01,0
42.78,24.4,77.77,5.45,development,clay,7.61,0
35.35,13.94,48.54,3.63,development,clay,11.46,0
10.02,27.37,72.67,6.94,late,loamy,2.66,0
68.68,13.29,68.8,2.88,development,clay,8.61,0
42.34,15.47,82.34,4.13,late,sandy,7.84,0
53.27,18.18,88.0,5.53,initial,clay,5.36,0
55.01,26.75,49.86,0,initial,loamy,0,0
52.75,16.76,73.58,4.48,late,sandy,10.03,0
15.93,23.65,45.6,3.87,late,loamy,15.35,0
46.57,18.01,45.69,0,mid_season,sandy,0,1
49.51,15.42,62.82,7.01,development,sandy,4.75,0
95,23.19,49.86,4.91,initial,loamy,4.28,0
48.76,20.84,71.64,5.45,mid_season,sandy,12.68,0
67.22,25.46,52.62,5.13,late,loamy,10.13,0
79.13,27.42,83.64,2.82,initial,loamy,3.92,0
54.4,16.35,45.75,3.46,development,sandy,15.44,0
38.14,15.24,89.6,5.81,late,sandy,6.03,0
51.42,14.55,57.92,0,initial,loamy,0,0
64.76,21.26,71.25,4.78,development,sandy,3.2,0
35.85,24.91,71.52,2.46,development,clay,12.34,0
46.4,12.73,43.01,3.82,development,loamy,13.3,0
78.11,26.05,41.67,4.48,initial,loamy,5.3,0
70.63,20.0,57.35,0,initial,sandy,0,0
25.28,18.58,87.8,4.08,development,loamy,14.64,0
25.13,28.78,58.87,4.0,development,loamy,3.47,0
59.7,20.91,48.27,0,initial,sandy,0,0
35.85,24.34,63.02,2.74,development,loamy,25.74,0
35.6,23.4,86.39,3.85,development,clay,1.88,0
57.43,20.43,43.75,3.29,development,loamy,11.66,0
78.98,13.39,61.7,2.46,mid_season,loamy,10.96,0
48.96,23.01,55.79,0,initial,clay,0,0
68.34,24.61,87.88,3.67,late,loamy,11.31,0
48.0,25.33,63.89,1.91,development,sandy,10.19,0
45.23,26.37,52.64,0,late,loamy,0,1
62.75,20.95,75.45,4.72,mid_season,clay,4.57,0
36.08,25.11,74.23,2.04,initial,clay,10.95,0
88.45,13.17,52.11,2.26,initial,loamy,16.97,0
52.53,16.72,58.94,0,late,clay,0,0
46.22,24.96,51.64,3.93,initial,sandy,7.96,0
50.36,28.18,61.72,2.19,mid_season,sandy,10.12,0
62.28,21.83,80.16,4.03,late,sandy,13.93,0
35.63,29.21,54.96,5.19,development,sandy,5.29,0
76.53,16.52,76.56,4.22,mid_season,clay,8.71,0
79.03,27.03,50.84,2.66,mid_season,loamy,23.22,0
47.99,16.51,54.08,3.59,development,sandy,0.18,0
43.9,14.68,53.31,3.21,late,loamy,7.4,0
53.54,13.48,78.21,2.08,mid_season,loamy,4.02,0
51.59,29.36,65.2,4.4,mid_season,loamy,8.23,0
53.13,29.14,46.88,5.66,mid_season,clay,9.85,0
32.6,13.43,80.84,4.27,initial,clay,3.46,0
32.37,21.39,77.36,3.44,initial,sandy,8.3,0
23.06,13.51,86.88,3.5,development,sandy,21.14,0
47.74,14.3,54.06,1.75,development,loamy,4.65,0
54.1,29.42,77.1,3.38,late,clay,13.06,0
41.63,14.35,84.19,0,late,clay,0,1
29.54,12.06,42.18,3.94,late,loamy,5.97,0
56.73,13.64,53.98,5.23,development,sandy,5.71,0
95,24.27,55.93,2.89,mid_season,clay,15.36,0
72.74,20.32,74.75,4.68,mid_season,loamy,12.33,0
43.25,20.3,78.09,5.0,mid_season,clay,15.19,0
41.55,13.2,86.21,3.64,late,clay,18.24,0
25.9,21.21,85.91,5.6,initial,sandy,2.35,0
52.55,20.17,60.15,5.16,late,loamy,15.82,0
34.09,28.42,80.25,3.49,late,clay,9.93,0
23.28,28.3,85.14,0,mid_season,sandy,0,1
87.12,15.18,88.42,3.88,mid_season,clay,9.43,0
55.04,25.92,64.54,2.48,development,sandy,5.64,0
46.36,14.46,71.97,2.69,development,clay,22.01,0
61.29,26.38,74.76,3.85,mid_season,sandy,15.58,0
83.79,21.62,89.97,0,development,sandy,0,0
47.24,26.29,76.09,4.62,mid_season,sandy,24.71,0
53.64,23.55,61.06,2.41,late,sandy,13.64,0
50.66,21.99,89.77,3.05,mid_season,clay,3.68,0
54.45,26.05,80.93,5.85,mid_season,clay,19.77,0
78.97,24.78,44.02,4.17,late,clay,10.09,0
60.87,17.29,78.69,6.3,mid_season,clay,3.48,0
22.33,18.58,72.71,3.64,late,clay,15.61,0
53.77,16.08,89.69,4.57,late,clay,6.43,0
54.69,14.78,42.9,2.71,initial,sandy,2.56,0
56.8,16.69,84.17,3.85,development,loamy,9.47,0
40.59,18.03,82.11,3.27,development,sandy,7.24,0
55.01,18.72,68.73,0,initial,sandy,0,0
70.93,22.82,74.26,3.47,development,loamy,11.52,0
46.37,24.16,88.77,0,development,loamy,0,1
33.58,27.85,79.5,6.14,late,sandy,9.85,0
67.25,29.12,69.32,6.64,late,clay,7.28,0
69.4,24.07,48.13,5.69,development,sandy,10.22,0
58.34,21.58,52.3,5.29,mid_season,loamy,6.95,0
58.3,20.66,78.25,3.23,mid_season,sandy,13.25,0
28.29,19.85,87.45,4.98,late,loamy,8.49,0
49.25,14.55,70.34,6.57,development,clay,5.55,0
27.13,18.97,89.59,5.62,development,loamy,0.6,0
50.72,12.69,42.2,0,late,loamy,0,1
46.8,17.16,76.19,4.48,mid_season,sandy,13.02,0
68.16,27.59,53.92,4.15,mid_season,clay,19.34,0
48.35,16.99,48.74,4.04,development,sandy,6.68,0
71.58,12.44,47.0,5.07,initial,sandy,7.24,0
44.06,24.93,77.3,3.4,late,sandy,16.04,0
48.94,23.1,55.23,3.4,initial,clay,5.91,0
60.75,15.65,45.17,2.09,late,loamy,3.14,0
93.2,24.16,60.45,4.71,late,loamy,26.01,0
76.63,23.48,49.52,4.65,mid_season,clay,23.25,0
68.8,28.26,59.5,4.52,mid_season,loamy,7.66,0
87.56,21.15,57.81,3.87,late,loamy,11.99,0
48.67,12.26,83.76,4.49,initial,clay,9.27,0
73.91,28.42,54.01,0,initial,clay,0,0
23.9,28.85,64.63,3.69,mid_season,sandy,8.51,0
55.17,20.13,74.99,3.6,development,loamy,0.62,0
28.95,28.96,57.83,4.23,late,sandy,11.16,0
75.14,17.96,50.02,4.68,development,sandy,10.65,0
57.56,19.61,77.55,5.47,mid_season,clay,12.33,0
60.57,13.94,89.75,4.31,initial,loamy,9.28,0
45.3,26.07,45.17,6.34,late,sandy,17.02,0
28.35,23.92,84.95,1.41,late,clay,3.83,0
33.28,25.81,49.86,4.79,late,clay,11.71,0
31.92,15.95,46.88,0,late,sandy,0,1
74.73,15.92,63.51,3.55,initial,sandy,7.71,0
52.57,25.68,42.63,3.28,development,clay,7.41,0
51.11,24.57,71.44,3.34,initial,clay,16.89,0
84.81,29.85,66.5,3.03,mid_season,loamy,14.13,0
38.51,13.02,43.37,0,initial,sandy,0,0
73.11,25.55,45.83,1.83,development,sandy,0.58,0
36.94,16.65,60.52,4.84,mid_season,clay,20.28,0
57.61,26.25,46.16,3.74,initial,clay,12.73,0
23.64,14.43,83.99,2.29,mid_season,clay,25.79,0
85.72,24.1,42.49,3.41,initial,clay,2.6,0
59.65,20.26,70.07,1.91,mid_season,loamy,10.89,0
43.67,28.49,68.52,4.45,initial,clay,6.67,0
62.02,14.74,41.74,0,initial,sandy,0,0
70.35,17.29,63.27,2.88,late,clay,8.69,0
48.96,22.77,45.63,2.89,development,loamy,2.42,0
30.38,24.08,87.15,3.92,development,clay,3.89,0
47.14,18.53,70.08,0,initial,sandy,0,0
68.38,21.58,63.78,2.46,late,clay,9.88,0
61.23,13.2,59.01,4.37,mid_season,loamy,17.2,0
93.31,19.37,70.15,5.33,mid_season,clay,3.19,0
56.02,26.74,57.41,2.81,mid_season,sandy,13.06,0
51.85,26.46,45.53,0,development,sandy,0,1
35.43,18.45,84.29,3.22,development,sandy,11.84,0
47.61,22.7,76.67,6.95,initial,loamy,15.43,0
17.84,14.77,46.8,5.28,development,clay,13.15,0
40.37,12.27,67.01,4.03,development,loamy,6.11,0
29.79,25.84,67.42,3.99,initial,loamy,3.97,0
78.29,25.0,56.4,0,initial,loamy,0,0
66.26,27.08,62.69,3.06,late,loamy,1.74,0
75.18,20.58,50.43,3.78,mid_season,clay,9.52,0
57.34,19.89,86.8,2.55,initial,loamy,11.16,0
31.47,18.15,78.23,4.39,mid_season,clay,8.56,0
65.06,17.5,58.23,4.34,mid_season,clay,13.2,0
32.67,16.7,76.36,2.67,development,sandy,11.84,0
45.51,27.39,55.68,3.09,development,sandy,3.29,0
70.16,27.36,47.78,2.2,late,sandy,1.47,0
57.03,22.6,50.49,4.37,late,sandy,15.93,0
80.01,18.61,87.9,3.59,development,loamy,12.17,0
58.98,15.27,79.89,5.38,mid_season,sandy,16.42,0
35.77,14.04,52.34,0,initial,sandy,0,0
45.8,16.86,40.46,2.66,development,loamy,16.3,0
71.57,27.88,81.87,4.48,development,sandy,1.54,0
26.52,14.23,63.82,3.17,mid_season,clay,9.41,0
71.15,22.04,85.09,5.78,initial,clay,7.42,0
38.7,18.94,84.85,1.8,mid_season,clay,18.7,0
22.24,20.42,61.02,2.21,mid_season,sandy,7.34,0
51.96,28.25,71.19,0,development,sandy,0,1
58.27,15.0,46.79,4.54,late,sandy,6.0,0
70.96,29.6,48.11,3.25,late,clay,7.89,0
47.16,27.76,63.31,3.47,late,clay,20.6,0
63.05,28.21,82.31,5.51,development,loamy,3.39,0
85.07,15.33,49.96,0,initial,sandy,0,0
22.4,12.18,56.51,0,initial,clay,0,0
59.13,21.72,71.23,0,late,sandy,0,1
94.53,12.16,41.36,2.35,late,loamy,7.22,0
57.75,16.52,75.14,3.61,development,clay,8.8,0
70.06,20.28,78.15,5.91,late,sandy,14.6,0
63.7,21.08,75.42,3.68,late,loamy,8.13,0
25.39,27.06,63.38,2.96,mid_season,loamy,7.07,0
52.78,23.75,51.74,4.09,initial,sandy,6.91,0
53.24,14.24,78.14,3.11,late,loamy,15.06,0
56.35,20.47,56.13,5.35,late,sandy,7.01,0
26.04,22.2,42.63,3.45,late,clay,0.09,0
56.76,17.22,68.27,4.65,mid_season,loamy,15.42,0
50.89,18.4,83.69,3.61,development,loamy,16.39,0
61.48,16.06,58.68,3.45,development,loamy,4.15,0
44.76,29.16,49.34,0,late,loamy,0,1
35.84,12.81,86.28,2.61,development,clay,8.6,0
71.34,13.49,59.28,5.09,late,clay,4.37,0
94.23,27.41,50.75,2.38,mid_season,loamy,16.8,0
77.7,26.21,59.09,3.69,initial,sandy,5.46,0
48.43,29.92,87.61,3.84,late,loamy,3.6,0
47.88,15.34,43.94,4.95,development,loamy,2.19,0
43.99,16.99,86.21,3.33,initial,loamy,7.69,0
73.25,28.11,66.83,4.66,initial,clay,3.12,0
43.14,29.71,53.93,4.96,initial,sandy,4.12,0
85.63,17.53,89.66,0,mid_season,loamy,0,0
58.33,23.0,76.9,3.1,mid_season,loamy,5.0,0
47.06,19.88,80.72,4.88,initial,clay,6.28,0
58.6,21.9,66.46,0,initial,sandy,0,0
39.77,29.94,65.64,0,initial,loamy,0,0
66.08,28.23,80.3,3.86,development,sandy,3.04,0
51.31,14.07,45.71,0,development,loamy,0,1
57.15,20.92,69.57,4.91,mid_season,sandy,0.4,0
57.07,17.22,64.99,3.05,initial,clay,10.65,0
55.4,14.68,82.97,3.26,late,clay,6.77,0
81.07,19.89,87.12,3.75,mid_season,clay,6.68,0
95,25.44,81.36,3.8,mid_season,sandy,24.0,0
45.39,19.78,55.32,3.58,late,clay,18.11,0
65.99,15.21,68.79,3.6,mid_season,loamy,14.55,0
13.1,29.15,46.7,0,development,loamy,0,1
81.58,24.31,64.48,0,initial,sandy,0,0
29.34,17.92,77.52,5.41,mid_season,sandy,20.32,0
78.59,22.14,86.91,3.79,initial,loamy,8.95,0
52.9,25.23,58.56,4.86,development,loamy,16.32,0
32.71,24.83,40.63,4.17,development,loamy,13.98,0
30.21,12.01,64.44,2.94,mid_season,loamy,19.53,0
29.56,25.66,77.95,6.35,late,clay,5.17,0
56.41,27.07,72.44,4.13,initial,loamy,14.65,0
82.46,27.38,61.58,2.94,development,clay,14.35,0
38.83,24.4,88.17,5.29,mid_season,loamy,14.45,0
64.56,29.41,69.42,4.71,initial,clay,7.3,0
55.37,25.22,75.77,0,mid_season,sandy,0,1
81.78,17.64,79.51,5.55,development,loamy,9.28,0
37.43,19.31,59.71,5.69,mid_season,sandy,7.77,0
72.77,12.33,85.77,4.24,development,loamy,5.0,0
69.33,29.24,57.95,4.23,mid_season,clay,21.76,0
54.14,17.78,81.58,3.44,late,loamy,17.35,0
59.75,23.6,52.62,3.98,mid_season,loamy,5.66,0
67.5,13.27,79.22,4.14,mid_season,sandy,5.15,0
72.54,16.71,71.56,3.75,development,loamy,6.04,0
54.02,20.76,78.5,2.25,mid_season,sandy,14.38,0
72.6,25.4,51.34,3.67,late,loamy,5.82,0
75.62,21.49,72.14,2.58,mid_season,sandy,13.02,0
36.31,22.1,86.9,4.2,late,loamy,3.48,0
59.02,28.92,57.75,4.67,late,clay,3.55,0
69.86,19.38,44.34,0,initial,loamy,0,0
43.62,28.66,55.56,3.43,initial,clay,3.0,0
41.85,26.33,42.54,3.88,development,loamy,6.92,0
80.67,25.6,47.48,0,initial,loamy,0,0
42.1,15.52,69.23,3.46,mid_season,sandy,5.19,0
78.86,21.03,44.63,4.99,mid_season,loamy,14.12,0
62.45,17.1,71.49,4.45,development,loamy,8.07,0
55.18,22.62,80.68,2.74,late,sandy,16.65,0
45.33,20.61,53.64,3.15,development,clay,11.71,0
50.36,12.21,50.66,3.53,development,clay,21.08,0
64.28,15.77,86.39,4.51,development,loamy,14.69,0
57.39,14.25,65.83,5.35,late,clay,15.68,0
94.07,15.13,64.34,3.77,mid_season,sandy,3.24,0
58.28,25.26,56.63,5.16,late,clay,12.35,0
60.96,21.67,81.59,4.71,development,loamy,5.93,0
40.16,17.1,86.51,4.47,mid_season,loamy,23.23,0
88.72,15.14,87.07,3.31,development,loamy,9.7,0
62.02,15.7,73.62,0,initial,loamy,0,0
49.68,17.41,46.05,3.59,development,clay,10.16,0
37.22,15.74,47.16,3.43,mid_season,clay,15.63,0
55.79,28.48,68.09,6.1,mid_season,loamy,0.31,0
70.55,12.5,44.44,4.21,development,clay,8.79,0
58.7,22.98,49.99,5.56,initial,clay,18.85,0
74.13,25.34,88.15,3.72,late,sandy,3.13,0
55.84,15.24,76.3,4.11,initial,loamy,0.98,0
84.83,12.41,79.71,4.61,mid_season,loamy,19.44,0
40.51,16.32,40.57,4.44,initial,sandy,8.79,0
67.76,13.69,56.21,4.29,initial,clay,12.38,0
61.91,20.86,57.13,3.92,initial,clay,7.49,0
67.63,13.71,67.97,2.81,initial,sandy,9.11,0
70.51,23.77,73.21,4.88,mid_season,sandy,2.54,0
59.99,29.66,57.57,4.94,late,sandy,2.31,0
87.0,14.17,86.75,5.95,mid_season,loamy,21.99,0
76.85,21.56,61.52,5.62,development,clay,13.0,0
90.77,13.88,67.89,3.12,initial,sandy,4.05,0
50.89,15.74,57.75,4.08,initial,loamy,4.05,0
31.67,27.91,54.14,3.41,initial,sandy,0.49,0
60.45,18.31,56.34,4.73,mid_season,clay,3.09,0
39.07,15.73,87.39,3.41,late,clay,12.76,0
78.67,25.16,47.97,4.83,late,loamy,8.3,0
57.48,24.17,65.44,4.24,mid_season,clay,3.26,0
46.95,26.83,86.74,2.74,mid_season,loamy,17.54,0
61.39,19.21,87.14,2.71,late,clay,4.25,0
41.78,20.25,72.15,3.46,development,clay,3.31,0
59.21,16.25,44.2,4.97,development,loamy,12.55,0
36.56,24.94,56.64,5.5,mid_season,loamy,7.76,0
34.08,26.62,88.33,2.58,late,sandy,15.02,0
42.27,20.53,52.23,2.82,mid_season,loamy,12.48,0
36.58,27.37,44.61,4.71,late,loamy,6.39,0
52.23,15.84,52.3,3.89,late,sandy,15.1,0
72.15,15.63,47.26,4.7,initial,clay,14.74,0
36.96,16.94,77.65,5.72,development,loamy,6.7,0
41.28,22.16,80.08,3.91,initial,clay,11.92,0
25.06,26.74,77.63,5.13,late,sandy,17.53,0
22.12,13.78,42.13,0,mid_season,sandy,0,1
27.73,25.89,53.3,3.93,mid_season,loamy,13.03,0
54.58,24.97,58.4,3.29,development,sandy,26.36,0
48.19,22.54,76.19,4.61,development,clay,17.22,0
56.22,28.6,74.37,3.53,development,loamy,6.28,0
68.61,16.73,87.39,2.41,mid_season,loamy,12.37,0
63.54,27.97,51.94,4.52,late,clay,6.7,0
82.4,16.48,50.35,4.66,initial,loamy,6.85,0
40.76,25.37,48.19,4.87,late,clay,5.81,0
88.12,16.17,63.83,4.09,mid_season,clay,11.49,0
29.1,18.43,41.9,3.53,initial,sandy,0.37,0
63.01,27.3,46.81,2.38,development,clay,11.33,0
49.29,26.7,83.75,2.94,late,sandy,10.92,0
56.14,25.64,87.52,0,initial,loamy,0,0
33.48,13.99,78.4,0,late,sandy,0,1
43.77,23.21,60.87,2.13,mid_season,sandy,4.46,0
50.01,14.24,57.52,3.88,initial,clay,5.46,0
50.56,18.18,88.98,0,late,sandy,0,1
80.18,28.87,80.14,4.87,late,sandy,2.97,0
65.4,28.27,87.48,3.33,late,clay,6.48,0
40.08,29.89,74.06,3.71,development,sandy,9.23,0
64.59,12.34,59.36,6.12,mid_season,clay,13.71,0
43.58,17.17,64.42,2.09,initial,sandy,7.55,0
36.22,18.45,47.2,5.63,development,sandy,4.83,0
66.15,16.05,89.79,0,initial,loamy,0,0
55.38,15.77,71.84,4.25,late,clay,3.08,0
74.18,21.44,44.16,2.53,late,loamy,18.24,0
57.84,14.53,89.77,0,initial,clay,0,0
86.22,28.57,83.97,4.45,mid_season,clay,15.47,0
39.92,24.09,80.56,2.3,mid_season,loamy,7.03,0
70.26,24.18,83.05,4.44,initial,sandy,3.9,0
42.87,27.01,42.34,3.52,late,sandy,19.28,0
83.15,19.13,80.36,4.88,initial,sandy,14.13,0
40.92,23.11,83.31,3.27,development,clay,0.52,0
76.74,15.76,41.96,4.01,mid_season,clay,1.48,0
65.98,29.65,83.76,2.04,mid_season,sandy,9.27,0
16.5,21.98,70.86,4.68,late,clay,16.31,0
35.73,19.45,40.77,5.37,mid_season,clay,14.08,0
65.45,29.18,48.59,3.96,late,clay,14.13,0
50.89,18.32,40.97,4.07,mid_season,clay,14.11,0
49.41,24.35,41.34,3.14,mid_season,clay,8.81,0
68.19,26.84,68.29,0,late,loamy,0,0
44.21,12.29,76.23,2.94,initial,clay,8.79,0
46.95,17.17,45.95,3.91,late,clay,3.07,0
28.64,20.39,50.59,6.48,late,sandy,22.13,0
53.95,28.5,59.03,4.69,development,loamy,15.36,0
40.96,15.12,75.5,7.49,initial,sandy,12.1,0
77.5,14.23,77.0,3.56,development,clay,3.55,0
63.4,28.61,58.56,3.39,late,loamy,2.04,0
58.63,14.06,80.8,2.73,mid_season,loamy,27.17,0
93.34,17.26,54.63,4.62,mid_season,loamy,12.92,0
72.62,13.28,72.45,4.25,late,clay,21.65,0
50.72,20.07,81.27,6.14,development,loamy,3.56,0
9.11,28.18,88.82,3.99,mid_season,sandy,7.1,0
75.79,14.29,68.56,3.02,development,loamy,9.53,0
59.89,27.83,71.47,4.23,development,sandy,16.59,0
86.03,26.63,67.14,4.52,mid_season,loamy,9.3,0
49.32,25.22,86.37,3.3,initial,sandy,3.53,0
35.33,21.54,80.18,3.11,mid_season,loamy,20.42,0
9.7,18.01,69.82,3.84,late,sandy,2.35,0
61.01,13.88,66.09,4.36,mid_season,sandy,11.43,0
40.31,27.38,50.6,1.59,development,loamy,2.02,0
57.85,27.02,86.32,6.0,mid_season,clay,2.3,0
41.28,28.99,81.14,4.05,late,clay,1.66,0
47.1,24.69,87.15,3.93,development,clay,19.11,0
43.92,20.28,58.05,3.02,late,loamy,4.8,0
74.67,29.23,62.57,3.35,mid_season,clay,13.48,0
52.96,22.9,84.55,4.34,initial,loamy,6.92,0
59.44,15.74,82.74,3.76,late,loamy,14.0,0
95,21.6,84.91,4.35,late,clay,6.13,0
70.39,21.18,62.13,0,development,clay,0,0
80.58,28.94,64.07,3.3,development,loamy,7.84,0
52.5,22.94,61.82,3.39,late,loamy,18.32,0
71.06,20.54,74.41,3.91,development,clay,5.89,0
69.72,28.77,59.63,4.33,late,clay,3.16,0
43.49,12.06,89.27,3.39,development,clay,15.52,0
89.06,29.42,71.67,0,initial,loamy,0,0
35.76,24.61,84.97,4.77,mid_season,sandy,9.76,0
59.53,20.96,71.4,3.54,late,sandy,13.21,0
61.57,19.75,73.45,4.24,development,clay,6.54,0
67.46,20.64,73.7,3.77,late,sandy,5.98,0
79.28,14.87,89.38,3.65,late,loamy,2.56,0
43.5,21.32,80.31,3.28,initial,loamy,6.59,0
29.31,14.86,43.72,3.46,late,clay,5.03,0
61.82,18.8,86.34,5.02,late,clay,11.31,0
41.16,17.74,62.08,3.32,initial,clay,10.73,0
46.61,29.15,55.68,2.13,late,clay,1.54,0
66.85,19.1,87.24,0,development,clay,0,0
44.27,15.98,59.21,2.45,late,clay,11.04,0
72.33,23.49,73.9,6.05,late,loamy,5.53,0
31.67,28.27,87.9,2.8,initial,clay,14.73,0
76.07,13.42,75.68,5.0,mid_season,sandy,14.01,0
64.89,16.03,68.14,2.21,initial,clay,5.41,0
64.44,23.82,52.87,0,initial,clay,0,0
81.62,28.45,46.43,4.73,development,loamy,7.09,0
83.98,13.04,86.95,5.65,late,sandy,11.35,0
42.99,22.99,76.92,5.65,initial,sandy,5.17,0
66.66,14.38,68.25,0,late,sandy,0,0
22.65,23.41,48.68,4.07,late,sandy,2.27,0
72.71,12.2,88.69,3.11,initial,clay,7.82,0
41.97,20.5,83.08,3.38,late,clay,21.55,0
40.7,25.88,77.92,4.81,initial,sandy,7.2,0
95,14.93,41.88,2.89,late,clay,10.17,0
50.02,29.32,88.6,0,development,loamy,0,1
29.25,24.15,57.31,4.39,mid_season,loamy,7.29,0
50.86,18.27,89.77,2.92,initial,clay,11.49,0
55.27,19.54,86.06,4.12,development,loamy,2.97,0
37.9,17.44,64.35,4.8,mid_season,sandy,9.64,0
28.38,26.18,51.41,2.79,mid_season,clay,17.15,0
55.12,16.02,86.88,2.8,mid_season,clay,15.76,0
35.2,25.58,55.64,4.53,late,clay,8.65,0
32.68,26.35,45.46,4.3,late,loamy,12.07,0
63.26,20.59,69.1,4.21,late,sandy,11.35,0
76.13,23.13,56.22,3.95,late,sandy,7.67,0
36.94,29.21,78.37,0,mid_season,sandy,0,1
57.73,19.79,78.02,3.16,initial,sandy,18.5,0
49.26,19.26,79.35,4.31,initial,loamy,6.53,0
62.34,13.61,42.54,3.92,development,sandy,14.34,0
56.18,20.34,63.12,4.59,late,sandy,13.58,0
80.89,27.96,42.61,5.85,initial,sandy,0.96,0
64.79,19.89,51.33,1.68,initial,loamy,1.86,0
95,17.41,63.54,5.23,development,clay,6.62,0
46.65,27.77,67.72,4.51,mid_season,loamy,11.46,0
45.6,29.78,63.27,2.87,initial,loamy,0.44,0
52.41,20.7,50.64,3.62,late,clay,13.14,0
67.18,17.84,72.1,5.05,mid_season,clay,15.82,0
49.12,21.31,63.28,5.41,mid_season,loamy,15.33,0
50.07,28.88,80.84,2.45,development,loamy,11.75,0
36.51,16.37,60.93,4.76,development,loamy,2.25,0
59.97,15.84,85.79,5.08,development,loamy,6.25,0
55.66,27.41,42.45,2.69,late,sandy,9.71,0
58.93,24.17,68.25,2.85,mid_season,sandy,19.17,0
33.48,14.6,48.09,2.69,initial,clay,6.12,0
50.6,16.43,54.45,3.11,initial,clay,7.58,0
34.73,27.25,53.11,4.53,development,sandy,4.52,0
68.25,15.37,42.79,3.41,late,sandy,4.56,0
39.42,23.5,53.7,0,initial,loamy,0,0
83.66,26.72,56.03,5.01,mid_season,sandy,0.48,0
38.81,12.4,68.0,2.72,late,clay,16.7,0
51.67,12.82,41.88,3.3,mid_season,clay,25.04,0
68.38,28.2,48.41,3.81,development,clay,0.47,0
53.92,27.28,82.77,3.82,mid_season,clay,20.17,0
41.15,21.72,62.79,4.48,initial,clay,3.26,0
33.54,20.5,80.18,5.21,initial,loamy,9.1,0
17.04,29.33,53.54,3.73,development,sandy,15.42,0
46.49,14.57,61.74,4.46,late,sandy,4.08,0
39.14,23.14,73.53,5.5,initial,loamy,10.47,0
73.3,14.85,49.85,4.85,mid_season,clay,18.5,0
64.78,15.46,85.63,4.04,development,sandy,15.46,0
46.34,13.24,44.52,0,late,sandy,0,1
42.85,16.25,46.06,5.13,late,sandy,10.29,0
60.46,16.64,46.03,3.98,initial,sandy,10.95,0
34.72,22.76,54.58,0,development,loamy,0,1
24.84,19.07,42.57,0,initial,loamy,0,0
62.12,27.81,83.38,4.06,mid_season,clay,18.68,0
67.45,17.84,88.44,3.89,development,loamy,2.89,0
60.42,29.08,64.04,3.38,mid_season,loamy,7.08,0
66.43,26.12,75.8,2.84,development,loamy,7.9,0
90.51,14.17,44.75,5.36,mid_season,sandy,6.0,0
62.66,17.91,58.92,5.41,late,clay,7.05,0
37.63,12.05,42.94,3.92,late,sandy,10.74,0
62.69,21.25,64.0,3.94,late,loamy,8.47,0
54.45,19.47,43.09,4.15,initial,sandy,19.38,0
82.94,25.57,55.55,1.77,development,sandy,10.27,0
30.55,27.29,53.08,3.36,mid_season,clay,5.88,0
53.27,29.41,52.65,0,mid_season,sandy,0,1
74.17,15.04,42.8,3.49,mid_season,clay,4.42,0
30.0,16.45,89.81,0,development,clay,0,0
58.13,19.14,57.72,3.97,initial,loamy,2.81,0
40.41,18.38,59.9,3.56,development,sandy,0.86,0
63.95,16.27,47.92,4.23,late,clay,4.46,0
53.58,29.91,70.06,0,late,loamy,0,0
40.18,27.03,75.73,0,initial,sandy,0,0
55.7,17.19,47.38,4.14,initial,clay,5.64,0
46.82,12.99,71.81,1.39,late,clay,10.02,0
59.09,14.47,56.07,0,late,sandy,0,1
7.06,21.71,40.26,0,mid_season,loamy,0,1
23.41,25.95,70.94,0,initial,loamy,0,0
57.62,27.65,43.67,2.44,mid_season,clay,17.89,0
66.48,27.97,59.41,4.23,mid_season,loamy,4.98,0
75.94,27.36,59.29,0,development,sandy,0,0
57.36,25.06,50.53,0,development,clay,0,0
18.43,16.4,41.6,0,initial,clay,0,0
88.93,25.64,84.84,0,initial,clay,0,0
55.13,19.9,47.32,3.64,development,sandy,5.86,0
65.02,27.39,85.91,0,initial,sandy,0,0
76.01,13.23,49.89,3.06,development,sandy,11.58,0
28.01,15.4,76.6,3.84,development,clay,12.93,0
41.57,24.59,51.78,5.37,mid_season,loamy,19.16,0
50.02,26.13,89.92,3.98,late,loamy,10.25,0
59.82,14.39,60.25,3.86,initial,loamy,11.27,0
38.53,21.49,68.94,3.18,late,sandy,10.56,0
27.15,20.18,60.87,3.51,late,loamy,2.63,0
87.87,18.93,63.55,4.75,development,loamy,6.77,0
37.11,13.67,58.82,4.57,initial,sandy,21.78,0
48.72,28.68,87.99,4.28,late,sandy,11.75,0
95,26.12,65.96,3.47,development,loamy,14.95,0
52.15,15.77,70.72,0,initial,sandy,0,0
25.9,15.37,64.69,2.73,initial,sandy,1.39,0
40.33,27.19,76.01,4.09,initial,loamy,11.22,0
61.06,20.83,74.26,3.75,late,clay,6.48,0
80.74,19.21,69.84,4.49,mid_season,loamy,8.22,0
57.71,17.71,75.41,0,late,loamy,0,0
37.06,21.35,88.17,4.18,mid_season,sandy,4.66,0
64.8,20.1,76.7,4.52,development,sandy,8.06,0
33.22,19.21,83.12,3.91,mid_season,sandy,8.86,0
55.42,18.11,51.33,3.62,mid_season,loamy,12.78,0
55.88,23.42,62.38,4.14,initial,loamy,8.4,0
39.8,16.52,79.41,0,initial,loamy,0,0
71.79,25.84,81.11,5.35,development,loamy,20.66,0
44.99,22.11,48.14,3.85,late,clay,9.83,0
63.16,23.12,59.31,4.97,late,clay,19.67,0
72.29,15.0,80.95,3.94,late,loamy,12.46,0
45.41,19.56,87.92,3.99,development,loamy,10.05,0
45.99,23.65,75.18,3.4,late,loamy,17.01,0
63.36,20.29,75.34,6.44,late,sandy,10.98,0
71.6,14.84,50.03,5.02,mid_season,sandy,12.88,0
80.72,15.66,71.56,2.98,mid_season,loamy,10.5,0
54.17,28.24,58.47,2.73,development,clay,8.2,0
5.79,15.19,50.0,4.59,initial,sandy,0.43,0
52.66,18.89,65.6,2.36,late,clay,16.84,0
65.74,21.58,65.62,4.84,mid_season,sandy,7.97,0
73.89,16.41,73.97,4.16,mid_season,sandy,8.82,0
78.8,26.35,58.2,4.51,development,clay,10.98,0
53.77,26.01,81.03,3.82,mid_season,loamy,13.42,0
55.72,15.33,77.82,0,initial,sandy,0,0
57.05,12.57,85.84,2.58,development,clay,10.83,0
75.25,16.54,67.75,1.97,development,loamy,13.24,0
27.7,18.05,44.4,5.92,initial,loamy,6.57,0
52.93,28.85,66.67,5.22,late,sandy,11.7,0
83.5,14.68,69.18,4.38,mid_season,clay,12.38,0
95,18.34,74.26,5.74,development,sandy,14.78,0
62.28,20.97,75.5,3.16,late,sandy,11.54,0
79.72,12.53,40.4,0,initial,sandy,0,0
22.52,26.64,49.47,4.83,development,loamy,6.37,0
33.03,19.08,55.89,4.55,development,loamy,15.35,0
48.52,27.03,61.54,4.05,mid_season,sandy,0.5,0
30.66,12.78,70.51,3.34,development,clay,16.41,0
50.25,17.75,61.0,3.18,mid_season,loamy,14.55,0
41.4,23.04,76.23,5.31,development,sandy,13.01,0
88.21,20.39,89.07,3.78,late,loamy,15.23,0
35.73,21.37,44.51,4.55,mid_season,clay,15.13,0
46.36,16.03,51.37,4.35,mid_season,loamy,19.4,0
57.38,18.15,59.18,5.12,mid_season,clay,7.41,0
61.11,26.71,78.0,2.89,mid_season,sandy,6.58,0
23.67,16.69,80.37,5.54,mid_season,loamy,13.17,0
73.23,12.52,83.99,0,development,loamy,0,0
72.38,26.11,75.02,4.87,initial,loamy,3.66,0
64.25,25.34,89.04,5.48,development,clay,8.45,0
75.53,25.77,88.44,3.1,development,clay,18.89,0
95,28.72,47.53,3.97,late,loamy,7.54,0
38.74,20.37,50.33,3.42,late,clay,14.87,0
34.86,29.41,71.13,3.11,late,loamy,24.54,0
68.1,15.49,85.98,3.27,development,clay,1.58,0
48.62,13.24,74.07,4.57,development,clay,5.37,0
48.73,19.36,48.8,2.16,late,sandy,16.71,0
20.4,21.92,68.53,0,development,loamy,0,1
17.03,20.96,71.07,2.01,development,sandy,8.9,0
62.0,25.34,70.7,6.23,mid_season,sandy,8.11,0
45.84,28.33,88.24,0,development,sandy,0,1
56.57,18.46,60.56,4.57,mid_season,loamy,11.62,0
44.8,15.73,54.13,5.16,development,sandy,18.06,0
42.81,29.21,67.96,2.84,initial,clay,13.5,0
29.69,29.34,76.46,3.87,late,sandy,3.33,0
52.62,15.4,84.62,3.63,mid_season,sandy,1.73,0
82.56,17.31,48.1,3.67,late,clay,8.03,0
51.39,21.24,60.83,3.98,mid_season,clay,30.7,0
41.96,13.19,71.8,4.35,late,sandy,15.26,0
38.46,22.84,82.42,4.35,initial,sandy,4.75,0
28.38,18.59,77.04,5.27,development,clay,22.97,0
37.06,16.74,55.99,4.66,late,sandy,10.55,0
43.47,18.95,87.88,4.63,late,sandy,8.72,0
41.89,27.22,84.55,4.52,initial,sandy,22.42,0
58.56,22.49,48.88,0,late,clay,0,0
60.78,23.13,85.58,2.41,mid_season,sandy,8.02,0
95,23.55,89.55,5.56,late,loamy,14.38,0
54.04,21.35,69.35,4.81,mid_season,sandy,11.03,0
48.51,28.69,56.65,3.37,late,clay,6.08,0
62.26,17.73,83.38,2.91,mid_season,clay,19.21,0
26.12,29.15,84.16,0,development,sandy,0,1
42.83,18.23,85.27,4.86,development,loamy,18.31,0
44.89,29.56,80.81,0,development,sandy,0,1
53.29,15.25,77.36,5.76,mid_season,sandy,11.59,0
81.25,16.89,86.77,1.84,mid_season,loamy,11.19,0
48.1,12.45,47.11,3.34,development,clay,11.09,0
32.95,12.36,43.45,3.52,initial,sandy,13.85,0
35.12,29.51,89.53,2.49,initial,loamy,5.24,0
29.86,15.46,65.9,2.29,development,sandy,0.46,0
51.99,22.64,46.68,4.09,mid_season,loamy,11.33,0
63.48,25.9,65.64,3.82,late,loamy,3.67,0
36.26,25.07,89.97,0,initial,sandy,0,0
47.63,29.04,61.57,4.86,initial,loamy,1.48,0
28.18,20.59,62.98,0,late,loamy,0,1
77.43,15.53,87.84,3.95,development,sandy,8.79,0
95,23.05,68.68,3.3,development,loamy,10.19,0
62.37,19.27,55.93,4.54,late,loamy,15.32,0
58.38,24.8,69.12,3.88,late,loamy,10.96,0
58.59,16.11,79.7,2.64,late,clay,7.87,0
6.73,12.52,68.66,2.71,late,loamy,10.83,0
36.89,23.71,84.12,4.24,mid_season,sandy,9.3,0
49.54,20.94,74.6,3.41,development,loamy,3.45,0
53.37,21.1,88.3,5.06,late,sandy,0.83,0
84.94,12.89,67.58,4.36,mid_season,loamy,1.5,0
61.46,13.47,70.63,4.38,late,loamy,2.91,0
51.98,22.05,76.57,3.43,initial,loamy,14.58,0
72.05,29.37,57.21,3.63,development,sandy,7.04,0
45.63,16.52,72.43,5.03,late,clay,18.4,0
45.87,15.92,87.74,4.13,late,loamy,9.48,0
61.12,18.44,56.67,3.73,initial,sandy,4.95,0
79.89,28.63,72.68,1.8,late,sandy,14.04,0
46.49,13.65,87.54,7.04,development,sandy,8.25,0
43.8,21.12,64.11,3.39,late,clay,5.93,0
41.43,24.06,50.61,5.37,development,clay,4.48,0
5,14.43,83.54,3.02,late,loamy,12.23,0
53.61,23.23,59.43,4.88,initial,loamy,16.28,0
45.62,20.13,54.55,3.66,mid_season,sandy,12.99,0
5,12.39,40.6,4.4,initial,loamy,4.14,0
95,16.12,80.81,5.03,initial,loamy,3.01,0
63.41,25.26,89.73,1.88,late,sandy,13.2,0
86.82,29.34,68.61,4.39,development,sandy,0.21,0
46.77,29.58,43.74,4.08,mid_season,sandy,10.67,0
30.63,25.78,84.26,3.47,mid_season,loamy,21.13,0
60.61,16.49,68.37,4.22,late,sandy,16.97,0
86.43,21.71,82.62,4.34,development,clay,4.01,0
61.11,19.51,49.51,0,initial,sandy,0,0
65.88,27.86,46.11,4.63,development,clay,11.92,0
45.07,20.1,44.08,2.62,late,clay,17.19,0
52.98,14.01,77.27,4.77,mid_season,sandy,11.23,0
57.78,24.25,69.67,0,development,sandy,0,1
48.18,28.32,65.14,5.48,mid_season,clay,6.13,0
36.24,18.54,71.49,5.62,development,loamy,11.1,0
68.04,25.97,66.51,4.48,late,loamy,4.96,0
25.92,26.36,57.94,4.92,mid_season,loamy,7.63,0
95,24.99,66.73,4.37,development,clay,14.28,0
46.09,18.64,70.3,4.28,late,loamy,10.03,0
45.27,19.87,44.79,4.17,late,sandy,4.37,0
44.9,18.89,74.49,2.08,mid_season,clay,5.02,0
52.78,25.2,46.67,1.19,development,sandy,0.23,0
34.87,26.23,77.8,0,initial,sandy,0,0
90.1,24.26,48.8,0,initial,sandy,0,0
69.53,18.07,85.09,1.56,late,clay,10.76,0
42.06,29.78,55.05,4.08,initial,sandy,3.45,0
50.26,14.67,55.11,4.87,late,clay,8.43,0
67.57,12.94,45.69,2.26,late,sandy,3.69,0
63.59,13.99,88.89,0,initial,clay,0,0
51.87,27.64,46.71,0,development,loamy,0,1
64.09,21.59,40.8,3.96,initial,loamy,7.11,0
57.4,19.56,57.92,3.39,development,loamy,4.32,0
30.73,20.17,85.61,3.62,mid_season,sandy,12.13,0
37.2,15.46,49.37,4.86,initial,loamy,4.06,0
46.53,22.47,52.13,0,initial,sandy,0,0
63.78,23.29,42.2,3.07,mid_season,loamy,14.85,0
49.14,19.11,53.45,4.11,mid_season,sandy,15.41,0
36.94,26.12,71.79,3.66,mid_season,clay,11.34,0
67.85,28.32,67.48,4.84,mid_season,clay,15.51,0
69.31,24.42,84.7,2.94,initial,clay,3.54,0
23.15,22.5,55.99,2.59,initial,loamy,14.0,0
84.9,29.37,79.92,3.95,late,clay,9.56,0
74.55,13.0,84.96,2.91,development,clay,3.48,0
63.36,26.12,80.93,3.7,late,loamy,6.16,0
51.67,14.29,62.55,5.04,initial,loamy,21.85,0
72.26,29.21,57.09,6.07,initial,loamy,23.78,0
65.34,12.65,82.97,4.93,mid_season,clay,11.67,0
64.37,25.65,68.72,4.07,initial,sandy,1.28,0
25.77,18.82,57.77,4.31,initial,clay,5.93,0
78.11,16.17,65.71,4.45,development,sandy,8.71,0
45.68,12.13,66.42,4.98,initial,clay,11.7,0
55.13,26.82,50.67,4.12,development,loamy,19.37,0
74.05,29.48,41.9,2.26,development,clay,7.39,0
34.57,15.81,44.85,4.66,mid_season,sandy,4.27,0
58.83,25.11,86.06,3.54,initial,loamy,14.15,0
72.33,12.04,52.22,4.18,initial,loamy,2.61,0
30.24,19.49,42.18,3.7,late,clay,15.95,0
46.6,29.46,85.05,3.53,initial,loamy,3.74,0
73.05,14.75,83.92,0,initial,loamy,0,0
56.44,28.14,74.3,5.17,initial,sandy,22.03,0
65.07,13.65,85.05,5.32,development,sandy,6.64,0
56.6,18.49,56.42,3.24,mid_season,sandy,4.48,0
71.7,16.12,54.88,3.99,late,sandy,8.71,0
53.45,24.03,47.53,0,development,sandy,0,1
71.85,24.73,49.41,4.61,development,loamy,10.93,0
49.18,28.56,87.32,4.32,late,sandy,11.25,0
34.33,26.11,69.35,1.77,late,sandy,5.05,0
15.3,23.79,41.14,4.95,initial,loamy,12.75,0
78.1,15.99,88.23,3.84,late,sandy,3.05,0
44.03,27.71,60.07,2.19,late,sandy,4.96,0
58.93,18.54,52.84,3.39,mid_season,loamy,5.57,0
65.27,25.16,75.71,5.24,development,sandy,1.11,0
50.97,26.21,59.18,3.96,development,clay,10.03,0
57.02,14.01,70.55,4.45,late,loamy,9.29,0
44.9,23.04,40.24,4.76,late,clay,18.12,0
45.06,27.72,58.54,4.92,development,sandy,9.93,0
78.95,19.69,59.85,5.83,late,clay,23.53,0
38.44,28.99,40.39,4.39,initial,sandy,5.52,0
81.57,27.0,59.33,4.83,late,clay,2.51,0
42.99,21.35,41.25,4.7,late,sandy,9.24,0
48.96,13.1,88.69,5.82,mid_season,loamy,24.56,0
38.84,28.08,75.23,5.09,late,clay,15.4,0
58.44,17.48,85.54,3.79,initial,clay,11.23,0
61.07,30.0,84.13,4.16,initial,loamy,9.61,0
15.89,22.49,83.77,0,initial,clay,0,0
57.86,15.89,41.73,3.35,development,sandy,8.59,0
43.3,28.61,76.87,3.84,mid_season,loamy,15.86,0
56.61,13.4,52.94,2.42,mid_season,sandy,12.21,0
59.36,27.19,53.71,4.73,late,sandy,0.66,0
49.19,18.9,84.89,5.75,late,loamy,16.37,0
60.57,29.1,81.04,4.64,initial,loamy,9.32,0
60.34,25.25,89.53,4.05,initial,sandy,5.93,0
54.0,19.79,47.67,6.35,late,sandy,16.49,0
50.47,23.22,66.97,3.28,late,loamy,7.13,0
39.94,13.67,68.46,3.6,late,loamy,13.47,0
42.41,13.31,70.3,3.11,mid_season,clay,14.96,0
64.2,16.91,81.83,4.04,mid_season,loamy,19.09,0
62.36,16.98,84.56,3.03,mid_season,sandy,17.84,0
40.89,23.7,78.69,2.6,development,clay,8.3,0
15.7,19.11,86.29,4.89,late,sandy,1.37,0
61.56,14.5,46.04,4.71,mid_season,sandy,6.98,0
43.63,19.15,84.94,3.12,development,sandy,9.47,0
49.89,18.44,84.18,5.64,mid_season,sandy,21.55,0
75.66,19.12,58.11,2.33,mid_season,loamy,9.2,0
15.61,22.35,61.78,4.45,initial,loamy,6.18,0
37.66,19.26,89.05,3.2,mid_season,clay,16.82,0
90.74,29.37,79.93,4.86,initial,sandy,12.04,0
26.52,27.14,70.85,3.11,late,sandy,14.34,0
66.17,23.95,73.73,0,initial,clay,0,0
58.3,17.36,64.91,5.01,initial,loamy,16.27,0
10.64,26.67,51.42,5.4,late,clay,8.9,0
73.71,23.1,72.88,5.11,late,loamy,16.4,0
60.07,18.97,85.13,5.28,late,sandy,0.69,0
46.68,13.2,77.91,4.39,mid_season,clay,8.46,0
73.64,14.77,52.71,5.66,initial,loamy,0.94,0
62.94,13.03,62.21,4.4,mid_season,loamy,8.51,0
9.8,22.34,51.35,2.56,development,loamy,20.36,0
50.64,29.52,42.23,4.35,initial,sandy,6.43,0
60.29,24.06,87.89,4.77,development,loamy,12.73,0
11.05,21.82,41.85,3.38,initial,clay,2.35,0
67.01,14.2,43.95,5.14,late,clay,20.76,0
49.0,27.39,89.24,0,initial,loamy,0,0
65.64,12.96,57.47,4.83,development,clay,12.55,0
65.46,19.85,70.91,3.15,initial,clay,7.78,0
86.29,22.38,71.92,0,mid_season,sandy,0,0
63.28,26.41,76.47,1.74,mid_season,clay,2.68,0
35.52,20.75,77.03,3.39,late,loamy,10.78,0
52.65,27.38,87.2,0,development,loamy,0,0
66.11,28.41,42.81,3.57,mid_season,sandy,14.72,0
61.94,26.72,45.39,5.02,development,sandy,5.03,0
71.31,14.51,69.35,4.08,late,loamy,12.49,0
81.54,21.54,67.08,4.45,mid_season,loamy,6.77,0
59.17,25.64,55.36,0,mid_season,loamy,0,0
86.77,19.62,48.05,3.97,initial,loamy,3.4,0
46.96,24.48,82.61,4.31,development,clay,4.21,0
91.33,27.85,70.84,4.25,initial,loamy,2.19,0
25.28,13.45,47.95,4.02,initial,loamy,0.15,0
65.33,12.03,55.02,4.5,development,sandy,11.13,0
76.47,16.05,64.8,2.99,development,clay,13.29,0
60.66,24.9,77.42,3.22,development,sandy,1.75,0
61.8,26.26,41.83,2.56,development,clay,7.04,0
53.54,22.28,50.18,4.11,mid_season,sandy,17.31,0
47.52,15.92,73.58,3.78,mid_season,loamy,22.16,0
55.2,19.05,80.94,2.35,late,loamy,6.55,0
45.47,28.43,86.83,3.9,mid_season,sandy,14.66,0
60.53,22.13,62.25,3.09,mid_season,sandy,11.87,0
51.84,17.0,55.83,5.36,development,loamy,14.37,0
49.02,21.73,45.9,4.43,mid_season,clay,10.4,0
61.88,13.46,68.48,0,initial,loamy,0,0
82.67,13.45,59.16,3.58,mid_season,clay,16.82,0
47.22,25.86,73.23,4.26,late,clay,22.15,0
43.08,22.3,54.16,2.97,mid_season,loamy,20.1,0
64.63,18.94,48.51,0,development,loamy,0,0
18.66,15.79,71.01,4.58,development,loamy,1.85,0
53.88,21.13,74.3,5.01,late,clay,3.21,0
65.59,13.56,82.02,5.16,development,sandy,1.72,0
64.1,26.58,43.25,5.75,late,loamy,4.08,0
48.05,17.29,55.01,3.71,late,clay,11.74,0
48.15,20.27,89.13,3.45,mid_season,loamy,19.49,0
59.03,22.25,70.89,4.76,development,clay,12.85,0
81.46,20.25,48.09,0,initial,clay,0,0
50.85,13.14,78.23,0,initial,sandy,0,0
53.47,27.97,78.23,3.53,initial,loamy,7.71,0
66.82,17.93,79.83,1.61,development,loamy,6.98,0
31.3,22.1,89.34,4.67,mid_season,loamy,16.57,0
51.85,22.57,49.23,3.73,development,loamy,17.35,0
15.29,14.57,43.63,5.98,late,loamy,6.67,0
75.82,19.1,66.06,3.93,late,loamy,3.43,0
76.9,23.47,81.75,6.79,late,clay,18.98,0
77.28,15.53,87.83,3.18,late,sandy,4.6,0
66.06,20.97,69.51,2.69,mid_season,clay,7.51,0
47.54,27.59,62.45,2.23,development,clay,5.12,0
54.8,26.53,55.52,2.42,development,clay,8.4,0
55.09,22.87,66.58,4.79,mid_season,sandy,9.18,0
43.88,12.87,85.7,4.89,initial,clay,5.88,0
60.46,25.3,45.44,3.2,late,clay,0.09,0
68.03,23.08,47.23,5.14,late,clay,3.28,0
36.29,21.43,64.14,4.11,development,clay,2.99,0
51.25,21.23,83.29,0,development,clay,0,0
55.07,23.7,69.89,0,initial,loamy,0,0
71.96,20.67,55.85,3.17,initial,clay,10.77,0
53.41,19.2,84.37,5.76,mid_season,sandy,11.05,0
58.5,28.34,72.25,4.72,development,sandy,14.29,0
31.58,27.18,60.65,3.59,mid_season,sandy,13.0,0
10.4,27.86,42.32,0,development,loamy,0,1
37.66,19.77,61.31,3.54,late,sandy,18.09,0
82.28,13.07,48.65,3.08,late,loamy,4.63,0
57.8,20.88,71.68,0,initial,sandy,0,0
44.48,13.12,88.88,4.45,late,clay,3.24,0
52.57,29.87,50.55,0,development,loamy,0,0
77.92,23.15,68.63,4.52,development,loamy,4.23,0
74.57,18.58,48.4,3.19,mid_season,loamy,4.89,0
69.47,13.58,88.27,4.13,initial,clay,9.15,0
57.1,20.06,60.25,3.75,mid_season,sandy,10.55,0
70.99,19.55,64.7,0,late,loamy,0,0
46.41,27.48,55.07,4.79,initial,sandy,10.35,0
37.24,24.83,63.01,3.86,development,loamy,2.39,0
64.7,26.41,85.37,4.23,mid_season,clay,1.46,0
48.61,24.21,60.33,3.59,initial,sandy,5.69,0
47.42,23.03,66.08,5.54,mid_season,clay,17.79,0
87.63,16.86,84.02,5.09,late,loamy,7.26,0
58.56,24.81,69.82,0,development,loamy,0,0
77.67,21.93,57.0,2.78,late,loamy,7.27,0
46.26,12.13,42.67,0,initial,clay,0,0
85.92,28.01,54.8,5.54,mid_season,sandy,16.83,0
72.04,24.31,62.28,4.39,initial,clay,13.71,0
45.32,16.2,59.22,4.98,development,loamy,2.43,0
64.48,12.35,57.8,5.05,development,loamy,15.2,0
45.42,25.81,83.24,2.86,mid_season,clay,10.33,0
56.61,26.43,86.99,4.37,initial,clay,1.46,0
54.23,23.09,88.63,4.21,mid_season,sandy,15.49,0
54.98,20.39,44.58,4.79,mid_season,clay,13.54,0
49.93,29.87,63.28,0,initial,loamy,0,0
48.32,20.49,86.69,6.98,late,sandy,11.92,0
82.32,12.08,65.88,3.9,late,sandy,8.96,0
59.25,21.48,48.34,0,mid_season,sandy,0,1
55.35,28.9,40.53,3.13,initial,loamy,5.94,0
61.19,18.35,48.63,5.38,late,loamy,22.79,0
29.68,26.37,59.04,3.13,development,clay,2.54,0
71.51,21.22,87.54,4.43,late,clay,17.36,0
66.32,21.29,55.68,4.85,late,loamy,17.32,0
62.8,15.88,42.69,5.42,late,sandy,17.02,0
77.29,16.05,43.4,5.05,mid_season,clay,12.54,0
54.48,13.16,66.56,3.88,development,clay,4.4,0
47.53,22.85,70.77,3.21,mid_season,loamy,25.84,0
58.11,22.59,49.82,3.53,mid_season,sandy,24.27,0
26.88,13.93,45.22,4.8,late,clay,7.2,0
58.18,21.43,75.53,3.43,initial,clay,5.01,0
39.89,14.17,52.01,2.97,late,clay,12.32,0
46.98,26.56,77.57,2.23,late,loamy,16.1,0
60.52,19.89,51.16,4.8,mid_season,clay,9.5,0
61.38,24.76,73.5,2.46,late,loamy,6.78,0
39.56,18.34,59.49,4.43,late,clay,3.53,0
51.45,14.21,48.28,4.93,development,loamy,14.99,0
95,14.77,80.43,4.5,development,loamy,2.51,0
24.61,17.71,75.28,2.87,late,clay,19.53,0
57.68,12.18,66.71,3.67,mid_season,loamy,11.61,0
42.94,23.02,75.22,0,initial,sandy,0,0
70.79,29.33,56.31,0,initial,clay,0,0
64.01,25.12,87.7,3.43,mid_season,clay,14.27,0
61.13,22.83,57.04,5.72,late,loamy,17.62,0
34.21,12.8,59.83,3.4,initial,sandy,2.07,0
75.0,15.1,50.19,3.03,initial,clay,20.73,0
63.15,15.61,69.25,4.63,development,loamy,11.1,0
62.97,29.37,86.28,3.59,mid_season,clay,22.7,0
59.85,18.92,69.07,4.89,development,clay,12.98,0
36.13,29.32,53.32,4.79,development,clay,5.87,0
75.63,24.54,83.68,2.45,initial,clay,13.8,0
95,17.0,58.42,2.07,mid_season,loamy,12.45,0
60.27,14.34,60.61,4.17,mid_season,loamy,14.25,0
78.91,27.08,50.84,3.73,mid_season,loamy,15.13,0
34.87,13.24,82.55,4.78,initial,clay,9.69,0
25.24,14.08,63.14,0,initial,sandy,0,0
22.87,21.39,59.32,2.36,mid_season,clay,23.52,0
43.7,28.09,53.32,4.43,mid_season,clay,17.61,0
58.52,24.66,43.45,1.5,late,loamy,14.13,0
44.72,22.14,87.79,4.17,late,clay,32.34,0
74.65,27.02,59.11,3.46,late,sandy,8.34,0
55.06,28.23,51.99,0,initial,clay,0,0
51.14,18.15,88.16,3.17,initial,clay,7.33,0
51.28,15.48,61.47,6.26,initial,sandy,4.81,0
50.36,22.75,62.86,0,late,sandy,0,1
36.35,26.19,56.89,6.2,mid_season,loamy,14.03,0
78.9,24.17,62.2,4.4,initial,clay,4.53,0
48.99,15.63,77.41,0,initial,loamy,0,0
74.71,16.52,54.44,0,development,sandy,0,0
46.58,23.41,50.86,0,mid_season,sandy,0,1
73.94,26.51,70.13,3.19,late,clay,12.3,0
45.96,16.86,88.57,3.89,late,loamy,6.26,0
70.95,12.52,59.56,0,development,sandy,0,0
70.32,13.61,81.49,3.58,late,clay,14.4,0
49.14,12.67,69.29,0,mid_season,sandy,0,1
44.97,20.72,53.67,0,initial,loamy,0,0
51.84,18.18,40.28,3.0,mid_season,clay,0.63,0
37.87,27.53,57.64,3.92,late,clay,7.1,0
59.17,25.95,40.98,3.15,mid_season,loamy,3.43,0
36.95,27.27,60.75,3.37,development,clay,11.31,0
56.86,20.0,81.37,0,initial,sandy,0,0
77.0,14.66,71.0,0,late,loamy,0,0
51.56,28.85,89.54,3.59,mid_season,clay,24.61,0
54.35,27.05,55.32,3.4,mid_season,clay,20.47,0
46.54,23.47,64.61,2.53,mid_season,clay,9.83,0
56.11,15.05,59.88,4.52,mid_season,loamy,8.69,0
51.83,17.85,48.44,4.48,initial,sandy,11.99,0
84.78,15.48,80.42,3.89,development,clay,0.76,0
35.34,14.88,62.26,4.26,mid_season,clay,16.38,0
52.21,25.39,69.68,4.42,late,sandy,11.22,0
73.49,18.25,88.07,3.66,late,clay,6.89,0
56.26,17.9,62.25,3.22,mid_season,clay,12.72,0
60.61,27.98,71.79,4.72,initial,sandy,2.44,0
73.95,23.58,43.1,5.09,late,loamy,8.72,0
31.71,25.75,82.51,4.83,development,sandy,6.79,0
77.22,18.53,43.74,3.51,initial,loamy,0.22,0
81.88,19.36,53.02,4.37,mid_season,loamy,15.53,0
53.32,27.8,41.96,3.7,initial,clay,0.56,0
87.65,17.55,50.75,3.15,late,sandy,18.2,0
58.53,24.18,53.34,5.08,late,sandy,3.03,0
36.73,20.74,81.3,0,mid_season,loamy,0,1
67.21,20.27,62.08,3.48,late,sandy,11.81,0
44.9,12.37,80.27,3.29,mid_season,clay,9.93,0
47.64,16.45,61.8,2.67,mid_season,clay,12.69,0
65.84,22.04,87.04,5.31,initial,sandy,1.91,0
78.94,29.01,47.69,3.57,initial,sandy,9.82,0
59.32,20.52,85.07,6.16,late,loamy,7.83,0
67.97,16.78,73.39,4.98,mid_season,loamy,13.86,0
63.69,14.92,44.47,0,mid_season,loamy,0,0
59.01,18.25,84.83,3.46,initial,loamy,3.02,0
60.08,29.97,80.81,4.34,development,clay,14.51,0
76.04,15.28,73.54,3.24,mid_season,clay,18.83,0
46.71,25.21,69.09,3.37,mid_season,loamy,16.89,0
29.58,18.57,42.17,6.03,initial,loamy,0.21,0
80.79,24.96,46.7,0,late,loamy,0,0
58.91,13.59,84.47,0,late,loamy,0,0
74.62,20.17,81.74,3.98,late,clay,17.32,0
61.55,24.53,48.34,5.08,mid_season,loamy,18.86,0
65.96,29.1,48.64,4.78,late,clay,17.05,0
78.11,26.91,48.12,0,initial,clay,0,0
40.82,14.24,88.28,0,late,loamy,0,1
72.73,20.32,68.05,3.73,late,clay,12.96,0
16.81,20.98,70.34,4.24,mid_season,clay,8.46,0
59.33,29.64,56.63,6.12,late,loamy,12.63,0
22.59,25.28,73.17,2.6,late,clay,7.16,0
57.37,15.45,82.92,4.45,late,clay,19.72,0
77.32,25.19,81.47,5.48,initial,clay,14.72,0
38.93,20.99,47.05,3.96,late,sandy,13.37,0
39.22,28.19,68.12,0,initial,loamy,0,0
49.44,18.8,64.03,5.06,initial,clay,4.12,0
49.75,12.68,40.71,2.62,development,sandy,18.01,0
69.9,21.65,66.44,1.85,mid_season,loamy,16.4,0
31.04,27.03,82.7,4.52,mid_season,sandy,11.06,0
42.75,21.43,80.02,2.94,mid_season,clay,14.81,0
52.91,29.54,70.58,0,initial,sandy,0,0
79.81,20.08,77.48,1.57,mid_season,loamy,8.84,0
53.46,24.95,85.13,1.37,late,sandy,5.16,0
58.37,18.1,43.59,4.28,initial,loamy,4.93,0
52.64,28.4,66.24,6.85,development,sandy,2.76,0
31.27,22.76,55.57,3.12,mid_season,loamy,3.32,0
52.3,26.08,81.69,3.76,late,loamy,3.29,0
61.67,16.66,42.86,5.9,initial,clay,9.45,0
47.8,26.61,89.78,1.93,late,sandy,10.67,0
46.63,15.68,76.87,4.97,late,loamy,16.48,0
74.72,15.33,53.44,4.82,development,clay,12.71,0
72.9,29.3,72.73,4.43,late,clay,1.9,0
68.83,19.36,82.14,3.11,late,sandy,12.69,0
77.08,18.15,52.65,2.68,development,clay,8.22,0
47.19,19.39,50.14,0,late,loamy,0,1
68.53,20.24,66.91,2.53,development,loamy,4.14,0
41.36,18.89,74.89,4.37,development,clay,14.32,0
62.93,14.69,43.44,0,late,sandy,0,0
88.22,19.37,48.57,3.86,mid_season,loamy,12.06,0
70.02,16.8,83.2,2.97,late,sandy,2.34,0
95,14.9,84.81,5.34,mid_season,loamy,12.75,0
31.35,15.88,76.87,4.06,initial,sandy,6.15,0
51.35,13.27,68.59,2.26,development,clay,0.56,0
38.98,12.04,78.34,4.0,initial,sandy,3.6,0
42.29,13.1,82.76,4.08,late,clay,5.62,0
81.36,29.55,75.02,4.24,mid_season,sandy,0.38,0
68.04,13.25,72.22,2.54,late,loamy,19.59,0
45.62,28.02,46.15,0,development,sandy,0,1
46.38,26.34,78.79,3.18,development,clay,6.25,0
52.89,18.63,68.43,3.91,development,sandy,7.64,0
44.14,16.99,76.24,5.62,development,loamy,17.35,0
41.96,26.44,62.97,3.8,initial,clay,0.41,0
87.95,16.14,56.14,4.55,development,loamy,0.86,0
45.96,29.23,62.54,4.33,development,sandy,8.22,0
74.73,28.56,85.39,3.87,late,clay,11.73,0
50.03,29.34,53.9,2.86,development,sandy,4.3,0
46.18,28.33,74.02,2.76,mid_season,clay,6.58,0
83.64,14.0,84.0,4.31,mid_season,loamy,20.24,0
45.43,19.78,41.71,0,late,loamy,0,1
55.55,21.87,57.83,3.69,initial,clay,4.01,0
66.04,12.29,65.32,0,initial,loamy,0,0
56.76,25.67,59.03,2.87,initial,clay,0.63,0
31.84,18.19,67.35,3.42,development,clay,7.96,0
26.32,25.07,70.67,0,initial,clay,0,0
93.26,26.42,57.5,3.68,mid_season,loamy,8.3,0
67.9,15.19,47.43,4.48,mid_season,loamy,8.97,0
65.54,14.58,66.41,5.25,late,clay,21.55,0
49.8,29.19,86.63,4.13,development,sandy,13.83,0
38.09,23.95,40.46,0,initial,sandy,0,0
59.05,17.87,64.85,4.05,development,clay,6.19,0
41.98,27.1,68.49,4.67,development,sandy,16.92,0
63.32,26.45,53.08,3.05,mid_season,clay,5.61,0
70.58,20.92,84.57,3.23,late,loamy,12.29,0
74.44,15.95,54.54,3.57,late,loamy,15.47,0
5,22.57,60.72,5.63,mid_season,clay,15.54,0
68.88,13.03,89.25,4.54,development,loamy,5.09,0
69.9,14.69,58.96,3.71,mid_season,clay,22.27,0
56.81,24.48,68.39,5.06,late,sandy,14.99,0
45.24,26.43,76.98,4.92,late,clay,4.78,0
73.56,18.22,49.05,3.89,development,clay,9.7,0
71.67,17.44,87.4,3.26,development,sandy,10.79,0
48.87,26.49,55.55,5.17,mid_season,clay,12.78,0
84.04,27.11,54.73,2.63,mid_season,loamy,15.03,0
66.01,28.99,85.15,3.66,mid_season,loamy,12.11,0
62.16,15.78,44.81,5.28,mid_season,clay,25.72,0
75.07,24.89,42.69,2.4,development,sandy,2.56,0
53.53,24.79,88.53,3.5,development,sandy,5.93,0
53.57,29.44,83.48,4.21,mid_season,loamy,10.23,0
68.56,16.36,74.45,2.56,late,sandy,12.08,0
29.74,12.44,57.31,0,initial,clay,0,0
65.7,20.73,89.79,2.24,mid_season,clay,12.16,0
45.68,28.02,60.46,5.16,mid_season,loamy,2.67,0
86.27,12.91,58.82,2.19,mid_season,clay,17.5,0
48.92,27.5,83.29,3.55,development,sandy,14.33,0
60.65,25.4,88.97,2.9,late,sandy,24.65,0
49.08,17.59,86.97,5.64,development,loamy,9.68,0
45.41,18.52,78.1,0,development,sandy,0,1
71.21,29.41,44.14,4.33,late,clay,8.77,0
76.14,22.48,73.03,5.05,mid_season,sandy,9.73,0
77.66,24.61,89.27,3.55,development,clay,4.76,0
77.07,17.77,87.71,3.29,development,sandy,5.13,0
62.34,14.82,61.75,3.4,mid_season,sandy,10.34,0
59.9,28.72,55.87,6.02,mid_season,loamy,2.25,0
52.66,28.42,87.41,5.33,initial,loamy,7.04,0
71.12,19.2,60.16,3.35,development,sandy,3.83,0
32.16,20.4,79.61,4.64,initial,sandy,4.22,0
64.0,27.68,57.82,0,late,sandy,0,0
49.95,12.41,82.0,4.49,mid_season,clay,17.82,0
53.42,25.18,78.7,3.5,late,loamy,7.99,0
47.71,22.03,88.67,2.77,late,sandy,5.57,0
77.95,15.35,54.96,0,initial,sandy,0,0
46.59,12.36,46.35,3.53,development,sandy,9.68,0
64.5,19.95,44.38,2.31,initial,sandy,7.53,0
51.6,15.81,81.29,2.58,development,clay,0.28,0
42.13,21.42,49.63,3.34,initial,sandy,12.26,0
57.22,15.74,56.87,0,initial,sandy,0,0
50.41,29.92,50.54,4.7,initial,loamy,18.21,0
68.01,12.49,79.73,4.52,development,sandy,9.7,0
60.04,23.45,82.51,4.11,initial,loamy,6.39,0
44.71,23.95,48.49,4.54,late,clay,20.16,0
63.73,18.92,78.28,4.98,mid_season,clay,23.77,0
41.24,14.97,89.6,3.4,mid_season,sandy,12.67,0
56.22,18.33,68.86,3.44,mid_season,clay,15.18,0
83.24,18.51,50.54,0,initial,sandy,0,0
67.82,24.22,80.07,0,initial,clay,0,0
54.29,26.17,51.01,4.22,initial,sandy,7.34,0
51.11,23.87,83.0,4.17,initial,clay,13.36,0
56.68,25.19,85.82,1.65,late,sandy,12.74,0
46.2,20.37,57.13,4.39,development,clay,3.27,0
49.56,16.84,86.17,0,development,sandy,0,1
52.6,24.35,54.35,6.8,initial,loamy,11.4,0
47.26,27.22,54.94,3.65,development,clay,8.45,0
88.85,18.58,68.02,3.7,late,loamy,23.9,0
95,16.05,70.05,4.73,mid_season,loamy,12.74,0
55.59,22.51,84.42,4.61,development,clay,4.0,0
64.44,27.73,43.85,3.42,late,sandy,5.97,0
43.9,14.34,60.48,4.03,late,sandy,1.7,0
70.43,28.42,63.23,3.68,late,clay,5.97,0
59.04,17.08,77.8,6.5,development,clay,9.44,0
64.36,12.34,85.99,0,development,loamy,0,0
83.09,28.6,57.31,3.86,late,sandy,19.1,0
88.6,17.63,65.03,3.48,mid_season,loamy,8.17,0
51.72,22.73,55.01,3.64,development,loamy,6.85,0
31.98,18.93,63.61,5.41,mid_season,clay,12.2,0
69.02,29.22,70.5,3.45,mid_season,sandy,19.53,0
36.31,29.31,49.54,5.65,mid_season,clay,10.95,0
73.99,28.09,49.9,2.92,mid_season,loamy,15.68,0
37.91,25.34,77.77,4.17,late,clay,15.64,0
52.17,17.52,78.9,0,development,clay,0,0
61.58,21.28,75.93,4.25,initial,loamy,11.12,0
57.9,29.33,89.31,5.3,mid_season,clay,10.95,0
36.97,12.69,64.52,0,late,sandy,0,1
57.87,27.75,49.7,4.44,development,sandy,12.46,0
7.48,25.81,76.9,0,development,loamy,0,1
58.41,17.47,46.99,6.27,late,clay,13.45,0
61.11,13.06,79.89,0,initial,sandy,0,0
91.59,12.74,55.87,0,late,clay,0,0
73.89,13.34,70.23,0,development,sandy,0,0
37.25,17.61,43.09,3.5,initial,loamy,3.12,0
62.47,15.01,67.23,3.78,mid_season,clay,24.57,0
60.72,24.34,88.79,0,development,sandy,0,0
52.12,29.89,41.95,2.03,mid_season,loamy,2.93,0
82.1,13.21,52.97,3.55,initial,clay,12.67,0
52.2,17.27,80.9,4.53,late,loamy,7.8,0
30.29,24.1,84.22,2.97,late,sandy,7.45,0
66.76,19.35,53.92,4.19,initial,loamy,15.02,0
55.21,20.65,77.46,4.43,development,loamy,5.69,0
45.4,17.05,58.53,3.61,mid_season,loamy,5.01,0
43.77,16.43,89.65,4.29,development,sandy,5.79,0
75.3,16.88,75.89,2.23,development,sandy,14.23,0
51.72,12.83,52.17,4.75,late,clay,4.62,0
64.05,18.24,45.76,4.39,late,clay,5.17,0
77.3,26.18,68.18,5.3,mid_season,clay,15.02,0
91.54,29.52,54.36,0,initial,loamy,0,0
36.58,12.69,83.24,4.68,late,loamy,24.41,0
61.09,24.6,74.93,3.78,initial,clay,3.87,0
47.52,29.7,44.13,1.19,late,loamy,12.25,0
42.06,17.01,50.55,4.27,mid_season,sandy,8.44,0
31.25,22.29,51.17,0,late,clay,0,1
49.35,18.83,81.13,3.71,mid_season,clay,13.52,0
43.71,19.18,46.16,2.84,late,clay,12.05,0
85.02,28.26,41.5,5.65,late,loamy,0.79,0
85.2,27.59,59.13,0,initial,sandy,0,0
35.35,28.28,89.42,3.24,initial,clay,7.95,0
58.48,17.26,72.15,5.52,late,loamy,0.4,0
47.05,26.47,42.38,2.44,late,loamy,5.91,0
44.82,28.53,57.23,7.12,initial,clay,2.8,0
61.08,25.41,60.2,4.05,mid_season,clay,12.47,0
65.96,23.84,69.39,4.28,mid_season,clay,21.37,0
36.21,26.55,64.01,3.56,initial,sandy,6.97,0
55.23,26.86,43.6,4.91,mid_season,sandy,16.14,0
71.65,21.27,67.35,5.32,initial,loamy,6.35,0
61.14,14.38,47.17,2.64,development,sandy,18.89,0
29.0,20.32,77.14,4.48,initial,sandy,4.94,0
62.93,16.75,74.04,3.06,development,sandy,18.68,0
58.26,27.39,67.77,3.15,late,loamy,4.33,0
58.31,29.61,60.51,3.68,development,loamy,10.56,0
41.11,16.5,78.94,5.81,late,clay,10.66,0
70.3,14.43,57.25,4.13,development,clay,22.56,0
64.18,19.48,72.4,5.74,initial,loamy,3.67,0
38.96,13.49,42.42,2.78,development,clay,5.22,0
57.84,21.32,69.21,0,development,clay,0,0
54.32,28.03,54.99,3.32,late,sandy,5.31,0
50.65,12.92,52.34,4.94,mid_season,loamy,20.21,0
40.67,18.43,71.34,3.74,mid_season,clay,8.45,0
77.4,14.88,56.75,0,development,loamy,0,0
31.05,23.81,52.06,2.38,initial,clay,3.24,0
77.36,25.5,43.86,0,development,sandy,0,0
59.34,13.74,84.07,3.54,development,clay,9.96,0
53.38,28.52,47.08,3.46,initial,clay,6.6,0
84.24,27.07,58.61,4.04,initial,clay,13.92,0
67.12,20.03,84.0,3.17,late,clay,9.03,0
95,14.0,82.4,4.53,development,sandy,5.42,0
33.78,28.75,51.91,5.06,mid_season,sandy,2.38,0
47.06,24.85,45.4,5.73,initial,sandy,8.62,0
37.18,19.88,46.63,2.72,development,clay,17.39,0
17.04,28.0,66.11,3.81,mid_season,loamy,15.92,0
71.67,16.35,42.3,0,late,loamy,0,0
84.29,18.79,83.5,5.81,initial,clay,10.88,0
63.86,27.53,49.2,4.37,development,sandy,17.0,0
45.9,16.31,58.63,4.81,initial,clay,21.86,0
34.63,17.53,45.9,3.28,development,clay,10.01,0
56.47,19.84,85.07,4.11,late,clay,10.5,0
39.54,18.88,83.99,4.16,late,sandy,14.0,0
79.38,15.42,73.01,3.13,development,clay,2.65,0
56.79,24.85,69.64,3.04,late,loamy,12.56,0
55.09,21.38,47.4,5.01,development,loamy,3.47,0
42.57,27.32,62.47,0,late,sandy,0,1
41.42,12.78,59.65,4.72,initial,sandy,5.07,0
24.4,12.16,78.88,6.15,mid_season,clay,14.45,0
27.23,20.21,76.54,0,mid_season,loamy,0,1
57.27,14.8,44.16,3.29,late,loamy,7.13,0
64.46,29.93,81.04,3.83,mid_season,loamy,6.79,0
59.72,16.01,86.91,4.15,initial,loamy,3.8,0
66.25,19.66,64.28,3.33,development,loamy,14.59,0
83.62,19.17,68.26,4.31,development,clay,11.26,0
51.12,28.24,71.84,5.52,mid_season,clay,9.73,0
66.35,12.57,40.89,3.4,late,clay,4.41,0
52.83,23.24,63.11,4.2,late,clay,15.35,0
73.72,13.3,52.19,4.48,initial,clay,4.18,0
57.83,28.66,89.3,3.6,late,clay,3.6,0
27.35,21.26,71.1,4.86,development,loamy,7.07,0
38.86,27.24,75.89,4.22,late,sandy,5.45,0
48.43,15.87,84.1,4.06,initial,loamy,8.17,0
78.41,29.94,80.47,2.96,late,sandy,8.52,0
41.05,26.9,49.67,3.04,development,clay,4.43,0
38.32,29.6,44.09,0,late,loamy,0,1
45.85,16.07,42.92,4.03,mid_season,clay,11.91,0
58.69,18.42,62.85,4.28,initial,loamy,6.76,0
71.72,14.92,71.49,3.76,initial,clay,10.54,0
58.67,16.04,68.68,3.02,late,loamy,18.68,0
57.28,19.3,50.25,5.13,initial,sandy,2.48,0
60.0,20.99,45.21,5.2,initial,sandy,10.03,0
46.46,27.07,86.62,4.0,development,loamy,29.09,0
57.86,24.47,50.36,2.22,mid_season,sandy,11.89,0
78.16,14.41,72.71,4.38,initial,sandy,9.47,0
10.16,22.08,62.23,3.04,late,loamy,7.75,0
59.19,25.86,41.37,3.23,mid_season,clay,15.11,0
23.07,26.08,51.78,4.82,mid_season,clay,22.42,0
89.13,21.13,46.9,3.56,mid_season,loamy,4.26,0
53.37,27.54,85.43,2.74,late,sandy,5.62,0
41.39,13.32,63.64,2.1,mid_season,loamy,11.53,0
34.94,26.21,79.4,3.11,initial,loamy,1.83,0
69.9,16.52,88.73,2.72,mid_season,clay,11.1,0
57.83,18.04,74.12,4.01,late,clay,5.4,0
71.24,22.44,80.36,4.22,initial,sandy,13.15,0
51.05,21.06,57.67,5.05,mid_season,loamy,2.42,0
28.5,25.46,76.11,3.85,mid_season,sandy,3.89,0
55.36,28.12,62.83,4.35,mid_season,loamy,18.52,0
41.19,14.89,50.39,3.97,late,loamy,9.84,0
56.47,29.94,74.8,4.5,initial,loamy,9.49,0
73.45,29.08,69.7,4.82,development,clay,12.98,0
59.16,25.21,83.79,3.29,initial,clay,3.27,0
63.25,12.1,79.43,3.66,development,loamy,2.84,0
57.63,14.08,84.48,2.98,development,clay,16.1,0
31.31,27.62,76.22,4.54,initial,clay,13.35,0
84.13,17.76,82.16,2.5,late,loamy,2.49,0
58.56,24.76,86.31,5.86,initial,clay,18.02,0
68.75,21.86,77.34,2.54,development,clay,2.4,0
77.64,21.46,70.86,3.83,late,loamy,15.99,0
90.34,17.45,79.45,4.3,initial,sandy,7.07,0
5.59,28.29,46.5,2.25,initial,loamy,4.41,0
53.93,14.67,79.1,3.85,development,sandy,5.46,0
55.2,24.07,42.59,3.48,late,sandy,14.56,0
52.19,25.29,53.41,4.97,late,clay,19.95,0
55.21,18.65,82.68,0,initial,clay,0,0
41.07,29.76,70.96,2.54,development,clay,7.13,0
48.01,25.31,62.23,3.34,late,sandy,3.79,0
75.83,25.94,57.37,3.46,mid_season,loamy,21.52,0
54.83,23.63,63.18,3.27,initial,loamy,9.84,0
91.24,14.64,44.35,6.34,mid_season,sandy,11.1,0
91.07,15.31,88.34,5.35,development,sandy,19.52,0
65.89,12.88,62.93,5.24,late,loamy,11.48,0
91.17,22.27,52.19,4.22,initial,clay,8.18,0
76.29,13.49,63.5,5.38,mid_season,clay,9.64,0
52.13,29.05,57.37,4.28,initial,loamy,7.12,0
60.23,25.19,81.5,3.76,development,loamy,10.03,0
74.51,26.45,64.99,3.23,mid_season,sandy,11.39,0
66.82,22.42,64.87,3.38,mid_season,sandy,4.65,0
52.98,17.73,43.89,0,initial,clay,0,0
63.84,29.22,42.75,2.02,initial,clay,3.93,0
37.47,24.23,82.85,4.82,late,clay,16.22,0
29.78,18.52,42.2,3.43,late,loamy,10.33,0
34.19,17.56,58.47,5.04,mid_season,loamy,16.19,0
54.9,22.54,86.23,0,late,loamy,0,0
53.14,19.88,62.67,4.55,development,sandy,12.01,0
64.24,17.3,82.36,4.3,initial,loamy,15.23,0
86.03,22.79,66.07,3.73,initial,clay,10.03,0
62.22,20.75,56.12,4.45,development,loamy,13.41,0
42.84,22.68,51.61,5.25,late,clay,12.46,0
27.89,23.86,83.7,4.89,development,clay,5.88,0
31.49,22.83,49.89,4.77,mid_season,sandy,14.15,0
54.64,26.63,49.37,5.58,late,sandy,5.77,0
63.36,18.15,80.19,5.11,development,loamy,9.6,0
76.87,19.45,86.35,2.87,late,loamy,3.52,0
74.05,24.89,76.24,5.18,late,clay,19.46,0
62.57,26.39,84.07,3.13,mid_season,sandy,9.72,0
78.25,23.41,47.25,0,late,loamy,0,0
63.27,16.15,48.72,4.97,late,sandy,7.59,0
60.97,22.41,67.36,5.76,development,sandy,11.51,0
20.35,21.3,61.93,3.09,mid_season,clay,7.11,0
50.7,19.01,76.29,3.82,initial,sandy,18.7,0
63.41,28.76,44.44,4.41,initial,loamy,4.74,0
74.83,18.62,52.84,4.44,late,sandy,14.5,0
46.5,25.51,84.84,5.84,late,sandy,10.36,0
34.58,14.97,65.23,5.9,late,clay,7.08,0
65.26,25.72,44.08,4.2,mid_season,sandy,7.13,0
94.18,22.31,77.22,4.3,development,sandy,3.96,0
47.96,14.29,82.2,4.82,late,clay,10.66,0
26.67,22.41,71.19,2.51,mid_season,loamy,6.14,0
58.42,15.78,66.28,3.96,development,clay,6.31,0
50.6,27.82,83.47,3.61,mid_season,sandy,10.66,0
42.72,27.44,51.26,4.39,mid_season,loamy,16.27,0
54.15,20.07,79.51,3.19,development,clay,19.58,0
64.84,13.59,52.39,4.31,development,loamy,10.58,0
56.99,16.47,42.53,5.27,mid_season,loamy,2.36,0
75.7,20.04,77.39,5.78,mid_season,clay,7.84,0
28.98,19.51,48.85,3.91,initial,loamy,10.81,0
71.97,28.7,72.79,4.25,mid_season,sandy,4.66,0
63.27,19.69,85.47,3.35,initial,clay,16.61,0
56.41,14.8,59.62,4.34,mid_season,loamy,11.1,0
55.33,22.38,49.41,0,mid_season,sandy,0,1
91.35,18.77,73.56,4.55,mid_season,clay,14.77,0
40.25,28.72,72.4,3.78,development,clay,9.12,0
52.84,14.29,50.86,3.56,development,loamy,6.49,0
54.14,17.6,67.69,4.53,mid_season,clay,9.58,0
46.31,20.71,56.43,5.15,development,loamy,14.82,0
80.99,27.84,68.57,1.93,initial,loamy,17.12,0
67.88,29.66,41.22,5.07,initial,clay,1.02,0
39.67,28.13,51.85,3.95,late,clay,6.05,0
48.49,21.12,72.67,2.07,late,sandy,7.81,0
38.99,19.93,76.34,5.59,development,sandy,5.46,0
56.48,24.83,42.79,5.06,development,clay,6.3,0
61.54,20.98,55.02,0,late,sandy,0,0
57.82,22.54,88.14,4.51,late,loamy,11.74,0
64.28,15.23,58.45,3.97,late,sandy,13.26,0
50.89,15.12,75.15,5.62,initial,sandy,9.65,0
13.06,19.06,69.85,3.86,mid_season,loamy,24.39,0
52.78,20.93,68.64,4.0,late,clay,11.57,0
47.59,22.22,80.01,4.75,initial,sandy,26.27,0
69.37,24.43,41.21,5.41,mid_season,clay,17.74,0
60.15,25.34,47.51,3.68,late,clay,6.88,0
60.94,17.97,63.87,0,initial,clay,0,0
42.11,22.96,59.74,0,initial,sandy,0,0
26.89,21.35,85.36,4.94,development,sandy,6.73,0
50.47,24.8,54.08,0,initial,loamy,0,0
84.74,17.57,55.27,3.79,late,clay,3.13,0
84.99,19.18,45.42,4.64,development,sandy,7.49,0
62.86,13.6,42.04,3.19,development,clay,16.13,0
18.45,20.64,71.19,0,initial,loamy,0,0
71.08,25.07,78.05,2.94,late,clay,1.0,0
95,13.63,77.89,2.78,mid_season,sandy,10.31,0
60.68,25.15,48.29,2.28,late,loamy,15.81,0
62.87,28.95,76.25,3.23,mid_season,sandy,11.09,0
18.22,14.96,88.56,3.99,mid_season,sandy,19.09,0
45.84,23.19,77.08,7.29,mid_season,sandy,11.38,0
35.35,17.67,79.13,4.38,initial,clay,3.04,0
74.3,19.86,51.34,6.08,mid_season,loamy,4.72,0
47.57,26.89,66.41,5.35,initial,clay,4.81,0
75.84,20.13,53.05,4.01,late,sandy,0.68,0
39.6,19.28,45.1,4.74,mid_season,sandy,9.15,0
65.51,19.11,53.96,3.22,late,loamy,9.66,0
58.21,17.35,43.26,0,initial,sandy,0,0
58.67,24.95,86.16,0.9,mid_season,loamy,7.27,0
31.09,17.72,57.88,0,initial,sandy,0,0
64.38,17.8,86.18,4.19,mid_season,sandy,8.05,0
29.13,17.43,67.73,2.54,mid_season,loamy,18.2,0
33.52,22.87,61.19,3.11,mid_season,loamy,21.6,0
43.59,27.35,85.77,0,development,clay,0,1
59.13,15.53,50.76,3.48,initial,clay,4.59,0
63.71,14.31,76.6,4.56,development,clay,22.99,0
72.66,18.44,73.85,4.1,initial,loamy,1.11,0
65.26,16.49,53.3,4.1,mid_season,sandy,16.47,0
70.21,14.94,56.18,2.87,initial,loamy,4.23,0
61.07,23.5,74.15,6.12,late,clay,2.47,0
51.81,16.4,63.71,5.29,mid_season,loamy,20.73,0
71.27,24.03,62.82,6.39,development,clay,0.31,0
73.44,20.23,71.18,4.72,development,loamy,2.74,0
69.07,29.76,72.41,3.03,development,clay,11.01,0
44.82,27.52,50.29,2.61,mid_season,sandy,8.4,0
63.42,16.34,67.41,5.66,late,loamy,2.96,0
43.9,21.65,70.25,2.78,development,clay,11.07,0
44.05,15.92,83.19,3.19,development,sandy,4.77,0
68.79,13.21,61.44,3.93,late,sandy,17.26,0
42.7,23.61,68.32,4.48,late,loamy,12.92,0
43.46,13.94,43.52,3.39,late,loamy,11.97,0
38.73,17.71,53.94,3.78,mid_season,clay,2.36,0
44.61,23.05,42.69,2.58,mid_season,sandy,23.63,0
51.23,20.62,46.8,0,initial,sandy,0,0
80.25,27.46,80.97,3.17,mid_season,loamy,2.66,0
61.64,28.75,50.93,5.87,late,loamy,14.33,0
76.54,28.39,47.44,0,development,sandy,0,0
52.6,22.85,87.86,4.18,mid_season,sandy,19.16,0
69.14,15.66,63.2,0.44,development,clay,3.13,0
46.8,28.77,46.99,2.69,mid_season,sandy,13.05,0
67.08,16.85,88.98,3.24,initial,sandy,1.56,0
52.16,15.75,55.04,3.84,mid_season,loamy,10.21,0
70.84,17.19,78.09,3.44,development,clay,9.5,0
36.55,12.26,80.06,6.14,mid_season,sandy,17.15,0
25.91,21.93,78.82,4.95,development,clay,2.61,0
21.7,12.87,88.16,4.45,mid_season,sandy,8.13,0
71.19,29.69,46.19,4.95,mid_season,clay,9.6,0
59.02,19.2,46.44,4.85,late,sandy,18.83,0
70.25,16.82,47.26,0,initial,clay,0,0
64.13,23.0,79.16,4.0,development,sandy,14.2,0
72.06,15.65,62.65,4.19,mid_season,sandy,16.17,0
32.35,25.95,51.95,4.72,late,loamy,14.33,0
25.19,25.98,65.06,5.41,development,clay,2.31,0
33.23,21.83,49.47,3.26,initial,clay,14.91,0
50.51,16.24,76.49,4.51,mid_season,loamy,3.88,0
39.43,18.57,69.45,4.73,mid_season,sandy,6.85,0
40.88,12.63,52.65,5.44,mid_season,clay,9.72,0
38.28,18.98,77.8,3.48,initial,sandy,12.04,0
32.25,24.14,72.02,1.48,development,clay,1.17,0
32.27,17.26,72.11,4.14,development,sandy,12.55,0
28.73,23.76,44.57,5.83,mid_season,clay,9.62,0
73.18,18.87,57.21,2.68,development,loamy,8.53,0
81.45,23.29,66.57,3.06,mid_season,clay,12.34,0
88.37,22.57,73.21,3.99,mid_season,loamy,12.81,0
78.23,27.63,86.05,5.22,development,sandy,3.93,0
55.33,21.07,46.14,5.32,mid_season,loamy,18.46,0
48.82,14.51,80.33,4.32,development,sandy,3.7,0
59.4,17.13,78.01,3.49,initial,loamy,3.11,0
43.43,29.6,40.65,5.21,development,clay,34.7,0
95,20.9,66.47,4.88,late,clay,5.97,0
42.22,27.71,52.08,0,late,clay,0,1
41.71,21.51,50.77,5.29,mid_season,sandy,2.4,0
37.74,28.48,84.29,4.9,initial,sandy,12.41,0
83.38,27.48,64.62,4.2,development,loamy,6.58,0
45.33,16.92,40.44,0.68,late,loamy,3.24,0
56.32,28.89,73.44,4.71,mid_season,clay,19.47,0
56.75,24.3,52.76,4.54,mid_season,clay,4.95,0
53.61,25.02,54.59,2.83,initial,loamy,5.72,0
59.76,14.08,74.24,4.05,late,loamy,4.99,0
44.01,15.13,73.82,5.25,development,sandy,9.22,0
61.57,16.93,79.2,3.85,development,loamy,4.11,0
50.08,14.9,86.52,3.17,mid_season,clay,18.49,0
54.35,15.45,45.88,1.67,development,loamy,15.78,0
34.51,21.94,79.54,0,initial,clay,0,0
42.97,23.76,87.98,7.87,mid_season,loamy,17.76,0
39.82,28.88,48.0,0,initial,loamy,0,0
31.23,28.48,44.15,0,mid_season,loamy,0,1
60.41,15.75,72.56,4.78,initial,sandy,14.37,0
50.83,17.82,57.7,4.52,late,loamy,1.41,0
60.79,18.56,60.68,4.44,mid_season,clay,7.64,0
48.33,28.72,53.41,2.81,initial,sandy,6.86,0
46.78,13.18,40.41,5.57,late,sandy,13.06,0
70.23,25.04,68.28,3.9,late,clay,2.89,0
66.6,22.95,61.89,0,mid_season,sandy,0,0
70.0,26.62,47.26,5.19,mid_season,clay,30.43,0
50.89,21.27,85.46,5.51,initial,loamy,11.42,0
43.26,19.88,57.93,1.52,mid_season,clay,18.8,0
47.74,12.13,66.3,3.46,initial,sandy,0.72,0
59.86,22.19,75.87,2.98,development,sandy,7.23,0
46.49,24.2,65.52,3.1,mid_season,clay,14.71,0
63.39,18.89,79.82,4.36,initial,loamy,2.8,0
43.24,16.66,88.06,3.16,late,sandy,13.02,0
52.33,17.04,46.9,0,initial,clay,0,0
49.96,14.25,59.41,3.45,mid_season,clay,9.88,0
50.61,14.23,49.98,4.1,development,clay,8.62,0
47.49,12.74,76.81,5.45,late,clay,8.16,0
50.93,25.51,85.14,4.6,mid_season,clay,17.23,0
63.49,28.75,89.39,3.82,mid_season,loamy,22.32,0
51.28,25.43,73.63,3.12,development,loamy,1.68,0
76.39,27.92,88.77,3.92,development,clay,0.29,0
29.31,17.31,48.21,5.46,mid_season,loamy,3.75,0
36.56,23.18,55.64,3.38,mid_season,loamy,21.34,0
91.68,13.11,48.87,3.91,mid_season,clay,10.89,0
62.15,16.46,51.29,4.97,initial,clay,1.5,0
40.43,17.67,49.6,5.11,development,loamy,12.47,0
20.18,29.83,56.4,3.67,mid_season,loamy,14.99,0
20.82,16.02,66.93,4.33,late,loamy,2.38,0
51.0,13.66,47.01,3.62,late,sandy,3.76,0
59.12,28.83,56.2,0,initial,loamy,0,0
51.5,15.85,62.75,3.5,mid_season,clay,15.97,0
40.76,24.46,54.31,4.11,development,sandy,1.53,0
44.68,24.94,76.1,7.27,mid_season,sandy,8.05,0
21.33,18.43,89.49,0,initial,sandy,0,0
27.96,22.8,75.87,1.52,development,clay,2.32,0
39.21,24.7,42.76,3.37,development,sandy,13.11,0
61.8,17.89,52.89,5.07,initial,sandy,21.81,0
74.64,14.67,44.67,3.19,late,sandy,4.88,0
54.93,25.47,69.42,5.43,initial,loamy,15.4,0
49.05,22.55,43.37,0,initial,loamy,0,0
44.04,22.89,67.08,4.95,mid_season,sandy,14.47,0
39.94,12.29,53.32,5.03,initial,sandy,4.78,0
52.06,29.68,85.31,3.86,mid_season,sandy,8.79,0
81.95,12.8,61.47,5.05,development,clay,6.7,0
76.46,16.01,84.5,3.05,late,sandy,2.05,0
81.67,22.16,46.47,3.2,initial,sandy,2.2,0
88.68,16.12,42.77,4.78,late,loamy,0.43,0
64.31,22.6,47.44,4.78,late,clay,14.14,0
71.81,15.15,60.8,4.73,initial,sandy,5.62,0
49.99,20.14,71.28,2.66,mid_season,clay,10.17,0
77.86,15.23,71.25,4.4,mid_season,clay,13.47,0
39.88,19.64,80.29,4.41,mid_season,loamy,8.05,0
48.1,28.55,57.52,2.9,development,clay,7.77,0
81.76,28.17,66.5,3.82,development,loamy,7.83,0
50.49,23.32,55.84,3.61,initial,clay,0.15,0
45.09,21.45,63.41,4.24,mid_season,clay,11.79,0
40.8,14.82,43.78,4.47,late,sandy,7.18,0
62.57,22.65,64.65,5.38,initial,loamy,8.79,0
68.13,15.28,88.54,2.98,development,loamy,6.26,0
42.55,21.07,72.23,4.73,late,clay,8.66,0
95,12.95,56.97,4.99,development,loamy,6.69,0
54.33,28.67,74.73,0,initial,sandy,0,0
63.04,15.92,52.17,1.91,development,sandy,8.91,0
64.15,23.23,74.22,5.79,development,loamy,12.5,0
34.01,17.72,55.39,5.05,mid_season,clay,7.02,0
83.69,25.64,73.89,5.19,late,loamy,6.05,0
28.94,29.47,77.09,4.22,late,sandy,10.32,0
46.77,24.09,54.69,0,mid_season,loamy,0,1
45.55,25.81,57.22,4.17,development,clay,19.43,0
61.38,17.86,43.27,2.7,initial,loamy,7.82,0
62.43,14.19,51.37,3.59,late,sandy,9.96,0
51.47,21.95,70.95,4.14,late,clay,8.38,0
45.05,16.06,43.58,5.95,mid_season,loamy,15.8,0
40.64,27.43,81.03,5.53,development,loamy,15.39,0
59.25,27.19,79.44,4.53,initial,clay,1.49,0
61.53,29.32,46.36,3.69,initial,loamy,4.4,0
49.47,23.7,58.49,0,initial,loamy,0,0
57.74,20.92,75.73,5.04,mid_season,loamy,9.89,0
62.34,26.73,88.23,3.16,late,loamy,16.67,0
71.84,15.82,65.76,4.21,initial,clay,1.49,0
70.32,23.83,83.6,3.74,mid_season,sandy,10.3,0
54.29,22.08,80.48,5.41,development,loamy,14.98,0
38.52,15.77,61.21,4.64,development,loamy,11.5,0
71.04,26.83,56.65,2.94,late,loamy,10.47,0
59.27,24.93,76.18,4.13,late,sandy,10.89,0
38.46,21.86,82.33,4.15,initial,sandy,15.76,0
42.74,16.12,42.1,3.3,late,loamy,2.94,0
36.22,24.24,49.38,4.46,mid_season,clay,10.06,0
17.68,20.68,62.7,0,initial,clay,0,0
50.13,16.47,85.57,0,initial,sandy,0,0
39.8,12.18,56.02,4.96,development,sandy,10.96,0
36.12,20.17,51.11,5.58,development,sandy,6.6,0
46.88,13.54,49.08,3.81,initial,clay,5.14,0
38.76,14.85,70.2,3.54,mid_season,sandy,6.92,0
47.0,23.84,52.69,4.7,mid_season,clay,20.08,0
85.92,16.69,58.45,1.95,initial,clay,3.82,0
18.96,17.62,70.73,0,late,sandy,0,1
8.53,12.04,68.87,6.32,late,loamy,1.13,0
23.49,17.76,49.82,5.6,initial,loamy,0.36,0
63.98,24.45,51.7,4.99,late,sandy,8.44,0
36.94,27.19,50.63,0,initial,loamy,0,0
67.32,20.74,56.02,3.13,late,loamy,15.3,0
58.97,25.14,64.46,5.2,development,clay,8.89,0
35.82,16.99,50.59,0,late,clay,0,1
92.31,21.45,59.16,4.21,late,clay,0.21,0
61.22,14.68,49.06,0,mid_season,sandy,0,0
60.33,27.65,85.42,4.32,initial,clay,11.0,0
18.43,16.29,69.17,4.16,late,clay,8.77,0
47.82,13.66,75.57,5.9,development,loamy,6.22,0
31.49,12.15,86.38,3.79,late,loamy,17.71,0
73.53,22.51,75.79,2.4,development,sandy,7.86,0
47.26,13.8,52.84,3.44,development,sandy,1.35,0
47.65,29.53,83.5,2.51,initial,sandy,7.24,0
22.14,25.05,41.08,0,development,loamy,0,1
39.71,26.19,83.26,0,development,clay,0,1
67.78,25.23,53.53,3.32,initial,clay,2.86,0
43.26,28.82,53.1,5.45,development,loamy,22.75,0
94.54,27.48,81.76,2.5,mid_season,clay,19.02,0
76.86,28.78,80.03,4.08,mid_season,sandy,15.73,0
89.32,17.12,73.54,4.09,mid_season,sandy,8.58,0
83.22,28.7,48.66,3.76,development,loamy,9.28,0
40.12,21.08,45.41,3.77,development,clay,7.7,0
69.0,23.91,41.15,3.86,development,clay,18.75,0
57.45,19.37,56.5,3.34,mid_season,clay,13.3,0
72.8,22.88,40.73,5.31,late,loamy,10.07,0
56.73,25.76,44.68,4.19,initial,clay,8.77,0
85.42,16.12,54.86,4.56,development,clay,9.71,0
49.07,18.05,83.79,2.78,mid_season,loamy,13.86,0
59.29,17.86,81.02,5.99,mid_season,loamy,22.74,0
56.75,12.7,65.84,4.12,mid_season,loamy,9.95,0
70.05,15.12,50.15,6.16,mid_season,sandy,22.44,0
49.94,22.98,72.73,3.93,initial,loamy,1.71,0
26.2,25.15,77.08,3.44,initial,loamy,11.43,0
34.74,21.92,61.67,3.22,mid_season,sandy,6.61,0
70.04,16.34,76.28,4.28,mid_season,loamy,15.0,0
87.6,22.78,72.25,4.55,development,loamy,17.13,0
34.91,19.02,76.71,4.61,late,loamy,17.59,0
42.83,25.85,50.54,4.3,late,sandy,7.16,0
51.68,29.3,81.34,0,initial,loamy,0,0
55.12,18.94,58.55,5.14,development,clay,13.23,0
67.84,19.47,83.53,2.23,mid_season,loamy,19.74,0
35.74,22.51,85.25,5.68,initial,loamy,6.64,0
60.39,20.39,61.7,4.48,mid_season,loamy,4.41,0
35.63,27.0,87.61,0,development,clay,0,1
35.4,15.62,66.34,2.8,development,loamy,1.87,0
36.56,13.19,86.99,0,development,loamy,0,0
40.61,17.83,77.47,0,initial,loamy,0,0
50.79,18.44,57.7,0,mid_season,clay,0,0
7.83,18.02,46.41,3.36,initial,sandy,2.95,0
44.12,15.1,85.5,4.06,initial,sandy,7.87,0
52.32,17.47,55.41,3.03,initial,loamy,9.19,0
73.53,25.5,56.01,4.35,development,clay,8.94,0
38.05,28.39,64.92,2.92,late,sandy,11.82,0
69.35,19.66,56.38,0,late,loamy,0,0
28.3,16.12,71.41,3.65,late,loamy,32.09,0
69.7,19.77,68.77,6.03,late,loamy,13.04,0
64.57,20.73,84.03,3.8,development,sandy,1.24,0
77.55,26.47,66.28,4.12,late,sandy,4.32,0
69.48,21.08,48.04,4.24,mid_season,sandy,11.78,0
40.87,19.49,70.7,4.92,late,sandy,9.21,0
57.35,23.09,67.88,0,mid_season,loamy,0,0
62.53,21.74,55.43,2.81,mid_season,clay,7.29,0
61.99,28.55,67.87,2.45,mid_season,sandy,4.41,0
49.99,21.5,59.03,2.3,initial,loamy,3.52,0
91.15,13.17,44.05,5.02,late,clay,1.0,0
82.22,19.68,77.66,4.8,initial,clay,1.31,0
39.86,12.1,52.2,3.02,initial,loamy,7.42,0
55.72,20.07,87.97,3.02,development,clay,10.46,0
60.51,14.68,65.7,4.74,mid_season,loamy,18.84,0
52.54,26.87,40.39,3.89,mid_season,loamy,2.3,0
54.16,19.21,72.58,7.92,late,clay,10.57,0
71.43,29.5,76.62,3.28,initial,loamy,0.05,0
49.96,24.54,72.27,5.29,mid_season,clay,9.08,0
65.75,18.0,44.56,5.14,initial,clay,8.47,0
32.93,15.84,78.63,3.73,development,loamy,4.57,0
19.25,17.4,88.53,3.96,initial,clay,1.11,0
55.09,15.91,59.61,0,initial,loamy,0,0
57.08,16.32,87.24,2.52,mid_season,sandy,22.18,0
68.38,14.67,65.15,3.86,initial,clay,0.73,0
40.46,18.31,72.86,3.08,late,clay,11.08,0
51.82,16.43,83.62,3.47,mid_season,clay,10.62,0
57.01,24.39,41.26,0,initial,clay,0,0
38.36,15.64,65.4,3.51,development,sandy,16.56,0
79.62,28.53,86.07,4.44,initial,clay,11.81,0
55.05,17.86,82.25,3.5,late,sandy,7.41,0
71.45,27.54,40.45,0,initial,loamy,0,0
73.05,29.61,80.34,2.93,late,loamy,17.95,0
77.9,19.76,89.8,4.74,mid_season,sandy,6.08,0
55.39,13.35,81.22,4.55,late,clay,12.06,0
76.81,27.9,50.69,0,initial,loamy,0,0
49.03,15.7,65.05,3.9,initial,sandy,1.41,0
56.49,15.23,67.16,3.0,mid_season,clay,14.02,0
54.75,26.36,84.95,2.7,mid_season,clay,21.76,0
46.63,15.08,79.44,4.6,development,clay,2.1,0
37.1,23.8,68.15,0,initial,sandy,0,0
53.68,25.3,81.54,0,late,sandy,0,1
39.11,20.34,51.93,2.79,mid_season,clay,17.38,0
44.81,25.49,50.32,3.17,mid_season,sandy,9.85,0
75.06,27.59,62.78,3.75,late,clay,19.63,0
74.74,15.51,68.73,4.89,mid_season,loamy,8.37,0
82.77,25.02,44.85,3.29,development,sandy,9.91,0
56.01,14.67,80.2,2.88,late,clay,2.4,0
36.51,24.3,52.41,4.46,development,sandy,15.36,0
63.91,13.77,77.74,4.55,initial,loamy,13.9,0
25.4,28.24,80.88,3.66,development,loamy,10.24,0
54.78,12.52,57.26,4.21,mid_season,sandy,15.95,0
61.84,28.08,84.55,0,initial,sandy,0,0
45.42,29.56,55.37,0,late,sandy,0,1
51.03,24.1,78.8,2.36,initial,sandy,0.67,0
64.18,17.53,81.43,6.15,development,sandy,7.84,0
69.99,19.32,47.87,0,initial,sandy,0,0
48.1,13.66,65.72,3.81,late,sandy,7.78,0
53.72,28.54,84.64,2.95,late,clay,21.3,0
56.54,20.26,43.17,3.42,development,clay,18.38,0
51.25,23.02,74.58,2.63,mid_season,sandy,8.99,0
48.38,26.22,79.53,3.56,late,loamy,3.44,0
60.47,13.85,66.09,5.01,development,sandy,7.93,0
41.44,17.63,79.04,5.18,late,clay,24.04,0
57.84,12.71,83.73,4.63,mid_season,sandy,11.98,0
50.85,12.59,44.27,0,initial,sandy,0,0
74.72,13.24,84.67,6.43,initial,loamy,5.51,0
54.65,27.47,89.82,3.01,late,loamy,22.27,0
52.83,26.02,66.83,1.85,mid_season,clay,14.31,0
60.12,29.36,75.42,3.96,development,sandy,9.71,0
58.52,29.34,57.96,3.88,initial,clay,3.79,0
54.4,18.47,62.78,0,mid_season,loamy,0,0
20.35,22.08,63.57,0,initial,clay,0,0
30.08,28.65,70.8,0,late,sandy,0,1
49.59,12.73,60.83,3.19,development,loamy,17.43,0
74.8,28.51,71.22,3.64,development,loamy,0.78,0
73.9,22.77,78.88,2.07,mid_season,clay,24.78,0
36.07,22.5,49.11,4.17,mid_season,sandy,7.53,0
42.3,26.37,68.06,4.55,initial,clay,11.29,0
76.78,23.28,82.81,4.36,mid_season,loamy,6.47,0
60.56,27.82,86.07,5.69,initial,loamy,8.75,0
27.97,17.04,59.54,3.32,mid_season,clay,13.7,0
54.33,25.15,75.42,4.54,development,clay,0.02,0
57.46,20.65,41.71,6.1,initial,clay,7.56,0
24.29,16.29,77.98,0,development,loamy,0,1
31.64,21.28,51.05,2.13,development,sandy,10.17,0
73.5,19.2,61.89,2.73,late,clay,9.34,0
46.76,29.79,70.16,0,development,sandy,0,1
42.58,19.47,86.22,4.33,initial,loamy,5.93,0
62.13,25.14,45.6,6.49,mid_season,clay,6.31,0
63.84,25.15,80.59,3.35,late,loamy,11.74,0
72.67,25.14,49.92,3.03,late,sandy,9.11,0
55.63,20.64,57.13,4.69,late,sandy,0.63,0
15.28,12.26,69.86,0,initial,sandy,0,0
71.29,21.54,42.95,2.4,mid_season,sandy,7.03,0
67.7,28.4,57.22,5.05,development,loamy,11.82,0
60.11,12.08,65.42,3.21,development,loamy,6.63,0
80.99,22.34,59.89,4.58,late,sandy,1.85,0
59.32,15.57,67.81,5.09,mid_season,sandy,10.88,0
69.86,12.09,85.34,5.92,late,loamy,12.1,0
42.4,29.29,87.19,3.77,mid_season,loamy,8.55,0
49.16,19.64,49.2,2.89,mid_season,sandy,4.3,0
57.92,19.33,46.07,4.29,late,sandy,5.52,0
45.35,20.44,40.22,0,development,clay,0,0
53.99,18.67,43.1,4.63,late,clay,7.84,0
53.14,12.61,53.44,2.86,initial,sandy,13.07,0
65.21,27.81,60.14,4.55,late,sandy,21.23,0
49.12,22.44,42.6,0,development,sandy,0,1
68.54,27.43,75.8,4.08,initial,sandy,15.48,0
58.07,19.02,82.21,3.9,late,loamy,19.61,0
69.45,13.8,78.33,4.45,initial,sandy,11.99,0
45.97,20.13,69.11,4.43,mid_season,loamy,15.01,0
69.82,12.4,53.97,3.59,initial,sandy,9.51,0
27.17,20.63,81.1,4.43,mid_season,clay,8.05,0
38.61,14.14,84.76,0,initial,sandy,0,0
39.23,19.34,79.98,4.28,late,clay,5.43,0
48.36,18.57,65.69,3.9,late,loamy,11.68,0
65.08,18.97,70.8,3.38,mid_season,loamy,3.29,0
50.08,20.39,43.03,4.53,initial,clay,7.61,0
64.29,20.32,50.22,3.0,development,loamy,16.48,0
61.35,21.14,54.21,4.45,initial,clay,10.27,0
49.3,26.92,58.47,3.86,late,sandy,18.68,0
30.24,12.75,53.87,3.81,initial,clay,9.27,0
59.26,13.47,73.93,2.67,mid_season,clay,4.86,0
27.97,13.95,48.98,4.45,development,sandy,0.31,0
80.87,18.61,50.39,3.66,mid_season,clay,8.99,0
32.27,12.89,83.68,4.0,mid_season,loamy,9.84,0
71.16,29.86,70.48,5.99,initial,sandy,2.21,0
44.5,18.67,70.78,3.2,development,sandy,4.35,0
62.12,29.26,74.43,2.93,initial,clay,0.48,0
9.79,29.27,74.98,0,initial,clay,0,0
55.28,26.23,79.71,3.77,development,clay,3.85,0
89.27,16.86,87.01,4.17,development,sandy,10.42,0
45.52,12.74,52.51,3.26,late,loamy,11.39,0
34.12,13.68,48.93,0,late,sandy,0,1
54.83,14.07,58.6,3.66,mid_season,clay,15.51,0
44.46,17.1,41.19,3.99,mid_season,clay,22.01,0
42.07,16.01,67.5,1.8,development,loamy,8.49,0
51.15,24.73,80.17,4.86,mid_season,clay,12.6,0
67.54,27.02,49.21,3.22,late,clay,5.59,0
66.84,27.16,86.87,2.72,late,clay,23.93,0
39.2,29.18,78.27,0,initial,clay,0,0
72.72,19.75,86.36,0,initial,clay,0,0
75.12,12.66,49.43,5.59,mid_season,clay,17.94,0
56.55,20.12,58.38,0,late,clay,0,0
57.22,28.63,56.46,3.42,initial,loamy,11.91,0
33.11,14.14,78.11,5.39,initial,clay,18.56,0
92.56,27.18,55.34,4.13,development,loamy,8.18,0
92.36,24.25,71.57,3.94,initial,loamy,3.74,0
67.97,25.81,88.27,4.79,mid_season,sandy,14.27,0
81.62,15.46,56.93,5.24,mid_season,sandy,7.89,0
77.75,23.02,66.76,0,late,sandy,0,0
47.0,26.66,68.11,0,initial,loamy,0,0
47.7,24.28,79.0,4.35,development,sandy,12.14,0
75.18,12.78,54.31,3.14,development,sandy,3.86,0
36.38,14.63,45.06,2.96,mid_season,clay,16.22,0
33.65,21.47,53.32,0,initial,loamy,0,0
53.95,29.57,70.04,1.72,development,loamy,6.18,0
77.44,22.5,58.65,4.58,late,loamy,7.4,0
52.97,26.48,40.94,5.43,initial,clay,1.51,0
59.71,21.98,78.69,3.17,initial,loamy,16.64,0
48.97,26.79,69.67,0,initial,loamy,0,0
74.79,24.76,64.47,3.98,mid_season,sandy,1.69,0
35.2,20.88,58.62,5.06,late,loamy,12.34,0
60.35,12.82,40.52,3.13,late,sandy,9.92,0
76.27,24.16,43.65,2.48,late,sandy,6.08,0
17.01,24.12,70.07,0,late,sandy,0,1
56.22,15.79,83.09,0,development,sandy,0,1
36.58,26.71,82.89,4.59,mid_season,sandy,18.53,0
65.72,13.47,40.42,4.68,development,loamy,8.21,0
61.99,12.79,62.7,3.3,late,sandy,7.54,0
62.1,19.63,49.07,3.44,late,clay,7.56,0
75.19,16.51,78.97,4.18,development,loamy,5.48,0
70.98,23.63,47.43,4.21,late,loamy,11.8,0
74.32,15.7,70.93,2.75,late,clay,26.63,0
47.35,22.84,73.61,4.55,mid_season,loamy,11.6,0
52.04,21.61,88.23,4.75,late,loamy,4.0,0
42.1,22.95,56.99,5.96,late,clay,3.5,0
81.77,23.17,55.3,4.29,development,clay,1.26,0
42.29,14.16,64.96,4.4,late,clay,13.91,0
66.82,14.06,40.45,3.86,late,sandy,5.46,0
68.59,23.14,52.11,3.16,late,clay,15.9,0
35.69,25.16,57.32,0,initial,clay,0,0
50.05,26.84,46.7,3.31,development,loamy,14.79,0
20.81,13.12,54.61,4.8,late,loamy,6.67,0
74.99,15.26,82.59,5.01,mid_season,sandy,3.0,0
46.1,21.85,62.58,0,initial,clay,0,0
85.56,17.59,72.46,2.8,mid_season,clay,8.01,0
55.78,13.23,87.26,3.26,development,sandy,2.37,0
41.29,21.41,73.3,3.67,mid_season,sandy,11.2,0
57.79,18.2,88.51,4.77,mid_season,loamy,13.04,0
74.11,26.36,58.67,0,initial,sandy,0,0
73.35,17.82,59.92,5.06,initial,sandy,16.58,0
12.31,24.01,78.73,3.5,initial,clay,11.08,0
44.6,19.82,55.89,4.97,development,clay,10.74,0
57.45,18.2,87.17,4.57,initial,sandy,9.19,0
83.71,13.4,53.45,4.63,initial,loamy,6.04,0
63.88,12.37,40.99,2.15,mid_season,sandy,3.27,0
42.61,17.46,73.5,2.51,development,sandy,2.86,0
71.06,18.93,47.72,4.84,initial,sandy,6.92,0
68.35,17.27,41.69,2.6,late,clay,17.84,0
73.91,21.12,60.15,0,development,sandy,0,0
60.49,12.81,62.68,3.99,initial,sandy,8.28,0
68.7,13.53,43.52,5.89,development,loamy,7.94,0
50.98,25.03,79.89,0,late,sandy,0,1
53.64,21.57,50.56,3.43,initial,sandy,12.76,0
55.46,17.16,59.46,3.76,development,sandy,14.37,0
59.86,19.16,58.22,4.4,initial,sandy,11.03,0
43.93,25.58,88.31,2.58,mid_season,loamy,23.21,0
76.26,28.42,74.53,4.55,development,clay,9.56,0
50.29,22.37,52.53,4.24,development,loamy,14.84,0
45.69,13.28,65.18,4.15,development,loamy,4.08,0
54.04,29.21,78.33,0,development,clay,0,0
64.09,27.73,51.23,4.99,mid_season,clay,8.23,0
64.74,28.0,42.49,5.52,development,clay,0.48,0
36.17,16.91,77.49,5.11,initial,clay,13.74,0
67.8,28.12,45.46,3.28,mid_season,clay,25.1,0
93.94,19.98,49.48,4.29,development,sandy,10.17,0
42.6,28.21,66.25,0,mid_season,loamy,0,1
52.8,14.87,61.14,0,initial,sandy,0,0
50.17,25.53,71.5,4.83,development,sandy,3.82,0
39.33,20.84,84.21,4.54,development,sandy,8.99,0
59.85,16.36,68.14,4.31,mid_season,sandy,4.43,0
67.35,22.25,81.08,2.89,development,loamy,9.57,0
33.21,24.09,43.22,4.46,initial,sandy,7.52,0
41.28,13.54,56.06,0,development,loamy,0,1
42.72,16.58,72.35,1.28,initial,clay,2.38,0
41.09,22.01,64.47,4.25,initial,loamy,8.73,0
67.59,18.31,80.55,0,late,sandy,0,0
64.12,26.11,60.51,4.77,late,sandy,13.3,0
72.56,28.7,80.72,4.12,late,sandy,2.4,0
39.05,28.63,50.8,6.34,mid_season,sandy,8.49,0
64.54,15.56,44.04,5.73,late,sandy,3.52,0
81.56,24.05,51.05,0,late,sandy,0,0
55.03,14.28,82.5,3.48,development,loamy,2.07,0
68.8,13.13,60.47,2.73,initial,clay,5.94,0
60.59,22.67,67.87,5.23,initial,loamy,6.47,0
66.35,15.16,66.34,3.32,mid_season,clay,12.71,0
59.98,12.88,81.03,3.91,development,loamy,4.75,0
54.59,19.61,56.63,2.72,initial,sandy,1.17,0
47.84,13.42,79.82,0,late,loamy,0,1
30.82,27.81,49.09,4.73,development,sandy,6.6,0
95,13.0,49.35,0,initial,loamy,0,0
53.0,14.47,78.65,2.87,development,sandy,3.19,0
74.45,29.15,59.11,0,initial,clay,0,0
52.29,19.71,53.64,3.96,initial,loamy,3.53,0
68.96,13.2,50.96,2.93,mid_season,clay,5.94,0
88.43,22.36,70.01,2.38,mid_season,loamy,7.77,0
16.02,20.29,72.3,3.95,late,loamy,25.87,0
52.76,23.73,47.6,4.4,mid_season,clay,16.49,0
54.17,21.5,85.99,3.96,late,clay,16.16,0
38.53,29.84,64.94,5.38,development,clay,2.8,0
70.01,15.88,67.01,3.45,late,clay,14.17,0
62.22,28.0,56.17,5.15,initial,loamy,18.82,0
28.2,15.1,58.79,5.14,mid_season,clay,6.97,0
73.21,25.02,52.1,4.77,initial,loamy,19.56,0
64.28,28.33,45.68,3.27,mid_season,loamy,12.27,0
46.86,12.68,62.85,6.14,initial,clay,2.28,0
42.64,21.72,51.81,2.68,initial,clay,12.08,0
81.1,23.61,80.11,2.33,late,loamy,12.35,0
74.59,13.9,74.28,4.95,initial,loamy,6.99,0
22.81,27.49,68.79,0,development,clay,0,1
52.63,12.44,71.21,4.92,mid_season,sandy,7.28,0
68.73,26.82,80.71,4.38,development,clay,0.4,0
29.68,17.33,65.74,3.53,development,loamy,11.23,0
48.64,29.48,78.13,3.44,mid_season,clay,18.45,0
57.7,14.93,67.17,2.67,development,clay,6.99,0
62.59,17.81,47.73,3.96,late,sandy,11.12,0
88.46,17.38,89.14,2.47,initial,loamy,14.98,0
39.6,15.74,53.72,5.71,mid_season,loamy,10.17,0
46.29,17.08,73.31,3.75,mid_season,sandy,15.16,0
42.37,17.06,86.22,1.61,late,sandy,13.24,0
34.89,22.66,67.25,5.53,development,sandy,17.17,0
51.32,25.43,80.25,3.15,development,clay,10.24,0
54.91,17.51,51.45,3.86,mid_season,loamy,25.08,0
36.22,27.29,72.26,2.8,development,sandy,19.15,0
29.94,12.69,88.92,5.08,late,loamy,13.38,0
95,13.32,46.68,4.57,initial,clay,1.32,0
37.69,16.51,50.87,2.02,development,sandy,12.38,0
38.03,20.02,58.83,5.03,development,sandy,6.78,0
71.0,17.78,45.29,4.13,mid_season,sandy,11.61,0
27.37,21.15,53.73,3.01,mid_season,clay,19.2,0
78.55,15.73,58.21,2.69,development,clay,15.46,0
57.93,16.51,82.33,2.23,development,loamy,9.77,0
63.67,19.09,59.0,2.55,late,clay,6.42,0
56.91,15.27,50.1,5.09,late,loamy,15.48,0
69.35,18.99,61.32,4.18,mid_season,loamy,21.82,0
43.05,12.35,55.61,4.53,late,loamy,12.26,0
45.98,28.78,66.71,3.03,late,sandy,7.9,0
83.8,22.95,65.83,3.65,development,clay,12.66,0
45.07,24.94,74.85,3.11,development,sandy,17.94,0
42.02,18.87,85.45,3.99,mid_season,clay,12.38,0
56.37,25.5,56.04,2.84,mid_season,loamy,19.04,0
48.44,13.94,44.45,0,initial,sandy,0,0
54.21,17.83,57.72,4.48,development,clay,4.64,0
60.11,28.36,75.51,3.75,late,sandy,6.14,0
64.25,14.78,41.0,4.07,late,loamy,11.75,0
66.26,26.01,55.48,4.48,development,clay,11.29,0
55.98,23.6,56.72,0,initial,loamy,0,0
94.41,18.38,71.28,3.96,development,clay,6.4,0
65.19,12.78,83.68,3.24,mid_season,clay,11.62,0
30.17,22.23,57.26,0,initial,clay,0,0
37.98,28.83,82.58,4.58,initial,clay,13.24,0
55.5,15.32,65.39,5.46,late,clay,11.38,0
58.29,22.55,71.83,4.38,initial,loamy,3.37,0
46.4,29.43,83.93,5.95,development,sandy,2.96,0
45.6,27.72,76.89,4.38,late,clay,13.08,0
68.18,15.11,60.49,2.95,initial,clay,14.51,0
63.24,12.96,40.75,4.51,late,clay,0.28,0
47.54,26.41,49.0,5.58,initial,loamy,8.89,0
72.92,16.57,74.58,2.21,development,sandy,16.2,0
44.76,18.76,61.44,4.12,late,clay,8.27,0
60.79,28.28,68.99,5.72,mid_season,sandy,13.76,0
26.99,19.31,82.52,5.07,mid_season,sandy,17.57,0
78.39,25.35,88.19,3.69,initial,loamy,10.75,0
50.3,28.13,40.46,5.5,mid_season,loamy,15.46,0
50.95,18.4,51.68,2.54,initial,clay,7.82,0
62.12,23.28,44.37,5.2,late,clay,4.85,0
39.3,23.04,49.29,2.0,development,clay,23.35,0
6.88,15.35,52.3,3.13,development,loamy,3.12,0
49.72,26.64,76.55,3.97,initial,sandy,1.1,0
85.71,15.65,40.76,3.09,mid_season,loamy,12.54,0
71.12,16.07,84.68,3.77,development,clay,16.36,0
77.23,15.65,89.74,4.16,initial,sandy,8.39,0
47.67,14.61,84.07,3.99,initial,sandy,7.49,0
81.84,26.17,76.62,3.25,mid_season,sandy,3.36,0
32.98,17.79,77.02,3.42,mid_season,clay,20.2,0
48.0,12.43,50.0,0,initial,sandy,0,0
80.83,17.73,75.6,4.5,late,clay,13.44,0
62.57,26.35,62.12,5.53,mid_season,clay,2.23,0
64.48,15.6,65.4,4.48,initial,sandy,9.43,0
54.02,24.86,51.77,2.7,late,clay,16.0,0
69.53,22.76,46.55,4.76,initial,loamy,4.38,0
44.57,18.31,62.79,4.32,initial,clay,7.27,0
56.6,20.04,70.1,3.23,development,sandy,14.74,0
60.94,18.37,68.11,4.7,mid_season,loamy,12.72,0
74.98,28.37,68.48,7.11,development,clay,1.78,0
46.34,12.89,74.31,5.27,initial,loamy,9.63,0
18.09,21.26,51.41,5.06,initial,loamy,1.67,0
76.5,19.6,45.21,2.81,mid_season,clay,15.88,0
77.69,24.21,54.81,2.79,initial,sandy,5.15,0
42.16,24.23,47.54,4.16,initial,sandy,0.99,0
35.62,29.03,42.2,4.15,development,clay,9.75,0
61.97,15.55,86.54,6.29,mid_season,sandy,6.1,0
69.17,19.81,53.52,3.23,development,loamy,3.68,0
32.41,19.14,49.41,1.85,development,sandy,1.88,0
69.25,15.22,60.14,3.68,initial,loamy,9.31,0
49.52,24.62,56.08,0,late,sandy,0,1
86.62,15.85,54.78,3.51,late,sandy,16.29,0
40.58,14.74,52.06,0,development,sandy,0,1
34.14,26.07,40.44,2.86,development,loamy,3.0,0
36.96,14.27,44.11,4.88,mid_season,sandy,3.22,0
64.4,20.84,54.08,3.15,development,loamy,12.16,0
46.35,23.77,82.35,4.08,late,loamy,11.04,0
60.98,23.98,81.19,3.87,late,loamy,2.07,0
28.39,29.73,65.11,2.58,late,sandy,22.03,0
58.88,29.05,81.88,4.5,initial,loamy,3.91,0
52.3,27.75,50.12,4.32,development,loamy,9.22,0
38.72,23.39,57.98,2.71,late,clay,13.5,0
61.38,24.74,54.56,4.48,initial,sandy,4.57,0
42.06,27.75,85.73,3.02,initial,sandy,2.17,0
31.09,25.71,70.85,4.36,initial,loamy,4.56,0
41.04,17.41,65.05,2.61,development,loamy,3.95,0
75.86,24.44,63.9,3.66,development,sandy,13.18,0
66.92,24.41,72.8,5.46,mid_season,loamy,21.51,0
70.46,20.56,67.39,0,mid_season,clay,0,0
60.21,14.33,65.72,3.97,late,clay,9.08,0
57.14,27.44,80.43,4.06,late,clay,7.59,0
48.56,22.4,78.3,0,initial,sandy,0,0
48.24,29.5,49.79,4.78,late,clay,12.96,0
55.27,23.52,43.12,3.13,mid_season,clay,10.47,0
46.08,17.83,81.61,4.16,mid_season,loamy,11.36,0
54.77,23.8,78.74,4.25,mid_season,loamy,11.17,0
52.01,12.09,58.02,3.3,mid_season,clay,10.6,0
41.91,28.01,61.21,5.81,mid_season,sandy,19.45,0
67.97,19.98,53.82,0,late,clay,0,0
42.91,25.97,85.74,2.89,development,clay,14.24,0
59.6,13.65,71.51,3.53,initial,loamy,10.93,0
95,20.05,81.5,6.47,late,clay,4.98,0
66.9,12.86,66.37,3.88,initial,loamy,7.05,0
61.93,21.78,58.53,3.22,late,sandy,10.31,0
66.04,13.85,89.59,6.12,initial,loamy,7.92,0
40.39,27.17,76.32,3.85,initial,loamy,13.17,0
19.61,21.9,60.49,4.45,development,clay,4.34,0
70.16,16.05,52.43,4.56,mid_season,sandy,17.11,0
37.22,14.96,53.59,5.31,initial,clay,5.91,0
56.44,24.92,89.44,4.33,development,loamy,10.95,0
47.03,25.86,64.32,3.1,development,loamy,3.04,0
38.86,17.11,47.26,6.9,late,sandy,5.82,0
66.21,17.89,84.64,5.1,development,loamy,6.15,0
37.94,21.33,62.64,4.76,development,loamy,2.77,0
92.22,21.5,68.27,5.07,late,clay,20.65,0
58.75,16.03,55.13,2.06,mid_season,sandy,23.45,0
49.81,16.4,71.33,0,initial,sandy,0,0
75.72,12.33,80.81,4.92,development,clay,21.77,0
76.2,13.63,79.01,3.91,late,clay,16.0,0
33.65,14.27,42.38,4.09,late,loamy,14.02,0
72.85,29.45,86.77,3.12,mid_season,sandy,6.92,0
76.77,12.43,80.78,5.44,mid_season,clay,14.82,0
55.09,24.51,69.06,4.1,mid_season,clay,10.43,0
63.37,19.65,61.74,4.97,development,clay,13.32,0
46.98,28.49,58.91,4.95,initial,loamy,2.88,0
74.58,19.36,43.78,3.44,development,sandy,3.02,0
71.59,29.22,72.28,5.26,late,clay,9.83,0
70.83,21.41,52.54,5.08,initial,clay,11.76,0
64.39,22.5,77.42,3.55,mid_season,sandy,13.16,0
50.48,13.39,65.52,3.82,late,clay,5.99,0
65.64,14.62,80.65,6.65,development,loamy,3.32,0
58.05,27.04,89.64,3.98,development,loamy,5.66,0
35.75,22.59,82.51,3.75,late,loamy,10.42,0
95,19.86,70.96,3.64,development,loamy,13.56,0
51.78,24.14,65.99,3.04,late,loamy,2.49,0
39.97,15.62,86.78,2.79,late,loamy,3.47,0
43.34,14.57,69.37,4.66,mid_season,loamy,9.68,0
41.24,12.26,46.22,3.99,late,clay,7.81,0
47.79,22.33,59.49,4.06,development,clay,11.74,0
76.02,22.17,74.46,0,initial,loamy,0,0
54.79,29.64,80.48,3.72,mid_season,clay,14.33,0
53.41,26.7,43.08,0,development,sandy,0,1
42.37,16.89,86.59,0,development,loamy,0,1
63.04,25.87,77.1,4.64,initial,loamy,5.03,0
84.36,21.48,70.38,5.36,development,clay,13.47,0
34.39,19.23,84.22,3.5,initial,sandy,7.66,0
54.69,21.19,89.23,3.0,late,sandy,5.96,0
30.8,18.06,71.84,3.48,development,sandy,14.16,0
36.64,22.53,67.18,3.48,mid_season,loamy,15.85,0
69.69,15.82,40.44,4.49,development,loamy,3.46,0
48.97,24.86,51.03,3.48,late,loamy,1.46,0
50.83,19.61,62.53,4.4,late,clay,17.82,0
37.1,24.25,69.87,2.36,development,loamy,6.53,0
58.31,21.16,59.94,0,initial,loamy,0,0
48.36,25.08,60.36,2.15,initial,sandy,10.78,0
49.45,23.56,54.39,0,initial,loamy,0,0
64.34,29.12,63.01,2.65,initial,loamy,1.94,0
65.85,27.36,53.4,3.45,initial,sandy,2.44,0
40.33,13.58,75.22,2.84,late,clay,16.22,0
49.87,13.47,75.96,5.17,late,loamy,5.76,0
40.78,13.49,83.01,6.43,development,loamy,19.77,0
45.72,12.63,40.83,4.4,initial,sandy,9.91,0
29.45,20.72,81.45,4.72,development,sandy,16.07,0
36.29,21.77,46.31,4.22,late,sandy,9.72,0
59.13,27.73,74.19,3.22,mid_season,loamy,21.78,0
56.05,23.84,83.35,5.26,initial,loamy,6.44,0
46.31,17.5,40.31,5.79,initial,clay,16.03,0
81.41,20.65,46.56,0,initial,sandy,0,0
61.22,23.88,51.76,3.3,mid_season,clay,15.67,0
56.63,15.2,73.5,0,development,sandy,0,1
58.84,27.51,59.33,4.09,mid_season,sandy,9.51,0
55.04,12.85,83.23,5.12,mid_season,loamy,13.06,0
56.93,19.23,89.71,3.87,mid_season,sandy,21.82,0
78.59,21.31,41.35,5.08,development,clay,8.3,0
21.54,20.26,71.72,2.99,initial,sandy,2.89,0
70.83,20.13,51.85,5.03,development,clay,10.99,0
83.9,20.78,58.04,4.46,mid_season,clay,2.17,0
78.01,26.47,49.42,0,late,loamy,0,0
37.36,13.46,84.75,4.2,mid_season,sandy,8.25,0
16.28,13.27,48.87,0,development,clay,0,1
59.92,22.19,54.28,2.62,initial,sandy,3.31,0
39.64,21.1,42.59,3.93,late,loamy,1.48,0
45.7,15.43,82.59,3.31,initial,loamy,3.07,0
44.61,12.39,84.73,3.81,late,sandy,9.4,0
70.37,26.48,80.4,0,initial,loamy,0,0
55.46,29.02,67.47,4.96,initial,sandy,7.93,0
50.86,21.07,86.58,3.44,late,loamy,2.18,0
45.08,24.45,83.77,2.45,late,sandy,7.18,0
34.28,16.57,63.46,3.09,mid_season,sandy,19.9,0
59.25,18.97,45.43,0,late,loamy,0,0
21.94,13.09,84.63,0,initial,loamy,0,0
60.15,24.31,73.86,3.48,initial,sandy,18.02,0
72.76,25.71,46.19,3.98,initial,clay,4.62,0
47.11,27.47,58.44,5.77,initial,clay,8.69,0
66.09,17.31,76.07,2.81,mid_season,loamy,20.67,0
66.09,25.41,66.49,2.85,mid_season,loamy,5.24,0
46.49,15.69,40.97,4.35,initial,clay,5.47,0
83.51,27.49,56.73,3.81,late,loamy,3.41,0
40.28,28.92,79.16,3.06,initial,sandy,9.54,0
44.98,17.26,40.72,2.31,development,sandy,16.98,0
48.45,24.76,84.58,2.84,development,clay,14.99,0
63.47,14.31,82.05,1.94,initial,sandy,6.55,0
62.53,22.71,59.79,4.21,initial,clay,11.23,0
43.17,15.31,42.56,0,initial,sandy,0,0
40.17,15.05,81.56,0,initial,loamy,0,0
64.01,19.58,60.08,0,late,clay,0,0
40.93,27.02,76.9,0,initial,loamy,0,0
44.25,22.4,73.14,3.11,development,clay,0.39,0
60.77,21.22,69.2,4.8,mid_season,clay,22.07,0
69.22,12.75,72.4,3.95,mid_season,sandy,3.09,0
41.25,29.36,62.53,4.22,development,loamy,5.88,0
39.74,23.14,78.94,3.57,mid_season,clay,15.38,0
75.6,27.66,46.62,0,development,sandy,0,0
71.12,22.99,74.78,5.79,mid_season,clay,16.57,0
77.72,17.87,68.92,5.46,late,sandy,10.5,0
54.74,17.41,68.38,5.06,initial,loamy,5.71,0
48.68,16.93,88.5,5.58,late,clay,6.3,0
54.93,29.26,54.63,4.11,mid_season,loamy,12.07,0
46.09,19.94,76.47,0,late,loamy,0,1
68.53,17.03,77.16,4.71,development,clay,9.63,0
65.24,14.77,88.37,3.27,initial,loamy,16.05,0
59.83,24.99,85.19,3.82,development,loamy,12.39,0
43.76,15.19,67.42,4.12,mid_season,sandy,16.82,0
28.42,16.51,81.82,0,late,sandy,0,1
45.68,28.96,52.11,4.54,development,clay,13.44,0
70.46,17.21,86.25,0,initial,loamy,0,0
52.64,26.37,51.41,4.14,late,clay,7.3,0
64.41,27.19,51.27,3.12,initial,loamy,9.06,0
40.67,28.6,50.61,3.34,late,sandy,2.68,0
20.07,28.98,45.62,3.87,initial,sandy,15.33,0
75.27,18.67,70.76,2.25,mid_season,clay,7.59,0
41.45,15.38,44.14,2.07,initial,loamy,4.79,0
55.93,22.85,56.76,5.35,development,sandy,7.0,0
56.87,21.55,78.42,0,late,sandy,0,1
83.47,23.61,78.34,2.76,mid_season,sandy,11.32,0
88.91,12.78,72.62,3.39,mid_season,sandy,13.66,0
75.39,12.03,42.41,2.79,initial,sandy,5.73,0
50.51,13.51,86.31,2.69,development,loamy,15.64,0
58.56,23.93,62.0,3.76,mid_season,sandy,13.78,0
40.91,28.58,74.19,3.85,late,loamy,8.28,0
50.15,29.52,43.86,0,late,sandy,0,1
47.6,19.26,48.06,5.07,mid_season,sandy,9.43,0
70.85,28.61,45.21,4.3,development,clay,21.45,0
57.39,27.04,46.94,5.01,late,loamy,7.15,0
42.98,17.58,82.48,2.99,mid_season,clay,10.73,0
43.87,14.27,86.8,6.21,late,clay,15.35,0
35.22,30.0,85.67,3.87,mid_season,loamy,11.91,0
67.56,12.86,67.07,4.09,mid_season,sandy,18.58,0
56.28,27.15,78.36,0,mid_season,loamy,0,0
88.31,29.48,56.51,4.53,initial,sandy,1.09,0
78.09,24.19,44.64,4.03,mid_season,loamy,2.01,0
61.12,27.01,48.89,6.6,late,sandy,8.98,0
34.42,21.96,42.38,4.31,late,clay,20.69,0
5,19.34,57.2,4.14,late,clay,20.12,0
63.36,26.42,51.52,3.42,late,loamy,17.95,0
25.97,17.43,82.82,3.29,development,clay,13.3,0
53.25,24.5,80.33,3.48,initial,clay,8.93,0
66.43,15.78,70.85,6.96,mid_season,clay,14.64,0
73.71,20.98,55.77,2.37,mid_season,loamy,19.6,0
34.72,18.47,61.41,2.45,development,clay,8.56,0
55.42,16.12,86.91,4.22,development,clay,17.42,0
22.35,27.8,64.55,4.61,initial,clay,6.97,0
64.0,18.42,48.38,5.69,development,clay,9.69,0
45.73,14.97,57.53,4.92,development,loamy,5.93,0
61.35,25.15,42.62,2.85,mid_season,clay,18.68,0
49.21,16.89,43.53,0,initial,clay,0,0
19.0,23.44,63.4,3.59,development,sandy,4.44,0
34.16,13.0,77.88,4.0,initial,loamy,4.92,0
47.62,12.13,80.03,5.84,late,clay,15.11,0
50.72,19.36,87.53,4.39,initial,sandy,0.07,0
70.23,18.91,66.71,2.74,mid_season,clay,12.6,0
66.68,19.52,75.77,1.89,development,loamy,18.84,0
49.48,28.45,83.0,4.35,late,clay,13.11,0
69.56,12.86,41.13,3.27,late,loamy,11.03,0
83.45,14.55,80.9,3.32,development,loamy,19.13,0
75.85,29.04,56.3,2.57,late,sandy,1.05,0
78.33,29.23,48.52,5.38,initial,loamy,7.33,0
56.1,29.05,60.02,5.88,late,clay,8.25,0
84.21,24.97,81.66,5.59,late,loamy,17.43,0
52.47,24.74,75.81,4.93,late,loamy,8.17,0
51.31,20.26,53.52,2.94,development,loamy,6.19,0
16.56,23.7,52.91,4.72,initial,sandy,7.36,0
77.76,20.05,58.09,4.09,initial,loamy,13.83,0
61.2,23.61,41.91,3.93,initial,clay,19.72,0
80.77,28.35,68.78,2.93,development,clay,20.94,0
75.8,13.6,52.33,3.23,initial,clay,8.34,0
62.05,17.23,86.89,3.97,mid_season,sandy,0.38,0
95,22.42,62.66,2.39,late,sandy,16.76,0
46.27,15.19,64.99,0,mid_season,sandy,0,1
45.09,28.27,47.07,4.37,late,loamy,5.08,0
59.84,14.59,71.77,3.54,development,clay,8.34,0
15.29,15.27,86.78,3.53,late,loamy,19.49,0
20.66,15.3,85.59,2.76,late,sandy,15.51,0
59.78,19.48,81.11,2.71,mid_season,sandy,19.73,0
47.26,15.01,78.16,4.08,initial,clay,13.84,0
61.49,12.86,43.52,4.61,late,clay,3.65,0
54.07,23.27,68.38,4.79,development,loamy,12.98,0
32.73,25.64,76.74,1.81,late,sandy,20.89,0
47.37,26.87,64.6,0,initial,sandy,0,0
60.12,16.99,58.15,3.9,mid_season,loamy,7.57,0
58.21,16.27,78.07,4.26,mid_season,sandy,8.65,0
47.12,18.78,78.92,4.04,mid_season,sandy,11.98,0
69.84,18.83,54.0,2.31,development,clay,4.73,0
54.39,27.24,85.17,4.39,development,loamy,14.61,0
63.69,19.12,88.81,2.71,mid_season,clay,8.96,0
54.7,12.84,70.27,2.68,mid_season,clay,4.71,0
66.79,29.36,54.96,4.77,late,loamy,3.87,0
74.71,17.87,81.15,0,initial,loamy,0,0
50.92,21.4,56.87,3.16,late,loamy,19.33,0
89.17,26.18,63.08,0,development,loamy,0,0
67.45,18.58,89.96,3.72,late,clay,3.65,0
62.57,18.86,58.63,5.84,development,clay,4.31,0
32.27,19.16,60.24,4.86,development,clay,9.0,0
43.75,17.43,54.4,0,development,loamy,0,1
70.61,15.09,52.55,3.64,initial,sandy,7.27,0
56.93,25.53,62.02,4.81,development,loamy,6.19,0
53.63,27.4,68.81,3.7,initial,sandy,13.02,0
65.92,12.29,73.52,4.25,mid_season,loamy,11.79,0
75.8,22.45,55.64,3.48,late,sandy,6.98,0
14.88,28.03,70.68,4.97,late,clay,3.31,0
49.22,23.33,75.04,4.26,development,clay,2.61,0
68.67,25.69,41.28,3.35,development,loamy,4.19,0
66.41,12.1,54.13,5.08,initial,clay,11.76,0
39.54,15.89,57.44,4.37,late,sandy,2.2,0
44.77,14.83,42.18,0,late,loamy,0,1
25.23,29.61,73.56,4.34,mid_season,clay,11.51,0
51.34,26.31,88.17,3.49,mid_season,clay,8.95,0
59.28,27.53,81.75,3.39,mid_season,sandy,13.8,0
92.79,26.11,80.53,4.86,initial,clay,2.66,0
59.36,13.05,77.75,4.58,development,clay,10.51,0
24.47,19.14,74.13,4.51,development,loamy,15.22,0
71.32,28.48,44.59,5.83,initial,clay,0.19,0
41.63,20.77,45.51,4.44,initial,loamy,5.53,0
81.61,18.79,54.91,2.46,mid_season,clay,14.85,0
69.83,22.71,81.4,2.84,mid_season,loamy,19.9,0
53.32,25.73,52.36,2.87,late,sandy,11.94,0
26.84,15.61,85.44,4.02,mid_season,sandy,13.35,0
63.84,28.55,83.42,6.17,development,clay,7.71,0
48.31,27.21,70.52,2.48,mid_season,sandy,16.54,0
59.94,27.44,51.98,3.9,development,clay,10.37,0
48.93,22.11,72.55,4.17,initial,loamy,2.93,0
47.85,25.29,54.26,4.41,initial,loamy,3.04,0
81.06,22.5,65.09,3.77,mid_season,sandy,9.07,0
61.41,28.47,78.8,4.45,mid_season,clay,23.84,0
47.57,20.37,65.11,4.23,development,sandy,3.6,0
59.97,14.02,79.65,4.2,late,clay,15.67,0
59.7,12.71,42.93,5.35,initial,clay,1.54,0
67.28,29.15,89.28,4.59,late,loamy,9.56,0
49.23,20.41,63.93,4.91,mid_season,loamy,14.91,0
35.04,27.56,48.94,0,late,sandy,0,1
55.39,26.77,85.64,5.93,mid_season,loamy,10.48,0
12.24,26.64,51.45,4.24,development,sandy,5.4,0
57.93,14.55,63.18,4.06,mid_season,clay,8.28,0
61.8,26.38,80.05,3.64,development,loamy,10.28,0
50.37,29.33,48.93,4.09,mid_season,clay,19.59,0
58.23,23.85,84.31,4.33,mid_season,loamy,13.11,0
38.49,26.63,89.94,2.61,late,sandy,6.21,0
46.31,29.54,59.23,3.49,late,clay,12.74,0
66.17,23.72,46.0,4.89,initial,sandy,5.28,0
79.82,27.87,88.66,3.87,late,clay,15.19,0
22.23,17.74,86.1,4.01,mid_season,sandy,7.21,0
58.69,22.45,63.15,4.63,development,loamy,3.9,0
40.77,29.66,43.49,3.33,mid_season,sandy,21.45,0
69.7,12.49,68.88,4.83,mid_season,clay,8.27,0
93.22,12.48,45.64,3.74,mid_season,sandy,16.44,0
70.25,22.45,69.25,4.2,late,sandy,5.25,0
38.74,26.15,79.8,4.66,development,sandy,12.43,0
40.15,23.91,44.15,5.72,mid_season,loamy,13.01,0
58.35,27.17,78.9,1.85,development,loamy,8.09,0
77.59,14.55,44.35,4.94,mid_season,loamy,7.99,0
48.58,27.5,48.14,5.11,development,clay,14.36,0
95,27.06,83.73,4.07,initial,loamy,1.01,0
73.01,14.79,68.46,2.8,late,clay,4.27,0
88.72,28.22,43.75,4.67,late,loamy,15.85,0
71.96,18.04,55.33,4.76,development,loamy,5.78,0
51.95,25.16,73.98,0,initial,sandy,0,0
43.55,18.09,68.15,3.69,late,loamy,16.46,0
51.7,24.14,79.46,4.78,mid_season,clay,19.75,0
49.46,24.8,73.36,3.24,initial,clay,7.47,0
75.9,27.83,70.31,0,mid_season,sandy,0,0
91.22,22.25,75.51,4.51,late,sandy,7.81,0
52.17,12.21,51.7,0,initial,clay,0,0
38.4,23.54,44.22,3.69,development,loamy,3.79,0
64.4,18.74,63.56,3.11,development,loamy,12.71,0
87.05,13.51,53.04,3.08,development,sandy,1.46,0
63.61,23.68,53.79,2.71,mid_season,sandy,6.17,0
24.74,29.0,88.66,3.75,initial,sandy,3.61,0
95,18.26,83.61,0,late,clay,0,0
40.46,26.34,48.95,5.1,late,clay,1.08,0
44.6,29.74,81.12,5.05,mid_season,clay,5.47,0
35.8,23.89,64.86,0,initial,clay,0,0
65.65,28.77,50.37,0,development,sandy,0,0
62.38,23.82,57.88,4.68,development,clay,15.0,0
43.57,18.38,59.88,3.54,initial,sandy,8.88,0
66.01,16.06,84.32,0,late,sandy,0,0
71.89,21.42,78.18,3.62,mid_season,loamy,24.18,0
22.84,13.94,43.35,5.13,late,loamy,21.32,0
71.46,18.66,66.86,2.79,late,sandy,11.97,0
65.39,16.25,40.06,5.35,mid_season,clay,16.76,0
57.54,25.13,67.84,2.31,late,loamy,13.1,0
32.55,28.75,67.09,2.96,development,clay,6.43,0
67.94,15.59,70.19,2.69,development,loamy,12.35,0
91.09,17.72,74.18,0,initial,sandy,0,0
45.56,22.64,81.88,0,late,sandy,0,1
25.92,15.73,40.15,0,initial,sandy,0,0
95,24.51,62.45,5.44,initial,sandy,14.18,0
61.59,19.75,43.93,3.52,late,clay,1.32,0
78.89,20.42,68.43,0,development,loamy,0,0
92.91,29.22,79.74,3.02,development,clay,5.08,0
65.28,20.27,58.22,0,initial,clay,0,0
41.96,16.46,83.26,3.6,development,clay,16.17,0
57.42,15.54,51.99,0,initial,sandy,0,0
48.69,13.45,58.05,3.39,mid_season,clay,19.49,0
63.66,15.7,48.33,4.34,late,loamy,26.92,0
86.86,25.36,49.28,5.28,development,clay,19.57,0
82.25,15.59,85.59,3.13,mid_season,loamy,14.87,0
67.99,29.0,42.44,0,initial,clay,0,0
53.74,20.45,44.7,4.72,mid_season,clay,12.05,0
23.23,29.08,77.99,0,initial,sandy,0,0
67.59,27.01,56.1,4.47,mid_season,sandy,2.45,0
42.14,15.3,75.51,4.04,initial,loamy,10.7,0
59.95,27.54,80.39,4.5,mid_season,loamy,15.07,0
68.32,14.12,80.92,0,late,sandy,0,0
49.5,14.12,87.59,5.1,mid_season,clay,14.17,0
87.3,17.19,74.77,5.71,mid_season,sandy,9.21,0
39.15,20.35,86.72,0,mid_season,loamy,0,1
55.47,25.54,80.97,0,initial,sandy,0,0
28.55,18.94,69.9,3.38,late,clay,5.36,0
30.93,24.71,68.84,0,initial,clay,0,0
58.69,27.15,52.58,0,late,loamy,0,0
77.39,29.52,56.87,3.68,mid_season,clay,1.28,0
76.81,21.9,52.32,4.3,mid_season,sandy,8.35,0
43.44,24.17,74.11,3.83,development,sandy,13.79,0
65.55,19.71,88.91,1.86,initial,loamy,2.89,0
73.56,29.55,47.52,0,initial,clay,0,0
48.12,25.25,42.76,4.28,late,loamy,12.03,0
35.73,28.38,65.28,3.65,late,sandy,7.89,0
75.18,15.41,71.31,2.96,development,loamy,7.85,0
77.45,23.24,41.01,3.11,development,clay,19.33,0
49.97,22.5,62.97,3.82,late,sandy,18.32,0
46.77,15.15,86.99,2.77,development,clay,21.68,0
53.24,27.96,46.59,2.94,development,clay,10.27,0
12.76,13.08,68.33,2.53,late,sandy,7.62,0
55.68,15.46,52.36,0,late,clay,0,0
55.09,24.3,55.53,3.66,initial,loamy,0.28,0
40.7,19.87,49.84,0,late,sandy,0,1
35.54,15.15,49.23,2.06,mid_season,loamy,3.64,0
44.29,12.26,60.03,4.29,development,sandy,13.14,0
27.11,25.66,65.14,0,initial,loamy,0,0
62.95,29.93,52.78,4.75,initial,clay,12.9,0
37.76,18.48,79.15,5.34,mid_season,sandy,11.11,0
48.05,26.69,47.51,5.44,mid_season,sandy,21.73,0
47.75,13.5,46.1,2.97,development,clay,4.61,0
67.4,17.44,61.69,5.41,late,loamy,16.13,0
45.27,12.76,51.39,2.72,mid_season,clay,9.55,0
36.08,14.27,75.43,0,initial,clay,0,0
64.17,12.95,62.0,3.92,late,clay,16.01,0
72.42,20.54,51.87,4.42,initial,clay,18.35,0
70.52,22.07,57.1,5.68,mid_season,sandy,20.62,0
42.99,15.9,78.69,3.05,mid_season,loamy,8.52,0
60.99,15.75,43.91,4.85,initial,clay,3.81,0
22.29,27.17,77.26,3.69,initial,loamy,5.43,0
49.2,25.62,66.57,3.02,mid_season,loamy,2.57,0
49.74,28.39,45.64,3.62,development,loamy,11.49,0
45.66,12.21,71.52,3.3,development,clay,10.81,0
33.14,13.94,42.46,3.37,development,loamy,10.3,0
54.44,21.71,84.03,0,initial,sandy,0,0
59.54,25.98,75.02,4.76,development,sandy,18.03,0
56.25,15.9,71.01,3.82,initial,sandy,0.75,0
56.78,21.2,69.37,4.79,development,sandy,8.92,0
37.39,20.45,44.34,3.55,initial,clay,10.66,0
52.97,14.19,81.67,4.17,development,sandy,7.11,0
59.7,28.49,49.18,3.81,initial,loamy,11.87,0
59.96,19.81,66.95,2.09,initial,clay,6.33,0
41.52,21.06,54.71,3.61,development,clay,11.64,0
76.45,25.09,78.46,3.26,initial,clay,7.55,0
39.1,13.71,50.87,4.54,late,loamy,12.78,0
22.42,24.07,56.97,3.83,mid_season,clay,13.19,0
32.88,14.53,60.48,5.48,development,clay,17.32,0
67.73,12.92,44.69,2.65,mid_season,sandy,12.38,0
25.12,20.67,52.25,3.1,initial,loamy,3.05,0
66.01,27.35,58.58,0,development,clay,0,0
65.04,20.96,65.58,3.31,late,clay,5.33,0
22.69,18.26,44.83,2.76,initial,loamy,5.39,0
43.99,17.65,40.82,0,development,loamy,0,1
63.49,13.21,41.56,2.59,initial,sandy,5.94,0
46.82,28.83,63.48,3.75,development,clay,13.61,0
42.19,27.7,57.73,2.96,mid_season,loamy,14.9,0
64.39,17.33,67.79,6.02,development,loamy,2.68,0
77.23,24.17,83.92,2.9,late,clay,10.24,0
32.65,29.62,76.0,5.92,mid_season,clay,15.27,0
73.87,29.76,42.64,6.0,mid_season,clay,4.98,0
72.39,25.33,52.28,0,development,sandy,0,0
59.7,29.07,71.52,3.61,late,clay,4.25,0
46.39,23.71,55.16,0,initial,sandy,0,0
54.08,21.07,88.32,5.35,mid_season,sandy,4.54,0
44.04,25.54,80.58,3.79,development,loamy,1.44,0
95,22.95,53.01,5.15,development,loamy,5.25,0
47.73,16.65,65.41,1.82,initial,loamy,8.14,0
37.17,27.08,53.77,4.42,late,loamy,11.51,0
65.82,26.66,78.9,2.61,development,clay,17.85,0
50.74,13.44,82.06,4.34,late,clay,7.6,0
44.94,22.73,62.95,0,late,clay,0,1
45.63,21.31,85.42,3.16,late,sandy,9.07,0
66.41,29.53,67.38,6.63,initial,loamy,12.54,0
28.09,29.09,72.43,5.64,late,loamy,14.85,0
53.33,12.35,87.62,3.71,mid_season,loamy,19.72,0
61.41,13.02,76.84,4.33,initial,clay,15.95,0
43.92,19.59,49.51,4.77,late,loamy,0.42,0
56.19,24.87,75.27,3.84,mid_season,sandy,3.87,0
76.2,21.06,46.63,3.92,development,clay,11.0,0
26.35,14.6,63.02,4.21,late,loamy,8.56,0
45.5,13.87,56.57,6.61,late,clay,8.42,0
38.54,29.5,67.4,0,initial,clay,0,0
63.76,18.02,44.19,4.89,late,sandy,18.91,0
16.01,16.06,73.95,3.1,mid_season,clay,11.52,0
39.64,12.3,40.64,3.56,initial,sandy,6.33,0
61.0,16.15,84.98,4.32,late,sandy,13.69,0
38.79,27.98,68.59,3.63,late,loamy,17.08,0
81.43,26.2,70.41,0,late,loamy,0,0
43.41,26.1,54.45,5.18,late,sandy,0.34,0
48.7,26.97,82.57,0,development,sandy,0,1
47.18,19.45,69.36,3.97,late,loamy,11.9,0
44.82,25.24,45.45,3.8,development,clay,9.88,0
52.29,15.48,69.56,5.29,late,sandy,18.08,0
31.33,23.28,46.42,2.48,development,clay,8.4,0
64.53,24.45,55.78,5.65,late,sandy,8.11,0
26.57,17.09,42.51,4.46,development,clay,7.28,0
39.95,19.58,66.4,4.98,development,loamy,4.48,0
43.32,14.97,82.86,3.62,mid_season,loamy,4.05,0
33.22,17.23,88.07,4.47,development,clay,17.66,0
57.23,23.34,75.65,4.29,initial,loamy,11.91,0
67.47,27.3,79.31,3.71,mid_season,clay,16.94,0
71.63,29.17,40.05,4.0,late,sandy,7.93,0
38.15,25.76,49.71,2.56,mid_season,clay,15.62,0
45.68,28.2,74.45,4.52,mid_season,clay,25.33,0
52.17,17.48,52.19,2.58,mid_season,clay,10.78,0
52.27,28.18,50.74,4.73,mid_season,clay,7.38,0
59.91,22.61,71.9,2.62,late,loamy,3.31,0
18.25,13.82,82.67,4.36,late,loamy,19.95,0
52.67,15.15,63.86,2.95,late,loamy,4.92,0
68.57,12.32,82.78,0,development,sandy,0,0
73.61,27.54,70.93,4.61,development,sandy,3.6,0
58.83,25.71,43.52,5.01,mid_season,sandy,9.08,0
42.38,25.22,89.07,3.73,initial,sandy,1.0,0
65.14,27.93,48.83,3.13,mid_season,sandy,16.57,0
66.01,15.12,89.55,0,initial,clay,0,0
66.09,27.87,45.41,3.19,initial,sandy,15.95,0
54.56,23.54,85.85,3.68,late,loamy,13.97,0
18.49,13.38,75.19,4.08,late,loamy,8.07,0
68.76,21.7,53.17,4.25,initial,loamy,15.27,0
15.93,20.82,51.94,3.27,development,clay,8.41,0
70.71,13.85,60.49,4.96,mid_season,loamy,13.28,0
62.37,28.8,62.1,5.86,mid_season,loamy,7.66,0
49.42,17.56,76.98,0,initial,sandy,0,0
63.72,25.94,62.02,5.36,development,loamy,28.49,0
64.31,25.37,54.66,3.66,mid_season,loamy,15.5,0
41.77,20.58,47.72,2.36,mid_season,clay,20.67,0
68.08,22.53,62.21,3.7,mid_season,loamy,15.58,0
57.05,25.17,71.37,0,initial,loamy,0,0
72.91,16.6,77.27,3.33,late,clay,7.22,0
9.89,29.35,82.26,4.47,development,clay,19.86,0
62.49,19.78,78.93,1.56,mid_season,loamy,22.8,0
38.13,18.47,47.21,4.6,development,clay,21.23,0
36.69,14.41,87.51,3.64,initial,clay,10.77,0
91.94,24.17,70.25,2.66,late,sandy,2.81,0
38.79,29.28,78.6,2.66,late,loamy,9.5,0
58.51,28.46,85.23,3.89,late,sandy,7.24,0
63.18,15.99,65.71,2.34,late,sandy,15.42,0
65.04,15.47,48.44,3.77,late,loamy,7.21,0
58.94,17.35,69.58,3.63,initial,sandy,1.96,0
26.64,12.77,70.87,5.81,late,loamy,13.57,0
48.53,24.11,61.24,0,mid_season,sandy,0,1
65.85,27.06,51.44,4.09,late,clay,4.62,0
67.01,28.15,67.52,3.93,mid_season,loamy,9.72,0
13.54,22.88,54.14,4.99,late,sandy,13.17,0
89.0,21.75,72.1,4.69,development,loamy,5.65,0
69.89,13.78,69.17,4.14,development,clay,16.95,0
49.01,18.72,86.98,4.18,mid_season,clay,17.68,0
66.12,19.09,73.04,2.41,initial,clay,3.64,0
55.43,18.26,49.56,0,development,sandy,0,1
35.0,21.69,58.66,0,late,clay,0,1
73.21,25.03,78.11,6.14,mid_season,clay,11.64,0
39.06,25.97,80.63,3.91,late,clay,15.18,0
58.84,20.33,84.98,4.24,mid_season,loamy,10.07,0
83.07,20.22,64.0,3.15,mid_season,loamy,18.11,0
76.36,14.26,66.81,4.91,mid_season,sandy,9.07,0
26.73,25.93,64.09,3.86,development,clay,6.44,0
52.62,15.08,82.34,2.76,development,sandy,22.03,0
89.12,13.52,63.74,5.46,mid_season,loamy,9.66,0
60.57,28.24,63.48,0,mid_season,loamy,0,0
37.08,26.85,81.14,4.69,late,sandy,8.29,0
53.42,29.91,47.87,0,late,loamy,0,0
72.92,22.84,59.11,0,initial,sandy,0,0
83.47,15.71,70.75,0,development,loamy,0,0
74.64,28.12,59.71,1.98,development,clay,7.57,0
31.35,21.24,85.15,0,development,loamy,0,1
29.3,17.66,67.44,2.15,development,clay,14.43,0
77.45,14.72,60.86,3.76,late,sandy,17.21,0
56.7,22.95,75.25,0,initial,clay,0,0
30.76,24.74,72.91,1.98,late,loamy,4.24,0
44.77,27.01,69.4,3.77,late,clay,3.84,0
48.94,20.8,76.14,2.75,initial,loamy,14.65,0
81.14,26.42,78.77,6.24,development,sandy,1.34,0
32.29,28.71,79.93,3.98,development,loamy,12.69,0
62.99,17.6,61.99,3.33,development,loamy,7.65,0
59.47,19.94,64.85,3.83,late,clay,9.11,0
42.93,28.57,42.26,3.37,development,sandy,15.56,0
34.39,15.89,87.87,3.79,development,clay,12.51,0
53.04,28.32,80.37,4.07,late,sandy,9.48,0
46.04,29.42,72.13,2.66,development,loamy,15.74,0
28.05,20.79,60.49,3.77,development,loamy,8.58,0
43.38,15.34,71.1,3.33,development,clay,11.86,0
69.69,27.78,64.44,3.37,late,sandy,0.76,0
78.88,26.91,66.44,4.07,mid_season,sandy,5.37,0
39.59,29.2,42.95,0,initial,clay,0,0
38.15,27.16,47.9,2.52,late,loamy,6.56,0
68.64,26.09,55.09,5.68,late,loamy,4.5,0
54.07,21.31,60.3,0,mid_season,loamy,0,0
76.79,20.29,72.27,2.87,late,sandy,2.3,0
43.97,19.91,86.03,4.8,late,sandy,8.59,0
30.83,13.67,40.36,4.99,mid_season,loamy,24.01,0
22.58,16.95,62.66,4.49,development,clay,16.28,0
77.06,18.42,41.47,3.72,development,sandy,18.16,0
54.08,23.94,73.13,0,mid_season,sandy,0,1
50.93,18.76,46.29,1.75,mid_season,sandy,17.12,0
19.09,17.1,79.27,3.13,late,loamy,3.48,0
27.97,28.96,70.88,5.86,development,sandy,7.1,0
35.83,29.68,80.56,0,development,sandy,0,1
53.21,29.34,84.44,4.05,late,sandy,17.16,0
49.63,14.11,44.05,0,development,clay,0,0
17.49,27.15,43.01,3.45,mid_season,sandy,9.73,0
29.92,27.46,76.57,3.55,late,loamy,8.63,0
87.93,14.98,69.85,4.46,late,clay,17.53,0
76.37,12.68,78.31,2.01,late,loamy,16.17,0
26.22,15.41,63.72,4.22,mid_season,clay,18.56,0
51.15,12.85,71.46,4.17,late,sandy,8.52,0
30.68,13.6,86.58,4.07,development,clay,11.51,0
62.63,14.07,72.85,4.35,development,sandy,7.6,0
54.15,18.21,80.48,3.03,late,clay,8.33,0
60.36,25.61,74.95,3.23,development,clay,9.95,0
73.41,13.12,46.08,4.73,mid_season,loamy,20.59,0
72.18,23.13,40.24,5.4,late,loamy,13.65,0
61.56,26.47,42.04,2.43,development,sandy,11.9,0
41.59,16.88,75.95,3.64,development,loamy,1.17,0
44.72,26.1,45.95,2.5,mid_season,loamy,13.87,0
57.59,17.13,67.78,3.52,late,clay,1.34,0
93.95,27.4,71.93,4.19,mid_season,clay,16.07,0
63.26,15.39,66.94,4.97,development,sandy,10.33,0
42.78,15.43,65.89,2.86,development,sandy,14.53,0
45.07,29.05,85.79,0,initial,loamy,0,0
66.42,20.39,70.29,4.43,mid_season,clay,15.62,0
52.21,20.6,84.17,0,development,clay,0,0
43.38,27.16,66.26,2.61,development,sandy,5.26,0
43.88,14.4,61.1,5.4,late,clay,11.4,0
46.4,18.96,83.39,2.91,late,clay,19.66,0
87.89,26.71,75.81,5.29,mid_season,loamy,21.98,0
71.22,25.29,60.63,5.97,development,clay,8.61,0
75.63,19.55,86.13,0,development,sandy,0,0
70.07,20.22,46.35,2.6,initial,clay,13.33,0
64.8,16.8,80.78,2.92,late,sandy,10.45,0
30.61,14.63,54.42,3.62,development,clay,4.46,0
67.6,28.31,61.04,5.07,late,loamy,14.35,0
38.01,18.24,82.71,4.98,initial,loamy,2.57,0
74.64,13.81,74.94,1.74,mid_season,loamy,15.7,0
74.25,21.19,79.21,4.82,development,clay,8.71,0
70.48,20.04,74.82,5.85,development,sandy,10.04,0
75.17,17.37,46.76,0,initial,sandy,0,0
49.48,29.59,49.64,4.68,late,loamy,14.92,0
43.07,19.81,72.3,0,development,sandy,0,1
25.46,15.04,55.01,3.77,mid_season,sandy,3.21,0
55.0,18.7,55.3,3.63,development,loamy,19.66,0
64.98,25.43,87.08,4.98,mid_season,loamy,10.91,0
50.24,15.82,53.48,4.15,late,sandy,0.39,0
13.32,13.7,65.63,0,mid_season,loamy,0,1
73.14,23.55,89.26,5.18,initial,clay,19.91,0
61.81,13.15,84.27,6.1,development,sandy,1.3,0
46.38,15.46,82.32,1.92,development,loamy,12.86,0
48.89,13.35,54.64,4.3,initial,sandy,2.07,0
44.79,21.16,52.58,0,late,clay,0,1
38.34,18.94,83.47,5.93,late,loamy,15.43,0
29.63,13.94,43.56,3.35,initial,clay,1.4,0
61.34,13.82,41.2,0,initial,sandy,0,0
41.15,25.02,52.07,4.73,late,sandy,16.75,0
64.32,21.95,83.38,4.24,initial,clay,1.32,0
93.2,22.33,77.76,6.32,late,clay,10.72,0
47.1,23.94,41.13,2.25,initial,sandy,12.59,0
58.03,16.92,63.07,0,development,sandy,0,1
79.42,24.61,88.6,4.75,late,sandy,19.96,0
57.78,14.55,68.07,2.12,development,loamy,4.38,0
13.94,23.6,71.59,4.23,late,clay,15.8,0
62.36,22.92,86.46,5.07,initial,sandy,4.1,0
69.15,28.95,48.36,3.77,mid_season,clay,2.67,0
57.3,24.69,56.37,4.73,development,sandy,9.91,0
24.02,18.61,67.1,2.03,mid_season,clay,20.59,0
33.04,16.41,42.76,6.29,mid_season,loamy,12.97,0
73.23,26.78,74.93,0,initial,clay,0,0
42.84,25.84,81.56,5.0,development,loamy,13.93,0
80.94,20.14,57.57,3.98,development,loamy,0.92,0
26.78,18.44,48.56,4.92,mid_season,sandy,1.68,0
7.39,22.43,56.74,4.56,development,sandy,23.15,0
68.07,19.18,66.59,4.23,mid_season,clay,10.03,0
57.17,12.31,42.67,2.62,initial,clay,2.28,0
33.46,13.51,44.99,3.64,late,loamy,10.5,0
39.81,20.77,83.41,0,initial,loamy,0,0
24.8,15.89,56.17,4.81,development,sandy,9.56,0
57.0,14.5,40.88,4.29,mid_season,sandy,5.33,0
66.4,27.22,79.62,1.77,mid_season,sandy,4.86,0
79.67,20.46,64.04,3.76,late,loamy,1.37,0
54.43,18.66,87.83,2.3,late,sandy,10.89,0
52.5,12.22,63.91,3.34,mid_season,loamy,27.39,0
76.45,22.75,77.0,4.19,late,sandy,8.56,0
65.62,19.48,79.43,3.17,initial,loamy,6.62,0
65.01,16.79,56.58,3.8,late,loamy,14.6,0
54.72,24.86,79.8,4.52,late,clay,9.7,0
56.81,22.06,78.97,4.55,mid_season,sandy,19.67,0
75.56,13.39,77.23,3.73,mid_season,loamy,18.02,0
78.16,16.02,81.57,3.07,late,loamy,2.23,0
67.95,19.17,73.36,0,mid_season,clay,0,0
58.76,13.94,54.29,2.4,mid_season,clay,5.18,0
62.75,18.83,88.7,0,development,sandy,0,0
39.78,16.86,45.01,3.57,development,sandy,16.45,0
58.16,16.59,73.71,3.14,development,sandy,12.6,0
70.95,19.09,67.07,2.63,initial,clay,1.81,0
48.11,13.24,83.89,3.14,development,loamy,0.13,0
52.09,17.34,66.63,5.52,late,loamy,6.88,0
57.65,27.1,88.51,5.75,mid_season,clay,13.21,0
80.73,16.81,41.57,5.28,initial,sandy,1.51,0
61.9,13.81,40.73,3.19,development,clay,17.07,0
68.82,17.1,46.86,6.35,late,loamy,11.95,0
48.54,28.55,48.02,2.82,mid_season,sandy,6.27,0
64.63,15.35,50.93,5.33,late,loamy,24.74,0
69.94,26.88,52.37,3.29,development,sandy,1.31,0
58.77,29.85,41.57,4.67,late,sandy,16.43,0
58.81,18.08,48.86,3.23,late,loamy,10.48,0
45.7,20.98,87.24,4.07,development,loamy,16.52,0
79.57,19.24,71.57,2.79,development,loamy,0.0,0
88.88,14.46,45.04,4.34,initial,clay,13.07,0
36.73,15.83,46.88,5.01,mid_season,loamy,13.46,0
92.01,19.82,64.75,4.82,mid_season,loamy,12.9,0
43.5,20.76,75.33,4.92,mid_season,sandy,5.49,0
50.02,28.01,48.84,2.54,mid_season,clay,16.66,0
68.71,13.82,52.2,3.22,mid_season,loamy,19.47,0
62.04,27.27,62.64,6.01,late,loamy,21.29,0
43.09,12.48,52.22,4.6,mid_season,sandy,22.12,0
61.76,29.02,70.6,5.04,mid_season,clay,17.54,0
56.14,29.23,57.16,3.46,initial,clay,3.33,0
55.43,13.01,66.33,2.84,initial,loamy,19.53,0
65.43,18.48,60.96,4.39,mid_season,sandy,22.6,0
59.61,17.14,57.86,0,late,loamy,0,0
74.99,23.55,70.67,3.16,late,sandy,9.2,0
61.3,23.29,40.87,5.51,late,loamy,18.38,0
61.1,29.76,77.41,0,initial,sandy,0,0
45.7,24.22,55.3,4.48,late,loamy,17.05,0
47.41,27.87,44.89,5.64,mid_season,loamy,6.92,0
21.85,28.81,66.87,4.15,late,clay,19.29,0
27.11,26.61,69.58,3.17,initial,sandy,1.88,0
36.23,15.85,80.84,2.31,initial,sandy,10.0,0
58.35,14.32,44.44,3.69,initial,clay,2.11,0
58.43,18.89,79.93,2.44,mid_season,sandy,11.84,0
44.25,15.59,77.3,4.55,mid_season,loamy,3.28,0
46.99,25.43,67.74,2.62,development,clay,8.2,0
68.94,18.5,41.73,5.26,development,loamy,4.83,0
19.33,23.52,45.51,2.74,mid_season,clay,9.48,0
52.75,19.73,61.9,3.8,mid_season,clay,8.9,0
50.86,20.98,51.95,5.18,initial,clay,13.98,0
42.61,28.2,58.92,5.58,late,sandy,13.78,0
56.97,22.78,81.81,6.03,development,sandy,7.19,0
57.33,24.28,62.71,5.16,late,sandy,11.69,0
21.68,23.79,54.49,4.73,late,clay,1.58,0
48.2,22.56,71.71,2.24,mid_season,clay,14.12,0
47.22,17.95,56.36,5.91,mid_season,loamy,11.13,0
58.92,15.28,67.08,3.04,development,sandy,1.64,0
64.35,25.94,84.08,1.84,late,sandy,22.41,0
51.79,29.33,42.53,5.43,mid_season,clay,15.7,0
51.17,17.44,84.19,7.04,mid_season,sandy,3.57,0
63.29,12.43,84.05,4.54,mid_season,clay,15.61,0
64.83,16.02,51.01,4.82,initial,sandy,11.3,0
69.36,24.43,42.44,4.62,mid_season,sandy,8.87,0
10.13,29.63,55.84,0,initial,loamy,0,0
16.39,12.89,68.52,4.77,initial,clay,19.16,0
41.86,18.95,81.91,0,initial,clay,0,0
35.32,19.85,63.79,3.65,development,sandy,3.68,0
65.73,21.31,70.28,2.59,development,sandy,2.15,0
54.92,16.74,45.2,5.44,mid_season,clay,5.37,0
25.66,18.04,83.83,4.88,late,loamy,9.41,0
56.19,16.71,76.53,3.19,mid_season,sandy,3.6,0
64.86,13.66,83.14,5.08,mid_season,sandy,0.31,0
62.71,27.46,68.06,0,initial,loamy,0,0
73.59,15.34,83.05,4.75,mid_season,clay,15.72,0
75.85,25.81,60.68,4.86,initial,loamy,6.22,0
47.22,20.3,68.26,3.26,late,sandy,7.7,0
59.29,14.03,59.7,5.84,late,sandy,13.71,0
38.94,22.32,76.5,5.12,initial,loamy,9.08,0
88.82,21.96,67.02,3.33,development,clay,6.0,0
81.68,19.08,55.35,4.55,mid_season,loamy,11.54,0
57.03,26.09,47.56,4.32,initial,clay,21.48,0
41.31,15.99,69.39,4.84,late,loamy,11.13,0
64.69,16.67,46.76,2.92,initial,loamy,3.35,0
80.48,18.02,75.4,0,late,clay,0,0
94.71,21.7,88.27,5.62,initial,loamy,7.26,0
45.35,18.91,73.76,3.72,late,sandy,7.96,0
70.38,14.42,43.77,4.4,development,loamy,5.03,0
57.87,14.92,80.67,5.05,mid_season,clay,16.29,0
31.25,23.0,45.93,0,initial,sandy,0,0
46.04,23.17,75.88,2.82,mid_season,loamy,16.46,0
34.21,24.11,63.67,5.1,initial,clay,15.66,0
49.97,15.32,66.51,0,late,sandy,0,1
45.79,13.87,78.64,3.96,mid_season,loamy,5.92,0
44.82,16.96,60.36,3.45,mid_season,clay,13.51,0
74.74,24.48,69.3,3.64,development,loamy,8.32,0
66.69,15.59,48.8,4.17,late,loamy,11.35,0
85.68,28.08,77.66,3.94,late,loamy,4.25,0
6.87,25.17,40.62,5.78,development,sandy,9.38,0
28.11,26.36,64.16,2.98,development,loamy,1.73,0
35.4,27.02,84.63,6.17,late,clay,6.29,0
51.52,26.56,80.83,3.96,mid_season,clay,27.85,0
56.9,22.17,69.03,2.26,initial,clay,1.27,0
44.68,16.53,72.16,3.66,mid_season,loamy,20.04,0
79.62,19.19,53.61,3.72,mid_season,sandy,11.65,0
79.65,24.19,57.76,5.57,development,sandy,7.85,0
59.46,15.75,49.49,0,initial,loamy,0,0
31.73,18.07,67.42,2.67,late,loamy,17.75,0
41.79,17.95,83.12,3.8,initial,sandy,15.58,0
41.82,21.36,87.21,0,initial,sandy,0,0
23.32,17.02,58.91,4.66,mid_season,loamy,24.83,0
81.59,29.4,68.66,3.09,initial,loamy,1.81,0
38.33,16.96,52.12,2.77,development,clay,20.43,0
44.41,21.48,51.24,1.68,late,clay,20.17,0
64.63,15.61,74.1,0,development,sandy,0,0
66.96,14.2,43.27,3.35,mid_season,clay,3.98,0
49.22,23.92,73.84,2.23,mid_season,sandy,8.27,0
37.9,15.29,82.18,4.68,mid_season,sandy,16.26,0
59.54,14.79,48.12,4.78,development,clay,4.59,0
59.13,23.58,62.43,0,initial,clay,0,0
73.85,25.55,58.13,3.48,mid_season,sandy,22.93,0
41.3,21.53,56.63,0,initial,sandy,0,0
80.06,16.85,43.75,4.69,mid_season,clay,9.01,0
55.61,25.75,52.5,2.84,late,clay,4.97,0
35.26,16.46,42.17,3.83,initial,loamy,11.3,0
57.75,29.45,64.91,2.87,development,clay,9.34,0
58.89,14.8,64.63,5.15,late,sandy,17.66,0
81.42,16.81,48.23,3.28,initial,loamy,2.02,0
53.44,18.18,77.06,4.78,late,sandy,10.65,0
44.56,14.77,69.23,3.4,mid_season,sandy,9.22,0
59.07,14.64,62.82,3.81,late,clay,7.04,0
73.57,23.22,63.23,0,late,sandy,0,0
76.67,29.04,76.08,2.52,development,sandy,9.72,0
67.25,29.36,75.23,3.82,initial,loamy,10.33,0
62.22,23.23,63.52,5.38,late,clay,0.33,0
32.06,29.87,66.24,3.52,development,loamy,2.14,0
63.81,22.09,78.94,0,initial,loamy,0,0
14.68,25.11,53.77,0,development,loamy,0,1
43.11,14.09,85.04,2.07,initial,loamy,8.68,0
56.71,13.7,49.11,5.21,mid_season,sandy,2.45,0
93.3,27.13,89.45,3.24,development,clay,12.44,0
62.35,29.61,46.55,3.85,mid_season,loamy,13.95,0
61.44,21.28,81.32,3.51,mid_season,loamy,20.19,0
52.43,29.03,40.38,4.83,initial,clay,4.81,0
76.7,29.32,63.54,3.13,mid_season,loamy,2.31,0
53.98,25.91,56.1,0,late,sandy,0,1
40.52,20.53,89.58,2.39,initial,loamy,1.51,0
42.73,15.71,75.37,3.26,development,clay,2.23,0
34.37,21.7,89.36,3.29,late,clay,12.13,0
50.22,29.29,87.23,4.0,late,loamy,12.92,0
69.7,12.59,67.49,5.63,mid_season,clay,6.63,0
95,16.45,83.59,6.65,mid_season,sandy,9.17,0
61.56,20.31,42.47,0,late,clay,0,0
52.3,26.81,43.4,4.45,mid_season,clay,10.58,0
60.84,13.79,74.23,4.96,development,clay,11.0,0
89.33,27.76,51.96,4.15,late,loamy,19.01,0
42.88,22.06,52.53,4.74,development,clay,16.75,0
54.85,21.81,84.34,2.92,development,loamy,4.32,0
61.81,17.42,45.34,0,initial,loamy,0,0
35.72,23.04,65.07,0,initial,clay,0,0
70.6,12.24,69.16,6.13,late,clay,12.87,0
48.06,21.02,55.92,4.76,late,sandy,8.89,0
49.73,27.51,60.04,5.45,development,loamy,18.07,0
62.85,17.71,77.89,4.73,development,loamy,9.43,0
95,28.57,55.5,0,development,sandy,0,0
7.73,18.21,62.06,5.35,mid_season,sandy,12.12,0
36.32,25.1,76.87,3.78,development,sandy,5.31,0
79.17,18.78,71.97,0,late,sandy,0,0
47.73,21.21,61.29,4.36,development,loamy,4.07,0
53.59,26.03,61.02,0,initial,sandy,0,0
53.51,16.61,58.73,4.06,mid_season,sandy,10.78,0
40.69,20.0,62.05,3.28,late,loamy,1.76,0
74.04,24.88,48.64,2.21,development,clay,16.71,0
29.41,26.31,41.2,3.99,development,loamy,19.89,0
49.4,22.59,63.76,3.79,initial,clay,16.93,0
62.65,14.78,46.28,2.93,late,sandy,12.27,0
49.48,20.61,44.0,3.51,development,sandy,3.36,0
93.11,13.76,55.01,0,initial,sandy,0,0
31.48,27.34,66.44,2.92,development,loamy,6.08,0
45.78,29.47,70.59,4.69,development,loamy,2.67,0
29.66,17.65,76.18,4.76,late,loamy,7.62,0
46.49,14.54,59.82,0,late,loamy,0,1
63.04,13.69,81.31,4.56,development,loamy,8.59,0
29.37,23.11,73.32,0,late,loamy,0,1
65.77,27.59,45.44,2.71,initial,clay,4.73,0
62.76,15.66,86.09,3.54,late,loamy,9.87,0
79.67,19.44,80.79,0,development,loamy,0,0
54.58,18.69,57.8,0,development,clay,0,0
16.13,21.89,50.36,4.83,mid_season,sandy,18.49,0
60.99,19.12,77.89,3.88,initial,loamy,3.69,0
32.36,25.33,45.99,2.68,mid_season,loamy,11.1,0
91.02,24.63,87.42,4.18,development,sandy,1.31,0
46.47,24.31,43.37,3.23,mid_season,sandy,9.04,0
31.14,29.98,68.64,3.38,late,clay,17.12,0
73.07,24.44,83.67,5.71,mid_season,sandy,14.35,0
57.28,16.99,42.84,5.08,development,clay,5.21,0
64.11,14.71,42.75,4.48,mid_season,sandy,8.76,0
53.26,14.22,66.45,5.12,initial,clay,1.43,0
67.67,26.14,69.29,6.34,development,clay,1.81,0
56.62,14.76,64.87,2.83,mid_season,loamy,22.87,0
42.63,19.19,68.62,3.81,initial,clay,6.35,0
73.72,23.52,78.73,3.89,initial,clay,8.25,0
80.36,15.34,47.35,2.93,late,clay,4.57,0
53.7,28.78,80.77,4.07,late,clay,8.97,0
84.16,13.18,75.6,3.49,mid_season,loamy,5.32,0
44.67,19.92,72.44,0,development,loamy,0,1
70.73,16.2,85.77,0,late,sandy,0,0
78.43,22.07,85.19,1.84,initial,clay,12.78,0
59.13,27.04,48.77,3.46,initial,loamy,6.35,0
70.66,21.64,47.41,2.38,initial,sandy,7.98,0
51.71,29.59,81.58,3.66,mid_season,sandy,20.41,0
95,28.95,89.63,3.09,development,clay,13.51,0
73.3,13.37,65.22,4.27,late,sandy,9.01,0
61.59,14.12,55.17,6.1,development,loamy,3.48,0
67.87,21.89,84.41,0,development,loamy,0,0
34.79,29.76,79.96,4.38,mid_season,clay,12.62,0
54.74,16.65,60.23,2.93,initial,sandy,11.93,0
58.83,16.51,70.49,4.95,mid_season,clay,21.91,0
66.37,16.21,64.3,3.63,initial,sandy,14.04,0
24.85,25.94,86.21,4.29,late,sandy,9.64,0
54.99,24.87,58.93,3.48,late,loamy,9.33,0
40.92,27.38,86.48,5.49,development,clay,3.87,0
58.31,16.3,53.52,2.86,late,sandy,5.17,0
54.01,23.83,58.88,0,development,loamy,0,0
70.01,24.12,79.54,3.28,initial,clay,13.29,0
51.42,25.49,87.89,2.41,mid_season,loamy,19.32,0
35.21,12.67,45.94,0,mid_season,sandy,0,1
30.75,18.5,43.28,3.95,initial,sandy,6.6,0
45.85,22.17,79.81,6.0,late,clay,11.75,0
65.63,24.67,43.72,3.35,initial,clay,0.7,0
52.67,23.72,56.47,4.31,late,sandy,14.11,0
59.87,27.95,70.92,1.55,mid_season,loamy,17.05,0
23.2,19.4,46.33,5.01,development,sandy,2.76,0
56.17,15.07,85.93,3.42,development,clay,14.58,0
58.08,26.55,48.19,4.2,initial,clay,19.4,0
39.23,14.64,54.49,1.61,late,sandy,19.87,0
46.87,12.77,68.98,4.35,initial,clay,5.84,0
73.86,25.36,56.54,0,development,sandy,0,0
45.9,24.39,84.36,0,development,sandy,0,1
47.46,17.28,41.3,2.76,late,sandy,4.92,0
69.42,13.98,80.36,4.53,late,loamy,16.41,0
36.87,20.42,68.07,3.94,late,clay,6.2,0
41.9,20.74,71.44,4.23,initial,clay,4.15,0
33.68,17.8,62.43,3.97,mid_season,clay,13.26,0
45.6,13.49,62.33,0,late,loamy,0,1
18.8,20.01,83.4,3.29,late,clay,13.18,0
52.98,19.42,77.78,4.78,mid_season,sandy,18.18,0
34.3,19.99,89.37,3.69,late,loamy,15.22,0
72.41,12.27,68.69,3.58,late,loamy,15.17,0
50.54,17.48,47.31,4.05,development,loamy,12.54,0
51.65,25.17,49.32,2.05,late,clay,6.89,0
36.78,25.25,76.02,0,mid_season,sandy,0,1
67.38,18.31,50.34,4.2,late,sandy,1.53,0
38.3,17.2,52.27,3.39,development,clay,1.02,0
44.69,28.89,82.52,4.22,initial,clay,19.97,0
36.58,27.62,75.04,4.33,late,clay,18.53,0
51.57,15.9,54.16,1.93,mid_season,sandy,12.13,0
67.98,13.76,57.49,3.15,late,loamy,11.68,0
48.51,18.31,80.84,4.04,initial,loamy,6.53,0
49.28,19.3,74.24,2.39,late,clay,7.21,0
41.88,24.54,41.38,2.77,mid_season,loamy,10.93,0
13.11,16.29,53.72,0,mid_season,clay,0,1
44.12,22.47,52.53,0,initial,sandy,0,0
43.72,27.01,85.53,0,initial,clay,0,0
66.11,23.09,55.75,4.61,mid_season,clay,19.82,0
43.94,25.89,66.23,5.04,mid_season,sandy,13.71,0
77.98,15.52,76.88,5.35,initial,clay,4.23,0
36.56,12.62,72.69,4.34,development,sandy,2.1,0
42.63,23.94,51.3,4.49,initial,loamy,5.96,0
41.03,24.28,88.93,3.13,initial,clay,12.65,0
67.19,28.78,62.3,3.11,development,clay,3.64,0
73.55,17.41,53.45,4.5,initial,clay,5.51,0
78.51,26.49,79.1,4.73,development,loamy,16.49,0
44.37,21.37,82.82,3.37,initial,clay,3.96,0
74.17,19.24,67.54,5.02,development,sandy,12.92,0
40.01,16.3,52.32,3.92,initial,loamy,1.09,0
41.32,22.14,55.5,3.07,late,loamy,6.28,0
44.8,17.21,83.19,4.56,late,loamy,13.6,0
60.14,13.59,55.68,4.65,initial,clay,18.05,0
47.68,25.7,69.12,0,initial,loamy,0,0
44.17,15.77,78.19,0,mid_season,sandy,0,1
17.06,17.14,76.06,3.97,initial,clay,10.83,0
39.86,28.49,58.6,2.97,late,clay,8.9,0
40.31,29.49,69.58,0,initial,loamy,0,0
44.4,16.4,48.02,4.79,late,sandy,1.57,0
48.82,26.83,69.78,2.61,late,loamy,2.41,0
55.55,27.06,78.02,3.0,late,loamy,9.35,0
89.18,19.84,74.94,3.38,initial,clay,9.04,0
46.33,12.75,66.44,0,initial,sandy,0,0
55.1,29.86,76.81,2.41,development,sandy,8.0,0
33.03,19.36,75.95,2.55,development,sandy,6.71,0
51.69,27.5,53.72,5.6,development,clay,11.98,0
65.3,18.74,70.39,4.82,initial,sandy,6.44,0
54.84,25.06,77.1,0,development,sandy,0,1
95,25.01,55.75,4.22,mid_season,clay,20.76,0
50.56,12.16,76.12,4.47,mid_season,clay,20.62,0
75.62,27.25,47.41,3.09,mid_season,sandy,20.29,0
66.6,12.52,54.92,7.2,late,loamy,0.55,0
54.42,15.92,89.57,4.38,late,sandy,15.28,0
47.74,13.53,75.16,4.43,development,clay,3.5,0
34.23,23.62,73.85,1.09,development,clay,3.64,0
41.3,28.52,82.69,4.37,development,loamy,20.09,0
60.05,23.78,52.91,2.52,development,sandy,2.63,0
34.62,24.55,48.92,2.09,development,loamy,11.94,0
63.8,25.86,83.34,0,initial,sandy,0,0
95,23.93,70.06,3.23,development,loamy,6.75,0
43.68,15.99,86.73,3.98,initial,sandy,5.68,0
43.65,17.02,68.87,3.11,initial,loamy,24.22,0
58.93,20.74,46.85,3.99,mid_season,sandy,22.69,0
63.27,26.9,40.27,3.79,mid_season,loamy,3.58,0
40.01,29.92,52.92,2.33,mid_season,clay,25.4,0
66.28,15.98,87.18,0,initial,sandy,0,0
52.26,23.95,44.43,4.87,late,loamy,5.69,0
32.95,28.43,79.25,5.02,initial,clay,8.15,0
52.65,21.52,45.38,4.49,initial,loamy,4.3,0
32.58,24.0,45.52,2.0,mid_season,loamy,10.34,0
32.94,13.33,62.95,5.68,mid_season,loamy,9.14,0
48.15,20.97,83.8,2.91,mid_season,loamy,23.37,0
54.32,14.88,65.5,3.15,mid_season,loamy,4.37,0
29.2,21.35,70.19,4.42,late,loamy,3.41,0
52.23,19.1,78.71,6.5,mid_season,sandy,24.32,0
54.04,23.22,58.77,1.17,late,clay,4.58,0
51.56,20.78,88.38,3.18,initial,clay,0.83,0
46.5,23.63,60.55,5.76,initial,clay,3.09,0
14.91,15.74,55.03,3.63,initial,sandy,2.85,0
27.91,21.05,40.99,1.73,development,loamy,6.18,0
45.93,21.11,59.7,6.78,development,loamy,13.05,0
50.24,22.52,72.92,0,initial,loamy,0,0
83.21,15.48,42.26,6.46,development,loamy,5.41,0
44.94,29.78,80.33,4.65,initial,sandy,11.34,0
64.38,25.47,74.41,4.61,development,loamy,0.16,0
13.26,25.07,67.12,4.92,late,loamy,7.63,0
49.43,22.71,65.84,4.06,late,sandy,4.08,0
74.05,22.19,69.6,4.98,development,sandy,11.27,0
29.65,27.13,74.94,4.78,mid_season,clay,8.34,0
22.34,20.03,84.58,4.29,mid_season,loamy,7.91,0
48.28,25.31,73.76,5.91,late,loamy,6.58,0
38.17,19.19,76.81,3.01,initial,sandy,12.63,0
27.14,23.56,78.8,0,development,loamy,0,1
86.65,18.31,61.42,3.7,initial,clay,19.6,0
37.85,18.58,82.2,4.37,mid_season,sandy,14.28,0
32.76,19.38,63.43,4.72,initial,clay,18.03,0
71.83,12.28,89.8,4.87,mid_season,loamy,19.55,0
70.58,22.96,63.52,4.86,mid_season,loamy,8.48,0
39.54,28.97,48.97,3.24,late,sandy,1.69,0
59.0,29.94,65.92,4.11,mid_season,loamy,7.44,0
42.4,19.46,49.56,4.49,mid_season,loamy,16.57,0
57.04,24.96,51.56,3.91,mid_season,sandy,11.88,0
52.05,17.03,61.73,1.88,late,loamy,5.69,0
77.42,24.27,83.93,4.04,mid_season,loamy,6.11,0
68.12,17.26,81.92,4.13,initial,sandy,6.93,0
90.94,17.04,71.47,3.68,mid_season,sandy,9.24,0
83.43,13.85,56.03,6.87,initial,clay,13.35,0
36.97,28.69,62.61,4.82,development,loamy,8.2,0
57.79,26.74,69.13,4.89,development,clay,10.57,0
80.72,14.8,50.86,4.39,late,loamy,5.91,0
30.72,18.95,80.99,0,late,sandy,0,1
38.25,17.23,40.5,3.44,initial,loamy,11.82,0
48.36,23.24,45.93,0,initial,sandy,0,0
56.24,19.47,72.85,4.33,development,clay,1.9,0
69.39,17.75,59.13,2.59,development,loamy,11.99,0
87.05,26.59,57.0,3.59,late,loamy,10.45,0
65.14,21.21,68.15,3.87,late,loamy,20.94,0
45.13,25.47,56.79,5.09,initial,sandy,8.5,0
57.96,16.7,83.03,0,late,loamy,0,0
31.78,14.0,57.59,3.5,initial,sandy,1.8,0
37.65,17.43,56.1,4.05,late,sandy,15.38,0
70.61,26.85,60.39,4.77,initial,loamy,0.69,0
95,28.85,84.31,4.34,late,clay,4.25,0
48.41,21.91,42.05,3.1,late,clay,14.04,0
57.7,12.62,44.9,4.92,late,clay,0.05,0
18.75,25.87,81.88,3.04,late,clay,20.98,0
36.49,18.13,54.66,2.22,development,loamy,2.64,0
62.72,22.74,76.18,0,initial,sandy,0,0
54.83,26.01,46.75,4.42,development,loamy,1.95,0
53.3,25.46,71.47,3.69,development,clay,24.32,0
49.66,15.07,69.74,2.27,initial,loamy,7.63,0
31.68,21.15,68.02,2.55,late,loamy,14.39,0
61.8,21.65,86.14,3.93,development,sandy,1.45,0
18.77,27.19,55.23,5.25,development,clay,4.57,0
30.24,15.74,78.22,5.21,late,clay,21.84,0
73.22,28.62,43.75,4.1,development,clay,18.76,0
58.92,21.15,57.81,6.24,late,clay,13.67,0
63.62,25.95,62.66,3.04,development,sandy,17.41,0
82.53,22.43,48.11,0,initial,sandy,0,0
61.61,15.49,64.58,4.18,initial,clay,26.08,0
72.86,15.18,53.78,4.18,mid_season,loamy,20.66,0
52.85,21.81,81.22,5.93,initial,loamy,7.13,0
73.54,12.19,55.71,5.5,development,clay,10.65,0
73.81,28.79,78.83,0,initial,loamy,0,0
43.25,16.77,79.99,4.54,late,sandy,5.49,0
60.93,19.33,80.26,4.82,mid_season,loamy,10.07,0
82.95,24.29,56.04,2.81,late,sandy,9.91,0
56.5,29.1,48.44,3.24,mid_season,loamy,11.81,0
47.06,28.88,65.95,6.4,mid_season,loamy,9.96,0
67.17,18.82,76.95,3.28,development,sandy,0.04,0
60.39,25.16,81.44,4.15,mid_season,clay,25.47,0
13.53,13.75,65.1,0,mid_season,clay,0,1
72.45,16.6,88.24,1.93,development,loamy,3.52,0
82.61,27.5,73.82,4.94,late,loamy,14.84,0
53.52,17.96,78.33,3.79,initial,clay,13.39,0
67.8,23.21,79.6,2.94,mid_season,loamy,17.01,0
53.58,21.89,85.58,1.53,development,loamy,15.36,0
49.13,26.26,86.1,2.0,initial,clay,4.86,0
46.91,29.93,75.69,3.91,initial,clay,12.89,0
67.13,17.83,81.67,3.77,development,loamy,0.74,0
44.44,12.95,74.21,5.59,initial,sandy,3.88,0
44.12,23.84,60.62,3.34,late,loamy,1.61,0
69.72,28.25,64.1,0,development,clay,0,0
29.41,19.64,61.79,4.9,initial,sandy,5.15,0
55.76,27.42,54.49,6.96,mid_season,sandy,14.6,0
50.58,18.72,71.13,6.01,development,clay,2.95,0
78.5,16.91,85.67,0,late,sandy,0,0
59.98,21.92,67.31,3.74,late,sandy,2.68,0
65.06,26.08,89.62,2.27,mid_season,clay,13.9,0
63.51,29.94,75.82,4.28,late,loamy,5.64,0
61.1,25.21,67.65,4.45,late,clay,5.66,0
34.51,17.46,52.0,2.35,late,loamy,9.28,0
76.79,27.71,53.89,3.42,development,loamy,13.16,0
79.88,20.13,43.62,5.32,initial,loamy,2.85,0
52.34,14.23,65.64,5.29,late,sandy,11.19,0
69.44,27.48,61.32,4.34,development,clay,19.13,0
57.6,13.41,74.27,3.09,development,clay,3.55,0
63.67,28.99,52.41,4.74,initial,clay,6.4,0
26.06,20.57,54.2,4.9,mid_season,clay,0.79,0
56.53,16.05,71.09,4.59,late,loamy,10.38,0
47.55,28.58,41.98,4.97,mid_season,clay,7.18,0
54.03,15.34,48.41,3.93,initial,clay,0.0,0
34.55,23.21,80.18,2.48,initial,sandy,10.21,0
60.12,23.07,64.39,2.93,mid_season,clay,12.37,0
65.49,18.12,80.5,0,development,loamy,0,0
60.7,17.78,54.45,3.76,late,clay,10.89,0
41.2,22.18,53.18,1.81,development,clay,6.81,0
92.05,18.88,61.55,0,late,sandy,0,0
37.03,28.69,86.45,0,initial,sandy,0,0
37.02,21.26,77.44,3.67,late,loamy,18.23,0
57.34,20.75,63.17,0,development,clay,0,0
58.97,16.17,76.19,0,development,sandy,0,1
32.85,24.77,66.4,3.68,initial,clay,2.87,0
60.25,21.66,55.82,4.51,mid_season,sandy,10.19,0
56.87,19.97,67.28,0,development,sandy,0,1
53.13,20.48,78.77,4.47,mid_season,clay,13.28,0
66.47,13.43,61.7,2.92,mid_season,clay,15.57,0
52.81,15.52,62.8,2.06,development,sandy,8.4,0
66.96,12.37,80.6,2.98,late,sandy,20.8,0
69.27,16.55,66.48,3.43,late,loamy,9.38,0
57.79,22.86,85.86,0,initial,clay,0,0
64.53,20.3,51.15,4.39,late,clay,0.76,0
88.73,28.61,67.6,4.19,development,loamy,20.12,0
54.04,20.42,43.32,3.81,late,loamy,13.37,0
69.21,27.72,79.43,6.0,late,loamy,14.79,0
28.03,15.98,53.1,2.26,mid_season,clay,16.1,0
82.81,23.94,41.66,4.9,late,clay,2.91,0
42.45,16.72,73.1,4.44,mid_season,clay,12.99,0
68.7,18.34,76.92,4.5,development,sandy,9.24,0
61.84,26.61,74.89,0,development,clay,0,0
69.0,26.88,47.75,2.39,late,clay,8.39,0
43.7,16.46,80.63,2.63,late,loamy,16.22,0
43.0,27.38,89.92,0,development,sandy,0,1
64.44,14.75,48.29,2.85,development,loamy,1.35,0
61.39,28.86,71.34,4.96,late,sandy,9.47,0
5,24.67,45.45,0,mid_season,loamy,0,1
63.57,27.66,75.12,3.15,mid_season,sandy,8.49,0
57.25,29.1,75.36,3.32,development,sandy,8.34,0
71.24,20.05,47.37,4.89,initial,clay,6.39,0
18.0,16.74,50.91,0,initial,clay,0,0
82.65,27.51,72.31,4.57,late,clay,5.7,0
36.77,21.7,84.52,3.9,mid_season,clay,20.63,0
66.77,29.71,85.49,2.46,mid_season,loamy,5.74,0
57.85,15.9,75.23,2.51,late,loamy,8.38,0
64.79,24.69,45.75,2.22,development,loamy,7.83,0
49.44,23.71,83.64,4.81,development,clay,14.41,0
41.67,17.1,69.6,3.58,mid_season,clay,0.56,0
66.26,27.2,45.04,2.03,mid_season,loamy,16.9,0
55.46,26.34,50.33,2.32,development,loamy,9.78,0
45.26,12.67,48.0,2.42,development,sandy,5.71,0
61.54,19.67,47.96,3.54,development,sandy,8.52,0
35.04,25.36,41.76,4.97,development,sandy,6.52,0
44.14,22.7,65.1,3.5,mid_season,loamy,6.97,0
43.0,26.72,57.16,0,initial,clay,0,0
53.16,14.77,85.7,4.16,development,loamy,10.41,0
41.44,22.83,68.54,0,late,sandy,0,1
71.19,15.27,63.66,3.68,initial,clay,14.72,0
44.73,16.2,89.43,3.5,mid_season,clay,20.28,0
76.33,29.39,50.34,4.68,late,clay,2.99,0
47.61,13.76,42.43,4.03,mid_season,clay,2.34,0
71.93,19.18,43.11,0,initial,loamy,0,0
33.34,26.28,72.9,4.31,late,sandy,13.85,0
50.67,24.87,43.82,4.43,development,clay,7.46,0
68.77,15.63,69.1,2.73,late,clay,20.18,0
34.73,17.12,57.8,3.15,initial,clay,4.52,0
37.01,26.27,59.66,0,initial,clay,0,0
39.93,28.77,73.2,0,initial,sandy,0,0
41.18,15.0,41.29,6.66,late,clay,16.13,0
88.24,27.63,58.95,3.36,late,sandy,25.4,0
54.71,15.63,80.5,0,initial,clay,0,0
63.28,14.15,58.9,5.61,late,sandy,4.38,0
37.15,19.48,45.85,5.17,development,loamy,12.94,0
64.27,14.79,58.53,2.57,development,loamy,12.62,0
67.14,14.46,88.33,2.36,mid_season,clay,16.42,0
31.25,18.36,84.87,3.21,mid_season,sandy,19.19,0
61.13,21.57,76.9,2.57,initial,clay,12.88,0
48.93,21.19,89.05,5.33,development,sandy,4.85,0
66.85,26.95,61.2,2.85,late,clay,5.98,0
82.86,27.68,77.29,3.41,mid_season,clay,9.02,0
63.33,28.34,74.29,3.73,mid_season,clay,12.86,0
79.77,23.57,78.6,2.17,development,sandy,3.75,0
25.36,27.84,77.18,3.74,late,sandy,8.83,0
76.79,15.79,57.43,3.57,initial,loamy,15.96,0
79.1,25.69,56.35,3.33,mid_season,sandy,8.34,0
58.59,28.86,57.73,3.66,mid_season,clay,13.52,0
65.35,24.5,80.94,2.99,mid_season,clay,20.56,0
39.15,17.83,68.08,3.64,mid_season,loamy,9.61,0
36.98,26.99,62.5,3.78,development,sandy,1.54,0
59.04,20.89,76.91,4.67,development,sandy,18.28,0
76.39,14.69,68.01,4.07,development,clay,19.1,0
78.24,24.72,58.19,3.33,initial,clay,12.55,0
74.47,14.7,51.22,3.08,late,loamy,12.99,0
62.29,15.97,72.5,2.62,initial,clay,6.38,0
27.3,15.62,40.35,3.25,late,loamy,12.03,0
42.24,29.07,85.0,2.4,development,loamy,18.51,0
57.85,19.94,50.3,0,late,sandy,0,1
78.99,13.55,47.61,0,initial,clay,0,0
56.6,15.82,40.28,5.78,initial,sandy,0.17,0
44.97,28.8,52.76,3.42,development,clay,1.69,0
72.14,21.16,71.8,0,late,clay,0,0
62.19,24.04,78.5,4.13,late,loamy,14.22,0
48.54,27.76,71.17,0,mid_season,loamy,0,1
73.59,18.4,89.06,2.29,mid_season,loamy,4.48,0
35.72,24.18,66.34,4.02,mid_season,clay,9.23,0
68.9,24.34,54.71,3.53,mid_season,clay,9.0,0
46.35,21.69,88.78,4.73,development,clay,3.97,0
64.03,26.67,78.53,4.59,initial,clay,6.27,0
29.51,21.57,69.03,5.07,initial,loamy,1.29,0
60.93,24.6,82.61,4.82,late,clay,2.3,0
67.67,19.61,76.64,4.14,late,loamy,13.62,0
70.14,18.2,61.17,2.95,development,loamy,17.75,0
58.14,13.0,88.9,3.48,development,loamy,8.02,0
45.14,16.96,65.44,3.36,development,sandy,10.03,0
29.16,24.34,46.4,1.67,development,clay,1.91,0
55.07,23.48,54.84,4.78,initial,clay,5.68,0
78.06,27.18,81.27,3.76,mid_season,loamy,13.17,0
5,14.67,43.88,3.38,initial,loamy,5.46,0
39.76,27.97,41.15,3.02,development,loamy,11.04,0
75.72,19.68,66.5,3.55,initial,loamy,9.58,0
52.67,20.85,79.89,3.1,mid_season,loamy,17.1,0
52.7,29.33,55.77,5.85,late,clay,4.16,0
36.72,24.08,66.28,5.04,mid_season,clay,9.73,0
67.37,20.52,68.33,3.58,mid_season,sandy,12.66,0
41.69,16.67,73.99,3.97,initial,sandy,2.73,0
67.26,21.29,72.23,5.94,late,loamy,14.27,0
45.66,29.69,69.29,3.65,initial,loamy,10.85,0
54.35,13.72,51.77,4.45,mid_season,loamy,17.09,0
34.86,17.72,75.15,4.9,late,sandy,2.24,0
31.08,29.5,67.81,4.11,initial,sandy,2.21,0
44.18,28.06,77.4,0,initial,loamy,0,0
40.06,13.48,61.71,4.09,development,loamy,5.83,0
47.26,22.09,43.41,2.4,initial,sandy,1.56,0
54.13,22.19,87.78,0,initial,sandy,0,0
38.99,22.65,87.31,3.84,late,clay,4.49,0
32.24,25.58,52.88,3.45,late,clay,13.46,0
45.73,29.9,58.28,5.61,late,loamy,14.25,0
50.19,24.42,88.82,5.97,late,clay,12.71,0
46.65,27.23,60.15,3.75,development,clay,0.45,0
75.92,19.38,44.25,3.38,initial,sandy,7.37,0
54.83,24.36,72.9,4.62,late,loamy,10.53,0
66.98,15.14,85.42,3.96,mid_season,loamy,13.05,0
23.3,29.47,76.12,4.48,development,loamy,8.43,0
49.46,20.42,53.99,3.04,mid_season,sandy,18.08,0
50.84,27.02,78.96,4.14,mid_season,sandy,13.57,0
42.22,22.97,55.83,5.82,initial,loamy,12.35,0
80.65,18.51,45.35,3.94,late,loamy,12.49,0
51.3,16.69,63.58,4.4,initial,loamy,6.4,0
60.08,15.45,67.97,0,initial,loamy,0,0
68.7,22.95,47.7,0,initial,loamy,0,0
77.68,21.22,77.41,5.06,mid_season,clay,21.3,0
50.51,22.41,81.45,3.5,mid_season,loamy,5.25,0
14.27,22.83,69.65,3.87,late,loamy,3.47,0
64.81,27.51,46.33,5.14,initial,clay,19.42,0
56.61,22.5,67.01,2.66,initial,sandy,11.25,0
67.7,22.93,48.12,5.14,mid_season,clay,26.68,0
46.95,24.4,79.07,4.11,mid_season,sandy,9.8,0
79.81,16.74,65.32,3.42,development,sandy,1.52,0
27.72,28.94,45.69,6.21,development,sandy,10.91,0
35.02,22.71,48.08,6.0,initial,loamy,0.99,0
71.93,23.89,83.01,0,initial,loamy,0,0
61.93,17.64,85.61,0,initial,sandy,0,0
51.47,15.71,84.46,4.35,mid_season,clay,19.1,0
49.03,13.72,59.48,3.8,initial,loamy,0.45,0
26.54,21.62,57.41,4.83,mid_season,loamy,12.15,0
46.43,29.62,73.25,3.25,development,loamy,14.21,0
61.66,17.94,55.83,2.2,late,clay,5.58,0
58.11,24.73,72.24,4.75,late,loamy,9.23,0
51.64,28.39,79.64,3.39,mid_season,sandy,2.17,0
29.97,14.92,87.96,4.25,late,clay,22.03,0
52.94,16.02,59.07,5.05,mid_season,clay,17.44,0
79.98,25.73,46.77,0,development,loamy,0,0
51.98,15.02,53.3,6.55,initial,sandy,8.6,0
43.66,26.77,66.87,0,late,sandy,0,1
57.75,20.81,41.69,4.85,late,clay,19.76,0
38.91,12.95,77.71,3.85,development,clay,10.62,0
76.81,24.61,42.33,5.88,mid_season,loamy,18.03,0
21.2,29.9,52.51,4.58,development,clay,12.0,0
74.46,21.2,64.31,4.54,development,sandy,1.73,0
69.98,23.01,73.94,5.17,initial,sandy,2.06,0
51.33,20.74,40.24,2.71,mid_season,sandy,5.93,0
65.52,13.34,42.85,2.45,late,loamy,6.83,0
50.29,26.84,72.73,3.71,development,sandy,12.57,0
51.76,17.1,82.41,3.55,mid_season,clay,11.23,0
62.86,26.88,87.68,5.49,development,clay,16.08,0
66.9,23.71,65.38,0,initial,loamy,0,0
76.27,17.56,76.6,4.07,mid_season,loamy,13.37,0
22.25,24.89,55.32,4.92,initial,sandy,1.14,0
72.99,18.34,76.85,6.98,late,sandy,9.0,0
71.12,17.53,45.22,1.69,development,loamy,3.41,0
25.69,13.01,60.14,4.73,late,loamy,11.45,0
79.75,20.53,40.43,4.18,development,clay,17.01,0
44.0,15.49,64.79,1.05,development,clay,13.58,0
68.22,26.77,59.34,3.1,development,loamy,3.25,0
31.13,16.11,60.98,4.53,mid_season,loamy,25.67,0
63.52,16.84,59.57,4.89,development,loamy,15.77,0
79.37,14.44,63.48,4.25,initial,clay,7.12,0
80.72,14.36,68.7,4.04,development,clay,14.37,0
10.1,18.75,49.44,2.4,development,sandy,1.01,0
43.39,19.88,43.69,2.99,mid_season,loamy,19.82,0
36.82,27.17,61.21,4.34,mid_season,sandy,17.33,0
36.08,29.95,51.96,0,initial,clay,0,0
60.88,23.13,87.09,3.32,mid_season,loamy,9.03,0
52.76,19.19,77.08,3.83,late,clay,0.25,0
18.27,17.35,50.47,4.25,development,clay,11.39,0
74.14,20.31,77.12,3.27,late,loamy,11.56,0
60.22,18.16,46.25,3.75,development,sandy,2.46,0
37.92,15.26,49.31,3.65,initial,clay,1.27,0
60.12,20.97,53.65,5.71,initial,sandy,17.3,0
56.94,21.75,65.59,5.18,initial,clay,11.83,0
95,13.13,42.54,4.52,mid_season,sandy,5.0,0
52.34,25.66,52.29,4.2,initial,clay,3.21,0
49.29,12.31,52.72,2.9,development,loamy,16.5,0
79.95,17.37,80.0,5.16,mid_season,sandy,14.76,0
57.03,21.56,77.66,3.3,late,clay,18.57,0
64.06,13.53,54.51,4.17,late,loamy,7.47,0
80.71,12.44,65.48,3.56,mid_season,clay,14.25,0
23.25,25.38,78.69,0,initial,clay,0,0
67.69,13.95,77.01,2.55,late,clay,7.73,0
61.76,13.93,82.21,0,development,sandy,0,0
61.53,23.06,87.15,4.56,development,loamy,26.65,0
57.06,24.27,81.13,0,development,sandy,0,1
63.31,28.73,87.99,4.51,development,sandy,9.23,0
60.08,23.98,42.57,3.97,mid_season,clay,5.84,0
60.51,17.92,78.83,0,development,sandy,0,0
60.37,22.67,42.93,1.7,development,sandy,12.37,0
28.63,16.4,53.87,3.1,development,sandy,12.14,0
75.31,16.24,64.16,4.75,initial,clay,8.46,0
80.93,12.58,74.39,4.71,late,sandy,6.92,0
48.56,20.94,62.67,6.27,late,loamy,10.16,0
57.52,25.48,62.99,5.17,late,clay,11.37,0
43.2,12.53,72.23,0,initial,loamy,0,0
57.47,23.52,67.98,4.4,development,loamy,7.07,0
78.51,21.51,43.43,1.01,initial,sandy,12.62,0
56.51,27.62,62.03,4.12,development,loamy,11.79,0
53.95,18.75,89.26,0,initial,loamy,0,0
75.52,20.32,69.2,2.19,initial,loamy,18.55,0
80.67,27.11,42.22,4.62,initial,loamy,10.7,0
44.27,18.28,83.82,4.34,development,clay,3.95,0
55.08,16.74,66.32,0,late,loamy,0,0
35.39,19.29,78.85,4.42,development,clay,8.97,0
45.53,26.23,62.75,0,initial,loamy,0,0
66.25,17.88,66.42,4.35,initial,clay,3.79,0
28.7,17.77,40.92,0,late,sandy,0,1
44.88,12.91,77.61,3.45,late,loamy,4.21,0
56.21,25.27,84.89,5.93,development,loamy,8.67,0
40.55,21.3,49.1,0,development,clay,0,1
44.43,13.41,66.09,0,development,sandy,0,1
66.3,18.89,41.42,2.97,late,clay,20.57,0
37.82,12.83,56.39,3.12,development,loamy,13.43,0
72.76,25.4,79.61,2.99,development,sandy,6.36,0
65.24,19.18,71.24,4.05,development,clay,19.65,0
69.51,25.09,65.81,2.95,mid_season,clay,11.0,0
60.53,12.29,40.1,2.99,initial,sandy,0.71,0
62.3,18.25,85.82,4.33,initial,clay,4.14,0
20.31,25.01,66.3,3.95,initial,loamy,3.15,0
52.49,12.98,40.48,3.88,late,sandy,4.61,0
70.62,15.56,78.56,3.92,initial,clay,12.9,0
66.07,18.01,75.8,4.65,mid_season,sandy,8.15,0
67.67,27.22,47.92,3.17,initial,sandy,7.38,0
28.34,22.94,60.41,3.34,development,loamy,10.92,0
36.78,27.06,54.39,3.96,mid_season,loamy,15.4,0
42.85,20.79,40.08,2.21,development,loamy,2.24,0
54.04,28.51,81.31,3.4,development,sandy,6.86,0
64.28,17.58,67.8,3.15,mid_season,sandy,6.94,0
54.02,23.34,59.47,4.87,initial,sandy,9.26,0
63.44,21.69,75.31,5.54,development,clay,15.09,0
74.87,14.25,43.04,0,development,sandy,0,0
53.86,12.01,75.96,4.5,late,loamy,11.45,0
79.23,25.25,42.3,0,late,clay,0,0
45.45,22.94,69.67,3.49,initial,clay,5.11,0
31.29,18.45,65.83,2.82,late,sandy,16.28,0
53.63,13.35,46.63,5.01,initial,clay,14.28,0
20.86,15.38,40.36,2.61,mid_season,loamy,9.04,0
95,28.92,66.62,3.19,development,loamy,18.0,0
63.05,27.9,46.66,3.54,mid_season,clay,16.49,0
46.96,27.9,73.69,0,initial,clay,0,0
86.59,25.12,61.33,5.11,late,loamy,12.78,0
54.67,12.99,89.49,1.71,initial,clay,8.5,0
64.32,16.6,77.33,4.09,initial,clay,7.59,0
60.74,18.34,74.7,2.83,development,loamy,7.15,0
26.96,16.18,67.96,5.55,initial,sandy,15.31,0
95,29.84,61.48,5.49,initial,sandy,3.73,0
46.02,21.91,40.87,0,development,loamy,0,1
37.31,16.93,54.34,4.8,development,clay,11.9,0
63.06,21.93,78.06,4.2,development,sandy,17.53,0
65.98,29.38,55.66,3.26,development,loamy,12.11,0
35.1,14.97,54.44,5.19,mid_season,clay,23.93,0
86.78,26.11,56.6,0,mid_season,loamy,0,0
49.46,16.63,42.65,0,development,sandy,0,1
35.96,13.8,65.32,4.41,initial,sandy,2.28,0
61.82,26.53,74.5,1.28,development,sandy,7.94,0
61.12,19.12,67.74,4.35,mid_season,sandy,11.45,0
44.36,26.38,87.88,0,initial,sandy,0,0
84.38,14.51,68.34,4.67,development,sandy,3.57,0
42.73,19.65,70.29,2.29,mid_season,loamy,14.57,0
60.39,17.43,64.4,5.05,late,clay,0.79,0
31.05,26.23,57.33,2.96,late,sandy,10.24,0
68.25,26.74,61.86,4.08,late,sandy,12.58,0
94.76,16.22,54.84,5.4,initial,clay,7.36,0
72.54,16.79,72.68,0,mid_season,loamy,0,0
63.01,14.34,66.94,2.24,mid_season,loamy,11.02,0
65.68,21.74,51.16,0,initial,clay,0,0
34.59,20.99,79.2,2.92,initial,loamy,9.7,0
45.21,13.44,42.55,3.82,late,clay,18.7,0
91.19,23.96,79.88,2.79,mid_season,loamy,1.59,0
30.54,12.66,61.3,3.29,late,clay,21.13,0
34.8,23.42,85.42,3.99,initial,loamy,5.34,0
68.73,22.3,78.31,5.03,development,loamy,7.41,0
23.8,16.87,75.37,0,mid_season,loamy,0,1
62.4,23.28,77.3,6.12,development,loamy,11.69,0
66.5,23.84,44.74,5.98,development,sandy,3.42,0
51.56,20.78,84.27,4.57,initial,clay,3.68,0
56.04,16.86,73.89,3.29,development,sandy,10.67,0
44.27,18.33,74.82,4.46,late,loamy,3.61,0
61.97,12.8,64.16,4.28,mid_season,sandy,13.94,0
59.27,21.07,88.26,3.73,late,sandy,14.73,0
56.83,19.95,42.52,2.36,late,loamy,13.15,0
37.18,14.0,50.02,3.67,mid_season,clay,12.62,0
66.04,16.72,79.22,5.17,initial,sandy,8.6,0
63.46,18.29,55.34,3.4,development,clay,13.79,0
69.97,24.81,65.88,4.56,initial,loamy,13.98,0
13.18,13.0,75.71,3.88,late,loamy,18.91,0
40.06,18.67,41.13,2.75,mid_season,loamy,4.58,0
49.43,29.73,84.81,0,mid_season,sandy,0,1
31.36,12.28,51.42,3.13,development,sandy,12.46,0
74.66,23.37,49.64,2.96,initial,clay,0.07,0
19.8,22.92,75.86,2.65,late,sandy,4.14,0
61.75,18.69,76.09,2.83,late,loamy,18.12,0
41.34,24.99,45.75,5.86,development,sandy,14.63,0
52.26,17.13,77.49,3.38,development,clay,12.99,0
52.73,16.31,44.76,3.73,mid_season,sandy,13.89,0
34.51,14.04,63.95,4.45,late,sandy,2.93,0
32.88,15.55,65.72,2.52,initial,clay,20.07,0
52.89,17.14,42.54,0,initial,loamy,0,0
45.83,16.28,78.94,3.74,late,clay,11.17,0
42.85,22.91,89.31,3.07,initial,clay,19.47,0
65.33,24.48,64.25,0,late,sandy,0,0
50.51,25.97,79.91,5.44,mid_season,clay,24.69,0
56.29,20.79,74.16,0,late,loamy,0,0
63.47,25.12,67.14,4.2,initial,loamy,11.42,0
84.1,20.64,78.5,0,initial,sandy,0,0
68.71,13.91,50.75,4.68,late,sandy,8.96,0
30.33,26.92,46.27,6.11,mid_season,loamy,3.45,0
59.08,21.58,66.8,5.26,development,loamy,14.0,0
5,25.02,80.59,0,initial,loamy,0,0
28.04,22.39,45.29,3.78,mid_season,clay,4.44,0
77.87,18.57,50.65,5.35,development,clay,0.35,0
65.95,23.12,58.75,6.37,mid_season,sandy,20.93,0
34.33,13.18,67.49,0,mid_season,loamy,0,1
48.56,26.75,73.04,3.83,mid_season,loamy,1.59,0
50.49,23.09,61.89,3.61,mid_season,sandy,24.2,0
91.22,24.35,58.49,3.61,mid_season,sandy,11.56,0
66.18,13.06,49.05,4.24,late,sandy,20.01,0
86.03,27.0,88.54,3.74,initial,sandy,7.56,0
64.53,18.79,79.44,3.35,development,clay,9.18,0
40.92,26.52,72.5,0,late,clay,0,1
46.14,14.81,68.69,2.36,mid_season,loamy,9.3,0
40.09,27.78,77.72,3.96,late,sandy,14.16,0
58.82,27.26,75.81,5.32,initial,loamy,3.36,0
37.3,22.11,58.78,4.69,development,clay,11.65,0
37.23,14.98,44.14,4.23,development,clay,1.33,0
10.37,12.16,51.95,2.99,late,sandy,8.99,0
61.87,25.79,58.63,4.35,mid_season,clay,6.06,0
55.02,27.89,62.4,3.49,initial,sandy,14.46,0
50.83,14.31,72.37,0,initial,loamy,0,0
36.7,25.73,77.6,5.92,development,clay,7.02,0
31.6,25.24,43.24,2.93,mid_season,clay,13.39,0
73.38,22.13,75.77,0,initial,sandy,0,0
46.72,27.4,81.52,4.69,initial,loamy,8.31,0
63.93,21.34,60.83,1.09,development,loamy,14.13,0
37.3,17.58,65.76,0,initial,loamy,0,0
77.91,16.25,41.98,5.39,late,sandy,4.3,0
67.22,19.74,66.54,2.43,initial,sandy,9.18,0
65.41,25.14,44.04,4.83,development,clay,2.05,0
50.76,20.73,85.28,0,development,loamy,0,1
53.31,21.76,81.83,4.21,late,sandy,5.89,0
29.54,18.57,76.54,4.94,development,clay,12.27,0
69.61,27.72,75.29,0,mid_season,loamy,0,0
67.32,12.97,74.5,4.92,development,sandy,14.08,0
50.68,12.04,55.26,3.56,initial,sandy,10.4,0
58.36,17.18,57.56,0,mid_season,sandy,0,1
72.82,13.3,41.47,4.59,mid_season,clay,11.13,0
64.72,14.7,64.6,4.6,mid_season,clay,11.72,0
39.86,29.88,62.23,3.71,initial,clay,6.54,0
45.57,17.9,65.75,4.01,development,sandy,5.1,0
71.16,15.04,53.27,3.11,late,sandy,4.92,0
60.27,21.02,75.12,4.46,mid_season,loamy,13.99,0
63.31,20.73,44.79,3.88,initial,loamy,0.88,0
36.73,25.47,48.12,3.64,initial,clay,11.02,0
38.16,13.85,77.94,3.33,late,clay,4.54,0
45.83,17.8,74.65,3.15,late,loamy,11.57,0
78.3,26.74,86.92,3.4,mid_season,clay,7.02,0
70.08,19.77,44.43,5.11,initial,sandy,1.06,0
52.52,16.48,55.3,3.88,mid_season,clay,12.93,0
60.29,23.27,44.63,0,development,sandy,0,0
36.79,26.3,71.68,3.98,mid_season,loamy,16.99,0
63.4,17.24,42.16,2.87,development,loamy,0.15,0
51.58,27.98,85.73,3.08,mid_season,clay,17.38,0
49.3,15.36,83.94,1.57,mid_season,loamy,0.81,0
60.41,21.2,72.07,3.62,initial,sandy,2.92,0
54.56,20.26,64.13,5.5,late,sandy,10.67,0
52.48,12.79,70.3,3.86,development,clay,11.24,0
84.11,15.72,41.0,6.24,development,loamy,16.93,0
45.88,26.47,48.17,6.73,initial,sandy,6.99,0
66.72,17.86,63.4,3.24,development,loamy,3.1,0
64.18,29.13,79.47,6.61,late,loamy,0.7,0
57.94,14.91,47.78,0,initial,sandy,0,0
78.83,27.26,88.45,4.47,mid_season,clay,9.77,0
81.47,25.7,57.78,5.34,development,loamy,12.93,0
63.53,22.82,77.29,3.64,development,clay,11.98,0
86.32,23.55,88.63,3.53,initial,clay,7.65,0
42.58,15.87,78.43,5.48,late,loamy,3.41,0
21.07,14.9,83.14,4.48,mid_season,clay,12.19,0
27.65,16.15,46.25,2.3,initial,clay,15.63,0
57.37,23.78,55.78,2.17,mid_season,clay,10.55,0
88.34,15.09,45.77,3.32,late,clay,11.55,0
20.68,22.77,43.88,2.2,late,sandy,6.56,0
60.76,13.95,74.22,2.41,initial,sandy,9.3,0
68.31,18.87,62.08,3.54,mid_season,loamy,16.12,0
92.86,15.04,64.56,0,initial,clay,0,0
32.34,29.02,77.63,0,development,sandy,0,1
68.12,21.42,68.17,3.39,late,loamy,15.09,0
54.28,14.1,46.76,4.11,late,loamy,4.73,0
79.46,22.0,83.59,4.29,late,clay,13.94,0
18.74,16.95,74.78,4.88,late,loamy,14.86,0
58.93,20.35,80.01,4.39,initial,sandy,14.91,0
50.4,13.8,51.51,3.12,late,loamy,19.52,0
37.95,14.15,84.55,0,initial,loamy,0,0
39.88,21.31,80.96,4.66,development,clay,5.01,0
60.07,24.34,54.0,4.13,late,sandy,4.34,0
57.62,12.93,74.75,4.7,development,loamy,6.17,0
58.43,14.36,88.33,3.41,late,loamy,0.42,0
74.55,17.28,55.54,3.62,initial,loamy,8.0,0
57.93,24.67,81.99,2.71,development,clay,15.04,0
48.88,16.4,81.48,3.98,mid_season,clay,13.05,0
36.72,28.11,40.86,5.21,mid_season,clay,4.7,0
6.45,25.56,64.25,4.62,development,sandy,14.85,0
15.89,26.3,50.26,4.35,development,loamy,11.79,0
60.85,27.48,76.11,3.82,late,loamy,7.46,0
26.01,19.9,79.5,3.1,development,clay,17.03,0
94.09,25.55,83.01,4.64,late,clay,18.29,0
48.36,24.37,58.93,3.76,late,sandy,9.36,0
64.38,28.25,70.33,1.28,development,loamy,3.71,0
34.26,26.43,64.58,3.39,mid_season,loamy,10.82,0
26.3,26.63,63.65,5.36,initial,sandy,3.59,0
39.87,17.87,65.68,5.82,development,sandy,9.84,0
79.17,21.23,72.06,5.5,late,loamy,11.42,0
69.67,22.72,48.15,5.04,mid_season,loamy,14.79,0
59.76,27.8,45.82,3.42,mid_season,sandy,3.24,0
55.97,24.46,88.6,5.55,mid_season,clay,7.39,0
79.82,27.95,77.49,5.11,mid_season,loamy,17.0,0
55.48,14.02,54.89,4.43,development,sandy,4.1,0
46.14,18.22,77.77,3.62,initial,clay,4.95,0
51.71,13.12,57.14,4.17,late,loamy,4.36,0
69.6,13.67,46.92,3.12,initial,clay,12.52,0
46.53,24.99,68.74,5.01,mid_season,sandy,3.11,0
53.49,27.95,48.85,4.34,mid_season,clay,18.68,0
64.96,24.01,85.35,2.61,late,sandy,10.47,0
45.06,15.79,74.02,5.35,mid_season,loamy,12.72,0
53.15,16.75,79.49,4.33,initial,sandy,8.2,0
37.96,12.51,42.7,5.12,development,loamy,9.85,0
68.31,27.19,81.12,2.45,mid_season,sandy,9.46,0
51.24,18.38,60.89,0,initial,loamy,0,0
85.24,13.7,52.85,4.11,initial,clay,6.25,0
58.02,17.51,42.96,4.17,mid_season,clay,19.51,0
52.74,17.46,63.78,4.49,late,sandy,6.95,0
55.97,19.17,80.87,0,mid_season,sandy,0,1
67.95,13.73,48.73,5.16,development,clay,11.93,0
77.09,22.78,83.87,4.59,mid_season,clay,10.17,0
11.91,12.61,78.91,0,development,sandy,0,0
75.72,26.18,77.37,4.97,late,clay,12.65,0
71.23,28.89,61.03,4.24,mid_season,loamy,12.95,0
83.52,27.36,47.66,4.37,initial,sandy,12.73,0
63.98,25.91,60.26,3.7,development,clay,1.05,0
69.22,23.03,66.93,5.35,mid_season,clay,10.58,0
82.32,25.06,46.88,4.42,initial,clay,18.45,0
40.07,12.62,70.96,5.07,development,loamy,13.41,0
74.51,29.34,76.13,5.31,mid_season,loamy,13.1,0
59.23,25.49,84.71,4.73,late,loamy,18.92,0
75.61,28.74,50.82,5.27,late,loamy,1.71,0
79.74,27.3,56.2,3.81,late,sandy,3.32,0
40.43,16.91,89.96,3.45,development,clay,7.65,0
68.22,23.96,45.71,5.02,late,loamy,4.18,0
45.64,26.46,72.63,0,mid_season,clay,0,0
69.09,15.34,51.39,5.09,development,sandy,8.62,0
41.12,21.0,75.14,2.84,development,clay,16.54,0
88.82,21.43,77.88,3.84,mid_season,loamy,6.3,0
26.38,13.61,62.67,3.87,initial,loamy,1.83,0
56.38,26.15,55.75,3.97,initial,sandy,6.66,0
78.24,27.93,89.08,3.26,development,loamy,13.89,0
52.39,24.68,64.74,4.98,mid_season,loamy,21.85,0
69.11,26.29,62.15,4.28,initial,loamy,11.77,0
64.5,28.7,53.5,5.72,late,sandy,4.7,0
41.53,15.47,62.5,2.17,initial,clay,2.53,0
60.52,23.36,46.25,0,mid_season,sandy,0,0
48.32,29.19,41.36,3.44,development,loamy,4.03,0
56.57,29.15,73.74,3.26,development,sandy,9.39,0
95,22.95,46.62,0,development,sandy,0,0
60.88,12.84,48.23,4.45,mid_season,loamy,7.01,0
43.28,15.18,89.74,5.42,mid_season,clay,11.48,0
30.95,21.64,48.65,2.03,initial,sandy,10.18,0
5,15.85,65.76,4.43,late,loamy,12.66,0
69.49,28.72,63.06,4.15,late,loamy,16.05,0
33.87,16.66,64.45,3.37,late,sandy,10.31,0
33.1,26.39,79.21,2.49,mid_season,sandy,10.01,0
69.33,19.83,45.53,1.97,late,clay,7.2,0
54.2,14.56,81.94,4.95,mid_season,loamy,14.79,0
50.13,27.67,65.61,4.6,initial,sandy,7.48,0
54.92,22.25,55.2,2.23,development,sandy,14.91,0
28.78,22.08,84.9,4.95,late,sandy,1.81,0
46.15,19.76,61.31,0,initial,loamy,0,0
31.19,18.37,42.55,4.49,initial,loamy,10.69,0
48.55,29.45,74.54,0,initial,clay,0,0
58.38,20.87,74.55,3.93,initial,loamy,14.49,0
52.41,13.44,55.17,3.64,late,loamy,15.57,0
32.78,12.58,50.71,4.68,initial,clay,6.87,0
61.45,23.94,52.16,3.71,development,clay,17.39,0
46.07,14.23,52.65,7.01,late,loamy,3.28,0
46.9,23.69,89.95,3.54,mid_season,loamy,16.78,0
41.83,24.7,81.99,4.05,late,clay,11.49,0
22.68,19.91,73.59,4.62,mid_season,sandy,19.79,0
71.75,15.96,45.14,3.24,late,clay,11.4,0
36.73,13.18,80.15,5.16,mid_season,loamy,9.32,0
49.29,18.65,40.48,5.11,mid_season,clay,17.64,0
93.2,16.45,67.6,4.39,initial,loamy,2.64,0
86.92,13.02,80.27,2.9,development,sandy,10.45,0
29.55,24.72,71.55,3.72,mid_season,clay,17.49,0
34.06,18.86,65.29,3.29,mid_season,clay,32.69,0
65.81,14.83,82.41,3.65,late,sandy,13.32,0
65.22,29.02,54.96,0.94,initial,sandy,0.52,0
88.11,29.93,44.8,5.7,initial,clay,0.44,0
45.4,19.53,88.26,4.23,mid_season,sandy,7.27,0
68.07,29.0,86.57,3.54,development,loamy,11.57,0
54.81,19.14,79.54,0,late,sandy,0,1
67.32,29.39,49.31,6.28,late,clay,8.28,0
57.14,12.3,53.79,3.04,initial,clay,1.64,0
66.81,13.89,88.68,5.19,development,sandy,6.25,0
50.23,25.95,76.97,3.92,development,sandy,0.51,0
92.39,17.62,63.02,3.92,mid_season,clay,0.14,0
31.91,17.56,45.96,5.32,mid_season,sandy,9.89,0
67.57,28.65,75.98,0,initial,clay,0,0
65.17,27.87,81.09,5.02,late,loamy,6.71,0
30.72,17.34,80.29,0,initial,loamy,0,0
48.42,12.36,68.44,0,initial,clay,0,0
58.43,23.28,87.85,2.95,mid_season,clay,14.57,0
50.12,27.5,69.65,3.26,initial,clay,15.17,0
44.33,17.15,45.56,0,late,clay,0,1
43.75,24.05,84.5,3.87,initial,clay,9.22,0
67.49,15.85,88.46,6.23,mid_season,clay,1.44,0
79.08,20.58,59.2,5.42,initial,clay,1.17,0
65.44,15.21,79.81,5.45,late,loamy,7.27,0
85.84,17.68,89.54,4.12,late,sandy,6.3,0
35.98,29.23,68.45,0,development,sandy,0,1
38.54,24.02,53.08,0,initial,loamy,0,0
91.92,18.27,49.64,5.17,development,sandy,7.3,0
33.48,25.22,79.03,6.32,mid_season,sandy,8.76,0
48.41,21.18,52.87,5.05,mid_season,loamy,4.74,0
68.49,27.52,80.87,0,initial,clay,0,0
67.95,27.84,41.95,3.32,late,loamy,6.37,0
22.89,25.96,63.62,5.37,development,sandy,1.51,0
35.06,20.31,51.75,6.35,mid_season,loamy,16.75,0
95,28.88,80.88,3.68,mid_season,sandy,9.61,0
70.76,27.32,68.16,3.43,late,sandy,10.68,0
46.84,19.94,75.14,4.66,late,sandy,16.91,0
72.74,22.91,89.07,4.42,mid_season,clay,17.48,0
29.58,29.05,74.77,0,initial,sandy,0,0
27.88,15.2,67.97,3.8,late,sandy,17.07,0
41.53,12.07,88.11,3.3,mid_season,loamy,18.22,0
65.11,13.37,60.44,3.26,initial,clay,3.31,0
77.17,21.91,68.87,2.56,mid_season,clay,2.42,0
69.52,23.46,73.65,3.98,mid_season,loamy,7.96,0
15.99,16.17,44.59,3.24,mid_season,sandy,9.57,0
74.24,27.98,79.6,5.03,development,clay,0.77,0
50.06,24.5,87.52,4.18,development,loamy,2.12,0
90.07,23.97,42.94,5.27,late,loamy,4.38,0
55.57,20.8,60.56,3.99,mid_season,sandy,16.57,0
35.45,20.96,47.33,4.3,late,sandy,2.3,0
75.24,27.94,40.94,3.94,initial,loamy,9.19,0
44.64,14.02,74.9,3.81,mid_season,clay,0.95,0
31.63,13.74,78.7,3.07,initial,sandy,10.02,0
95,13.32,54.11,1.88,development,clay,6.76,0
30.67,24.52,83.14,3.48,initial,clay,16.35,0
57.21,25.19,50.09,5.37,development,clay,19.16,0
79.89,20.89,75.21,0,late,clay,0,0
40.73,18.44,44.7,4.76,late,sandy,10.08,0
54.63,27.01,69.54,0,development,sandy,0,1
78.85,14.1,51.68,0,initial,clay,0,0
56.91,16.55,85.59,0,initial,loamy,0,0
61.35,21.84,70.36,2.93,late,sandy,4.41,0
73.22,21.55,43.93,6.25,mid_season,clay,16.38,0
26.82,24.9,75.84,4.47,initial,clay,12.26,0
65.41,12.17,60.04,2.73,development,clay,18.04,0
41.17,26.21,48.16,0,initial,clay,0,0
88.86,26.27,54.63,3.6,development,loamy,1.34,0
90.09,25.48,75.42,2.92,mid_season,clay,12.32,0
63.26,29.24,85.81,0,development,loamy,0,0
45.7,19.59,46.26,3.32,late,loamy,7.36,0
65.02,23.99,64.74,3.71,development,clay,6.83,0
52.0,17.81,59.97,5.27,development,loamy,13.5,0
63.73,14.23,79.15,3.11,development,sandy,11.36,0
40.08,20.38,88.41,0,initial,loamy,0,0
28.96,25.12,46.07,3.91,late,loamy,15.55,0
34.6,13.44,74.88,3.31,late,loamy,4.39,0
5,27.8,59.8,3.63,late,clay,1.51,0
73.21,22.36,57.07,4.38,late,clay,13.12,0
73.41,14.62,46.04,3.44,mid_season,loamy,9.74,0
64.23,25.63,70.65,4.67,initial,sandy,6.36,0
69.02,13.43,48.95,0,mid_season,clay,0,0
78.63,18.77,59.88,5.78,mid_season,sandy,11.47,0
50.55,15.38,60.0,3.76,mid_season,loamy,25.64,0
57.07,24.87,46.65,0.98,initial,sandy,5.58,0
62.03,14.88,88.88,2.12,initial,clay,5.12,0
81.3,14.79,80.08,4.25,development,sandy,6.26,0
41.55,24.35,87.41,5.05,mid_season,clay,2.41,0
27.41,21.06,62.7,5.33,development,sandy,14.37,0
50.91,15.0,83.45,0,development,clay,0,0
56.78,24.24,73.23,3.36,initial,clay,11.27,0
25.0,24.4,54.55,3.69,initial,clay,9.82,0
69.16,13.01,58.57,0,late,sandy,0,0
75.65,19.31,80.61,4.92,initial,sandy,1.49,0
56.2,18.95,51.2,4.56,initial,clay,5.08,0
72.98,27.63,56.96,0,initial,loamy,0,0
79.69,15.95,48.59,1.87,development,loamy,10.84,0
33.38,20.4,43.01,5.17,development,loamy,21.91,0
41.04,21.78,43.44,4.64,initial,clay,6.58,0
42.03,18.11,74.54,3.09,late,sandy,5.1,0
50.67,25.45,77.55,1.55,development,sandy,5.6,0
56.23,14.01,65.22,4.07,development,clay,14.97,0
51.82,16.36,78.63,5.23,mid_season,sandy,8.62,0
37.54,16.61,83.28,0,initial,clay,0,0
52.26,25.7,72.71,3.62,development,loamy,7.65,0
49.37,16.96,74.25,0,development,loamy,0,1
19.99,27.16,66.46,2.95,late,loamy,23.43,0
82.79,23.69,44.01,4.12,mid_season,sandy,7.55,0
30.35,25.32,46.6,5.05,development,sandy,16.59,0
79.25,23.82,81.02,3.15,late,clay,1.15,0
43.22,19.14,44.02,0,late,loamy,0,1
54.32,23.08,83.37,4.45,late,loamy,1.47,0
14.01,15.08,81.97,3.36,development,sandy,4.92,0
45.03,18.01,49.28,4.38,development,clay,9.94,0
72.06,14.35,73.5,4.27,initial,loamy,9.37,0
52.25,26.8,54.22,3.71,mid_season,loamy,7.57,0
36.81,28.16,51.13,4.17,late,loamy,8.63,0
58.75,17.61,55.91,0,late,loamy,0,0
17.08,13.77,45.82,3.99,late,loamy,19.78,0
95,22.3,75.56,6.27,mid_season,loamy,17.6,0
65.85,25.36,79.81,2.65,mid_season,loamy,16.89,0
46.9,20.07,81.7,3.22,development,clay,14.12,0
77.01,23.81,59.55,5.04,initial,sandy,19.88,0
57.71,25.46,58.85,5.39,late,loamy,9.52,0
50.05,29.88,56.73,3.95,development,loamy,8.04,0
31.97,26.57,67.54,5.19,mid_season,sandy,7.88,0
66.68,27.15,58.53,4.74,late,sandy,16.5,0
62.77,16.53,75.42,2.28,development,loamy,13.25,0
43.71,12.96,41.58,5.27,mid_season,sandy,11.27,0
62.24,14.77,43.29,4.7,initial,loamy,12.41,0
20.77,13.29,40.42,3.11,development,loamy,6.09,0
35.82,20.27,88.38,3.55,initial,sandy,8.58,0
38.1,13.89,67.3,4.46,late,loamy,14.41,0
72.37,29.42,59.79,4.16,mid_season,sandy,9.65,0
38.49,18.48,71.25,3.51,mid_season,sandy,9.93,0
68.95,18.24,54.68,3.09,late,loamy,1.45,0
87.41,19.65,72.72,3.3,late,sandy,14.43,0
57.95,19.59,73.28,2.95,development,loamy,15.31,0
43.93,22.3,76.02,3.43,initial,clay,16.17,0
18.22,29.16,86.29,0,initial,sandy,0,0
10.3,16.49,68.43,0,development,clay,0,1
51.46,28.48,41.38,4.55,late,clay,1.34,0
34.95,19.38,56.3,3.31,development,sandy,4.86,0
84.51,20.16,45.69,4.19,development,clay,11.97,0
85.19,17.86,64.13,0,initial,sandy,0,0
29.2,25.72,87.05,0,initial,clay,0,0
50.12,23.74,89.4,0,initial,clay,0,0
44.74,20.91,68.87,3.73,late,sandy,20.95,0
9.74,20.18,49.08,4.04,late,loamy,8.63,0
46.29,15.68,55.03,4.38,initial,clay,10.09,0
69.88,25.93,88.18,4.44,initial,loamy,10.32,0
47.33,15.18,47.56,0,mid_season,sandy,0,1
44.38,27.25,79.5,4.11,development,loamy,3.3,0
37.4,20.91,59.08,2.73,initial,clay,1.5,0
40.6,24.36,52.93,2.71,development,loamy,3.31,0
62.31,14.86,43.89,1.97,late,loamy,12.24,0
69.94,27.89,49.9,4.81,mid_season,sandy,7.76,0
59.67,28.23,85.24,5.01,initial,clay,0.68,0
56.89,22.99,82.23,3.12,initial,loamy,5.77,0
71.68,26.93,63.11,2.68,development,loamy,15.14,0
56.31,27.86,49.45,3.69,mid_season,loamy,5.36,0
49.13,16.03,74.39,4.86,initial,sandy,7.52,0
23.64,29.18,50.23,4.7,initial,loamy,2.84,0
80.41,25.81,61.65,4.25,mid_season,sandy,5.74,0
45.09,13.46,45.14,3.54,development,loamy,5.67,0
51.37,15.78,64.0,3.44,late,sandy,7.42,0
70.98,23.82,44.95,4.33,mid_season,clay,13.3,0
87.52,15.3,57.18,3.51,development,loamy,5.13,0
42.02,16.76,76.93,6.08,late,clay,6.76,0
45.83,26.41,55.64,4.4,initial,clay,16.45,0
48.35,17.35,71.76,4.11,initial,loamy,13.6,0
48.45,13.93,77.11,3.38,development,clay,9.8,0
84.78,18.67,62.57,4.33,late,loamy,12.54,0
44.86,19.53,88.73,5.43,mid_season,sandy,9.34,0
46.28,13.11,82.95,4.84,initial,clay,6.12,0
58.83,20.63,48.52,3.87,mid_season,loamy,15.76,0
37.95,26.48,56.51,3.8,mid_season,loamy,5.88,0
26.92,24.45,76.97,4.03,initial,loamy,0.75,0
68.98,28.7,51.21,4.83,late,clay,2.12,0
57.15,24.83,43.99,6.05,development,clay,1.66,0
19.01,26.38,72.19,3.99,late,clay,2.12,0
63.77,29.78,53.28,3.06,initial,clay,14.69,0
93.93,27.82,86.38,4.05,development,clay,2.41,0
50.4,19.54,71.44,3.82,development,sandy,9.56,0
48.14,27.22,58.62,6.34,late,loamy,11.14,0
56.48,28.57,53.05,3.32,late,sandy,22.91,0
57.5,20.42,85.34,3.24,mid_season,clay,6.18,0
72.18,22.96,53.29,3.77,development,clay,7.53,0
36.78,21.28,42.0,0,late,clay,0,1
50.0,21.25,62.53,2.53,mid_season,sandy,8.78,0
19.02,20.39,42.7,3.08,late,clay,6.59,0
57.0,21.87,86.27,3.95,development,sandy,7.17,0
51.02,20.69,44.04,3.71,late,sandy,7.48,0
30.01,20.1,66.81,5.12,initial,sandy,13.71,0
48.58,12.17,51.45,5.08,initial,loamy,3.87,0
25.08,21.57,45.39,3.63,late,sandy,11.8,0
67.08,25.51,70.39,4.16,late,sandy,11.82,0
61.61,25.05,87.18,4.51,initial,clay,10.97,0
53.98,12.9,66.67,5.89,initial,loamy,14.69,0
51.84,20.39,89.5,2.93,development,loamy,11.11,0
56.1,17.48,57.58,3.6,mid_season,sandy,13.22,0
63.24,15.99,50.03,3.03,initial,clay,8.07,0
51.68,19.25,45.39,4.49,late,clay,9.37,0
79.19,22.51,69.88,4.27,initial,clay,4.67,0
29.38,27.92,89.99,5.8,initial,clay,3.38,0
58.12,15.25,85.1,5.47,late,clay,3.92,0
48.75,14.9,62.0,0,mid_season,sandy,0,1
72.17,14.88,80.38,3.44,mid_season,sandy,16.49,0
52.08,18.71,59.34,3.25,initial,sandy,6.37,0
52.15,17.62,83.61,4.38,development,sandy,11.94,0
21.13,16.0,52.65,3.02,initial,loamy,4.3,0
40.96,29.51,79.07,0,initial,loamy,0,0
56.44,24.28,40.91,0,development,loamy,0,0
77.03,18.57,53.39,4.46,development,sandy,5.87,0
95,13.24,87.05,0,development,clay,0,0
51.14,18.82,53.07,3.28,late,loamy,3.46,0
39.28,23.52,40.47,1.88,development,sandy,9.71,0
76.09,14.56,59.1,3.18,initial,sandy,6.3,0
67.15,18.53,80.65,6.57,development,sandy,11.74,0
64.71,24.56,56.19,2.45,late,clay,6.83,0
25.73,17.13,65.58,2.32,initial,loamy,10.96,0
51.73,18.59,69.15,5.8,late,clay,2.99,0
18.12,28.73,74.11,4.18,mid_season,clay,22.34,0
42.67,25.51,86.97,0,mid_season,loamy,0,1
59.04,17.69,47.2,3.9,late,loamy,12.35,0
43.83,21.25,72.08,4.94,initial,sandy,21.45,0
38.11,18.9,68.75,3.4,late,clay,5.15,0
36.58,27.85,45.88,4.16,development,loamy,10.74,0
79.57,19.73,59.12,2.92,initial,clay,14.56,0
60.93,23.37,79.75,2.6,development,loamy,2.12,0
55.69,18.39,70.81,2.88,late,sandy,17.78,0
71.91,28.35,44.15,5.2,mid_season,clay,14.6,0
32.68,18.71,59.29,3.26,initial,clay,2.68,0
56.68,12.13,41.61,3.89,mid_season,loamy,3.01,0
77.21,22.38,50.84,4.25,late,loamy,9.28,0
30.02,23.79,53.86,3.21,initial,clay,10.56,0
38.25,27.96,74.45,5.41,late,loamy,3.49,0
73.64,23.72,79.71,0,initial,loamy,0,0
70.67,12.65,57.7,4.54,mid_season,clay,17.36,0
60.38,23.92,69.27,5.56,late,clay,25.57,0
52.93,14.97,87.89,1.47,initial,loamy,15.24,0
61.57,19.43,77.63,5.08,initial,clay,2.58,0
42.65,16.49,51.7,4.34,development,loamy,5.76,0
50.23,13.96,50.46,3.73,development,loamy,7.33,0
53.15,18.32,54.33,4.75,mid_season,sandy,19.72,0
63.58,24.48,65.91,4.25,late,clay,7.96,0
12.98,26.43,63.13,4.64,initial,clay,3.31,0
23.22,21.3,79.32,5.04,mid_season,clay,14.66,0
80.96,15.34,84.32,3.49,late,clay,4.44,0
34.11,29.4,59.22,5.58,mid_season,sandy,14.56,0
55.5,15.31,51.41,0,initial,sandy,0,0
63.58,15.01,82.08,3.14,initial,sandy,3.29,0
62.01,27.26,44.38,2.29,initial,sandy,4.2,0
55.31,12.61,85.79,3.22,development,clay,13.49,0
74.86,15.84,45.74,3.87,mid_season,clay,10.53,0
47.39,13.53,45.65,2.09,mid_season,clay,8.6,0
75.47,29.9,78.0,3.84,late,loamy,2.51,0
51.95,29.41,64.17,3.76,late,sandy,14.11,0
58.59,26.19,87.07,3.15,initial,sandy,7.85,0
49.28,26.33,83.17,3.81,mid_season,sandy,8.13,0
43.85,19.79,75.89,5.22,mid_season,clay,12.23,0
52.84,25.32,75.61,3.5,mid_season,clay,6.76,0
70.79,23.87,70.12,4.25,mid_season,clay,6.39,0
32.96,17.95,61.42,1.99,initial,loamy,18.27,0
35.62,17.41,84.87,4.27,initial,clay,22.64,0
75.51,13.39,61.19,5.41,development,loamy,22.48,0
51.14,29.38,61.55,5.19,initial,sandy,3.44,0
33.66,21.67,67.01,6.23,mid_season,sandy,7.52,0
67.05,26.84,85.48,4.31,mid_season,loamy,7.73,0
68.75,25.29,67.02,2.9,development,clay,8.55,0
64.13,23.66,86.5,4.55,initial,clay,5.0,0
61.9,15.29,49.96,4.77,initial,loamy,4.29,0
52.75,17.11,89.45,3.99,mid_season,clay,8.07,0
55.72,26.72,81.15,4.36,mid_season,loamy,0.09,0
49.73,25.11,58.8,3.98,development,clay,5.93,0
62.86,18.65,45.52,4.67,mid_season,clay,16.43,0
57.78,21.23,58.43,3.44,mid_season,loamy,13.93,0
55.67,26.5,74.57,0,initial,clay,0,0
5,17.6,74.82,4.32,late,clay,19.42,0
86.4,25.88,58.51,5.11,initial,clay,3.74,0
81.43,15.77,79.77,3.23,development,clay,17.19,0
51.62,15.41,72.16,4.74,initial,clay,13.75,0
43.11,21.47,79.3,3.15,mid_season,clay,12.44,0
71.81,24.24,66.14,2.88,late,sandy,0.1,0
53.0,22.44,69.45,4.32,late,loamy,12.13,0
56.63,23.01,77.41,3.43,development,sandy,16.37,0
50.84,26.9,67.76,3.85,development,clay,16.55,0
34.63,28.81,68.17,0,development,loamy,0,1
69.77,13.29,62.94,4.57,late,clay,11.88,0
55.95,14.9,51.73,3.6,late,clay,1.39,0
52.11,18.02,79.41,5.29,mid_season,sandy,11.16,0
65.49,18.43,51.45,5.36,initial,clay,4.78,0
53.37,23.96,67.93,0,late,loamy,0,0
53.3,21.54,69.32,4.53,mid_season,loamy,17.21,0
38.04,25.74,48.62,4.06,mid_season,clay,10.66,0
62.89,20.27,70.48,3.89,development,clay,13.47,0
35.25,14.96,55.46,5.7,initial,loamy,15.75,0
45.84,21.99,49.66,5.43,initial,loamy,6.37,0
48.14,15.07,50.71,4.23,initial,sandy,13.27,0
88.06,27.88,86.98,2.6,late,loamy,12.22,0
57.3,28.44,55.03,4.41,initial,loamy,4.13,0
43.86,16.41,75.16,4.24,initial,clay,12.7,0
57.71,21.0,40.77,4.3,late,sandy,9.53,0
59.28,13.93,54.32,4.69,initial,loamy,12.62,0
52.05,17.56,52.06,4.48,development,sandy,13.76,0
62.53,12.52,85.12,3.21,development,sandy,17.38,0
11.14,12.61,48.46,3.45,initial,loamy,6.73,0
50.45,20.47,44.05,4.2,initial,clay,11.53,0
63.48,29.26,87.7,5.43,initial,clay,18.75,0
46.3,12.4,44.51,3.42,initial,clay,6.03,0
34.74,13.08,67.44,3.03,initial,clay,3.56,0
74.48,23.87,59.73,0,initial,loamy,0,0
34.93,21.61,87.19,0,mid_season,clay,0,1
39.65,15.28,70.37,0,late,clay,0,1
40.78,14.53,51.15,4.05,development,sandy,8.92,0
66.77,29.11,61.4,3.99,initial,clay,11.49,0
41.53,13.41,60.38,3.48,development,loamy,14.25,0
56.18,17.35,86.88,5.19,mid_season,clay,6.91,0
72.55,28.75,43.9,2.29,late,clay,11.94,0
64.08,26.17,78.59,6.32,mid_season,loamy,8.65,0
67.29,16.86,61.35,4.01,late,sandy,3.75,0
61.91,17.45,50.59,2.83,initial,sandy,7.48,0
51.1,26.11,85.1,3.94,late,loamy,2.68,0
52.51,20.66,82.23,5.1,mid_season,loamy,17.78,0
64.66,14.07,82.15,5.41,late,loamy,12.75,0
57.55,16.64,83.85,3.63,late,clay,9.86,0
67.86,27.13,46.75,3.63,development,clay,17.75,0
49.0,26.23,76.44,4.58,mid_season,loamy,0.79,0
40.7,19.63,80.77,3.49,late,clay,5.12,0
69.07,19.18,65.68,2.9,late,sandy,24.08,0
62.84,16.3,56.77,3.66,initial,clay,6.1,0
46.15,12.61,83.07,5.07,mid_season,loamy,27.11,0
52.96,24.19,70.93,4.48,late,clay,17.55,0
75.02,14.98,41.61,5.04,initial,sandy,4.71,0
56.51,21.96,44.46,2.39,initial,sandy,1.83,0
27.2,13.47,87.43,3.18,development,clay,0.46,0
48.86,17.82,87.1,4.28,late,loamy,15.74,0
71.8,26.74,42.38,4.7,initial,loamy,16.57,0
58.69,20.66,47.43,3.35,late,sandy,1.99,0
46.38,27.48,57.94,0,initial,clay,0,0
38.52,14.88,87.32,5.22,development,clay,3.27,0
60.97,13.93,44.56,3.54,development,sandy,10.37,0
52.91,29.15,72.37,0,initial,clay,0,0
57.24,25.4,49.08,3.27,late,loamy,14.32,0
60.72,27.38,70.69,4.79,initial,loamy,7.18,0
67.81,14.49,42.78,3.62,mid_season,clay,1.68,0
54.56,15.57,48.27,3.23,development,loamy,11.37,0
49.64,28.87,58.99,3.09,late,loamy,0.26,0
48.45,20.91,86.52,4.34,late,sandy,15.53,0
79.31,26.78,62.74,6.64,mid_season,clay,16.44,0
37.61,23.53,65.76,5.17,mid_season,clay,11.96,0
15.4,23.19,44.85,0,development,sandy,0,1
5,22.21,44.32,4.72,mid_season,clay,12.7,0
77.96,16.94,61.5,0,development,loamy,0,0
67.15,15.92,52.64,3.6,development,loamy,0.76,0
41.62,21.58,42.38,0,initial,clay,0,0
51.82,22.21,79.84,3.15,mid_season,loamy,1.19,0
34.14,23.22,71.96,0,late,clay,0,1
46.99,18.75,75.35,4.12,mid_season,sandy,17.21,0
44.96,26.2,82.3,2.81,mid_season,clay,11.48,0
63.86,27.49,40.41,4.57,mid_season,sandy,5.77,0
46.25,26.13,75.84,2.38,late,sandy,2.24,0
45.05,15.02,61.92,3.38,late,clay,16.74,0
81.32,27.44,69.74,4.48,mid_season,loamy,16.7,0
45.75,27.46,61.8,3.03,mid_season,clay,17.04,0
56.24,15.28,73.12,0,late,clay,0,0
53.71,26.54,65.18,3.42,initial,loamy,0.97,0
11.9,14.0,46.18,3.09,late,clay,18.29,0
95,13.67,83.48,3.96,initial,loamy,11.55,0
29.69,23.08,74.06,0,initial,sandy,0,0
65.4,25.14,66.2,0,development,sandy,0,0
27.17,15.8,56.39,3.66,development,loamy,12.52,0
40.25,18.13,82.36,6.4,mid_season,clay,16.23,0
57.22,29.65,83.6,3.59,late,sandy,21.44,0
95,28.67,63.21,4.23,mid_season,clay,11.65,0
53.17,24.02,80.83,6.33,development,loamy,5.96,0
57.87,20.93,88.72,2.12,initial,sandy,12.81,0
57.33,29.55,86.61,5.44,development,loamy,17.15,0
43.19,18.03,65.26,2.72,initial,clay,9.31,0
38.62,14.88,40.06,3.9,mid_season,clay,10.95,0
56.83,26.02,76.67,2.97,late,loamy,8.18,0
52.74,29.19,67.16,2.84,initial,sandy,8.59,0
65.42,29.22,65.63,3.63,development,sandy,6.76,0
60.49,16.88,59.96,3.41,late,clay,5.54,0
37.85,21.15,76.76,5.31,development,loamy,10.31,0
67.81,25.54,53.28,4.66,mid_season,loamy,5.48,0
40.78,19.09,88.9,0,initial,clay,0,0
64.21,17.62,61.71,3.3,late,sandy,6.32,0
55.73,22.85,60.47,1.41,development,sandy,10.44,0
59.76,19.93,61.07,3.8,initial,clay,14.44,0
63.74,23.87,47.25,6.47,mid_season,loamy,15.47,0
46.42,15.45,55.71,0,initial,loamy,0,0
55.58,28.49,65.5,3.07,development,loamy,6.1,0
48.01,29.1,66.25,2.92,late,sandy,15.55,0
47.15,25.01,70.77,4.5,late,sandy,3.43,0
64.56,21.92,72.01,3.39,development,loamy,14.03,0
72.83,19.48,76.53,3.7,initial,loamy,0.15,0
50.48,21.01,66.8,4.33,development,sandy,1.04,0
42.61,27.29,42.03,3.49,late,loamy,19.71,0
38.68,24.61,48.91,5.4,initial,clay,3.96,0
22.46,19.62,49.49,0,initial,loamy,0,0
61.93,17.62,84.37,3.93,initial,loamy,1.22,0
29.25,29.29,85.64,2.94,mid_season,sandy,11.24,0
40.38,28.53,55.18,3.99,late,clay,16.13,0
56.22,22.5,44.35,0,initial,clay,0,0
32.18,28.93,64.7,0,development,clay,0,1
52.15,13.58,61.45,4.7,development,sandy,3.96,0
49.63,29.15,47.05,0,initial,loamy,0,0
6.23,27.46,46.88,3.35,development,loamy,20.41,0
80.31,27.14,71.23,4.5,initial,sandy,1.08,0
25.95,14.59,74.17,2.46,initial,loamy,0.52,0
88.51,25.88,67.09,4.27,mid_season,sandy,10.34,0
67.42,25.57,50.08,3.39,development,loamy,5.49,0
64.08,26.17,86.67,5.38,development,clay,7.31,0
38.58,22.51,59.52,3.98,mid_season,clay,1.82,0
49.92,29.87,84.95,2.67,late,clay,14.04,0
52.22,14.15,54.83,0,late,sandy,0,1
29.36,23.07,55.67,2.54,mid_season,clay,8.01,0
72.55,15.76,72.59,3.86,development,sandy,4.67,0
86.62,15.34,48.07,3.53,late,clay,3.31,0
15.18,29.84,59.69,6.03,late,loamy,13.02,0
67.84,17.18,78.33,3.47,mid_season,loamy,6.78,0
66.91,25.94,49.89,4.36,initial,clay,3.15,0
80.83,16.49,89.26,0.95,mid_season,loamy,3.92,0
62.07,28.7,61.14,3.76,initial,sandy,16.53,0
57.74,24.9,76.9,0,initial,clay,0,0
63.67,13.88,53.92,4.96,late,clay,7.96,0
69.93,22.24,66.41,0,mid_season,sandy,0,0
30.51,21.01,70.11,5.17,mid_season,sandy,14.98,0
57.49,16.52,78.21,2.63,development,sandy,3.94,0
29.77,28.94,53.31,5.35,initial,loamy,5.44,0
51.69,29.4,87.78,3.95,development,loamy,12.04,0
51.66,18.39,82.75,3.26,mid_season,loamy,15.96,0
57.84,25.3,89.47,6.14,mid_season,loamy,10.72,0
77.49,23.57,51.74,4.94,development,sandy,0.79,0
80.89,20.1,56.57,4.04,initial,loamy,7.87,0
46.69,22.61,86.12,0,initial,loamy,0,0
44.65,19.61,62.64,2.13,initial,loamy,15.16,0
38.39,15.32,76.39,2.13,initial,loamy,10.73,0
13.77,15.69,48.89,3.19,initial,clay,5.48,0
41.13,18.72,56.32,0,development,sandy,0,1
73.65,12.8,79.11,0,development,sandy,0,0
54.99,22.72,54.44,2.72,development,loamy,2.39,0
84.3,28.26,77.4,1.23,development,sandy,2.21,0
40.12,17.9,49.53,2.9,initial,loamy,10.83,0
70.67,15.12,75.89,0,initial,clay,0,0
69.48,15.78,49.41,1.5,initial,sandy,8.25,0
61.39,23.07,47.5,0,initial,clay,0,0
54.61,21.03,82.15,1.8,late,sandy,16.52,0
32.78,12.78,59.48,3.18,late,sandy,13.08,0
41.73,16.07,50.55,5.13,initial,loamy,0.48,0
60.46,29.88,80.59,2.06,late,sandy,11.98,0
30.36,12.25,88.13,3.32,late,loamy,18.87,0
34.74,15.28,89.58,4.18,development,sandy,9.69,0
73.03,16.86,64.03,3.5,initial,sandy,4.49,0
40.72,16.2,84.26,4.57,development,loamy,3.13,0
42.0,16.52,79.42,2.5,initial,clay,7.31,0
92.49,18.32,76.65,3.08,late,loamy,5.66,0
31.69,13.41,84.03,4.1,late,sandy,7.13,0
80.81,13.95,56.85,0,initial,loamy,0,0
44.84,22.66,58.51,4.86,development,clay,9.96,0
92.01,16.39,74.27,3.32,late,loamy,18.05,0
55.35,12.83,44.67,4.84,mid_season,clay,19.83,0
47.02,14.47,45.06,2.69,initial,loamy,2.54,0
64.46,27.91,86.38,0,late,loamy,0,0
83.41,17.7,86.49,4.11,mid_season,loamy,19.38,0
43.45,23.82,57.52,3.87,mid_season,loamy,19.6,0
44.78,18.14,86.94,3.82,late,loamy,4.88,0
66.02,15.55,73.65,2.8,mid_season,clay,8.56,0
72.63,29.83,41.6,6.14,mid_season,sandy,11.42,0
69.77,13.93,58.0,4.25,late,clay,2.17,0
72.08,12.4,82.73,3.62,initial,sandy,1.7,0
66.42,25.03,75.69,3.34,mid_season,clay,7.39,0
45.34,13.88,68.7,0,initial,loamy,0,0
66.61,25.92,65.22,2.24,initial,clay,2.88,0
55.71,25.51,67.07,3.95,mid_season,clay,6.68,0
73.33,27.57,85.39,4.82,mid_season,sandy,11.94,0
62.6,16.36,61.74,3.61,late,sandy,5.37,0
57.66,26.96,49.77,5.66,development,sandy,9.21,0
47.8,27.85,81.85,4.24,mid_season,loamy,13.2,0
32.87,18.95,49.59,5.17,development,clay,3.37,0
71.22,16.48,45.9,5.26,mid_season,sandy,2.11,0
62.42,23.56,59.77,4.99,initial,clay,2.95,0
61.8,16.72,76.54,4.28,mid_season,clay,16.53,0
71.31,28.01,80.78,0,initial,clay,0,0
62.46,16.74,64.7,3.46,initial,sandy,5.7,0
46.35,18.96,58.55,4.08,initial,loamy,17.79,0
90.45,29.69,57.53,3.78,initial,clay,0.74,0
58.52,15.65,40.85,0,initial,sandy,0,0
38.94,28.64,47.54,1.94,development,loamy,8.71,0
78.19,27.53,83.08,2.98,late,sandy,14.81,0
38.55,22.46,81.57,3.59,development,clay,22.39,0
63.39,19.11,52.46,1.63,late,clay,0.08,0
41.09,27.23,59.08,5.4,mid_season,clay,12.29,0
69.16,19.69,40.59,3.87,mid_season,clay,15.88,0
41.85,29.05,54.42,4.57,late,sandy,8.42,0
58.19,18.78,50.56,4.85,late,clay,19.23,0
31.33,20.62,76.72,3.18,late,sandy,14.25,0
30.01,28.0,42.68,6.66,mid_season,loamy,12.46,0
59.14,12.22,50.11,0,initial,clay,0,0
77.98,18.31,57.43,4.55,initial,sandy,0.53,0
43.75,26.65,57.0,2.82,mid_season,sandy,15.82,0
72.29,13.86,81.81,4.51,late,clay,7.13,0
69.51,22.85,86.98,4.08,initial,loamy,7.1,0
49.49,14.77,80.86,6.16,initial,sandy,4.12,0
43.8,20.68,72.7,0,development,loamy,0,1
58.92,17.32,88.67,3.54,initial,loamy,13.04,0
52.21,21.14,46.65,4.61,mid_season,sandy,8.57,0
36.12,12.69,79.07,4.9,development,loamy,3.25,0
54.15,25.95,64.32,4.74,late,sandy,7.85,0
59.2,21.52,80.72,3.66,mid_season,loamy,13.47,0
47.94,23.37,40.81,5.1,development,loamy,8.71,0
63.0,18.67,65.9,3.23,late,sandy,4.76,0
66.83,25.86,86.19,3.59,mid_season,loamy,12.96,0
41.37,12.01,79.09,4.78,initial,sandy,0.2,0
59.31,25.48,75.07,4.46,mid_season,clay,4.82,0
62.48,14.22,68.32,4.66,initial,sandy,5.16,0
41.92,27.48,46.63,6.8,development,clay,6.49,0
41.67,29.48,60.8,5.13,development,loamy,12.29,0
61.72,24.48,57.97,4.37,development,sandy,11.75,0
61.68,16.0,82.15,3.5,late,loamy,3.5,0
56.72,26.53,78.57,3.58,mid_season,loamy,5.34,0
43.62,22.81,49.29,3.69,development,clay,8.53,0
26.53,25.15,64.08,5.76,late,clay,3.44,0
62.86,18.88,50.61,3.29,development,loamy,17.54,0
38.59,15.21,50.58,4.65,initial,clay,3.32,0
77.17,23.81,55.68,2.92,mid_season,clay,16.8,0
53.45,22.63,71.65,3.6,development,clay,11.82,0
82.84,22.01,69.94,5.47,development,clay,1.15,0
42.84,23.67,79.96,6.05,mid_season,sandy,15.44,0
69.07,25.15,88.36,3.61,late,loamy,5.0,0
58.3,17.03,51.23,0,development,sandy,0,1
40.24,28.05,43.86,3.96,mid_season,sandy,15.35,0
89.22,22.29,77.34,4.47,development,loamy,6.47,0
30.64,26.75,79.77,4.14,mid_season,sandy,16.18,0
52.03,14.3,66.81,3.59,mid_season,loamy,0.58,0
50.55,13.83,61.28,3.49,initial,sandy,1.98,0
63.74,12.67,78.55,5.08,initial,clay,5.94,0
67.19,27.62,61.81,4.01,development,loamy,10.72,0
60.26,28.22,81.85,5.2,initial,loamy,4.33,0
11.63,12.35,47.05,5.05,development,sandy,13.13,0
24.33,27.62,48.2,3.92,initial,sandy,8.78,0
57.2,20.41,51.94,4.61,initial,loamy,10.7,0
38.53,15.52,68.66,0,initial,clay,0,0
53.33,24.93,51.32,0,initial,sandy,0,0
52.24,25.54,62.01,2.88,late,sandy,22.07,0
55.66,26.49,89.08,3.11,initial,clay,0.87,0
72.97,24.64,74.61,3.26,mid_season,sandy,6.54,0
77.68,20.83,63.63,5.54,mid_season,sandy,16.04,0
40.49,25.56,76.77,0,development,loamy,0,1
20.14,19.63,46.7,5.02,late,sandy,25.68,0
70.48,21.23,62.62,5.01,mid_season,clay,5.03,0
53.45,16.87,74.8,4.27,mid_season,loamy,9.71,0
39.43,28.4,60.95,4.07,mid_season,sandy,6.65,0
63.81,21.04,46.39,0,initial,clay,0,0
76.77,17.91,40.79,4.16,mid_season,clay,5.8,0
35.51,15.91,75.33,3.82,mid_season,loamy,20.78,0
48.53,16.25,42.81,3.47,mid_season,clay,17.48,0
60.73,16.99,77.8,5.86,development,sandy,5.34,0
45.93,23.72,53.43,2.11,development,clay,10.77,0
62.47,22.61,68.92,3.96,mid_season,sandy,1.04,0
86.04,26.49,81.58,3.84,development,loamy,15.54,0
22.85,20.05,87.15,4.36,late,clay,16.66,0
60.19,14.08,73.22,2.71,late,loamy,10.86,0
47.62,29.07,61.26,2.92,development,loamy,9.35,0
47.16,27.47,45.73,0,initial,clay,0,0
47.0,24.08,42.43,0,initial,clay,0,0
62.87,14.28,85.4,2.76,development,sandy,7.69,0
40.22,28.26,83.23,3.52,late,loamy,8.71,0
89.7,12.66,55.99,4.96,development,loamy,10.42,0
63.92,16.27,79.26,3.03,late,clay,15.3,0
60.4,20.67,50.71,4.37,initial,clay,9.09,0
33.22,16.31,83.57,3.27,development,loamy,14.5,0
69.47,14.98,46.05,3.21,development,clay,15.45,0
56.35,18.93,82.41,0,development,clay,0,0
49.78,24.07,43.77,2.92,late,loamy,3.58,0
74.84,12.8,42.64,5.23,late,loamy,12.13,0
52.77,19.83,87.09,4.61,initial,sandy,7.48,0
58.87,23.0,54.34,3.7,late,clay,7.67,0
69.69,23.49,68.54,2.74,mid_season,clay,10.03,0
35.71,26.59,81.59,1.81,initial,clay,5.36,0
61.82,12.54,48.2,4.24,late,clay,11.64,0
42.9,29.43,56.26,3.45,mid_season,sandy,9.04,0
93.36,14.75,46.94,4.82,late,clay,7.57,0
53.83,23.26,52.55,3.04,late,loamy,8.57,0
30.94,21.48,84.77,4.75,initial,clay,2.14,0
42.66,23.63,80.68,5.08,development,clay,4.1,0
21.95,19.82,80.46,5.46,initial,clay,14.46,0
58.09,18.42,43.19,3.86,mid_season,loamy,3.34,0
72.72,26.71,73.43,3.62,development,loamy,4.1,0
72.92,28.65,86.97,4.18,late,sandy,4.81,0
55.6,28.88,55.87,5.37,initial,clay,2.83,0
70.15,21.37,80.98,5.1,late,clay,14.25,0
45.69,13.86,41.43,2.58,mid_season,loamy,20.46,0
60.12,19.28,84.62,3.64,mid_season,loamy,10.65,0
53.39,13.87,62.6,3.85,development,loamy,8.23,0
25.66,14.26,82.42,5.28,late,loamy,17.7,0
52.05,13.79,77.84,5.8,mid_season,clay,10.0,0
31.76,16.47,87.17,6.48,late,loamy,8.45,0
46.82,27.7,72.75,4.84,initial,sandy,1.63,0
65.34,18.9,40.27,2.66,development,loamy,11.19,0
56.35,29.34,53.01,5.2,development,clay,14.71,0
19.7,22.25,44.14,3.02,mid_season,clay,18.33,0
72.76,24.6,60.3,3.24,development,loamy,6.95,0
43.35,25.63,40.97,0,initial,sandy,0,0
72.8,18.68,62.93,3.43,initial,loamy,9.23,0
12.72,22.41,79.37,4.16,mid_season,sandy,11.83,0
44.51,29.88,42.07,4.59,development,clay,3.31,0
57.22,24.51,67.86,2.58,development,loamy,10.17,0
66.92,16.66,78.98,3.46,initial,clay,0.72,0
58.64,25.92,75.38,0,mid_season,sandy,0,1
34.71,26.39,81.59,4.75,initial,loamy,1.65,0
33.24,27.4,49.5,6.18,mid_season,clay,2.13,0
38.31,14.45,69.9,3.03,mid_season,clay,17.99,0
60.97,15.55,84.31,3.58,initial,sandy,0.92,0
42.84,13.21,56.21,0,development,loamy,0,1
58.94,12.91,84.12,3.13,initial,clay,6.81,0
58.71,12.22,48.33,0,late,sandy,0,1
61.48,14.49,68.91,0,initial,clay,0,0
34.59,21.66,41.73,0,late,loamy,0,1
38.35,27.77,47.63,0,initial,clay,0,0
47.5,27.84,49.07,0,late,sandy,0,1
36.65,19.11,79.31,5.5,late,sandy,3.64,0
95,25.29,88.69,4.63,late,clay,6.79,0
51.17,20.83,74.75,4.28,development,clay,0.72,0
49.33,14.66,45.88,2.67,mid_season,loamy,6.7,0
37.96,12.8,54.29,0,development,clay,0,1
47.43,22.49,81.29,3.0,initial,clay,5.13,0
62.07,17.74,49.18,3.99,late,clay,13.21,0
61.11,19.41,50.19,4.58,initial,sandy,11.32,0
25.27,14.45,60.77,4.61,late,sandy,9.56,0
43.89,23.43,46.23,5.58,development,clay,5.15,0
41.0,29.39,57.71,2.89,late,clay,16.43,0
65.21,14.12,46.7,3.46,mid_season,loamy,14.06,0
55.12,16.7,44.09,4.69,mid_season,clay,9.57,0
66.95,15.07,54.74,3.92,late,sandy,13.89,0
44.46,26.05,67.32,4.1,late,sandy,0.77,0
45.46,29.32,82.68,2.5,mid_season,loamy,19.49,0
58.0,25.47,50.95,4.73,development,loamy,7.89,0
78.19,22.38,41.8,5.4,development,sandy,24.14,0
70.57,13.83,65.03,5.4,late,clay,14.53,0
40.61,29.05,89.26,3.96,initial,sandy,6.69,0
69.2,14.01,47.96,4.09,initial,clay,10.48,0
66.64,20.18,75.8,3.95,development,clay,7.34,0
43.92,12.85,83.99,4.57,mid_season,loamy,4.45,0
49.14,19.24,77.2,4.36,development,loamy,13.53,0
74.02,29.56,77.79,0,late,sandy,0,0
52.35,15.42,80.1,2.56,initial,loamy,10.92,0
33.86,26.03,43.51,5.74,mid_season,loamy,19.82,0
69.49,25.64,47.41,4.27,development,sandy,9.33,0
37.81,17.35,83.55,4.79,development,loamy,2.99,0
29.33,29.94,75.52,4.02,initial,clay,9.78,0
56.38,29.16,76.07,2.86,development,loamy,8.81,0
47.37,29.08,42.47,2.27,initial,clay,4.97,0
48.18,28.0,55.72,3.49,mid_season,loamy,25.43,0
55.1,25.98,70.26,5.01,development,sandy,13.93,0
43.83,13.27,56.87,2.03,initial,sandy,3.87,0
66.72,20.08,82.88,3.21,initial,loamy,6.16,0
67.94,28.18,61.72,1.37,development,loamy,6.15,0
48.93,26.33,81.86,5.62,development,loamy,2.78,0
39.51,14.08,78.92,3.77,mid_season,loamy,19.48,0
59.7,20.75,67.18,2.64,initial,loamy,8.55,0
72.8,22.81,58.82,2.12,mid_season,sandy,15.78,0
29.46,19.3,73.17,1.28,initial,loamy,0.18,0
26.61,15.03,80.8,3.39,late,loamy,1.61,0
77.43,18.72,72.0,0,late,clay,0,0
37.63,21.31,78.98,4.5,development,loamy,15.38,0
50.21,17.38,85.08,0,development,sandy,0,1
42.1,19.95,46.53,6.07,development,sandy,14.0,0
47.56,26.48,57.48,4.88,late,loamy,11.6,0
9.69,29.02,47.14,4.38,development,clay,11.8,0
59.97,29.44,65.02,3.67,mid_season,loamy,15.61,0
65.91,20.84,50.76,3.12,late,sandy,1.86,0
65.8,14.63,45.58,4.7,initial,loamy,7.28,0
54.73,15.12,84.19,4.99,initial,clay,4.83,0
35.22,23.01,49.87,4.26,mid_season,loamy,14.94,0
47.24,28.99,56.02,4.82,initial,sandy,8.98,0
81.02,18.78,65.44,4.29,late,clay,8.39,0
95,21.33,48.97,1.92,late,sandy,19.35,0
59.96,26.56,57.92,3.72,mid_season,sandy,15.37,0
70.19,23.26,85.07,3.5,initial,clay,5.94,0
46.0,29.34,81.51,1.84,development,clay,13.47,0
39.45,24.27,80.12,0,late,sandy,0,1
31.46,16.55,82.83,5.59,development,clay,11.1,0
52.02,13.39,56.92,5.33,late,loamy,11.84,0
41.0,29.54,84.48,3.89,late,sandy,8.94,0
42.61,14.49,52.59,2.66,late,sandy,6.21,0
65.28,18.67,53.01,5.13,development,sandy,23.77,0
38.21,16.56,79.85,5.65,initial,sandy,5.19,0
64.4,13.02,63.04,0,initial,sandy,0,0
55.86,27.13,77.14,3.07,initial,sandy,3.45,0
17.72,22.73,69.58,3.66,initial,sandy,6.24,0
68.39,14.78,55.88,4.98,late,loamy,9.36,0
32.32,19.49,54.07,1.6,mid_season,sandy,5.24,0
67.47,18.46,84.33,5.29,mid_season,clay,20.74,0
52.0,25.17,76.02,4.09,development,sandy,4.34,0
67.09,27.67,50.91,4.94,development,loamy,7.66,0
36.79,20.13,69.71,5.15,mid_season,loamy,13.52,0
62.47,26.04,56.9,4.43,late,clay,15.88,0
31.83,17.35,55.51,5.08,late,clay,10.57,0
59.58,13.72,59.23,3.95,late,sandy,10.28,0
52.72,26.37,74.71,0,late,clay,0,0
50.33,14.23,77.48,4.35,late,loamy,11.3,0
78.56,17.77,60.03,2.32,mid_season,sandy,21.76,0
31.5,16.59,43.94,3.43,development,clay,9.62,0
80.45,26.61,76.37,3.4,late,clay,21.77,0
30.02,12.58,67.97,5.54,mid_season,sandy,16.12,0
40.17,19.23,67.02,4.43,mid_season,loamy,14.24,0
59.44,13.75,78.74,3.8,mid_season,loamy,14.8,0
41.94,12.48,85.45,4.39,development,clay,7.65,0
49.92,21.0,47.57,2.93,initial,sandy,1.34,0
77.12,15.19,47.77,4.34,mid_season,loamy,30.71,0
51.6,15.48,67.69,4.48,development,loamy,8.64,0
54.73,28.25,65.7,3.39,mid_season,loamy,8.69,0
70.8,24.26,85.08,4.04,late,sandy,18.85,0
93.6,12.34,52.81,4.53,late,sandy,7.48,0
47.66,21.9,53.86,5.41,mid_season,clay,7.03,0
36.58,25.77,71.86,3.84,late,clay,10.47,0
43.99,29.9,48.04,5.03,mid_season,clay,18.82,0
34.32,15.97,87.46,4.54,late,clay,14.66,0
47.76,25.26,67.9,4.66,late,loamy,15.93,0
62.57,13.23,42.93,2.61,initial,sandy,10.49,0
63.07,13.32,65.47,3.47,mid_season,loamy,11.58,0
51.97,15.7,41.89,3.79,initial,loamy,2.87,0
53.28,24.1,51.87,3.26,late,clay,6.7,0
41.92,14.53,66.86,0,development,clay,0,1
66.16,15.56,59.74,0,initial,clay,0,0
67.71,20.76,52.26,3.05,mid_season,loamy,13.3,0
40.6,16.74,68.62,3.62,development,sandy,2.02,0
34.37,24.23,85.72,2.28,mid_season,loamy,1.9,0
79.71,29.97,73.31,4.67,development,clay,8.85,0
67.32,23.94,43.27,6.08,initial,loamy,0.29,0
94.53,18.44,70.2,0,initial,sandy,0,0
95,22.94,71.04,4.28,mid_season,loamy,13.06,0
42.03,26.6,73.4,1.52,late,sandy,15.44,0
54.55,19.27,62.73,0,initial,clay,0,0
78.68,25.64,55.12,3.78,initial,loamy,5.42,0
26.88,17.79,79.35,3.93,initial,loamy,10.35,0
67.93,27.48,45.75,2.56,mid_season,sandy,11.22,0
18.7,14.31,83.28,4.67,initial,loamy,8.55,0
90.13,14.52,69.94,5.55,initial,clay,12.92,0
80.91,19.6,68.57,4.13,mid_season,loamy,12.13,0
31.38,28.8,62.81,0,late,sandy,0,1
37.59,16.98,64.83,3.82,development,loamy,5.37,0
36.16,20.68,67.12,2.97,initial,sandy,2.17,0
64.51,29.87,77.1,3.62,late,sandy,9.09,0
29.96,27.03,72.19,2.42,development,clay,3.52,0
52.87,13.73,82.55,3.07,late,loamy,11.01,0
34.73,27.43,44.85,4.23,initial,loamy,16.48,0
55.11,21.76,52.61,0,mid_season,loamy,0,0
70.76,20.07,57.3,4.93,initial,sandy,10.1,0
83.75,21.02,69.72,0,mid_season,sandy,0,0
60.97,19.76,60.83,5.41,initial,sandy,11.5,0
54.3,25.22,82.78,1.27,late,clay,10.88,0
81.05,22.4,78.6,3.56,mid_season,loamy,11.91,0
68.88,29.8,82.3,4.34,late,loamy,4.13,0
38.61,22.14,61.31,3.36,mid_season,sandy,0.85,0
91.41,15.11,71.66,4.08,late,clay,19.12,0
55.24,13.99,70.88,4.51,development,sandy,6.35,0
64.5,29.98,54.45,0,development,loamy,0,0
53.05,20.37,51.12,5.16,late,clay,12.1,0
83.53,21.36,80.06,3.75,development,loamy,8.49,0
69.78,20.18,82.8,2.95,development,sandy,0.37,0
52.31,27.2,82.55,3.6,development,clay,10.36,0
54.24,14.86,42.3,0,initial,sandy,0,0
69.58,20.61,77.03,5.36,mid_season,sandy,6.72,0
80.39,26.21,57.97,5.49,mid_season,loamy,7.39,0
13.05,16.64,74.07,4.42,late,loamy,6.37,0
44.36,14.02,71.35,0,late,sandy,0,1
58.52,20.06,63.45,3.0,mid_season,loamy,19.19,0
45.15,21.55,41.13,0,late,sandy,0,1
44.82,14.43,48.64,0,initial,clay,0,0
95,27.58,68.73,3.8,development,clay,11.66,0
62.97,28.63,69.37,5.32,late,sandy,9.19,0
50.73,25.8,85.82,0,development,loamy,0,1
54.72,20.06,74.0,4.56,initial,sandy,10.52,0
64.07,13.83,41.24,0,initial,clay,0,0
56.56,22.21,59.86,1.72,initial,sandy,22.83,0
78.1,23.06,54.57,5.27,development,sandy,5.2,0
85.71,12.07,51.94,4.88,mid_season,clay,13.67,0
39.92,17.59,75.19,3.75,late,sandy,2.61,0
73.0,23.32,88.34,5.52,initial,clay,8.19,0
61.61,13.24,73.43,0,initial,sandy,0,0
75.27,16.82,41.59,3.23,initial,sandy,14.71,0
68.53,18.35,58.15,5.33,initial,sandy,8.49,0
7.44,23.41,47.32,2.91,mid_season,clay,13.92,0
55.08,27.21,56.74,5.15,mid_season,sandy,13.3,0
41.7,18.78,80.93,3.99,mid_season,clay,13.06,0
81.28,12.79,67.24,3.28,development,clay,17.76,0
57.56,24.08,80.25,0,late,sandy,0,1
44.21,17.68,88.35,4.83,mid_season,clay,15.47,0
62.38,28.71,46.23,5.07,mid_season,sandy,15.54,0
73.66,20.43,89.1,4.42,late,loamy,8.31,0
58.58,19.6,88.81,5.32,development,loamy,11.35,0
74.04,26.97,86.61,3.31,late,clay,26.96,0
29.83,23.47,87.02,4.71,development,loamy,7.01,0
43.02,28.47,83.79,3.75,mid_season,sandy,4.88,0
48.46,16.2,46.89,3.02,late,sandy,5.67,0
72.01,13.56,63.93,3.99,development,sandy,1.95,0
56.3,29.38,47.62,4.09,mid_season,sandy,17.27,0
71.64,26.23,79.77,5.2,late,loamy,11.74,0
80.87,15.17,75.41,4.98,mid_season,sandy,2.36,0
40.0,13.32,77.35,4.48,mid_season,loamy,8.87,0
55.63,27.79,80.13,4.22,late,clay,4.3,0
75.52,17.98,59.14,4.56,mid_season,sandy,5.42,0
37.57,12.33,56.37,4.92,development,sandy,4.48,0
63.71,29.37,49.11,2.58,mid_season,loamy,11.9,0
49.27,18.61,73.13,5.45,mid_season,sandy,7.69,0
46.85,17.28,73.16,2.43,mid_season,loamy,7.28,0
86.93,22.73,81.56,3.17,mid_season,loamy,12.14,0
95,16.5,62.49,4.62,development,loamy,11.42,0
61.19,19.69,68.12,3.29,mid_season,loamy,12.05,0
50.75,26.14,77.88,0,development,clay,0,0
68.54,21.82,68.49,4.19,late,clay,19.12,0
37.04,18.19,79.5,4.68,initial,sandy,2.15,0
48.68,26.4,46.37,4.89,mid_season,clay,15.8,0
95,25.0,86.29,6.96,initial,loamy,12.91,0
65.22,12.53,87.81,2.41,initial,clay,2.56,0
49.52,24.55,63.47,3.13,mid_season,clay,9.86,0
41.32,25.44,44.73,4.37,late,loamy,3.67,0
60.28,19.82,64.82,4.92,late,clay,5.42,0
49.96,13.37,50.27,4.18,development,clay,3.24,0
85.95,24.86,86.5,4.28,initial,loamy,5.17,0
56.23,27.54,75.42,3.29,mid_season,clay,9.77,0
24.99,25.46,68.39,0,development,sandy,0,1
62.45,12.47,79.71,2.75,mid_season,clay,22.12,0
68.64,16.64,78.34,0,initial,loamy,0,0
49.43,15.43,89.62,5.0,initial,loamy,7.54,0
50.18,25.87,64.79,0,initial,loamy,0,0
48.63,13.46,62.88,2.91,mid_season,loamy,14.51,0
67.59,25.74,44.55,2.73,development,loamy,14.79,0
56.44,22.7,58.56,4.84,mid_season,clay,20.54,0
72.26,12.31,40.46,4.58,late,loamy,15.73,0
50.48,18.26,72.85,0.93,mid_season,sandy,10.89,0
91.69,22.76,55.53,1.26,late,sandy,7.28,0
55.91,17.19,64.33,3.49,mid_season,loamy,20.18,0
57.29,13.16,73.12,3.66,initial,sandy,9.99,0
69.88,23.74,42.52,4.26,late,loamy,6.92,0
62.83,14.18,59.62,0,initial,sandy,0,0
47.72,28.48,54.79,0,initial,clay,0,0
65.22,26.65,77.88,5.23,initial,loamy,12.59,0
41.92,22.28,50.98,2.93,development,loamy,20.19,0
64.4,12.08,63.64,0,development,clay,7.91,0
58.6,15.91,88.79,4.72,initial,sandy,2.28,0
54.73,26.94,65.46,3.05,late,sandy,2.77,0
29.45,24.82,66.31,3.59,development,loamy,11.94,0
73.74,16.46,62.14,3.76,development,loamy,16.15,0
57.92,29.18,53.67,5.8,initial,clay,14.76,0
93.23,23.11,68.42,3.44,mid_season,loamy,7.55,0
39.74,21.52,64.8,5.86,late,clay,12.06,0
54.15,25.72,42.64,2.49,development,sandy,0.26,0
50.74,25.34,50.66,4.77,mid_season,sandy,5.44,0
62.94,23.46,84.16,6.37,late,loamy,12.82,0
68.38,17.37,49.85,0,development,loamy,0,0
67.39,29.17,43.76,2.68,late,sandy,3.48,0
30.75,24.38,86.41,0,initial,clay,0,0
49.7,14.68,68.76,4.31,initial,sandy,9.8,0
65.91,25.98,64.4,4.14,late,loamy,16.11,0
78.94,15.15,87.61,5.31,late,clay,15.38,0
23.88,26.43,52.46,3.36,mid_season,sandy,20.28,0
77.17,26.64,44.21,4.53,mid_season,sandy,3.32,0
76.01,18.89,63.91,3.36,late,sandy,3.57,0
73.32,12.34,80.3,4.51,mid_season,sandy,6.13,0
62.65,17.97,79.06,4.62,development,sandy,8.34,0
76.22,20.26,51.66,4.98,mid_season,sandy,15.68,0
30.12,12.17,47.47,2.26,mid_season,clay,5.67,0
67.22,23.92,67.39,2.98,mid_season,sandy,16.95,0
48.19,22.59,57.23,0,initial,loamy,0,0
47.55,18.78,79.55,5.48,development,clay,0.36,0
65.46,28.35,68.89,3.15,mid_season,sandy,19.11,0
69.88,23.57,80.91,0,late,clay,0,0
72.68,29.17,82.05,5.2,mid_season,loamy,3.84,0
19.25,16.47,58.52,4.37,mid_season,clay,13.69,0
52.0,14.58,51.5,4.81,development,loamy,10.45,0
58.65,20.91,60.58,4.22,mid_season,loamy,11.58,0
43.84,22.8,74.51,4.05,development,loamy,8.92,0
43.83,23.12,63.71,3.05,late,loamy,5.84,0
37.75,18.11,58.09,2.45,late,clay,10.62,0
52.17,26.99,46.92,5.52,development,loamy,5.81,0
49.58,24.96,78.72,4.34,late,sandy,8.74,0
27.61,16.44,63.83,2.27,mid_season,loamy,16.67,0
38.15,14.41,63.78,4.91,late,sandy,2.65,0
95,16.79,75.86,4.75,development,loamy,9.06,0
69.37,19.98,42.51,4.89,late,sandy,2.14,0
36.48,19.57,68.88,4.01,late,sandy,17.62,0
62.73,27.57,41.99,0,development,sandy,0,0
61.73,12.66,84.03,2.67,mid_season,sandy,2.65,0
71.84,14.9,87.63,3.3,late,loamy,19.41,0
50.1,26.61,56.92,0,development,sandy,0,1
77.15,21.93,60.42,2.93,mid_season,clay,8.67,0
46.01,13.06,79.64,0,initial,sandy,0,0
48.56,29.74,80.87,5.36,late,clay,7.97,0
61.73,20.14,41.15,1.99,mid_season,sandy,24.68,0
24.8,14.08,76.45,3.35,development,clay,6.15,0
50.89,15.8,65.01,4.38,development,clay,7.73,0
41.29,20.28,61.65,0,late,sandy,0,1
59.23,16.87,85.98,4.47,development,sandy,0.75,0
41.67,17.58,47.88,3.75,late,loamy,11.28,0
31.76,17.97,47.89,4.42,initial,sandy,0.44,0
54.5,21.94,54.43,4.3,late,loamy,6.71,0
53.92,23.49,61.06,2.25,late,clay,7.23,0
40.35,17.42,75.56,5.94,development,clay,8.04,0
38.0,12.35,72.08,0,initial,sandy,0,0
56.77,22.56,86.2,4.86,late,clay,19.02,0
80.52,19.58,60.53,4.55,development,clay,3.68,0
37.24,23.91,59.58,6.06,initial,clay,1.52,0
66.92,12.53,72.26,5.16,late,loamy,4.72,0
45.86,21.88,54.55,0,mid_season,clay,0,0
53.04,22.34,60.59,5.47,mid_season,sandy,16.88,0
40.81,21.21,78.77,3.93,development,loamy,17.62,0
84.47,19.13,80.49,5.1,mid_season,loamy,14.32,0
24.8,12.85,82.33,4.18,mid_season,loamy,6.91,0
5,17.2,75.3,4.01,initial,clay,3.53,0
81.87,29.42,71.68,4.85,mid_season,loamy,8.36,0
57.78,19.85,85.99,0,initial,clay,0,0
44.32,20.18,59.18,0,development,loamy,0,1
54.82,19.28,75.43,5.06,development,loamy,17.53,0
46.81,20.93,85.85,4.49,mid_season,clay,17.75,0
60.17,17.11,72.21,0,initial,sandy,0,0
60.36,14.78,45.64,4.91,late,clay,20.14,0
33.19,17.44,74.91,4.61,mid_season,sandy,15.84,0
60.17,15.81,82.42,4.34,development,loamy,18.25,0
41.27,14.48,47.11,0,initial,clay,0,0
68.04,19.68,77.62,3.59,initial,sandy,2.42,0
78.61,18.95,76.76,2.25,late,sandy,24.27,0
69.19,29.14,49.33,4.41,mid_season,sandy,8.75,0
46.0,14.19,88.67,5.56,mid_season,sandy,4.15,0
28.72,17.96,54.52,3.4,late,loamy,12.06,0
81.35,20.47,44.7,1.93,initial,sandy,9.77,0
78.5,28.36,67.03,3.53,initial,clay,8.14,0
83.82,27.68,72.55,2.88,late,clay,1.5,0
13.84,21.28,55.39,4.12,mid_season,loamy,18.66,0
60.84,24.65,41.72,3.22,initial,clay,8.92,0
43.93,26.0,59.17,0,late,clay,0,1
36.41,18.18,49.01,5.65,late,sandy,8.6,0
13.36,21.61,76.89,4.25,mid_season,loamy,8.89,0
52.8,24.02,65.42,5.29,late,clay,16.4,0
37.56,13.69,45.6,3.74,development,loamy,12.14,0
61.66,25.37,63.76,4.72,development,sandy,13.1,0
67.41,29.18,57.25,3.53,initial,clay,8.38,0
84.76,19.75,87.77,3.13,initial,sandy,5.19,0
76.6,18.14,82.52,3.05,development,loamy,15.57,0
58.19,19.72,77.69,1.89,mid_season,clay,10.96,0
80.2,21.28,71.29,4.99,development,clay,1.82,0
54.24,13.72,82.88,3.8,initial,clay,11.37,0
36.1,29.89,53.47,4.25,mid_season,loamy,7.41,0
67.62,26.3,42.4,3.78,development,clay,3.1,0
47.05,19.35,46.7,4.43,development,sandy,10.67,0
51.23,20.54,81.3,3.72,mid_season,loamy,10.77,0
67.32,19.67,64.69,4.63,development,loamy,3.32,0
50.83,15.3,69.37,4.28,initial,sandy,2.5,0
54.29,19.61,57.47,4.61,development,loamy,14.55,0
74.37,12.67,81.09,5.81,mid_season,loamy,18.37,0
66.2,14.71,41.58,3.52,development,clay,14.33,0
94.42,15.64,44.41,2.01,development,clay,4.2,0
75.2,12.06,73.28,0,mid_season,loamy,0,0
45.25,18.51,69.25,3.05,late,loamy,9.58,0
68.27,23.58,56.26,0,initial,loamy,0,0
51.04,21.32,70.13,3.13,initial,sandy,7.21,0
65.17,12.76,50.55,4.04,mid_season,sandy,5.49,0
43.86,12.05,81.74,4.19,mid_season,loamy,2.65,0
58.62,21.23,68.07,3.74,initial,sandy,6.85,0
67.53,28.1,52.59,6.13,late,sandy,12.88,0
56.9,27.74,47.04,4.18,late,clay,9.76,0
53.1,21.83,68.47,4.75,initial,loamy,3.42,0
57.76,22.49,67.2,0,mid_season,loamy,0,0
50.03,22.61,74.3,4.3,development,clay,11.4,0
36.47,15.42,61.47,2.92,mid_season,clay,14.5,0
36.85,26.81,43.18,5.97,development,clay,4.22,0
72.56,14.95,53.09,3.17,development,clay,13.76,0
44.53,19.77,45.04,4.98,mid_season,sandy,10.78,0
52.97,27.04,74.62,2.45,initial,sandy,6.74,0
41.56,16.1,55.29,3.55,late,loamy,12.79,0
60.51,24.99,73.08,3.16,initial,loamy,3.11,0
41.52,19.45,65.66,3.88,initial,loamy,2.11,0
74.88,23.27,54.13,4.61,initial,loamy,10.87,0
48.22,26.33,85.21,3.09,development,clay,17.7,0
50.32,19.12,57.21,0.25,initial,clay,14.86,0
38.4,19.78,86.45,2.81,mid_season,loamy,10.04,0
54.48,23.45,79.87,4.79,late,loamy,8.43,0
51.15,23.87,84.46,3.22,late,clay,0.13,0
52.48,25.09,40.0,5.67,mid_season,loamy,1.66,0
49.22,25.13,41.41,0,initial,clay,0,0
47.6,22.45,61.53,4.74,initial,sandy,5.91,0
66.29,18.81,78.36,0.05,mid_season,sandy,8.17,0
42.01,15.21,72.17,3.14,mid_season,loamy,11.78,0
49.35,13.49,82.58,0,late,sandy,0,1
39.7,18.71,53.56,3.12,development,loamy,5.6,0
69.72,23.67,53.51,0,mid_season,sandy,0,0
95,13.02,81.65,0,late,sandy,0,0
68.49,13.06,42.85,1.55,late,sandy,12.7,0
55.62,22.08,50.4,5.92,development,clay,1.02,0
39.86,21.56,66.33,3.59,development,sandy,7.01,0
42.65,23.89,44.5,2.28,development,loamy,0.51,0
23.08,26.76,78.81,3.2,late,clay,6.77,0
50.16,20.41,76.59,3.17,mid_season,clay,22.04,0
62.22,14.15,62.63,1.06,mid_season,clay,9.7,0
11.91,13.38,67.74,3.65,development,clay,4.41,0
46.82,25.94,77.83,3.27,development,loamy,11.71,0
35.94,19.29,45.18,1.42,mid_season,sandy,13.65,0
60.3,13.82,73.78,4.53,mid_season,loamy,14.3,0
88.87,29.28,78.62,1.72,mid_season,clay,16.71,0
83.21,12.14,80.61,4.25,initial,clay,6.2,0
53.52,12.46,52.99,3.68,mid_season,loamy,18.14,0
38.3,18.33,55.89,3.73,initial,clay,2.16,0
44.64,29.2,83.31,3.68,development,clay,7.78,0
68.88,14.92,68.32,6.8,development,clay,15.71,0
66.33,13.55,62.11,5.44,mid_season,sandy,20.52,0
40.03,27.27,48.64,4.43,initial,sandy,3.83,0
60.77,27.02,73.69,3.58,initial,loamy,4.56,0
48.12,19.53,46.89,5.22,mid_season,sandy,4.19,0
52.54,25.84,46.51,2.68,development,sandy,11.67,0
59.53,26.95,81.97,0,initial,clay,0,0
42.46,18.5,71.51,3.22,initial,clay,5.59,0
79.75,18.01,54.28,3.1,initial,sandy,16.06,0
74.03,13.64,74.84,4.81,mid_season,loamy,20.05,0
61.33,14.59,66.12,2.57,development,loamy,22.93,0
29.18,28.99,43.63,4.14,mid_season,loamy,7.69,0
40.32,26.03,57.29,2.68,late,clay,4.33,0
66.85,24.67,87.72,0,development,loamy,0,0
59.38,14.9,66.23,5.09,initial,clay,3.83,0
39.5,16.8,64.91,5.26,late,loamy,15.57,0
67.93,27.08,66.41,4.93,mid_season,clay,11.09,0
43.59,28.41,82.93,3.5,development,loamy,3.02,0
32.02,27.4,82.67,0,late,loamy,0,1
58.51,29.94,79.69,4.5,development,clay,2.74,0
76.59,23.07,47.57,3.42,development,loamy,3.88,0
92.25,27.99,57.56,2.92,mid_season,sandy,1.16,0
71.34,25.17,78.29,0,initial,sandy,0,0
59.53,25.62,69.11,4.77,development,sandy,6.52,0
69.42,26.0,58.09,0.69,initial,sandy,1.54,0
75.89,13.57,67.43,6.06,development,clay,13.13,0
49.88,21.16,45.65,5.57,mid_season,loamy,15.05,0
48.41,17.07,44.43,3.37,development,loamy,8.06,0
16.23,22.16,89.22,3.99,initial,clay,10.73,0
47.63,20.43,75.65,2.8,initial,sandy,12.18,0
55.26,27.66,60.51,5.41,mid_season,loamy,8.29,0
32.47,21.48,82.8,4.76,development,clay,8.57,0
61.95,17.31,88.23,3.26,development,sandy,10.91,0
64.84,27.6,56.34,5.23,initial,loamy,0.84,0
72.31,15.76,88.72,1.77,late,sandy,9.62,0
41.23,17.42,58.49,4.99,development,clay,8.95,0
44.91,19.67,64.62,3.53,late,loamy,3.95,0
44.22,12.58,61.6,0,initial,loamy,0,0
43.22,21.58,83.94,6.79,development,clay,15.31,0
51.01,15.29,84.66,3.73,mid_season,loamy,8.71,0
63.82,28.31,89.11,0,initial,clay,0,0
30.17,20.86,54.82,4.5,development,clay,25.45,0
58.48,28.68,87.74,4.43,development,loamy,10.22,0
65.67,26.07,73.34,5.48,development,sandy,7.59,0
56.71,27.09,73.64,3.68,initial,clay,6.88,0
28.03,16.77,59.02,0,initial,clay,0,0
62.7,28.15,42.45,3.85,late,loamy,23.4,0
68.22,26.75,66.39,2.92,development,clay,4.42,0
14.75,13.59,85.35,0,mid_season,sandy,0,1
58.68,29.96,80.06,2.49,late,loamy,5.73,0
33.77,26.11,42.59,0,initial,loamy,0,0
61.22,17.23,61.18,4.85,late,clay,17.59,0
71.59,19.03,51.25,2.71,development,clay,14.19,0
33.8,27.34,77.14,3.81,late,clay,2.28,0
38.71,27.59,75.33,4.74,initial,clay,2.61,0
65.51,19.62,48.91,3.84,development,clay,2.13,0
65.06,17.19,82.13,4.54,late,loamy,25.53,0
42.37,26.03,52.05,5.27,late,loamy,11.45,0
49.73,15.35,47.18,5.13,development,sandy,11.85,0
56.62,25.1,52.32,4.55,development,sandy,31.47,0
25.01,14.11,55.55,4.99,development,sandy,12.88,0
65.13,25.87,74.94,3.12,late,clay,8.23,0
95,20.22,85.34,3.47,late,clay,18.52,0
56.09,28.44,85.03,4.63,development,loamy,9.38,0
50.14,14.11,84.84,2.14,development,sandy,6.68,0
46.99,12.19,60.4,4.88,mid_season,clay,2.4,0
41.34,28.81,46.87,0,initial,sandy,0,0
67.9,26.43,56.07,4.92,mid_season,loamy,25.38,0
64.37,20.68,68.24,3.78,development,loamy,4.47,0
29.9,23.54,52.92,3.76,mid_season,loamy,19.39,0
76.53,15.63,82.93,0,development,sandy,0,0
65.11,21.13,43.87,4.11,mid_season,sandy,14.26,0
64.57,27.23,54.28,0,initial,clay,0,0
59.84,19.61,45.29,1.93,initial,clay,3.01,0
61.2,19.82,58.29,3.96,late,clay,12.26,0
40.44,15.71,55.91,3.86,mid_season,loamy,8.24,0
57.96,26.28,47.47,2.73,late,sandy,9.61,0
25.65,23.38,78.24,1.37,mid_season,clay,17.19,0
48.88,15.93,88.25,5.37,late,loamy,8.86,0
48.07,19.28,51.5,0,mid_season,sandy,0,1
63.87,20.63,70.71,5.97,mid_season,clay,17.78,0
50.25,21.14,68.86,3.12,mid_season,sandy,10.85,0
76.45,15.58,54.37,3.05,late,loamy,6.12,0
31.56,20.43,53.22,2.54,initial,sandy,9.55,0
48.2,14.41,75.08,3.45,mid_season,clay,21.57,0
37.1,27.08,72.79,4.24,late,clay,12.26,0
27.45,19.41,58.61,4.1,development,clay,11.45,0
41.88,28.36,40.18,4.6,initial,clay,10.75,0
81.25,18.2,62.64,2.2,development,loamy,2.33,0
64.86,24.27,83.05,2.72,initial,clay,4.65,0
64.41,28.12,80.73,4.31,late,loamy,21.7,0
91.13,28.52,64.58,0,initial,sandy,0,0
66.7,19.49,72.19,5.45,late,sandy,3.95,0
71.61,17.91,62.53,5.81,development,sandy,2.87,0
69.59,29.39,65.38,2.89,mid_season,loamy,11.23,0
70.43,25.15,74.39,3.47,mid_season,sandy,9.5,0
47.87,16.72,61.6,3.83,initial,loamy,10.41,0
36.31,17.55,60.88,4.84,mid_season,sandy,3.78,0
61.23,23.75,67.14,0,late,loamy,0,0
62.17,22.14,42.22,5.38,development,clay,1.72,0
41.43,13.21,54.09,4.19,late,loamy,7.36,0
34.36,18.13,79.48,3.05,late,sandy,16.38,0
49.65,25.43,60.37,2.24,late,loamy,15.83,0
75.89,19.46,80.26,2.99,initial,loamy,16.25,0
62.61,19.71,59.61,4.7,development,loamy,7.74,0
37.83,24.17,42.38,5.15,development,clay,11.96,0
30.44,22.06,58.26,4.56,development,loamy,4.23,0
71.92,13.98,78.03,2.72,mid_season,clay,1.85,0
42.93,20.08,77.2,4.45,development,sandy,2.57,0
86.57,15.39,61.47,0,late,sandy,0,0
53.19,22.43,88.88,3.84,initial,clay,0.7,0
46.52,18.87,48.22,2.92,late,sandy,14.54,0
44.44,24.59,73.42,3.03,late,clay,14.15,0
34.07,24.25,49.68,2.24,development,loamy,17.83,0
76.89,26.47,40.65,2.29,mid_season,clay,25.61,0
53.99,19.69,77.04,4.46,late,loamy,12.06,0
49.85,18.06,64.87,4.09,late,loamy,22.52,0
27.37,15.66,82.06,0,initial,clay,0,0
67.07,13.31,44.56,6.02,development,clay,9.49,0
71.04,16.92,65.68,2.04,development,sandy,14.01,0
56.97,27.47,72.88,5.74,development,loamy,12.38,0
41.99,13.56,67.05,3.92,mid_season,loamy,11.38,0
47.21,22.07,81.85,0,late,sandy,0,1
42.38,16.95,72.71,4.48,development,loamy,13.88,0
56.68,18.85,55.03,0,initial,sandy,0,0
39.96,19.11,53.54,3.69,late,clay,6.99,0
81.94,29.33,88.79,3.41,development,clay,7.99,0
36.2,19.78,87.64,3.31,late,clay,7.66,0
71.55,14.19,53.62,1.4,mid_season,loamy,7.84,0
41.11,28.25,85.81,3.54,late,clay,23.17,0
56.94,25.61,46.57,3.91,development,sandy,15.11,0
56.9,21.02,76.83,0,development,loamy,0,0
69.98,14.56,66.21,5.5,initial,sandy,17.44,0
56.24,22.75,53.39,6.17,mid_season,loamy,6.86,0
43.38,16.26,57.95,4.17,development,sandy,5.73,0
61.89,20.92,70.79,5.86,late,loamy,8.45,0
51.51,21.16,57.05,2.77,late,sandy,11.56,0
48.78,18.15,83.53,4.52,late,clay,12.07,0
39.61,25.91,47.1,3.07,initial,loamy,1.91,0
64.92,27.83,40.04,3.76,mid_season,clay,16.36,0
43.39,24.69,87.98,2.53,late,sandy,2.81,0
79.63,21.36,63.32,4.37,development,clay,14.44,0
66.52,28.67,50.51,4.72,mid_season,loamy,0.07,0
93.67,20.23,77.2,3.09,late,loamy,8.42,0
52.64,18.05,45.02,2.7,development,sandy,4.46,0
95,20.22,56.76,5.43,late,loamy,13.59,0
57.69,26.88,47.06,0,initial,sandy,0,0
46.78,15.9,72.1,0,initial,loamy,0,0
75.17,23.58,61.7,0,initial,sandy,0,0
53.74,21.85,75.16,8.09,development,loamy,16.2,0
67.25,15.33,40.75,2.26,mid_season,clay,5.8,0
49.09,17.12,88.03,4.74,development,sandy,1.03,0
36.96,19.92,56.29,4.51,mid_season,clay,13.16,0
31.47,18.0,75.96,4.52,late,clay,14.79,0
95,25.88,87.39,4.89,late,clay,8.09,0
62.58,23.81,76.68,5.2,development,loamy,2.43,0
71.45,26.99,76.34,3.54,late,loamy,21.18,0
79.06,12.81,66.36,3.23,late,sandy,7.95,0
62.26,23.96,58.03,5.83,initial,clay,4.42,0
14.04,19.68,82.25,5.09,mid_season,loamy,16.78,0
58.25,21.49,68.57,6.18,mid_season,loamy,10.86,0
70.28,12.49,71.85,5.79,mid_season,loamy,9.33,0
80.86,25.18,59.44,3.68,mid_season,loamy,9.42,0
52.11,12.23,42.18,3.99,mid_season,loamy,3.81,0
58.8,13.66,45.11,0,late,clay,0,0
49.13,21.87,88.3,2.83,development,sandy,17.06,0
29.6,15.76,83.54,5.28,mid_season,sandy,20.22,0
60.76,19.05,63.89,2.93,late,clay,6.82,0
61.03,17.71,67.57,3.79,initial,clay,20.08,0
65.04,13.81,74.99,6.31,initial,clay,2.51,0
53.63,22.86,58.37,0,late,sandy,0,1
52.86,12.99,57.89,5.37,late,clay,9.97,0
48.03,15.24,42.56,4.3,development,sandy,15.61,0
56.17,20.74,50.06,3.17,late,loamy,17.89,0
69.27,27.68,60.94,0,late,clay,0,0
49.47,27.26,56.04,5.66,development,clay,11.85,0
43.42,19.22,54.32,2.8,initial,clay,10.73,0
62.55,13.55,68.39,4.59,mid_season,clay,11.65,0
82.21,16.15,48.41,4.52,late,sandy,19.79,0
48.96,19.61,72.5,4.15,development,clay,13.84,0
55.21,26.25,57.38,7.1,development,loamy,24.15,0
55.24,19.54,44.6,0,development,sandy,0,1
72.51,14.98,43.4,4.4,mid_season,clay,18.83,0
26.96,21.73,89.7,4.0,late,loamy,5.14,0
41.85,18.51,81.09,2.13,mid_season,clay,1.33,0
43.83,23.8,83.87,2.5,late,clay,19.52,0
37.12,15.07,43.99,2.45,mid_season,loamy,26.48,0
51.15,20.45,78.93,3.33,mid_season,clay,0.34,0
35.72,24.0,85.6,3.36,late,sandy,7.92,0
62.34,13.84,44.77,2.92,development,sandy,2.48,0
44.04,29.5,78.98,4.68,initial,loamy,13.07,0
70.43,26.19,40.38,0,late,loamy,0,0
50.26,28.73,59.5,3.04,late,sandy,9.64,0
60.47,28.25,79.07,4.84,mid_season,loamy,15.56,0
77.82,18.9,43.33,3.06,initial,sandy,4.23,0
35.27,27.09,65.95,4.94,development,sandy,3.92,0
95,12.52,50.91,5.24,initial,sandy,3.96,0
49.25,19.83,42.7,5.04,initial,sandy,1.78,0
65.3,17.37,74.12,0,late,clay,0,0
53.58,26.98,85.73,5.18,mid_season,sandy,5.74,0
80.13,20.74,57.54,2.88,initial,sandy,2.17,0
83.76,15.88,61.22,0,mid_season,sandy,0,0
38.41,28.22,77.04,4.55,late,clay,18.21,0
64.52,27.1,66.93,0,development,loamy,0,0
37.13,24.71,53.27,3.28,late,loamy,5.9,0
46.34,12.77,54.86,5.0,initial,clay,14.14,0
74.6,12.46,42.53,0,late,sandy,0,0
44.77,29.17,46.86,4.49,development,sandy,5.12,0
47.64,13.61,84.84,4.34,late,clay,10.97,0
59.48,24.6,49.5,4.51,mid_season,loamy,12.32,0
26.63,14.48,47.54,0,initial,loamy,0,0
37.7,20.19,45.5,4.02,mid_season,loamy,5.03,0
53.89,12.88,40.37,3.89,mid_season,sandy,20.74,0
65.03,14.13,49.51,4.27,late,loamy,7.57,0
53.56,26.87,80.08,4.75,late,clay,5.72,0
90.66,28.34,44.23,1.94,late,sandy,9.38,0
35.53,17.1,62.95,0,development,loamy,0,1
50.15,16.08,65.46,4.75,late,sandy,7.55,0
75.0,14.79,74.85,5.89,development,loamy,8.7,0
70.89,16.91,43.52,6.31,mid_season,loamy,12.9,0
58.94,15.1,44.21,2.87,late,clay,6.09,0
45.77,21.97,67.47,3.23,development,sandy,13.72,0
47.37,25.44,72.34,3.14,mid_season,clay,20.26,0
63.35,18.25,57.2,3.53,mid_season,sandy,17.4,0
81.53,14.07,67.77,2.68,development,sandy,7.83,0
24.74,26.75,77.59,2.81,initial,sandy,11.92,0
63.53,17.92,78.13,1.81,late,loamy,5.68,0
45.69,18.51,61.76,4.83,development,sandy,9.0,0
80.33,19.91,63.3,5.11,late,loamy,4.5,0
51.37,14.62,66.4,2.11,late,sandy,21.32,0
59.45,15.93,47.75,4.69,late,clay,7.17,0
78.65,21.34,80.92,3.72,late,sandy,8.25,0
29.67,29.04,52.65,4.07,late,loamy,12.85,0
43.42,23.59,54.31,4.44,development,loamy,9.1,0
70.9,29.12,58.42,3.82,development,sandy,7.07,0
40.32,15.38,85.93,3.35,mid_season,loamy,8.57,0
38.78,24.36,53.01,3.29,development,loamy,16.63,0
35.32,27.91,73.19,2.57,mid_season,clay,15.95,0
58.37,29.52,44.33,5.61,initial,sandy,7.41,0
50.05,18.39,47.59,4.53,late,clay,8.96,0
33.4,16.38,82.64,5.55,initial,clay,10.81,0
27.25,28.66,55.15,2.4,initial,clay,15.74,0
81.68,18.42,57.39,3.72,initial,sandy,5.78,0
44.77,17.12,76.32,3.03,initial,clay,2.68,0
46.96,15.57,72.3,4.58,initial,sandy,1.78,0
40.13,19.79,74.81,2.29,mid_season,clay,17.74,0
27.97,28.32,68.45,3.03,development,clay,19.14,0
57.42,27.5,62.41,3.11,mid_season,loamy,4.82,0
63.92,16.38,52.12,5.43,mid_season,clay,20.17,0
53.66,13.23,55.97,2.83,mid_season,clay,15.54,0
44.18,18.88,63.46,4.39,development,loamy,3.03,0
61.96,22.48,55.62,3.79,development,clay,15.92,0
43.69,21.17,88.02,4.67,late,sandy,3.89,0
55.23,23.02,55.01,3.55,development,sandy,3.94,0
49.82,19.03,54.99,0,late,sandy,0,1
81.98,14.26,44.73,5.54,development,clay,7.06,0
70.93,17.06,65.44,4.52,development,sandy,2.63,0
17.66,23.82,86.83,4.41,initial,loamy,4.67,0
86.94,21.79,47.16,0,late,sandy,0,0
43.37,12.54,85.94,4.16,mid_season,loamy,23.47,0
34.66,19.55,47.74,0,development,loamy,0,1
54.14,12.31,53.61,4.12,initial,clay,15.67,0
58.55,26.38,53.84,3.75,late,loamy,14.67,0
79.26,24.62,77.78,3.13,mid_season,clay,12.74,0
53.05,14.95,52.07,0,initial,clay,0,0
9.71,17.4,61.71,4.02,initial,loamy,1.48,0
83.39,19.05,70.66,3.82,late,clay,3.05,0
56.1,13.32,80.29,6.25,late,clay,6.58,0
60.6,24.07,64.58,2.74,development,sandy,15.48,0
22.21,19.85,83.34,5.06,initial,clay,12.85,0
49.06,26.55,47.6,4.82,mid_season,sandy,15.23,0
45.34,29.38,61.77,3.49,initial,clay,11.83,0
67.39,21.36,75.78,5.33,development,sandy,9.32,0
57.25,25.96,78.78,0,initial,sandy,0,0
66.91,15.71,67.4,3.87,late,sandy,16.63,0
46.37,23.94,56.5,4.24,mid_season,sandy,18.97,0
67.94,14.27,54.91,0,late,loamy,0,0
66.1,23.9,79.35,3.64,initial,clay,8.04,0
28.7,13.7,69.63,4.21,development,clay,9.18,0
67.86,19.25,66.12,5.75,mid_season,sandy,5.44,0
32.03,29.67,84.48,3.9,initial,sandy,10.37,0
87.38,17.89,60.61,0,development,clay,0,0
92.9,20.36,45.21,3.76,initial,loamy,7.99,0
44.76,20.84,47.96,3.42,development,sandy,11.76,0
78.25,26.46,86.48,3.49,mid_season,clay,19.35,0
21.61,20.42,67.39,2.17,development,loamy,6.69,0
60.39,22.86,69.45,0,development,clay,0,0
51.71,26.74,52.64,0,mid_season,sandy,0,1
35.5,25.72,47.77,3.37,development,loamy,6.38,0
41.4,16.46,59.7,3.29,mid_season,loamy,13.03,0
55.31,18.86,73.77,4.09,development,sandy,7.3,0
95,27.78,76.19,0,late,sandy,0,0
48.5,21.53,63.86,5.8,mid_season,loamy,2.71,0
39.49,21.58,70.75,4.15,mid_season,sandy,6.63,0
78.06,25.8,40.9,0,late,sandy,0,0
56.9,15.25,82.92,0,mid_season,sandy,0,1
38.87,17.75,78.34,4.63,initial,loamy,12.88,0
40.24,19.08,58.42,0,initial,loamy,0,0
42.55,22.58,47.63,3.02,mid_season,sandy,14.79,0
48.97,17.32,48.93,3.56,initial,sandy,6.46,0
65.18,15.81,66.68,4.7,late,loamy,9.02,0
51.14,16.39,79.24,0,development,sandy,0,1
38.5,21.12,50.0,3.99,mid_season,clay,7.18,0
89.37,21.61,85.97,2.84,initial,sandy,4.39,0
45.97,21.54,57.95,4.48,mid_season,sandy,13.64,0
58.06,15.99,52.65,2.84,mid_season,loamy,6.54,0
43.08,22.33,46.16,4.92,late,clay,9.25,0
32.99,29.35,88.11,3.69,initial,loamy,23.74,0
69.57,24.98,48.91,2.78,development,clay,5.86,0
49.33,25.29,48.27,3.71,late,clay,1.53,0
19.01,13.51,72.96,3.5,late,loamy,5.41,0
48.28,28.85,40.33,6.28,initial,clay,1.78,0
61.47,17.42,68.28,5.42,development,sandy,17.31,0
65.15,29.8,71.75,3.09,initial,loamy,13.88,0
59.66,15.35,76.94,4.14,initial,loamy,5.46,0
32.39,20.95,46.64,0,initial,sandy,0,0
72.05,28.12,53.34,7.37,development,clay,9.23,0
68.67,25.82,86.12,4.29,mid_season,clay,8.86,0
59.84,16.8,84.06,1.65,development,loamy,7.4,0
61.74,18.46,42.49,4.53,development,loamy,12.85,0
38.94,24.4,54.8,2.4,initial,clay,5.08,0
50.26,19.24,52.43,5.22,late,clay,5.72,0
50.21,24.26,66.77,2.61,mid_season,sandy,6.57,0
51.5,22.87,73.5,3.75,late,loamy,14.56,0
57.34,14.05,56.9,3.88,initial,sandy,3.09,0
69.85,18.44,77.61,0,development,sandy,0,0
82.66,22.13,46.38,2.99,initial,loamy,6.04,0
63.4,28.34,55.84,0,initial,sandy,0,0
64.58,21.74,43.92,3.25,mid_season,clay,17.12,0
40.33,23.13,62.34,2.7,mid_season,clay,24.33,0
52.87,17.46,40.95,4.51,mid_season,clay,9.13,0
89.41,13.7,41.99,4.42,initial,clay,16.63,0
33.18,12.55,52.16,2.92,mid_season,sandy,9.63,0
53.22,23.52,64.51,4.23,initial,sandy,2.17,0
70.66,26.93,65.95,2.43,initial,sandy,6.65,0
29.71,20.06,64.52,4.11,development,clay,3.01,0
43.52,24.03,80.12,2.86,late,sandy,8.12,0
76.85,24.14,64.3,3.86,late,clay,7.2,0
90.96,22.02,87.11,0,development,loamy,0,0
76.73,23.21,57.09,2.63,development,sandy,17.09,0
44.38,22.82,70.95,4.64,mid_season,sandy,13.01,0
47.34,17.47,89.7,0,initial,loamy,0,0
60.52,18.83,74.49,3.43,development,sandy,15.72,0
48.41,15.8,81.84,4.47,late,loamy,12.62,0
75.43,19.23,49.1,5.14,mid_season,loamy,19.19,0
65.72,13.38,77.65,4.3,development,sandy,21.77,0
76.45,19.9,48.24,0,mid_season,sandy,0,0
32.38,27.7,46.54,2.86,mid_season,sandy,14.63,0
37.82,29.17,64.86,3.03,mid_season,clay,11.38,0
61.11,26.75,63.65,3.95,initial,clay,3.94,0
57.98,22.18,72.45,3.1,development,loamy,12.37,0
76.23,27.75,50.79,4.89,mid_season,loamy,7.02,0
57.04,20.02,49.12,4.34,development,loamy,6.2,0
60.47,26.72,86.06,2.54,initial,clay,5.22,0
60.54,12.42,64.99,4.39,mid_season,loamy,3.7,0
53.82,14.53,83.79,6.11,initial,loamy,7.89,0
51.1,12.12,69.73,5.95,mid_season,sandy,3.05,0
34.32,18.24,57.91,4.13,development,sandy,3.07,0
56.29,15.08,60.1,2.57,initial,sandy,9.66,0
44.18,22.96,78.38,0,development,sandy,0,1
95,28.55,89.75,4.78,development,loamy,2.04,0
76.35,12.53,40.6,3.7,initial,loamy,11.68,0
84.22,29.38,76.77,0,initial,sandy,0,0
46.38,16.76,84.48,0,initial,clay,0,0
53.45,28.26,45.6,3.86,development,clay,14.95,0
95,29.44,81.95,3.63,late,clay,10.54,0
35.95,12.41,43.97,3.32,late,loamy,15.83,0
38.31,28.41,81.21,4.83,initial,clay,9.31,0
65.55,19.98,59.85,0,late,clay,0,0
43.79,18.05,67.54,4.52,late,sandy,6.72,0
71.26,24.5,86.03,2.44,mid_season,loamy,15.92,0
65.59,28.86,69.88,4.81,late,sandy,6.1,0
28.64,26.56,68.47,3.83,initial,clay,16.64,0
61.02,28.33,78.0,0,late,loamy,0,0
62.97,26.21,48.22,4.11,mid_season,loamy,3.05,0
79.79,16.18,80.03,4.87,late,sandy,7.47,0
52.66,25.49,56.62,3.12,late,sandy,5.93,0
73.56,12.42,79.63,4.34,late,clay,6.78,0
75.43,29.16,76.6,4.02,development,clay,22.79,0
16.62,27.32,49.6,4.0,initial,clay,6.4,0
44.07,16.35,49.07,3.82,late,sandy,14.35,0
34.48,18.94,68.84,3.86,late,sandy,14.66,0
58.4,21.25,66.97,4.74,initial,loamy,4.43,0
71.93,14.6,62.5,4.12,late,sandy,21.68,0
39.36,18.0,81.52,0,mid_season,sandy,0,1
73.1,14.92,61.75,4.89,late,sandy,10.63,0
61.21,24.08,88.02,0,initial,sandy,0,0
60.26,26.42,68.93,3.98,initial,clay,8.76,0
66.26,14.95,82.3,6.05,initial,clay,0.26,0
50.13,20.42,68.02,4.7,mid_season,loamy,14.25,0
45.96,26.79,73.73,3.59,mid_season,loamy,13.06,0
25.17,25.24,77.33,2.07,mid_season,clay,7.95,0
92.34,19.9,82.21,5.45,development,clay,13.03,0
47.54,23.28,82.39,5.2,late,clay,5.63,0
68.95,13.27,74.48,2.61,development,loamy,4.77,0
23.17,21.17,63.63,3.36,late,clay,0.11,0
65.19,28.53,58.94,6.12,mid_season,sandy,6.5,0
77.45,13.0,74.31,3.69,late,sandy,11.83,0
33.88,27.09,66.22,4.32,mid_season,loamy,3.02,0
56.29,18.0,75.3,4.93,late,clay,12.42,0
36.48,13.14,55.28,3.93,late,clay,13.26,0
39.35,22.21,73.45,3.5,development,clay,12.35,0
49.18,23.21,67.17,3.87,mid_season,loamy,10.24,0
61.37,16.49,43.77,2.82,late,sandy,15.59,0
53.75,24.21,49.3,4.36,development,loamy,0.14,0
49.59,28.17,88.07,3.23,initial,loamy,16.35,0
75.34,13.55,53.68,3.76,development,clay,6.25,0
80.44,19.08,81.83,4.46,mid_season,clay,17.48,0
94.65,14.82,84.59,3.65,mid_season,sandy,4.0,0
59.59,28.03,57.49,2.31,late,clay,7.68,0
59.13,26.94,75.8,3.56,initial,loamy,9.22,0
48.83,29.15,61.45,2.94,development,loamy,8.36,0
34.46,21.58,77.46,3.3,development,loamy,10.29,0
53.7,26.32,73.12,3.66,development,loamy,6.04,0
51.71,29.39,66.33,5.07,initial,clay,10.13,0
53.2,17.38,46.98,5.03,late,clay,13.27,0
42.29,16.76,48.29,1.26,initial,loamy,0.59,0
37.57,17.66,76.92,3.27,development,clay,19.45,0
73.92,21.58,42.64,0,initial,sandy,0,0
37.81,20.09,46.0,3.25,development,clay,10.55,0
51.36,14.33,73.02,3.53,mid_season,loamy,5.97,0
23.77,25.68,85.61,2.6,mid_season,clay,14.55,0
74.47,24.05,83.68,2.38,late,loamy,12.56,0
38.29,23.13,70.71,0,development,sandy,0,1
41.4,18.36,67.49,0,initial,sandy,0,0
37.97,26.42,63.77,0,initial,loamy,0,0
27.88,13.22,75.33,3.93,late,loamy,9.21,0
50.7,28.12,61.53,2.83,late,loamy,2.9,0
45.35,14.07,77.9,4.79,initial,sandy,3.26,0
56.71,20.63,60.87,5.94,mid_season,loamy,13.23,0
54.53,12.61,50.8,3.81,initial,clay,20.34,0
65.5,26.3,47.15,2.61,initial,clay,18.34,0
62.67,28.87,57.28,0,initial,loamy,0,0
55.29,17.02,81.34,0,mid_season,loamy,0,0
39.23,27.3,89.0,5.67,mid_season,loamy,11.11,0
58.41,29.55,66.88,2.36,late,loamy,2.87,0
51.19,16.1,80.41,1.6,late,sandy,2.91,0
87.41,17.81,69.54,0,late,loamy,0,0
91.11,22.11,87.37,3.89,initial,loamy,0.04,0
74.83,26.41,87.68,5.54,development,loamy,7.39,0
65.71,29.07,54.42,3.5,initial,clay,7.12,0
72.7,27.68,59.71,5.01,initial,loamy,1.87,0
70.85,13.73,55.36,4.06,mid_season,clay,14.93,0
54.11,29.46,55.1,2.05,late,clay,2.1,0
69.53,16.48,41.17,0,late,sandy,0,0
70.79,25.19,58.53,0,late,sandy,0,0
71.71,29.09,88.42,2.88,initial,clay,16.03,0
79.69,19.24,66.33,5.34,mid_season,clay,24.09,0
37.86,26.29,82.33,5.33,late,clay,27.82,0
29.69,13.99,61.62,3.13,development,clay,13.43,0
44.13,12.09,87.16,0,development,clay,0,0
87.52,21.09,82.21,5.37,mid_season,clay,14.58,0
71.1,27.54,41.13,4.88,initial,sandy,1.23,0
80.56,19.47,86.1,4.04,mid_season,loamy,15.14,0
40.69,28.58,48.96,5.45,development,clay,11.05,0
59.89,13.22,87.25,4.91,mid_season,clay,23.51,0
63.41,16.96,48.32,1.73,late,loamy,10.92,0
50.4,22.85,60.64,4.37,development,loamy,13.27,0
48.87,27.51,69.94,4.06,mid_season,clay,26.67,0
44.94,13.44,73.61,3.77,development,loamy,10.91,0
49.79,18.17,69.54,3.08,late,loamy,4.62,0
30.94,18.95,87.63,3.17,development,sandy,2.01,0
53.88,13.49,45.46,5.29,initial,clay,5.2,0
43.79,12.11,55.7,4.36,mid_season,clay,10.79,0
45.07,28.46,46.89,0,initial,clay,0,0
60.6,29.59,86.7,0,initial,clay,0,0
62.66,18.48,81.86,2.74,initial,loamy,11.91,0
55.33,25.82,80.82,0,development,sandy,0,1
31.54,26.55,78.47,3.39,late,loamy,11.66,0
93.86,28.46,78.54,3.79,mid_season,clay,22.34,0
20.95,13.32,54.71,2.89,development,clay,18.43,0
51.26,27.95,40.7,2.24,mid_season,loamy,7.39,0
51.39,28.3,69.52,3.03,initial,loamy,4.15,0
70.7,25.4,73.9,5.04,development,loamy,4.4,0
43.74,27.29,75.07,3.7,mid_season,sandy,16.49,0
61.64,19.22,41.46,2.9,initial,sandy,15.74,0
43.95,25.53,46.09,2.99,mid_season,clay,9.63,0
51.39,12.44,48.13,3.23,late,loamy,7.38,0
64.18,28.04,49.56,2.59,mid_season,sandy,25.62,0
58.69,16.37,60.99,2.96,mid_season,loamy,17.65,0
42.47,19.03,58.15,5.04,late,clay,13.61,0
60.79,17.56,69.17,2.87,late,sandy,5.02,0
39.08,13.51,70.65,3.47,mid_season,sandy,20.09,0
55.39,26.11,76.29,4.22,mid_season,sandy,19.18,0
70.25,22.41,85.11,4.56,late,sandy,15.33,0
44.02,25.57,60.04,0,mid_season,loamy,0,1
67.8,13.6,54.49,3.63,initial,sandy,14.35,0
70.09,24.24,42.57,4.3,initial,loamy,9.47,0
68.07,19.0,61.05,0,late,sandy,0,0
47.46,28.39,75.15,0,initial,clay,0,0
29.69,12.11,42.24,0,development,loamy,0,1
38.13,16.02,58.07,0,initial,loamy,0,0
59.02,22.45,78.54,0,initial,clay,0,0
38.41,12.97,58.56,4.03,development,clay,14.43,0
36.43,12.48,81.18,6.73,late,loamy,4.21,0
47.76,16.92,81.48,4.45,initial,loamy,1.31,0
42.18,25.11,46.01,0,initial,sandy,0,0
75.78,27.32,48.03,4.93,development,sandy,16.95,0
47.14,29.02,44.73,4.28,initial,clay,2.33,0
54.72,22.85,42.93,4.98,mid_season,sandy,21.24,0
53.31,15.51,60.29,5.03,initial,loamy,12.42,0
81.38,22.02,41.17,3.86,initial,loamy,11.63,0
67.85,22.83,63.16,5.39,development,clay,1.01,0
57.37,27.1,78.28,3.59,initial,loamy,12.41,0
74.29,21.57,79.06,5.6,mid_season,loamy,7.64,0
42.39,12.59,88.81,0,initial,sandy,0,0
61.62,27.53,78.17,4.7,development,sandy,11.14,0
78.3,20.31,74.52,0,development,clay,0,0
45.86,22.58,54.44,2.43,development,clay,4.99,0
38.63,28.92,46.38,3.17,initial,clay,7.18,0
39.56,14.69,86.02,3.88,initial,loamy,13.37,0
59.92,13.1,78.4,2.45,development,sandy,8.22,0
46.92,23.69,77.16,3.72,mid_season,sandy,9.57,0
56.94,26.28,43.95,6.44,mid_season,loamy,17.87,0
43.69,18.63,52.69,4.78,late,sandy,8.0,0
61.9,26.44,42.23,4.21,mid_season,sandy,15.4,0
75.53,28.07,70.49,5.1,initial,sandy,5.3,0
70.64,29.48,65.42,3.58,development,loamy,8.3,0
35.4,13.97,53.26,0,initial,loamy,0,0
72.44,24.34,71.15,0,development,clay,0,0
34.13,20.15,44.7,4.55,late,loamy,24.88,0
71.03,20.98,81.15,4.24,late,clay,15.01,0
32.02,19.38,61.9,4.64,development,clay,11.27,0
46.55,20.35,68.27,3.49,development,clay,3.5,0
34.2,26.47,54.46,3.31,development,clay,7.05,0
63.87,28.17,48.25,3.13,mid_season,loamy,15.45,0
58.18,23.21,49.82,3.15,initial,clay,16.54,0
34.24,16.58,45.66,4.07,late,sandy,2.89,0
39.03,18.07,59.88,6.28,late,loamy,5.97,0
58.16,21.87,83.1,4.68,development,clay,15.39,0
33.62,15.49,84.59,3.26,late,clay,13.18,0
28.93,18.77,72.58,3.16,initial,sandy,3.69,0
70.75,14.02,60.1,5.24,mid_season,loamy,18.49,0
60.43,19.37,44.24,4.62,initial,sandy,4.93,0
45.04,18.53,82.03,2.89,mid_season,loamy,17.39,0
68.93,26.5,75.16,0,mid_season,sandy,0,0
41.74,24.28,44.94,5.01,development,clay,15.73,0
67.65,25.28,60.97,5.43,development,loamy,5.77,0
59.08,12.33,70.32,3.6,initial,clay,6.96,0
53.69,28.44,48.11,3.81,initial,clay,11.03,0
69.0,29.12,72.6,4.43,initial,clay,4.73,0
68.52,22.51,46.22,3.85,initial,clay,6.32,0
43.35,19.94,69.45,5.57,initial,sandy,6.72,0
43.42,17.62,72.02,4.81,late,clay,9.54,0
27.46,14.73,82.83,4.31,mid_season,clay,11.65,0
57.78,24.98,58.14,4.05,development,clay,6.29,0
64.85,25.15,54.4,3.3,development,sandy,3.52,0
63.11,25.48,88.96,5.55,late,sandy,6.58,0
63.66,18.18,83.59,1.91,initial,sandy,11.2,0
56.1,13.19,55.1,4.61,development,clay,19.85,0
69.2,14.49,66.14,3.61,late,sandy,14.64,0
88.37,28.74,69.87,0,initial,clay,0,0
60.39,29.68,75.78,3.75,initial,loamy,18.39,0
85.54,21.09,43.2,0,mid_season,clay,0,0
55.26,24.77,40.27,4.76,development,loamy,12.03,0
44.2,18.97,54.75,2.83,initial,sandy,2.45,0
33.28,17.12,64.75,3.82,mid_season,clay,15.9,0
63.6,13.2,83.38,5.14,late,sandy,13.73,0
38.35,26.82,87.47,5.28,development,loamy,4.47,0
44.36,28.71,66.45,3.34,mid_season,clay,6.62,0
49.47,14.3,73.32,2.72,mid_season,clay,24.94,0
45.99,24.89,49.83,4.67,initial,loamy,8.04,0
95,23.44,48.49,3.83,late,loamy,16.62,0
37.39,22.69,52.7,0,mid_season,sandy,0,1
55.68,22.33,76.1,4.35,development,loamy,2.19,0
70.79,16.96,73.77,5.55,initial,clay,5.95,0
40.55,14.93,52.99,3.07,mid_season,clay,6.57,0
62.77,20.74,64.87,0,development,sandy,0,0
19.11,13.57,49.82,5.56,mid_season,clay,14.34,0
33.42,24.71,53.43,2.1,mid_season,loamy,13.66,0
55.41,23.3,85.4,1.7,mid_season,loamy,3.87,0
49.68,27.79,86.23,5.67,late,sandy,0.81,0
68.98,27.42,77.54,5.69,mid_season,sandy,14.24,0
49.85,28.56,71.72,1.28,late,sandy,16.2,0
39.38,17.12,83.44,2.69,initial,sandy,10.77,0
66.18,21.63,66.83,3.2,mid_season,clay,4.53,0
95,17.48,71.22,2.41,initial,sandy,7.57,0
17.09,22.7,78.65,0,late,clay,0,1
68.48,25.41,60.52,3.93,late,clay,8.98,0
46.17,24.59,89.42,6.1,mid_season,loamy,5.78,0
77.62,12.84,44.12,2.87,initial,loamy,10.06,0
23.82,25.1,46.72,4.51,mid_season,loamy,19.41,0
51.47,15.25,65.75,3.54,development,clay,14.74,0
67.52,22.0,71.43,4.47,development,sandy,14.86,0
34.65,26.02,72.76,2.35,mid_season,sandy,14.94,0
66.42,24.18,78.9,3.43,late,sandy,18.73,0
88.72,12.12,59.59,5.08,development,clay,14.29,0
59.19,25.31,79.5,3.3,development,sandy,1.73,0
73.66,17.98,45.47,0,initial,sandy,0,0
68.29,26.46,59.2,4.6,development,clay,18.83,0
28.62,21.32,54.87,4.4,mid_season,loamy,13.95,0
79.18,17.78,88.02,4.51,mid_season,sandy,17.93,0
59.04,22.44,87.59,4.25,initial,sandy,3.18,0
52.4,19.49,47.58,0,initial,clay,0,0
85.94,27.41,56.59,3.94,initial,sandy,3.52,0
78.48,27.08,71.07,2.91,development,clay,12.16,0
54.11,13.89,48.89,0,initial,sandy,0,0
65.97,20.67,64.46,3.48,development,loamy,13.02,0
26.08,20.22,63.99,4.19,mid_season,loamy,16.35,0
68.69,18.53,62.69,6.54,development,clay,5.82,0
62.31,26.95,86.61,1.42,initial,sandy,4.67,0
53.1,13.17,80.3,3.22,late,sandy,7.3,0
11.31,29.75,66.22,3.84,initial,clay,0.22,0
68.28,24.99,81.28,0,initial,sandy,0,0
78.96,24.47,42.74,4.57,late,clay,17.15,0
74.48,24.87,51.84,2.98,development,sandy,10.43,0
64.74,20.4,55.68,2.62,mid_season,sandy,18.18,0
59.14,16.06,74.43,1.8,mid_season,clay,17.34,0
93.51,12.98,53.62,0,initial,loamy,0,0
28.56,28.61,43.26,5.87,initial,loamy,11.85,0
45.73,13.95,61.28,4.66,mid_season,clay,11.78,0
71.72,17.51,78.31,0,late,clay,0,0
68.38,17.07,61.36,4.98,mid_season,clay,16.63,0
50.44,15.84,60.7,3.49,initial,clay,8.67,0
55.93,24.56,71.31,4.83,mid_season,sandy,2.43,0
82.87,29.0,83.73,0,mid_season,loamy,0,0
71.74,12.1,71.44,3.34,late,sandy,3.73,0
47.84,19.72,79.42,5.47,mid_season,sandy,15.97,0
59.81,15.21,76.45,4.25,late,clay,6.66,0
63.93,25.2,59.56,5.06,late,loamy,2.25,0
79.16,27.37,55.65,5.67,mid_season,clay,21.54,0
72.29,28.6,44.14,4.58,initial,clay,2.87,0
63.41,21.73,57.12,3.17,development,sandy,12.01,0
49.04,21.85,45.1,4.47,late,sandy,8.48,0
73.68,22.39,89.07,4.81,initial,loamy,6.79,0
63.12,23.73,56.67,3.49,late,clay,7.59,0
64.63,20.49,78.77,6.34,mid_season,sandy,1.75,0
26.46,15.73,56.77,0,development,sandy,0,1
45.13,16.74,81.84,3.38,initial,clay,2.91,0
62.67,12.98,54.61,3.71,late,sandy,4.11,0
49.73,20.86,71.71,5.55,initial,sandy,2.29,0
46.2,23.78,50.75,2.86,late,sandy,10.17,0
50.91,21.51,53.53,4.14,development,sandy,20.48,0
82.94,19.91,75.73,4.28,late,clay,21.77,0
42.77,20.48,84.17,4.65,mid_season,sandy,2.98,0
79.23,28.14,47.23,0.92,late,clay,10.84,0
47.75,19.9,64.57,4.56,late,sandy,0.97,0
48.04,14.15,74.23,4.78,mid_season,loamy,16.29,0
47.04,27.47,66.69,3.47,mid_season,clay,11.4,0
55.78,23.0,49.46,3.88,mid_season,clay,12.96,0
45.61,19.29,56.98,4.37,mid_season,clay,4.96,0
48.39,25.51,81.82,0,mid_season,loamy,0,1
52.56,15.35,56.24,4.4,mid_season,loamy,27.33,0
61.74,22.52,64.63,5.3,late,clay,16.74,0
32.34,27.9,87.25,4.49,late,clay,1.11,0
79.11,13.72,62.24,2.2,mid_season,sandy,14.71,0
74.76,24.81,57.16,4.36,initial,loamy,7.15,0
38.19,12.13,89.28,3.26,late,loamy,17.88,0
95,29.01,66.56,3.65,late,sandy,2.19,0
66.0,25.2,89.14,0,development,loamy,0,0
43.37,24.93,87.62,2.91,late,sandy,6.42,0
62.42,21.5,68.9,5.65,late,clay,17.71,0
61.55,14.43,53.48,4.62,initial,loamy,10.84,0
35.69,22.72,45.56,3.41,late,clay,17.14,0
62.84,12.71,84.08,4.27,mid_season,clay,19.27,0
58.57,14.81,76.29,0,initial,sandy,0,0
58.77,25.86,49.01,4.1,initial,loamy,12.11,0
16.12,14.57,66.83,7.24,initial,sandy,7.83,0
44.52,23.67,79.96,0,development,clay,0,1
76.75,27.22,55.35,4.08,late,sandy,8.14,0
74.38,24.87,76.58,5.84,mid_season,clay,19.64,0
77.44,12.62,54.4,3.68,mid_season,sandy,22.31,0
64.35,17.08,43.63,3.99,mid_season,loamy,17.25,0
35.13,29.79,82.25,2.18,initial,loamy,16.65,0
52.15,13.19,80.61,4.88,mid_season,clay,11.62,0
63.82,27.13,77.05,4.75,initial,clay,2.59,0
45.64,22.1,62.42,4.31,initial,clay,7.97,0
32.24,14.81,43.4,0,late,sandy,0,1
72.42,18.98,82.3,0,development,loamy,0,0
30.4,17.23,82.34,5.57,development,loamy,10.77,0
78.29,12.77,84.96,3.33,late,loamy,14.43,0
58.55,19.25,45.79,3.33,development,clay,16.5,0
35.25,18.39,87.04,3.42,initial,sandy,13.41,0
53.43,15.9,74.71,2.77,mid_season,sandy,18.61,0
70.68,19.84,57.08,4.39,late,clay,12.94,0
95,27.28,86.73,0,initial,loamy,0,0
50.55,16.71,52.79,5.85,late,sandy,5.6,0
49.03,23.53,71.91,4.23,late,loamy,9.26,0
45.55,18.97,71.33,4.03,development,loamy,7.71,0
65.96,28.22,48.21,4.74,initial,loamy,11.53,0
36.23,25.48,85.14,3.61,mid_season,clay,1.75,0
44.55,25.84,73.4,2.36,late,sandy,2.13,0
52.43,25.73,68.28,5.91,development,clay,5.07,0
38.69,25.14,83.77,4.19,development,loamy,13.38,0
50.04,24.62,45.76,3.42,late,loamy,3.69,0
63.46,18.36,76.67,4.07,initial,loamy,7.15,0
88.39,17.67,87.88,3.85,late,clay,1.85,0
87.22,21.78,50.43,4.98,initial,clay,9.23,0
44.91,17.44,83.78,3.51,late,clay,12.08,0
34.47,15.82,86.04,3.81,mid_season,sandy,6.67,0
78.51,13.7,50.58,6.59,mid_season,sandy,8.76,0
25.03,21.8,70.81,1.51,initial,clay,0.24,0
62.86,17.65,47.63,0,initial,sandy,0,0
67.96,23.55,81.78,4.38,late,clay,10.3,0
65.6,20.94,55.7,0,mid_season,loamy,0,0
43.34,17.48,65.97,4.19,initial,clay,9.95,0
26.44,18.76,77.13,5.07,initial,loamy,10.63,0
42.49,25.72,81.89,2.96,development,sandy,17.39,0
57.42,22.24,56.29,3.11,mid_season,sandy,5.54,0
55.77,18.28,68.38,5.3,development,sandy,2.06,0
43.74,16.17,80.45,3.04,development,clay,3.5,0
85.69,26.69,52.57,0,late,clay,0,0
79.81,19.39,48.12,3.72,late,loamy,12.86,0
49.98,24.09,72.26,3.94,initial,clay,21.2,0
39.58,23.52,89.63,0,initial,loamy,0,0
30.99,25.65,79.28,2.66,late,loamy,20.58,0
50.08,15.51,51.81,4.02,development,loamy,3.37,0
45.18,27.77,54.07,3.91,development,clay,16.81,0
58.62,13.97,84.07,0,initial,sandy,0,0
41.35,28.38,80.41,5.81,development,clay,6.63,0
62.41,23.58,40.19,5.02,development,loamy,13.61,0
65.77,23.37,78.41,3.85,development,loamy,6.19,0
66.02,28.26,71.97,4.77,late,clay,13.85,0
15.69,15.47,82.18,3.96,late,loamy,7.73,0
62.34,16.25,87.04,3.05,mid_season,loamy,17.31,0
18.34,22.59,40.98,0,initial,clay,0,0
25.52,22.73,83.1,3.42,initial,loamy,8.23,0
36.99,12.69,40.52,4.31,mid_season,sandy,10.83,0
39.2,26.18,84.87,5.11,late,loamy,14.88,0
54.4,25.27,84.59,3.57,initial,clay,0.47,0
39.5,22.24,87.97,3.7,development,loamy,9.78,0
60.47,14.81,77.44,4.76,late,sandy,5.83,0
62.6,17.8,57.47,0,initial,clay,0,0
65.48,13.67,42.95,4.51,mid_season,loamy,9.11,0
49.46,22.79,63.32,2.9,late,clay,5.85,0
27.49,19.41,54.86,4.62,late,loamy,16.16,0
84.52,16.47,55.49,2.88,initial,clay,0.07,0
58.79,19.9,47.48,5.93,development,clay,17.39,0
82.68,15.56,49.1,3.93,mid_season,clay,7.7,0
67.35,12.72,57.62,3.64,initial,clay,1.33,0
60.0,17.94,40.52,6.02,development,clay,5.56,0
62.92,20.04,51.87,4.1,development,loamy,16.4,0
19.95,28.84,83.22,4.6,late,loamy,2.12,0
66.1,14.81,76.17,3.99,mid_season,clay,14.06,0
51.06,13.87,68.95,5.45,development,clay,19.44,0
74.92,22.3,76.02,0,initial,clay,0,0
31.91,20.65,64.66,0,initial,loamy,0,0
31.39,13.77,80.04,1.64,mid_season,clay,6.33,0
48.32,12.79,71.43,3.39,late,sandy,2.76,0
44.8,25.23,74.43,0,initial,loamy,0,0
66.36,27.08,44.93,2.31,initial,sandy,12.11,0
58.16,15.66,46.31,4.57,development,loamy,14.41,0
69.95,14.65,82.37,3.92,late,clay,0.52,0
62.18,14.38,46.24,1.93,mid_season,sandy,3.75,0
82.03,15.25,57.25,4.31,late,sandy,6.18,0
69.74,29.18,61.7,4.53,mid_season,clay,18.84,0
56.28,24.28,89.73,5.76,development,sandy,11.99,0
86.35,19.57,44.06,4.51,development,clay,7.99,0
95,18.34,84.18,4.92,development,loamy,4.95,0
65.02,27.91,83.94,3.25,development,loamy,10.19,0
46.8,25.59,76.76,3.78,initial,loamy,8.92,0
59.33,13.53,56.25,4.59,development,loamy,12.66,0
61.34,18.21,63.82,3.93,development,loamy,1.51,0
76.13,27.67,70.16,0,initial,clay,0,0
49.37,26.65,75.18,4.72,initial,loamy,4.93,0
87.28,29.94,74.8,2.12,mid_season,clay,6.98,0
63.17,14.39,73.75,4.36,mid_season,loamy,8.08,0
42.02,25.52,80.12,2.05,initial,loamy,11.58,0
79.33,19.04,56.01,4.66,development,clay,2.06,0
64.08,26.56,74.12,5.46,development,clay,24.68,0
53.17,22.38,52.52,0,initial,loamy,0,0
62.45,20.85,59.12,3.95,development,loamy,18.75,0
62.0,23.89,76.1,3.57,mid_season,clay,13.95,0
49.29,15.3,88.37,2.55,initial,clay,2.41,0
95,23.97,61.58,3.18,initial,sandy,5.95,0
56.94,16.04,65.36,1.19,initial,clay,15.86,0
59.9,26.96,43.62,2.32,mid_season,clay,18.23,0
41.08,20.95,62.56,5.25,development,loamy,17.51,0
44.76,16.16,81.23,0,development,clay,0,1
48.05,21.88,84.88,5.78,mid_season,clay,10.03,0
57.13,17.67,50.04,4.62,initial,clay,5.58,0
59.98,15.93,58.04,4.23,initial,clay,5.64,0
42.64,22.81,67.84,4.23,initial,clay,13.0,0
82.86,13.94,71.85,4.8,mid_season,clay,14.57,0
83.24,29.51,48.81,0,mid_season,loamy,0,0
50.98,26.0,69.75,0,initial,loamy,0,0
60.5,15.67,60.76,1.9,mid_season,loamy,7.4,0
62.47,13.6,47.66,0,initial,loamy,0,0
53.41,12.0,57.87,3.03,mid_season,loamy,8.35,0
45.29,22.87,89.3,6.14,mid_season,loamy,12.39,0
55.01,26.93,51.09,0,mid_season,sandy,0,1
15.16,17.98,89.76,4.73,development,clay,14.11,0
77.35,27.96,64.04,5.39,development,sandy,15.58,0
17.86,27.74,52.64,4.27,initial,clay,0.89,0
64.76,24.83,78.63,4.06,late,sandy,4.27,0
63.96,21.48,42.87,4.33,initial,sandy,2.92,0
60.93,22.74,58.89,4.84,initial,clay,2.33,0
74.64,12.01,70.97,5.44,initial,loamy,21.19,0
75.23,29.91,65.03,4.11,mid_season,loamy,13.4,0
49.13,25.29,56.5,3.91,initial,loamy,7.11,0
42.25,19.61,88.89,4.94,late,loamy,0.9,0
43.82,19.51,76.67,3.24,development,clay,10.83,0
82.54,19.46,71.28,4.83,initial,loamy,1.83,0
40.4,16.93,59.75,4.01,mid_season,loamy,13.22,0
45.27,22.12,43.23,4.55,initial,sandy,7.57,0
61.24,23.78,43.35,2.28,development,sandy,0.2,0
35.93,24.39,47.49,1.98,initial,clay,5.56,0
70.07,26.02,63.62,3.11,late,clay,9.17,0
70.06,25.22,62.85,2.61,late,loamy,13.77,0
49.57,24.12,51.47,4.21,initial,clay,8.96,0
55.94,19.87,49.84,3.45,mid_season,loamy,8.74,0
73.08,13.92,88.81,4.72,initial,clay,7.41,0
73.6,22.94,44.81,0,initial,clay,0,0
61.28,20.8,88.31,3.02,initial,sandy,1.33,0
63.1,24.71,60.18,3.17,development,loamy,8.91,0
94.42,12.91,86.12,2.4,development,sandy,6.13,0
59.59,21.39,47.64,0,development,clay,0,0
47.35,22.64,49.56,0,initial,sandy,0,0
47.0,13.19,40.29,5.11,late,sandy,8.27,0
76.9,20.98,77.96,4.52,development,loamy,3.25,0
64.9,27.94,88.25,3.28,initial,clay,10.42,0
73.16,21.73,52.44,4.86,late,loamy,5.68,0
67.83,16.58,75.23,2.77,mid_season,sandy,8.27,0
32.48,28.66,54.65,3.87,late,sandy,1.79,0
38.3,29.76,53.71,2.38,late,clay,15.71,0
51.57,15.88,78.1,4.48,development,sandy,10.22,0
66.03,15.8,89.58,1.55,late,sandy,11.5,0
60.19,18.95,68.77,0,late,loamy,0,0
53.67,27.8,82.18,4.3,mid_season,loamy,5.64,0
93.66,15.67,44.96,2.93,mid_season,clay,13.54,0
62.39,13.91,68.82,4.58,initial,clay,14.79,0
95,13.28,65.0,3.23,development,clay,3.55,0
84.41,23.3,70.56,2.18,development,sandy,2.4,0
57.19,14.02,47.26,3.85,development,clay,16.97,0
32.42,26.55,67.87,5.11,development,sandy,5.5,0
57.11,15.14,41.33,6.9,initial,sandy,6.03,0
39.31,21.2,51.26,2.02,mid_season,sandy,2.89,0
34.18,13.87,47.69,4.78,mid_season,sandy,5.29,0
73.42,18.14,68.14,5.73,initial,sandy,9.1,0
95,16.84,45.5,4.25,initial,loamy,4.2,0
42.27,20.1,89.96,0,initial,loamy,0,0
35.29,13.46,76.83,0,initial,loamy,0,0
49.58,15.35,63.33,4.02,development,sandy,15.61,0
25.01,24.37,48.8,4.42,late,loamy,9.13,0
52.39,25.76,80.19,3.19,initial,sandy,0.95,0
22.22,22.84,89.47,0,initial,clay,0,0
82.12,25.11,80.51,4.21,initial,loamy,10.97,0
46.43,22.11,55.63,4.58,late,clay,17.85,0
70.35,18.12,88.63,2.51,initial,loamy,15.47,0
21.24,28.55,73.24,0,late,sandy,0,1
80.32,16.44,81.62,5.49,late,clay,12.63,0
50.99,19.81,48.53,5.36,mid_season,sandy,10.26,0
60.65,15.1,82.9,3.95,late,loamy,4.98,0
67.14,15.12,73.45,4.69,development,sandy,6.11,0
67.38,17.62,53.62,5.54,mid_season,loamy,6.56,0
68.74,23.7,46.26,3.85,initial,loamy,2.27,0
59.99,16.11,63.48,3.0,mid_season,loamy,15.74,0
33.99,16.23,60.05,2.95,mid_season,sandy,1.09,0
55.76,15.68,42.99,3.53,mid_season,sandy,2.25,0
75.47,12.87,55.45,0,initial,clay,0,0
76.08,15.56,49.08,3.74,late,sandy,1.24,0
15.4,14.53,80.66,3.59,mid_season,sandy,20.22,0
35.91,22.82,52.04,3.49,development,sandy,7.78,0
55.03,16.98,59.46,6.14,mid_season,clay,3.27,0
91.64,20.19,76.62,1.49,late,loamy,1.42,0
56.45,17.58,58.86,4.13,mid_season,sandy,10.48,0
38.27,15.88,85.41,3.38,mid_season,loamy,14.82,0
31.1,14.95,67.19,6.72,mid_season,sandy,8.66,0
26.59,19.76,70.55,3.57,initial,loamy,12.8,0
48.06,20.18,73.83,4.5,late,sandy,14.53,0
68.71,12.18,68.65,3.56,late,loamy,7.92,0
65.1,15.49,57.92,5.65,mid_season,loamy,20.63,0
34.75,25.92,74.25,4.11,development,sandy,0.88,0
48.94,28.26,80.39,0,initial,loamy,0,0
50.75,25.98,75.85,4.36,mid_season,clay,13.68,0
63.74,17.22,81.54,2.74,mid_season,sandy,17.07,0
56.07,22.74,83.88,0,mid_season,loamy,0,0
59.57,23.36,66.93,0,initial,sandy,0,0
80.0,14.81,48.78,3.72,initial,clay,4.21,0
63.88,29.08,75.73,4.57,development,clay,18.6,0
34.48,23.77,48.12,0,initial,loamy,0,0
53.24,21.12,41.69,4.63,development,clay,4.08,0
70.27,19.19,71.56,3.89,late,loamy,4.35,0
43.62,19.92,45.37,6.25,mid_season,clay,12.1,0
63.82,25.49,47.26,5.41,development,clay,14.41,0
67.58,25.31,72.8,2.18,mid_season,sandy,11.19,0
82.48,23.85,61.88,3.89,mid_season,sandy,1.12,0
62.53,20.59,58.85,5.79,late,clay,8.08,0
82.82,29.37,87.2,5.11,development,loamy,14.87,0
62.6,24.97,55.47,0,mid_season,loamy,0,0
67.97,24.56,78.47,4.17,development,clay,12.14,0
23.5,27.32,52.17,5.12,initial,sandy,9.07,0
59.26,29.6,61.76,4.03,development,sandy,6.42,0
68.92,14.58,86.53,2.78,late,sandy,6.43,0
75.79,16.33,86.3,3.14,development,loamy,14.33,0
89.54,20.24,58.17,5.76,mid_season,loamy,0.62,0
55.08,18.46,79.94,4.2,mid_season,clay,25.64,0
64.94,18.15,70.48,4.91,development,sandy,3.64,0
36.24,28.36,88.31,3.32,mid_season,clay,19.95,0
51.39,20.04,55.43,3.7,mid_season,loamy,22.43,0
69.24,18.3,40.06,0,mid_season,sandy,0,0
22.53,28.38,47.86,3.37,mid_season,loamy,19.33,0
55.25,20.02,58.79,5.19,initial,loamy,10.6,0
71.97,28.46,60.89,3.51,development,loamy,15.72,0
49.25,21.27,40.43,2.64,initial,clay,2.09,0
60.04,25.89,88.05,4.63,development,sandy,5.57,0
52.69,12.26,54.19,4.42,late,loamy,15.44,0
48.22,19.13,53.75,4.56,late,sandy,8.84,0
87.86,29.0,84.4,3.66,mid_season,loamy,11.87,0
77.67,13.33,45.39,4.54,development,loamy,12.2,0
59.19,20.4,69.95,4.49,late,loamy,4.79,0
22.04,17.68,41.09,3.14,mid_season,clay,15.53,0
34.62,21.5,53.87,5.21,late,sandy,24.9,0
50.78,28.04,50.45,5.09,initial,sandy,11.24,0
52.2,19.27,82.18,2.93,development,loamy,4.5,0
41.43,20.77,52.29,5.71,late,clay,9.56,0
77.66,12.2,63.84,3.82,development,loamy,11.19,0
66.86,24.52,49.57,3.04,mid_season,clay,12.97,0
90.2,14.73,76.57,0,initial,sandy,0,0
77.0,27.05,52.37,2.06,mid_season,sandy,11.26,0
32.63,21.56,52.28,2.23,mid_season,clay,7.7,0
72.55,25.13,78.74,2.64,initial,sandy,4.6,0
55.91,12.42,83.13,0,initial,loamy,0,0
39.09,29.27,48.56,0,development,loamy,0,1
45.63,18.39,59.8,2.28,development,sandy,11.84,0
66.42,25.51,69.15,0,initial,clay,0,0
40.49,22.34,86.17,2.96,late,sandy,12.53,0
41.94,14.75,57.54,4.3,initial,loamy,0.73,0
83.9,27.82,73.05,4.03,initial,loamy,2.08,0
75.77,18.17,72.52,5.91,development,clay,7.24,0
62.02,18.75,44.75,2.4,mid_season,loamy,17.96,0
66.28,16.63,83.95,2.99,mid_season,clay,10.51,0
49.68,16.74,66.7,6.06,mid_season,clay,5.63,0
50.04,22.9,80.98,2.98,late,clay,6.2,0
82.85,23.22,42.55,4.54,development,sandy,13.15,0
63.66,26.7,49.08,4.01,development,sandy,13.66,0
86.17,29.7,87.23,0,initial,sandy,0,0
46.08,22.64,56.91,4.46,initial,clay,2.55,0
43.69,14.62,77.7,5.01,late,loamy,14.05,0
52.34,23.29,50.25,4.52,initial,loamy,1.52,0
62.46,21.66,58.8,0,initial,loamy,0,0
74.23,15.35,42.27,4.61,late,sandy,3.15,0
24.64,25.17,69.01,0,mid_season,loamy,0,1
79.91,26.8,59.33,0,initial,sandy,0,0
68.56,12.6,66.68,3.41,initial,loamy,9.34,0
60.73,23.29,65.48,2.24,mid_season,clay,18.91,0
61.87,18.84,79.8,0,late,sandy,0,0
55.91,25.21,74.49,3.35,late,loamy,9.63,0
44.81,21.31,63.76,3.71,development,loamy,15.59,0
59.74,22.9,71.95,4.96,mid_season,sandy,10.06,0
67.61,25.92,55.54,3.45,mid_season,clay,15.6,0
65.44,17.78,51.05,4.4,development,sandy,4.32,0
74.2,29.83,65.77,1.16,initial,clay,10.71,0
45.19,15.65,89.67,4.02,late,clay,17.79,0
57.28,29.98,79.69,4.1,initial,sandy,5.45,0
55.05,15.35,56.9,5.55,initial,loamy,4.75,0
84.75,21.15,51.31,3.15,initial,clay,13.71,0
17.79,16.35,86.08,5.14,development,clay,8.28,0
70.4,17.59,72.27,3.35,development,loamy,10.74,0
89.27,14.98,44.39,2.92,initial,loamy,4.69,0
53.2,19.88,79.84,0,development,clay,0,0
33.69,15.06,70.19,6.39,late,loamy,10.53,0
38.15,23.02,46.0,4.28,development,clay,8.96,0
53.49,21.79,83.03,6.8,development,clay,15.86,0
47.55,19.65,55.61,4.18,initial,sandy,0.82,0
62.97,12.87,64.18,3.85,mid_season,loamy,11.02,0
71.01,29.77,68.31,4.94,initial,loamy,2.96,0
41.72,24.76,43.7,3.31,mid_season,loamy,18.41,0
76.86,23.05,51.64,2.59,late,clay,9.28,0
61.46,26.01,80.96,2.91,mid_season,clay,11.46,0
28.86,14.73,52.0,3.9,mid_season,sandy,15.59,0
51.54,25.18,49.95,3.23,late,loamy,1.91,0
75.36,17.13,61.37,4.61,development,sandy,3.64,0
57.51,23.54,57.56,6.15,mid_season,loamy,13.11,0
60.7,23.54,82.57,6.14,late,loamy,2.06,0
37.85,26.24,72.25,0,initial,loamy,0,0
65.29,21.28,53.96,3.43,initial,sandy,22.63,0
29.7,27.88,76.92,4.01,development,sandy,10.33,0
95,21.25,42.72,3.09,mid_season,clay,14.4,0
77.17,19.25,64.89,5.38,late,sandy,14.47,0
55.92,29.55,62.86,2.7,development,clay,27.16,0
22.15,12.52,69.52,4.18,initial,clay,16.91,0
76.5,14.17,43.82,4.85,late,clay,1.92,0
67.13,16.46,49.51,0,development,clay,0,0
36.99,23.66,85.95,2.17,development,sandy,1.28,0
58.84,13.6,88.99,4.47,mid_season,sandy,15.88,0
95,29.05,53.81,0,mid_season,sandy,0,0
69.87,26.41,65.98,4.8,initial,sandy,5.7,0
80.47,25.01,60.42,3.03,initial,loamy,6.86,0
36.55,21.6,57.38,6.78,mid_season,loamy,4.95,0
59.53,20.82,50.06,0,development,loamy,0,0
40.23,17.89,70.82,3.21,development,clay,8.73,0
51.48,14.65,47.86,2.48,late,clay,2.51,0
83.1,18.3,81.02,0,development,sandy,0,0
74.75,22.78,85.71,2.51,development,sandy,0.74,0
61.48,13.72,62.34,4.53,late,clay,17.72,0
50.72,29.32,81.68,3.81,mid_season,sandy,8.1,0
52.65,17.99,40.55,1.8,late,clay,11.06,0
57.63,13.12,88.38,4.39,development,clay,31.92,0
55.8,18.52,65.57,5.16,initial,sandy,6.86,0
67.33,12.46,41.18,5.11,mid_season,sandy,10.42,0
39.72,16.09,68.69,0,initial,clay,0,0
57.3,12.23,86.01,0,initial,sandy,0,0
11.02,29.32,78.38,3.64,initial,clay,7.7,0
36.14,21.08,51.07,3.64,mid_season,loamy,12.31,0
69.7,20.32,50.38,3.78,mid_season,loamy,6.77,0
57.84,23.83,55.91,0,initial,clay,0,0
53.09,13.74,74.01,3.35,development,sandy,3.56,0
48.0,22.01,58.02,5.04,mid_season,clay,6.94,0
52.59,26.04,77.45,3.24,late,sandy,15.33,0
60.71,28.45,77.8,5.58,initial,loamy,6.36,0
55.68,14.71,70.82,4.12,development,clay,4.17,0
58.98,26.64,64.97,4.26,development,clay,8.1,0
62.59,27.34,62.76,5.77,initial,loamy,5.09,0
24.37,27.53,81.31,0,mid_season,loamy,0,1
78.82,13.97,80.54,0,initial,clay,0,0
54.87,23.57,75.18,4.17,initial,sandy,7.75,0
75.09,12.08,59.95,0,initial,sandy,0,0
49.1,12.05,55.14,0,late,loamy,0,1
53.78,16.49,67.35,3.49,initial,clay,16.79,0
37.69,27.35,54.41,4.48,initial,loamy,1.72,0
64.26,14.7,46.68,4.62,initial,loamy,0.19,0
26.97,14.78,64.99,5.01,mid_season,loamy,14.59,0
39.51,22.96,45.82,2.61,mid_season,loamy,5.71,0
76.28,20.74,63.53,3.66,mid_season,loamy,7.38,0
62.64,22.17,74.21,4.33,initial,loamy,12.35,0
62.43,27.72,41.4,4.06,development,loamy,16.82,0
74.95,26.79,70.62,2.88,mid_season,clay,12.61,0
60.25,27.39,89.31,4.16,development,clay,3.73,0
42.19,28.45,55.98,5.86,mid_season,sandy,6.54,0
79.32,16.56,85.58,6.02,mid_season,sandy,18.2,0
34.84,24.3,44.24,2.81,initial,clay,3.02,0
70.87,19.94,70.71,4.2,late,sandy,14.31,0
54.31,24.33,83.33,0,mid_season,loamy,0,0
26.91,24.84,83.45,2.7,late,sandy,10.66,0
83.6,29.98,74.31,1.83,late,sandy,23.2,0
70.95,12.7,46.83,5.09,late,sandy,0.84,0
48.88,13.55,79.8,3.53,late,clay,11.89,0
26.06,27.96,89.84,3.61,development,loamy,3.4,0
66.33,29.43,61.05,3.5,development,loamy,7.78,0
86.46,18.75,64.95,2.95,mid_season,loamy,5.31,0
69.57,29.19,72.63,4.46,development,loamy,9.8,0
75.4,27.05,84.99,0,initial,loamy,0,0
37.19,23.05,58.1,3.19,mid_season,sandy,8.66,0
47.24,12.61,40.92,3.27,late,loamy,19.46,0
27.99,23.45,56.93,3.42,development,clay,12.23,0
35.44,15.68,45.29,3.67,initial,loamy,5.56,0
71.99,29.32,44.13,2.4,development,sandy,13.36,0
63.22,16.26,52.71,1.99,late,loamy,11.54,0
92.17,24.07,60.2,4.64,mid_season,loamy,7.15,0
69.99,29.82,68.65,0,development,sandy,0,0
69.5,17.43,51.51,0,development,sandy,0,0
63.93,17.98,81.58,2.73,mid_season,sandy,7.01,0
50.85,24.3,62.03,4.5,late,loamy,11.22,0
36.57,22.23,72.97,2.99,mid_season,clay,14.71,0
51.31,14.86,43.88,5.88,development,loamy,7.07,0
67.36,22.64,55.82,3.33,development,sandy,10.58,0
68.6,18.27,79.21,3.8,late,clay,12.48,0
27.44,15.9,45.92,4.69,late,sandy,3.34,0
52.44,21.26,67.98,3.58,mid_season,sandy,9.09,0
45.3,15.68,69.27,2.34,mid_season,clay,16.14,0
95,18.39,41.83,3.98,late,sandy,12.24,0
29.2,17.36,43.14,4.89,initial,clay,5.13,0
54.93,24.77,42.1,0,initial,clay,0,0
54.98,26.74,71.12,0,initial,sandy,0,0
37.07,12.71,77.57,2.76,initial,sandy,10.37,0
66.43,24.68,82.46,6.53,development,clay,8.44,0
38.59,25.2,87.04,0,initial,clay,0,0
69.3,13.54,80.99,3.67,late,clay,11.31,0
53.36,16.24,55.02,3.76,initial,loamy,10.77,0
68.09,15.39,41.01,4.42,mid_season,loamy,9.94,0
95,27.17,44.79,3.06,initial,sandy,2.43,0
81.56,20.23,74.44,2.48,development,sandy,1.99,0
15.45,24.24,75.25,4.5,initial,clay,3.68,0
15.03,27.87,75.64,4.12,initial,sandy,3.87,0
45.26,28.22,40.87,5.93,late,sandy,10.31,0
41.79,24.96,54.18,3.15,initial,loamy,7.2,0
44.4,13.16,68.19,3.67,mid_season,loamy,21.91,0
40.43,20.48,45.47,3.61,development,sandy,2.02,0
49.09,14.96,49.37,3.22,development,clay,18.04,0
74.98,16.21,70.45,0,initial,sandy,0,0
62.07,21.37,72.52,5.11,mid_season,clay,1.28,0
9.99,16.44,59.81,0,development,sandy,0,1
46.26,12.18,87.47,0,mid_season,sandy,0,1
36.4,22.2,80.81,3.75,mid_season,clay,9.54,0
81.06,12.49,81.9,0,late,sandy,0,0
39.18,16.66,79.87,5.7,development,loamy,2.81,0
38.13,24.58,54.49,4.72,mid_season,loamy,10.3,0
52.12,24.07,47.66,6.62,development,sandy,11.21,0
66.42,21.08,50.83,3.39,late,clay,9.09,0
43.53,16.69,56.84,1.35,mid_season,sandy,16.46,0
47.31,18.78,62.23,4.05,late,clay,8.05,0
59.19,20.86,56.04,3.58,development,loamy,11.83,0
43.17,28.9,43.35,2.21,late,loamy,1.03,0
80.88,12.24,64.56,5.63,mid_season,loamy,7.89,0
8.9,14.16,76.63,3.81,mid_season,loamy,12.81,0
89.79,23.53,57.67,2.75,mid_season,loamy,10.85,0
42.73,20.99,63.96,4.42,initial,clay,11.01,0
42.6,24.98,48.8,3.32,development,clay,9.18,0
42.83,22.14,87.54,3.1,initial,clay,0.34,0
70.86,22.75,49.79,3.95,late,clay,12.3,0
23.26,14.42,57.07,3.98,late,clay,10.56,0
67.57,12.62,85.02,6.15,development,sandy,9.55,0
53.29,13.58,58.71,5.18,late,sandy,4.22,0
61.75,19.2,68.82,4.69,mid_season,sandy,16.94,0
37.52,28.08,48.86,0,initial,loamy,0,0
70.41,15.29,55.51,4.23,late,loamy,13.22,0
31.66,15.58,55.08,3.92,initial,loamy,9.12,0
20.69,22.27,58.87,3.85,initial,loamy,9.03,0
70.55,18.75,76.98,0,development,clay,0,0
89.79,28.73,67.5,1.94,late,sandy,2.89,0
83.81,14.76,74.33,2.05,mid_season,sandy,0.34,0
57.07,19.78,78.97,4.92,initial,loamy,4.44,0
40.51,17.21,42.14,2.58,development,loamy,12.15,0
75.34,13.42,86.34,3.19,mid_season,sandy,9.26,0
62.89,16.2,49.48,4.73,initial,clay,8.57,0
88.71,15.94,63.57,4.38,late,clay,14.64,0
42.58,12.6,83.07,4.89,initial,clay,12.02,0
60.12,16.82,75.13,2.54,development,sandy,13.17,0
60.22,20.75,52.37,0,mid_season,sandy,0,0
51.56,17.56,55.65,3.9,development,loamy,14.59,0
75.98,21.88,42.64,3.21,initial,clay,13.0,0
68.11,24.35,74.12,4.52,mid_season,sandy,17.78,0
40.91,21.04,66.79,3.69,late,clay,11.54,0
46.71,16.16,47.33,3.57,mid_season,loamy,26.71,0
43.39,16.74,48.93,2.97,initial,sandy,0.16,0
28.02,20.52,56.65,2.5,initial,loamy,9.93,0
50.44,15.83,71.83,3.48,late,clay,15.7,0
68.24,27.77,67.64,4.35,late,clay,21.53,0
75.12,25.25,58.14,0,initial,loamy,0,0
12.45,17.35,65.77,3.86,development,sandy,4.1,0
54.91,28.77,53.1,2.93,late,loamy,4.94,0
37.96,24.38,81.79,2.7,development,clay,9.71,0
47.33,27.52,58.59,1.93,late,sandy,9.71,0
62.68,15.27,71.15,3.03,mid_season,loamy,8.93,0
45.51,22.2,88.21,4.87,late,sandy,9.74,0
9.36,27.21,84.52,0,initial,loamy,0,0
50.95,28.95,56.25,4.3,initial,loamy,2.68,0
39.29,24.6,76.91,3.0,development,loamy,8.76,0
45.4,21.82,61.25,1.98,mid_season,sandy,11.67,0
35.57,25.34,58.25,0,development,clay,0,1
49.59,23.18,78.82,4.6,late,clay,10.04,0
37.0,23.33,83.34,4.41,mid_season,loamy,11.55,0
62.02,21.81,63.95,4.0,mid_season,clay,8.2,0
38.39,26.06,75.27,5.03,late,clay,16.36,0
47.57,18.83,52.3,3.66,initial,clay,2.77,0
30.27,18.15,67.38,0,initial,loamy,0,0
49.24,26.1,84.97,5.55,mid_season,sandy,7.33,0
65.22,27.01,89.69,2.45,development,loamy,15.84,0
53.15,23.65,72.12,2.36,mid_season,loamy,0.57,0
43.84,18.8,61.31,2.97,late,clay,4.95,0
67.21,26.84,41.53,5.42,development,clay,3.08,0
52.9,18.07,54.01,0,initial,sandy,0,0
52.07,29.82,72.25,0,mid_season,clay,0,0
57.27,28.98,61.13,3.83,development,loamy,9.14,0
25.41,14.59,64.85,3.69,development,sandy,9.85,0
57.46,17.53,63.55,2.24,initial,sandy,1.34,0
62.13,26.0,43.68,5.23,late,clay,6.9,0
65.27,13.56,78.72,4.19,development,clay,13.04,0
59.88,28.49,75.43,7.01,late,clay,12.95,0
87.41,28.8,57.72,3.42,mid_season,loamy,17.26,0
45.6,12.32,56.64,6.02,late,loamy,16.25,0
70.98,29.76,53.44,2.89,development,loamy,3.64,0
24.55,15.27,73.41,3.87,mid_season,clay,8.91,0
56.86,17.86,43.93,4.32,late,clay,10.82,0
46.59,22.53,46.02,5.1,late,sandy,11.58,0
64.66,25.03,53.94,3.76,late,loamy,15.16,0
36.2,27.03,71.75,2.19,development,clay,10.19,0
52.72,20.59,89.61,2.45,late,sandy,16.63,0
63.95,13.87,64.99,4.43,mid_season,sandy,14.56,0
62.86,23.52,84.01,0,initial,sandy,0,0
31.15,28.36,78.26,4.43,initial,loamy,3.46,0
69.82,29.52,75.22,3.44,initial,loamy,9.31,0
55.89,18.09,79.19,5.02,initial,loamy,5.29,0
62.1,12.59,61.1,2.78,late,clay,1.08,0
7.45,15.75,84.55,3.03,initial,sandy,5.92,0
87.54,22.15,52.49,4.46,development,clay,17.36,0
44.5,13.53,61.66,4.07,initial,sandy,9.7,0
49.28,15.98,64.76,0,late,loamy,0,1
74.85,14.27,40.69,0,development,sandy,0,0
64.93,16.19,76.83,3.99,mid_season,clay,19.79,0
61.41,15.91,52.08,2.44,late,sandy,5.73,0
78.78,21.3,62.74,4.1,initial,sandy,6.25,0
63.28,29.11,79.71,4.87,mid_season,loamy,9.96,0
55.98,16.26,62.24,4.71,development,clay,7.88,0
68.18,29.99,79.64,0,initial,sandy,0,0
54.07,18.77,48.94,3.03,development,loamy,8.46,0
88.32,18.64,45.44,4.39,initial,loamy,1.49,0
70.76,16.53,77.31,2.68,late,loamy,10.19,0
41.61,26.35,44.29,4.73,late,loamy,6.04,0
27.97,22.91,79.22,5.22,initial,clay,0.93,0
62.63,27.3,70.34,5.21,initial,sandy,4.83,0
61.1,21.14,76.5,5.52,initial,clay,6.72,0
95,12.05,82.7,8.29,development,loamy,3.93,0
73.21,29.17,42.66,3.73,development,clay,14.39,0
80.38,19.06,48.83,2.79,late,clay,12.78,0
42.32,15.79,77.94,4.72,development,sandy,1.93,0
57.73,15.06,86.7,4.91,late,clay,11.94,0
79.26,23.88,43.05,3.94,mid_season,clay,14.23,0
53.22,15.71,63.53,4.1,late,sandy,3.63,0
85.07,14.12,85.93,4.39,late,loamy,9.69,0
54.74,28.31,64.43,0,development,loamy,0,0
45.08,29.11,84.05,3.56,initial,loamy,7.32,0
74.32,15.86,57.14,0,initial,sandy,0,0
62.42,15.6,47.68,5.25,late,loamy,17.51,0
71.51,28.76,77.02,5.73,initial,loamy,9.3,0
45.58,26.53,70.48,3.34,late,clay,0.71,0
56.93,14.69,88.31,4.48,mid_season,loamy,19.86,0
60.94,19.58,62.9,3.63,initial,loamy,21.07,0
73.56,29.84,77.38,3.65,development,sandy,4.95,0
86.71,20.66,43.69,1.72,development,clay,12.61,0
57.49,26.46,53.92,5.86,mid_season,loamy,14.83,0
48.26,26.67,56.89,4.44,mid_season,sandy,14.42,0
57.9,22.48,45.72,3.51,late,sandy,10.3,0
75.8,15.64,62.98,5.77,development,sandy,5.23,0
69.82,14.03,88.05,0,initial,sandy,0,0
40.58,23.52,62.7,3.44,initial,loamy,10.11,0
61.04,14.28,75.36,3.93,mid_season,loamy,9.45,0
38.76,14.56,75.55,2.11,initial,sandy,13.97,0
70.45,21.79,70.36,4.5,late,loamy,11.04,0
30.67,23.61,75.76,1.09,late,clay,8.83,0
64.52,20.74,77.57,5.44,mid_season,loamy,7.86,0
81.39,13.1,41.22,4.64,initial,clay,5.93,0
59.09,23.09,72.51,2.67,development,loamy,6.05,0
64.2,22.79,53.61,3.33,mid_season,clay,12.04,0
45.48,26.37,59.35,6.48,mid_season,loamy,19.8,0
65.47,20.5,72.5,4.75,late,sandy,7.33,0
57.93,12.68,49.57,4.93,mid_season,clay,23.98,0
86.0,29.47,77.48,5.64,late,loamy,1.28,0
63.64,19.34,84.74,4.73,mid_season,sandy,5.82,0
41.27,29.4,86.66,3.46,initial,clay,1.84,0
65.22,14.07,82.96,3.95,late,loamy,15.66,0
64.47,12.25,63.68,0,initial,loamy,0,0
14.24,23.39,49.22,4.22,mid_season,sandy,3.83,0
67.78,22.52,89.52,5.56,initial,clay,12.76,0
35.17,12.23,83.2,5.0,late,sandy,9.38,0
43.51,23.97,45.03,0,initial,loamy,0,0
69.9,20.07,88.63,3.51,late,clay,1.92,0
47.57,19.24,75.67,1.99,initial,clay,7.78,0
89.46,13.83,45.64,3.39,development,sandy,16.61,0
69.43,22.09,72.21,4.2,mid_season,clay,26.81,0
58.4,28.2,58.52,5.23,late,loamy,16.01,0
49.41,20.92,64.13,0,late,sandy,0,1
46.75,28.48,79.94,5.9,initial,loamy,1.34,0
18.95,15.84,69.07,0,mid_season,loamy,0,1
66.4,22.86,47.46,2.76,late,sandy,3.76,0
8.83,27.37,62.54,5.9,late,sandy,2.62,0
48.25,29.54,67.25,5.04,late,loamy,17.06,0
46.54,16.93,76.61,2.35,initial,clay,9.09,0
19.18,28.47,61.88,4.47,initial,sandy,10.2,0
71.5,17.15,44.26,6.5,mid_season,clay,14.57,0
21.29,15.66,73.08,2.56,development,clay,14.96,0
84.37,22.64,66.58,3.06,development,clay,11.73,0
47.22,19.72,83.56,3.92,late,clay,10.29,0
54.25,23.93,50.53,0,mid_season,clay,0,0
66.87,20.08,50.44,0,initial,loamy,0,0
75.39,18.61,44.7,6.66,late,clay,16.69,0
54.28,24.66,64.79,0,late,sandy,0,1
20.95,14.17,82.57,4.29,initial,loamy,7.52,0
57.35,13.23,66.69,4.47,late,sandy,3.13,0
83.02,12.9,49.66,2.06,late,clay,0.45,0
34.65,18.01,48.2,6.22,late,loamy,19.18,0
74.3,12.01,62.57,3.38,development,loamy,8.51,0
52.38,16.04,67.12,3.53,development,sandy,0.68,0
81.43,21.24,65.93,3.45,development,loamy,5.73,0
90.07,14.15,66.58,4.54,development,clay,24.82,0
47.22,22.4,74.83,5.34,mid_season,loamy,13.63,0
41.75,25.36,87.97,4.11,initial,loamy,11.2,0
70.66,25.68,52.71,0,development,loamy,0,0
85.13,12.33,67.25,4.96,development,clay,19.17,0
84.33,19.99,64.97,4.23,late,loamy,6.91,0
36.54,20.79,57.46,4.44,development,clay,7.17,0
64.29,27.63,55.61,4.15,development,sandy,24.28,0
35.71,21.55,55.96,5.03,development,sandy,12.39,0
70.47,15.96,50.37,0,late,sandy,0,0
39.86,14.79,75.54,0,initial,loamy,0,0
48.61,22.61,84.79,4.9,late,loamy,28.22,0
22.92,15.46,56.52,2.43,development,sandy,5.01,0
46.19,15.07,51.62,3.61,late,loamy,16.76,0
42.69,22.99,67.26,2.32,development,clay,13.58,0
52.0,13.3,50.38,4.43,initial,clay,6.31,0
64.8,26.82,86.35,4.44,mid_season,clay,11.36,0
88.86,12.93,66.13,0,development,clay,0,0
58.28,12.52,62.05,4.81,mid_season,loamy,6.48,0
45.26,26.48,76.13,4.26,mid_season,loamy,24.13,0
50.48,22.11,78.42,2.36,initial,loamy,2.83,0
72.35,12.71,89.15,3.99,late,sandy,5.56,0
59.22,21.52,77.99,2.78,mid_season,loamy,6.74,0
51.81,12.57,57.06,4.55,development,clay,9.23,0
44.48,23.42,54.44,3.3,initial,clay,1.77,0
61.34,29.83,56.8,4.01,initial,loamy,6.49,0
53.18,26.64,74.83,5.78,mid_season,loamy,7.3,0
42.85,13.42,84.61,2.97,development,sandy,0.4,0
55.08,20.74,40.13,5.65,late,sandy,19.79,0
60.46,14.01,46.74,5.19,mid_season,clay,22.85,0
46.22,20.75,55.35,4.35,initial,clay,4.68,0
52.26,15.19,70.35,1.84,development,clay,9.06,0
73.39,20.25,59.33,3.7,mid_season,loamy,16.38,0
79.32,16.92,54.02,1.79,mid_season,sandy,20.27,0
35.5,22.24,89.43,4.13,mid_season,clay,3.27,0
35.87,15.63,65.21,3.16,mid_season,clay,14.63,0
63.4,17.37,78.28,3.72,mid_season,loamy,21.22,0
70.98,25.46,69.16,4.83,late,sandy,13.51,0
69.3,29.94,58.78,4.26,late,sandy,7.1,0
70.64,18.16,86.26,3.06,mid_season,sandy,18.39,0
61.65,14.15,53.5,3.38,mid_season,clay,13.21,0
67.29,28.2,50.73,0,initial,sandy,0,0
48.01,17.34,43.2,0,late,sandy,0,1
67.82,22.14,75.43,4.58,mid_season,sandy,14.68,0
68.96,15.29,72.51,3.35,development,clay,13.48,0
44.91,28.69,61.07,0,initial,sandy,0,0
64.43,25.22,66.19,2.92,development,loamy,3.31,0
33.65,28.55,48.86,4.55,initial,clay,18.43,0
47.54,28.12,77.87,0,late,clay,0,0
32.84,16.21,44.32,3.25,development,sandy,6.1,0
50.89,17.69,57.66,4.7,development,sandy,10.69,0
73.9,17.93,45.69,4.11,development,loamy,0.93,0
47.76,14.97,58.2,5.1,mid_season,sandy,2.17,0
90.12,23.08,58.77,4.09,mid_season,clay,10.67,0
61.83,26.71,55.49,3.41,mid_season,clay,0.73,0
64.25,24.83,41.85,2.95,initial,loamy,5.34,0
69.68,17.55,89.35,3.99,late,clay,17.89,0
63.46,12.99,75.37,2.78,initial,sandy,7.68,0
75.71,15.25,44.62,3.22,initial,loamy,7.45,0
49.33,17.42,47.93,4.24,mid_season,sandy,5.05,0
89.0,24.47,51.98,3.44,initial,loamy,1.98,0
55.4,13.3,48.48,3.86,mid_season,clay,4.61,0
56.22,28.72,60.87,3.97,initial,clay,3.84,0
65.58,27.89,64.85,3.63,mid_season,sandy,14.45,0
77.17,25.66,54.45,3.64,development,clay,14.89,0
60.55,17.84,75.65,2.09,mid_season,sandy,16.62,0
61.88,26.71,67.62,4.19,development,loamy,13.99,0
52.66,17.03,57.36,0,initial,clay,0,0
53.12,14.41,86.15,0,initial,clay,0,0
44.85,28.44,58.43,4.53,late,clay,17.57,0
78.89,19.7,49.84,4.18,mid_season,clay,4.8,0
63.57,21.1,80.2,5.34,late,loamy,17.42,0
69.97,25.67,51.62,4.17,late,clay,5.17,0
59.94,21.38,57.25,3.31,late,sandy,21.73,0
22.11,23.5,65.48,5.1,development,sandy,9.15,0
57.47,25.55,83.64,2.55,late,loamy,2.52,0
75.47,13.74,83.46,2.41,development,loamy,13.32,0
55.33,20.14,44.49,5.14,development,sandy,9.68,0
58.12,18.47,46.35,0,development,sandy,0,1
75.76,24.43,65.2,2.88,late,sandy,7.82,0
85.74,20.35,67.05,4.3,mid_season,clay,21.83,0
56.71,27.23,59.97,3.96,initial,clay,17.63,0
76.92,24.79,61.39,5.25,late,loamy,10.72,0
71.75,23.82,41.6,0,initial,loamy,0,0
76.07,28.45,50.26,2.47,initial,sandy,10.55,0
44.95,14.48,79.31,4.05,development,loamy,8.46,0
55.41,23.68,63.21,4.22,mid_season,loamy,15.49,0
92.43,13.77,42.78,4.14,initial,clay,2.97,0
79.51,18.8,65.79,6.09,mid_season,clay,11.88,0
24.64,23.42,78.93,2.22,mid_season,sandy,10.62,0
59.21,23.69,74.15,4.31,development,loamy,4.87,0
40.87,17.06,48.46,3.9,mid_season,clay,13.97,0
76.29,15.32,66.35,4.09,late,loamy,9.67,0
73.75,20.26,69.02,3.54,mid_season,loamy,14.04,0
31.16,16.62,89.89,1.59,initial,loamy,21.1,0
26.03,21.11,49.45,5.67,late,sandy,23.06,0
83.56,27.7,44.32,0,development,loamy,0,0
80.06,29.96,63.81,4.01,late,loamy,9.11,0
40.25,21.83,85.24,4.97,late,loamy,7.15,0
21.17,16.25,83.7,2.42,development,clay,4.65,0
36.93,18.22,45.2,4.08,initial,clay,7.67,0
76.52,21.61,52.75,0,initial,clay,0,0
57.58,16.47,88.47,0,development,sandy,0,0
48.23,18.05,79.37,3.62,mid_season,sandy,10.1,0
95,25.31,75.53,4.86,development,clay,4.62,0
43.62,15.67,62.1,2.73,mid_season,clay,17.83,0
52.54,13.55,83.15,3.3,late,loamy,9.99,0
69.89,15.24,56.11,4.03,late,clay,7.04,0
60.89,16.89,56.24,4.37,mid_season,clay,17.79,0
54.55,26.04,52.2,3.61,mid_season,sandy,14.5,0
50.28,18.89,82.18,0,development,sandy,0,1
45.47,25.95,68.41,4.73,mid_season,loamy,12.08,0
69.23,23.78,61.76,5.87,late,sandy,5.14,0
28.13,20.37,42.48,2.4,development,clay,2.89,0
79.48,20.33,80.3,4.77,late,loamy,13.29,0
6.85,24.21,63.04,4.11,late,clay,7.24,0
57.93,21.14,74.79,3.33,initial,sandy,4.38,0
37.61,29.87,43.2,2.69,development,loamy,4.98,0
89.18,24.19,87.78,3.74,development,loamy,10.45,0
41.2,15.23,64.33,5.61,late,sandy,2.04,0
35.17,17.25,72.67,4.33,mid_season,clay,23.35,0
28.98,12.68,85.12,2.28,development,loamy,12.9,0
35.97,17.97,50.42,3.95,late,loamy,12.23,0
66.36,19.54,80.55,4.25,initial,clay,4.81,0
80.61,22.27,76.0,5.18,mid_season,sandy,6.55,0
95,29.26,78.05,5.35,mid_season,sandy,2.5,0
66.54,13.69,81.3,2.32,development,loamy,0.74,0
57.98,25.08,62.81,5.12,initial,clay,2.9,0
46.07,12.43,73.37,4.77,initial,clay,2.17,0
52.56,26.79,67.61,0,initial,loamy,0,0
57.91,24.23,47.79,5.87,late,sandy,6.79,0
49.61,26.74,60.17,4.8,development,clay,5.64,0
44.14,12.55,72.16,1.99,late,clay,12.02,0
46.85,22.8,42.92,3.09,mid_season,loamy,1.1,0
89.96,27.37,82.47,3.76,mid_season,clay,9.73,0
67.01,27.91,81.36,1.76,late,loamy,2.55,0
47.83,14.02,66.62,2.06,mid_season,clay,10.44,0
70.69,18.98,67.91,3.21,development,sandy,11.9,0
62.37,14.21,69.4,3.7,development,loamy,14.85,0
52.34,29.29,45.72,3.78,initial,sandy,11.22,0
58.4,19.76,55.79,0,late,clay,0,0
63.01,14.49,40.08,4.04,initial,sandy,0.53,0
54.41,24.11,76.53,2.08,initial,sandy,2.64,0
62.38,17.74,78.13,0,late,sandy,0,0
92.13,20.21,45.32,4.44,late,sandy,12.08,0
82.37,16.12,42.12,3.5,development,loamy,10.9,0
75.21,20.01,80.15,0,initial,clay,0,0
32.8,28.35,44.94,5.02,development,clay,16.64,0
32.13,16.28,89.53,5.77,initial,loamy,12.44,0
55.18,18.95,77.83,5.13,initial,sandy,11.92,0
68.84,26.43,69.66,2.98,mid_season,loamy,14.99,0
49.18,20.51,76.55,3.9,late,sandy,7.73,0
54.49,28.65,64.97,3.93,initial,sandy,0.96,0
61.52,22.85,88.59,0,initial,sandy,0,0
64.85,22.82,59.52,2.88,development,clay,12.41,0
19.98,15.1,57.47,7.24,development,clay,23.57,0
82.69,29.13,59.99,5.67,late,loamy,14.37,0
63.64,20.01,62.78,0,development,sandy,0,0
64.64,15.73,75.25,0,initial,sandy,0,0
62.11,29.58,59.1,3.98,mid_season,sandy,5.34,0
54.33,14.09,89.68,3.13,development,clay,13.0,0
46.23,12.12,74.31,3.78,late,loamy,13.51,0
52.13,14.66,62.92,5.34,initial,clay,5.59,0
53.92,21.65,79.61,5.44,initial,clay,11.1,0
47.04,16.72,69.52,0,development,loamy,0,1
37.42,26.47,75.39,4.12,initial,clay,7.34,0
67.39,19.49,72.89,3.79,development,loamy,1.46,0
61.05,12.51,54.3,0,development,clay,0,0
72.43,23.75,40.13,3.94,initial,clay,11.54,0
46.58,15.92,79.5,3.55,mid_season,loamy,10.28,0
81.32,16.54,42.87,4.0,development,clay,2.12,0
47.5,28.45,86.87,5.43,development,sandy,14.62,0
36.46,22.97,54.78,5.12,late,loamy,28.14,0
83.39,17.11,58.74,0,development,sandy,0,0
42.85,20.39,43.51,6.25,initial,loamy,6.31,0
11.46,18.54,62.16,2.66,mid_season,clay,13.76,0
72.16,13.24,88.57,3.03,development,sandy,5.96,0
70.21,24.91,58.17,4.04,mid_season,sandy,11.51,0
33.24,20.03,84.2,5.51,mid_season,clay,6.96,0
64.03,21.6,44.99,3.33,development,sandy,8.29,0
45.98,16.08,81.77,4.08,mid_season,clay,5.48,0
51.51,22.69,83.38,4.51,late,loamy,9.09,0
34.69,18.75,49.16,4.38,late,clay,4.41,0
47.05,26.19,82.86,4.64,late,clay,9.85,0
46.31,27.92,72.42,0,initial,sandy,0,0
61.9,17.51,74.92,3.48,development,loamy,16.98,0
43.31,27.46,79.29,2.69,initial,loamy,11.13,0
80.39,23.71,44.89,5.88,late,loamy,11.38,0
64.06,25.44,77.72,2.53,late,loamy,18.53,0
31.9,16.13,71.76,5.43,mid_season,sandy,18.78,0
34.44,28.93,43.9,0,development,loamy,0,1
56.48,28.24,50.74,4.84,mid_season,loamy,25.26,0
62.87,18.27,41.85,4.46,initial,sandy,7.78,0
25.75,12.14,56.69,2.22,late,loamy,16.0,0
77.76,29.15,42.3,3.21,late,sandy,7.35,0
52.35,24.15,58.5,7.51,development,sandy,5.54,0
52.55,25.83,83.07,0,initial,clay,0,0
30.68,26.7,60.31,4.62,initial,clay,12.77,0
60.19,12.78,65.89,4.05,mid_season,clay,10.14,0
74.11,23.4,68.75,2.69,late,sandy,12.89,0
77.49,19.23,66.64,5.55,mid_season,clay,38.12,0
53.9,16.18,88.18,5.06,development,sandy,5.51,0
69.72,26.18,58.63,3.06,late,loamy,7.4,0
70.39,12.76,72.35,2.98,development,sandy,1.41,0
45.56,28.56,50.75,4.32,development,clay,16.35,0
53.53,23.74,58.02,0,initial,sandy,0,0
75.58,12.03,62.5,4.04,late,clay,5.87,0
44.59,20.15,75.96,3.82,development,sandy,3.53,0
79.74,15.38,45.78,2.82,mid_season,loamy,7.98,0
43.39,13.67,40.47,0,development,sandy,0,1
81.51,19.12,70.67,2.47,late,loamy,2.19,0
29.66,19.23,68.94,4.15,mid_season,loamy,11.73,0
61.58,19.75,52.73,1.86,development,clay,14.58,0
89.81,23.1,56.78,2.5,late,sandy,13.29,0
40.24,14.97,88.15,4.03,development,clay,10.02,0
64.19,15.8,84.08,4.37,development,clay,13.69,0
35.47,18.49,86.64,3.38,development,clay,9.79,0
77.5,29.63,50.9,3.92,late,clay,18.61,0
48.44,14.79,79.04,4.54,late,clay,3.38,0
72.65,18.36,49.7,4.27,late,loamy,8.93,0
28.21,12.51,80.15,2.26,initial,loamy,5.36,0
61.57,13.98,76.12,4.25,mid_season,clay,30.3,0
55.74,28.84,44.71,0,late,loamy,0,0
33.32,13.09,88.45,4.28,mid_season,clay,22.05,0
48.45,22.79,71.8,5.03,development,loamy,0.08,0
57.75,28.86,47.4,2.45,mid_season,sandy,18.58,0
44.34,26.06,62.38,4.11,late,loamy,16.36,0
67.66,28.66,61.09,3.92,mid_season,loamy,11.77,0
68.96,17.9,67.82,3.42,development,loamy,12.83,0
56.7,16.14,43.41,3.13,initial,sandy,3.21,0
55.98,25.08,88.77,0,initial,clay,0,0
81.76,12.5,52.93,3.83,initial,sandy,9.97,0
67.27,18.46,41.79,4.54,development,clay,9.61,0
79.8,24.71,64.01,3.67,late,loamy,27.57,0
33.59,21.63,40.01,5.8,mid_season,clay,23.5,0
45.13,28.71,87.91,3.42,mid_season,clay,7.18,0
43.06,29.75,40.68,4.69,development,clay,6.89,0
49.33,17.69,51.47,5.48,initial,sandy,3.73,0
72.31,14.53,66.64,3.86,mid_season,clay,11.31,0
42.74,13.1,41.42,4.19,mid_season,clay,2.47,0
52.8,20.12,44.58,0,development,loamy,0,0
61.6,20.24,62.93,2.48,mid_season,sandy,18.15,0
67.32,23.52,88.69,6.14,late,clay,16.8,0
50.67,26.54,79.46,5.31,development,sandy,8.7,0
77.15,12.19,87.78,5.45,late,clay,7.5,0
84.15,17.44,72.13,5.32,development,loamy,12.89,0
52.27,17.23,51.17,4.48,initial,clay,11.24,0
49.34,25.22,48.53,5.0,initial,loamy,14.04,0
63.95,20.57,53.18,4.13,late,loamy,4.17,0
83.36,29.23,79.31,5.61,initial,clay,15.35,0
52.43,27.41,49.18,4.48,initial,clay,12.67,0
30.39,19.33,70.77,2.31,initial,clay,4.09,0
23.17,13.83,67.36,5.3,mid_season,loamy,11.32,0
54.71,12.67,51.71,4.19,late,sandy,20.02,0
57.11,29.9,45.4,0,initial,clay,0,0
43.57,28.49,78.59,4.52,mid_season,sandy,3.75,0
52.29,18.29,83.85,5.16,mid_season,sandy,14.53,0
75.85,19.12,76.71,5.18,mid_season,loamy,10.67,0
46.38,22.85,75.75,2.81,late,loamy,6.36,0
84.85,14.43,72.83,4.12,late,sandy,12.86,0
38.12,27.73,66.92,4.03,mid_season,sandy,0.98,0
47.78,18.42,71.52,3.19,development,clay,19.92,0
40.77,15.51,48.98,1.89,development,clay,12.98,0
84.05,21.52,88.84,1.3,development,loamy,16.79,0
49.47,28.58,65.55,0,late,loamy,0,1
59.22,17.05,55.31,2.62,late,loamy,3.3,0
64.58,20.34,73.03,3.93,development,clay,6.78,0
58.94,17.54,51.17,3.29,development,clay,12.88,0
82.28,25.39,87.92,3.44,initial,clay,12.84,0
34.42,12.38,69.48,3.98,development,loamy,24.04,0
36.31,26.93,64.86,3.98,development,loamy,5.73,0
43.34,22.0,42.2,2.72,initial,loamy,18.24,0
40.04,14.3,59.02,0,development,sandy,0,1
73.3,17.63,53.28,3.29,mid_season,clay,10.4,0
85.5,25.05,79.25,0,initial,sandy,0,0
86.74,19.73,45.38,0,initial,sandy,0,0
57.11,24.89,55.74,3.08,mid_season,clay,8.59,0
63.96,13.51,84.62,3.5,development,sandy,9.96,0
26.06,27.83,76.5,4.45,late,sandy,4.75,0
45.32,21.89,85.18,4.58,mid_season,loamy,18.07,0
37.31,12.45,67.17,3.3,development,loamy,14.86,0
80.84,28.5,70.44,1.97,late,loamy,9.39,0
95,22.61,59.4,2.58,initial,loamy,1.65,0
73.36,14.46,41.0,2.67,initial,clay,1.5,0
53.92,25.89,77.35,4.14,late,loamy,4.91,0
87.56,17.68,54.48,3.71,development,loamy,7.74,0
39.13,18.08,44.75,2.6,development,sandy,6.58,0
50.73,28.88,62.78,3.66,mid_season,loamy,11.68,0
59.76,25.66,66.75,3.41,development,clay,3.89,0
49.95,16.73,42.97,4.05,mid_season,sandy,4.87,0
51.64,16.24,55.24,4.77,mid_season,clay,3.63,0
30.48,22.1,77.07,4.23,development,clay,11.62,0
82.43,26.17,57.65,0,initial,sandy,0,0
66.91,28.86,79.72,6.47,late,clay,13.11,0
65.52,21.22,43.58,5.45,mid_season,loamy,14.14,0
41.31,19.06,41.38,2.75,development,sandy,9.5,0
42.48,20.45,87.12,5.41,mid_season,loamy,16.48,0
75.36,14.81,74.69,0,initial,sandy,0,0
28.04,28.42,74.29,4.11,late,sandy,8.57,0
32.6,19.57,83.35,4.16,mid_season,clay,22.96,0
84.13,25.63,46.42,0,initial,sandy,0,0
62.95,14.64,62.56,4.7,initial,clay,9.91,0
51.13,26.42,85.18,3.17,late,clay,8.25,0
58.05,22.51,52.8,3.79,mid_season,loamy,1.87,0
56.83,24.08,78.34,5.64,late,sandy,4.01,0
72.41,21.32,50.57,3.43,development,clay,2.63,0
60.66,12.63,69.72,0,initial,sandy,0,0
38.36,16.7,83.62,3.92,late,loamy,5.6,0
73.97,28.2,54.1,0,late,loamy,0,0
81.94,24.45,67.87,3.48,development,clay,2.14,0
43.17,13.03,87.22,3.54,late,sandy,13.39,0
74.09,14.44,53.11,4.63,mid_season,loamy,14.52,0
32.46,20.76,46.41,5.71,mid_season,sandy,11.32,0
29.54,18.85,78.91,3.23,initial,sandy,6.66,0
66.39,13.72,74.39,5.76,development,clay,12.35,0
30.17,27.46,80.91,2.51,mid_season,sandy,15.66,0
45.32,14.43,48.74,0,late,sandy,0,1
35.67,22.66,44.96,3.14,development,clay,8.12,0
79.41,15.12,62.5,4.03,mid_season,sandy,2.57,0
91.39,24.52,72.41,4.62,mid_season,sandy,10.39,0
19.06,27.58,63.01,4.2,initial,loamy,3.16,0
42.8,29.6,67.65,4.28,late,sandy,18.06,0
44.15,18.35,88.14,3.86,late,loamy,8.66,0
57.71,23.11,74.05,4.82,late,loamy,16.63,0
57.44,18.84,88.25,4.21,mid_season,clay,22.21,0
63.38,22.3,65.67,4.06,development,sandy,13.11,0
52.73,29.86,81.87,2.52,mid_season,loamy,28.15,0
57.61,13.77,43.82,5.71,mid_season,loamy,13.85,0
51.7,26.36,87.92,0,late,sandy,0,1
74.68,28.05,45.69,3.38,late,clay,13.75,0
42.01,23.51,45.53,2.98,development,loamy,1.19,0
45.27,29.35,58.44,3.24,mid_season,clay,19.22,0
76.66,27.18,63.48,4.5,initial,clay,5.93,0
54.09,16.62,50.09,5.85,development,sandy,5.99,0
36.58,16.16,63.85,2.3,late,loamy,5.02,0
58.8,20.73,48.29,4.39,mid_season,loamy,13.92,0
12.9,28.86,64.44,0,initial,sandy,0,0
45.67,22.91,87.87,3.68,mid_season,clay,13.75,0
44.66,28.89,89.82,2.06,mid_season,sandy,16.03,0
53.25,12.46,80.49,2.8,late,loamy,1.94,0
48.45,19.62,71.34,3.77,late,sandy,9.18,0
61.34,14.6,76.6,0,development,sandy,0,0
52.81,25.66,65.15,4.32,mid_season,sandy,17.24,0
53.75,17.62,70.23,3.79,mid_season,clay,12.56,0
54.17,25.28,51.12,3.49,initial,clay,17.11,0
48.55,20.03,65.8,2.06,mid_season,clay,27.97,0
61.04,16.82,79.32,3.28,late,sandy,1.58,0
78.09,27.27,63.81,0,development,sandy,0,0
74.45,25.0,76.97,3.85,development,sandy,0.4,0
87.0,22.13,75.29,0,initial,clay,0,0
66.74,22.71,57.32,4.84,mid_season,sandy,19.75,0
65.1,19.59,62.27,5.36,late,clay,10.7,0
48.13,18.32,67.2,2.69,initial,clay,4.2,0
95,19.76,43.88,2.23,mid_season,sandy,1.51,0
73.17,18.33,65.3,4.31,development,clay,0.93,0
48.78,24.79,51.8,0,initial,sandy,0,0
37.28,29.71,84.8,4.44,initial,loamy,6.16,0
42.58,23.17,77.09,4.15,mid_season,sandy,14.42,0
51.26,17.82,83.93,4.74,late,sandy,15.48,0
58.4,17.99,78.83,0,initial,sandy,0,0
32.07,12.3,74.94,4.61,initial,sandy,11.47,0
20.77,25.72,89.44,1.05,late,clay,6.42,0
34.29,27.55,50.23,0,mid_season,loamy,0,1
35.4,23.7,89.46,4.21,development,clay,10.97,0
20.85,23.35,70.47,4.7,initial,clay,10.14,0
54.29,25.99,44.84,0,late,sandy,0,1
44.53,12.16,43.77,4.37,development,sandy,2.0,0
58.15,27.67,66.42,0,initial,sandy,0,0
78.12,15.11,78.45,2.27,late,loamy,16.81,0
61.59,22.75,44.12,3.97,late,loamy,16.3,0
55.57,13.39,77.06,4.32,initial,clay,7.18,0
54.94,15.89,81.03,0,development,sandy,0,1
40.24,17.26,48.79,4.92,initial,sandy,16.51,0
69.95,29.87,84.96,4.36,mid_season,clay,18.8,0
48.5,18.02,56.39,0,initial,sandy,0,0
54.29,17.2,81.89,4.19,mid_season,loamy,18.15,0
38.82,19.98,82.22,3.45,late,loamy,0.04,0
36.18,15.38,56.19,4.79,late,loamy,3.64,0
36.88,26.72,46.71,7.22,mid_season,clay,6.87,0
56.45,21.47,85.79,3.36,development,sandy,6.31,0
54.76,15.33,55.48,3.48,initial,loamy,3.53,0
48.27,28.54,52.07,3.52,mid_season,clay,16.22,0
60.87,17.1,64.79,6.34,initial,clay,12.5,0
38.28,13.82,55.45,2.79,initial,sandy,6.46,0
53.21,18.72,88.26,2.09,initial,sandy,9.82,0
62.38,13.71,41.8,3.63,mid_season,sandy,4.0,0
61.0,12.4,44.78,4.62,mid_season,clay,2.93,0
69.12,21.76,82.98,3.51,development,clay,2.08,0
14.67,21.06,40.75,4.02,late,clay,12.47,0
31.87,28.68,58.22,4.94,late,sandy,8.21,0
62.34,26.72,49.79,0,development,loamy,0,0
20.36,24.19,46.77,5.36,mid_season,sandy,9.63,0
44.64,24.58,63.41,2.18,late,sandy,4.33,0
80.05,27.62,71.18,4.33,late,clay,11.25,0
43.67,22.69,45.37,3.35,development,loamy,12.91,0
27.46,28.87,87.48,5.86,mid_season,clay,14.8,0
46.2,17.55,76.09,3.17,mid_season,clay,8.94,0
56.88,18.7,73.77,4.92,late,loamy,5.16,0
54.85,26.52,49.79,3.35,late,clay,4.52,0
23.53,25.45,49.95,0,initial,sandy,0,0
65.23,27.38,75.36,5.02,mid_season,sandy,15.41,0
36.46,24.35,68.8,3.69,late,loamy,4.99,0
41.64,14.85,47.77,4.81,mid_season,clay,16.16,0
54.33,26.62,77.81,4.04,initial,loamy,2.78,0
39.66,27.51,84.86,5.17,development,clay,1.75,0
43.18,13.32,67.29,4.74,initial,clay,20.82,0
62.17,18.23,80.75,4.35,late,loamy,19.63,0
25.92,18.3,65.11,3.5,late,clay,21.51,0
80.08,15.55,78.48,3.81,mid_season,clay,3.53,0
33.99,15.31,84.96,0,initial,sandy,0,0
42.17,14.91,84.59,0,initial,sandy,0,0
51.57,24.08,69.33,0,late,sandy,0,1
76.98,13.21,40.54,4.77,mid_season,sandy,8.13,0
55.05,25.56,61.76,3.54,late,sandy,7.54,0
53.54,20.13,40.85,3.07,development,loamy,6.68,0
95,14.75,65.28,0,development,clay,0,0
55.1,23.55,49.26,3.75,mid_season,sandy,12.11,0
25.95,20.63,71.33,5.53,mid_season,clay,14.16,0
55.27,23.69,47.03,3.15,late,sandy,1.81,0
61.67,14.26,49.24,0,late,sandy,0,0
73.43,14.69,84.53,0,development,clay,0,0
62.63,29.36,56.14,4.79,mid_season,clay,14.63,0
41.98,23.02,63.8,6.25,development,sandy,3.56,0
64.07,28.18,88.39,3.78,development,loamy,3.32,0
67.8,12.16,47.99,0,initial,clay,0,0
72.19,13.42,64.13,5.34,initial,clay,6.62,0
70.7,18.59,58.77,4.15,initial,loamy,15.64,0
43.8,20.27,79.52,0,initial,clay,0,0
45.18,28.2,43.75,0,mid_season,loamy,0,1
63.87,16.28,67.49,2.74,mid_season,loamy,2.08,0
21.38,20.28,65.73,7.04,late,clay,20.0,0
37.09,20.29,78.96,2.19,initial,loamy,4.14,0
64.67,17.94,44.9,4.6,mid_season,loamy,2.07,0
79.13,16.27,42.95,6.53,mid_season,loamy,11.77,0
51.26,15.7,41.76,4.09,initial,loamy,9.32,0
59.08,22.97,65.17,3.88,development,sandy,1.0,0
40.2,13.87,72.25,4.71,initial,loamy,2.8,0
62.59,20.0,57.6,4.8,late,loamy,2.62,0
37.25,22.11,51.96,3.92,mid_season,sandy,6.84,0
44.64,21.35,40.51,6.14,mid_season,sandy,2.26,0
31.12,14.69,80.98,3.66,mid_season,loamy,6.51,0
51.36,13.46,63.01,4.44,mid_season,sandy,18.63,0
30.96,24.05,75.21,3.39,initial,sandy,13.91,0
50.81,22.5,44.3,5.72,mid_season,loamy,17.45,0
27.57,15.15,89.12,4.64,development,loamy,7.45,0
84.36,28.07,82.3,0,initial,loamy,0,0
59.82,19.31,87.21,4.49,initial,sandy,2.45,0
73.99,23.75,41.62,0,late,loamy,0,0
64.77,12.67,43.95,3.44,mid_season,sandy,10.62,0
94.17,27.74,75.82,2.31,late,loamy,12.64,0
77.91,16.02,60.41,4.67,development,loamy,1.74,0
53.47,27.33,63.44,4.2,development,loamy,9.27,0
50.05,17.1,79.95,4.94,late,loamy,2.72,0
62.23,12.94,43.1,3.93,initial,loamy,3.75,0
57.81,29.45,73.65,3.84,mid_season,clay,10.71,0
58.48,21.08,74.31,3.34,mid_season,clay,23.78,0
59.76,13.35,40.7,1.84,initial,clay,12.1,0
51.81,17.62,44.42,5.41,late,sandy,4.03,0
65.98,29.41,78.7,3.75,late,sandy,10.08,0
26.48,17.62,83.75,3.34,late,loamy,10.01,0
78.81,20.06,82.87,4.32,late,sandy,5.69,0
17.11,26.42,75.1,2.95,development,sandy,2.83,0
50.35,25.09,69.68,3.36,development,clay,14.56,0
41.51,28.14,81.64,3.75,initial,loamy,10.85,0
62.34,13.86,64.28,3.89,initial,sandy,6.8,0
58.85,24.47,60.35,3.95,development,loamy,11.25,0
65.82,22.23,59.93,3.8,development,loamy,14.26,0
32.15,20.38,89.33,3.93,initial,sandy,18.03,0
25.12,15.35,89.85,3.94,development,clay,8.26,0
19.29,17.6,50.82,4.28,late,sandy,22.2,0
25.18,18.42,87.7,4.5,late,loamy,16.88,0
68.5,15.87,66.34,3.66,late,clay,7.52,0
47.92,24.68,88.95,4.13,initial,clay,3.32,0
70.31,14.12,78.33,5.13,mid_season,loamy,8.54,0
64.59,24.64,65.9,3.49,mid_season,clay,4.98,0
68.66,26.19,59.95,6.08,mid_season,sandy,15.25,0
68.0,21.84,54.89,2.44,initial,sandy,13.28,0
95,12.69,76.15,5.32,late,loamy,6.63,0
60.83,26.07,81.01,4.36,initial,sandy,1.24,0
36.18,24.49,89.58,0,initial,sandy,0,0
30.1,23.46,87.53,4.8,initial,sandy,5.35,0
48.92,25.47,48.06,1.81,mid_season,sandy,7.6,0
66.74,18.84,87.67,0,initial,clay,0,0
70.19,25.62,64.96,4.52,development,clay,0.95,0
50.53,18.76,80.51,4.64,initial,loamy,3.26,0
63.85,18.06,68.7,3.9,development,loamy,11.03,0
40.18,25.18,67.06,1.59,late,clay,4.13,0
52.71,15.78,52.07,3.54,late,clay,37.43,0
57.03,21.04,67.99,4.4,mid_season,loamy,16.93,0
46.41,26.57,67.78,3.04,late,sandy,3.25,0
56.79,24.06,62.72,3.7,late,clay,6.44,0
34.82,15.1,40.93,2.07,late,sandy,5.24,0
87.41,29.73,60.67,1.68,initial,sandy,9.26,0
79.76,19.98,79.55,6.47,development,sandy,7.93,0
51.7,18.66,72.64,3.82,initial,sandy,5.26,0
23.99,19.52,44.22,4.74,late,clay,12.79,0
46.91,25.37,63.67,3.51,late,clay,4.05,0
78.54,14.87,59.69,3.88,mid_season,clay,12.03,0
52.03,13.09,57.31,3.56,mid_season,clay,0.15,0
42.02,15.76,71.32,3.68,late,clay,7.51,0
42.37,28.33,55.69,2.92,late,clay,2.57,0
85.23,14.14,71.59,3.61,initial,clay,5.12,0
83.65,23.53,73.93,4.26,initial,loamy,2.07,0
20.04,22.68,57.5,4.77,late,sandy,9.0,0
41.82,16.53,56.41,4.13,initial,clay,10.3,0
46.0,23.68,86.18,5.15,late,loamy,17.73,0
70.25,24.38,89.65,3.71,mid_season,loamy,20.97,0
94.13,16.45,82.5,4.17,development,clay,8.91,0
53.18,16.17,43.48,2.41,development,sandy,7.69,0
63.1,28.76,55.88,4.97,development,loamy,11.68,0
20.82,24.38,58.6,3.67,development,loamy,5.5,0
69.22,26.02,48.57,6.93,mid_season,clay,4.04,0
57.04,18.17,63.4,2.75,late,clay,19.11,0
49.58,26.28,87.05,3.0,development,sandy,10.26,0
57.31,28.19,67.43,4.77,mid_season,clay,18.11,0
17.37,12.9,73.41,4.47,development,loamy,8.03,0
44.35,28.91,85.38,0,initial,loamy,0,0
44.14,19.65,43.6,3.99,late,clay,8.93,0
59.62,29.34,71.78,5.27,late,clay,11.54,0
95,25.82,80.2,2.54,late,clay,4.16,0
48.17,25.34,61.95,3.26,development,loamy,12.39,0
66.19,19.69,78.96,3.47,late,clay,5.07,0
32.5,16.57,76.42,4.57,late,loamy,4.25,0
68.1,12.47,40.84,2.39,initial,clay,9.0,0
52.02,19.88,84.9,3.21,late,clay,1.67,0
77.13,29.53,86.77,3.78,mid_season,loamy,24.33,0
62.79,25.87,78.25,2.38,development,loamy,11.58,0
52.91,25.76,76.25,4.82,mid_season,sandy,10.11,0
62.48,19.23,78.82,3.06,mid_season,sandy,19.84,0
66.78,22.65,85.97,4.01,initial,clay,17.42,0
44.14,14.24,70.51,3.94,mid_season,sandy,1.4,0
36.16,18.52,67.13,5.42,development,clay,9.31,0
67.78,25.94,83.73,0,initial,clay,0,0
47.04,26.07,59.3,0,initial,clay,0,0
59.13,13.85,76.75,2.32,mid_season,clay,5.88,0
52.32,25.98,81.62,4.2,development,sandy,3.35,0
71.08,14.5,52.45,5.88,initial,loamy,2.16,0
48.12,22.97,64.7,4.89,late,sandy,13.66,0
92.22,25.29,70.56,3.28,late,loamy,13.15,0
61.14,26.49,61.69,4.74,late,loamy,8.37,0
51.1,25.94,56.91,3.19,mid_season,loamy,13.47,0
68.91,14.77,71.43,5.19,late,loamy,5.91,0
73.77,14.12,88.99,4.75,late,sandy,15.22,0
66.76,28.15,40.83,3.82,late,sandy,7.67,0
70.24,28.33,59.82,1.32,development,clay,0.97,0
84.23,15.41,73.53,5.36,late,loamy,4.1,0
43.85,27.01,86.57,4.02,initial,loamy,12.33,0
69.35,20.7,59.57,4.05,initial,clay,5.86,0
68.07,25.59,52.41,0,initial,clay,0,0
83.47,26.71,87.34,4.76,initial,loamy,5.27,0
64.95,14.83,74.21,4.85,mid_season,sandy,4.34,0
48.44,28.1,43.18,1.18,mid_season,loamy,5.93,0
51.46,20.23,43.35,3.13,mid_season,sandy,11.46,0
48.98,27.99,82.04,3.59,initial,loamy,2.93,0
95,16.21,40.54,4.78,mid_season,sandy,23.08,0
77.47,15.99,60.78,1.96,development,loamy,19.4,0
36.51,24.84,81.02,4.44,mid_season,sandy,7.08,0
62.2,26.23,84.52,0,initial,sandy,0,0
60.83,18.7,84.92,3.54,late,sandy,8.49,0
39.4,24.73,56.19,4.96,development,sandy,11.36,0
53.87,27.81,83.99,0,late,sandy,0,1
49.85,28.47,45.51,0,late,loamy,0,1
66.77,21.49,87.67,5.07,development,loamy,10.45,0
57.53,15.82,52.4,6.2,development,clay,4.95,0
62.32,28.14,52.65,0,late,loamy,0,0
39.14,29.18,49.78,4.87,mid_season,clay,13.07,0
95,23.2,63.89,5.43,late,clay,1.84,0
62.41,21.94,82.47,4.0,late,sandy,4.36,0
32.54,24.81,45.13,0,late,clay,0,1
75.81,19.39,76.81,4.35,mid_season,clay,12.29,0
51.71,12.62,84.74,4.62,mid_season,sandy,2.1,0
39.9,23.3,48.57,3.36,late,clay,9.08,0
18.36,24.04,42.53,4.25,mid_season,loamy,4.45,0
66.71,18.42,59.73,2.98,development,clay,9.36,0
36.1,23.19,64.53,0,development,loamy,0,1
63.75,13.5,76.82,0,initial,loamy,0,0
59.13,17.89,57.6,4.72,development,sandy,7.21,0
57.85,20.8,62.59,5.15,initial,clay,14.36,0
49.35,29.73,67.14,3.62,mid_season,clay,11.04,0
84.49,25.54,45.72,2.68,mid_season,sandy,12.6,0
58.44,26.91,63.16,0,late,clay,0,0
54.59,22.25,43.32,4.86,initial,loamy,10.68,0
74.11,20.07,48.4,3.62,mid_season,clay,1.58,0
71.94,18.63,51.4,3.05,development,clay,0.55,0
50.58,18.21,60.41,5.65,development,loamy,12.57,0
88.12,25.44,78.55,5.03,late,sandy,2.56,0
63.52,25.98,58.95,0,late,clay,0,0
64.87,17.54,70.34,3.81,initial,clay,6.41,0
79.46,23.92,52.0,5.09,late,loamy,8.07,0
56.23,20.18,77.63,0,late,sandy,0,1
57.19,16.62,68.88,5.0,development,sandy,20.13,0
55.41,29.7,65.96,3.3,mid_season,loamy,15.89,0
34.88,12.94,85.32,4.26,initial,clay,2.5,0
41.18,18.21,54.93,4.55,mid_season,clay,10.95,0
52.01,21.36,85.54,4.58,mid_season,clay,8.71,0
59.6,27.74,84.86,5.22,initial,sandy,3.62,0
74.23,17.28,87.09,0,initial,loamy,0,0
74.98,29.71,53.44,6.51,initial,sandy,8.66,0
88.22,20.25,77.37,0,mid_season,loamy,0,0
85.04,27.37,55.53,3.88,late,sandy,5.93,0
66.31,25.65,47.49,5.08,late,sandy,5.36,0
59.79,22.09,67.45,3.07,late,loamy,8.97,0
60.07,16.88,62.13,3.21,development,loamy,6.34,0
52.01,24.67,56.75,4.69,mid_season,clay,8.8,0
45.96,14.07,59.67,3.3,late,loamy,9.69,0
38.17,21.07,50.17,3.98,mid_season,clay,9.91,0
88.77,28.84,63.44,2.54,initial,clay,2.55,0
77.73,18.06,56.03,3.0,development,loamy,19.42,0
39.94,27.77,85.18,3.74,development,sandy,18.22,0
43.4,23.99,42.0,2.95,development,clay,5.74,0
36.64,14.37,89.68,4.22,late,clay,8.7,0
37.34,17.1,51.29,0,development,loamy,0,1
37.73,16.42,55.57,6.06,late,sandy,8.75,0
35.63,21.39,43.44,5.66,late,clay,21.24,0
36.47,18.47,70.76,3.13,development,loamy,13.52,0
65.89,28.56,50.09,4.22,initial,clay,3.15,0
46.56,16.32,46.6,4.34,development,loamy,11.15,0
85.67,20.1,89.98,0,initial,sandy,0,0
20.34,29.85,54.06,4.21,development,clay,6.97,0
51.37,14.15,50.24,0,development,sandy,0,1
26.68,28.12,74.35,5.19,initial,loamy,4.1,0
20.8,19.33,72.03,3.93,development,sandy,10.05,0
34.54,26.15,57.69,4.65,mid_season,loamy,13.2,0
56.14,19.04,83.28,4.27,initial,sandy,0.05,0
58.48,24.85,71.55,6.2,initial,sandy,8.23,0
53.07,25.14,74.4,5.5,late,sandy,20.73,0
41.91,17.31,48.6,5.37,late,loamy,2.1,0
65.79,21.47,41.12,0,development,clay,0,0
81.9,19.52,62.93,3.65,mid_season,clay,15.1,0
79.96,15.79,75.5,4.84,initial,loamy,10.27,0
44.66,13.32,71.24,2.97,mid_season,loamy,12.87,0
70.39,19.24,43.19,3.13,development,sandy,16.4,0
72.98,17.15,87.18,4.94,development,clay,11.49,0
58.36,26.46,57.55,0,development,clay,0,0
46.16,17.36,44.44,2.17,late,loamy,12.97,0
91.21,21.61,64.06,1.8,mid_season,loamy,16.68,0
56.12,28.4,82.64,4.79,mid_season,loamy,12.46,0
29.93,29.72,62.99,0,development,loamy,0,1
62.39,27.7,62.79,2.08,late,sandy,13.21,0
30.35,22.98,80.95,2.08,mid_season,loamy,16.65,0
47.84,22.83,70.55,5.57,development,sandy,6.52,0
60.6,15.21,82.06,2.4,mid_season,loamy,20.99,0
53.76,13.93,64.7,3.45,mid_season,clay,7.22,0
49.95,28.33,84.27,4.79,late,loamy,1.93,0
64.94,18.93,42.93,3.83,mid_season,loamy,14.01,0
46.07,15.04,44.67,0,late,sandy,0,1
74.74,27.4,40.92,4.5,initial,sandy,2.73,0
71.56,25.12,71.88,3.09,development,sandy,18.54,0
50.82,12.35,81.81,5.25,initial,clay,1.25,0
71.34,16.09,45.85,3.41,development,loamy,18.42,0
71.43,22.7,82.34,4.44,development,sandy,8.61,0
21.72,23.51,64.19,4.52,late,clay,9.57,0
32.45,13.89,50.23,4.05,late,loamy,6.26,0
74.06,24.06,44.47,2.23,mid_season,sandy,8.73,0
50.95,27.06,75.2,4.88,development,clay,4.57,0
67.96,18.85,64.6,4.23,mid_season,sandy,13.91,0
42.58,23.28,56.3,5.27,initial,sandy,6.35,0
57.35,13.1,77.63,6.91,development,clay,9.99,0
62.89,26.83,62.44,1.53,initial,sandy,13.62,0
56.12,25.65,72.32,4.68,initial,sandy,10.17,0
61.3,29.33,87.56,5.73,initial,sandy,4.44,0
78.92,28.82,57.58,2.84,development,sandy,1.91,0
31.08,20.82,50.92,3.33,late,clay,20.2,0
16.21,27.51,75.52,4.61,initial,clay,14.35,0
72.41,26.41,64.26,4.98,mid_season,sandy,6.1,0
50.24,15.82,65.37,5.02,development,loamy,2.62,0
73.2,20.75,61.79,5.58,mid_season,clay,15.36,0
53.19,17.82,77.36,2.68,initial,loamy,16.89,0
43.92,15.85,79.56,2.44,development,sandy,4.1,0
57.4,21.72,59.8,3.87,mid_season,loamy,3.84,0
31.34,29.81,65.22,1.18,development,clay,2.97,0
40.68,21.27,51.6,3.27,late,clay,2.31,0
59.19,15.76,62.69,2.65,late,loamy,4.87,0
65.62,22.44,88.75,2.8,mid_season,sandy,8.24,0
67.68,12.73,56.84,3.22,development,loamy,5.02,0
64.25,15.65,54.46,4.01,late,clay,10.18,0
47.98,22.51,71.29,0,initial,sandy,0,0
28.14,21.03,83.22,4.01,mid_season,clay,5.43,0
60.79,22.26,85.76,5.45,development,loamy,5.06,0
45.06,15.09,68.8,3.91,mid_season,sandy,22.88,0
24.44,19.22,88.55,4.06,initial,sandy,0.93,0
50.91,19.06,77.34,1.79,mid_season,loamy,18.56,0
66.55,22.43,69.11,3.62,late,loamy,1.26,0
78.76,27.31,49.71,0,initial,sandy,0,0
66.54,13.75,55.54,5.4,initial,loamy,12.03,0
37.33,14.98,42.92,5.04,development,clay,18.12,0
59.6,14.23,84.39,4.35,initial,clay,6.52,0
63.47,21.06,65.99,4.76,late,loamy,11.92,0
46.8,20.77,65.52,3.03,initial,sandy,8.16,0
66.2,15.03,85.37,3.7,mid_season,sandy,5.77,0
39.22,27.37,61.02,5.36,mid_season,clay,7.59,0
84.52,19.96,72.69,3.58,development,clay,5.69,0
26.48,12.65,56.32,5.55,late,loamy,16.94,0
42.8,23.21,47.31,2.95,development,sandy,6.19,0
63.7,19.64,53.2,5.0,late,loamy,0.25,0
5,26.92,81.52,0,late,sandy,0,1
49.44,14.36,51.62,4.37,late,clay,14.76,0
66.16,22.96,75.72,3.38,mid_season,loamy,9.75,0
53.84,24.96,41.83,3.58,initial,clay,7.02,0
61.44,22.67,45.75,4.3,mid_season,loamy,6.0,0
58.71,20.78,49.01,3.47,development,clay,14.54,0
55.96,15.03,47.22,2.53,mid_season,loamy,15.63,0
16.92,18.53,50.71,3.64,mid_season,clay,16.25,0
60.45,23.39,57.39,3.57,late,loamy,5.87,0
28.99,13.4,89.9,5.1,mid_season,sandy,9.49,0
52.97,22.85,89.48,3.87,mid_season,loamy,11.53,0
52.07,23.88,58.03,3.27,late,clay,9.68,0
46.6,17.06,42.15,3.35,initial,loamy,8.88,0
47.98,25.08,57.4,4.28,mid_season,clay,17.44,0
53.49,27.7,75.02,4.49,development,clay,14.07,0
43.83,28.77,51.62,4.11,mid_season,sandy,4.03,0
39.75,14.57,67.63,4.76,development,clay,8.24,0
57.71,29.76,42.82,5.09,development,clay,8.56,0
43.56,14.53,64.38,2.92,late,clay,3.93,0
28.62,17.0,58.45,1.96,mid_season,sandy,14.54,0
38.56,24.25,55.61,3.68,late,loamy,8.31,0
48.28,15.8,64.34,4.27,late,clay,1.04,0
60.82,22.75,46.7,3.45,initial,sandy,1.84,0
50.9,17.27,70.05,3.55,mid_season,sandy,12.14,0
62.9,16.33,84.98,0,development,loamy,0,0
40.54,19.62,62.85,1.52,late,sandy,10.34,0
37.88,24.55,81.16,4.43,initial,loamy,2.14,0
30.03,26.45,48.4,2.39,initial,clay,0.75,0
45.14,17.26,44.95,3.53,mid_season,loamy,14.74,0
69.97,13.69,67.26,3.57,initial,loamy,11.3,0
51.41,27.31,52.35,0,initial,loamy,0,0
25.28,18.62,57.97,0,initial,clay,0,0
72.94,22.29,78.63,4.02,initial,sandy,1.81,0
61.47,18.88,77.28,4.1,late,loamy,13.16,0
61.15,29.44,56.13,4.1,initial,clay,4.25,0
76.43,25.75,87.7,1.94,late,clay,1.41,0
49.61,13.89,86.13,3.11,initial,loamy,11.34,0
65.83,14.87,58.31,4.91,mid_season,sandy,16.87,0
53.79,12.17,49.43,5.88,mid_season,sandy,10.25,0
47.04,29.9,73.21,5.16,initial,clay,5.25,0
29.89,27.29,54.32,0,initial,loamy,0,0
40.59,22.57,53.48,3.51,late,loamy,13.79,0
68.28,25.79,47.98,4.0,development,clay,19.35,0
60.35,13.87,67.72,0,initial,loamy,0,0
52.82,22.33,56.05,4.57,mid_season,sandy,10.31,0
44.14,20.93,59.01,0,late,sandy,0,1
41.6,15.34,67.71,3.18,late,loamy,12.69,0
95,22.25,84.79,3.66,development,sandy,1.35,0
71.71,23.85,57.25,2.39,mid_season,clay,13.47,0
59.57,26.96,57.17,5.05,mid_season,loamy,14.72,0
50.05,12.48,67.77,3.31,mid_season,clay,28.17,0
94.59,24.2,78.97,4.06,late,clay,13.01,0
48.31,23.29,47.08,0,late,loamy,0,1
52.06,19.82,68.18,3.69,development,loamy,13.4,0
25.84,25.61,54.38,3.33,mid_season,clay,18.37,0
30.23,15.56,40.75,3.66,mid_season,clay,10.2,0
74.8,29.3,46.88,3.66,late,loamy,8.33,0
87.34,18.51,75.68,5.58,development,sandy,21.6,0
59.95,22.46,88.58,1.39,development,clay,8.51,0
20.97,24.2,54.55,3.02,development,loamy,8.09,0
56.1,15.59,45.53,5.21,development,sandy,11.08,0
31.51,18.07,62.46,3.7,development,loamy,12.75,0
47.58,15.49,47.4,0,initial,clay,0,0
8.83,17.79,44.35,3.11,development,sandy,3.19,0
68.99,20.42,84.36,0,late,sandy,0,0
23.94,18.06,49.15,3.01,development,sandy,14.67,0
54.66,21.17,69.8,4.61,initial,loamy,2.5,0
84.38,21.32,85.52,6.32,development,clay,13.25,0
58.74,12.83,54.62,2.96,initial,loamy,8.54,0
37.94,27.82,78.73,4.16,initial,clay,7.51,0
62.01,12.22,86.07,5.5,late,clay,9.36,0
69.59,17.13,57.47,3.5,mid_season,loamy,9.77,0
58.91,28.42,87.93,2.98,mid_season,loamy,15.46,0
51.75,25.82,77.81,4.01,initial,loamy,15.68,0
61.35,17.75,86.74,5.53,mid_season,sandy,1.24,0
67.74,15.41,58.18,3.54,late,clay,3.86,0
59.55,19.16,87.5,5.7,development,loamy,9.85,0
57.27,16.91,62.0,3.39,mid_season,loamy,2.39,0
66.14,16.45,64.0,2.38,development,clay,10.38,0
37.02,23.63,62.43,4.63,development,sandy,4.51,0
86.46,27.69,83.81,4.89,development,loamy,13.98,0
45.0,23.3,47.69,3.17,late,sandy,12.28,0
67.75,28.38,64.47,3.41,mid_season,loamy,12.49,0
67.15,12.62,44.29,4.42,late,clay,11.39,0
46.69,27.29,81.08,0,initial,sandy,0,0
64.89,25.6,83.69,4.84,development,clay,11.78,0
45.96,18.86,76.49,3.56,development,sandy,6.54,0
52.48,20.82,45.6,4.43,late,loamy,16.45,0
59.24,18.15,44.29,2.48,initial,loamy,6.95,0
46.65,28.72,47.27,3.76,late,loamy,2.53,0
27.51,15.14,58.61,2.66,late,clay,23.14,0
48.33,20.33,43.34,6.53,late,loamy,13.97,0
39.04,23.09,64.51,4.29,mid_season,loamy,4.99,0
29.49,29.84,56.38,2.63,initial,loamy,14.46,0
53.82,25.45,59.79,0.98,mid_season,loamy,14.78,0
74.83,16.79,66.1,0,initial,sandy,0,0
45.37,28.97,48.48,3.81,late,loamy,11.84,0
64.81,28.29,86.51,4.72,late,sandy,7.95,0
59.43,24.64,77.02,3.71,mid_season,loamy,11.87,0
60.69,21.11,66.76,1.1,development,clay,8.23,0
40.62,28.99,81.31,0,initial,clay,0,0
64.05,25.65,63.37,4.99,late,loamy,6.79,0
53.52,15.58,70.39,5.1,development,sandy,12.1,0
21.07,20.7,48.91,3.76,development,clay,4.39,0
46.66,13.64,68.61,3.94,late,sandy,1.05,0
79.48,29.16,70.32,6.22,development,sandy,1.62,0
54.05,17.27,75.28,3.32,initial,sandy,0.98,0
30.2,20.32,52.43,2.99,initial,clay,3.9,0
65.95,25.46,53.55,3.44,late,loamy,0.94,0
76.84,16.93,60.34,4.38,initial,clay,4.24,0
59.34,23.13,71.52,3.28,development,loamy,4.33,0
62.75,28.7,56.12,3.73,late,sandy,11.06,0
35.13,16.34,81.81,2.8,late,loamy,13.11,0
13.81,26.28,46.27,3.01,mid_season,loamy,6.95,0
44.68,14.45,41.86,5.86,mid_season,sandy,15.76,0
72.91,12.9,67.4,3.37,late,loamy,12.53,0
32.7,14.75,59.38,5.66,development,loamy,0.52,0
72.9,16.33,53.86,4.82,development,loamy,7.72,0
50.7,26.55,85.37,4.81,late,sandy,7.51,0
55.03,22.4,79.16,4.16,development,sandy,10.63,0
29.4,15.84,44.23,5.41,development,loamy,31.75,0
42.13,17.9,74.71,4.05,mid_season,loamy,4.63,0
5,21.53,81.37,4.2,initial,loamy,13.15,0
58.25,25.97,71.84,3.96,late,sandy,0.6,0
34.5,19.05,67.87,4.6,initial,sandy,0.08,0
44.17,27.99,55.52,3.26,late,sandy,16.29,0
49.57,14.33,65.73,0,initial,clay,0,0
50.97,21.91,84.76,4.31,late,clay,13.71,0
18.95,23.21,77.72,4.25,initial,sandy,17.18,0
59.51,14.73,60.35,6.24,mid_season,sandy,11.39,0
47.58,20.89,57.98,4.89,late,sandy,5.76,0
39.85,25.05,58.19,3.6,development,loamy,9.46,0
23.62,17.69,46.85,2.98,late,clay,2.16,0
60.45,20.49,87.09,4.24,initial,sandy,11.15,0
61.6,19.5,42.84,2.88,initial,sandy,0.43,0
52.01,27.93,40.67,6.04,mid_season,sandy,17.28,0
25.36,15.85,50.94,2.6,development,clay,0.91,0
67.89,22.14,56.6,3.17,development,sandy,22.77,0
43.14,15.75,71.48,5.65,initial,sandy,10.04,0
53.2,13.38,67.63,2.75,mid_season,loamy,9.05,0
25.42,13.59,54.58,3.41,initial,clay,8.49,0
36.98,26.54,43.21,6.01,development,clay,12.01,0
39.79,23.13,52.03,3.89,development,loamy,12.38,0
48.06,24.65,71.55,4.95,late,loamy,13.25,0
45.22,29.56,48.25,5.45,mid_season,sandy,19.87,0
59.81,24.13,40.19,1.64,initial,sandy,4.72,0
82.4,20.82,81.57,2.69,development,clay,15.34,0
64.04,15.02,87.26,0,initial,loamy,0,0
56.3,17.17,76.33,3.06,mid_season,loamy,1.45,0
51.17,22.09,82.64,2.88,initial,sandy,3.25,0
55.17,22.9,58.54,3.84,initial,clay,11.21,0
79.27,12.46,87.26,3.69,development,clay,11.02,0
55.99,13.0,68.81,0.64,mid_season,clay,15.28,0
65.95,25.44,53.93,3.05,late,loamy,12.45,0
43.88,16.0,77.8,3.4,mid_season,loamy,18.68,0
71.79,19.68,83.96,4.13,mid_season,clay,19.65,0
37.42,27.79,55.54,0,development,sandy,0,1
52.98,27.99,58.44,4.46,late,loamy,7.58,0
57.49,28.45,41.15,2.68,mid_season,clay,16.15,0
58.12,19.28,66.73,3.57,initial,clay,14.34,0
51.78,15.16,74.55,2.58,late,loamy,7.73,0
91.77,14.32,48.19,5.9,mid_season,clay,8.05,0
28.78,13.19,78.61,5.72,initial,sandy,7.34,0
65.62,19.82,65.04,3.98,mid_season,clay,4.26,0
71.25,25.95,56.77,5.29,development,clay,1.86,0
42.72,20.12,80.14,0,development,sandy,0,1
54.08,12.01,76.85,3.64,development,clay,9.92,0
80.15,28.4,53.17,0,late,sandy,0,0
41.57,26.04,49.97,5.09,mid_season,clay,29.83,0
45.69,17.62,65.79,4.35,development,clay,7.97,0
64.89,14.11,42.1,5.71,initial,sandy,2.65,0
56.8,28.91,52.25,2.52,development,clay,7.01,0
83.75,21.86,59.22,5.86,mid_season,clay,15.28,0
74.98,24.11,51.55,5.14,mid_season,clay,18.42,0
55.42,12.57,61.7,2.71,mid_season,clay,8.27,0
63.95,18.03,43.16,2.91,late,loamy,19.48,0
77.27,13.04,59.02,4.65,late,loamy,16.89,0
34.3,27.38,88.21,0,development,sandy,0,1
95,16.39,49.23,4.75,initial,loamy,20.29,0
42.51,14.65,43.41,4.02,late,sandy,16.92,0
35.26,14.71,50.15,4.5,initial,sandy,18.05,0
95,22.84,78.48,4.63,initial,sandy,8.0,0
30.22,12.57,84.8,0,development,clay,0,0
60.76,12.8,48.55,3.41,development,sandy,2.31,0
47.1,22.9,40.57,1.98,development,sandy,4.99,0
23.26,29.22,50.68,4.03,development,loamy,4.06,0
28.83,13.76,79.96,2.46,development,loamy,6.78,0
37.05,23.63,87.22,6.32,late,clay,3.23,0
49.62,28.14,50.42,5.2,initial,loamy,2.52,0
62.07,12.48,62.71,4.03,development,clay,13.34,0
74.36,17.01,49.72,3.4,late,loamy,8.03,0
79.7,15.75,79.31,3.86,mid_season,loamy,0.9,0
27.02,13.25,50.76,2.24,initial,loamy,14.61,0
42.92,19.14,86.5,4.51,development,clay,3.42,0
32.34,16.17,76.98,5.12,late,sandy,10.38,0
47.18,14.19,75.7,0,development,clay,0,0
85.91,14.29,75.44,3.55,development,clay,7.15,0
52.8,23.47,42.98,5.17,late,sandy,8.53,0
65.81,19.83,41.19,0,initial,clay,0,0
57.05,20.96,50.04,5.91,mid_season,loamy,7.58,0
80.18,12.2,50.38,4.8,development,sandy,12.52,0
46.89,24.71,48.15,2.12,late,clay,3.05,0
70.1,20.06,72.85,0,initial,clay,0,0
66.74,13.33,86.15,6.11,mid_season,loamy,12.63,0
51.32,16.93,89.83,2.79,development,loamy,0.86,0
54.53,18.74,69.8,3.19,development,loamy,8.03,0
60.87,19.54,79.85,0,development,clay,0,0
50.51,25.95,88.48,6.42,development,loamy,15.13,0
51.32,24.92,70.2,2.89,mid_season,sandy,22.81,0
78.77,17.2,66.42,3.35,development,loamy,11.65,0
38.54,14.98,57.29,3.09,mid_season,sandy,15.17,0
73.41,12.33,51.74,0,initial,clay,0,0
36.0,13.33,57.91,5.49,late,loamy,9.87,0
42.39,22.83,53.52,3.24,initial,clay,15.63,0
49.08,18.74,65.01,6.78,initial,sandy,7.47,0
90.93,22.79,73.37,4.19,mid_season,clay,15.02,0
72.99,21.09,88.52,5.09,mid_season,loamy,23.42,0
46.69,25.62,76.78,6.14,initial,loamy,15.6,0
57.96,20.45,56.84,3.46,initial,sandy,7.11,0
82.55,21.24,53.77,5.35,development,loamy,0.02,0
61.23,26.89,58.0,5.34,mid_season,clay,13.99,0
62.93,29.79,43.61,3.35,late,loamy,9.12,0
73.69,16.6,42.23,3.29,late,sandy,7.01,0
49.68,20.05,54.56,4.27,mid_season,sandy,1.28,0
48.45,20.34,74.68,3.27,initial,loamy,9.24,0
42.28,27.77,68.53,3.44,mid_season,loamy,11.83,0
48.62,23.24,66.29,0,development,loamy,0,1
81.52,21.42,42.45,3.65,initial,clay,10.74,0
38.37,25.84,89.61,5.02,development,sandy,10.81,0
73.48,12.67,85.98,0,late,loamy,0,0
51.19,18.46,60.94,5.5,development,clay,12.71,0
72.31,23.97,77.8,4.25,development,clay,1.07,0
66.28,24.27,85.5,5.29,initial,sandy,7.64,0
77.05,27.32,55.69,0,initial,clay,0,0
69.29,22.79,53.17,2.96,development,loamy,11.11,0
54.23,18.86,47.55,7.08,development,loamy,7.88,0
34.58,28.84,40.98,4.3,initial,loamy,0.5,0
50.7,19.72,50.47,0,initial,clay,0,0
85.24,21.97,53.43,3.34,development,clay,8.04,0
25.6,17.38,78.51,0,mid_season,sandy,0,1
37.87,22.83,81.0,4.06,mid_season,clay,19.5,0
65.48,19.69,50.21,4.21,mid_season,clay,16.05,0
64.07,17.57,80.49,4.12,late,clay,19.25,0
53.44,23.52,49.87,4.9,mid_season,sandy,6.3,0
40.52,21.63,64.51,4.09,late,clay,10.19,0
52.25,16.63,83.39,5.65,initial,loamy,2.67,0
29.34,22.9,53.94,3.92,development,clay,5.16,0
95,18.1,56.61,3.78,mid_season,loamy,3.12,0
61.79,22.48,42.86,1.03,development,loamy,17.71,0
72.89,27.33,55.81,4.53,initial,loamy,3.17,0
41.37,17.65,80.08,4.96,initial,loamy,19.75,0
76.15,22.99,52.37,4.81,development,clay,4.74,0
29.2,22.92,41.96,4.81,late,clay,7.46,0
41.32,28.16,88.66,2.83,mid_season,loamy,8.92,0
95,26.14,60.23,4.94,late,loamy,13.31,0
57.33,20.66,56.1,3.67,mid_season,clay,10.04,0
35.7,16.33,63.68,5.42,mid_season,loamy,18.73,0
56.99,15.61,42.3,3.12,initial,sandy,0.09,0
30.33,27.64,67.1,5.03,development,loamy,9.17,0
15.76,26.07,80.21,3.91,late,loamy,10.73,0
30.69,19.18,41.86,4.13,mid_season,loamy,2.95,0
16.51,12.66,65.31,0,development,clay,0,1
53.84,16.53,77.42,4.29,late,loamy,4.31,0
55.47,26.41,89.08,4.01,mid_season,loamy,2.8,0
65.77,29.87,60.71,0,initial,clay,0,0
22.84,29.95,83.77,4.17,initial,sandy,4.36,0
52.15,23.68,44.85,4.69,late,sandy,2.29,0
54.08,19.35,76.21,2.25,initial,loamy,7.75,0
58.34,16.9,56.21,2.09,initial,clay,5.66,0
33.59,14.89,87.22,3.97,mid_season,sandy,6.03,0
48.32,15.57,76.79,2.67,initial,sandy,14.31,0
48.24,20.81,48.48,0.64,mid_season,loamy,13.1,0
60.51,12.61,49.38,1.66,development,sandy,16.87,0
74.94,23.35,62.11,3.02,late,loamy,9.32,0
58.58,16.57,82.33,3.4,initial,clay,1.6,0
56.04,17.06,68.68,5.18,mid_season,sandy,10.47,0
74.44,18.57,40.26,3.97,late,sandy,19.04,0
58.45,18.7,53.62,3.89,initial,clay,5.58,0
60.61,17.28,64.8,1.56,initial,loamy,6.98,0
83.83,23.13,52.24,0,development,clay,0,0
87.4,17.16,62.48,3.03,late,clay,9.99,0
59.07,26.13,55.07,3.8,initial,clay,0.92,0
83.67,21.12,52.54,0,late,sandy,0,0
60.3,29.8,73.05,0,development,clay,0,0
48.43,28.14,60.19,0,late,clay,0,0
49.5,15.25,72.09,0,initial,sandy,0,0
70.56,23.7,75.45,3.35,mid_season,loamy,18.66,0
55.72,27.6,86.66,4.2,late,loamy,13.39,0
48.49,12.36,87.98,3.1,late,clay,13.81,0
50.37,26.48,77.12,5.14,development,sandy,3.19,0
57.66,28.13,57.57,0,late,clay,0,0
77.13,29.77,41.39,5.08,late,loamy,0.89,0
23.26,14.43,73.49,4.54,late,sandy,9.98,0
88.53,13.05,71.4,5.0,late,clay,24.25,0
62.1,17.98,64.78,0,initial,sandy,0,0
62.48,24.46,76.77,4.1,development,sandy,7.74,0
95,16.56,85.64,5.03,initial,loamy,1.5,0
53.98,14.43,83.69,3.51,mid_season,loamy,14.83,0
62.88,27.06,68.55,2.21,late,sandy,14.76,0
95,16.42,69.13,5.89,development,clay,16.67,0
69.19,28.48,75.01,3.14,initial,loamy,6.36,0
67.81,24.97,40.33,5.33,initial,loamy,7.67,0
70.98,18.5,73.65,4.1,mid_season,loamy,27.98,0
52.25,23.01,83.22,3.49,development,loamy,9.12,0
35.6,14.78,77.81,4.49,mid_season,loamy,8.06,0
63.34,22.37,48.94,4.63,development,loamy,5.58,0
64.37,19.16,68.15,2.4,development,loamy,2.04,0
65.31,20.15,41.01,5.57,mid_season,sandy,12.62,0
37.42,18.55,61.57,5.67,late,clay,20.21,0
42.82,25.29,80.56,6.99,mid_season,loamy,15.5,0
43.31,20.05,74.85,0,mid_season,loamy,0,1
63.41,17.58,81.65,0,development,sandy,0,0
49.15,17.11,50.88,3.75,mid_season,clay,15.99,0
26.11,17.78,89.43,4.41,initial,sandy,9.85,0
51.54,23.11,85.53,4.15,initial,clay,12.03,0
50.45,29.33,50.04,4.05,initial,loamy,18.12,0
34.36,12.52,83.15,3.58,development,loamy,15.86,0
85.8,12.39,56.7,0,development,loamy,0,0
65.51,18.44,63.86,2.03,initial,loamy,11.18,0
60.86,26.17,47.41,5.13,mid_season,loamy,5.49,0
24.27,27.97,59.35,5.45,mid_season,sandy,15.67,0
39.77,19.68,71.9,2.97,late,loamy,18.47,0
28.34,18.61,74.55,3.17,late,loamy,5.99,0
56.87,12.91,76.0,6.44,mid_season,loamy,20.29,0
66.18,26.34,56.81,0,initial,sandy,0,0
62.99,16.36,70.37,4.6,development,sandy,9.81,0
60.03,20.68,42.63,0,development,sandy,0,0
18.94,27.07,64.47,3.77,late,loamy,13.05,0
46.57,27.22,72.31,3.16,development,sandy,16.47,0
19.4,18.3,56.56,5.16,mid_season,loamy,20.04,0
45.23,25.4,44.9,4.25,initial,clay,3.88,0
64.85,26.35,42.95,2.42,mid_season,clay,13.29,0
67.31,12.26,72.68,3.99,development,sandy,14.04,0
56.14,21.82,49.4,3.77,late,clay,11.23,0
85.43,26.65,56.22,3.05,development,clay,0.58,0
43.02,24.95,41.27,3.26,initial,clay,0.56,0
92.78,26.68,67.73,2.48,development,sandy,9.07,0
58.66,27.6,65.42,2.4,mid_season,loamy,8.5,0
62.3,19.04,47.54,2.67,development,clay,12.26,0
79.08,16.97,89.12,4.49,initial,sandy,8.65,0
64.3,15.96,67.1,4.86,late,loamy,13.6,0
18.82,14.46,74.0,0,initial,sandy,0,0
38.13,24.15,78.75,0,development,clay,0,1
59.58,23.42,72.56,3.67,mid_season,sandy,8.49,0
40.96,21.64,86.81,5.29,initial,clay,1.5,0
62.51,17.96,80.24,3.92,late,loamy,10.51,0
55.33,25.76,82.65,4.24,mid_season,loamy,11.37,0
57.22,20.95,59.49,3.39,development,clay,6.87,0
54.47,14.82,87.87,4.0,mid_season,clay,4.3,0
59.54,17.5,60.81,2.66,late,loamy,4.94,0
21.39,12.67,89.79,3.47,initial,clay,1.25,0
69.68,21.16,47.38,6.88,mid_season,clay,12.93,0
95,19.8,80.09,5.15,mid_season,loamy,8.77,0
60.09,15.64,79.15,0,development,clay,0,0
57.29,21.59,71.76,2.42,late,sandy,5.9,0
72.12,16.99,83.13,4.31,late,loamy,17.29,0
76.2,13.54,87.12,3.31,mid_season,clay,4.16,0
64.77,12.27,72.39,0,initial,clay,0,0
56.55,18.98,41.97,5.45,development,clay,11.96,0
95,15.4,49.89,0,development,sandy,0,0
95,15.74,75.22,3.45,late,clay,7.25,0
30.13,28.24,80.09,3.98,initial,sandy,15.03,0
52.64,28.44,60.3,4.86,mid_season,sandy,3.68,0
34.8,14.7,61.31,3.84,late,loamy,6.59,0
66.79,12.34,60.96,5.5,development,clay,1.38,0
59.97,22.94,81.5,4.15,late,loamy,3.34,0
75.86,26.0,66.8,2.81,late,sandy,3.96,0
29.39,20.79,80.97,3.12,mid_season,clay,18.4,0
62.18,22.47,68.57,0,initial,clay,0,0
45.48,29.49,48.55,2.85,mid_season,loamy,22.78,0
52.19,21.0,40.41,5.02,late,loamy,5.16,0
39.02,16.83,67.41,2.89,late,clay,12.83,0
69.54,25.39,88.03,5.2,mid_season,clay,15.87,0
78.36,14.53,89.84,0,mid_season,sandy,0,0
62.92,15.54,54.7,4.99,initial,sandy,7.1,0
71.19,27.73,51.48,4.15,development,clay,16.87,0
49.67,26.58,85.17,0,initial,loamy,0,0
55.4,28.0,72.52,3.66,late,clay,15.99,0
54.46,22.12,77.44,4.39,late,sandy,13.74,0
86.3,20.2,67.74,0,late,sandy,0,0
57.38,23.47,89.89,0,initial,loamy,0,0
43.17,26.32,69.71,5.49,initial,loamy,11.83,0
74.76,24.69,67.68,3.19,development,loamy,4.48,0
48.21,14.99,64.25,4.6,initial,sandy,9.46,0
47.67,29.13,40.62,3.99,initial,clay,10.64,0
61.25,18.56,70.13,2.87,late,loamy,18.17,0
74.25,22.19,74.77,3.51,mid_season,sandy,16.07,0
15.08,19.58,88.22,0,initial,clay,0,0
51.27,27.58,89.41,3.9,development,clay,13.61,0
81.32,12.96,78.3,2.66,initial,clay,2.96,0
58.62,13.39,67.41,1.69,development,clay,16.93,0
70.83,23.68,62.55,3.3,mid_season,clay,13.59,0
80.66,20.57,54.11,0,mid_season,loamy,0,0
33.41,19.63,69.41,5.79,mid_season,loamy,4.39,0
24.32,14.11,74.45,3.43,mid_season,sandy,13.91,0
83.51,27.33,87.77,4.85,mid_season,clay,29.49,0
68.98,25.9,70.03,0,development,sandy,0,0
39.84,25.68,65.88,3.67,late,clay,15.12,0
73.54,27.31,62.31,0,late,sandy,0,0
89.81,18.07,62.46,0,initial,sandy,0,0
63.08,23.01,58.84,3.4,initial,clay,4.75,0
65.7,18.78,58.29,5.56,late,sandy,18.41,0
49.66,21.64,76.41,4.53,initial,loamy,15.15,0
84.9,20.41,84.98,3.18,late,sandy,9.67,0
68.34,13.1,71.91,2.39,mid_season,loamy,19.02,0
51.52,14.66,74.44,2.6,mid_season,loamy,18.06,0
5,20.19,88.95,0,late,sandy,0,1
57.92,26.48,48.41,2.84,mid_season,clay,11.17,0
41.27,29.03,78.52,5.57,mid_season,loamy,23.81,0
51.67,27.17,55.08,5.48,mid_season,loamy,12.4,0
54.82,29.71,54.85,5.99,mid_season,sandy,3.61,0
71.01,12.95,48.47,4.66,initial,sandy,4.6,0
47.54,29.37,84.76,4.35,mid_season,loamy,6.67,0
73.7,18.97,52.11,3.07,initial,clay,8.31,0
44.54,20.11,65.25,4.36,mid_season,sandy,0.83,0
55.0,13.38,80.97,5.73,late,clay,16.42,0
50.84,21.59,83.58,5.24,mid_season,clay,9.94,0
49.25,20.15,51.23,0,mid_season,sandy,0,1
20.17,16.26,63.91,4.11,initial,clay,10.8,0
43.18,19.09,47.25,4.57,late,loamy,14.32,0
42.31,26.13,58.25,4.9,development,loamy,2.71,0
87.69,28.36,89.07,4.19,mid_season,sandy,5.82,0
43.51,15.04,53.7,4.95,initial,loamy,5.22,0
70.88,22.85,56.4,3.66,late,sandy,12.02,0
35.18,21.89,80.27,3.67,development,clay,13.28,0
48.84,22.37,87.84,4.4,development,loamy,9.21,0
71.83,24.04,62.35,3.65,mid_season,loamy,12.04,0
85.57,15.95,57.62,4.34,mid_season,sandy,16.5,0
58.33,26.03,85.38,0,initial,clay,0,0
39.17,16.21,42.15,2.67,initial,clay,7.75,0
34.76,17.58,68.22,5.64,mid_season,loamy,12.04,0
65.72,16.28,61.7,3.92,initial,sandy,8.16,0
54.63,22.95,48.01,3.47,initial,sandy,6.36,0
70.53,20.08,69.83,4.82,development,loamy,2.85,0
90.16,23.97,51.23,4.29,development,loamy,4.54,0
50.03,15.77,71.74,5.1,late,loamy,11.02,0
55.58,24.26,89.21,5.08,late,clay,17.48,0
40.12,14.44,68.96,4.99,mid_season,clay,9.92,0
64.77,28.89,53.45,0,mid_season,sandy,0,0
35.85,25.74,88.71,2.16,development,loamy,16.88,0
48.81,20.56,78.39,3.92,mid_season,sandy,1.78,0
33.97,18.64,53.44,6.09,late,sandy,16.1,0
59.65,17.78,41.39,4.42,late,loamy,12.69,0
59.41,18.31,69.0,3.44,late,sandy,2.39,0
42.28,24.56,57.41,0,initial,sandy,0,0
59.73,12.36,88.56,4.68,late,loamy,18.05,0
24.5,22.48,51.38,4.11,late,sandy,12.73,0
76.78,28.32,53.4,2.87,development,sandy,12.35,0
71.78,29.65,89.54,2.55,mid_season,clay,19.14,0
50.06,26.48,74.03,3.79,initial,clay,17.3,0
69.53,26.51,47.59,3.18,mid_season,loamy,17.2,0
46.58,12.67,58.94,4.69,late,clay,11.75,0
76.67,22.38,49.39,2.6,late,loamy,5.24,0
45.21,13.1,53.8,4.56,initial,loamy,10.89,0
58.4,15.74,79.93,3.77,mid_season,loamy,22.41,0
40.91,22.95,85.13,3.45,mid_season,clay,3.0,0
47.45,19.08,86.57,4.23,late,clay,5.5,0
59.65,13.36,60.81,3.44,mid_season,sandy,22.84,0
58.4,26.45,67.27,2.23,mid_season,sandy,6.72,0
68.0,15.44,41.83,4.75,initial,sandy,9.39,0
24.75,26.58,72.33,3.41,initial,clay,4.29,0
34.91,22.24,81.14,4.04,late,loamy,5.61,0
51.86,18.94,49.74,0,initial,sandy,0,0
57.25,26.99,81.31,4.59,mid_season,clay,2.25,0
56.55,25.33,40.73,3.75,late,loamy,5.04,0
57.96,20.73,56.54,3.71,development,sandy,13.8,0
33.54,19.38,70.23,4.31,mid_season,clay,2.17,0
61.68,25.81,85.82,4.15,mid_season,clay,13.78,0
65.5,27.95,89.38,3.65,late,loamy,8.97,0
68.5,21.3,69.67,6.08,late,sandy,1.54,0
44.36,23.84,44.17,4.87,mid_season,loamy,1.44,0
40.63,17.48,40.95,1.69,mid_season,sandy,25.02,0
90.63,27.41,89.53,4.08,initial,loamy,7.4,0
44.02,13.67,54.05,3.45,development,sandy,7.58,0
60.14,25.74,88.12,4.19,late,clay,9.15,0
62.17,22.75,84.33,2.69,development,clay,21.52,0
35.03,28.24,61.86,4.08,mid_season,sandy,13.54,0
87.85,21.11,77.99,0,late,clay,0,0
62.33,12.89,50.9,4.98,mid_season,clay,13.92,0
48.04,16.4,65.07,4.54,initial,loamy,8.46,0
51.5,28.04,49.29,4.63,initial,clay,10.35,0
92.37,21.9,59.73,3.0,development,loamy,4.13,0
51.85,18.46,42.33,5.29,late,loamy,7.15,0
51.53,16.75,75.32,0,initial,clay,0,0
63.14,29.53,47.98,4.76,initial,loamy,9.22,0
60.43,26.52,74.16,5.53,mid_season,loamy,10.82,0
44.73,25.31,79.15,3.94,initial,sandy,5.98,0
26.48,18.55,49.59,5.32,late,clay,4.63,0
53.9,25.71,87.2,4.83,late,clay,19.55,0
79.17,18.31,64.69,4.42,development,clay,14.72,0
62.51,21.45,56.53,3.76,late,clay,8.48,0
40.82,24.24,79.42,0,initial,sandy,0,0
41.2,14.35,41.35,4.38,development,sandy,12.28,0
69.84,28.37,58.2,2.87,late,loamy,10.46,0
46.26,22.32,52.64,3.36,mid_season,clay,4.58,0
54.31,12.77,81.67,5.4,initial,clay,21.8,0
49.86,20.77,50.52,4.9,initial,sandy,4.69,0
58.24,22.27,77.8,1.49,initial,clay,17.08,0
43.95,18.75,58.84,5.18,initial,clay,3.09,0
38.41,15.1,69.69,6.23,initial,sandy,9.56,0
35.8,27.33,41.08,4.59,initial,clay,1.41,0
60.35,19.66,45.82,3.07,late,sandy,9.7,0
42.26,12.92,45.37,3.36,late,sandy,6.57,0
44.77,19.53,61.93,3.81,initial,clay,4.33,0
80.09,16.47,57.42,3.31,initial,loamy,0.97,0
80.33,16.53,73.21,3.23,mid_season,sandy,6.65,0
74.06,19.86,70.97,4.84,development,sandy,6.63,0
30.76,16.52,62.3,0,mid_season,loamy,0,1
71.51,21.43,83.43,4.26,development,clay,13.12,0
42.51,27.52,44.48,3.03,mid_season,loamy,4.2,0
34.73,22.72,52.22,4.13,initial,loamy,20.36,0
65.38,28.81,68.63,3.59,initial,sandy,17.88,0
13.31,20.49,73.64,5.31,late,clay,11.4,0
74.17,24.53,89.24,3.77,development,sandy,3.64,0
87.99,29.0,75.51,4.75,initial,sandy,10.03,0
93.27,14.92,65.6,3.42,initial,sandy,9.4,0
56.87,22.46,77.21,5.46,late,clay,6.32,0
62.33,27.21,43.02,2.96,development,sandy,13.86,0
15.44,28.5,75.61,3.89,mid_season,loamy,7.2,0
51.79,26.8,68.5,0,initial,clay,0,0
65.36,13.31,60.35,4.19,mid_season,loamy,2.89,0
39.85,29.62,58.87,4.87,mid_season,loamy,10.49,0
52.85,25.87,58.3,3.15,late,sandy,13.2,0
36.29,23.86,82.21,0,initial,sandy,0,0
43.21,22.3,40.61,2.1,mid_season,sandy,11.38,0
64.37,15.76,76.62,2.81,initial,clay,8.49,0
67.04,27.7,85.18,5.06,initial,loamy,3.77,0
78.98,27.42,47.61,3.41,initial,loamy,4.8,0
60.94,27.72,84.83,0,development,loamy,0,0
78.62,23.87,83.13,2.25,development,sandy,22.66,0
73.42,13.12,84.61,4.83,mid_season,loamy,21.54,0
58.17,25.15,57.53,4.26,mid_season,loamy,4.69,0
46.86,20.8,47.06,3.31,mid_season,clay,20.77,0
51.16,24.37,87.0,4.21,mid_season,sandy,12.65,0
76.83,27.21,43.7,0,initial,sandy,0,0
67.82,28.11,63.98,6.12,development,loamy,2.5,0
66.56,20.35,67.92,1.8,late,loamy,14.49,0
39.96,17.57,89.38,4.76,late,clay,20.71,0
38.19,14.63,62.14,3.53,late,clay,6.17,0
42.54,21.59,81.82,0,initial,clay,0,0
42.23,27.61,80.02,3.12,initial,loamy,6.38,0
71.06,22.5,64.92,3.99,development,loamy,8.71,0
50.24,25.47,52.09,3.51,mid_season,clay,12.12,0
60.09,15.3,42.07,4.08,late,sandy,7.9,0
46.32,20.28,55.21,5.56,development,clay,8.81,0
63.68,17.07,86.48,3.52,mid_season,loamy,5.81,0
49.86,24.89,79.27,4.81,development,clay,9.28,0
74.7,21.55,62.85,2.29,late,sandy,5.57,0
72.74,24.45,81.04,6.23,development,sandy,11.41,0
65.95,21.9,54.54,2.97,development,clay,9.74,0
64.64,16.96,56.92,3.61,late,loamy,17.29,0
37.92,23.25,43.2,3.84,mid_season,sandy,7.95,0
65.22,19.07,82.24,3.87,late,sandy,17.4,0
44.89,25.69,64.87,3.53,mid_season,clay,12.62,0
52.45,23.34,71.34,4.35,late,clay,6.56,0
45.32,13.55,51.07,4.49,mid_season,loamy,8.0,0
61.67,19.32,44.64,0,late,loamy,0,0
76.21,14.73,60.25,5.01,development,loamy,17.38,0
59.03,17.92,83.17,4.8,development,loamy,27.54,0
49.16,25.79,75.9,1.4,mid_season,clay,6.68,0
88.91,19.15,50.7,3.86,initial,sandy,5.97,0
62.75,25.95,78.1,3.42,mid_season,clay,9.52,0
59.46,16.87,56.85,4.35,late,clay,11.34,0
69.01,22.3,57.26,4.69,mid_season,sandy,15.54,0
79.49,21.91,46.79,4.7,development,sandy,3.68,0
54.64,20.48,83.39,2.46,development,sandy,6.68,0
39.99,21.06,74.34,0,initial,loamy,0,0
29.93,25.75,40.55,4.37,mid_season,clay,16.32,0
50.11,12.64,87.93,3.7,late,sandy,3.82,0
20.85,25.38,68.26,0,initial,sandy,0,0
46.0,28.52,88.95,1.66,initial,sandy,8.15,0
66.17,22.77,43.99,3.68,development,clay,18.55,0
38.34,23.71,52.53,3.97,late,loamy,8.12,0
67.57,16.16,47.65,3.84,late,clay,8.26,0
28.42,18.58,58.69,3.08,mid_season,loamy,14.77,0
46.95,25.96,77.31,0,late,sandy,0,1
51.86,12.85,63.88,5.28,development,loamy,7.95,0
93.85,14.86,77.57,0,late,loamy,0,0
79.22,28.55,79.15,3.88,development,sandy,4.87,0
36.67,21.95,60.15,5.28,initial,loamy,19.15,0
45.92,14.55,82.36,4.38,mid_season,loamy,0.9,0
43.92,29.21,66.02,5.54,late,clay,5.48,0
78.17,18.23,48.14,4.49,late,sandy,11.55,0
27.44,16.03,83.68,5.56,late,clay,3.1,0
71.26,21.04,78.54,2.32,mid_season,sandy,12.85,0
68.5,28.26,82.91,3.51,initial,sandy,2.21,0
19.41,27.22,64.25,3.79,mid_season,loamy,21.26,0
25.29,16.7,85.93,4.24,late,sandy,9.48,0
71.21,15.22,89.89,5.3,late,sandy,17.71,0
87.43,16.2,62.3,2.11,initial,loamy,10.53,0
23.72,26.32,75.61,3.65,mid_season,sandy,18.4,0
51.05,23.8,67.84,2.99,initial,loamy,2.55,0
48.59,29.82,79.3,0,initial,clay,0,0
52.71,12.62,59.06,6.68,development,clay,7.85,0
51.42,24.95,49.45,1.74,late,clay,5.98,0
61.48,14.96,72.23,3.3,mid_season,clay,6.3,0
5,20.94,59.45,6.53,initial,loamy,12.37,0
48.24,13.04,72.9,4.09,mid_season,loamy,5.23,0
66.43,20.04,43.01,0,development,sandy,0,0
66.09,24.64,77.0,3.78,development,clay,6.25,0
85.13,28.61,89.43,0,initial,clay,0,0
42.29,13.97,42.46,3.12,initial,loamy,12.15,0
52.98,18.43,79.4,0,late,sandy,0,1
75.46,12.15,53.99,5.46,mid_season,clay,26.08,0
62.77,20.95,42.06,5.16,mid_season,clay,13.15,0
79.9,29.68,51.69,0,initial,loamy,0,0
29.53,20.51,60.0,5.44,initial,loamy,10.8,0
18.11,27.3,55.48,4.17,development,loamy,7.53,0
72.84,20.47,63.49,3.47,initial,loamy,7.28,0
65.53,27.82,65.94,3.36,initial,sandy,3.39,0
50.58,13.4,79.57,3.88,initial,clay,0.42,0
43.69,29.17,80.43,0,initial,clay,0,0
49.18,26.17,86.6,2.7,late,loamy,0.39,0
42.99,18.48,56.18,4.26,initial,loamy,1.9,0
50.08,22.22,82.98,4.72,development,sandy,4.27,0
29.03,12.3,65.51,5.74,initial,clay,3.81,0
49.19,17.77,82.48,3.59,initial,loamy,13.41,0
91.69,25.63,40.38,3.79,mid_season,loamy,9.05,0
74.23,14.67,59.11,4.2,development,sandy,18.95,0
92.5,14.75,86.19,3.23,development,loamy,7.58,0
95,19.36,86.46,4.26,development,loamy,18.9,0
45.06,22.07,83.53,0,development,sandy,0,1
54.61,28.7,83.39,3.95,late,loamy,7.39,0
84.79,25.55,40.05,4.88,initial,clay,0.24,0
32.17,28.54,78.1,3.36,initial,clay,9.42,0
56.81,14.71,58.73,0,initial,sandy,0,0
51.88,20.75,73.1,4.05,mid_season,loamy,14.72,0
76.0,12.26,50.26,3.77,mid_season,clay,10.73,0
69.11,14.56,81.22,3.01,mid_season,clay,14.41,0
65.64,22.21,69.97,4.58,development,loamy,21.94,0
68.71,19.35,61.24,2.03,late,clay,2.87,0
88.19,15.9,62.67,4.13,development,loamy,16.7,0
61.68,28.25,67.42,2.97,development,loamy,5.85,0
49.86,26.58,85.55,5.05,initial,clay,5.03,0
50.62,22.73,59.74,4.6,late,clay,9.77,0
53.09,19.14,66.27,0,initial,loamy,0,0
67.18,19.0,47.46,5.1,mid_season,loamy,16.46,0
38.84,13.93,65.17,3.93,initial,loamy,1.94,0
62.55,17.89,79.47,0,development,sandy,0,0
61.75,29.71,43.93,0,development,sandy,0,0
69.1,17.21,71.09,4.01,late,clay,16.13,0
76.72,16.84,45.33,3.55,initial,clay,6.14,0
59.81,28.22,47.1,5.14,late,loamy,24.34,0
52.58,20.07,62.98,5.65,late,clay,10.91,0
62.64,21.69,65.53,5.66,development,clay,11.5,0
69.43,29.41,77.78,6.24,development,sandy,19.63,0
51.72,16.87,55.42,3.85,late,sandy,6.07,0
59.52,14.78,55.09,4.66,development,loamy,2.31,0
79.93,17.19,45.19,3.62,mid_season,clay,16.57,0
75.95,14.22,85.9,3.51,late,clay,5.52,0
75.54,19.91,48.97,3.82,mid_season,loamy,10.41,0
83.66,26.14,87.78,3.54,late,loamy,7.41,0
75.55,24.53,67.51,3.63,mid_season,clay,11.57,0
68.3,15.35,72.03,5.39,initial,loamy,6.81,0
23.35,15.8,40.94,0,development,sandy,0,1
57.4,22.35,50.98,3.57,mid_season,sandy,5.07,0
57.61,22.86,85.46,5.32,development,sandy,2.92,0
80.41,18.43,57.34,4.08,development,sandy,2.37,0
63.88,14.93,54.33,4.37,initial,sandy,1.47,0
63.84,27.62,49.34,3.27,initial,sandy,7.9,0
71.23,15.71,67.76,2.62,development,sandy,4.37,0
64.67,14.53,59.73,4.5,development,sandy,7.4,0
92.5,28.17,73.16,4.44,mid_season,clay,8.81,0
66.04,28.64,89.09,3.86,late,sandy,3.53,0
67.76,26.98,43.23,0.86,mid_season,loamy,13.38,0
56.68,15.75,74.83,0,initial,clay,0,0
73.59,13.17,47.96,5.03,initial,loamy,5.89,0
62.43,16.15,48.96,5.31,late,clay,11.25,0
32.8,16.72,74.39,3.49,late,loamy,9.32,0
60.78,15.1,79.53,4.43,initial,clay,14.33,0
40.07,15.64,71.82,6.62,initial,loamy,17.29,0
64.16,13.91,78.09,4.34,mid_season,clay,13.19,0
75.22,23.32,68.74,3.74,initial,clay,9.49,0
67.66,29.4,47.81,3.9,mid_season,clay,17.08,0
48.06,25.56,56.83,3.23,mid_season,clay,17.7,0
58.48,12.64,81.63,2.49,mid_season,sandy,10.44,0
73.6,26.3,53.61,0,development,clay,0,0
58.6,16.47,60.94,3.63,mid_season,sandy,21.79,0
24.3,25.11,47.23,0,late,sandy,0,1
73.64,14.38,63.19,3.59,development,loamy,13.03,0
28.08,28.24,72.28,5.37,initial,sandy,16.39,0
26.07,27.31,67.18,6.09,initial,clay,1.02,0
67.66,13.0,47.82,0,late,sandy,0,0
57.41,16.04,73.06,4.27,development,sandy,10.13,0
61.85,13.25,86.84,4.59,initial,clay,0.5,0
42.51,27.2,76.61,2.91,initial,loamy,7.56,0
28.18,12.37,45.65,0,late,loamy,0,1
57.18,24.98,52.18,4.95,initial,sandy,1.45,0
34.07,28.8,66.99,3.33,development,loamy,11.69,0
77.21,21.66,75.8,4.14,late,loamy,21.8,0
52.58,26.12,86.64,5.31,initial,loamy,14.99,0
76.21,20.01,56.35,0,initial,sandy,0,0
62.25,20.53,57.38,4.88,development,loamy,4.54,0
52.36,17.46,89.87,6.11,mid_season,loamy,9.33,0
62.98,24.66,71.18,4.57,late,clay,9.55,0
21.59,12.45,41.39,4.25,mid_season,clay,21.19,0
52.65,20.76,56.99,3.69,late,clay,5.28,0
14.0,24.42,89.12,5.42,initial,sandy,2.58,0
29.94,12.89,87.73,0,mid_season,sandy,0,1
76.5,14.61,64.42,0,development,clay,0,0
67.96,12.81,73.9,3.87,initial,loamy,6.95,0
84.94,14.54,69.82,4.0,mid_season,clay,12.92,0
54.15,22.27,53.49,1.02,development,loamy,5.15,0
81.38,18.46,48.04,2.72,late,clay,10.01,0
41.54,19.81,72.56,4.17,development,loamy,9.93,0
73.74,18.9,70.28,6.11,mid_season,sandy,8.63,0
41.4,19.54,86.42,3.72,development,loamy,6.61,0
65.12,15.49,65.08,2.5,mid_season,sandy,7.57,0
48.77,12.88,69.05,3.85,late,sandy,0.63,0
50.02,20.75,76.26,0,late,sandy,0,1
57.83,24.93,79.7,4.73,development,sandy,2.11,0
5,21.41,70.59,5.14,mid_season,loamy,2.19,0
43.4,21.37,54.68,0,late,sandy,0,1
71.01,19.35,53.15,4.08,initial,sandy,14.71,0
55.93,20.11,68.46,4.0,initial,clay,7.65,0
74.64,13.08,66.86,2.82,mid_season,clay,21.76,0
31.2,16.83,83.71,4.12,development,clay,7.23,0
40.85,23.42,85.42,3.61,mid_season,sandy,7.99,0
42.21,13.74,78.87,3.35,initial,sandy,5.98,0
28.27,30.0,64.44,0,development,clay,0,1
34.3,25.43,63.15,3.15,development,sandy,4.48,0
37.75,15.34,49.72,0,initial,loamy,0,0
44.65,14.89,46.79,3.44,development,sandy,9.49,0
70.68,20.35,82.89,4.37,late,clay,3.58,0
41.56,21.04,45.68,3.45,initial,loamy,20.92,0
55.88,28.56,86.74,4.2,development,sandy,7.33,0
61.7,23.2,70.57,2.96,initial,loamy,2.05,0
45.77,24.45,64.0,4.62,mid_season,clay,14.45,0
49.24,26.07,56.61,6.11,initial,sandy,3.87,0
72.02,15.74,57.12,0,development,sandy,0,0
85.55,23.08,43.38,1.66,mid_season,sandy,19.28,0
28.56,27.93,45.95,4.51,initial,clay,14.85,0
71.2,16.91,63.21,3.54,mid_season,loamy,17.19,0
71.28,22.29,76.49,3.24,mid_season,clay,10.25,0
61.18,29.24,52.57,3.81,late,loamy,6.92,0
64.1,16.44,65.62,4.81,late,clay,18.86,0
31.91,28.04,41.92,3.77,mid_season,sandy,9.97,0
43.14,25.14,77.87,2.35,initial,sandy,12.84,0
54.37,19.7,63.16,3.62,initial,loamy,17.96,0
64.2,15.68,82.21,4.67,mid_season,clay,17.06,0
51.67,12.95,40.32,1.9,late,loamy,20.32,0
67.93,20.56,63.15,3.29,development,sandy,4.56,0
28.48,14.17,89.68,6.45,mid_season,sandy,4.81,0
53.62,19.18,71.17,4.32,late,loamy,5.44,0
43.87,12.53,55.11,4.78,late,clay,14.95,0
64.98,13.89,84.15,4.47,development,loamy,7.32,0
49.14,18.03,78.74,4.34,mid_season,sandy,4.41,0
81.19,15.4,55.06,4.97,mid_season,clay,15.84,0
34.64,19.08,65.44,0,initial,sandy,0,0
66.2,25.31,40.3,3.21,development,clay,6.56,0
67.2,25.88,42.74,3.55,development,clay,3.07,0
16.48,21.14,82.53,4.33,late,sandy,19.44,0
44.44,22.01,53.0,2.44,late,loamy,11.16,0
67.63,15.11,60.19,0.99,initial,sandy,5.29,0
28.36,25.54,47.34,2.77,initial,clay,8.15,0
28.85,24.98,89.87,5.03,late,clay,14.76,0
59.73,28.42,57.93,5.33,initial,clay,0.87,0
40.7,27.37,81.93,3.27,initial,clay,10.25,0
61.2,24.56,81.81,5.51,development,loamy,2.29,0
48.83,20.39,57.39,0,late,sandy,0,1
65.28,23.18,66.0,2.48,late,loamy,7.04,0
80.38,20.3,82.22,4.8,mid_season,clay,9.73,0
81.13,13.65,84.0,4.83,late,clay,8.34,0
40.05,23.05,77.92,5.45,late,clay,19.81,0
54.22,27.16,82.15,4.68,development,sandy,21.09,0
60.66,26.32,41.53,5.73,mid_season,sandy,2.32,0
42.56,13.73,60.19,0,development,sandy,0,1
64.42,22.3,71.95,4.0,mid_season,sandy,10.34,0
66.71,23.03,68.61,4.35,development,loamy,6.92,0
29.87,29.27,55.79,3.96,development,loamy,6.78,0
46.52,21.2,50.81,5.52,mid_season,loamy,12.11,0
60.78,22.27,48.77,2.19,mid_season,loamy,13.68,0
60.17,16.55,78.39,5.93,late,clay,11.92,0
43.5,16.01,67.36,4.47,mid_season,clay,15.77,0
52.19,12.85,53.75,4.36,late,clay,10.53,0
47.57,16.71,83.88,0,late,clay,0,0
76.17,18.44,80.5,6.02,mid_season,clay,24.05,0
25.24,20.7,88.98,6.88,initial,clay,8.19,0
76.62,16.18,62.09,5.26,mid_season,loamy,15.87,0
70.94,14.46,81.18,5.15,mid_season,sandy,9.89,0
77.62,14.71,57.25,4.38,mid_season,sandy,7.37,0
55.92,23.38,77.37,0,initial,sandy,0,0
59.56,29.89,42.11,4.98,initial,loamy,8.9,0
54.57,29.86,77.11,4.2,mid_season,sandy,6.03,0
64.04,20.56,70.27,4.65,development,sandy,8.91,0
18.36,12.83,59.78,4.87,mid_season,clay,7.26,0
63.59,17.4,66.24,4.01,development,sandy,2.86,0
40.47,15.0,86.17,3.65,late,sandy,10.25,0
60.22,19.45,77.13,5.04,late,loamy,4.01,0
61.97,17.0,73.96,3.74,initial,clay,8.15,0
74.27,17.56,57.74,5.97,late,sandy,0.95,0
51.99,22.69,72.79,5.2,initial,clay,2.43,0
87.52,20.81,67.56,4.02,mid_season,sandy,0.8,0
78.59,18.84,49.81,5.19,development,sandy,11.65,0
69.49,20.32,41.14,5.66,mid_season,loamy,13.17,0
56.13,13.81,87.05,2.81,development,loamy,5.68,0
48.87,29.03,60.81,2.53,development,loamy,14.65,0
91.05,20.6,80.31,5.47,initial,clay,3.23,0
49.08,25.77,58.7,3.13,initial,clay,9.84,0
59.01,27.63,77.69,0,late,sandy,0,1
40.02,20.24,43.76,2.71,development,clay,8.0,0
40.78,26.56,66.37,5.31,late,clay,22.84,0
75.0,22.3,64.44,4.17,development,loamy,3.46,0
65.19,15.37,80.14,5.84,mid_season,loamy,6.13,0
57.68,13.38,71.9,3.46,development,clay,20.72,0
48.89,16.49,69.6,4.93,late,loamy,12.48,0
29.68,22.92,44.95,4.49,late,clay,8.95,0
66.57,27.9,41.94,0,mid_season,sandy,0,0
51.04,18.72,71.7,0,initial,clay,0,0
37.84,17.42,56.04,3.25,development,clay,10.78,0
52.89,13.95,69.86,3.79,development,clay,11.19,0
89.7,25.17,59.8,3.26,initial,loamy,5.71,0
25.28,24.28,70.17,3.55,development,sandy,2.15,0
32.96,18.1,61.81,6.28,late,clay,14.81,0
76.16,24.27,41.06,0,initial,sandy,0,0
49.73,25.71,77.77,2.25,late,loamy,2.48,0
54.23,13.8,41.83,3.97,mid_season,sandy,10.47,0
81.35,21.8,86.55,5.43,late,loamy,10.64,0
67.11,13.66,64.02,2.21,development,sandy,16.36,0
60.64,20.81,42.45,3.08,development,sandy,14.8,0
55.52,20.34,65.98,4.29,initial,sandy,2.46,0
34.57,14.71,58.66,3.84,initial,loamy,9.24,0
51.66,22.53,47.73,5.85,development,loamy,11.5,0
74.59,26.86,56.89,0,development,sandy,0,0
14.94,12.0,86.99,3.56,late,sandy,17.89,0
48.06,29.17,58.69,1.94,development,sandy,4.9,0
50.94,26.9,73.96,0,initial,clay,0,0
58.15,15.14,67.54,0,late,sandy,0,1
56.51,26.92,71.98,4.9,initial,loamy,3.14,0
91.61,15.35,57.36,3.5,initial,loamy,4.69,0
40.23,17.73,65.73,6.16,late,loamy,19.62,0
44.57,13.72,80.94,4.31,late,loamy,0.8,0
43.37,17.47,84.48,2.1,late,clay,12.59,0
95,21.36,81.31,5.04,development,clay,6.02,0
77.0,13.97,83.88,3.66,late,sandy,7.51,0
52.39,19.58,89.18,0,mid_season,sandy,0,1
60.56,20.31,51.21,3.89,initial,clay,16.38,0
44.99,18.95,46.46,0,late,clay,0,1
85.28,23.27,69.48,6.04,development,clay,20.45,0
79.7,22.59,86.73,2.17,mid_season,loamy,19.5,0
49.68,18.31,87.33,4.85,initial,sandy,4.97,0
35.25,21.94,76.94,3.7,late,loamy,12.74,0
43.4,14.84,77.78,4.59,development,clay,17.9,0
66.45,18.25,88.67,0,initial,loamy,0,0
67.72,27.88,71.35,0,mid_season,sandy,0,0
54.88,25.13,78.08,5.46,initial,clay,5.14,0
44.24,20.87,41.3,2.24,development,clay,8.45,0
71.42,23.88,89.43,0,late,sandy,0,0
93.36,13.04,85.89,4.81,development,loamy,17.01,0
51.75,12.32,77.17,2.24,late,clay,20.52,0
62.28,19.42,40.19,0,initial,loamy,0,0
73.28,25.69,62.39,0,development,clay,0,0
54.24,14.66,41.95,2.76,development,clay,9.85,0
46.68,27.52,61.48,5.48,late,sandy,1.85,0
36.27,14.52,61.97,3.64,late,clay,12.82,0
48.34,12.56,76.27,3.96,development,loamy,9.99,0
59.95,17.94,72.42,4.86,mid_season,loamy,6.45,0
24.7,12.03,59.05,1.83,late,loamy,7.48,0
40.39,20.13,75.22,4.25,development,clay,7.22,0
46.23,16.1,89.15,5.14,development,loamy,1.44,0
46.88,22.69,74.45,3.52,late,loamy,9.84,0
61.29,15.03,41.91,0,late,loamy,0,0
47.24,15.66,63.38,0,late,clay,0,0
47.67,18.09,49.42,0,development,sandy,0,1
43.41,25.28,88.13,6.32,development,clay,7.21,0
54.87,14.5,88.89,4.07,late,sandy,2.98,0
54.24,17.48,68.48,4.49,development,sandy,4.9,0
59.41,21.33,85.84,3.83,late,sandy,2.6,0
37.29,16.25,48.48,2.5,late,sandy,13.45,0
58.49,15.41,73.53,4.76,mid_season,clay,21.71,0
49.15,29.28,62.8,3.72,development,sandy,6.05,0
26.09,16.0,60.28,2.81,initial,clay,13.77,0
81.08,13.4,76.9,0,initial,clay,0,0
79.62,27.13,70.61,3.46,late,clay,4.23,0
59.09,13.67,62.03,0,late,loamy,0,0
41.86,20.52,65.81,4.59,initial,sandy,4.72,0
51.97,19.74,62.32,1.45,mid_season,loamy,7.1,0
59.52,27.7,45.9,4.91,mid_season,sandy,3.32,0
24.59,22.7,60.24,0,mid_season,clay,0,1
34.59,18.66,54.46,3.15,mid_season,loamy,6.01,0
61.03,14.82,56.46,4.5,late,sandy,3.12,0
58.81,28.65,88.79,3.55,initial,clay,6.92,0
50.81,15.77,82.9,3.93,development,loamy,1.4,0
64.4,27.43,45.63,3.39,initial,clay,4.82,0
77.24,29.2,72.14,3.69,development,loamy,4.23,0
56.55,20.55,55.29,5.35,mid_season,sandy,16.03,0
49.13,16.39,40.52,3.38,mid_season,loamy,12.25,0
79.39,23.92,60.37,5.61,mid_season,clay,7.87,0
50.83,19.31,42.53,4.77,late,sandy,13.22,0
39.52,15.0,76.31,3.27,initial,clay,13.84,0
77.68,25.12,86.02,3.95,development,loamy,15.22,0
48.14,15.45,61.63,4.23,development,sandy,10.0,0
61.97,17.28,76.04,5.4,mid_season,clay,15.07,0
34.57,12.5,63.3,3.04,mid_season,loamy,17.0,0
52.43,14.51,68.91,4.32,late,sandy,15.05,0
70.3,27.1,57.89,0,initial,loamy,0,0
47.79,17.87,62.88,4.65,mid_season,loamy,26.95,0
90.44,25.73,87.39,0,mid_season,sandy,0,0
52.81,25.37,86.46,3.82,mid_season,sandy,1.45,0
69.78,21.68,86.86,4.42,development,loamy,5.64,0
47.36,22.53,70.3,3.97,mid_season,sandy,12.4,0
36.46,13.52,78.32,0,development,sandy,0,0
80.43,13.91,62.16,0,initial,clay,0,0
49.67,18.51,72.52,4.7,initial,sandy,7.81,0
55.1,27.91,40.76,2.56,development,sandy,6.65,0
95,15.56,55.73,3.14,late,loamy,10.72,0
80.05,21.52,83.46,4.85,late,loamy,13.02,0
57.09,22.72,47.04,3.26,late,clay,7.4,0
71.26,12.92,58.37,3.75,late,sandy,7.87,0
68.62,29.62,85.71,4.11,initial,clay,5.83,0
64.71,18.83,88.76,0,initial,sandy,0,0
26.94,22.27,79.51,2.98,initial,clay,2.23,0
70.73,15.3,58.27,0,development,loamy,0,0
52.46,28.56,42.62,4.13,late,sandy,8.27,0
46.74,27.06,42.45,3.18,development,loamy,7.01,0
73.08,25.94,52.32,3.03,initial,sandy,1.94,0
73.32,12.4,78.97,3.82,mid_season,sandy,18.39,0
37.96,15.23,85.61,0.4,late,loamy,2.83,0
81.91,14.41,89.46,5.32,late,sandy,1.89,0
70.09,16.24,64.55,3.8,late,sandy,17.71,0
43.09,20.01,84.5,5.6,initial,sandy,7.22,0
49.65,18.23,57.89,0,initial,loamy,0,0
95,24.35,86.97,0,late,sandy,0,0
56.61,18.85,47.82,5.31,late,sandy,2.96,0
30.68,29.49,47.46,0,initial,loamy,0,0
15.17,18.14,79.2,0,mid_season,sandy,0,1
47.81,14.4,74.28,0,development,clay,0,0
82.53,16.46,89.21,0,late,sandy,0,0
49.83,24.23,58.96,6.09,mid_season,clay,15.36,0
49.65,14.22,61.42,5.05,initial,clay,1.12,0
68.76,29.88,57.9,3.69,late,sandy,4.32,0
28.7,19.98,47.83,0,initial,loamy,0,0
82.34,16.73,79.09,0,initial,clay,0,0
39.0,14.72,80.08,4.23,mid_season,clay,9.89,0
76.07,25.69,43.32,3.25,development,loamy,23.95,0
7.63,18.98,66.25,3.47,mid_season,sandy,11.19,0
78.26,29.78,69.9,2.38,initial,sandy,12.45,0
54.11,22.87,85.67,4.23,late,clay,10.23,0
69.66,29.08,85.38,4.78,development,loamy,6.89,0
53.57,15.44,66.44,3.32,mid_season,loamy,11.49,0
60.24,18.38,69.45,2.69,development,loamy,8.99,0
43.3,18.65,51.25,5.44,development,loamy,4.36,0
49.43,16.28,80.53,4.32,mid_season,loamy,24.32,0
73.27,13.59,64.59,6.02,initial,loamy,6.13,0
81.57,26.15,57.59,2.95,late,clay,17.33,0
56.46,17.73,86.39,0,initial,loamy,0,0
33.05,23.58,61.78,2.69,late,clay,10.79,0
64.73,14.16,65.7,0,initial,clay,0,0
62.16,26.9,66.66,4.58,development,clay,9.26,0
36.36,17.05,70.74,4.9,mid_season,clay,4.03,0
84.73,24.94,71.54,4.7,mid_season,loamy,23.11,0
48.49,17.26,42.5,3.65,development,sandy,6.44,0
89.7,15.37,88.8,3.62,mid_season,sandy,14.76,0
69.92,12.26,46.13,3.35,mid_season,sandy,14.4,0
84.8,13.13,58.41,1.68,initial,sandy,9.72,0
61.7,19.63,57.93,4.07,development,loamy,3.42,0
36.28,28.41,84.81,5.19,development,clay,5.97,0
41.49,15.33,74.29,2.74,development,clay,15.83,0
25.02,24.05,82.35,2.54,mid_season,loamy,10.36,0
63.85,15.45,51.67,2.91,development,clay,16.86,0
37.46,15.6,86.41,4.72,late,loamy,15.21,0
40.07,28.16,71.28,4.02,mid_season,loamy,9.15,0
33.32,20.7,85.36,3.97,initial,clay,11.02,0
95,15.25,68.91,5.28,late,loamy,11.61,0
57.59,12.95,79.75,3.16,late,clay,14.6,0
81.0,26.4,51.59,4.53,late,loamy,3.3,0
54.36,15.36,79.27,4.16,late,loamy,2.84,0
45.62,24.25,60.16,1.69,late,sandy,12.34,0
43.87,17.56,48.74,5.62,late,loamy,4.9,0
43.1,26.9,45.68,3.61,initial,loamy,9.74,0
27.17,22.82,62.84,6.11,development,sandy,6.88,0
52.4,27.36,84.34,5.39,development,sandy,12.36,0
93.0,12.22,76.98,0,late,loamy,0,0
76.2,22.48,48.79,3.06,late,sandy,12.94,0
46.33,20.1,46.12,4.95,development,sandy,7.71,0
58.24,20.73,85.47,4.79,mid_season,loamy,5.78,0
32.26,13.16,55.28,2.82,initial,loamy,19.78,0
54.96,12.36,41.57,4.8,mid_season,sandy,21.27,0
58.61,17.35,65.98,4.32,mid_season,loamy,10.05,0
30.95,28.73,67.88,4.63,initial,loamy,2.71,0
28.88,15.38,52.88,0,initial,clay,0,0
68.35,17.55,65.11,3.3,late,loamy,6.01,0
33.28,20.82,68.64,4.47,late,clay,2.76,0
26.78,26.49,52.9,3.57,initial,loamy,9.12,0
54.83,20.96,44.11,2.2,mid_season,sandy,13.19,0
49.05,29.07,47.33,1.38,mid_season,loamy,18.32,0
33.32,27.36,77.58,0,initial,clay,0,0
65.48,16.63,73.3,5.52,mid_season,sandy,4.34,0
38.89,24.48,50.11,2.44,late,loamy,17.96,0
67.09,25.76,56.38,5.41,development,loamy,0.08,0
95,20.19,60.3,6.05,initial,loamy,5.44,0
52.66,17.56,61.7,3.36,initial,sandy,10.7,0
51.05,23.7,70.9,0,initial,loamy,0,0
37.82,17.74,51.61,4.4,mid_season,clay,0.09,0
77.57,29.64,46.89,5.46,late,sandy,1.5,0
59.82,14.38,48.44,3.13,development,sandy,9.24,0
47.72,28.97,58.37,4.17,mid_season,clay,8.32,0
33.7,17.44,79.33,6.93,mid_season,clay,22.84,0
40.65,17.49,85.82,3.8,development,clay,5.42,0
71.09,27.18,60.5,3.54,late,sandy,12.14,0
29.14,12.2,49.76,4.21,mid_season,clay,10.41,0
28.93,24.83,51.21,5.32,development,loamy,0.12,0
56.97,21.43,42.49,6.29,development,clay,11.27,0
53.21,19.11,64.52,3.91,late,loamy,10.53,0
56.94,23.67,55.39,2.08,initial,loamy,0.46,0
47.77,13.63,50.55,5.72,development,clay,15.13,0
26.78,27.96,47.02,4.8,mid_season,sandy,17.85,0
81.4,26.67,87.21,0,initial,sandy,0,0
48.5,18.06,81.15,3.1,development,loamy,7.05,0
39.9,25.33,88.99,2.13,late,sandy,16.67,0
71.6,27.29,85.67,1.73,mid_season,sandy,15.59,0
38.08,20.89,56.9,4.55,late,sandy,18.12,0
45.88,19.76,50.73,4.57,mid_season,sandy,12.03,0
59.23,24.03,65.89,4.15,mid_season,clay,4.1,0
39.55,16.43,89.77,4.05,initial,sandy,4.41,0
29.76,25.84,76.81,0,initial,clay,0,0
75.94,20.16,56.97,3.93,mid_season,loamy,0.1,0
92.22,16.99,57.15,2.66,development,loamy,9.67,0
24.96,29.54,83.59,5.43,development,sandy,6.03,0
95,19.0,69.67,0,late,loamy,0,0
76.98,21.91,64.45,0,initial,sandy,0,0
73.49,24.44,46.75,5.4,development,loamy,17.96,0
34.31,26.42,60.83,3.59,initial,loamy,2.25,0
27.49,29.87,56.11,3.25,mid_season,clay,11.73,0
94.01,22.88,66.61,0,initial,sandy,0,0
68.29,15.31,56.81,4.01,initial,clay,7.12,0
83.97,24.02,58.34,4.25,development,sandy,6.45,0
32.75,18.49,50.75,5.06,mid_season,loamy,16.79,0
56.95,26.9,49.47,4.8,mid_season,loamy,14.48,0
95,24.98,51.67,3.83,development,clay,3.58,0
69.16,22.32,40.22,4.7,mid_season,loamy,13.64,0
44.05,19.6,45.92,4.2,late,loamy,9.42,0
62.58,21.8,73.25,1.68,initial,loamy,0.23,0
26.55,19.38,85.62,3.34,mid_season,clay,21.11,0
34.36,27.05,67.84,0,late,loamy,0,1
72.81,14.95,44.43,2.14,initial,sandy,10.02,0
47.07,25.36,44.57,0,development,loamy,0,1
62.39,14.62,54.43,6.69,development,clay,6.8,0
52.5,23.26,75.61,3.43,development,loamy,6.09,0
95,13.01,75.14,3.4,mid_season,loamy,2.43,0
42.05,19.66,42.33,3.18,development,sandy,13.15,0
42.25,17.12,47.29,4.84,development,sandy,3.77,0
47.73,26.84,78.41,5.67,late,clay,5.35,0
60.45,26.88,69.61,0,mid_season,clay,0,0
46.14,17.3,66.09,4.41,development,loamy,12.35,0
42.54,14.03,73.46,0,late,clay,0,1
27.5,29.02,66.39,3.56,development,sandy,0.11,0
57.1,21.56,87.32,0,initial,loamy,0,0
56.73,19.17,52.22,3.77,late,sandy,22.76,0
64.38,18.44,78.31,6.19,late,loamy,9.11,0
37.96,14.36,80.69,3.26,late,clay,21.46,0
42.11,12.92,43.04,3.44,development,sandy,6.86,0
70.39,23.66,69.99,3.32,initial,clay,1.34,0
45.87,14.13,80.97,6.14,late,sandy,10.9,0
45.62,19.82,77.5,5.13,initial,sandy,14.27,0
34.57,21.19,69.47,3.67,mid_season,loamy,16.96,0
53.37,26.45,67.06,1.28,initial,sandy,0.68,0
53.76,29.88,50.43,3.62,initial,loamy,3.31,0
91.31,27.24,48.45,0,late,clay,0,0
22.58,17.9,76.17,0,initial,sandy,0,0
24.31,16.51,60.68,4.29,initial,clay,4.27,0
78.39,21.43,56.96,4.55,late,clay,21.7,0
35.3,28.44,60.2,6.91,initial,loamy,6.53,0
54.16,12.66,70.52,4.21,mid_season,sandy,14.72,0
39.9,29.51,49.45,4.69,development,sandy,7.01,0
35.56,25.85,89.57,4.83,development,loamy,8.55,0
63.83,22.92,81.02,3.78,initial,loamy,4.35,0
15.09,21.47,55.91,4.87,initial,clay,0.52,0
52.98,19.66,86.5,3.45,late,sandy,6.21,0
69.57,18.52,73.84,3.38,late,clay,12.88,0
79.51,22.41,79.66,4.14,initial,clay,1.73,0
53.19,14.49,53.89,3.9,initial,clay,20.77,0
62.5,28.4,80.51,3.2,development,sandy,4.59,0
53.31,23.39,46.73,3.01,development,sandy,9.17,0
35.23,20.32,52.8,4.65,initial,sandy,0.09,0
58.76,24.07,78.89,2.63,late,sandy,13.01,0
54.52,20.11,46.66,4.22,late,sandy,2.57,0
45.29,25.56,79.02,3.71,late,loamy,15.85,0
43.38,21.74,84.42,3.73,late,loamy,13.37,0
65.2,27.95,60.23,2.8,late,sandy,6.17,0
54.72,21.95,47.23,0,initial,sandy,0,0
40.83,26.84,59.14,5.0,late,clay,20.68,0
32.29,24.82,77.48,0,initial,sandy,0,0
36.06,23.8,40.43,4.53,development,sandy,5.13,0
45.8,21.2,50.25,5.64,late,loamy,15.55,0
61.21,23.96,74.64,0,late,clay,0,0
79.28,19.04,53.11,0,late,sandy,0,0
29.21,20.2,54.98,3.77,mid_season,clay,16.49,0
70.53,24.83,64.05,0,initial,sandy,0,0
72.58,19.54,58.04,3.65,mid_season,clay,15.06,0
79.42,19.2,82.87,4.94,development,sandy,9.69,0
69.04,17.37,52.45,4.66,development,sandy,7.73,0
70.72,22.51,74.2,5.45,initial,sandy,9.04,0
76.94,26.51,82.27,4.81,mid_season,loamy,12.46,0
76.21,13.9,72.04,2.96,mid_season,clay,26.82,0
36.6,12.71,88.56,5.02,mid_season,clay,9.44,0
27.76,13.59,76.49,2.38,development,clay,12.21,0
19.49,23.26,49.63,4.21,initial,sandy,7.81,0
66.58,26.93,72.86,5.02,mid_season,loamy,18.55,0
41.19,18.88,75.05,2.86,development,sandy,8.74,0
77.11,21.58,64.68,4.73,initial,sandy,10.59,0
72.83,22.76,60.38,2.38,initial,clay,11.35,0
59.36,28.52,47.5,6.18,development,sandy,3.55,0
68.11,25.53,74.58,3.32,development,loamy,12.76,0
63.87,24.56,45.85,2.85,late,clay,12.02,0
49.2,15.16,49.15,4.1,late,clay,9.69,0
62.13,14.39,77.36,3.99,development,loamy,9.65,0
38.53,17.21,60.3,3.53,late,loamy,13.98,0
40.07,16.99,74.91,2.85,development,clay,13.1,0
54.78,26.95,59.96,4.07,late,loamy,8.11,0
40.83,13.89,59.61,2.27,mid_season,clay,10.96,0
50.96,26.23,43.97,4.87,initial,loamy,3.63,0
59.15,27.3,51.33,5.05,development,loamy,2.92,0
67.56,25.83,45.37,2.65,initial,loamy,13.82,0
41.19,12.92,50.65,4.33,initial,loamy,9.97,0
37.31,12.18,81.34,4.1,initial,loamy,8.04,0
37.23,24.67,74.03,3.78,initial,loamy,10.51,0
69.82,14.42,46.42,4.07,late,sandy,0.02,0
62.03,16.9,72.65,3.73,development,clay,10.93,0
60.23,15.65,61.83,0.61,late,loamy,3.14,0
77.29,13.02,46.1,4.82,mid_season,sandy,13.56,0
14.64,22.57,78.49,3.74,mid_season,loamy,17.34,0
26.94,16.43,47.16,4.14,mid_season,clay,10.27,0
52.67,13.38,44.89,4.72,mid_season,sandy,8.61,0
63.24,19.03,41.8,0,initial,sandy,0,0
43.91,22.2,77.9,3.15,mid_season,sandy,3.48,0
54.97,23.67,62.67,4.5,development,sandy,5.79,0
41.4,29.06,40.29,3.01,mid_season,clay,8.53,0
32.55,17.29,76.98,3.65,late,clay,9.29,0
45.67,22.16,63.32,3.26,late,loamy,2.6,0
45.73,13.61,65.9,0,initial,sandy,0,0
74.87,15.62,87.13,0,initial,loamy,0,0
55.68,22.84,40.75,3.84,late,loamy,18.47,0
75.93,28.33,54.09,5.84,mid_season,sandy,3.51,0
65.17,26.29,58.98,4.47,mid_season,loamy,5.74,0
36.82,24.77,81.35,0,initial,sandy,0,0
62.07,19.59,71.14,4.29,late,sandy,10.37,0
64.9,26.19,57.58,5.74,late,loamy,7.4,0
46.88,23.13,88.81,4.15,late,clay,12.7,0
77.95,24.07,52.15,0,development,loamy,0,0
24.77,12.12,62.19,4.12,late,sandy,7.99,0
81.52,24.92,75.14,4.42,initial,clay,4.89,0
90.88,14.88,78.59,4.32,initial,clay,7.92,0
46.42,25.54,41.45,4.66,late,clay,13.3,0
51.48,24.3,71.85,0,mid_season,loamy,0,1
49.92,14.68,58.28,3.31,development,sandy,9.46,0
52.74,26.22,67.25,5.24,initial,sandy,4.89,0
56.71,20.36,60.99,0,development,loamy,0,0
63.57,12.42,83.73,3.34,late,clay,0.25,0
32.1,14.74,82.17,3.38,development,loamy,1.82,0
91.79,16.54,69.55,3.06,initial,sandy,4.61,0
32.5,21.48,70.82,5.93,development,clay,7.79,0
69.37,15.85,65.09,4.49,mid_season,loamy,15.09,0
64.33,27.33,88.82,0,mid_season,clay,0,0
13.98,27.89,70.56,2.68,initial,sandy,9.34,0
47.63,18.15,52.55,4.5,initial,sandy,8.87,0
20.27,15.86,42.99,4.92,initial,sandy,2.03,0
56.49,14.67,83.48,3.29,late,loamy,17.62,0
44.99,28.7,49.53,6.95,mid_season,loamy,1.42,0
80.65,18.37,52.83,4.78,mid_season,loamy,0.61,0
65.87,26.08,72.39,2.53,development,clay,6.73,0
63.14,16.08,42.75,2.98,mid_season,clay,10.53,0
66.03,24.03,83.58,2.68,initial,loamy,5.93,0
45.32,26.85,47.9,5.12,late,clay,10.49,0
92.99,20.77,43.25,2.64,mid_season,sandy,11.06,0
63.74,16.52,68.84,3.57,initial,loamy,9.4,0
39.89,18.35,89.95,4.31,mid_season,clay,2.92,0
75.8,16.03,44.66,5.13,development,loamy,5.94,0
36.17,14.44,86.16,2.34,late,loamy,7.36,0
76.09,29.78,78.27,0,initial,clay,0,0
42.91,24.79,71.77,3.3,late,sandy,17.92,0
75.14,13.12,42.7,3.89,mid_season,sandy,22.07,0
61.31,22.73,85.38,1.83,development,loamy,5.96,0
27.92,15.48,46.06,4.99,initial,sandy,6.23,0
49.26,29.25,69.85,3.76,late,loamy,12.91,0
40.53,13.78,70.81,3.93,late,sandy,5.13,0
53.51,24.84,75.7,3.83,mid_season,loamy,27.03,0
58.37,14.85,68.96,5.88,mid_season,clay,14.54,0
80.73,29.3,88.4,4.6,mid_season,clay,18.02,0
38.46,20.01,83.61,2.91,initial,clay,10.28,0
95,28.05,50.56,4.32,late,sandy,1.53,0
47.48,25.44,64.18,0,development,sandy,0,1
61.15,19.22,83.89,5.03,initial,sandy,21.87,0
25.15,15.24,76.07,4.26,mid_season,sandy,2.25,0
64.89,18.76,78.69,4.53,mid_season,loamy,8.63,0
54.05,13.55,79.9,0,late,loamy,0,0
70.59,28.63,77.3,5.39,late,sandy,5.01,0
95,26.48,81.03,3.61,mid_season,loamy,5.22,0
68.59,19.65,77.81,3.39,late,loamy,1.97,0
50.75,19.21,70.82,3.48,late,loamy,5.3,0
42.0,24.33,60.83,5.05,late,loamy,4.19,0
85.53,29.39,66.58,5.48,development,sandy,20.03,0
68.69,22.64,55.11,2.22,initial,loamy,9.83,0
41.02,20.7,72.03,3.99,mid_season,sandy,9.81,0
36.63,17.0,69.51,0,late,sandy,0,1
44.71,21.82,49.62,4.27,development,loamy,21.13,0
37.37,14.46,85.44,4.27,mid_season,loamy,6.62,0
77.73,17.89,82.62,4.5,initial,loamy,3.64,0
89.37,23.18,86.22,3.42,development,loamy,6.53,0
58.93,14.81,46.99,2.86,mid_season,sandy,0.47,0
64.12,13.34,75.24,5.66,late,sandy,15.78,0
57.01,25.22,64.26,2.76,initial,clay,15.22,0
82.74,12.55,43.38,4.15,initial,sandy,10.18,0
50.27,22.54,72.77,3.47,mid_season,loamy,8.32,0
21.14,14.42,60.15,3.5,late,sandy,10.64,0
60.5,16.76,82.2,3.52,late,clay,23.3,0
18.56,14.97,52.94,4.66,development,sandy,3.1,0
93.8,22.3,71.25,4.58,late,loamy,2.58,0
39.14,23.13,52.74,0,development,clay,0,1
61.5,27.4,48.2,3.91,late,sandy,24.91,0
60.69,23.57,50.68,4.91,development,clay,12.64,0
74.81,17.89,85.66,4.23,mid_season,loamy,28.02,0
57.5,18.41,43.24,4.07,initial,clay,2.44,0
50.62,26.31,70.52,3.85,initial,clay,1.87,0
27.15,27.15,59.99,5.34,development,clay,17.71,0
68.28,23.85,53.08,3.26,late,sandy,2.8,0
58.83,24.72,77.13,0,development,sandy,0,1
49.41,21.01,44.07,0,development,sandy,0,1
34.74,17.52,53.5,3.66,mid_season,sandy,4.89,0
36.49,13.15,72.88,4.71,initial,sandy,1.04,0
64.07,27.52,67.19,3.78,mid_season,sandy,12.28,0
41.13,23.82,60.45,0,development,clay,0,1
58.56,27.7,41.29,3.98,initial,loamy,5.21,0
51.81,29.36,84.44,5.15,development,clay,6.23,0
36.98,28.03,45.59,4.45,development,sandy,7.35,0
64.71,24.49,75.74,3.52,development,sandy,8.43,0
67.58,18.85,57.64,0,late,clay,0,0
52.8,14.02,70.05,2.18,late,clay,9.07,0
69.08,12.92,79.29,0,development,sandy,0,0
47.03,23.64,79.92,2.77,initial,clay,13.32,0
59.44,12.95,77.64,4.43,late,clay,18.43,0
42.44,16.35,87.85,5.23,initial,clay,8.56,0
34.65,25.24,63.19,2.09,development,clay,5.88,0
71.4,28.74,78.78,0,initial,loamy,0,0
58.52,23.08,44.15,3.4,development,sandy,7.75,0
92.61,24.57,64.26,3.81,development,clay,11.23,0
8.17,30.0,88.12,4.52,late,clay,36.22,0
77.76,19.68,80.81,4.96,mid_season,loamy,6.14,0
38.31,25.22,88.19,0,initial,loamy,0,0
60.8,27.39,44.87,3.62,development,sandy,5.61,0
46.57,20.34,58.11,0,mid_season,sandy,0,1
36.45,15.41,85.22,4.45,initial,loamy,5.31,0
58.58,25.86,49.75,4.42,development,clay,8.46,0
65.04,18.21,72.48,4.28,mid_season,sandy,7.37,0
74.27,24.14,78.77,4.21,development,loamy,11.92,0
54.68,13.58,77.96,3.53,initial,sandy,0.74,0
74.43,20.88,76.17,0,initial,loamy,0,0
95,28.04,74.75,5.45,late,loamy,4.96,0
41.75,25.91,64.76,2.3,development,sandy,1.6,0
31.76,18.67,62.0,4.1,mid_season,clay,15.44,0
60.6,22.44,73.22,3.3,mid_season,loamy,10.66,0
81.34,15.19,67.46,3.21,development,clay,6.02,0
44.14,26.54,83.84,3.67,late,loamy,19.32,0
62.87,28.14,54.15,3.39,initial,clay,12.64,0
86.22,19.5,48.53,2.84,development,loamy,16.03,0
77.04,14.3,79.29,2.99,initial,clay,8.38,0
85.75,16.71,67.56,0,initial,loamy,0,0
82.55,26.19,71.57,3.5,development,clay,6.42,0
45.19,28.08,73.29,3.57,mid_season,loamy,3.21,0
59.95,14.17,81.7,5.28,development,sandy,8.71,0
55.33,20.84,83.91,3.65,development,loamy,10.61,0
68.83,24.59,72.79,0,initial,loamy,0,0
53.02,16.99,51.59,3.96,late,sandy,15.67,0
95,13.36,81.72,3.34,development,clay,8.45,0
62.79,17.21,50.3,4.0,initial,sandy,3.23,0
83.7,17.42,60.21,4.26,development,loamy,4.95,0
53.02,12.87,68.95,0,initial,clay,0,0
73.44,28.04,83.47,0,mid_season,loamy,0,0
28.56,15.59,59.02,2.28,mid_season,loamy,17.48,0
36.56,18.62,87.89,1.82,initial,clay,13.35,0
11.63,17.37,76.13,4.66,mid_season,clay,12.85,0
84.33,18.91,84.86,4.22,late,clay,11.86,0
65.37,18.19,54.13,3.99,development,clay,12.07,0
81.25,19.64,82.18,3.75,development,clay,8.2,0
48.56,27.11,48.7,5.43,development,sandy,5.37,0
57.03,19.04,64.0,3.89,development,clay,11.89,0
64.47,26.19,68.5,3.8,development,loamy,3.54,0
5,22.75,50.55,2.82,initial,clay,0.51,0
34.9,15.06,64.2,4.37,initial,loamy,17.45,0
80.77,15.22,40.46,0,initial,loamy,0,0
38.77,25.17,65.56,3.31,development,sandy,4.27,0
50.69,18.11,50.53,1.56,late,clay,5.06,0
90.66,17.33,58.84,6.79,mid_season,loamy,22.84,0
33.96,21.46,85.74,5.1,mid_season,clay,8.84,0
27.7,24.55,52.51,5.7,mid_season,loamy,13.31,0
52.66,29.11,72.4,3.94,mid_season,sandy,6.63,0
44.9,29.49,64.32,6.09,mid_season,loamy,16.58,0
60.17,14.66,79.41,6.42,late,clay,6.45,0
56.1,29.4,77.97,4.32,initial,sandy,9.14,0
51.61,28.41,80.39,4.15,initial,clay,6.52,0
83.8,14.63,73.83,5.48,development,loamy,1.74,0
66.41,25.34,83.68,3.92,development,sandy,8.65,0
42.19,16.08,71.52,3.91,initial,sandy,2.91,0
43.54,20.74,79.63,0,late,clay,0,1
43.12,22.76,46.74,2.11,late,sandy,11.13,0
82.45,20.91,53.29,6.35,mid_season,sandy,5.52,0
77.91,25.48,59.61,3.18,late,sandy,8.96,0
54.98,14.64,50.81,4.53,development,clay,1.66,0
56.4,19.2,78.18,3.28,development,sandy,14.83,0
45.15,29.81,70.72,1.75,development,loamy,1.66,0
74.97,12.73,85.52,4.05,late,clay,8.18,0
22.37,17.69,55.18,0,initial,sandy,0,0
61.94,29.59,78.36,5.44,late,sandy,7.29,0
15.92,19.6,74.58,0,development,sandy,0,1
39.57,29.88,46.53,3.15,initial,loamy,17.35,0
50.62,23.33,71.82,3.1,late,loamy,20.05,0
33.16,24.38,81.77,5.0,mid_season,sandy,10.16,0
45.22,24.96,60.01,3.51,development,clay,15.2,0
38.16,18.14,52.55,0,late,loamy,0,1
61.27,16.55,62.82,5.11,late,clay,0.78,0
57.97,14.64,53.49,0,initial,sandy,0,0
27.18,24.85,80.7,3.59,development,loamy,13.16,0
49.69,12.81,69.31,2.86,development,clay,8.9,0
51.31,18.01,65.34,6.09,development,loamy,17.12,0
70.01,12.79,67.34,4.68,development,clay,11.11,0
44.02,20.76,63.58,4.34,late,loamy,2.57,0
65.9,28.86,51.3,2.49,initial,sandy,13.56,0
64.53,23.48,68.97,4.5,mid_season,clay,6.16,0
59.6,23.5,58.77,3.48,initial,loamy,3.07,0
77.17,19.54,84.91,3.48,late,loamy,6.39,0
50.08,25.83,83.03,3.41,mid_season,loamy,9.16,0
44.74,17.12,61.21,3.4,late,sandy,7.45,0
66.69,25.9,45.3,5.33,late,loamy,12.03,0
60.75,21.27,58.82,2.86,mid_season,clay,7.86,0
19.97,24.09,52.32,2.73,initial,sandy,1.55,0
50.17,21.34,63.19,3.99,late,sandy,11.14,0
24.98,17.97,44.8,4.17,initial,loamy,9.16,0
44.76,17.49,44.35,4.54,mid_season,clay,13.97,0
54.38,20.72,51.63,3.34,late,sandy,6.28,0
43.84,27.91,68.06,0,late,loamy,0,1
32.83,21.49,64.43,3.3,late,sandy,7.4,0
52.82,15.28,53.76,5.02,mid_season,loamy,12.75,0
50.2,22.11,42.83,5.24,mid_season,loamy,13.62,0
62.89,18.91,79.24,0,development,sandy,0,0
86.16,13.55,63.19,3.06,development,clay,15.87,0
48.5,26.48,42.46,3.81,late,clay,1.75,0
47.38,21.76,58.98,2.8,late,clay,22.21,0
41.14,14.17,80.76,4.52,mid_season,clay,9.28,0
41.73,14.41,44.34,3.38,initial,clay,1.53,0
87.01,20.88,67.95,4.63,mid_season,clay,16.04,0
36.93,15.43,50.99,3.46,mid_season,loamy,5.42,0
66.06,23.24,67.25,0,initial,loamy,0,0
58.13,12.88,53.99,4.12,late,loamy,3.28,0
32.93,18.94,63.26,4.58,development,clay,6.43,0
70.01,16.21,80.69,3.85,mid_season,loamy,5.17,0
10.12,15.64,53.15,4.29,mid_season,clay,10.55,0
62.4,22.03,87.1,3.34,late,clay,8.35,0
87.58,27.72,54.87,4.19,initial,loamy,7.6,0
89.38,24.18,81.07,3.35,late,clay,0.6,0
86.65,20.44,69.52,4.26,development,clay,8.09,0
59.73,17.12,50.85,4.21,development,sandy,1.83,0
36.5,28.83,51.43,2.86,initial,clay,0.43,0
41.36,22.87,80.88,4.29,late,sandy,4.43,0
41.5,20.85,62.68,3.01,mid_season,loamy,9.12,0
72.98,17.31,65.98,6.52,mid_season,loamy,4.39,0
37.58,21.79,48.66,4.61,late,clay,1.84,0
50.52,29.31,67.06,3.7,initial,loamy,1.33,0
30.77,23.88,59.79,4.8,mid_season,clay,15.5,0
57.65,16.6,74.46,4.39,development,clay,1.88,0
21.67,28.68,53.25,3.63,development,sandy,12.95,0
53.85,22.02,46.85,4.29,late,loamy,6.28,0
55.72,19.88,72.58,3.44,initial,clay,15.82,0
67.73,20.56,65.21,0,late,clay,0,0
31.56,22.78,83.99,4.14,late,loamy,12.74,0
38.54,27.63,78.05,4.82,mid_season,loamy,19.21,0
57.57,29.03,48.49,4.1,initial,loamy,9.26,0
43.73,12.93,89.67,2.53,mid_season,sandy,16.24,0
89.83,29.02,54.49,4.21,initial,clay,12.71,0
37.36,13.2,48.93,4.49,initial,sandy,7.37,0
65.51,23.37,77.08,4.4,development,clay,8.54,0
51.28,19.11,41.03,3.35,mid_season,clay,7.56,0
33.73,16.99,72.66,5.73,initial,clay,18.24,0
44.58,28.93,73.63,6.06,initial,loamy,0.7,0
48.39,20.87,48.52,5.06,initial,loamy,1.07,0
72.18,23.12,49.68,3.86,mid_season,clay,14.29,0
72.57,24.17,88.67,3.98,development,clay,6.05,0
23.26,18.36,48.45,5.67,late,sandy,2.42,0
42.16,28.97,81.2,3.07,development,loamy,13.97,0
47.98,21.71,49.15,2.86,mid_season,clay,8.27,0
42.22,18.78,51.93,0,late,loamy,0,1
53.46,28.02,80.08,3.96,mid_season,sandy,2.45,0
53.28,29.51,82.1,1.59,development,clay,12.27,0
38.77,19.49,50.58,4.05,late,loamy,13.09,0
59.93,16.67,52.43,0,late,loamy,0,0
74.14,26.85,72.16,4.38,mid_season,clay,11.67,0
14.33,13.86,67.68,4.34,development,loamy,7.88,0
47.69,20.79,58.35,3.93,initial,clay,9.33,0
38.43,16.07,61.53,2.82,development,sandy,9.16,0
45.33,19.49,88.71,2.55,late,sandy,0.43,0
56.78,23.0,87.83,4.21,initial,clay,5.77,0
75.71,23.8,84.23,4.24,initial,clay,0.63,0
81.16,25.31,88.56,1.45,mid_season,sandy,13.25,0
95,18.99,87.57,3.07,initial,loamy,3.91,0
60.86,25.85,80.29,4.27,late,loamy,14.85,0
58.58,21.14,49.19,5.63,mid_season,clay,6.29,0
66.28,12.74,55.07,3.84,mid_season,sandy,14.36,0
55.01,25.05,67.71,0,initial,loamy,0,0
16.21,27.53,54.23,3.58,development,sandy,5.24,0
34.5,24.6,51.79,2.95,development,clay,23.01,0
58.88,29.19,72.92,0,initial,clay,0,0
56.83,23.74,63.29,5.02,mid_season,loamy,11.98,0
51.76,15.58,59.07,4.61,mid_season,loamy,9.71,0
78.41,16.7,79.24,3.97,late,clay,12.88,0
62.93,21.21,85.73,5.35,mid_season,loamy,6.69,0
48.4,23.42,61.06,4.61,initial,clay,3.05,0
59.99,21.93,71.41,2.46,late,loamy,6.41,0
55.09,21.86,53.83,2.84,initial,loamy,5.82,0
75.58,27.88,79.89,3.89,development,clay,10.5,0
54.69,13.08,83.54,3.32,late,sandy,1.87,0
95,18.12,51.75,4.6,late,sandy,12.61,0
38.5,16.97,59.22,4.85,mid_season,loamy,21.96,0
56.54,29.74,88.42,0,initial,clay,0,0
72.18,20.8,68.35,4.95,development,clay,9.61,0
89.93,14.77,53.78,3.74,initial,clay,11.29,0
53.86,14.53,76.06,6.33,late,sandy,4.21,0
45.63,22.48,56.51,4.43,mid_season,clay,17.54,0
47.27,29.44,46.67,4.39,development,clay,13.2,0
80.87,27.64,87.16,4.41,late,sandy,11.63,0
62.05,22.78,60.52,4.92,development,clay,11.68,0
76.34,17.93,89.8,3.53,initial,sandy,7.57,0
43.72,16.28,54.33,3.23,initial,clay,3.22,0
57.34,27.2,55.71,4.57,late,sandy,7.8,0
48.02,21.36,60.91,3.18,development,loamy,10.39,0
68.13,12.79,44.66,0,late,sandy,0,0
61.71,26.24,44.82,0,development,clay,0,0
43.45,21.64,71.47,2.61,development,loamy,10.52,0
55.58,26.66,43.93,5.04,initial,sandy,1.84,0
39.38,22.39,63.27,0,late,loamy,0,1
30.28,27.16,66.44,3.51,initial,loamy,15.72,0
42.95,12.87,50.95,4.61,late,loamy,10.69,0
27.01,13.83,75.14,4.39,mid_season,sandy,16.03,0
53.02,29.83,67.67,4.53,late,loamy,4.97,0
64.93,19.58,89.84,5.28,development,clay,9.63,0
48.14,22.72,67.28,3.72,development,loamy,14.6,0
67.4,20.11,60.72,3.59,development,loamy,3.63,0
53.72,23.62,49.28,3.98,development,sandy,11.24,0
62.5,22.9,49.08,4.9,development,sandy,7.63,0
41.33,15.91,40.96,4.02,late,clay,4.87,0
27.35,24.9,46.7,4.22,mid_season,sandy,4.41,0
30.56,22.63,83.62,2.68,development,loamy,4.74,0
46.44,22.7,88.04,6.06,development,loamy,7.35,0
29.53,20.32,86.98,3.19,initial,clay,13.73,0
88.53,18.56,58.45,4.5,mid_season,loamy,8.23,0
14.3,15.88,47.06,3.42,mid_season,sandy,1.66,0
73.0,24.74,67.23,5.49,initial,sandy,16.3,0
62.68,28.57,52.21,1.84,development,clay,6.23,0
85.22,25.39,79.27,4.23,mid_season,loamy,15.21,0
60.46,23.13,86.4,3.44,development,loamy,8.7,0
43.56,16.37,64.64,2.73,initial,clay,6.82,0
47.39,26.01,43.93,5.59,initial,sandy,4.64,0
31.09,14.0,60.83,6.27,late,clay,16.26,0
23.88,28.44,40.15,2.83,development,loamy,2.08,0
54.55,25.34,87.45,5.81,late,sandy,5.95,0
40.77,20.09,68.14,3.07,initial,clay,7.24,0
47.25,22.5,70.8,4.49,mid_season,loamy,11.79,0
53.23,17.84,62.77,2.83,mid_season,loamy,12.19,0
49.57,27.58,77.68,2.25,initial,clay,8.1,0
53.81,22.77,45.86,4.13,late,sandy,15.88,0
70.81,25.9,66.42,0,initial,loamy,0,0
47.62,25.27,48.43,3.84,development,sandy,10.95,0
60.32,16.34,66.28,0,mid_season,sandy,0,0
37.32,26.86,87.78,0,initial,loamy,0,0
59.65,26.3,42.06,4.64,late,clay,20.04,0
50.55,20.72,73.66,0,mid_season,loamy,0,1
75.45,19.07,68.5,0,initial,loamy,0,0
86.11,25.54,56.95,4.71,mid_season,loamy,23.48,0
74.51,22.68,58.18,2.34,mid_season,clay,22.5,0
60.78,22.59,43.75,2.94,development,clay,5.96,0
60.99,29.04,81.31,3.02,mid_season,clay,6.47,0
46.44,26.81,50.05,3.19,mid_season,clay,5.69,0
30.67,24.93,68.85,1.69,late,loamy,5.13,0
53.18,13.49,68.17,3.18,mid_season,loamy,16.74,0
86.72,24.01,79.57,4.02,development,loamy,3.64,0
32.12,19.57,70.31,2.64,mid_season,clay,10.71,0
66.03,29.41,59.72,4.58,initial,sandy,3.1,0
60.36,17.73,62.31,5.17,development,loamy,11.79,0
53.56,13.08,60.01,3.26,late,sandy,2.08,0
80.05,14.5,61.1,3.0,late,sandy,19.86,0
41.84,16.47,70.98,3.04,initial,clay,3.28,0
41.76,18.66,51.12,2.99,late,loamy,19.13,0
51.11,19.14,85.04,0,mid_season,sandy,0,1
33.09,20.91,54.61,5.73,development,sandy,5.07,0
51.81,20.28,74.98,5.23,mid_season,sandy,15.9,0
63.19,23.84,81.01,3.58,development,clay,12.74,0
51.98,15.75,84.62,6.28,mid_season,sandy,3.74,0
62.04,19.84,58.85,2.45,development,sandy,3.3,0
78.07,26.65,82.5,4.43,initial,clay,7.36,0
54.12,14.0,59.74,5.1,mid_season,clay,20.24,0
47.01,18.17,45.34,3.93,late,loamy,5.56,0
28.96,25.53,51.86,4.67,late,sandy,4.29,0
89.01,22.99,83.0,2.5,development,clay,7.83,0
70.57,21.37,70.84,5.24,development,loamy,7.51,0
41.5,28.27,45.6,3.48,late,loamy,5.18,0
72.4,18.76,59.64,4.91,late,clay,12.73,0
37.9,18.44,55.12,0,initial,sandy,0,0
83.53,22.1,54.48,3.12,initial,sandy,4.72,0
75.69,23.88,58.41,5.09,initial,clay,7.84,0
62.77,29.08,71.18,1.95,development,loamy,6.17,0
24.52,21.6,80.39,3.23,mid_season,clay,18.65,0
80.78,17.9,40.87,4.46,development,clay,9.3,0
46.63,15.3,58.71,5.04,mid_season,sandy,9.03,0
72.29,23.96,67.68,4.58,initial,clay,8.74,0
52.42,23.22,74.55,0,late,clay,0,0
43.65,18.95,74.17,3.9,mid_season,loamy,13.96,0
46.13,23.65,79.06,2.5,development,clay,16.1,0
76.18,12.26,57.84,4.44,development,loamy,12.36,0
30.45,19.81,68.56,0,development,loamy,0,1
56.64,26.9,64.89,4.6,late,clay,8.23,0
84.16,23.73,49.58,3.6,development,sandy,0.47,0
37.17,20.34,59.64,5.38,mid_season,loamy,8.29,0
58.74,13.03,52.4,0,initial,sandy,0,0
46.19,19.6,57.29,2.64,late,loamy,6.88,0
73.23,28.08,79.83,5.29,late,clay,8.48,0
55.84,23.49,63.78,3.75,development,loamy,16.98,0
50.96,21.01,89.72,1.67,late,loamy,8.26,0
53.57,15.8,86.66,4.26,development,clay,0.47,0
20.11,24.61,70.05,0,mid_season,sandy,0,1
37.63,22.1,75.3,4.47,late,clay,7.97,0
34.4,21.69,58.47,2.9,mid_season,clay,13.57,0
60.47,13.54,86.99,3.81,development,clay,0.8,0
63.47,28.23,54.39,4.05,mid_season,sandy,13.07,0
57.61,24.27,74.73,0.89,mid_season,sandy,18.68,0
50.84,17.3,67.35,4.42,late,clay,5.05,0
24.59,20.61,62.15,0,initial,clay,0,0
77.01,18.54,64.2,0,initial,sandy,0,0
90.7,18.23,61.86,2.55,late,loamy,7.17,0
38.8,16.24,74.22,4.35,late,clay,1.37,0
34.37,24.72,49.37,4.36,initial,sandy,13.75,0
58.11,23.13,57.46,4.43,late,loamy,1.14,0
60.87,15.53,73.94,0,late,clay,0,0
40.17,26.97,56.19,3.82,late,clay,17.62,0
49.96,13.3,47.6,0,development,loamy,0,1
32.93,18.42,63.34,3.64,development,sandy,0.98,0
50.28,25.4,60.45,4.75,mid_season,sandy,18.71,0
50.93,21.2,50.32,4.2,mid_season,loamy,13.2,0
57.69,15.0,72.24,4.64,initial,clay,6.73,0
71.39,16.92,87.1,5.32,development,clay,8.92,0
20.36,16.28,42.08,0,initial,loamy,0,0
51.54,20.87,64.97,4.43,mid_season,sandy,1.22,0
67.75,18.62,56.67,0,initial,sandy,0,0
76.33,24.06,63.93,2.82,mid_season,loamy,10.56,0
62.54,29.69,56.41,4.5,late,clay,14.3,0
68.95,19.64,65.1,0,late,loamy,0,0
76.22,19.37,81.36,4.67,initial,sandy,3.48,0
86.8,28.76,49.49,4.59,mid_season,loamy,12.32,0
52.69,14.98,64.47,5.25,late,sandy,15.69,0
59.01,21.11,47.0,4.73,development,clay,19.14,0
74.84,15.51,64.51,3.48,mid_season,clay,18.03,0
53.29,25.14,58.23,0,initial,sandy,0,0
47.07,18.69,53.38,0,initial,loamy,0,0
48.84,16.95,45.49,4.18,initial,clay,7.47,0
37.83,27.84,86.84,4.74,late,sandy,16.89,0
71.23,17.36,66.64,3.67,development,clay,10.87,0
28.52,12.77,87.68,4.07,initial,loamy,0.43,0
25.7,18.6,44.4,3.46,mid_season,sandy,11.09,0
58.07,18.05,52.84,3.58,development,loamy,16.61,0
93.48,14.78,62.62,0,development,clay,0,0
16.26,27.46,85.1,3.83,development,loamy,12.94,0
68.43,15.8,66.92,2.85,development,sandy,5.62,0
62.23,26.98,66.09,0,late,loamy,0,0
61.46,21.93,54.29,4.12,initial,clay,21.55,0
61.44,13.96,52.93,3.11,development,clay,5.88,0
53.71,18.48,71.67,2.36,initial,clay,7.04,0
66.89,22.21,43.52,4.32,mid_season,sandy,7.16,0
60.94,28.59,82.29,0,development,loamy,0,0
53.23,24.37,60.26,3.99,development,clay,3.36,0
41.14,23.14,45.33,3.54,mid_season,loamy,12.84,0
18.47,14.68,50.98,3.18,mid_season,loamy,9.94,0
42.74,18.95,64.94,4.94,mid_season,loamy,4.03,0
76.39,18.42,54.5,4.87,mid_season,sandy,19.93,0
60.58,19.44,53.97,3.79,initial,clay,3.44,0
38.16,20.46,55.61,3.44,late,sandy,17.83,0
61.1,27.06,79.06,3.27,late,clay,4.14,0
57.99,14.48,47.4,2.83,late,clay,22.76,0
70.91,22.4,72.52,4.12,mid_season,clay,17.5,0
60.18,29.53,87.84,4.23,mid_season,sandy,11.39,0
44.21,20.76,88.84,2.54,mid_season,sandy,10.07,0
82.12,22.36,87.96,3.07,mid_season,loamy,13.13,0
43.92,27.45,78.15,3.94,development,loamy,10.62,0
61.13,26.56,73.02,0.53,late,clay,4.02,0
56.82,18.47,60.51,2.92,development,loamy,12.4,0
37.99,27.93,54.38,6.93,mid_season,clay,5.73,0
46.12,16.12,77.36,5.24,initial,clay,11.78,0
44.71,23.84,74.82,5.21,mid_season,clay,9.67,0
56.76,28.33,64.57,4.9,mid_season,clay,15.51,0
68.98,12.0,50.29,7.11,mid_season,sandy,2.05,0
77.69,15.03,49.52,6.38,late,sandy,1.15,0
41.92,12.59,88.87,3.25,late,sandy,14.17,0
28.99,29.26,87.81,1.47,development,loamy,3.96,0
27.92,23.54,65.21,4.21,mid_season,loamy,5.1,0
45.69,23.44,54.25,3.15,initial,sandy,7.29,0
86.62,15.16,52.05,3.57,development,loamy,18.94,0
52.21,20.21,47.77,5.54,initial,loamy,6.79,0
55.49,13.19,40.56,3.51,late,loamy,10.99,0
83.72,17.23,75.26,4.32,mid_season,sandy,5.98,0
94.59,25.27,65.68,2.04,development,clay,8.79,0
71.08,22.78,71.35,0,mid_season,sandy,0,0
52.3,25.49,69.61,4.96,development,loamy,14.56,0
44.85,13.39,68.53,4.32,initial,loamy,8.99,0
41.51,28.13,83.92,4.19,initial,sandy,6.0,0
43.64,21.98,44.63,2.63,development,loamy,11.7,0
41.12,18.3,80.78,4.53,development,clay,8.47,0
28.75,17.18,69.44,3.71,mid_season,sandy,12.25,0
61.2,22.62,68.32,3.18,initial,clay,0.49,0
78.61,19.73,72.7,4.95,development,loamy,8.33,0
42.07,15.94,45.91,0,late,loamy,0,1
71.84,24.31,44.39,4.39,development,loamy,8.47,0
89.64,14.42,86.49,3.11,late,clay,4.47,0
57.39,26.12,76.43,4.87,development,loamy,14.86,0
41.83,22.25,72.71,4.01,late,clay,8.8,0
52.63,18.34,87.95,2.68,mid_season,loamy,15.38,0
63.18,13.6,86.61,3.44,late,loamy,14.28,0
51.45,14.28,53.39,6.07,development,loamy,2.86,0
54.81,27.61,50.04,3.84,initial,sandy,3.18,0
51.36,29.89,46.65,3.71,mid_season,loamy,12.75,0
35.11,23.91,49.23,3.01,mid_season,sandy,12.31,0
60.01,18.67,72.08,3.43,development,loamy,3.04,0
42.91,16.12,61.65,4.05,late,sandy,14.88,0
68.22,21.43,72.32,4.14,late,loamy,4.47,0
38.5,18.12,55.04,4.66,mid_season,sandy,9.02,0
70.38,18.81,74.35,3.86,late,clay,8.61,0
20.17,24.56,68.88,4.15,mid_season,sandy,16.57,0
21.72,12.5,77.8,2.78,late,sandy,5.15,0
64.93,14.37,70.72,3.55,late,loamy,1.5,0
42.0,13.7,58.86,0,initial,loamy,0,0
56.36,21.36,58.8,2.81,initial,loamy,1.43,0
65.0,18.78,43.83,3.79,development,clay,20.89,0
49.97,15.0,82.7,3.59,mid_season,sandy,12.1,0
35.72,15.94,50.69,4.92,development,loamy,12.17,0
55.94,18.72,77.04,0,development,sandy,0,1
57.65,29.44,72.92,4.0,initial,loamy,0.58,0
45.2,22.17,76.66,4.66,late,sandy,8.86,0
44.6,13.88,85.21,5.82,mid_season,clay,22.15,0
49.7,28.95,78.38,6.63,development,clay,12.35,0
16.65,24.1,65.91,0,late,clay,0,1
82.98,27.71,78.47,0,mid_season,sandy,0,0
53.0,14.31,55.22,3.92,mid_season,clay,16.29,0
41.42,29.15,81.75,4.83,mid_season,sandy,9.35,0
81.8,23.63,51.32,3.81,mid_season,sandy,10.68,0
68.9,29.52,89.38,3.92,late,sandy,12.58,0
70.52,23.82,70.31,3.16,initial,loamy,6.7,0
39.89,14.89,51.89,0,initial,loamy,0,0
67.65,29.95,68.11,3.49,initial,loamy,20.4,0
79.01,19.5,71.43,0,initial,loamy,0,0
39.7,28.36,40.29,3.91,development,sandy,4.08,0
37.48,12.41,59.3,4.64,late,clay,19.95,0
50.75,16.93,72.29,4.07,late,clay,2.46,0
36.7,17.0,64.53,0,initial,clay,0,0
27.78,29.22,49.44,3.06,initial,loamy,10.05,0
38.5,12.19,64.34,4.43,mid_season,loamy,10.32,0
12.81,16.76,81.22,6.31,mid_season,clay,16.94,0
34.05,24.11,67.85,3.24,development,loamy,1.82,0
51.08,15.72,42.12,4.68,development,sandy,8.57,0
49.27,20.08,53.02,4.55,mid_season,clay,14.1,0
44.42,18.01,58.51,4.21,mid_season,clay,5.4,0
25.37,13.53,88.73,4.65,mid_season,sandy,12.19,0
22.56,18.9,80.54,5.03,initial,loamy,18.8,0
85.76,15.84,55.96,4.84,late,sandy,3.82,0
68.51,26.64,73.08,0,development,sandy,0,0
43.34,25.52,42.24,6.03,late,clay,21.86,0
65.7,15.61,60.32,3.66,development,sandy,16.53,0
69.24,13.4,40.67,2.33,late,clay,13.41,0
77.28,12.43,63.58,3.82,late,clay,7.27,0
34.21,19.23,70.67,4.11,late,loamy,19.27,0
59.45,22.58,54.61,3.66,initial,clay,1.84,0
60.18,20.15,55.6,5.58,late,sandy,9.34,0
37.29,26.72,89.72,5.88,initial,sandy,4.53,0
29.09,22.72,88.38,0,development,loamy,0,1
63.67,23.42,54.2,0,late,sandy,0,0
53.34,12.45,71.95,4.58,mid_season,sandy,4.49,0
49.2,15.03,55.36,0,initial,clay,0,0
53.3,16.38,61.18,4.11,mid_season,loamy,18.85,0
39.17,16.0,76.99,4.7,mid_season,sandy,0.64,0
58.16,25.92,48.58,4.02,late,sandy,6.63,0
65.78,18.56,55.23,2.18,initial,loamy,10.6,0
36.47,12.21,56.36,2.3,development,loamy,8.53,0
33.41,20.61,66.08,5.0,late,loamy,10.09,0
84.06,23.83,56.28,2.8,development,loamy,13.22,0
42.56,22.55,46.97,2.73,late,sandy,18.93,0
53.89,21.4,58.41,4.92,development,clay,12.66,0
73.01,18.0,61.26,0,initial,clay,0,0
59.86,27.55,54.91,0,development,clay,0,0
78.84,21.09,56.76,4.54,initial,clay,7.2,0
28.54,19.0,75.19,5.17,initial,clay,20.33,0
78.96,18.44,89.69,0,development,sandy,0,0
53.79,25.49,82.53,3.21,development,loamy,14.17,0
89.92,15.38,40.4,6.67,development,loamy,10.33,0
39.1,12.04,57.68,4.89,late,sandy,14.85,0
46.12,15.07,46.22,3.0,development,loamy,6.58,0
46.23,28.89,54.86,2.81,late,sandy,6.39,0
71.48,23.19,83.5,2.91,late,clay,12.61,0
29.74,14.26,80.93,3.04,late,loamy,9.89,0
70.04,17.24,48.27,3.23,mid_season,clay,18.05,0
65.52,24.74,70.56,5.85,development,clay,25.28,0
41.4,23.54,48.71,0,initial,sandy,0,0
81.18,21.91,63.88,6.31,late,clay,21.38,0
32.83,17.26,81.15,3.21,late,sandy,12.4,0
76.0,23.73,41.23,4.26,development,sandy,19.16,0
52.9,15.21,64.61,6.04,development,sandy,13.26,0
52.87,23.45,87.99,5.28,mid_season,loamy,12.7,0
47.58,28.72,44.79,4.98,development,clay,18.96,0
57.07,19.59,77.5,0,initial,sandy,0,0
60.45,26.32,66.49,4.21,development,sandy,9.33,0
32.64,24.49,43.78,5.19,initial,sandy,3.7,0
26.24,23.82,80.81,3.7,mid_season,sandy,9.46,0
37.62,28.74,43.48,4.54,late,loamy,6.25,0
54.6,24.76,89.13,4.96,mid_season,loamy,11.89,0
73.1,21.73,67.51,2.9,development,loamy,21.87,0
30.18,20.91,72.52,3.95,initial,loamy,5.02,0
64.9,14.6,40.83,2.81,development,clay,15.19,0
30.08,16.98,86.78,3.73,mid_season,loamy,9.96,0
76.0,28.79,59.63,4.74,development,loamy,16.23,0
57.26,19.91,63.08,5.04,development,sandy,17.48,0
51.28,20.76,67.75,2.23,mid_season,clay,18.85,0
94.65,29.87,65.93,4.19,mid_season,clay,0.36,0
63.72,27.55,56.81,0,initial,clay,0,0
40.24,20.52,60.71,3.9,late,loamy,19.55,0
95,21.91,61.79,2.59,late,loamy,6.68,0
58.24,17.38,41.3,4.79,development,loamy,8.13,0
90.51,25.27,44.5,3.46,initial,loamy,6.05,0
52.3,29.86,43.06,0,initial,loamy,0,0
57.81,17.78,67.39,2.88,mid_season,clay,19.26,0
61.8,28.99,67.43,6.21,late,loamy,0.59,0
41.63,28.95,56.97,3.12,late,clay,10.88,0
49.59,25.39,75.49,0,mid_season,sandy,0,1
48.53,13.08,72.31,3.86,mid_season,clay,7.69,0
55.47,18.24,71.73,4.88,development,sandy,7.03,0
54.3,17.81,73.35,4.29,development,loamy,13.23,0
52.47,12.54,82.47,1.53,late,loamy,7.79,0
30.62,29.52,87.09,2.7,late,loamy,28.68,0
47.17,23.5,73.65,4.04,mid_season,sandy,12.88,0
60.58,24.9,86.18,2.97,development,loamy,14.88,0
28.54,13.92,81.94,3.17,development,clay,3.36,0
48.1,28.8,62.86,4.32,mid_season,clay,30.7,0
86.0,20.97,41.1,3.62,late,clay,5.38,0
73.3,12.38,46.5,0,initial,loamy,0,0
65.7,29.24,76.94,2.8,mid_season,clay,17.09,0
50.42,22.89,82.05,6.17,development,clay,10.66,0
60.06,19.46,58.07,0,development,sandy,0,0
54.4,27.09,81.58,2.81,late,loamy,11.8,0
52.81,17.08,69.71,4.84,development,sandy,6.5,0
68.1,14.74,77.92,3.79,initial,clay,10.33,0
47.63,28.8,51.45,3.93,late,sandy,10.91,0
43.59,22.76,57.62,0,initial,clay,0,0
77.42,18.79,45.59,2.08,late,loamy,3.44,0
56.83,18.84,49.84,4.38,mid_season,clay,8.19,0
61.27,25.18,76.25,2.73,mid_season,clay,12.04,0
22.75,28.99,60.12,4.43,development,clay,10.78,0
37.35,22.99,54.74,2.64,development,clay,0.77,0
59.98,16.51,55.8,3.75,development,clay,20.41,0
64.22,24.28,44.32,4.03,late,loamy,19.44,0
52.96,22.89,45.37,5.17,initial,loamy,1.33,0
75.57,26.99,82.09,2.35,mid_season,clay,21.12,0
60.94,27.51,58.81,4.48,late,loamy,7.16,0
50.85,22.52,62.78,3.57,mid_season,sandy,12.4,0
85.94,24.92,59.85,3.65,development,loamy,3.89,0
54.24,29.83,78.03,3.97,mid_season,clay,13.02,0
59.57,20.14,61.65,3.64,late,clay,13.43,0
65.02,17.39,54.84,4.92,mid_season,loamy,17.82,0
84.27,23.74,55.62,2.2,development,clay,11.0,0
61.02,16.29,43.45,2.02,mid_season,sandy,3.12,0
62.78,28.68,45.56,0,late,loamy,0,0
52.73,29.63,80.97,4.93,development,clay,14.53,0
64.59,26.5,79.83,4.85,mid_season,clay,16.67,0
83.27,26.46,49.04,3.93,mid_season,loamy,21.96,0
63.51,13.86,68.4,4.33,late,clay,15.66,0
62.44,18.32,55.11,0,initial,loamy,0,0
45.35,26.81,66.96,2.06,late,clay,17.03,0
55.98,17.01,89.57,3.37,mid_season,sandy,13.86,0
88.42,20.06,55.18,4.66,mid_season,loamy,11.6,0
63.57,28.4,73.57,0,initial,clay,0,0
47.17,17.85,67.62,3.46,late,sandy,7.32,0
45.42,29.22,70.97,3.45,late,sandy,2.91,0
36.05,18.76,77.72,2.47,development,sandy,13.89,0
42.64,23.07,79.67,2.35,late,clay,25.19,0
56.96,18.46,69.13,4.4,mid_season,loamy,3.18,0
50.24,26.39,80.84,2.88,mid_season,clay,7.07,0
66.13,27.39,82.48,3.04,mid_season,sandy,5.55,0
36.54,27.97,75.65,3.53,mid_season,loamy,8.44,0
43.83,14.5,53.23,3.29,mid_season,loamy,17.63,0
73.3,23.94,48.58,3.89,initial,clay,6.23,0
49.92,16.19,64.25,0,development,sandy,0,1
87.29,18.78,45.21,4.38,late,clay,10.26,0
61.0,15.11,77.82,0,initial,sandy,0,0
65.85,21.3,84.3,5.06,late,clay,6.7,0
43.35,28.89,65.75,0,initial,loamy,0,0
78.06,14.2,65.18,5.24,late,sandy,5.08,0
67.44,17.31,48.61,2.1,mid_season,clay,14.53,0
68.97,19.9,89.65,2.57,late,sandy,8.61,0
72.15,14.36,52.83,5.56,development,clay,15.46,0
52.5,18.5,72.99,3.45,late,clay,10.78,0
50.6,25.76,40.9,6.07,mid_season,clay,13.99,0
57.5,23.74,42.35,3.51,mid_season,clay,12.14,0
70.49,19.68,61.2,0,mid_season,sandy,0,0
46.94,21.56,82.41,4.44,mid_season,sandy,16.2,0
67.64,27.2,54.95,3.19,mid_season,clay,22.01,0
86.05,21.75,79.7,0,late,loamy,0,0
38.04,17.39,76.57,4.99,development,sandy,9.49,0
90.44,12.72,67.83,0,late,loamy,0,0
67.83,21.52,71.46,2.42,initial,sandy,5.91,0
30.4,19.38,53.25,4.26,late,clay,9.65,0
88.16,21.23,88.1,4.15,mid_season,loamy,9.53,0
47.07,14.15,66.72,6.24,initial,sandy,11.76,0
50.03,13.35,46.03,5.91,development,clay,7.23,0
29.72,20.31,67.24,0,initial,clay,0,0
42.99,15.15,54.98,3.42,development,sandy,4.59,0
19.16,22.84,66.78,4.72,development,sandy,18.36,0
62.74,14.77,83.31,3.64,late,loamy,1.58,0
73.53,29.65,55.55,2.23,late,sandy,10.0,0
48.31,25.84,80.42,3.25,mid_season,clay,24.61,0
21.86,14.6,43.09,3.45,development,sandy,9.95,0
29.58,29.21,68.61,4.62,mid_season,clay,9.53,0
44.36,17.52,60.35,4.96,late,clay,14.51,0
56.31,28.88,83.49,4.33,development,clay,7.3,0
68.07,13.73,64.32,3.8,mid_season,loamy,13.25,0
71.03,16.21,85.24,6.46,initial,clay,0.41,0
49.15,19.56,62.08,4.38,development,sandy,14.5,0
73.62,15.88,41.81,6.5,mid_season,loamy,13.63,0
60.86,28.29,72.08,2.81,late,clay,16.64,0
94.26,24.34,66.21,4.74,mid_season,clay,8.38,0
75.64,29.63,54.79,3.49,development,clay,8.27,0
49.07,22.49,46.97,0,late,loamy,0,1
63.99,26.26,52.24,3.02,mid_season,clay,12.06,0
69.34,21.82,85.9,3.36,development,loamy,8.43,0
68.96,28.72,80.51,5.21,initial,sandy,7.9,0
24.18,13.83,70.44,3.56,initial,sandy,2.69,0
43.87,23.54,80.18,3.96,development,clay,11.14,0
41.95,13.42,49.01,3.35,late,sandy,5.21,0
34.71,21.43,88.16,3.74,mid_season,sandy,1.02,0
47.5,27.65,57.17,4.35,late,clay,5.5,0
33.33,12.41,72.03,0,initial,sandy,0,0
79.27,19.44,84.41,3.43,mid_season,clay,22.69,0
34.14,15.1,53.85,4.34,development,sandy,3.01,0
43.13,14.1,47.39,0,initial,sandy,0,0
55.85,13.11,42.33,4.63,late,sandy,6.55,0
51.24,20.69,61.38,3.92,late,sandy,11.25,0
84.0,27.06,82.14,3.14,initial,sandy,7.24,0
71.99,24.39,66.41,2.89,development,sandy,3.37,0
86.05,12.8,66.92,3.06,late,sandy,8.44,0
41.93,29.31,52.72,3.69,mid_season,sandy,10.78,0
5,20.63,84.2,4.72,mid_season,sandy,7.17,0
44.69,17.21,86.04,4.6,development,sandy,7.4,0
52.92,25.93,54.63,5.58,late,sandy,5.73,0
45.11,17.55,66.08,4.44,mid_season,clay,16.98,0
28.8,22.84,88.29,2.7,mid_season,sandy,21.21,0
44.96,20.15,48.34,4.53,initial,sandy,10.71,0
67.13,26.35,82.83,5.36,late,clay,17.87,0
58.68,17.29,75.36,4.98,mid_season,loamy,14.34,0
52.74,26.54,60.47,2.82,late,loamy,4.15,0
37.76,29.94,81.2,4.84,development,loamy,10.54,0
54.29,22.66,54.98,4.63,mid_season,clay,15.91,0
56.41,14.43,46.35,0,initial,sandy,0,0
51.08,15.52,88.66,0,mid_season,loamy,0,1
38.66,23.54,76.14,5.93,initial,sandy,6.77,0
61.58,15.35,89.74,0,initial,clay,0,0
95,12.92,58.81,4.3,initial,loamy,1.14,0
66.93,21.25,87.68,5.14,development,clay,13.42,0
73.83,20.8,43.37,3.36,development,loamy,8.95,0
56.0,26.19,45.05,4.63,late,loamy,15.47,0
76.77,25.25,41.59,2.54,late,clay,17.36,0
79.63,19.81,70.43,2.28,late,clay,4.03,0
75.63,21.97,72.74,3.18,mid_season,loamy,9.62,0
61.69,24.36,64.3,4.77,initial,sandy,2.96,0
73.7,17.99,62.1,0,late,clay,0,0
36.75,29.72,86.07,0,late,clay,0,1
48.8,13.59,87.16,0,mid_season,loamy,0,1
74.23,28.37,84.2,3.92,initial,loamy,12.7,0
44.8,26.14,82.98,2.86,mid_season,clay,22.95,0
48.19,18.43,77.36,4.65,late,clay,14.02,0
40.86,16.05,86.59,4.12,development,clay,3.84,0
51.72,23.56,81.01,1.12,initial,sandy,0.76,0
43.64,29.83,58.73,7.17,mid_season,sandy,8.17,0
62.59,17.27,83.57,5.76,late,clay,3.16,0
64.23,16.44,78.53,5.72,development,sandy,4.78,0
72.48,25.52,58.04,0,initial,clay,0,0
56.72,20.52,78.3,4.15,initial,sandy,9.55,0
44.41,23.31,63.05,4.45,initial,sandy,2.36,0
45.48,15.84,55.72,5.23,mid_season,loamy,8.0,0
34.38,23.34,87.63,3.17,late,loamy,6.27,0
58.37,14.17,70.98,0,development,sandy,0,1
66.91,29.93,84.0,4.95,mid_season,sandy,22.96,0
33.19,28.27,56.8,4.46,initial,loamy,7.95,0
56.09,29.1,82.03,3.69,development,loamy,3.27,0
52.61,29.04,49.74,3.73,mid_season,loamy,19.92,0
68.42,19.45,73.78,3.22,development,clay,4.14,0
61.26,12.23,53.1,4.61,initial,sandy,0.71,0
69.88,28.39,88.9,1.81,mid_season,loamy,2.79,0
65.92,18.98,68.18,2.61,mid_season,sandy,12.31,0
58.72,22.02,78.58,1.91,development,loamy,3.47,0
44.44,27.73,42.05,4.69,initial,sandy,4.85,0
36.8,26.46,87.17,3.45,mid_season,sandy,7.42,0
20.58,25.03,89.43,3.22,mid_season,clay,23.75,0
42.92,15.47,46.64,3.5,initial,sandy,1.78,0
72.48,22.42,45.85,4.18,initial,clay,9.18,0
84.28,12.91,50.28,2.66,mid_season,sandy,3.63,0
49.82,23.3,70.62,5.29,development,loamy,9.72,0
84.67,25.23,55.4,4.86,mid_season,loamy,18.94,0
44.95,22.19,58.58,3.39,late,loamy,12.97,0
60.67,16.54,55.2,0,development,loamy,0,0
48.69,27.37,46.37,3.01,late,sandy,6.27,0
44.96,22.57,80.84,4.62,mid_season,loamy,3.58,0
42.38,12.7,48.72,0,initial,loamy,0,0
44.44,14.89,69.21,3.62,development,clay,2.31,0
75.35,23.32,78.8,3.01,initial,clay,12.23,0
52.05,16.31,43.4,3.06,late,clay,9.36,0
35.67,24.18,60.67,4.81,mid_season,clay,20.24,0
74.28,25.98,53.89,3.98,development,clay,12.42,0
53.08,15.11,47.85,4.53,initial,clay,2.7,0
60.51,12.78,47.38,4.33,late,clay,7.45,0
78.53,29.95,56.73,4.93,initial,sandy,7.99,0
28.0,22.75,66.33,3.15,development,loamy,0.48,0
64.33,16.24,81.84,5.03,late,sandy,5.74,0
13.91,23.87,41.76,2.79,late,loamy,21.28,0
71.54,28.22,55.7,3.78,late,clay,9.64,0
92.48,29.06,41.72,4.66,development,loamy,1.7,0
72.32,27.75,47.28,4.03,late,sandy,9.57,0
67.78,15.35,88.43,2.17,mid_season,loamy,19.65,0
35.19,24.01,58.89,4.34,initial,sandy,5.7,0
31.91,14.79,62.38,4.02,development,sandy,4.08,0
66.06,21.73,43.92,5.06,initial,clay,6.69,0
45.32,15.58,51.21,4.71,late,clay,10.38,0
27.23,29.12,40.8,2.34,mid_season,sandy,5.02,0
31.13,12.6,68.9,4.66,development,sandy,5.51,0
80.02,25.85,56.79,4.93,late,sandy,10.78,0
70.37,21.77,50.07,4.19,mid_season,loamy,20.34,0
80.89,22.44,54.37,3.34,late,sandy,1.33,0
16.03,28.19,44.09,5.22,development,loamy,14.92,0
66.38,15.88,55.51,0,initial,sandy,0,0
60.2,23.76,78.43,0,initial,clay,0,0
90.66,23.97,59.21,0,mid_season,clay,0,0
44.72,26.73,43.8,5.64,initial,loamy,5.06,0
38.23,28.67,58.37,2.9,mid_season,loamy,12.9,0
62.82,20.04,72.98,3.45,late,sandy,16.96,0
91.48,20.06,59.07,0,development,sandy,0,0
72.12,18.0,44.42,4.56,development,loamy,5.97,0
65.26,18.58,61.22,5.48,initial,clay,6.46,0
59.55,29.39,40.48,5.98,mid_season,clay,11.93,0
71.0,16.07,72.24,3.03,development,loamy,14.79,0
40.24,26.01,62.38,4.37,development,sandy,8.05,0
75.82,27.71,59.47,5.07,late,sandy,4.46,0
83.46,15.04,61.68,0,late,loamy,0,0
43.26,14.37,47.82,2.93,mid_season,clay,9.77,0
62.79,27.13,88.65,2.75,development,sandy,4.56,0
71.11,29.13,81.12,5.14,late,sandy,3.81,0
67.22,12.14,52.53,2.5,development,loamy,11.53,0
67.45,21.12,68.49,4.03,late,sandy,7.09,0
29.91,24.32,61.09,0,mid_season,sandy,0,1
60.81,18.16,56.38,4.18,mid_season,loamy,1.54,0
75.58,14.84,49.68,0,late,sandy,0,0
83.05,24.66,81.7,0,initial,loamy,0,0
69.39,27.04,58.69,3.77,development,clay,5.09,0
78.9,20.13,89.17,4.59,mid_season,sandy,13.53,0
47.42,21.83,88.56,2.98,initial,sandy,6.8,0
56.46,15.93,75.59,4.44,late,loamy,17.41,0
41.87,13.72,51.53,5.18,mid_season,loamy,15.46,0
40.82,19.18,50.81,4.01,development,clay,8.74,0
79.02,19.23,59.21,3.37,mid_season,loamy,5.47,0
74.65,16.24,76.76,3.53,late,loamy,16.95,0
67.3,12.95,61.85,4.35,mid_season,clay,15.8,0
29.72,12.07,44.72,5.18,development,clay,8.12,0
40.57,16.49,61.68,4.48,initial,clay,19.21,0
65.88,26.52,75.64,2.98,development,sandy,7.74,0
46.98,22.23,66.57,3.95,mid_season,sandy,19.24,0
84.41,16.59,57.47,0,late,sandy,0,0
78.64,13.63,71.19,4.73,initial,clay,3.12,0
34.35,25.57,52.54,0,late,clay,0,1
63.86,25.9,75.57,2.22,late,clay,20.13,0
66.0,27.54,83.33,2.6,development,clay,14.62,0
52.87,15.62,88.11,0,development,sandy,0,0
41.46,14.78,84.87,4.26,development,loamy,2.68,0
74.74,25.8,50.75,3.57,initial,clay,6.3,0
54.83,13.77,76.86,3.79,initial,loamy,5.33,0
60.73,17.85,71.84,4.87,development,loamy,21.06,0
77.07,22.44,44.94,3.66,mid_season,loamy,19.55,0
22.2,15.18,88.81,2.97,initial,loamy,12.08,0
47.61,25.22,40.06,3.51,mid_season,loamy,5.32,0
44.98,13.45,41.96,2.55,mid_season,loamy,7.65,0
68.76,15.96,51.24,6.03,initial,clay,7.3,0
79.64,12.3,76.84,0,development,loamy,0,0
49.4,26.72,43.47,4.78,development,clay,1.44,0
80.58,22.47,50.96,5.34,late,loamy,8.39,0
25.06,25.99,73.76,0,initial,loamy,0,0
64.89,25.28,77.45,2.82,mid_season,clay,12.29,0
84.12,25.32,87.79,3.79,mid_season,clay,0.89,0
21.39,12.75,58.44,0,initial,clay,0,0
82.09,27.49,78.34,0,development,loamy,0,0
84.59,16.14,70.75,4.72,mid_season,sandy,6.2,0
60.49,23.97,66.75,0,development,sandy,0,0
35.46,16.62,85.93,4.1,development,loamy,14.36,0
53.29,20.79,57.56,1.05,initial,clay,18.46,0
57.66,23.41,51.55,4.1,late,loamy,7.53,0
52.83,25.31,79.59,6.42,mid_season,sandy,17.14,0
51.8,24.31,56.83,4.12,development,sandy,15.86,0
45.14,16.41,76.55,5.75,mid_season,loamy,17.36,0
52.15,13.2,42.28,3.96,initial,loamy,6.49,0
56.6,15.65,70.55,5.24,late,loamy,8.96,0
17.86,23.33,87.52,0,mid_season,sandy,0,1
64.67,21.41,78.04,4.75,initial,loamy,17.96,0
54.07,14.34,76.31,3.89,development,loamy,2.47,0
59.67,18.19,65.89,7.0,late,sandy,2.64,0
46.11,22.41,44.49,0,initial,loamy,0,0
62.32,17.54,67.62,0,development,loamy,0,0
40.5,28.33,49.15,2.3,mid_season,loamy,15.73,0
41.95,15.69,64.1,6.02,development,loamy,6.21,0
12.95,17.04,64.31,3.96,initial,sandy,1.03,0
50.1,20.42,82.22,3.41,mid_season,loamy,15.12,0
72.72,27.32,77.3,3.01,mid_season,clay,19.11,0
95,19.33,46.12,3.41,late,clay,9.28,0
40.9,14.58,46.52,3.37,mid_season,clay,13.07,0
38.76,19.18,49.88,4.82,mid_season,clay,15.16,0
51.0,20.89,63.41,4.07,late,sandy,1.93,0
41.33,29.2,67.51,2.0,initial,loamy,9.47,0
63.54,22.18,63.78,3.49,development,sandy,5.72,0
77.73,19.58,74.42,3.33,initial,loamy,6.73,0
72.34,15.63,68.23,5.08,initial,loamy,4.16,0
46.47,15.43,56.87,3.74,late,clay,9.63,0
77.58,29.07,81.75,5.99,late,clay,8.34,0
20.2,20.51,85.11,0,initial,clay,0,0
59.02,18.83,80.99,5.36,initial,clay,8.48,0
35.39,26.61,59.9,0,initial,sandy,0,0
95,16.02,56.51,6.76,mid_season,clay,20.16,0
71.38,20.77,59.54,3.62,development,clay,21.17,0
35.37,18.17,75.25,5.33,initial,clay,11.39,0
70.56,17.84,73.02,4.69,development,sandy,7.74,0
42.98,14.63,46.39,4.87,development,loamy,6.56,0
73.85,12.48,84.55,0,late,clay,0,0
55.15,27.56,71.74,6.16,mid_season,loamy,3.46,0
56.22,15.88,68.41,4.4,mid_season,loamy,16.79,0
62.6,23.89,48.41,3.19,initial,loamy,15.17,0
21.78,25.98,45.41,0,initial,clay,0,0
65.15,27.53,68.74,4.59,late,clay,19.57,0
62.82,21.35,73.92,3.96,initial,clay,3.86,0
65.35,29.43,87.09,2.9,development,sandy,15.36,0
79.48,21.23,84.65,2.77,mid_season,clay,17.92,0
85.41,23.69,81.26,4.59,mid_season,sandy,14.02,0
87.23,23.88,74.96,2.8,initial,sandy,9.09,0
47.11,25.67,78.73,6.38,initial,sandy,13.12,0
54.72,13.21,89.36,3.74,mid_season,loamy,6.28,0
94.98,24.55,79.68,6.29,development,clay,16.11,0
46.71,27.74,88.21,4.29,initial,clay,13.32,0
55.09,25.76,46.01,3.7,mid_season,loamy,13.71,0
38.27,23.09,42.38,3.78,development,sandy,4.62,0
59.99,29.28,53.55,4.19,late,clay,17.88,0
23.92,25.84,62.27,2.89,late,sandy,13.58,0
22.78,20.82,75.53,2.85,mid_season,clay,23.85,0
62.07,29.17,79.48,5.91,development,sandy,4.8,0
67.3,21.01,89.39,6.12,initial,loamy,1.99,0
57.92,25.17,65.7,0,initial,loamy,0,0
30.31,24.92,84.65,2.74,development,clay,4.85,0
58.25,12.43,80.38,0,late,loamy,0,0
10.82,13.87,63.64,1.5,mid_season,loamy,14.88,0
61.66,25.43,87.32,4.27,late,loamy,16.91,0
39.02,23.01,44.08,2.77,mid_season,loamy,20.75,0
62.42,15.84,74.34,0,mid_season,loamy,0,0
31.97,28.26,55.49,5.09,mid_season,clay,0.31,0
57.19,24.05,73.72,4.31,development,clay,10.33,0
66.41,22.98,76.14,4.62,development,clay,10.87,0
45.0,18.26,85.83,1.4,mid_season,clay,15.9,0
59.89,16.51,55.75,5.4,late,sandy,12.98,0
52.63,17.32,63.04,1.67,development,sandy,17.06,0
78.33,22.62,55.31,4.39,mid_season,sandy,15.13,0
28.3,22.88,88.47,5.51,mid_season,clay,8.36,0
67.18,12.34,74.98,3.08,late,sandy,2.33,0
60.04,19.29,45.97,1.64,initial,clay,1.48,0
62.31,26.05,70.48,3.89,development,clay,10.04,0
64.16,13.07,44.93,4.04,initial,sandy,4.72,0
49.37,26.17,67.12,4.31,mid_season,sandy,4.61,0
66.56,27.37,76.94,4.92,initial,sandy,10.19,0
30.03,23.82,85.33,3.6,development,clay,16.38,0
31.31,17.67,88.56,4.64,development,sandy,6.53,0
77.11,23.83,41.02,4.79,mid_season,loamy,14.74,0
35.36,19.8,88.26,2.21,late,sandy,5.01,0
36.69,14.81,87.81,0,initial,loamy,0,0
49.31,22.41,69.55,3.54,late,loamy,18.66,0
39.87,16.3,62.97,5.02,development,sandy,2.23,0
52.46,18.36,86.51,3.41,late,clay,22.39,0
53.15,28.52,64.2,3.31,late,sandy,17.0,0
54.29,25.22,59.17,3.65,mid_season,loamy,16.99,0
62.96,27.47,62.51,3.75,mid_season,sandy,11.12,0
45.74,14.64,42.0,4.44,late,clay,3.31,0
53.02,28.07,83.62,3.47,development,clay,11.61,0
55.62,14.25,43.94,0,late,sandy,0,1
53.26,18.26,74.45,5.13,mid_season,loamy,3.76,0
49.34,27.74,86.15,4.86,initial,sandy,12.08,0
25.23,14.96,61.34,4.03,late,clay,14.3,0
55.38,14.83,40.02,4.96,mid_season,sandy,16.67,0
5,13.41,86.64,4.88,initial,clay,8.11,0
68.08,26.18,54.28,6.12,development,sandy,5.88,0
94.74,12.59,56.32,5.19,development,sandy,11.31,0
59.1,21.93,88.65,0.2,mid_season,sandy,7.42,0
88.94,19.26,70.35,6.09,initial,clay,16.31,0
33.58,19.74,75.37,3.85,late,loamy,1.36,0
54.97,28.78,74.57,0,initial,clay,0,0
50.03,19.12,66.77,4.87,initial,sandy,7.56,0
51.98,15.71,85.91,2.95,late,clay,16.41,0
31.61,15.9,84.24,3.51,development,loamy,6.23,0
54.94,27.22,66.66,0,initial,clay,0,0
51.94,28.47,49.12,3.54,initial,loamy,15.33,0
41.31,25.75,68.01,0,late,clay,0,1
14.47,22.32,88.01,0,development,sandy,0,1
31.45,28.38,73.33,4.38,development,sandy,7.95,0
29.39,13.44,75.98,3.5,mid_season,clay,12.22,0
45.35,19.53,83.01,3.41,initial,loamy,3.32,0
37.51,21.89,42.47,4.06,initial,sandy,7.5,0
65.2,21.62,84.78,3.97,late,loamy,11.91,0
64.54,27.82,61.88,6.63,mid_season,sandy,16.87,0
42.85,21.51,43.5,0,initial,sandy,0,0
56.73,16.77,68.8,4.97,late,sandy,9.73,0
85.56,17.05,62.18,3.88,initial,loamy,4.57,0
28.14,18.2,78.65,5.17,mid_season,loamy,16.76,0
78.57,20.7,77.95,3.67,initial,loamy,10.39,0
45.94,27.47,85.7,3.79,mid_season,sandy,9.75,0
42.89,25.63,85.91,4.05,late,clay,15.28,0
29.39,19.59,57.83,5.07,late,clay,5.43,0
55.85,27.98,81.76,3.01,development,loamy,3.75,0
52.53,20.32,76.38,3.44,initial,loamy,6.78,0
51.43,28.08,88.91,2.79,late,loamy,13.95,0
51.15,21.56,56.46,0,initial,sandy,0,0
47.76,18.89,65.5,3.89,development,loamy,20.52,0
76.12,12.7,67.63,3.75,development,loamy,1.67,0
58.07,15.94,61.34,2.83,development,clay,17.95,0
79.5,14.04,86.89,3.46,mid_season,loamy,22.35,0
84.49,15.45,66.39,6.89,development,sandy,1.01,0
89.72,18.92,68.89,4.11,mid_season,sandy,14.35,0
84.12,13.35,44.94,4.77,mid_season,sandy,22.31,0
77.8,13.58,68.77,2.17,mid_season,loamy,9.67,0
58.84,16.52,78.51,3.66,late,clay,14.72,0
46.79,28.64,71.51,1.61,mid_season,sandy,11.55,0
47.55,23.37,78.27,5.7,initial,clay,11.42,0
71.73,16.36,74.2,4.03,mid_season,sandy,17.67,0
92.26,24.49,82.79,0,development,sandy,0,0
63.53,29.27,62.49,3.01,development,loamy,5.5,0
48.89,24.67,51.3,3.84,mid_season,clay,11.78,0
68.2,16.85,46.37,4.56,initial,sandy,0.19,0
52.17,28.32,56.43,3.45,development,sandy,10.5,0
50.75,22.95,84.68,0,initial,loamy,0,0
24.1,18.32,72.65,2.53,development,loamy,15.74,0
95,26.46,47.87,3.55,mid_season,sandy,13.49,0
58.9,24.15,80.21,5.42,mid_season,clay,11.57,0
51.17,16.81,59.05,4.41,mid_season,clay,9.01,0
48.13,14.02,74.1,0,development,sandy,0,1
80.14,15.17,69.52,4.36,mid_season,sandy,21.21,0
35.47,18.42,79.11,4.72,mid_season,sandy,1.75,0
55.29,24.36,88.05,3.96,late,sandy,15.31,0
68.6,18.15,73.39,3.34,mid_season,loamy,11.31,0
70.91,21.88,43.28,4.58,late,clay,9.73,0
64.34,29.44,50.27,3.98,initial,sandy,6.5,0
12.77,13.22,46.84,6.09,late,loamy,18.29,0
87.1,29.48,77.51,4.48,initial,clay,1.44,0
66.61,24.59,74.95,3.89,late,clay,13.28,0
61.18,21.13,50.54,3.29,mid_season,clay,15.38,0
33.12,24.23,54.85,1.68,initial,clay,9.94,0
31.13,23.19,77.42,2.54,late,loamy,10.14,0
82.64,19.72,42.91,3.47,development,clay,12.24,0
40.55,21.53,58.51,3.82,late,loamy,9.44,0
34.77,12.76,69.32,4.4,mid_season,clay,6.85,0
56.48,14.51,76.86,4.35,development,loamy,15.44,0
61.13,16.67,72.65,3.51,mid_season,clay,7.63,0
46.11,27.33,61.79,0,development,loamy,0,1
72.03,22.49,57.79,3.12,initial,sandy,20.02,0
52.02,16.32,48.78,3.25,late,sandy,14.42,0
63.08,15.5,43.02,3.04,mid_season,loamy,2.19,0
44.22,13.51,80.67,3.49,development,sandy,9.06,0
62.0,20.15,65.39,2.52,mid_season,clay,5.7,0
56.09,25.89,79.45,5.68,mid_season,clay,15.55,0
24.01,20.03,64.3,5.19,mid_season,loamy,4.65,0
67.28,16.59,84.59,7.18,late,clay,21.38,0
89.4,19.09,69.03,4.16,development,clay,4.16,0
43.74,27.25,77.25,2.51,late,sandy,17.56,0
32.55,25.7,82.93,5.42,development,clay,7.11,0
59.46,13.06,48.1,4.81,development,loamy,8.05,0
54.27,14.35,43.06,2.3,mid_season,loamy,10.31,0
77.19,25.66,59.24,0,late,clay,0,0
49.03,12.43,59.88,2.56,initial,clay,3.17,0
81.68,15.43,89.54,4.74,late,sandy,11.67,0
66.12,12.04,64.28,4.34,initial,sandy,4.87,0
61.77,20.71,63.1,4.45,late,loamy,5.51,0
56.62,26.58,41.4,3.62,initial,clay,5.31,0
43.68,23.6,45.45,6.84,initial,sandy,2.91,0
58.37,28.99,56.19,4.02,development,loamy,6.72,0
39.94,23.12,61.59,4.28,late,clay,22.26,0
40.0,16.95,43.72,5.21,mid_season,loamy,13.22,0
36.37,28.03,71.89,0,late,sandy,0,1
49.52,17.36,48.88,3.94,development,loamy,7.44,0
57.53,27.1,59.09,2.98,development,clay,4.33,0
37.77,23.87,63.41,3.14,late,sandy,4.19,0
60.96,24.99,46.46,4.98,development,clay,0.71,0
38.25,21.6,53.18,5.27,late,sandy,10.93,0
67.69,12.41,81.84,3.5,development,sandy,3.28,0
31.55,27.53,87.72,3.66,mid_season,clay,6.75,0
87.25,26.88,64.35,5.39,development,sandy,5.01,0
80.99,20.16,57.16,2.98,late,sandy,13.04,0
74.66,16.31,63.46,4.08,development,loamy,19.68,0
40.04,23.85,83.04,2.79,mid_season,clay,13.59,0
63.97,25.15,61.07,3.32,initial,loamy,15.01,0
57.01,22.74,79.34,4.03,initial,loamy,13.3,0
63.32,27.26,44.91,3.69,mid_season,clay,6.56,0
59.22,18.24,76.62,3.47,initial,clay,13.15,0
65.49,28.71,61.19,0,initial,clay,0,0
59.33,20.42,64.32,0,mid_season,sandy,0,1
31.09,25.29,72.44,3.7,late,clay,15.05,0
51.81,12.93,67.72,5.58,late,clay,1.2,0
56.57,18.04,59.0,2.01,development,loamy,11.26,0
40.51,17.91,44.19,5.39,mid_season,loamy,8.31,0
59.68,28.52,42.08,1.65,initial,clay,6.14,0
51.97,18.87,61.96,3.24,late,sandy,14.1,0
53.0,21.95,52.16,3.52,late,clay,22.06,0
17.95,18.72,40.02,1.24,mid_season,sandy,6.91,0
78.79,28.75,62.49,4.64,development,loamy,6.67,0
62.26,25.68,45.74,4.92,mid_season,sandy,14.81,0
56.19,19.11,65.21,4.96,development,sandy,11.59,0
42.95,18.13,83.72,3.88,development,loamy,11.76,0
55.14,21.07,83.18,3.88,late,loamy,12.78,0
57.02,12.77,82.32,3.14,late,loamy,16.76,0
55.35,19.51,86.49,5.67,development,clay,2.5,0
54.83,14.3,57.41,5.86,initial,sandy,9.33,0
57.97,28.97,59.17,3.35,mid_season,loamy,14.63,0
36.02,15.26,73.5,0,initial,sandy,0,0
41.68,15.01,45.44,0,late,clay,0,1
63.58,24.5,72.99,2.46,initial,clay,4.7,0
58.52,23.14,64.69,3.4,late,loamy,1.99,0
40.82,28.5,84.09,5.94,initial,clay,1.15,0
46.85,27.37,56.61,4.4,late,clay,7.69,0
62.77,22.07,45.58,4.23,mid_season,sandy,9.08,0
41.89,27.14,86.13,2.36,late,sandy,17.82,0
49.07,14.78,82.01,3.5,development,clay,15.41,0
34.46,21.32,72.23,0,initial,loamy,0,0
76.4,28.13,62.83,0,late,sandy,0,0
52.17,16.06,50.91,5.18,mid_season,clay,12.42,0
44.87,16.1,82.28,4.79,mid_season,sandy,11.38,0
35.82,26.98,86.67,6.21,late,sandy,2.97,0
38.08,15.01,60.25,3.6,late,sandy,15.91,0
47.35,28.64,73.03,4.94,mid_season,sandy,7.6,0
48.24,23.79,61.56,4.53,late,sandy,10.11,0
54.4,22.06,86.49,3.48,initial,loamy,7.96,0
59.32,13.97,40.32,0,late,sandy,0,1
33.45,16.68,81.2,0,initial,loamy,0,0
71.72,16.34,40.15,3.24,mid_season,loamy,4.08,0
55.18,15.33,71.88,5.24,development,sandy,12.54,0
95,20.08,51.48,0,initial,clay,0,0
48.66,15.83,78.93,3.31,development,loamy,18.43,0
68.56,13.36,85.06,4.78,initial,clay,9.37,0
23.52,26.35,73.41,3.01,mid_season,loamy,15.47,0
31.54,23.88,50.32,3.29,development,clay,15.81,0
46.94,12.65,85.81,5.65,initial,sandy,3.01,0
7.34,17.72,50.66,0,initial,clay,0,0
59.33,24.08,68.51,3.97,mid_season,sandy,0.87,0
53.45,19.42,73.08,5.15,mid_season,clay,12.23,0
73.25,25.13,81.46,3.9,development,clay,11.62,0
27.1,27.03,74.64,4.89,initial,clay,10.92,0
36.94,16.37,42.69,0,development,loamy,0,1
38.93,14.35,60.84,5.46,initial,clay,11.85,0
56.34,28.34,76.54,2.56,initial,clay,0.24,0
42.02,16.57,47.25,4.88,mid_season,sandy,0.9,0
65.06,22.9,84.88,3.82,mid_season,loamy,14.68,0
60.91,27.74,49.12,5.19,development,sandy,9.73,0
95,24.26,66.77,3.42,late,sandy,2.16,0
40.7,29.48,89.35,4.27,late,loamy,19.19,0
50.89,17.56,69.34,4.54,mid_season,loamy,11.07,0
72.41,29.15,62.12,4.95,development,loamy,16.39,0
78.79,27.16,43.07,3.86,initial,sandy,0.34,0
55.26,17.34,61.33,0,late,sandy,0,1
68.07,17.09,50.65,2.69,mid_season,sandy,6.95,0
44.21,13.92,82.08,4.64,initial,sandy,7.68,0
29.27,16.95,40.79,5.06,mid_season,loamy,8.45,0
21.58,13.85,46.75,4.07,late,sandy,2.83,0
47.67,25.57,66.43,3.46,late,sandy,16.65,0
69.52,21.7,80.14,2.92,late,clay,7.04,0
74.21,12.57,89.39,3.7,mid_season,loamy,5.46,0
59.14,28.3,89.31,2.71,development,sandy,11.64,0
44.99,20.36,47.93,5.93,initial,sandy,15.78,0
89.28,24.13,70.81,3.41,initial,sandy,3.53,0
83.85,12.52,63.7,4.84,development,sandy,12.53,0
74.64,17.47,59.45,5.17,initial,loamy,14.62,0
64.54,19.13,70.56,3.25,development,clay,10.59,0
95,27.64,47.11,4.35,development,sandy,14.96,0
31.24,24.32,83.38,0,initial,sandy,0,0
36.68,12.61,76.67,4.39,late,sandy,14.75,0
48.71,17.45,64.27,2.31,initial,sandy,3.62,0
75.14,17.51,71.92,4.72,development,clay,11.97,0
5,17.75,75.34,3.28,late,sandy,4.0,0
42.05,14.01,49.77,5.9,late,clay,15.42,0
53.29,26.63,63.97,4.89,mid_season,sandy,9.57,0
24.54,12.49,87.72,4.72,development,loamy,4.53,0
35.17,21.3,67.63,5.42,mid_season,clay,9.94,0
33.26,27.03,54.11,5.39,mid_season,clay,12.09,0
36.31,19.89,48.2,0,development,loamy,0,1
89.36,16.59,77.98,2.41,late,clay,8.0,0
22.86,14.51,45.13,4.24,mid_season,clay,17.16,0
73.43,15.84,66.99,4.36,development,sandy,6.25,0
58.21,27.93,86.52,5.43,development,clay,0.86,0
56.28,12.89,55.31,0,initial,loamy,0,0
57.76,12.58,89.29,0,development,loamy,0,0
50.11,18.7,57.78,5.86,development,loamy,13.84,0
70.88,26.16,57.88,5.1,mid_season,loamy,14.32,0
84.13,26.93,81.68,4.97,initial,clay,3.13,0
69.35,13.68,54.84,3.85,development,clay,18.8,0
53.27,22.69,76.99,4.04,mid_season,clay,6.75,0
55.14,24.79,41.9,3.3,mid_season,clay,9.21,0
53.48,14.51,41.06,0,development,clay,0,0
41.5,22.68,70.34,6.1,development,loamy,6.3,0
62.18,14.02,44.17,4.75,development,clay,14.34,0
52.65,12.76,84.42,0,initial,clay,0,0
55.63,19.62,53.99,4.65,late,loamy,13.23,0
46.56,22.19,51.95,3.22,mid_season,sandy,13.25,0
44.86,22.61,88.16,3.74,initial,sandy,3.66,0
56.75,23.94,88.5,3.36,mid_season,sandy,12.26,0
70.68,23.3,66.72,3.23,mid_season,clay,7.4,0
73.97,28.85,69.58,4.32,late,sandy,7.86,0
61.28,17.43,77.32,5.5,initial,loamy,2.97,0
95,26.86,67.43,4.01,development,sandy,22.21,0
37.01,29.0,73.21,4.56,initial,sandy,3.26,0
75.1,20.8,77.01,4.26,initial,clay,2.63,0
62.12,21.95,74.06,4.17,late,clay,10.15,0
60.84,26.23,83.46,1.72,mid_season,clay,6.15,0
68.73,14.56,42.29,3.83,development,clay,6.46,0
45.9,27.58,71.26,5.68,mid_season,clay,10.88,0
11.28,13.33,77.5,0,initial,sandy,0,0
19.84,29.71,44.03,3.4,mid_season,sandy,1.92,0
88.19,25.78,87.63,5.33,mid_season,loamy,13.04,0
26.75,16.65,41.25,3.3,initial,loamy,7.01,0
47.77,15.75,41.88,3.85,late,sandy,13.98,0
63.1,13.26,56.14,5.14,mid_season,loamy,16.11,0
53.37,29.69,70.94,4.02,initial,clay,13.24,0
66.7,12.52,75.63,3.39,initial,clay,7.93,0
65.08,26.64,85.9,4.89,late,loamy,25.02,0
53.4,19.07,50.55,6.14,late,sandy,0.03,0
86.85,18.7,69.79,5.89,development,sandy,12.65,0
54.01,27.8,76.54,4.17,development,clay,10.17,0
66.52,15.05,66.07,3.93,late,loamy,1.58,0
35.89,16.69,61.41,4.66,development,clay,11.45,0
74.93,20.49,55.2,0,development,sandy,0,0
66.5,21.39,75.6,2.98,initial,sandy,3.66,0
62.94,15.72,40.57,0,development,sandy,0,0
71.15,27.8,84.05,3.54,development,loamy,7.5,0
61.73,13.67,40.59,5.98,development,sandy,1.43,0
49.29,14.71,43.51,2.39,late,loamy,15.18,0
35.44,27.93,40.14,2.61,mid_season,loamy,9.63,0
95,26.83,45.26,4.78,mid_season,clay,23.2,0
95,27.34,55.33,2.78,development,loamy,1.2,0
53.34,25.68,52.6,2.86,mid_season,clay,20.16,0
41.31,21.15,84.52,5.53,development,clay,3.16,0
60.24,25.67,69.7,0,development,clay,0,0
39.05,20.33,77.45,5.75,initial,clay,11.88,0
35.71,14.96,71.36,4.02,mid_season,clay,15.93,0
69.6,28.16,45.45,3.3,late,loamy,24.02,0
14.49,16.95,83.24,4.35,mid_season,loamy,8.81,0
36.47,27.15,71.59,1.77,development,loamy,14.78,0
48.66,21.78,79.47,2.82,late,loamy,3.47,0
31.7,12.74,46.35,1.73,development,clay,3.13,0
33.13,28.74,68.47,6.11,initial,clay,0.37,0
61.74,15.59,83.86,3.89,mid_season,loamy,20.21,0
34.29,18.79,44.15,3.02,development,clay,10.61,0
35.5,26.76,64.81,3.49,mid_season,loamy,9.8,0
28.41,15.59,64.97,0,late,clay,0,1
54.83,12.64,53.89,1.81,mid_season,sandy,11.55,0
36.63,27.0,49.05,0,late,loamy,0,1
20.01,14.5,75.62,4.69,late,loamy,12.4,0
57.6,14.64,89.29,5.23,late,loamy,4.36,0
31.22,21.29,68.43,5.67,late,loamy,2.01,0
31.22,18.79,58.74,0,initial,sandy,0,0
56.37,15.47,45.76,4.1,mid_season,sandy,21.19,0
42.33,29.96,44.08,3.28,initial,sandy,5.68,0
37.41,13.43,84.39,4.88,initial,sandy,13.77,0
76.78,19.97,72.39,4.17,development,clay,11.46,0
60.11,17.02,75.99,3.6,initial,loamy,3.63,0
64.22,25.42,49.89,4.1,mid_season,loamy,11.65,0
41.81,27.59,76.57,5.53,development,clay,23.59,0
67.61,24.99,78.87,3.16,late,loamy,18.79,0
61.17,17.33,79.0,3.63,development,clay,4.39,0
50.76,13.69,52.68,0,development,sandy,0,1
34.01,16.52,45.5,0,late,clay,0,1
73.28,19.94,48.46,4.38,initial,clay,3.69,0
65.84,14.31,68.12,2.61,late,clay,3.3,0
81.09,20.21,87.22,3.56,initial,clay,5.35,0
52.3,19.56,61.62,5.3,initial,loamy,0.45,0
43.47,21.85,42.62,2.39,initial,sandy,5.04,0
73.2,19.87,62.66,4.47,mid_season,sandy,9.92,0
95,23.95,69.08,4.22,mid_season,loamy,7.76,0
65.9,15.14,44.0,0,initial,sandy,0,0
53.19,23.03,54.88,5.14,mid_season,sandy,14.75,0
77.53,15.97,41.32,5.82,mid_season,clay,10.09,0
74.69,24.11,64.76,4.9,late,clay,10.52,0
19.02,25.06,89.23,4.96,initial,clay,9.36,0
94.15,25.29,41.17,2.68,late,sandy,12.05,0
47.05,23.38,68.6,3.96,initial,loamy,11.53,0
64.3,29.6,66.81,0,development,loamy,0,0
57.82,17.03,41.26,4.94,mid_season,loamy,13.12,0
13.91,29.43,55.05,4.04,late,sandy,15.12,0
37.44,28.54,46.93,3.12,mid_season,clay,10.05,0
61.32,14.22,53.66,2.81,mid_season,sandy,20.18,0
63.23,21.9,40.16,4.78,development,loamy,7.07,0
44.87,24.17,55.71,4.49,initial,loamy,5.8,0
51.5,24.3,57.11,4.88,mid_season,loamy,12.1,0
56.46,18.29,82.93,3.3,development,clay,18.61,0
47.5,19.67,82.66,4.24,development,loamy,8.51,0
57.69,20.01,80.43,0,late,sandy,0,1
54.84,13.35,69.83,0,development,loamy,0,0
34.88,15.18,56.18,5.11,mid_season,sandy,5.81,0
83.02,16.08,52.29,1.97,mid_season,sandy,15.75,0
50.93,20.15,84.49,5.0,development,clay,27.97,0
20.25,15.81,56.9,5.19,initial,sandy,12.81,0
83.42,26.81,78.05,4.22,late,sandy,0.43,0
48.95,12.7,43.17,3.88,mid_season,clay,21.04,0
38.91,15.04,43.46,3.72,mid_season,sandy,6.08,0
65.4,28.5,45.74,4.08,mid_season,sandy,2.13,0
40.52,18.26,76.72,4.74,late,clay,3.55,0
67.96,14.28,44.57,3.68,development,loamy,11.12,0
42.98,29.43,78.81,3.0,initial,loamy,8.08,0
55.93,12.93,60.97,7.81,development,sandy,9.32,0
43.49,24.66,42.25,1.46,initial,clay,4.79,0
53.09,28.07,41.51,3.73,late,clay,14.76,0
80.49,18.95,83.41,4.12,mid_season,sandy,6.84,0
45.33,15.07,70.14,3.95,development,loamy,6.4,0
77.44,21.28,87.3,3.09,late,loamy,9.92,0
58.04,27.89,64.43,3.01,mid_season,clay,20.63,0
63.58,14.16,67.97,4.09,development,clay,8.13,0
60.42,26.15,42.08,3.4,development,loamy,16.85,0
82.96,21.25,85.81,4.13,development,sandy,12.2,0
30.51,29.16,78.48,4.72,late,loamy,8.51,0
53.74,27.52,46.8,2.58,mid_season,clay,15.59,0
47.56,16.6,75.05,4.17,late,sandy,6.31,0
42.72,25.76,81.41,4.24,late,loamy,10.98,0
95,24.67,56.88,3.82,mid_season,clay,16.59,0
38.15,26.34,70.68,4.66,mid_season,sandy,6.23,0
58.23,13.51,62.36,3.57,mid_season,sandy,15.91,0
62.02,22.91,73.04,0,initial,clay,0,0
83.83,26.25,75.78,4.04,development,clay,10.59,0
40.54,24.16,77.82,4.17,initial,loamy,11.94,0
42.16,29.18,78.81,5.53,mid_season,loamy,21.56,0
35.59,24.34,85.15,3.03,late,sandy,4.18,0
37.42,28.59,76.59,3.69,development,sandy,5.01,0
80.6,22.4,48.15,4.02,mid_season,clay,9.83,0
68.76,28.69,84.28,3.56,mid_season,sandy,4.99,0
25.74,25.81,46.61,4.2,development,sandy,8.87,0
95,16.07,70.17,3.6,mid_season,sandy,3.09,0
31.46,27.86,40.76,5.68,development,sandy,8.96,0
43.64,20.93,45.11,3.94,development,sandy,4.89,0
11.5,16.43,70.35,5.59,late,loamy,5.06,0
44.72,18.25,59.84,2.64,development,clay,6.68,0
52.9,15.75,43.34,4.01,late,sandy,2.19,0
91.25,19.28,88.68,5.7,mid_season,loamy,18.19,0
68.15,12.35,58.13,4.83,mid_season,sandy,13.06,0
63.86,24.0,82.01,2.78,mid_season,loamy,29.8,0
37.74,29.63,79.81,3.52,mid_season,clay,16.24,0
38.71,26.62,66.5,0,development,loamy,0,1
25.15,17.13,57.59,3.54,development,loamy,15.13,0
43.73,17.17,68.63,6.14,mid_season,sandy,19.51,0
51.94,17.36,58.41,3.31,development,sandy,0.58,0
72.87,19.82,43.41,4.59,late,loamy,7.39,0
42.61,14.05,52.94,3.9,late,sandy,5.1,0
63.25,17.78,61.48,4.16,initial,loamy,11.81,0
27.22,28.15,59.57,3.15,mid_season,sandy,13.65,0
75.1,24.53,79.11,3.59,initial,sandy,0.65,0
71.95,15.18,80.71,0,initial,clay,0,0
56.99,20.55,84.16,4.75,development,clay,3.1,0
70.63,12.99,72.02,2.94,initial,loamy,9.51,0
56.77,24.37,46.02,5.66,mid_season,sandy,16.65,0
63.84,21.75,64.92,3.47,late,sandy,3.69,0
72.8,15.92,78.84,3.34,mid_season,clay,11.66,0
67.98,22.28,56.61,2.96,late,loamy,23.68,0
86.64,20.35,70.57,3.57,mid_season,sandy,19.89,0
79.64,12.03,54.74,0.42,late,sandy,10.09,0
49.74,25.0,59.88,4.47,development,loamy,15.11,0
72.85,26.84,57.48,4.94,late,clay,8.37,0
69.54,16.49,73.51,2.86,mid_season,sandy,23.74,0
54.05,26.52,74.89,3.76,late,sandy,7.2,0
79.93,23.3,82.11,2.41,development,loamy,4.3,0
30.14,25.23,84.88,2.51,development,clay,12.73,0
16.21,22.66,41.8,3.67,mid_season,loamy,12.88,0
67.68,29.44,70.89,3.97,mid_season,loamy,10.0,0
68.91,13.69,45.6,5.94,late,loamy,10.56,0
78.99,27.71,54.37,3.34,mid_season,clay,28.43,0
84.7,19.78,54.39,3.08,development,clay,22.51,0
59.05,12.74,78.24,1.85,development,sandy,7.1,0
69.08,19.07,44.82,4.65,mid_season,sandy,15.68,0
66.9,14.24,46.41,2.87,initial,sandy,7.76,0
64.36,18.23,82.88,5.71,late,clay,6.8,0
61.63,14.61,79.47,3.48,initial,loamy,2.03,0
61.99,23.46,86.12,0,initial,sandy,0,0
41.1,19.27,44.19,4.45,mid_season,sandy,16.74,0
29.7,25.06,41.49,3.9,development,sandy,10.58,0
78.42,29.84,55.11,4.66,development,sandy,19.47,0
51.23,12.38,44.27,4.36,development,clay,12.91,0
75.91,18.92,82.79,2.74,late,sandy,5.51,0
83.02,18.22,71.72,5.73,mid_season,loamy,13.64,0
67.92,23.44,64.6,4.72,mid_season,sandy,5.98,0
47.69,27.97,67.24,4.19,initial,loamy,4.43,0
49.07,20.54,82.8,5.89,late,loamy,8.83,0
46.82,24.18,71.47,4.42,initial,sandy,13.84,0
64.51,22.38,77.71,3.88,mid_season,clay,6.58,0
54.85,17.14,64.29,4.56,mid_season,sandy,1.67,0
41.84,27.83,79.03,4.18,mid_season,loamy,5.62,0
74.78,26.94,49.63,5.26,development,sandy,13.96,0
44.35,28.28,76.49,4.46,mid_season,clay,13.45,0
47.02,21.62,73.87,5.37,late,sandy,8.42,0
13.67,16.14,75.72,0,initial,sandy,0,0
38.27,25.56,72.82,2.66,late,sandy,15.72,0
57.7,12.89,87.58,5.26,development,sandy,4.2,0
68.9,22.6,53.35,3.2,late,sandy,6.28,0
66.03,27.51,76.17,3.68,development,loamy,14.95,0
55.07,20.87,58.18,2.51,initial,sandy,3.38,0
70.04,20.94,72.33,3.0,late,clay,4.06,0
68.26,28.71,72.17,6.19,mid_season,loamy,6.86,0
71.61,15.37,69.98,0,initial,loamy,0,0
5.84,22.87,66.14,3.89,development,sandy,15.33,0
44.55,23.44,87.91,0,development,sandy,0,1
33.51,14.09,44.16,4.38,development,sandy,0.35,0
90.32,27.42,61.61,4.76,development,loamy,14.98,0
54.21,13.95,47.68,0,initial,loamy,0,0
65.32,19.07,55.69,5.02,development,sandy,12.59,0
39.37,23.32,55.99,3.03,late,loamy,4.91,0
49.72,25.81,58.15,4.1,mid_season,loamy,6.0,0
63.78,13.35,79.87,7.05,mid_season,clay,16.3,0
61.49,22.53,73.28,3.54,mid_season,clay,23.15,0
63.93,15.06,54.17,3.82,late,loamy,8.25,0
58.9,14.93,57.55,2.62,late,sandy,4.78,0
69.13,28.25,59.87,4.45,development,loamy,11.67,0
57.22,26.04,68.34,2.49,initial,loamy,2.45,0
38.06,13.69,41.82,3.85,mid_season,sandy,4.18,0
63.1,26.12,65.53,4.59,initial,loamy,16.82,0
49.36,25.75,52.21,4.41,initial,loamy,5.43,0
56.27,25.56,70.4,4.34,late,loamy,0.47,0
64.37,13.4,46.61,6.25,mid_season,sandy,7.76,0
58.72,25.72,76.93,3.99,mid_season,sandy,17.55,0
74.68,26.06,78.67,3.97,late,loamy,2.13,0
59.33,23.5,82.41,2.29,development,clay,7.73,0
39.91,21.3,81.84,3.23,late,sandy,16.15,0
81.04,13.58,85.04,3.76,initial,sandy,4.51,0
30.81,27.01,64.73,3.29,initial,clay,4.88,0
65.62,24.55,42.43,4.09,late,clay,3.7,0
32.0,14.44,46.46,3.03,mid_season,loamy,12.76,0
95,26.01,41.35,0,initial,loamy,0,0
65.57,20.5,79.99,3.37,mid_season,sandy,6.09,0
72.57,22.55,87.48,3.54,late,clay,3.94,0
28.82,16.62,52.59,2.85,late,clay,9.18,0
47.9,16.49,59.11,4.96,late,sandy,6.32,0
74.03,24.88,62.22,4.2,late,clay,18.8,0
54.16,28.6,64.92,4.28,mid_season,sandy,0.72,0
35.65,21.5,84.91,0,initial,loamy,0,0
76.8,28.68,68.59,2.44,development,sandy,18.66,0
45.4,21.14,86.22,0,initial,sandy,0,0
53.65,19.62,42.77,4.1,development,sandy,8.9,0
67.69,12.52,47.33,0,late,loamy,0,0
62.19,24.56,72.93,5.07,mid_season,clay,29.47,0
58.38,15.13,43.91,4.98,late,clay,22.06,0
78.75,25.4,58.66,4.5,mid_season,sandy,7.47,0
45.79,26.86,52.5,5.71,late,loamy,14.31,0
51.63,15.56,81.86,0,mid_season,sandy,0,1
68.2,27.15,71.71,3.83,initial,sandy,11.13,0
43.88,24.78,59.94,4.49,development,loamy,13.7,0
23.14,28.1,66.55,4.31,development,clay,10.73,0
44.9,28.73,52.98,5.02,late,clay,5.75,0
24.21,26.43,50.77,6.38,initial,loamy,2.89,0
77.33,14.41,42.86,3.97,development,clay,29.04,0
58.39,24.88,67.54,2.19,mid_season,sandy,9.8,0
34.49,20.57,87.2,0,mid_season,sandy,0,1
72.78,17.79,73.5,4.21,mid_season,loamy,14.23,0
76.6,24.57,51.4,3.63,mid_season,clay,9.22,0
39.69,25.68,88.42,3.2,mid_season,loamy,19.45,0
59.64,28.53,69.97,4.4,mid_season,loamy,6.99,0
56.86,28.49,54.49,4.46,late,clay,22.0,0
48.02,20.09,45.31,5.16,mid_season,clay,9.76,0
54.13,24.44,71.39,0,initial,loamy,0,0
26.09,24.9,42.95,3.84,development,loamy,10.75,0
38.48,22.67,73.21,4.08,late,loamy,5.12,0
56.38,22.01,65.78,3.29,late,sandy,5.15,0
81.3,14.65,54.55,4.53,mid_season,sandy,7.01,0
62.65,17.75,42.06,0,development,sandy,0,0
23.28,16.87,77.18,4.14,mid_season,sandy,7.68,0
54.12,24.57,52.13,3.46,initial,loamy,2.7,0
42.69,17.2,83.43,2.42,late,sandy,7.11,0
68.87,29.46,60.2,3.57,late,loamy,3.55,0
51.07,24.13,80.7,2.78,late,sandy,16.8,0
31.95,28.33,78.12,3.46,development,loamy,15.13,0
78.25,17.7,85.83,4.76,late,loamy,14.06,0
56.99,16.8,47.28,2.75,development,clay,5.24,0
59.93,29.72,89.59,5.27,mid_season,loamy,7.88,0
36.48,27.21,82.97,3.69,initial,sandy,10.9,0
63.52,15.57,78.33,2.35,initial,clay,10.12,0
49.11,13.58,41.15,3.74,mid_season,sandy,1.26,0
52.69,22.83,43.68,2.77,initial,loamy,9.78,0
63.91,12.06,46.5,3.3,mid_season,clay,14.01,0
32.72,13.99,71.3,5.95,mid_season,clay,6.02,0
43.58,28.53,67.3,3.36,late,clay,8.17,0
38.14,27.47,82.77,4.73,development,loamy,12.39,0
60.25,22.22,54.91,2.73,development,sandy,0.99,0
28.08,24.92,40.1,5.15,late,loamy,21.64,0
45.63,21.84,41.19,3.76,late,sandy,12.36,0
81.07,26.62,53.73,0,initial,sandy,0,0
74.49,16.64,65.85,0,initial,loamy,0,0
28.25,17.76,70.34,4.02,late,sandy,5.81,0
52.88,28.25,60.15,4.79,mid_season,loamy,0.77,0
56.49,26.77,84.23,4.19,initial,clay,4.83,0
63.21,26.42,83.45,3.91,mid_season,sandy,12.75,0
55.73,23.16,62.74,4.82,initial,sandy,2.29,0
33.02,17.12,81.72,2.66,late,loamy,3.04,0
33.57,18.42,51.1,2.73,mid_season,clay,19.68,0
95,25.37,74.52,4.0,development,loamy,1.64,0
47.97,26.83,80.19,4.85,mid_season,clay,7.02,0
44.24,17.25,40.75,4.58,late,loamy,20.15,0
25.71,18.52,52.71,3.1,initial,loamy,2.33,0
32.14,17.86,71.27,3.57,mid_season,sandy,15.22,0
64.96,26.1,43.19,4.55,late,clay,22.3,0
77.37,22.95,81.23,2.99,late,sandy,10.01,0
59.33,17.94,81.1,0,initial,clay,0,0
29.26,13.65,73.0,2.54,initial,clay,2.01,0
63.6,12.74,73.56,0,initial,loamy,0,0
72.89,14.97,81.14,5.25,mid_season,loamy,19.22,0
44.91,26.55,84.82,0,late,clay,0,1
32.84,27.33,56.37,6.45,initial,clay,6.25,0
40.47,25.18,76.56,3.0,development,sandy,8.2,0
31.96,21.0,46.69,0,initial,loamy,0,0
28.95,18.53,52.21,0,initial,sandy,0,0
71.76,27.28,48.44,2.88,late,sandy,8.8,0
47.79,22.46,84.72,2.98,mid_season,clay,9.08,0
26.83,26.99,79.06,2.32,mid_season,clay,23.06,0
55.13,26.52,72.01,3.83,late,loamy,4.52,0
38.97,12.65,61.97,5.57,development,loamy,11.1,0
51.82,23.02,42.04,5.15,development,sandy,14.76,0
46.84,28.31,65.27,3.04,mid_season,loamy,5.92,0
60.54,23.0,77.98,3.65,late,clay,6.92,0
33.99,20.16,63.29,2.73,mid_season,clay,4.18,0
62.92,12.45,68.04,2.29,late,loamy,6.94,0
68.68,18.65,48.42,2.77,initial,sandy,19.21,0
48.0,18.2,42.81,5.16,late,sandy,4.6,0
7.34,29.17,68.81,4.27,initial,loamy,13.28,0
85.34,27.53,84.93,4.54,initial,sandy,9.21,0
55.46,16.17,76.72,0,initial,sandy,0,0
31.14,26.67,57.28,0,mid_season,sandy,0,1
46.58,27.51,46.86,0,initial,sandy,0,0
68.93,17.97,85.91,5.73,late,loamy,6.46,0
67.38,20.72,54.74,3.78,late,sandy,10.66,0
49.42,28.5,57.03,5.02,development,clay,3.8,0
57.76,22.29,67.93,0,development,sandy,0,1
75.13,18.34,47.2,0,late,sandy,0,0
86.1,29.76,72.55,6.18,initial,loamy,9.37,0
16.56,24.67,77.78,4.51,development,sandy,13.24,0
66.35,13.14,60.06,4.55,late,sandy,0.07,0
45.41,21.75,58.44,3.86,initial,loamy,13.86,0
53.81,26.21,66.36,3.63,initial,clay,4.13,0
72.84,15.18,76.98,3.69,initial,clay,8.31,0
53.96,22.74,88.31,0,initial,loamy,0,0
33.77,28.88,52.65,2.82,development,loamy,12.17,0
53.97,26.26,43.13,3.46,mid_season,sandy,15.04,0
77.83,18.15,55.35,3.34,mid_season,sandy,4.06,0
94.8,13.69,58.58,4.71,development,loamy,11.49,0
32.42,26.52,46.25,4.64,mid_season,loamy,19.9,0
38.19,25.67,63.27,3.76,development,loamy,4.74,0
63.86,22.07,58.76,4.24,mid_season,loamy,12.69,0
32.31,27.01,78.3,4.74,mid_season,loamy,9.42,0
48.19,19.28,42.47,0,initial,sandy,0,0
59.7,21.27,45.82,3.32,initial,loamy,0.09,0
55.62,22.79,65.98,2.83,mid_season,clay,18.48,0
11.99,19.09,49.59,3.39,mid_season,sandy,7.48,0
62.6,14.62,53.67,2.7,development,sandy,9.29,0
68.88,20.61,86.16,4.27,initial,clay,10.15,0
69.04,12.52,40.06,4.55,late,loamy,9.56,0
60.16,19.13,87.89,0,development,loamy,0,0
33.46,17.61,68.43,4.08,development,loamy,12.0,0
38.02,26.17,44.89,5.16,initial,clay,9.11,0
36.95,12.93,82.79,3.46,late,loamy,16.61,0
27.2,21.15,42.3,4.53,development,clay,12.7,0
60.35,26.01,69.98,4.9,development,clay,11.05,0
57.37,24.75,74.61,3.67,mid_season,clay,15.34,0
38.19,17.99,82.52,6.36,development,sandy,6.5,0
62.32,28.57,67.43,0,initial,sandy,0,0
73.0,28.63,50.13,4.02,late,loamy,4.44,0
48.14,22.46,65.66,0,initial,sandy,0,0
30.78,13.63,43.77,4.11,development,loamy,8.66,0
51.9,22.88,85.96,4.75,initial,clay,15.3,0
37.58,25.06,75.83,3.96,initial,loamy,5.53,0
36.21,18.73,57.0,5.69,late,clay,17.12,0
66.94,22.65,67.3,3.13,late,clay,12.34,0
73.87,18.81,85.09,4.99,mid_season,clay,8.81,0
52.63,28.57,44.34,4.37,late,clay,6.42,0
51.94,14.71,79.81,3.54,initial,loamy,4.29,0
41.13,15.93,70.01,1.9,late,sandy,17.72,0
53.51,15.25,83.15,4.94,development,sandy,5.78,0
45.0,22.48,77.4,4.06,late,loamy,17.11,0
59.37,27.15,62.42,4.43,development,sandy,5.4,0
40.42,17.77,72.43,0,development,sandy,0,1
53.46,19.12,41.2,3.35,development,sandy,15.01,0
69.94,17.77,40.12,3.98,mid_season,clay,12.25,0
95,17.24,83.35,4.36,mid_season,sandy,12.93,0
31.04,17.29,75.03,5.48,late,loamy,5.39,0
29.34,26.9,60.19,3.08,mid_season,loamy,17.11,0
16.23,23.4,68.1,4.2,mid_season,clay,5.08,0
67.01,22.64,73.38,0,development,loamy,0,0
92.26,27.02,79.73,0,mid_season,clay,0,0
83.32,14.98,44.06,4.84,initial,loamy,19.48,0
73.63,12.95,55.53,0,late,sandy,0,0
13.63,15.05,43.9,3.72,development,sandy,9.8,0
50.84,13.47,70.65,4.87,development,sandy,11.19,0
54.44,12.98,57.3,4.74,late,loamy,2.11,0
76.79,21.23,58.34,3.21,mid_season,sandy,18.83,0
84.27,24.95,84.73,2.49,late,sandy,16.84,0
95,17.94,58.19,5.29,late,sandy,2.64,0
61.03,17.88,46.42,4.14,late,loamy,12.28,0
75.03,19.76,79.37,4.2,mid_season,loamy,0.48,0
39.97,14.52,70.82,0,initial,clay,0,0
52.8,16.43,75.51,3.53,late,loamy,9.88,0
39.3,25.85,84.53,5.32,mid_season,sandy,9.31,0
82.28,26.28,83.93,4.55,mid_season,clay,14.41,0
55.06,24.93,89.49,4.67,mid_season,sandy,7.48,0
73.46,12.75,51.91,3.56,initial,clay,2.44,0
55.08,12.06,87.81,3.0,mid_season,clay,13.17,0
17.05,23.78,57.94,4.03,mid_season,sandy,6.56,0
69.81,27.99,74.95,5.17,initial,sandy,11.35,0
42.06,13.51,84.45,4.12,mid_season,clay,15.34,0
48.33,19.5,85.42,5.28,initial,clay,4.63,0
64.68,23.78,60.04,4.59,development,clay,17.04,0
17.07,20.49,61.11,1.86,late,sandy,18.73,0
68.63,29.99,58.81,4.42,late,loamy,9.44,0
77.8,22.69,83.4,5.66,mid_season,sandy,19.59,0
52.68,19.58,52.32,3.77,initial,clay,8.0,0
66.14,13.0,50.92,4.37,mid_season,clay,22.41,0
81.07,27.54,61.48,0,late,sandy,0,0
82.02,16.54,47.71,4.59,late,sandy,15.53,0
52.28,23.01,62.67,2.83,development,sandy,3.8,0
61.71,15.95,88.56,5.56,mid_season,sandy,4.27,0
18.8,25.56,58.43,4.46,development,loamy,14.8,0
39.93,26.22,69.0,2.85,late,loamy,1.24,0
69.06,13.88,81.87,3.75,mid_season,loamy,18.05,0
53.93,21.91,54.73,0,initial,clay,0,0
78.91,26.92,80.37,4.58,development,loamy,15.9,0
36.92,19.21,40.63,2.98,development,sandy,1.5,0
66.7,14.8,75.19,3.44,late,sandy,17.47,0
39.23,26.66,68.28,4.34,initial,sandy,6.32,0
59.35,21.26,66.79,4.86,late,sandy,5.5,0
40.79,18.34,84.44,4.47,late,clay,5.87,0
31.87,14.53,55.49,3.61,mid_season,sandy,4.42,0
29.52,17.0,85.18,5.13,development,sandy,8.01,0
53.44,28.14,51.52,2.85,initial,loamy,0.43,0
54.97,17.84,80.49,2.68,late,sandy,10.41,0
27.77,25.46,71.97,4.91,initial,loamy,9.87,0
77.08,24.84,46.24,2.8,initial,loamy,9.37,0
44.24,18.09,84.56,5.53,mid_season,sandy,4.68,0
75.03,29.81,87.68,0.54,initial,sandy,5.27,0
47.26,23.39,80.09,3.59,late,clay,9.53,0
59.41,23.93,45.39,2.12,mid_season,loamy,15.54,0
51.75,17.25,47.91,5.04,mid_season,clay,2.5,0
48.44,13.84,79.38,4.07,late,loamy,11.77,0
63.89,23.47,79.19,4.53,mid_season,clay,11.91,0
53.17,16.96,76.27,3.17,initial,clay,4.23,0
49.75,19.15,58.93,0,development,sandy,0,1
67.12,15.95,87.99,3.58,late,sandy,9.01,0
78.14,12.67,51.28,4.56,development,loamy,5.56,0
76.12,12.36,52.04,4.59,late,clay,8.86,0
56.05,15.74,43.36,0,initial,sandy,0,0
57.41,29.02,73.93,3.03,development,loamy,0.81,0
57.48,15.07,62.48,4.2,mid_season,loamy,7.85,0
47.74,13.94,68.87,4.41,development,loamy,26.07,0
55.66,12.42,64.76,4.86,mid_season,sandy,15.34,0
75.38,12.27,72.91,2.37,initial,loamy,9.48,0
43.08,21.97,85.2,3.45,mid_season,loamy,16.86,0
78.07,20.53,88.88,5.55,late,clay,8.07,0
48.38,15.32,72.97,4.3,initial,sandy,3.14,0
42.08,25.07,41.64,4.81,late,loamy,2.64,0
59.2,15.74,86.7,3.05,initial,clay,20.12,0
50.56,28.11,41.0,4.44,mid_season,sandy,11.17,0
38.49,23.83,41.82,4.51,mid_season,loamy,22.14,0
62.15,22.78,51.27,5.2,mid_season,loamy,22.51,0
65.1,13.76,59.8,3.71,initial,sandy,0.02,0
35.81,19.72,58.66,0,initial,clay,0,0
51.53,26.15,42.07,3.17,mid_season,sandy,4.27,0
50.36,12.18,42.16,0,mid_season,sandy,0,1
61.63,26.45,88.41,4.71,mid_season,sandy,15.56,0
60.08,17.99,45.03,4.42,initial,clay,5.88,0
86.19,23.75,73.96,4.95,initial,loamy,12.51,0
28.34,28.43,89.1,5.8,late,sandy,9.54,0
83.52,14.69,65.87,2.31,mid_season,loamy,10.05,0
57.96,28.3,57.45,0,initial,clay,0,0
53.66,24.84,75.15,3.04,initial,clay,1.74,0
39.07,12.93,41.05,4.8,late,sandy,4.9,0
57.26,16.1,83.24,3.81,development,loamy,8.72,0
63.67,12.55,53.87,7.03,mid_season,sandy,17.24,0
42.8,26.89,69.76,2.14,development,clay,25.28,0
51.9,19.03,54.1,2.85,initial,clay,8.94,0
38.04,16.09,56.5,4.3,mid_season,clay,2.28,0
90.67,24.62,63.03,0,development,sandy,0,0
50.17,18.86,48.84,6.83,development,clay,5.17,0
45.11,25.62,73.33,4.41,initial,loamy,7.19,0
92.48,17.0,80.76,4.24,mid_season,sandy,20.96,0
73.17,24.8,70.67,0,initial,clay,0,0
50.99,15.8,42.44,0,initial,loamy,0,0
55.95,25.04,40.92,0,development,sandy,0,1
79.69,23.8,45.15,3.74,mid_season,loamy,8.83,0
84.09,14.72,81.12,0,late,loamy,0,0
72.6,15.49,85.5,4.25,initial,loamy,3.75,0
38.85,19.13,51.29,2.87,late,sandy,18.98,0
52.0,14.85,76.25,3.61,late,sandy,10.91,0
69.43,21.77,74.03,3.29,development,sandy,3.52,0
48.08,18.43,76.74,4.28,late,loamy,9.19,0
36.77,14.37,84.68,4.7,mid_season,loamy,3.67,0
50.73,26.28,69.12,3.22,late,clay,6.13,0
53.5,22.67,40.98,3.34,initial,loamy,4.94,0
37.83,18.6,52.14,3.8,mid_season,clay,13.22,0
61.42,24.08,52.81,5.84,mid_season,loamy,11.46,0
58.06,19.49,54.36,4.82,initial,clay,14.31,0
41.74,14.97,82.69,3.34,late,loamy,2.52,0
67.73,20.44,69.65,4.06,initial,clay,2.07,0
45.1,25.7,40.08,5.88,mid_season,clay,23.08,0
76.49,22.85,74.05,4.07,development,clay,7.01,0
61.64,15.81,49.57,0,initial,loamy,0,0
72.55,29.85,76.24,3.91,late,clay,10.77,0
59.84,18.97,73.18,6.47,initial,sandy,3.23,0
64.77,22.53,52.34,4.67,development,sandy,9.6,0
47.84,22.51,80.18,6.14,mid_season,clay,3.56,0
21.76,27.97,81.85,4.1,mid_season,sandy,3.6,0
73.66,28.04,80.43,4.28,late,loamy,14.57,0
38.56,26.85,71.32,2.96,mid_season,loamy,8.14,0
40.49,28.83,56.33,5.81,initial,sandy,4.69,0
34.41,17.61,44.57,5.7,development,loamy,10.29,0
77.83,25.57,63.25,0,initial,loamy,0,0
45.99,13.57,45.01,4.17,mid_season,clay,4.9,0
41.4,21.6,86.55,0,late,sandy,0,1
30.7,13.7,84.25,3.85,mid_season,sandy,0.0,0
66.38,19.24,71.55,4.04,development,clay,3.59,0
45.62,22.99,52.04,4.85,mid_season,sandy,9.63,0
49.98,17.93,58.23,5.12,mid_season,clay,11.17,0
82.18,18.92,89.3,0,initial,sandy,0,0
48.79,13.9,56.44,3.47,development,loamy,2.02,0
54.45,13.22,89.06,5.38,late,loamy,18.56,0
51.14,13.29,49.96,4.65,development,clay,7.99,0
39.27,12.61,78.48,0,late,sandy,0,1
85.22,14.97,44.92,0,development,sandy,0,0
45.0,15.89,66.06,6.18,development,loamy,13.85,0
59.59,26.21,83.5,5.91,mid_season,sandy,4.21,0
51.67,18.03,61.44,0,mid_season,sandy,0,1
69.19,26.04,75.81,4.18,development,clay,19.03,0
45.68,21.6,65.49,4.69,initial,loamy,7.66,0
52.83,20.42,86.82,5.63,mid_season,clay,24.09,0
58.43,17.87,66.17,5.17,development,clay,5.75,0
36.15,17.37,83.26,2.21,mid_season,clay,7.36,0
60.37,24.21,89.69,4.86,development,clay,7.22,0
45.87,23.95,57.36,3.76,mid_season,loamy,18.47,0
43.87,19.66,83.14,4.0,mid_season,sandy,5.92,0
95,14.21,54.87,0,initial,clay,0,0
69.7,29.69,78.79,2.17,development,loamy,18.5,0
84.13,14.79,46.05,3.69,late,loamy,3.09,0
81.6,22.42,59.15,4.4,initial,loamy,7.87,0
71.91,21.15,61.96,2.22,mid_season,loamy,9.39,0
17.26,14.09,62.51,3.9,development,loamy,2.31,0
63.79,23.3,75.85,0,late,loamy,0,0
53.33,12.56,67.46,4.1,late,loamy,4.94,0
52.99,24.95,62.35,3.99,late,sandy,4.7,0
64.16,27.57,59.35,3.84,mid_season,sandy,20.72,0
68.75,16.7,63.49,4.62,development,sandy,5.5,0
71.86,25.25,70.0,4.14,development,loamy,1.01,0
87.34,16.07,43.86,5.16,initial,loamy,10.45,0
78.06,25.13,62.75,4.55,late,loamy,11.1,0
45.91,12.03,46.54,1.94,late,sandy,0.76,0
60.87,23.08,59.5,3.39,mid_season,loamy,16.48,0
45.02,29.97,45.58,4.08,initial,clay,10.71,0
58.64,13.22,81.84,3.91,initial,sandy,18.68,0
33.38,21.54,86.7,3.44,development,loamy,12.89,0
27.78,26.29,48.31,0,mid_season,sandy,0,1
53.21,13.81,65.32,3.64,initial,loamy,1.37,0
50.42,22.07,83.44,4.49,late,loamy,15.84,0
55.58,28.55,62.16,2.71,initial,clay,6.66,0
29.19,21.11,49.29,4.3,mid_season,loamy,13.55,0
58.07,22.55,87.47,2.74,initial,loamy,3.33,0
53.37,19.4,42.87,0.55,mid_season,loamy,25.34,0
35.74,13.52,69.33,3.58,mid_season,loamy,12.87,0
78.38,22.04,52.09,0,development,sandy,0,0
60.52,23.86,79.72,3.67,mid_season,sandy,13.06,0
62.75,18.57,49.88,3.15,mid_season,loamy,17.05,0
68.42,28.58,54.79,1.4,late,sandy,20.74,0
60.96,26.86,79.38,0,initial,loamy,0,0
62.42,13.75,58.48,3.02,initial,sandy,8.6,0
61.45,23.59,68.16,3.72,mid_season,clay,18.54,0
46.92,27.01,69.0,2.74,mid_season,clay,9.52,0
49.68,16.17,48.49,2.37,late,sandy,19.51,0
19.61,24.21,40.34,0,initial,sandy,0,0
82.45,22.79,79.6,5.52,late,sandy,8.7,0
68.03,25.52,72.95,2.05,mid_season,sandy,10.52,0
42.28,23.49,76.94,3.31,initial,clay,2.18,0
29.51,25.09,43.47,3.37,development,loamy,8.71,0
79.47,29.69,82.21,3.9,initial,clay,2.41,0
64.94,18.66,50.16,2.41,late,sandy,18.9,0
64.54,18.0,53.71,0,initial,clay,0,0
56.33,14.93,65.73,2.06,initial,clay,2.69,0
77.78,27.58,74.45,3.92,development,sandy,8.73,0
41.56,29.02,84.1,4.1,mid_season,clay,6.01,0
65.94,28.36,74.68,6.14,late,loamy,13.21,0
68.8,21.78,74.51,5.57,initial,sandy,3.79,0
48.93,14.85,77.07,3.32,development,clay,17.59,0
11.67,26.14,61.77,4.33,mid_season,loamy,8.65,0
49.22,24.68,89.49,2.8,development,sandy,6.25,0
69.82,27.38,73.95,2.73,initial,clay,1.58,0
44.32,19.16,84.42,3.9,development,clay,15.64,0
75.91,22.81,57.28,3.37,development,clay,11.8,0
47.6,17.47,57.58,2.55,development,clay,3.12,0
55.53,12.45,63.5,4.4,development,sandy,14.65,0
68.71,19.7,62.9,5.39,initial,clay,9.57,0
41.84,16.24,77.23,3.66,late,sandy,10.42,0
62.55,14.7,61.06,4.57,late,loamy,13.01,0
91.37,25.66,62.45,4.18,mid_season,loamy,11.76,0
49.53,13.26,47.8,2.54,development,loamy,9.47,0
47.69,29.78,61.66,4.44,late,sandy,10.82,0
43.37,17.25,55.15,0,late,loamy,0,1
52.2,25.82,40.34,4.86,late,sandy,18.49,0
63.73,29.64,51.45,0,initial,clay,0,0
62.64,22.64,51.38,4.97,initial,loamy,6.15,0
50.56,13.46,88.65,3.98,late,loamy,5.7,0
56.55,23.61,59.11,3.71,late,sandy,20.14,0
52.51,23.22,43.45,3.71,mid_season,clay,18.79,0
39.98,20.76,53.26,4.82,late,clay,28.86,0
56.78,29.95,77.44,4.16,mid_season,loamy,18.84,0
63.26,23.59,51.78,4.71,mid_season,loamy,13.65,0
57.06,24.35,54.87,5.84,initial,loamy,5.3,0
95,13.24,61.26,3.68,initial,loamy,8.3,0
37.64,22.97,73.92,4.82,late,clay,12.52,0
44.54,12.98,64.64,3.49,mid_season,sandy,9.27,0
37.35,22.69,42.81,3.1,initial,clay,9.32,0
88.13,21.35,76.37,4.41,development,clay,5.27,0
38.71,29.52,71.9,6.16,late,loamy,3.0,0
61.57,20.67,45.95,5.61,late,sandy,9.44,0
39.81,28.43,69.03,4.56,development,sandy,15.54,0
29.3,20.34,87.88,5.94,development,sandy,1.01,0
68.09,28.69,73.41,0,initial,clay,0,0
55.28,22.87,68.07,0.85,mid_season,loamy,12.06,0
23.84,12.56,42.96,4.29,late,sandy,18.77,0
64.72,17.08,51.88,0,development,sandy,0,0
45.98,23.36,46.93,5.1,development,sandy,9.42,0
78.42,28.16,81.41,4.61,mid_season,clay,12.42,0
58.38,19.55,55.95,5.12,mid_season,clay,3.72,0
70.04,22.91,69.96,4.5,late,loamy,0.68,0
75.84,21.03,76.4,4.91,mid_season,loamy,2.41,0
43.07,12.06,55.35,4.34,late,loamy,9.41,0
78.17,16.13,76.89,3.43,late,clay,12.18,0
72.1,23.89,85.32,5.42,initial,loamy,0.94,0
71.03,17.75,74.91,2.47,development,sandy,10.22,0
5,26.4,53.62,4.95,initial,loamy,5.13,0
33.13,16.28,67.51,4.61,development,clay,15.8,0
52.91,15.24,65.87,4.17,late,loamy,9.33,0
24.92,22.66,63.77,3.65,development,sandy,9.2,0
20.73,15.83,48.97,0.87,mid_season,loamy,12.8,0
54.64,29.45,50.36,4.75,initial,sandy,1.05,0
88.77,14.18,40.02,2.09,late,clay,15.15,0
34.47,13.99,77.08,4.26,initial,clay,7.09,0
34.86,15.55,44.75,4.64,initial,clay,8.65,0
51.65,26.67,85.58,4.39,mid_season,sandy,1.6,0
37.75,25.52,41.11,0,development,sandy,0,1
51.89,24.5,73.75,0,late,sandy,0,1
62.86,25.36,79.06,4.57,late,loamy,22.33,0
85.3,20.36,55.5,4.67,development,clay,4.92,0
27.68,18.12,72.96,3.54,mid_season,loamy,11.22,0
80.75,18.11,45.1,5.55,mid_season,sandy,7.16,0
61.37,22.85,63.99,4.84,mid_season,clay,0.9,0
46.54,27.63,68.99,4.64,late,sandy,3.19,0
37.04,25.16,67.71,4.13,development,clay,2.02,0
33.85,13.38,43.71,5.14,mid_season,sandy,4.06,0
54.66,14.05,59.62,4.46,development,sandy,4.34,0
42.87,24.69,59.65,4.46,development,clay,3.01,0
40.84,27.5,79.25,3.78,late,loamy,20.35,0
59.71,20.38,57.62,3.35,mid_season,clay,16.84,0
21.19,21.54,54.56,7.0,development,clay,3.08,0
55.94,16.07,49.66,3.62,initial,loamy,9.61,0
61.26,22.61,60.67,1.87,late,sandy,10.42,0
70.31,21.97,57.46,4.39,initial,loamy,1.74,0
61.99,23.57,42.62,3.53,mid_season,clay,26.96,0
70.31,16.56,75.74,5.53,development,loamy,3.21,0
55.94,27.56,54.13,4.75,mid_season,loamy,11.94,0
60.46,12.8,69.26,5.35,mid_season,loamy,14.26,0
69.85,21.09,83.18,1.47,mid_season,sandy,13.42,0
36.58,14.11,77.71,3.53,development,sandy,6.64,0
87.52,13.05,59.16,3.06,development,clay,12.75,0
21.44,17.67,47.05,3.5,late,loamy,2.24,0
51.0,17.45,69.79,0,late,clay,0,0
38.57,22.01,69.47,2.27,initial,sandy,4.1,0
45.0,21.85,80.92,2.93,mid_season,clay,15.88,0
35.35,24.89,58.02,4.63,development,sandy,10.46,0
56.21,12.47,72.64,3.46,mid_season,sandy,9.77,0
23.76,18.23,75.79,4.09,initial,clay,0.86,0
77.69,29.86,87.09,3.43,development,clay,13.22,0
74.71,16.51,78.68,0,initial,loamy,0,0
58.13,12.39,63.02,0,late,sandy,0,1
76.89,18.53,66.46,2.89,late,loamy,5.03,0
10.1,17.34,43.24,3.04,development,sandy,16.17,0
75.22,29.9,85.47,2.46,mid_season,sandy,15.27,0
53.57,23.61,62.79,0,initial,sandy,0,0
28.45,12.41,57.38,4.65,late,clay,20.31,0
40.27,16.19,75.87,5.84,initial,clay,5.56,0
59.54,13.17,80.99,5.28,initial,clay,9.01,0
49.22,28.79,85.94,2.71,mid_season,sandy,17.71,0
85.95,19.5,66.58,5.11,initial,sandy,7.32,0
35.77,21.24,63.12,4.66,initial,loamy,0.11,0
91.6,15.41,84.62,0,mid_season,sandy,0,0
48.76,17.17,80.62,2.46,development,clay,17.44,0
35.6,14.74,59.36,5.22,mid_season,clay,22.83,0
74.91,27.95,80.26,2.51,mid_season,clay,11.27,0
45.19,29.78,65.75,3.51,development,sandy,9.95,0
43.96,21.92,77.32,2.1,development,sandy,11.83,0
58.37,23.65,46.4,4.76,mid_season,clay,20.23,0
86.06,18.63,58.63,4.51,initial,loamy,12.0,0
31.59,22.37,87.31,3.02,late,loamy,23.97,0
34.66,15.37,58.86,5.34,development,loamy,7.91,0
30.51,21.91,69.7,0,development,sandy,0,1
70.41,29.79,89.89,2.87,late,sandy,4.63,0
95,20.01,46.25,4.04,initial,loamy,11.22,0
51.8,18.79,73.74,3.12,mid_season,clay,13.25,0
54.36,12.16,80.53,3.66,mid_season,clay,17.48,0
45.49,12.81,68.93,2.64,initial,clay,1.94,0
62.02,25.33,62.63,0,development,clay,0,0
34.93,22.41,42.25,3.96,initial,loamy,5.35,0
57.18,23.68,52.03,2.41,mid_season,sandy,8.24,0
73.86,14.76,79.68,3.44,mid_season,clay,13.82,0
48.72,29.61,43.5,4.2,mid_season,loamy,18.46,0
30.35,25.01,61.82,2.12,mid_season,sandy,7.21,0
54.14,29.79,87.65,3.21,mid_season,sandy,2.38,0
5,18.85,41.62,3.69,mid_season,clay,3.66,0
38.57,15.42,59.36,4.63,late,loamy,3.32,0
75.62,12.19,47.12,0,initial,sandy,0,0
6.82,22.24,78.78,0,development,clay,0,1
74.89,13.01,62.46,0,mid_season,sandy,0,0
51.28,23.32,75.02,3.13,mid_season,sandy,2.71,0
62.67,21.17,65.86,2.36,development,loamy,5.52,0
84.85,26.14,77.0,4.33,initial,sandy,3.4,0
87.64,27.64,60.08,4.18,late,clay,5.21,0
25.35,18.65,80.15,4.48,mid_season,clay,12.07,0
22.66,21.21,55.11,1.95,initial,sandy,11.56,0
49.99,25.11,73.45,3.21,late,sandy,6.56,0
12.27,12.43,70.16,2.89,mid_season,clay,16.98,0
60.63,25.44,54.77,4.65,late,sandy,11.77,0
68.55,20.81,40.55,0,late,sandy,0,0
95,12.41,83.77,3.88,mid_season,sandy,18.45,0
94.37,17.9,81.87,4.98,late,sandy,13.96,0
40.22,15.88,73.61,3.74,development,loamy,15.05,0
21.86,22.25,51.29,3.19,initial,clay,8.18,0
64.87,13.35,59.19,0,initial,sandy,0,0
60.96,12.72,74.36,5.8,mid_season,loamy,24.24,0
82.89,13.09,65.23,5.78,initial,loamy,1.84,0
57.05,14.22,86.59,2.01,development,loamy,0.99,0
49.3,13.78,56.92,4.35,initial,sandy,14.64,0
62.19,13.69,49.59,3.24,development,loamy,12.77,0
49.05,16.16,49.11,0,mid_season,loamy,0,1
49.74,12.72,55.72,4.56,development,sandy,5.51,0
81.0,15.41,72.87,2.11,development,clay,11.22,0
66.14,12.73,70.65,2.73,mid_season,sandy,1.63,0
28.74,14.83,59.59,0,initial,loamy,0,0
93.81,22.05,65.74,1.34,development,loamy,15.53,0
52.88,22.27,43.75,5.56,mid_season,sandy,12.59,0
49.18,27.78,76.31,2.27,development,sandy,6.39,0
56.03,29.21,53.74,2.25,late,sandy,11.53,0
46.29,15.65,67.18,3.81,development,clay,12.82,0
78.05,15.77,47.9,3.9,initial,loamy,1.06,0
32.23,27.88,42.85,3.76,initial,clay,8.96,0
61.89,18.5,66.72,1.99,development,sandy,4.97,0
55.33,19.68,77.31,3.96,development,clay,8.69,0
72.81,20.25,66.58,2.65,mid_season,loamy,11.72,0
52.31,29.06,44.85,3.96,initial,loamy,5.03,0
77.88,26.28,88.21,4.07,late,sandy,21.63,0
64.95,17.39,65.82,4.6,late,clay,10.09,0
56.57,21.33,72.95,3.21,development,sandy,11.04,0
37.01,15.76,56.81,4.02,mid_season,clay,3.68,0
69.34,17.28,49.11,5.21,development,clay,18.73,0
68.97,26.6,66.64,0,development,clay,0,0
53.76,27.77,44.62,3.75,mid_season,clay,12.51,0
45.46,18.22,80.84,5.34,initial,sandy,7.56,0
60.38,20.32,84.32,2.63,development,loamy,14.69,0
58.67,18.27,47.0,3.55,initial,sandy,0.2,0
36.06,16.8,53.9,3.28,mid_season,sandy,15.75,0
39.67,15.33,89.55,3.17,mid_season,clay,18.83,0
55.14,26.77,56.48,3.23,late,loamy,5.11,0
56.79,29.62,51.93,3.99,development,loamy,4.02,0
52.64,18.52,45.17,0,initial,sandy,0,0
35.36,23.87,61.56,0,mid_season,loamy,0,1
72.35,13.12,40.14,5.54,mid_season,sandy,12.69,0
44.86,12.35,53.59,0,initial,loamy,0,0
69.86,20.98,60.82,0,development,sandy,0,0
67.06,27.46,61.76,0,initial,sandy,0,0
61.78,25.83,52.62,4.73,initial,clay,18.32,0
50.05,29.86,75.02,0,late,sandy,0,1
38.07,27.95,41.38,3.83,mid_season,clay,9.63,0
57.34,14.83,47.94,4.83,development,sandy,6.29,0
24.65,20.8,50.71,6.14,development,loamy,8.04,0
40.39,27.28,83.33,0,development,sandy,0,1
31.12,21.0,87.76,0,initial,loamy,0,0
66.04,28.23,44.0,3.74,mid_season,loamy,18.03,0
60.33,20.27,52.14,2.01,late,loamy,8.98,0
56.95,17.47,47.41,5.65,late,loamy,19.12,0
50.92,17.0,44.08,4.76,late,clay,9.94,0
50.29,29.62,66.31,6.82,mid_season,clay,20.82,0
13.66,17.52,62.93,0,mid_season,sandy,0,1
63.15,21.76,60.47,3.92,late,sandy,6.58,0
50.55,21.51,71.24,4.8,mid_season,sandy,9.94,0
55.58,20.4,73.52,5.6,late,sandy,0.32,0
60.71,27.82,87.6,5.87,late,sandy,22.68,0
59.94,26.4,88.85,0,initial,sandy,0,0
26.42,12.82,88.91,4.0,mid_season,loamy,22.45,0
9.62,23.72,76.08,2.02,mid_season,sandy,16.01,0
26.92,17.09,78.5,3.89,development,clay,8.91,0
72.11,14.34,84.65,4.58,late,clay,14.84,0
95,20.54,77.83,4.38,mid_season,clay,14.33,0
46.01,23.29,60.07,5.06,late,loamy,12.83,0
32.04,29.74,84.86,0,initial,loamy,0,0
56.84,12.93,55.88,3.78,development,sandy,1.27,0
60.42,15.27,53.15,5.8,development,clay,5.67,0
37.62,24.27,72.45,3.34,mid_season,sandy,4.56,0
61.68,29.98,47.97,3.56,mid_season,loamy,17.71,0
46.94,20.01,41.0,5.03,mid_season,sandy,10.1,0
50.56,21.41,56.74,5.07,late,loamy,8.32,0
58.82,26.08,61.3,4.06,initial,sandy,8.12,0
67.81,23.18,66.43,3.8,mid_season,sandy,11.21,0
37.39,26.85,58.86,2.56,initial,clay,5.35,0
69.96,25.75,54.87,4.78,late,sandy,5.42,0
77.6,26.29,54.1,4.84,mid_season,clay,5.65,0
95,16.46,61.7,3.03,initial,loamy,13.78,0
59.1,20.15,77.75,6.43,mid_season,clay,18.95,0
31.56,29.48,53.95,4.13,mid_season,sandy,0.1,0
64.37,29.03,72.62,0,development,sandy,0,0
58.37,16.2,76.92,2.31,initial,clay,8.49,0
60.06,27.63,62.82,4.57,mid_season,loamy,15.55,0
20.63,16.66,48.99,5.93,mid_season,sandy,19.18,0
39.22,22.7,66.26,2.99,late,clay,20.39,0
90.5,20.69,78.08,3.53,initial,clay,11.35,0
78.34,22.03,40.98,0,late,clay,0,0
74.9,27.79,84.19,3.05,development,loamy,12.8,0
45.92,16.0,85.96,4.04,late,loamy,9.73,0
58.14,24.7,44.34,3.98,mid_season,clay,8.48,0
43.48,18.03,54.65,3.34,mid_season,clay,19.72,0
73.04,16.49,75.07,4.2,initial,sandy,14.56,0
49.47,27.76,62.13,6.19,late,loamy,13.77,0
59.1,18.63,68.28,0,mid_season,sandy,0,1
51.73,21.89,76.56,5.02,mid_season,loamy,10.65,0
31.03,12.46,83.42,0,initial,sandy,0,0
56.55,13.07,52.6,0,initial,clay,0,0
35.52,19.52,70.18,4.77,late,sandy,20.27,0
67.87,18.98,48.97,5.02,initial,sandy,10.5,0
28.0,28.48,69.89,0,initial,clay,0,0
70.88,23.83,76.48,4.35,development,clay,23.47,0
48.44,21.08,56.1,2.95,late,sandy,12.69,0
32.26,26.2,72.76,4.92,initial,clay,11.16,0
44.44,13.21,60.79,0,initial,sandy,0,0
68.94,22.24,74.28,3.77,initial,clay,2.39,0
68.17,17.55,83.87,4.79,development,loamy,13.93,0
32.07,25.11,68.85,3.94,development,loamy,13.11,0
62.07,25.06,65.17,1.92,development,sandy,4.8,0
47.82,20.74,57.87,2.36,initial,loamy,5.87,0
37.28,13.01,60.08,3.92,initial,sandy,2.75,0
16.67,12.75,49.17,4.93,mid_season,clay,12.41,0
39.14,26.59,84.1,5.19,late,loamy,16.45,0
17.76,27.37,63.53,2.84,development,sandy,4.47,0
63.91,24.14,80.54,4.24,development,loamy,3.65,0
48.34,28.62,49.31,4.84,initial,clay,1.89,0
60.77,17.41,40.21,4.38,late,clay,5.8,0
48.46,15.29,45.94,1.0,mid_season,sandy,1.94,0
40.85,20.01,81.48,3.69,mid_season,sandy,16.78,0
57.9,24.08,64.78,1.03,late,loamy,0.74,0
95,21.93,87.95,3.3,development,clay,11.21,0
46.2,26.2,72.31,0,development,loamy,0,1
44.35,22.46,81.17,0,initial,sandy,0,0
89.38,25.9,73.17,4.85,development,clay,17.04,0
76.93,21.75,60.77,2.87,mid_season,clay,14.22,0
42.75,21.7,78.75,2.03,development,clay,9.34,0
67.4,15.61,82.41,2.16,development,clay,8.53,0
68.61,14.13,41.36,4.22,late,clay,6.88,0
41.25,17.89,58.36,0,initial,loamy,0,0
29.93,14.32,74.72,0,mid_season,sandy,0,1
28.38,13.55,50.97,4.06,late,clay,11.9,0
33.13,29.36,73.31,3.74,development,sandy,4.2,0
41.48,22.78,50.7,4.64,development,sandy,17.81,0
51.92,25.42,65.9,4.18,development,clay,20.82,0
5,15.49,70.04,3.78,initial,sandy,1.73,0
76.66,29.56,45.32,3.64,mid_season,clay,18.49,0
54.64,12.25,81.31,3.98,late,clay,15.59,0
59.47,16.93,75.18,4.51,initial,sandy,13.61,0
49.49,21.88,74.48,0,development,loamy,0,1
77.74,26.71,55.93,3.89,late,loamy,5.28,0
61.94,19.1,89.94,3.94,development,loamy,9.67,0
56.07,24.01,44.42,2.72,mid_season,loamy,11.85,0
59.18,28.37,72.64,1.9,development,clay,18.2,0
77.35,22.41,65.0,2.87,initial,loamy,0.46,0
73.1,28.75,54.8,0,initial,loamy,0,0
56.49,15.33,56.83,4.63,mid_season,clay,3.65,0
48.54,28.93,75.29,4.35,initial,sandy,2.92,0
32.55,23.74,72.33,3.58,late,sandy,3.19,0
45.05,29.19,60.51,3.3,mid_season,loamy,11.04,0
69.54,27.95,62.21,4.09,development,sandy,0.4,0
94.75,17.8,56.96,4.1,late,loamy,9.14,0
57.89,17.45,53.92,4.82,initial,sandy,2.14,0
76.48,28.88,75.07,3.18,late,loamy,11.9,0
67.24,17.03,78.64,5.09,mid_season,loamy,15.55,0
76.34,20.05,55.96,0,initial,loamy,0,0
60.53,12.73,86.63,5.08,initial,sandy,3.64,0
51.69,27.79,84.56,4.23,development,clay,4.7,0
60.98,23.13,84.22,4.37,development,sandy,14.31,0
48.93,17.24,80.23,4.43,mid_season,loamy,1.73,0
48.76,13.83,88.84,5.23,late,loamy,14.81,0
60.9,18.5,66.78,2.14,initial,clay,12.44,0
62.08,26.01,86.43,2.77,mid_season,clay,13.72,0
68.59,28.65,61.64,4.47,mid_season,loamy,14.17,0
56.52,23.56,64.51,5.0,initial,clay,12.03,0
64.68,24.75,64.74,4.07,mid_season,clay,13.26,0
15.96,28.82,55.9,2.16,development,loamy,7.72,0
34.37,27.65,66.33,2.99,late,sandy,4.19,0
83.32,14.78,54.74,4.4,initial,loamy,6.42,0
51.86,28.35,82.29,0,initial,sandy,0,0
46.91,27.59,65.2,2.96,development,loamy,2.33,0
74.7,16.66,55.73,3.64,late,clay,9.93,0
65.91,12.14,67.16,2.69,mid_season,clay,7.81,0
70.59,20.13,71.39,3.98,development,clay,9.72,0
52.72,14.12,77.47,4.38,mid_season,loamy,6.95,0
38.62,17.99,47.76,0,development,sandy,0,1
52.7,21.73,50.0,6.65,late,clay,8.55,0
33.47,18.56,41.7,3.41,mid_season,sandy,20.49,0
70.69,18.92,86.28,3.18,development,clay,9.4,0
28.3,22.36,78.27,4.4,initial,loamy,8.64,0
67.15,16.38,67.28,2.51,late,loamy,13.23,0
69.38,14.91,72.78,2.79,late,sandy,4.55,0
53.3,17.68,83.64,0,initial,loamy,0,0
65.33,21.8,54.84,4.79,initial,clay,1.82,0
48.32,16.48,76.14,0,initial,sandy,0,0
68.64,16.17,56.17,2.19,initial,sandy,11.47,0
34.13,21.77,81.05,4.54,late,loamy,17.63,0
83.57,19.85,55.17,3.95,development,clay,7.19,0
75.3,22.77,49.25,4.3,development,clay,19.93,0
48.45,12.81,61.75,4.26,development,clay,5.55,0
23.69,26.11,78.01,3.32,development,loamy,12.71,0
83.34,12.54,83.8,5.62,mid_season,loamy,0.76,0
21.32,15.75,56.83,4.31,initial,loamy,5.61,0
77.66,29.4,64.63,3.19,late,loamy,0.8,0
56.33,22.98,60.67,4.25,development,sandy,9.27,0
13.34,13.63,64.31,3.67,mid_season,clay,23.51,0
64.24,16.67,53.33,4.31,initial,sandy,8.45,0
63.04,29.6,43.8,5.73,initial,loamy,7.96,0
67.6,23.78,84.53,4.51,late,sandy,9.66,0
61.57,28.73,57.18,0,initial,clay,0,0
69.26,15.54,84.1,5.0,initial,loamy,13.77,0
40.35,19.14,81.82,1.59,mid_season,clay,22.82,0
31.28,24.13,57.18,0,initial,sandy,0,0
61.43,17.56,51.12,0,development,sandy,0,0
24.59,12.41,67.87,0,initial,loamy,0,0
82.98,26.6,69.7,3.63,mid_season,loamy,10.59,0
18.37,19.23,87.57,4.28,mid_season,clay,19.22,0
51.74,20.96,53.05,5.33,initial,clay,9.61,0
36.12,16.33,62.64,4.87,late,clay,8.93,0
22.86,15.5,68.93,4.71,late,loamy,15.34,0
66.75,13.35,65.72,4.65,development,loamy,15.0,0
77.55,27.05,51.44,2.93,development,clay,5.97,0
57.58,22.57,56.8,4.61,development,sandy,2.83,0
67.55,13.24,83.72,0,development,loamy,0,0
62.84,22.91,51.29,3.58,mid_season,sandy,15.86,0
17.79,14.93,78.09,4.55,late,sandy,13.62,0
75.07,26.68,72.16,2.81,mid_season,clay,11.25,0
45.16,23.83,77.91,4.27,late,sandy,23.19,0
73.82,15.08,77.51,2.15,late,loamy,13.9,0
69.6,12.98,86.1,5.1,development,loamy,11.14,0
35.25,23.74,54.35,3.51,initial,sandy,1.6,0
53.22,24.0,83.25,4.42,mid_season,loamy,13.21,0
57.85,29.56,46.73,6.63,initial,loamy,11.85,0
62.43,17.7,83.09,4.87,late,sandy,5.69,0
54.63,22.64,43.46,3.61,late,loamy,6.13,0
71.33,18.04,82.53,3.45,mid_season,sandy,19.26,0
95,12.25,88.26,4.48,development,loamy,10.02,0
67.51,18.26,73.23,4.78,development,clay,9.55,0
36.51,12.96,86.28,4.09,mid_season,loamy,11.71,0
80.31,24.3,88.48,0,initial,sandy,0,0
53.06,27.94,51.01,3.99,late,sandy,1.18,0
73.68,21.78,40.89,5.26,mid_season,loamy,18.93,0
36.56,18.87,73.17,2.48,mid_season,sandy,1.07,0
58.98,15.72,58.61,0,late,sandy,0,1
66.25,24.72,63.65,4.25,late,sandy,26.35,0
18.44,16.38,73.12,5.41,late,loamy,4.66,0
51.53,12.64,40.86,5.17,late,clay,18.96,0
37.05,28.2,69.58,4.09,development,loamy,2.65,0
53.75,22.83,68.97,0,development,loamy,0,0
48.43,18.21,87.11,4.08,mid_season,sandy,2.2,0
49.55,23.95,87.51,5.34,initial,sandy,3.63,0
64.55,23.35,89.09,0,development,loamy,0,0
48.08,16.99,70.7,4.65,mid_season,sandy,15.86,0
68.64,13.06,73.45,4.31,mid_season,sandy,27.71,0
81.97,26.28,53.67,0,initial,sandy,0,0
72.74,23.62,59.3,4.54,initial,loamy,9.48,0
48.27,21.1,76.06,4.35,mid_season,clay,6.95,0
59.57,19.36,76.99,3.91,late,sandy,9.91,0
32.55,14.85,73.79,3.79,mid_season,loamy,4.56,0
25.4,23.25,65.58,4.84,development,loamy,1.06,0
52.87,22.97,73.78,3.3,late,sandy,2.94,0
91.87,13.95,72.96,3.63,mid_season,loamy,23.92,0
57.73,20.63,69.54,3.5,late,clay,3.05,0
53.61,27.96,65.74,4.5,late,loamy,10.87,0
84.44,13.1,69.71,3.41,initial,sandy,6.37,0
58.88,14.19,84.88,4.63,initial,loamy,1.82,0
52.76,27.94,52.95,4.61,mid_season,sandy,6.36,0
59.96,23.4,89.53,3.34,late,clay,6.45,0
47.44,22.76,56.92,0,initial,sandy,0,0
35.22,28.75,51.72,3.23,development,clay,8.55,0
56.18,16.66,77.49,4.85,mid_season,sandy,9.22,0
40.42,23.85,50.19,0,initial,sandy,0,0
76.77,27.1,74.87,3.53,initial,loamy,0.97,0
59.99,27.44,40.0,4.04,development,loamy,18.67,0
75.97,24.56,67.25,5.3,development,clay,2.16,0
45.11,29.25,85.42,3.73,late,clay,9.16,0
10.3,18.06,74.27,0,initial,sandy,0,0
59.51,16.54,86.65,1.75,initial,sandy,20.14,0
37.64,28.38,53.46,4.88,mid_season,sandy,10.97,0
62.81,24.92,42.12,4.66,late,clay,9.05,0
76.95,27.95,53.04,5.8,development,sandy,6.49,0
58.54,17.38,77.57,3.63,initial,loamy,1.47,0
45.86,15.91,44.24,2.69,mid_season,loamy,21.07,0
37.96,21.35,50.84,0,initial,sandy,0,0
45.36,17.75,82.79,4.63,development,loamy,19.33,0
94.8,18.89,51.0,3.56,late,clay,7.99,0
88.66,26.5,77.58,0,initial,sandy,0,0
81.28,17.36,85.81,4.5,development,sandy,3.99,0
56.35,16.99,83.67,0,development,clay,0,0
92.21,16.13,86.99,3.26,mid_season,clay,12.18,0
64.68,19.69,58.06,0,initial,clay,0,0
47.18,21.76,41.33,5.27,mid_season,loamy,16.86,0
30.98,27.72,77.26,0,initial,loamy,0,0
50.55,13.94,43.26,2.75,late,loamy,10.31,0
44.79,18.33,58.03,0,late,sandy,0,1
77.36,17.94,86.14,3.55,development,sandy,0.34,0
47.17,17.44,89.79,2.32,late,clay,12.46,0
52.62,29.16,40.75,4.96,mid_season,loamy,8.83,0
56.33,19.95,81.71,4.32,development,loamy,10.59,0
42.02,29.39,43.32,2.86,late,loamy,18.16,0
63.51,22.83,63.14,3.06,mid_season,sandy,5.64,0
21.15,15.6,69.77,5.47,late,loamy,5.21,0
31.91,14.11,55.55,3.03,late,sandy,13.85,0
37.63,23.26,65.74,3.13,initial,loamy,1.2,0
70.07,12.35,52.1,3.53,initial,clay,7.25,0
34.92,26.2,60.42,3.86,initial,sandy,2.5,0
60.58,22.61,57.67,4.51,development,sandy,8.4,0
34.63,27.04,86.08,2.6,late,clay,9.04,0
68.44,19.22,82.91,4.71,initial,loamy,3.09,0
25.99,27.22,76.79,4.38,development,sandy,14.84,0
60.83,22.35,66.96,1.98,development,clay,11.46,0
62.95,28.12,67.74,0,development,clay,0,0
54.83,12.49,59.71,5.1,mid_season,loamy,12.35,0
46.23,17.05,79.78,6.05,development,clay,12.6,0
72.89,28.22,53.14,5.02,mid_season,clay,15.01,0
81.14,25.94,55.12,0,mid_season,loamy,0,0
75.12,12.87,41.87,5.05,mid_season,loamy,18.73,0
33.38,22.7,63.75,3.94,late,sandy,9.97,0
55.19,25.16,84.96,4.47,development,sandy,19.53,0
47.74,17.43,55.92,0,initial,sandy,0,0
42.19,27.18,51.89,4.6,mid_season,loamy,23.22,0
52.87,21.6,50.32,4.55,development,sandy,16.14,0
48.74,19.15,64.65,3.5,initial,loamy,5.87,0
69.27,21.62,44.38,2.49,mid_season,sandy,2.94,0
43.11,29.29,59.19,2.57,development,loamy,1.28,0
84.28,20.01,55.04,0,initial,loamy,0,0
57.21,23.37,75.94,5.53,late,loamy,0.06,0
41.58,15.0,63.51,5.38,mid_season,sandy,14.69,0
61.79,22.8,54.87,4.21,mid_season,sandy,3.86,0
18.88,18.86,63.51,4.8,late,sandy,8.76,0
49.59,15.3,68.96,0,initial,sandy,0,0
48.24,12.39,82.08,5.68,mid_season,clay,14.48,0
5,17.66,63.44,3.03,mid_season,sandy,22.23,0
78.05,29.34,61.31,5.89,late,sandy,14.41,0
46.66,21.69,76.64,0,initial,loamy,0,0
56.93,17.11,67.42,4.44,initial,loamy,13.23,0
60.59,21.11,43.05,4.5,development,sandy,13.12,0
63.51,20.55,72.0,3.79,mid_season,loamy,7.63,0
77.43,19.3,44.47,3.51,late,loamy,12.11,0
78.42,26.19,78.35,0,development,clay,0,0
48.14,29.81,41.01,2.95,initial,loamy,15.16,0
64.71,24.37,74.86,3.7,development,loamy,8.59,0
58.17,16.94,52.82,4.53,development,clay,16.47,0
36.55,18.61,66.08,6.2,development,clay,23.37,0
45.06,26.85,77.49,5.59,late,clay,9.51,0
32.82,19.73,51.37,3.74,late,sandy,6.48,0
79.47,28.49,50.06,2.76,development,loamy,12.32,0
54.09,29.41,88.63,4.07,development,clay,14.84,0
30.17,24.22,59.37,3.24,late,sandy,4.76,0
48.65,26.4,66.02,5.14,development,loamy,0.4,0
79.19,29.14,50.72,4.59,development,clay,2.97,0
50.65,16.35,66.92,3.86,initial,sandy,1.4,0
76.5,28.2,87.45,5.81,development,clay,26.58,0
70.9,20.36,66.79,5.09,initial,clay,10.57,0
60.72,12.45,83.16,3.76,late,loamy,0.06,0
79.87,25.3,52.08,4.53,initial,sandy,9.22,0
67.77,27.6,41.66,0,initial,clay,0,0
74.35,15.27,61.15,0,late,loamy,0,0
57.17,27.74,46.7,4.38,development,sandy,3.06,0
51.25,14.17,56.85,4.12,mid_season,clay,13.98,0
69.79,22.42,42.63,3.6,development,sandy,5.98,0
89.21,19.62,51.56,5.02,mid_season,clay,20.87,0
56.39,18.51,75.44,3.49,development,sandy,6.21,0
58.73,27.1,89.99,0,late,loamy,0,0
51.27,15.69,61.84,3.31,initial,loamy,1.95,0
66.43,12.76,51.95,4.38,initial,loamy,5.17,0
47.34,23.49,70.65,3.91,development,loamy,1.22,0
47.0,29.41,82.55,6.22,initial,loamy,9.58,0
80.89,17.57,81.29,4.67,initial,sandy,6.31,0
39.21,25.02,77.76,4.26,mid_season,sandy,6.63,0
65.56,16.72,53.32,4.78,mid_season,clay,13.5,0
69.15,23.63,80.44,3.85,initial,loamy,5.1,0
27.76,13.18,85.04,4.92,late,loamy,14.09,0
39.11,27.47,55.45,3.16,late,loamy,6.85,0
35.93,25.72,41.64,5.23,late,loamy,16.75,0
75.82,22.05,50.17,4.23,late,clay,9.89,0
89.36,18.74,57.61,4.73,development,loamy,9.39,0
51.91,24.04,50.7,3.5,initial,clay,9.28,0
30.48,26.69,80.93,4.62,late,clay,18.23,0
44.68,13.65,70.13,3.03,development,loamy,8.1,0
66.74,21.47,87.19,4.25,initial,sandy,3.25,0
95,21.33,73.79,4.9,mid_season,loamy,14.43,0
49.39,16.08,49.56,5.43,late,sandy,18.72,0
42.78,24.31,61.65,5.19,late,loamy,14.08,0
66.99,22.5,67.15,3.04,late,sandy,18.44,0
83.87,15.27,89.69,0,late,clay,0,0
63.76,24.21,75.31,3.42,mid_season,loamy,5.27,0
24.52,26.05,48.06,5.68,initial,sandy,5.75,0
45.45,12.72,44.01,0.73,development,clay,5.12,0
57.47,13.94,79.08,4.01,late,sandy,7.72,0
70.73,12.84,60.63,3.19,development,clay,6.86,0
19.2,22.55,83.04,4.83,mid_season,loamy,11.2,0
36.93,24.95,58.05,5.48,mid_season,clay,10.6,0
41.03,18.58,88.22,2.06,initial,loamy,2.08,0
42.69,13.74,58.44,0,initial,clay,0,0
41.49,19.61,64.48,4.42,mid_season,clay,15.43,0
41.64,17.3,82.49,4.42,development,loamy,15.88,0
51.65,20.87,64.88,2.86,initial,loamy,1.25,0
47.07,13.4,47.93,5.48,mid_season,sandy,11.69,0
73.12,22.57,63.71,0,late,loamy,0,0
74.09,23.12,47.4,3.42,development,sandy,9.85,0
48.3,18.33,83.81,4.58,initial,loamy,1.09,0
27.35,12.57,52.94,2.31,mid_season,clay,12.89,0
62.3,21.06,58.04,5.73,initial,clay,2.7,0
52.92,22.23,60.13,2.79,late,clay,12.74,0
56.88,16.31,78.92,0,initial,sandy,0,0
63.79,18.04,63.67,5.53,initial,clay,0.5,0
45.07,29.97,52.57,6.67,late,clay,22.86,0
29.31,23.59,49.8,2.56,development,loamy,5.71,0
83.14,19.47,48.44,2.75,development,sandy,4.07,0
52.46,27.37,82.86,3.73,late,clay,10.29,0
80.07,12.99,69.12,2.34,late,loamy,5.83,0
86.77,22.6,88.29,0,initial,clay,0,0
81.34,23.89,84.67,4.24,mid_season,clay,20.28,0
48.6,18.29,73.98,3.56,development,clay,12.81,0
54.25,28.04,46.1,4.11,initial,clay,12.14,0
44.53,16.96,47.31,3.35,mid_season,sandy,18.27,0
48.38,14.28,65.07,0,late,clay,0,0
46.48,15.94,53.17,4.33,mid_season,loamy,10.18,0
54.18,24.99,44.84,4.25,development,clay,10.59,0
57.0,16.14,82.26,5.9,late,clay,1.5,0
64.42,15.14,72.65,4.64,mid_season,sandy,17.49,0
73.43,27.33,64.7,5.58,late,clay,11.5,0
19.25,26.66,75.46,3.34,late,clay,9.15,0
35.88,26.01,59.04,3.72,late,loamy,10.36,0
25.23,27.53,63.88,4.15,mid_season,sandy,12.65,0
50.76,27.03,66.17,3.88,development,loamy,2.75,0
93.76,24.43,55.39,5.51,mid_season,clay,16.87,0
45.93,27.62,74.56,3.86,development,clay,8.6,0
51.36,15.62,57.63,4.39,development,sandy,11.78,0
42.39,12.73,79.73,3.24,initial,sandy,0.05,0
44.88,25.01,81.54,4.15,mid_season,loamy,5.93,0
41.48,25.35,59.75,4.14,initial,sandy,1.9,0
17.52,23.43,47.55,0,development,loamy,0,1
29.07,25.59,48.54,4.45,mid_season,clay,19.27,0
56.39,13.15,46.89,4.08,mid_season,sandy,21.69,0
50.92,15.21,44.29,3.51,mid_season,sandy,26.23,0
49.33,19.97,48.01,4.23,initial,loamy,0.95,0
36.11,23.83,43.21,4.41,initial,clay,8.63,0
55.48,15.39,43.32,4.22,development,loamy,9.86,0
33.35,18.24,68.09,5.15,late,clay,12.12,0
52.16,18.14,77.9,1.63,mid_season,loamy,11.95,0
42.63,29.29,41.25,4.75,late,sandy,7.94,0
40.04,21.8,49.73,0,development,sandy,0,1
28.95,18.95,60.87,2.18,development,loamy,18.51,0
34.99,12.91,84.87,4.8,initial,clay,1.36,0
67.38,24.9,51.44,0,initial,loamy,0,0
62.54,18.91,63.73,2.41,mid_season,clay,10.94,0
35.27,20.36,87.55,0,mid_season,loamy,0,1
48.08,25.11,81.01,4.33,mid_season,clay,18.16,0
38.26,27.42,89.0,4.62,initial,loamy,1.11,0
41.7,28.83,47.18,3.98,development,loamy,8.64,0
50.33,21.22,43.76,3.45,mid_season,sandy,6.75,0
39.43,16.12,85.99,4.31,initial,clay,18.44,0
27.09,28.44,81.17,4.26,mid_season,loamy,18.82,0
53.19,26.46,89.51,4.97,initial,loamy,15.49,0
78.97,29.97,85.8,4.84,mid_season,clay,4.61,0
58.94,26.84,60.85,3.13,development,clay,19.93,0
80.58,19.63,48.0,4.74,mid_season,loamy,8.54,0
36.17,29.94,42.52,0,initial,clay,0,0
63.82,22.44,79.52,0,late,sandy,0,0
43.66,17.27,59.32,3.04,initial,sandy,3.92,0
82.45,18.35,75.03,3.25,late,loamy,7.0,0
65.47,18.16,71.77,4.28,late,sandy,10.95,0
71.36,14.56,42.28,2.89,development,sandy,13.6,0
95,18.04,80.45,5.69,mid_season,sandy,2.32,0
57.48,15.32,88.78,3.22,late,loamy,19.7,0
70.05,25.94,76.67,4.35,late,clay,7.19,0
67.24,22.81,74.9,2.89,mid_season,loamy,24.18,0
26.05,13.85,45.92,0,development,loamy,0,1
36.12,16.67,40.43,4.36,mid_season,loamy,11.88,0
56.75,29.73,58.31,0,late,loamy,0,0
58.55,23.08,75.68,4.29,late,clay,8.11,0
81.27,23.18,44.69,1.32,mid_season,sandy,14.8,0
55.31,18.24,70.58,3.95,mid_season,clay,22.78,0
68.81,15.29,70.91,4.63,mid_season,clay,21.8,0
34.83,26.17,74.9,5.01,initial,loamy,7.33,0
95,17.46,83.19,3.78,development,loamy,19.49,0
60.82,23.55,53.74,3.73,late,loamy,2.95,0
78.14,18.28,62.98,3.86,initial,loamy,4.26,0
42.76,14.08,52.75,3.79,development,clay,14.73,0
46.63,13.56,47.81,3.28,development,loamy,22.29,0
33.08,20.51,53.73,5.43,mid_season,clay,14.65,0
62.52,17.0,84.96,5.26,development,loamy,10.25,0
75.46,29.04,64.72,4.54,mid_season,sandy,7.62,0
60.46,12.9,42.08,4.05,mid_season,loamy,11.83,0
66.44,28.03,79.56,3.36,initial,clay,9.44,0
70.64,19.8,44.25,5.85,late,sandy,11.4,0
28.17,29.41,85.17,4.88,development,loamy,7.93,0
60.7,17.84,46.26,5.22,initial,loamy,2.17,0
41.83,22.65,86.21,0,initial,loamy,0,0
86.89,17.49,66.92,3.23,initial,loamy,15.62,0
70.15,13.88,55.09,4.39,development,clay,13.82,0
62.45,22.1,78.89,2.34,initial,loamy,8.28,0
44.9,15.28,41.55,4.16,late,clay,18.66,0
18.18,21.59,40.45,5.5,mid_season,loamy,6.88,0
88.63,26.27,49.82,3.19,late,clay,17.38,0
63.17,29.31,49.82,5.66,mid_season,clay,24.92,0
68.15,15.06,53.72,5.23,development,clay,13.93,0
90.62,15.59,76.7,3.12,mid_season,clay,13.45,0
38.09,23.89,46.24,1.87,late,sandy,12.56,0
64.05,14.69,51.62,2.93,initial,loamy,6.47,0
68.65,19.68,73.13,3.58,development,sandy,20.84,0
45.43,29.51,49.81,4.11,mid_season,clay,15.54,0
53.48,23.91,69.33,3.32,mid_season,loamy,18.67,0
42.81,18.79,73.28,3.3,late,sandy,6.49,0
31.04,29.39,79.55,0,late,loamy,0,1
34.7,27.81,73.35,4.01,development,sandy,2.63,0
85.49,28.63,89.45,2.91,mid_season,loamy,25.71,0
23.62,25.71,89.41,4.04,late,loamy,12.95,0
79.5,14.56,42.25,0,initial,clay,0,0
60.97,16.27,71.37,4.84,development,clay,7.08,0
11.07,15.66,52.24,3.35,mid_season,loamy,24.37,0
59.96,25.03,89.87,0,initial,loamy,0,0
51.76,25.68,48.48,4.69,late,loamy,4.37,0
83.92,29.81,70.83,2.43,mid_season,loamy,17.05,0
67.02,29.9,42.77,4.11,mid_season,sandy,13.83,0
57.92,27.73,71.72,3.96,initial,sandy,4.86,0
25.73,20.85,63.42,3.23,development,sandy,10.72,0
41.58,16.64,79.27,4.89,development,loamy,13.06,0
62.57,17.35,79.72,4.89,development,sandy,4.93,0
65.12,20.08,70.98,5.25,late,loamy,11.47,0
60.84,25.21,77.05,3.28,mid_season,sandy,0.22,0
72.95,19.73,56.04,4.04,development,clay,7.25,0
55.18,22.1,59.85,0,late,sandy,0,1
38.87,27.03,89.15,3.7,initial,sandy,10.18,0
68.45,22.8,45.2,4.71,mid_season,clay,7.96,0
74.17,15.27,77.96,4.96,initial,loamy,10.26,0
41.55,27.52,51.58,5.76,initial,sandy,6.28,0
48.9,12.37,87.24,5.16,mid_season,sandy,8.4,0
62.3,15.7,53.75,5.11,initial,clay,9.42,0
70.35,18.94,43.22,2.3,initial,loamy,4.34,0
37.76,24.17,56.48,0,initial,loamy,0,0
76.44,16.5,87.18,6.06,mid_season,clay,1.87,0
77.84,20.09,80.07,3.09,development,loamy,11.18,0
76.73,20.27,79.63,4.26,mid_season,loamy,11.49,0
31.02,25.96,67.66,3.07,development,sandy,10.86,0
61.46,22.58,68.78,3.4,late,loamy,8.87,0
64.8,15.84,47.74,5.19,mid_season,clay,10.47,0
63.75,28.48,86.21,3.85,late,sandy,18.37,0
31.08,26.17,82.67,4.36,late,clay,19.21,0
78.86,18.13,68.28,4.54,development,clay,6.52,0
49.54,16.7,87.65,3.42,mid_season,loamy,20.78,0
30.87,22.3,47.34,4.34,late,clay,14.39,0
53.95,27.57,77.95,4.09,development,clay,5.06,0
53.38,17.25,49.22,3.07,late,clay,0.2,0
62.4,14.74,50.53,3.53,late,clay,5.79,0
52.78,12.45,72.96,6.31,initial,clay,6.53,0
55.46,27.41,64.78,3.58,mid_season,loamy,17.15,0
29.65,15.94,64.72,2.81,late,sandy,10.81,0
56.92,15.8,71.97,0,late,sandy,0,1
52.36,24.16,60.65,3.82,mid_season,clay,8.87,0
22.26,20.58,44.07,4.15,mid_season,sandy,19.59,0
13.09,14.4,40.21,3.57,mid_season,loamy,7.22,0
66.81,12.09,42.42,2.25,late,sandy,2.7,0
52.0,26.52,48.33,3.4,late,loamy,9.45,0
37.72,14.66,57.98,3.06,late,clay,9.55,0
58.81,28.72,58.06,6.99,development,sandy,6.98,0
56.56,14.13,88.35,4.32,mid_season,loamy,2.96,0
67.43,17.34,69.86,0,initial,sandy,0,0
60.38,24.96,68.98,4.08,late,sandy,0.26,0
63.68,22.91,80.16,3.97,initial,loamy,1.96,0
68.95,15.51,58.08,2.67,late,loamy,10.11,0
62.94,29.56,40.49,3.9,mid_season,clay,8.26,0
78.83,24.39,48.41,3.01,mid_season,clay,3.62,0
33.01,28.73,88.12,2.02,late,clay,19.64,0
44.97,23.04,84.18,4.53,development,loamy,2.65,0
60.76,19.84,51.46,4.15,late,loamy,10.39,0
64.4,18.65,69.81,0,mid_season,sandy,0,0
72.67,26.74,40.29,3.41,development,clay,7.7,0
45.99,25.13,74.24,3.56,mid_season,loamy,6.21,0
31.22,24.36,82.71,4.76,late,clay,3.32,0
60.18,12.55,67.5,3.04,late,clay,13.93,0
30.65,20.75,85.24,2.53,mid_season,loamy,20.97,0
55.33,12.4,70.71,0,initial,sandy,0,0
59.25,16.99,70.44,0,late,sandy,0,1
77.18,14.93,88.02,4.56,development,clay,9.15,0
62.52,17.07,55.14,0,initial,loamy,0,0
73.8,25.07,75.7,3.68,initial,loamy,4.12,0
33.43,21.15,77.73,4.47,late,sandy,19.55,0
54.29,26.04,74.6,2.43,late,loamy,5.89,0
54.79,18.61,60.9,3.93,mid_season,loamy,0.98,0
68.9,20.92,41.05,2.43,late,loamy,14.51,0
47.55,26.66,84.0,5.22,development,clay,12.5,0
34.7,22.13,84.47,6.32,late,clay,14.14,0
43.68,12.26,89.71,0,initial,sandy,0,0
48.03,25.47,77.97,3.06,initial,loamy,2.33,0
75.86,15.64,61.31,4.97,late,loamy,2.09,0
18.86,19.68,66.9,3.86,mid_season,sandy,8.14,0
33.81,24.25,77.69,5.8,late,loamy,19.39,0
52.54,14.48,54.03,5.07,initial,clay,9.25,0
54.26,12.16,77.92,2.61,development,sandy,22.01,0
67.94,12.89,67.79,3.25,development,clay,15.49,0
34.95,23.13,48.83,4.59,development,loamy,7.71,0
68.75,26.54,74.28,4.68,development,loamy,4.37,0
59.76,13.48,59.06,2.97,mid_season,loamy,8.4,0
51.43,17.89,67.28,2.83,development,loamy,1.27,0
52.68,17.31,50.86,3.81,late,sandy,2.3,0
59.34,19.22,83.47,4.24,late,clay,9.42,0
47.27,28.96,42.78,5.89,mid_season,clay,13.01,0
38.22,15.73,63.27,3.24,late,clay,9.39,0
31.25,22.56,46.51,3.46,mid_season,clay,8.2,0
77.74,12.56,64.76,3.48,development,loamy,8.15,0
29.64,16.87,57.0,3.11,initial,loamy,6.34,0
65.16,27.87,78.11,3.07,initial,sandy,1.92,0
50.25,27.74,76.92,2.8,mid_season,clay,19.63,0
56.48,27.2,70.73,3.69,late,sandy,1.04,0
39.14,20.67,58.97,4.03,late,loamy,19.99,0
38.63,24.72,45.72,3.87,late,loamy,9.08,0
75.85,26.05,87.72,2.45,development,loamy,26.01,0
42.42,20.86,75.29,3.97,development,clay,5.19,0
71.67,28.89,72.93,3.26,initial,sandy,1.42,0
86.72,15.36,63.47,0,development,clay,0,0
73.2,19.43,77.45,0,mid_season,loamy,0,0
62.65,24.91,88.29,4.2,mid_season,sandy,9.14,0
35.33,27.91,71.81,0,mid_season,loamy,0,1
94.27,23.58,81.6,0,development,clay,0,0
79.11,15.21,89.38,3.33,development,loamy,20.04,0
62.36,17.97,42.21,6.28,mid_season,clay,10.62,0
68.26,13.65,55.28,0,mid_season,clay,0,0
70.86,12.58,77.16,0,development,sandy,0,0
57.9,17.29,63.8,2.64,mid_season,sandy,13.14,0
73.88,13.14,61.74,5.04,late,loamy,10.5,0
66.7,17.77,81.13,0,mid_season,clay,0,0
39.44,16.56,84.68,2.37,development,loamy,14.69,0
42.96,18.86,87.03,3.73,mid_season,clay,18.26,0
72.05,17.07,65.68,3.85,initial,loamy,5.44,0
58.99,28.01,52.61,5.76,development,sandy,9.96,0
58.47,17.84,55.75,3.04,mid_season,clay,21.68,0
54.65,13.51,63.63,0,initial,loamy,0,0
45.59,17.63,55.65,2.12,mid_season,sandy,4.32,0
38.46,17.2,42.18,0,initial,sandy,0,0
46.12,18.33,85.43,0,initial,clay,0,0
47.93,20.76,72.24,5.47,late,sandy,6.82,0
37.53,12.31,45.95,5.5,mid_season,clay,12.25,0
64.09,29.6,69.22,5.39,mid_season,loamy,2.19,0
44.15,22.41,58.68,0,initial,clay,0,0
53.74,24.79,61.41,0,initial,loamy,0,0
66.21,17.38,74.81,4.64,initial,clay,5.89,0
61.25,16.54,82.53,0,development,sandy,0,0
38.3,15.32,52.81,3.92,late,clay,11.75,0
55.25,17.87,72.54,6.33,late,clay,24.43,0
50.43,28.3,43.95,0,late,loamy,0,1
52.43,19.94,73.17,3.72,mid_season,sandy,5.57,0
69.56,14.48,58.25,4.38,mid_season,clay,18.78,0
85.67,28.24,89.48,3.85,mid_season,clay,11.47,0
38.99,19.11,44.71,3.8,mid_season,loamy,15.27,0
44.91,12.81,49.27,3.92,late,clay,8.18,0
82.26,12.13,72.63,4.06,initial,loamy,2.35,0
65.54,28.16,80.41,0,development,sandy,0,0
49.97,19.97,87.03,4.64,initial,sandy,2.95,0
45.62,15.81,87.68,3.4,late,sandy,1.27,0
27.67,23.69,71.24,4.15,initial,clay,6.95,0
45.37,14.55,63.0,5.12,mid_season,clay,29.7,0
44.86,25.69,47.57,4.34,late,sandy,2.35,0
55.63,29.65,60.91,0,initial,loamy,0,0
46.58,14.24,83.27,3.18,late,sandy,11.82,0
72.71,12.69,84.92,5.07,late,loamy,11.06,0
81.82,19.46,51.14,4.34,mid_season,sandy,8.59,0
73.3,27.82,58.27,4.8,initial,sandy,12.61,0
72.38,28.36,69.39,5.4,initial,clay,7.96,0
63.73,21.54,63.76,0,initial,sandy,0,0
53.29,12.81,75.24,4.94,development,loamy,18.69,0
85.35,20.71,89.64,4.09,development,sandy,3.02,0
30.91,17.84,62.79,2.44,late,sandy,18.2,0
71.04,28.2,47.46,3.45,mid_season,clay,17.0,0
72.09,13.81,72.11,0,development,loamy,0,0
80.34,13.17,62.8,4.1,late,sandy,13.71,0
56.23,21.03,71.14,3.9,mid_season,loamy,14.07,0
62.78,28.78,49.77,5.74,development,clay,10.51,0
73.48,28.88,55.31,2.89,late,clay,5.57,0
59.67,17.04,83.45,0,initial,sandy,0,0
57.22,12.14,61.37,0,initial,sandy,0,0
86.67,21.99,66.73,4.04,development,loamy,15.12,0
65.83,21.73,79.75,4.46,initial,clay,1.6,0
41.04,13.74,81.8,3.94,development,loamy,15.4,0
75.5,14.53,81.14,4.3,development,clay,3.91,0
21.73,27.08,79.34,0,initial,clay,0,0
46.51,22.34,40.47,4.61,mid_season,loamy,9.73,0
44.93,15.77,49.69,3.42,late,loamy,13.79,0
48.47,12.22,49.31,3.68,initial,clay,3.6,0
31.35,15.22,80.62,3.8,late,sandy,20.02,0
38.11,23.91,64.33,5.39,development,clay,10.57,0
39.14,22.76,60.7,0,initial,clay,0,0
57.53,16.27,50.77,3.25,mid_season,loamy,11.07,0
60.2,20.01,57.69,3.04,initial,clay,7.66,0
87.4,19.31,56.84,4.41,late,loamy,5.48,0
50.33,28.87,52.3,3.84,initial,clay,4.74,0
33.02,25.43,70.69,5.2,development,sandy,6.4,0
62.15,27.07,41.8,4.53,late,loamy,2.63,0
42.69,22.42,54.72,3.64,late,loamy,11.43,0
65.89,26.58,73.33,6.81,mid_season,sandy,10.5,0
62.52,12.32,44.79,0,late,sandy,0,0
35.86,28.13,51.75,4.2,late,loamy,3.1,0
62.02,18.51,75.88,1.01,initial,clay,3.35,0
54.69,13.37,57.77,4.12,mid_season,loamy,16.52,0
65.22,20.86,76.04,5.46,mid_season,loamy,11.77,0
64.07,24.55,54.03,2.73,initial,loamy,2.98,0
68.97,24.07,44.32,5.17,mid_season,clay,26.15,0
37.39,22.06,70.97,3.21,late,loamy,6.92,0
69.95,14.22,65.88,5.33,initial,clay,5.08,0
59.89,27.77,76.18,5.92,development,clay,11.25,0
67.9,18.36,66.21,6.32,development,sandy,4.71,0
65.3,12.42,47.63,2.9,mid_season,loamy,11.59,0
40.51,12.09,66.29,2.95,initial,loamy,1.15,0
30.41,29.42,61.04,6.56,initial,loamy,3.99,0
57.22,17.43,63.9,5.32,late,loamy,14.56,0
51.34,20.64,63.79,3.71,mid_season,clay,5.9,0
60.31,26.49,64.86,4.77,development,sandy,15.86,0
53.79,21.35,57.23,0,initial,clay,0,0
32.99,15.05,55.18,5.09,late,sandy,6.81,0
30.34,13.88,86.03,0,initial,loamy,0,0
27.15,24.59,63.19,0.87,mid_season,loamy,10.15,0
44.08,13.67,49.34,4.66,development,sandy,13.38,0
70.37,20.24,73.34,3.27,initial,sandy,12.49,0
29.24,12.9,50.27,3.34,development,clay,1.01,0
54.38,24.41,48.94,5.39,initial,sandy,18.69,0
53.55,22.54,40.47,3.64,mid_season,sandy,7.32,0
45.66,17.45,54.59,2.77,development,sandy,6.89,0
37.14,18.82,45.57,3.77,late,clay,16.7,0
50.3,14.42,61.88,3.61,mid_season,loamy,19.61,0
53.56,16.1,84.39,4.3,initial,sandy,0.61,0
54.04,15.33,49.65,3.97,mid_season,sandy,26.25,0
58.73,26.08,53.3,4.39,initial,clay,7.94,0
91.8,29.79,80.06,4.44,development,clay,9.44,0
52.34,12.86,71.55,3.68,late,loamy,4.03,0
46.1,13.37,42.17,4.77,initial,clay,2.2,0
75.81,13.66,74.56,3.01,development,sandy,3.43,0
55.69,15.15,85.41,3.71,mid_season,sandy,4.5,0
60.52,29.04,60.88,0,initial,loamy,0,0
55.65,20.22,66.09,2.65,mid_season,clay,12.6,0
32.24,23.06,56.83,0,development,sandy,0,1
41.05,20.42,76.48,3.58,initial,sandy,9.69,0
61.54,17.18,69.77,3.61,mid_season,clay,9.4,0
44.53,23.37,62.23,5.73,late,loamy,11.0,0
35.39,22.38,72.37,3.75,late,clay,5.1,0
61.59,24.28,59.99,5.26,late,clay,17.05,0
72.12,16.97,42.27,5.43,mid_season,loamy,10.52,0
75.2,20.02,86.74,2.83,development,loamy,7.56,0
60.07,12.95,84.8,2.78,initial,sandy,5.81,0
40.78,14.89,69.64,2.08,initial,loamy,14.41,0
57.98,12.78,87.97,3.43,initial,loamy,1.98,0
62.44,16.89,77.92,0,initial,loamy,0,0
60.83,20.49,77.61,0,late,loamy,0,0
53.03,16.94,89.05,4.75,mid_season,sandy,5.82,0
27.9,14.71,54.74,5.27,mid_season,sandy,11.02,0
45.35,26.36,61.7,4.97,late,sandy,17.46,0
33.84,27.05,45.75,5.91,development,loamy,5.57,0
76.49,14.17,47.75,4.29,development,loamy,1.2,0
73.57,13.86,85.02,4.21,initial,sandy,7.9,0
86.08,13.41,83.41,2.47,development,loamy,14.74,0
39.49,23.83,88.19,3.9,late,loamy,15.29,0
59.6,28.15,76.12,3.44,initial,clay,16.37,0
60.58,15.3,73.54,3.96,mid_season,loamy,3.44,0
47.76,13.78,49.8,3.02,development,loamy,8.06,0
42.84,26.44,52.79,2.5,late,clay,5.12,0
59.96,28.61,84.83,5.33,mid_season,sandy,11.46,0
38.37,25.32,71.39,3.25,development,loamy,7.85,0
48.86,21.7,74.56,3.65,mid_season,loamy,1.86,0
54.49,13.48,66.53,0,late,loamy,0,0
83.5,18.65,75.34,3.69,mid_season,sandy,10.92,0
66.53,24.02,65.14,4.07,initial,loamy,4.31,0
74.6,20.57,79.81,3.04,late,sandy,14.96,0
72.8,19.88,42.86,3.87,initial,clay,2.28,0
94.07,15.49,58.1,3.98,development,sandy,16.73,0
46.01,21.83,61.5,4.89,late,sandy,21.43,0
52.71,22.01,62.51,5.93,development,sandy,10.22,0
95,12.26,80.65,5.11,mid_season,clay,15.04,0
83.28,20.96,41.28,0,development,sandy,0,0
58.97,28.92,57.3,5.03,late,loamy,15.17,0
53.73,23.52,70.34,3.76,development,clay,16.07,0
78.0,20.5,50.94,4.34,late,sandy,2.5,0
14.16,22.43,77.99,4.01,late,sandy,2.98,0
90.34,17.89,81.64,2.7,late,clay,12.81,0
64.99,20.7,85.22,4.05,initial,loamy,1.81,0
51.68,16.62,44.38,3.39,initial,clay,10.79,0
76.02,22.96,85.97,0,development,sandy,0,0
73.36,20.63,71.66,0,initial,sandy,0,0
44.83,24.75,43.95,4.36,development,loamy,9.01,0
58.6,22.31,66.98,5.41,late,clay,14.89,0
37.51,28.51,44.27,4.08,late,sandy,5.63,0
45.53,24.26,74.34,4.1,development,loamy,3.56,0
37.36,15.17,55.62,3.93,late,loamy,22.6,0
65.12,17.01,58.34,4.01,late,sandy,3.96,0
73.48,23.68,51.67,5.86,mid_season,sandy,4.91,0
33.7,29.02,49.7,3.2,initial,clay,2.17,0
63.38,24.23,46.57,5.52,late,sandy,2.48,0
68.61,28.63,58.68,0,late,loamy,0,0
71.68,19.34,45.33,2.98,initial,sandy,7.05,0
51.9,12.59,58.56,7.01,mid_season,clay,11.24,0
62.99,21.34,54.4,5.22,late,loamy,6.19,0
34.19,21.98,52.11,3.83,mid_season,clay,16.52,0
54.8,23.37,43.25,2.01,late,clay,11.07,0
81.16,26.36,65.76,5.48,mid_season,clay,14.22,0
89.46,28.82,86.44,3.15,initial,loamy,11.38,0
65.66,27.59,64.12,3.66,mid_season,clay,0.22,0
28.07,26.34,70.41,4.72,development,sandy,4.73,0
59.26,24.97,64.26,3.88,mid_season,sandy,3.44,0
40.04,24.98,70.52,5.1,late,clay,10.93,0
67.07,12.48,58.3,2.08,late,loamy,15.47,0
31.67,14.24,43.02,6.46,mid_season,sandy,22.48,0
46.57,14.45,71.09,4.41,development,clay,11.85,0
21.09,23.23,86.94,3.64,late,loamy,14.03,0
86.11,23.58,64.36,3.41,mid_season,sandy,8.64,0
25.05,20.74,57.3,3.63,mid_season,clay,6.73,0
75.14,20.14,43.98,5.97,development,clay,3.46,0
76.22,29.17,61.48,3.8,initial,clay,5.93,0
54.09,27.87,56.95,0,initial,sandy,0,0
28.81,27.52,83.8,2.34,late,loamy,7.61,0
59.45,22.99,86.88,5.18,initial,loamy,6.32,0
40.72,20.17,63.88,2.73,late,sandy,2.59,0
45.67,17.39,49.92,5.33,development,sandy,19.51,0
63.63,23.27,88.81,2.7,late,loamy,12.01,0
57.49,23.79,73.84,3.98,development,clay,13.06,0
47.06,18.12,71.86,3.15,mid_season,sandy,4.8,0
34.18,21.83,69.7,4.77,mid_season,loamy,7.39,0
61.71,29.43,88.95,5.0,late,clay,16.18,0
33.69,25.99,44.09,0,development,loamy,0,1
65.34,17.31,76.35,4.12,late,clay,6.05,0
48.9,26.1,60.04,3.8,late,loamy,8.8,0
68.0,28.99,87.85,5.1,late,loamy,9.21,0
40.74,29.43,80.72,3.88,mid_season,clay,20.66,0
52.06,18.36,77.63,2.64,development,clay,13.28,0
31.64,22.84,79.42,4.58,late,sandy,12.85,0
45.07,25.72,51.87,4.65,mid_season,sandy,8.83,0
9.34,12.68,62.34,2.89,mid_season,clay,20.8,0
59.53,15.24,61.17,3.81,mid_season,clay,17.58,0
47.23,20.45,49.7,3.73,development,sandy,13.21,0
57.54,24.27,83.61,0,development,loamy,0,0
26.52,13.56,62.31,4.96,development,sandy,8.34,0
50.18,16.87,61.76,4.86,initial,loamy,6.49,0
68.57,20.57,79.04,4.03,development,clay,10.7,0
81.18,15.4,52.05,5.66,initial,clay,11.38,0
22.09,17.25,48.78,4.34,late,clay,14.59,0
75.11,29.18,87.73,5.27,mid_season,loamy,4.78,0
43.38,13.4,83.9,4.8,mid_season,clay,17.84,0
58.82,19.98,48.54,4.74,mid_season,clay,14.49,0
49.52,29.26,45.33,3.14,mid_season,sandy,15.25,0
48.21,13.64,70.12,2.41,late,clay,4.05,0
92.64,19.09,67.39,5.71,mid_season,clay,23.75,0
27.36,27.28,47.92,4.78,late,clay,15.47,0
38.44,15.89,70.75,4.2,initial,clay,6.53,0
27.93,20.09,89.8,6.95,initial,sandy,1.16,0
34.67,14.61,64.27,3.37,late,clay,18.48,0
49.69,14.34,88.14,2.52,late,loamy,6.98,0
52.76,14.65,81.66,0,initial,sandy,0,0
87.23,16.83,41.63,0,late,clay,0,0
81.12,12.88,67.27,4.06,development,loamy,7.57,0
32.26,21.16,77.71,3.37,development,clay,8.4,0
72.12,21.55,75.09,5.97,late,loamy,18.44,0
53.66,27.13,74.34,4.3,late,loamy,14.6,0
41.67,18.35,80.92,3.85,initial,clay,11.16,0
20.57,15.5,61.13,4.19,development,clay,25.29,0
58.86,29.82,49.19,4.58,initial,sandy,1.38,0
68.81,21.35,86.97,2.47,mid_season,sandy,1.02,0
42.78,14.91,40.53,3.82,initial,loamy,5.38,0
52.91,19.11,50.19,5.39,initial,loamy,5.15,0
47.58,15.93,74.08,4.89,late,clay,12.77,0
37.52,25.12,59.49,0,initial,loamy,0,0
75.4,18.91,77.6,4.73,late,loamy,13.72,0
57.56,15.62,69.78,4.13,late,loamy,6.63,0
57.88,24.73,54.35,4.37,initial,sandy,7.78,0
31.66,15.25,48.51,0,mid_season,sandy,0,1
36.34,23.38,57.23,3.94,initial,sandy,14.27,0
85.87,18.39,41.22,5.14,development,clay,2.76,0
39.65,20.07,68.41,4.29,development,loamy,5.06,0
67.67,28.56,57.31,6.27,initial,loamy,2.94,0
37.53,12.04,66.96,3.11,late,clay,21.27,0
45.14,18.68,87.31,3.76,late,loamy,6.74,0
49.12,13.77,79.07,3.94,development,sandy,6.4,0
14.09,23.9,42.17,5.36,mid_season,clay,14.8,0
72.26,16.05,74.66,0,development,sandy,0,0
76.75,15.32,51.14,4.68,development,loamy,8.34,0
25.22,28.76,41.21,4.55,late,clay,3.56,0
86.98,21.53,65.74,3.92,development,sandy,13.56,0
24.12,24.61,82.91,0,initial,sandy,0,0
57.34,12.87,59.86,1.8,late,sandy,16.19,0
37.39,13.65,78.91,5.75,mid_season,loamy,24.68,0
42.56,24.25,66.9,3.27,development,sandy,12.83,0
49.32,19.12,48.89,5.08,development,sandy,18.06,0
61.54,17.61,81.3,4.57,late,sandy,3.56,0
95,24.3,87.69,2.84,mid_season,loamy,22.22,0
65.42,19.32,70.16,2.59,initial,loamy,9.64,0
58.08,27.79,53.77,4.07,mid_season,sandy,15.85,0
61.77,12.84,72.01,2.82,initial,loamy,10.54,0
43.11,17.75,74.41,2.56,late,clay,15.6,0
29.2,17.47,57.31,2.15,development,loamy,20.15,0
69.43,19.91,74.48,4.73,late,sandy,11.3,0
48.32,22.46,85.28,4.5,mid_season,sandy,13.6,0
40.42,27.16,75.52,3.76,late,sandy,8.95,0
57.32,16.21,82.1,5.92,mid_season,sandy,15.6,0
80.28,17.17,60.26,5.85,development,sandy,4.68,0
56.19,21.7,47.01,2.32,development,loamy,14.39,0
66.48,24.43,54.0,4.3,late,clay,13.43,0
86.5,29.32,44.02,4.36,development,sandy,3.37,0
56.22,12.21,66.09,3.91,development,clay,7.22,0
64.45,28.35,46.4,4.81,initial,clay,0.74,0
46.55,29.64,48.77,2.3,late,sandy,4.35,0
85.21,17.15,69.25,0,mid_season,sandy,0,0
89.98,25.19,67.52,4.19,initial,loamy,5.5,0
91.91,23.0,60.43,4.35,late,loamy,19.45,0
24.32,18.13,60.64,0,development,clay,0,1
80.03,22.7,50.69,3.82,development,loamy,6.37,0
43.03,17.92,89.13,5.19,mid_season,clay,10.58,0
70.79,19.86,88.14,3.97,late,clay,18.25,0
54.79,26.07,77.64,3.57,late,loamy,15.7,0
95,21.31,86.72,4.69,initial,sandy,8.67,0
47.52,23.43,76.03,0,late,sandy,0,1
55.29,24.69,49.16,4.98,initial,loamy,9.14,0
72.15,19.19,49.9,2.7,initial,clay,9.23,0
64.15,29.63,71.15,1.72,late,clay,21.76,0
57.69,28.98,85.26,2.65,late,clay,12.1,0
70.34,19.1,69.34,6.32,initial,loamy,3.09,0
41.12,28.2,45.58,3.72,initial,sandy,7.0,0
46.32,20.08,45.64,6.02,mid_season,clay,21.59,0
48.48,28.54,59.51,4.32,development,loamy,2.82,0
64.04,22.67,70.01,3.33,mid_season,loamy,0.78,0
57.58,23.83,77.82,5.38,development,clay,22.81,0
75.16,12.04,40.63,2.95,development,clay,6.73,0
95,12.22,60.27,3.91,initial,clay,6.45,0
95,14.01,77.54,3.68,development,sandy,2.68,0
61.15,23.23,48.72,3.08,mid_season,loamy,9.76,0
73.4,25.65,62.57,4.84,initial,loamy,11.16,0
50.15,15.0,61.22,4.52,late,clay,8.69,0
66.4,14.95,64.76,5.99,mid_season,sandy,0.01,0
52.84,28.19,84.06,5.75,initial,clay,9.16,0
47.62,16.85,51.86,3.46,initial,clay,0.42,0
47.89,20.79,82.33,0,initial,clay,0,0
55.43,27.18,45.59,3.68,development,sandy,10.0,0
41.41,24.15,53.77,3.79,development,sandy,3.09,0
68.03,13.27,40.64,5.0,mid_season,loamy,7.17,0
81.34,23.09,72.37,3.63,mid_season,loamy,2.71,0
64.26,16.78,81.15,4.32,mid_season,loamy,22.86,0
42.86,18.19,55.11,4.43,development,clay,4.85,0
80.98,29.59,68.34,4.21,late,sandy,6.26,0
58.44,24.42,45.41,3.33,development,loamy,12.14,0
53.45,26.8,51.75,4.82,development,sandy,15.49,0
53.32,26.33,41.22,0,initial,clay,0,0
42.24,14.7,78.39,2.56,development,clay,16.51,0
31.96,14.11,81.17,3.35,initial,sandy,3.78,0
62.8,15.6,86.57,4.36,initial,sandy,3.36,0
73.82,15.46,68.79,3.38,initial,loamy,9.75,0
42.8,19.52,59.94,4.32,initial,clay,9.16,0
55.55,19.25,85.68,4.22,development,sandy,3.42,0
60.15,16.09,89.12,4.62,initial,sandy,11.91,0
65.41,20.27,88.45,3.46,development,loamy,10.28,0
64.34,12.18,54.69,3.08,development,sandy,1.9,0
75.35,23.63,64.9,5.13,initial,clay,9.1,0
78.9,28.37,87.52,3.4,initial,clay,1.02,0
73.59,12.65,49.37,3.21,mid_season,loamy,10.33,0
38.04,28.07,85.34,4.03,mid_season,clay,15.17,0
67.64,18.96,60.8,3.9,mid_season,clay,8.49,0
50.53,28.08,80.22,0,initial,sandy,0,0
55.1,14.16,71.21,4.06,late,sandy,8.98,0
58.2,15.41,50.37,3.11,late,clay,6.78,0
69.82,24.57,80.79,5.38,late,loamy,1.73,0
44.87,26.17,71.78,5.28,initial,loamy,9.22,0
38.21,29.8,51.22,4.25,initial,clay,7.45,0
50.02,27.47,46.38,6.18,development,clay,7.36,0
45.9,19.78,66.68,1.81,initial,loamy,15.1,0
95,16.3,57.28,5.78,late,sandy,9.63,0
34.88,13.74,69.74,3.52,late,clay,10.37,0
76.71,28.21,61.35,1.87,mid_season,clay,7.59,0
56.77,14.01,50.99,3.91,mid_season,clay,13.3,0
38.79,27.73,40.01,3.15,initial,loamy,9.73,0
73.56,25.54,80.76,3.61,development,clay,6.12,0
74.9,26.07,62.79,2.94,development,sandy,19.09,0
42.41,20.41,79.03,2.86,development,clay,12.36,0
58.19,26.83,79.49,3.73,development,loamy,13.0,0
44.32,29.83,56.17,4.98,initial,loamy,1.49,0
42.42,16.22,79.38,3.16,initial,loamy,4.68,0
46.98,17.99,59.41,0,late,clay,0,0
53.72,15.92,80.98,4.67,late,sandy,15.16,0
49.34,21.53,77.48,3.6,mid_season,sandy,8.29,0
70.84,26.41,65.92,3.44,mid_season,clay,11.56,0
23.19,29.04,41.05,3.48,late,loamy,5.16,0
55.66,18.67,80.08,4.36,initial,clay,13.08,0
77.67,21.66,70.59,3.76,mid_season,clay,8.56,0
37.2,29.42,53.73,0,initial,loamy,0,0
53.6,28.47,42.34,5.28,mid_season,loamy,8.22,0
77.89,18.46,45.99,4.19,mid_season,clay,16.19,0
32.49,16.52,58.02,2.84,initial,loamy,3.58,0
54.75,17.58,65.93,0,development,loamy,0,0
41.04,26.9,89.79,4.05,initial,sandy,2.61,0
53.1,22.04,74.31,4.06,mid_season,sandy,6.17,0
70.38,16.6,45.59,4.58,development,loamy,14.21,0
38.26,14.34,62.6,0,development,clay,0,1
56.67,20.96,78.93,1.3,late,clay,24.04,0
31.73,23.06,73.98,5.07,initial,sandy,9.08,0
95,12.52,53.53,3.63,development,clay,17.03,0
42.57,17.38,63.55,3.15,mid_season,sandy,7.97,0
95,29.6,48.32,4.52,mid_season,clay,25.37,0
76.26,17.15,53.17,2.83,initial,clay,16.29,0
51.12,21.24,62.05,2.66,mid_season,sandy,10.45,0
58.2,23.31,75.89,5.54,development,sandy,9.95,0
40.48,29.76,70.84,2.97,development,sandy,9.48,0
89.18,13.15,41.97,3.22,initial,clay,0.65,0
38.27,12.18,52.88,3.31,late,loamy,4.34,0
73.78,25.4,79.06,4.6,mid_season,sandy,4.71,0
66.47,22.51,64.53,6.42,late,sandy,7.53,0
46.22,24.38,87.63,3.27,mid_season,loamy,15.06,0
55.31,12.02,76.6,4.57,initial,clay,14.4,0
42.97,22.33,83.92,0,development,sandy,0,1
58.01,15.95,83.3,2.55,mid_season,loamy,18.26,0
69.03,18.65,85.88,0,mid_season,loamy,0,0
73.68,26.57,62.57,7.1,mid_season,loamy,15.73,0
62.98,21.18,66.34,4.36,initial,clay,11.15,0
76.44,16.11,40.49,3.76,development,loamy,7.65,0
35.31,24.54,69.85,4.9,late,sandy,3.7,0
19.3,14.63,45.11,5.27,development,loamy,15.18,0
47.61,19.87,55.21,0,initial,clay,0,0
65.22,15.06,57.83,3.89,late,sandy,5.6,0
76.33,27.42,88.97,0,initial,sandy,0,0
81.07,27.52,78.36,4.8,late,sandy,8.48,0
53.87,23.9,79.24,0,development,sandy,0,1
90.28,28.23,73.43,3.92,late,clay,9.75,0
21.92,13.78,52.36,2.09,development,sandy,4.23,0
58.79,12.05,51.31,5.76,development,loamy,13.81,0
50.23,12.52,62.55,2.66,late,loamy,7.31,0
66.34,19.72,61.14,4.57,late,loamy,13.64,0
81.95,15.77,66.43,5.42,late,loamy,7.04,0
56.33,26.69,63.82,4.65,initial,sandy,4.64,0
39.9,20.13,43.12,4.53,initial,sandy,5.18,0
47.47,12.52,50.51,4.17,initial,clay,11.29,0
59.42,18.11,51.51,0,initial,loamy,0,0
68.49,24.79,60.94,5.34,mid_season,clay,12.19,0
66.78,26.36,88.75,5.49,mid_season,sandy,16.67,0
38.87,14.32,73.65,6.14,initial,clay,5.67,0
55.22,15.35,85.49,4.4,initial,clay,6.11,0
37.95,24.35,55.45,4.63,late,clay,25.63,0
9.94,22.44,40.92,3.99,late,sandy,16.46,0
95,16.86,88.9,3.63,initial,loamy,15.12,0
34.01,12.67,70.32,0,development,sandy,0,1
50.09,25.81,40.05,0,development,sandy,0,1
54.25,14.8,75.66,3.6,development,clay,5.04,0
44.11,25.8,47.38,2.3,development,clay,6.64,0
67.75,13.6,81.2,2.61,development,clay,5.43,0
63.03,23.76,45.67,0,late,clay,0,0
57.19,20.31,62.87,3.72,mid_season,clay,8.66,0
68.27,28.57,63.81,3.96,initial,loamy,3.87,0
52.44,29.29,61.18,3.35,initial,loamy,1.45,0
64.23,14.4,44.53,3.26,mid_season,loamy,10.46,0
34.82,12.44,50.09,0,initial,loamy,0,0
43.17,15.59,79.03,0,initial,sandy,0,0
77.71,23.21,44.5,4.4,development,sandy,14.9,0
54.23,13.52,51.74,4.57,mid_season,sandy,12.09,0
36.61,14.1,86.12,3.95,mid_season,loamy,21.9,0
78.95,27.39,79.85,4.58,initial,clay,1.72,0
48.29,18.31,72.23,4.13,late,loamy,5.54,0
85.09,24.58,44.25,3.69,development,loamy,10.74,0
69.32,17.9,83.77,3.2,mid_season,sandy,22.43,0
37.66,16.12,73.44,2.48,development,clay,8.72,0
60.94,13.87,55.76,2.76,mid_season,clay,20.84,0
17.14,25.32,87.32,6.7,development,loamy,5.37,0
47.26,26.54,78.03,6.14,mid_season,clay,12.26,0
53.64,21.07,44.13,3.98,development,clay,1.54,0
66.66,19.9,84.98,3.57,late,loamy,6.79,0
61.25,19.48,61.98,3.07,development,loamy,5.44,0
30.31,12.66,65.69,3.04,development,loamy,5.76,0
80.26,12.8,40.71,6.43,development,loamy,7.16,0
74.56,23.42,75.38,5.47,late,clay,1.07,0
59.79,19.36,86.52,4.03,late,sandy,22.95,0
37.33,24.81,42.58,4.45,late,sandy,8.49,0
28.94,24.39,88.78,4.28,late,sandy,11.65,0
19.19,17.63,57.3,0,development,clay,0,1
69.25,18.34,62.21,0,development,loamy,0,0
21.58,23.24,61.87,4.74,late,clay,6.33,0
49.74,21.2,43.71,3.47,initial,clay,0.78,0
84.78,15.02,47.21,4.52,development,loamy,3.78,0
63.43,29.75,53.28,0,initial,sandy,0,0
56.74,13.42,72.73,1.83,development,clay,5.22,0
64.73,13.57,81.18,0,initial,sandy,0,0
38.35,26.23,77.68,5.15,initial,sandy,0.89,0
57.77,13.05,51.59,3.52,initial,loamy,7.4,0
55.11,20.46,55.97,4.94,initial,clay,0.67,0
57.58,12.58,68.05,5.86,initial,clay,8.64,0
56.11,23.4,42.22,3.78,late,sandy,0.26,0
55.98,14.74,70.02,4.83,initial,sandy,10.25,0
84.7,27.14,40.24,4.93,mid_season,clay,5.55,0
68.75,19.6,51.15,2.02,development,clay,16.92,0
87.63,19.29,43.24,1.96,mid_season,loamy,12.98,0
72.52,16.21,81.52,3.01,mid_season,sandy,0.86,0
40.41,23.58,81.39,1.51,development,clay,9.07,0
37.43,14.32,87.87,3.56,development,clay,15.91,0
36.8,23.22,61.98,6.22,late,sandy,16.82,0
67.94,13.32,58.51,4.35,mid_season,loamy,0.71,0
56.83,17.92,69.07,2.96,mid_season,sandy,12.13,0
43.46,13.5,52.21,4.05,development,clay,6.98,0
30.65,18.46,78.12,3.85,development,loamy,8.29,0
76.02,22.47,43.18,3.93,development,clay,10.91,0
55.56,26.72,57.76,2.21,mid_season,loamy,9.94,0
64.31,18.27,43.18,0,development,clay,0,0
75.38,18.7,79.96,4.45,late,loamy,16.46,0
60.86,12.21,45.46,3.63,mid_season,loamy,12.83,0
32.75,16.66,58.1,4.53,late,clay,15.25,0
40.89,21.91,85.85,2.75,initial,sandy,3.74,0
26.19,19.38,47.32,5.14,development,clay,14.63,0
59.53,13.84,70.68,1.48,mid_season,loamy,16.14,0
64.7,20.73,68.98,5.04,late,loamy,11.55,0
54.88,13.15,61.07,4.49,initial,sandy,0.37,0
49.35,12.28,83.44,0,initial,loamy,0,0
41.26,15.42,48.11,2.95,initial,sandy,7.41,0
61.78,24.11,52.07,0,initial,loamy,0,0
61.93,20.02,84.67,5.07,late,loamy,1.59,0
12.94,22.46,86.04,4.64,mid_season,sandy,0.0,0
62.98,16.67,71.9,3.59,late,loamy,6.31,0
7.43,27.73,47.64,5.12,mid_season,clay,10.64,0
37.33,26.24,73.39,3.82,late,clay,0.85,0
69.83,17.39,82.98,4.53,late,loamy,20.13,0
38.28,12.62,58.91,3.8,late,sandy,10.23,0
59.29,24.24,57.3,3.62,late,sandy,8.82,0
53.6,24.71,84.32,4.91,mid_season,clay,7.37,0
48.25,16.07,56.18,5.39,late,sandy,1.13,0
68.65,20.56,56.15,5.95,development,clay,12.39,0
45.0,24.41,56.01,5.26,late,clay,0.6,0
20.33,20.77,74.55,2.71,mid_season,loamy,3.04,0
65.07,13.8,85.36,6.52,mid_season,clay,33.69,0
72.66,13.35,50.71,0,initial,clay,0,0
61.16,16.29,73.22,3.85,development,sandy,4.97,0
41.46,17.38,77.2,5.29,initial,clay,4.16,0
54.41,21.36,68.52,5.36,development,sandy,3.87,0
45.71,15.09,50.12,5.01,late,clay,17.54,0
65.25,13.61,68.92,0,development,loamy,0,0
61.28,17.37,52.23,4.53,development,loamy,0.77,0
83.79,21.83,53.42,5.35,initial,loamy,7.72,0
43.03,15.43,45.83,3.37,initial,sandy,7.11,0
85.02,21.4,41.87,4.99,initial,sandy,9.86,0
40.75,26.76,69.83,6.35,mid_season,loamy,9.39,0
82.91,20.53,53.38,0,initial,sandy,0,0
51.19,17.63,81.3,5.08,development,loamy,1.65,0
81.06,19.01,82.8,3.89,late,sandy,6.48,0
34.58,29.13,41.01,0,initial,loamy,0,0
70.84,29.71,72.96,3.23,development,sandy,8.71,0
74.5,23.72,68.11,5.14,late,clay,11.05,0
54.48,22.84,74.07,2.66,development,sandy,16.36,0
30.7,19.06,73.82,0,mid_season,sandy,0,1
49.44,14.23,46.63,5.61,mid_season,sandy,1.13,0
39.17,18.0,88.34,3.27,development,sandy,11.4,0
57.87,20.02,57.66,4.04,development,loamy,3.07,0
48.17,23.41,75.21,4.12,mid_season,clay,6.45,0
42.92,19.07,84.26,3.62,mid_season,sandy,10.33,0
64.16,13.31,44.18,4.22,development,sandy,1.73,0
62.03,18.31,41.9,1.9,mid_season,loamy,12.61,0
62.88,21.85,69.22,4.02,initial,loamy,9.37,0
44.01,19.05,83.76,4.05,initial,clay,11.08,0
49.76,25.1,83.77,0,development,loamy,0,1
35.94,12.02,67.57,5.59,mid_season,clay,8.64,0
67.26,27.07,69.82,4.62,mid_season,clay,11.64,0
80.94,16.61,65.0,2.2,late,sandy,12.52,0
85.32,28.13,56.48,3.88,development,clay,0.98,0
47.52,21.78,50.62,0,initial,loamy,0,0
70.97,21.95,59.12,3.8,initial,loamy,13.54,0
61.02,19.05,49.16,3.94,late,loamy,6.07,0
44.26,20.02,70.94,1.98,late,sandy,10.88,0
37.15,16.31,54.66,4.91,initial,loamy,5.93,0
48.59,12.24,83.23,4.4,late,loamy,1.44,0
79.04,22.33,51.13,4.52,mid_season,sandy,3.96,0
83.18,22.01,72.61,3.26,late,loamy,14.28,0
47.3,19.21,63.77,3.54,mid_season,clay,21.24,0
24.61,12.68,54.73,3.79,late,clay,19.0,0
23.56,27.76,53.73,2.95,initial,loamy,0.63,0
43.45,18.07,48.27,3.63,late,clay,2.56,0
49.44,25.03,68.79,5.89,initial,sandy,16.74,0
81.99,12.58,73.35,3.36,late,loamy,11.49,0
41.31,23.9,59.92,3.61,initial,sandy,0.51,0
55.89,28.07,59.53,3.58,mid_season,loamy,3.03,0
70.92,21.6,74.81,5.52,initial,clay,6.72,0
47.88,13.36,84.66,0,initial,sandy,0,0
87.32,25.23,74.21,3.2,late,loamy,16.0,0
64.04,23.77,74.91,3.82,development,loamy,10.37,0
64.35,23.79,64.09,3.35,development,clay,13.05,0
47.39,16.74,66.99,2.84,mid_season,loamy,11.25,0
46.81,26.78,89.46,4.7,mid_season,clay,3.54,0
46.5,13.77,41.71,3.46,late,clay,0.53,0
33.75,24.85,66.09,0,development,clay,0,1
87.09,21.96,53.15,3.67,initial,sandy,6.01,0
32.78,12.21,43.14,5.61,development,clay,16.73,0
43.6,28.72,62.39,4.96,initial,clay,1.5,0
51.31,23.33,69.37,4.64,late,loamy,5.87,0
31.67,25.44,81.59,5.64,initial,clay,2.27,0
82.44,25.93,79.86,2.73,late,clay,13.75,0
66.78,29.89,44.97,2.95,development,clay,17.49,0
23.91,27.28,56.16,4.21,late,sandy,13.65,0
8.73,29.21,81.97,4.47,late,loamy,6.87,0
58.1,25.07,72.6,3.86,mid_season,sandy,14.21,0
66.93,19.8,67.91,4.14,development,loamy,6.17,0
37.59,17.57,63.09,0,development,loamy,0,1
59.5,18.57,50.86,3.18,mid_season,sandy,18.37,0
74.92,18.27,84.15,4.29,late,sandy,11.36,0
44.49,16.52,84.68,4.11,mid_season,sandy,15.78,0
49.6,28.65,66.4,2.16,late,loamy,8.24,0
54.45,19.18,83.8,3.6,initial,loamy,10.95,0
64.43,22.24,49.07,0,initial,loamy,0,0
57.63,23.28,56.61,4.96,mid_season,loamy,3.79,0
22.44,26.52,86.45,2.91,development,clay,4.87,0
49.15,26.54,67.09,6.22,mid_season,clay,14.85,0
70.47,15.72,70.83,2.4,mid_season,clay,15.7,0
73.92,18.45,62.76,2.68,late,loamy,10.38,0
47.16,16.57,47.98,5.03,initial,loamy,12.92,0
56.78,24.73,51.71,5.79,initial,loamy,4.34,0
52.79,28.77,41.79,0,late,loamy,0,0
78.73,20.46,44.61,4.06,development,clay,11.01,0
95,21.27,48.0,3.43,initial,clay,21.4,0
35.8,19.66,42.58,5.33,development,clay,0.77,0
57.66,12.13,74.71,0,initial,loamy,0,0
67.13,17.2,76.38,5.75,mid_season,clay,14.47,0
59.05,24.78,50.53,3.53,late,loamy,7.27,0
57.11,26.48,87.93,3.33,mid_season,sandy,21.23,0
74.84,19.72,64.4,4.32,late,clay,21.13,0
65.37,19.03,76.74,2.39,initial,sandy,9.01,0
52.6,17.26,48.43,6.44,initial,clay,10.57,0
79.35,18.8,83.5,5.13,initial,loamy,12.77,0
37.57,28.93,77.4,2.94,late,loamy,25.35,0
79.12,25.28,52.74,4.18,development,loamy,2.89,0
32.01,21.92,46.35,1.79,late,sandy,2.97,0
33.9,22.13,46.68,4.04,mid_season,clay,18.64,0
43.81,26.25,52.27,3.79,initial,clay,8.35,0
68.15,13.38,74.81,2.68,late,clay,14.67,0
81.89,14.18,59.1,3.76,mid_season,sandy,5.09,0
34.08,26.94,82.09,3.1,mid_season,sandy,0.19,0
50.55,17.02,62.58,0,initial,sandy,0,0
43.95,16.1,68.96,2.85,development,clay,5.22,0
39.29,28.77,80.02,4.93,late,loamy,4.1,0
39.25,27.71,86.5,2.98,late,loamy,10.74,0
74.2,24.52,47.78,4.6,mid_season,loamy,23.17,0
67.99,18.04,67.98,4.69,development,loamy,11.93,0
77.83,16.86,71.0,0,development,sandy,0,0
35.82,22.14,71.13,3.02,development,clay,6.1,0
45.86,25.55,43.78,2.75,initial,sandy,11.93,0
47.99,15.9,51.64,4.82,development,clay,5.34,0
60.22,26.36,70.9,0,late,sandy,0,0
58.58,18.23,70.07,3.62,mid_season,sandy,12.18,0
44.25,19.07,59.15,1.44,development,loamy,11.29,0
37.81,20.22,81.15,2.27,mid_season,sandy,15.11,0
72.14,16.51,85.73,1.96,mid_season,sandy,22.11,0
68.97,17.68,65.71,0,development,loamy,0,0
64.71,12.99,48.54,5.01,mid_season,clay,11.4,0
27.06,18.62,63.71,0,development,sandy,0,1
54.78,13.67,74.43,3.75,late,loamy,8.38,0
55.4,19.06,56.28,3.86,initial,loamy,15.14,0
84.26,15.59,40.63,4.97,initial,loamy,9.25,0
51.38,28.38,63.73,3.99,initial,sandy,3.0,0
61.08,25.14,83.74,3.55,initial,clay,8.18,0
81.78,25.37,60.18,3.69,initial,clay,9.3,0
70.04,13.95,89.41,4.95,development,loamy,3.29,0
68.56,12.56,53.83,3.62,development,clay,12.66,0
89.02,19.15,61.7,3.7,mid_season,sandy,0.81,0
19.77,23.97,58.2,5.52,development,loamy,4.25,0
45.94,26.8,46.63,3.5,late,clay,20.78,0
20.69,27.39,68.36,4.01,late,loamy,13.48,0
90.5,22.23,57.27,4.1,development,sandy,13.36,0
69.89,20.63,48.75,1.79,initial,clay,20.87,0
33.38,14.12,78.83,4.03,mid_season,clay,24.86,0
32.57,21.24,42.78,2.31,mid_season,clay,14.54,0
35.57,22.16,63.64,3.1,late,loamy,9.73,0
59.55,22.29,72.27,3.84,mid_season,loamy,6.29,0
68.7,20.52,72.77,4.83,late,loamy,5.03,0
29.24,28.42,57.9,4.18,development,loamy,10.03,0
53.91,27.3,80.69,0,mid_season,sandy,0,1
83.49,16.79,54.16,4.05,initial,loamy,13.23,0
91.8,28.17,56.55,3.31,development,sandy,7.97,0
46.91,23.04,59.79,4.87,initial,sandy,3.07,0
52.73,20.12,48.89,0,initial,loamy,0,0
27.23,16.01,79.93,0,development,sandy,0,1
35.27,13.39,41.62,4.11,late,sandy,23.34,0
66.85,26.13,67.5,0,mid_season,sandy,0,0
37.88,12.47,87.39,5.55,late,loamy,26.22,0
66.06,14.59,86.42,0,development,clay,0,0
81.2,29.14,81.64,4.17,mid_season,loamy,29.47,0
59.18,20.39,62.37,6.3,mid_season,sandy,9.91,0
26.39,18.0,69.04,4.95,initial,loamy,4.67,0
24.98,16.33,69.4,4.15,development,clay,10.54,0
66.24,18.8,57.26,5.23,late,sandy,10.73,0
38.47,28.7,73.47,3.04,initial,clay,3.72,0
46.2,23.42,44.54,3.51,late,clay,5.94,0
28.91,13.58,83.1,6.13,development,clay,8.74,0
60.18,23.66,57.37,0,initial,sandy,0,0
38.28,25.34,85.98,2.04,initial,loamy,1.99,0
32.66,17.33,72.04,2.11,development,clay,7.45,0
40.47,21.34,55.77,3.86,mid_season,loamy,6.21,0
45.86,17.66,84.66,5.93,mid_season,clay,9.27,0
76.86,19.59,63.15,3.72,mid_season,loamy,6.21,0
45.25,29.66,57.52,2.46,mid_season,sandy,9.53,0
41.21,29.13,56.92,5.17,late,loamy,2.03,0
64.47,27.34,40.85,4.46,mid_season,clay,22.74,0
51.7,29.26,88.35,0,initial,loamy,0,0
57.68,25.7,87.51,5.16,development,sandy,8.92,0
56.42,27.92,80.23,3.34,development,clay,8.04,0
75.29,24.66,74.43,3.49,initial,loamy,3.21,0
69.39,25.18,84.0,3.85,late,clay,4.71,0
45.26,12.18,70.39,4.4,late,clay,7.08,0
33.95,20.05,43.87,4.72,mid_season,clay,12.35,0
17.7,24.32,40.35,3.63,mid_season,clay,13.06,0
23.81,15.26,75.9,3.98,mid_season,sandy,2.55,0
95,20.55,60.03,4.1,development,sandy,10.68,0
42.62,25.74,65.11,0,initial,clay,0,0
65.96,19.55,53.77,5.09,mid_season,clay,16.27,0
95,18.32,67.55,3.06,mid_season,loamy,14.73,0
56.07,13.68,70.15,4.52,late,sandy,7.42,0
45.74,23.78,48.54,4.8,late,clay,1.9,0
75.97,28.32,55.56,0,initial,loamy,0,0
63.75,20.81,77.19,4.81,initial,sandy,17.57,0
62.66,24.97,79.16,5.26,development,loamy,7.98,0
55.66,18.26,87.07,4.21,development,clay,16.38,0
71.93,23.1,49.06,4.68,development,loamy,3.96,0
5.35,18.96,63.36,3.37,mid_season,loamy,8.84,0
44.36,17.8,79.58,5.73,initial,sandy,3.12,0
65.68,16.28,59.66,2.32,development,loamy,7.27,0
66.13,26.06,55.02,0,development,sandy,0,0
42.71,17.98,87.29,4.37,development,loamy,10.0,0
62.63,22.9,62.73,2.69,mid_season,clay,9.43,0
82.66,18.51,62.47,3.6,late,clay,3.93,0
46.6,17.08,67.28,3.89,late,sandy,7.0,0
58.83,23.99,49.01,0,initial,loamy,0,0
39.55,22.64,61.81,2.32,late,loamy,13.0,0
41.37,29.78,48.64,3.56,mid_season,loamy,15.19,0
63.88,23.02,76.84,3.73,mid_season,sandy,6.55,0
22.54,20.13,86.07,0,initial,clay,0,0
53.51,16.32,56.15,4.29,mid_season,clay,19.89,0
17.43,29.83,44.29,2.02,mid_season,loamy,8.06,0
62.21,26.41,42.55,2.57,late,clay,12.49,0
55.75,12.47,55.01,4.25,initial,loamy,5.37,0
51.67,22.91,73.68,3.99,late,sandy,6.49,0
32.8,18.11,71.88,2.68,late,loamy,3.12,0
61.77,17.0,52.0,3.4,late,clay,13.33,0
77.52,20.42,53.49,3.47,development,sandy,9.5,0
69.4,27.31,49.24,6.16,late,clay,8.7,0
71.58,29.21,47.63,3.44,mid_season,clay,10.67,0
70.35,28.25,45.48,2.74,mid_season,loamy,5.85,0
24.52,17.48,64.12,4.31,initial,clay,11.73,0
61.68,15.5,53.49,3.3,mid_season,clay,18.43,0
23.09,25.8,78.6,6.71,late,sandy,8.07,0
63.61,26.74,81.2,3.7,late,sandy,9.76,0
35.08,21.63,45.62,5.14,late,sandy,5.33,0
68.99,17.62,50.14,3.87,initial,clay,4.83,0
53.31,18.36,62.3,2.7,development,loamy,5.26,0
52.73,28.0,57.93,3.73,mid_season,sandy,17.06,0
90.46,20.6,79.3,5.21,mid_season,loamy,11.59,0
69.02,13.49,56.38,4.09,development,clay,11.67,0
78.31,23.46,70.51,4.76,initial,loamy,2.88,0
53.37,27.01,41.11,0,initial,loamy,0,0
65.01,23.28,56.89,4.19,mid_season,clay,14.65,0
35.09,13.22,52.49,0,development,sandy,0,1
53.53,16.09,71.78,3.99,mid_season,clay,18.83,0
44.99,20.59,71.73,4.13,development,sandy,11.25,0
86.89,29.84,63.93,2.9,late,sandy,9.38,0
50.54,16.33,60.4,4.75,mid_season,loamy,15.3,0
28.3,27.78,41.26,4.51,mid_season,sandy,19.79,0
95,20.11,62.93,4.79,initial,sandy,9.71,0
56.2,18.04,58.12,0,initial,sandy,0,0
43.23,23.74,65.84,0,development,clay,0,1
90.09,14.53,65.38,3.18,initial,sandy,0.03,0
42.34,26.7,81.84,5.72,development,loamy,5.3,0
58.68,20.6,64.41,3.54,late,loamy,15.61,0
56.41,21.15,71.17,6.28,mid_season,loamy,8.98,0
53.0,24.16,46.33,4.41,late,clay,11.07,0
56.51,17.3,45.26,0,initial,loamy,0,0
62.51,25.53,64.74,3.93,initial,clay,6.03,0
58.57,24.59,86.21,3.38,initial,sandy,12.4,0
68.57,27.24,87.34,2.81,initial,clay,16.82,0
50.48,25.28,78.96,3.39,late,clay,4.41,0
77.05,28.81,77.86,4.85,late,sandy,16.21,0
67.57,26.67,51.25,3.25,development,loamy,15.5,0
75.27,13.63,60.15,3.68,mid_season,clay,12.61,0
38.58,25.07,54.81,2.91,mid_season,loamy,12.0,0
80.87,24.59,68.7,4.02,development,clay,1.1,0
85.81,12.55,78.86,5.06,late,loamy,14.69,0
84.78,27.85,66.47,4.66,initial,loamy,1.57,0
70.93,19.78,75.03,3.65,development,loamy,3.11,0
62.77,16.89,66.85,1.91,initial,clay,4.86,0
34.05,25.12,64.84,3.54,initial,clay,7.05,0
74.11,27.79,89.21,4.59,mid_season,sandy,0.11,0
60.37,23.86,69.43,0,development,sandy,0,0
40.56,22.11,70.43,4.28,initial,clay,5.43,0
54.35,14.61,78.04,4.24,late,clay,3.55,0
46.12,24.5,50.22,3.13,late,sandy,11.97,0
50.02,22.16,82.79,2.25,initial,clay,10.92,0
37.05,29.01,49.91,2.51,development,clay,14.91,0
41.02,28.5,55.21,2.72,initial,loamy,13.74,0
71.18,21.0,48.92,4.99,development,loamy,0.98,0
50.85,17.08,78.61,2.15,late,clay,8.42,0
81.17,23.19,53.07,2.49,development,sandy,3.12,0
50.03,28.3,78.43,4.99,initial,sandy,10.49,0
69.71,18.76,42.79,3.25,late,loamy,13.72,0
76.08,14.29,57.19,2.84,mid_season,clay,2.12,0
42.78,16.72,74.84,4.27,mid_season,loamy,7.69,0
22.52,12.67,53.83,4.87,initial,clay,2.0,0
43.11,28.48,59.46,2.87,mid_season,sandy,19.05,0
69.73,14.98,82.88,4.48,late,loamy,6.31,0
52.16,23.83,79.64,0,development,loamy,0,0
45.52,20.77,82.62,2.78,late,clay,2.93,0
68.74,27.09,61.58,2.82,development,loamy,2.4,0
80.34,27.48,74.63,2.31,development,clay,2.56,0
64.36,12.7,89.34,2.31,mid_season,loamy,12.07,0
24.69,20.08,87.52,3.54,late,clay,2.93,0
81.67,29.9,43.38,4.89,initial,loamy,3.2,0
62.93,29.12,56.03,6.06,mid_season,loamy,13.68,0
43.08,21.05,61.71,5.9,development,sandy,28.44,0
64.83,21.16,46.61,3.78,development,clay,15.35,0
49.27,20.6,62.89,3.46,mid_season,clay,12.78,0
56.81,28.14,55.75,0,mid_season,clay,0,0
56.64,12.05,79.09,4.5,development,sandy,12.43,0
50.32,14.03,70.29,3.37,mid_season,loamy,14.23,0
41.37,25.91,53.38,8.01,initial,loamy,3.89,0
54.75,20.69,84.22,4.07,mid_season,clay,6.36,0
33.2,16.17,45.97,0,initial,sandy,0,0
56.09,24.91,59.9,4.4,development,loamy,13.05,0
82.66,27.82,84.2,3.9,development,loamy,16.99,0
41.57,12.27,73.42,3.9,development,sandy,22.8,0
61.06,26.02,73.37,2.36,late,sandy,11.54,0
52.93,26.03,68.97,2.98,mid_season,clay,2.86,0
67.97,26.99,65.29,4.22,development,sandy,9.05,0
56.77,13.31,55.59,5.26,mid_season,sandy,21.65,0
31.11,13.05,42.11,4.04,initial,loamy,0.87,0
53.08,18.21,78.91,0,late,sandy,0,1
27.31,18.57,79.99,6.6,initial,clay,17.82,0
22.44,24.38,62.56,2.82,mid_season,sandy,2.69,0
70.22,22.31,63.66,0.92,initial,loamy,8.84,0
41.86,25.97,40.95,6.01,initial,sandy,13.41,0
30.14,17.28,82.94,3.94,late,sandy,3.51,0
76.02,25.66,70.26,4.84,mid_season,loamy,14.68,0
73.75,24.85,81.68,5.49,initial,loamy,0.85,0
30.45,24.8,47.1,0,late,sandy,0,1
63.33,19.21,42.32,4.09,development,clay,20.85,0
57.5,28.38,55.63,4.13,initial,sandy,3.76,0
41.53,17.17,65.39,3.63,development,sandy,9.16,0
65.96,21.15,87.47,4.16,mid_season,clay,18.0,0
66.14,22.23,71.56,1.95,late,loamy,1.23,0
74.31,21.91,89.86,4.29,development,loamy,12.57,0
74.24,16.0,55.53,5.17,late,clay,7.79,0
56.35,19.84,76.18,3.72,development,loamy,4.9,0
59.64,22.41,61.56,4.58,mid_season,loamy,6.82,0
79.91,22.98,67.56,3.01,mid_season,loamy,7.83,0
78.6,17.34,76.12,0,development,sandy,0,0
21.04,27.11,44.86,4.19,mid_season,clay,18.67,0
63.92,20.91,71.59,4.36,development,clay,12.24,0
35.34,16.74,58.51,2.73,late,loamy,8.64,0
86.21,21.24,45.4,4.81,initial,clay,7.63,0
37.1,16.61,53.52,5.43,late,sandy,13.65,0
42.43,26.79,75.03,3.06,late,sandy,3.49,0
50.62,23.86,83.91,3.48,initial,sandy,11.97,0
50.02,15.15,49.77,4.63,mid_season,loamy,11.08,0
58.02,20.48,84.94,5.39,late,sandy,7.71,0
18.58,20.97,75.07,4.3,initial,loamy,8.78,0
50.82,20.86,68.24,4.9,late,loamy,6.34,0
65.35,23.48,58.79,4.66,mid_season,loamy,12.72,0
54.33,19.22,64.36,4.94,late,sandy,0.09,0
37.94,13.93,59.07,1.6,mid_season,clay,8.12,0
26.76,14.2,67.56,4.51,mid_season,loamy,17.11,0
43.83,17.07,67.68,6.0,late,sandy,13.5,0
81.85,14.21,81.66,0,late,sandy,0,0
51.39,27.44,87.79,3.88,mid_season,sandy,9.55,0
63.12,12.53,66.37,4.97,development,clay,18.87,0
68.14,27.47,85.69,2.6,development,sandy,11.86,0
48.43,23.98,73.42,3.27,mid_season,sandy,20.65,0
53.26,27.63,82.53,4.95,late,sandy,12.45,0
74.88,14.46,47.02,3.54,initial,clay,5.79,0
46.36,21.16,50.12,3.78,initial,clay,14.63,0
84.78,22.82,52.83,0,development,sandy,0,0
79.97,12.18,67.4,5.46,initial,loamy,12.26,0
88.17,24.75,52.73,0,initial,loamy,0,0
41.94,14.3,47.2,0,initial,sandy,0,0
57.51,25.51,49.45,3.85,mid_season,clay,17.27,0
42.46,12.33,78.09,4.68,mid_season,sandy,2.54,0
56.2,28.52,42.04,3.03,development,sandy,16.18,0
48.52,19.41,57.81,3.38,late,sandy,11.3,0
68.68,27.35,46.24,0,development,loamy,0,0
34.33,27.58,41.47,2.11,development,sandy,10.06,0
41.42,20.34,81.44,5.65,development,loamy,10.64,0
61.12,24.32,49.79,4.37,mid_season,clay,12.92,0
65.6,19.71,48.98,3.63,late,clay,6.04,0
67.05,28.53,61.6,2.68,development,loamy,8.85,0
45.41,17.14,52.9,2.83,mid_season,loamy,11.16,0
60.75,25.21,73.31,4.0,initial,clay,4.13,0
41.07,16.23,63.78,3.63,mid_season,loamy,1.39,0
87.79,23.7,85.84,3.97,initial,loamy,0.01,0
40.91,28.44,41.08,0,development,sandy,0,1
71.85,24.14,64.71,3.12,development,loamy,9.77,0
49.59,25.99,78.66,5.07,mid_season,loamy,16.04,0
45.86,15.53,70.26,2.88,mid_season,clay,9.82,0
67.45,28.28,69.5,6.49,mid_season,sandy,14.45,0
52.13,25.42,85.55,4.97,late,clay,11.4,0
33.14,15.45,44.06,3.7,mid_season,clay,14.43,0
82.43,28.84,85.48,4.11,mid_season,sandy,8.22,0
14.64,21.28,74.79,3.81,initial,loamy,5.6,0
43.66,28.95,41.81,0,mid_season,loamy,0,1
40.31,13.11,43.64,2.9,late,loamy,3.81,0
60.4,25.85,79.81,3.08,development,clay,8.96,0
77.82,13.67,67.05,3.26,development,clay,21.85,0
58.78,13.19,49.27,3.86,initial,clay,8.03,0
39.3,27.36,88.58,4.7,mid_season,loamy,12.73,0
71.76,19.83,75.19,0,late,loamy,0,0
72.6,25.7,62.63,3.49,development,loamy,7.4,0
65.59,21.31,52.6,4.39,mid_season,clay,17.74,0
24.11,24.33,41.31,4.74,late,sandy,5.82,0
95,19.99,43.42,4.79,initial,clay,5.19,0
40.38,27.1,60.42,2.02,mid_season,sandy,7.37,0
62.1,27.78,65.44,3.91,mid_season,loamy,11.77,0
67.3,19.64,54.02,0,late,clay,0,0
48.03,12.75,85.41,4.23,late,clay,4.65,0
59.44,20.3,72.28,2.0,development,clay,3.17,0
69.35,15.84,47.71,4.46,initial,sandy,1.66,0
48.37,17.53,55.87,5.45,initial,sandy,7.15,0
70.65,26.88,81.12,5.25,mid_season,sandy,16.8,0
49.19,21.09,63.46,4.53,development,clay,11.25,0
34.87,20.89,68.12,3.35,late,clay,8.82,0
45.21,22.21,68.48,6.57,mid_season,clay,13.98,0
81.86,26.92,55.16,3.4,mid_season,loamy,4.67,0
69.56,12.69,58.01,3.61,late,loamy,15.0,0
43.42,17.73,43.5,4.47,development,clay,10.12,0
32.26,15.52,89.14,3.94,mid_season,sandy,11.67,0
62.21,27.91,48.3,3.96,initial,loamy,9.43,0
30.46,15.98,49.13,4.96,late,sandy,7.14,0
78.98,14.88,77.05,3.63,initial,clay,3.9,0
64.61,13.44,60.07,6.26,development,sandy,7.57,0
50.89,17.19,57.6,4.14,mid_season,sandy,15.94,0
45.67,28.34,85.24,0,development,sandy,0,1
61.2,19.58,66.24,2.78,development,clay,1.77,0
61.73,27.09,60.89,4.42,late,sandy,4.87,0
25.85,26.42,67.73,2.77,initial,clay,12.33,0
69.23,12.23,42.38,3.81,initial,loamy,9.64,0
58.93,22.31,85.99,3.71,development,sandy,7.51,0
55.97,14.86,64.32,4.31,initial,loamy,6.92,0
56.25,23.3,73.62,5.29,mid_season,clay,1.27,0
40.42,15.93,44.94,5.21,initial,clay,8.43,0
27.68,23.6,60.28,3.44,initial,loamy,13.7,0
39.02,12.39,52.03,3.0,development,loamy,3.8,0
65.71,19.5,46.33,2.76,mid_season,sandy,10.44,0
36.15,23.61,68.23,0,initial,loamy,0,0
73.53,27.36,64.75,4.17,development,sandy,0.66,0
41.6,26.7,85.46,4.35,development,clay,13.02,0
56.37,17.14,78.53,0,development,clay,0,0
47.63,19.6,89.09,0,mid_season,sandy,0,1
67.54,27.98,46.51,4.71,development,sandy,2.6,0
70.7,28.93,42.75,0,initial,loamy,0,0
34.8,17.64,44.49,5.37,late,sandy,2.02,0
35.95,17.08,74.22,2.84,mid_season,loamy,0.79,0
90.35,14.43,53.99,2.5,initial,clay,3.2,0
72.96,27.01,84.18,4.25,late,sandy,11.66,0
28.35,14.99,70.68,4.64,initial,loamy,16.1,0
51.11,13.65,83.79,4.72,development,loamy,17.21,0
35.44,24.59,65.97,4.49,mid_season,sandy,18.32,0
42.77,25.55,43.63,4.24,mid_season,sandy,3.9,0
61.83,16.48,43.84,2.69,initial,clay,5.87,0
19.15,25.05,62.68,3.85,mid_season,sandy,9.64,0
42.8,17.25,42.64,4.93,initial,sandy,7.09,0
79.95,12.7,88.03,5.35,initial,loamy,4.92,0
50.77,14.08,53.65,2.72,development,sandy,11.72,0
40.95,15.84,57.52,4.77,development,clay,3.6,0
56.82,25.72,54.4,4.45,mid_season,loamy,6.94,0
52.41,28.51,77.05,1.83,late,sandy,7.55,0
28.3,26.6,58.9,4.09,development,clay,5.43,0
48.3,28.76,49.17,4.24,mid_season,loamy,18.55,0
35.55,14.03,43.56,3.88,mid_season,clay,12.34,0
57.68,13.58,74.75,2.52,late,loamy,0.96,0
51.34,14.87,81.08,2.52,late,clay,5.65,0
60.52,25.64,68.65,3.96,development,clay,10.35,0
63.51,29.07,72.81,4.1,initial,loamy,6.16,0
61.25,21.14,81.1,5.86,initial,sandy,2.1,0
37.57,21.71,43.4,0,initial,loamy,0,0
67.59,14.76,47.32,5.37,late,loamy,23.47,0
52.06,16.51,65.07,3.55,initial,sandy,3.42,0
45.76,22.34,70.92,7.32,late,sandy,1.5,0
44.52,19.89,82.18,3.29,mid_season,sandy,0.74,0
31.34,16.76,48.22,2.73,initial,clay,13.78,0
18.86,21.88,50.31,3.71,initial,sandy,6.8,0
49.99,19.8,72.86,2.08,development,loamy,18.92,0
60.2,14.21,46.15,2.99,development,sandy,3.25,0
69.92,29.99,64.49,3.95,initial,loamy,1.37,0
81.55,26.09,43.94,5.34,late,clay,12.78,0
80.7,27.5,68.54,4.93,late,clay,10.77,0
84.76,20.25,50.8,6.45,initial,sandy,3.95,0
29.13,18.84,84.15,3.4,late,clay,16.08,0
71.32,13.0,45.71,5.22,initial,sandy,11.7,0
32.96,12.17,72.0,5.0,mid_season,sandy,8.39,0
53.67,29.19,65.14,3.0,mid_season,sandy,8.97,0
60.15,15.93,70.2,2.77,late,sandy,5.27,0
63.96,20.59,48.57,3.7,mid_season,loamy,19.24,0
77.99,27.25,58.53,3.41,mid_season,sandy,11.08,0
48.8,15.24,58.88,4.13,late,clay,5.02,0
68.98,25.21,72.41,2.84,development,loamy,21.03,0
78.08,17.45,76.73,0,late,loamy,0,0
52.82,13.02,43.75,3.49,late,clay,10.31,0
77.98,26.29,87.49,3.5,mid_season,loamy,16.63,0
81.01,29.1,64.3,4.12,initial,clay,15.78,0
36.4,27.83,71.19,4.42,development,sandy,11.57,0
77.13,25.67,75.41,6.07,late,loamy,0.18,0
57.89,12.85,57.01,3.09,mid_season,sandy,7.29,0
41.67,16.62,61.28,0,development,clay,0,1
52.44,19.64,89.88,4.05,initial,loamy,16.13,0
54.61,24.95,49.62,4.56,late,sandy,14.48,0
67.28,15.26,73.23,4.54,mid_season,loamy,23.0,0
71.9,20.63,79.26,1.58,initial,clay,5.89,0
40.31,12.72,59.28,3.48,development,sandy,4.4,0
58.23,15.45,51.76,5.71,late,sandy,13.44,0
56.8,21.06,85.92,2.8,late,clay,0.22,0
46.69,13.32,48.16,3.76,mid_season,clay,10.63,0
64.83,14.89,53.34,4.08,initial,sandy,14.59,0
51.25,24.5,62.95,4.39,initial,clay,10.94,0
32.87,25.88,64.35,4.05,development,loamy,8.98,0
90.99,25.46,80.47,4.78,initial,clay,10.02,0
71.96,14.65,51.45,3.94,development,clay,5.36,0
47.71,23.54,71.84,4.61,initial,loamy,2.47,0
49.29,28.05,64.69,4.0,late,sandy,18.25,0
26.7,13.13,88.31,4.11,initial,clay,6.15,0
41.53,29.54,56.47,2.41,mid_season,clay,23.73,0
95,28.08,72.6,4.63,mid_season,sandy,11.42,0
55.03,20.35,41.02,2.78,late,loamy,9.17,0
47.08,28.44,53.97,0,initial,sandy,0,0
24.36,12.73,47.5,3.7,mid_season,clay,16.0,0
40.58,19.69,71.67,1.93,late,sandy,12.59,0
56.36,13.62,64.06,3.14,initial,clay,10.82,0
51.38,21.36,71.7,2.06,late,sandy,1.65,0
34.12,15.72,56.38,4.41,initial,clay,1.97,0
83.03,16.0,59.84,0,late,clay,0,0
55.62,23.43,50.64,4.09,initial,clay,14.6,0
41.08,19.99,85.69,0,initial,sandy,0,0
68.72,25.75,59.8,5.28,initial,loamy,0.66,0
70.96,19.36,88.56,5.72,mid_season,loamy,15.12,0
89.15,21.21,79.37,4.4,mid_season,clay,11.54,0
74.62,24.6,70.61,5.31,late,clay,9.25,0
64.42,20.57,48.57,3.87,initial,clay,5.05,0
43.37,15.53,76.46,2.72,mid_season,clay,6.25,0
49.35,20.35,72.96,5.07,late,loamy,5.53,0
43.4,23.68,66.76,3.18,development,sandy,0.31,0
69.74,19.67,47.51,0,late,sandy,0,0
43.8,17.63,79.43,4.36,development,clay,4.71,0
82.26,25.88,76.17,5.56,mid_season,loamy,12.12,0
42.1,13.28,87.82,5.12,late,clay,9.18,0
63.9,15.55,42.98,5.3,development,loamy,14.86,0
43.49,29.55,42.32,3.07,mid_season,clay,25.36,0
35.99,28.52,72.25,5.1,late,sandy,9.28,0
71.15,17.98,52.46,2.38,initial,clay,11.18,0
54.33,21.04,59.14,5.35,mid_season,clay,38.15,0
83.22,26.17,59.92,4.19,initial,clay,6.74,0
63.63,16.23,88.51,5.08,late,loamy,9.53,0
46.34,22.54,45.57,4.86,development,sandy,5.61,0
46.47,14.18,84.5,4.78,late,loamy,9.12,0
26.32,15.09,62.41,5.69,development,loamy,14.94,0
84.9,27.13,42.9,4.04,development,clay,14.91,0
56.87,22.62,45.51,5.9,late,sandy,9.58,0
8.38,22.66,46.59,3.9,initial,sandy,16.28,0
65.16,26.33,44.82,2.95,initial,loamy,10.33,0
64.22,13.16,84.28,4.92,late,loamy,1.8,0
48.12,27.27,70.84,3.74,development,loamy,6.33,0
33.3,16.52,62.33,4.6,mid_season,loamy,8.36,0
91.77,16.21,47.03,2.73,development,sandy,1.27,0
51.64,20.53,54.81,3.03,development,sandy,3.2,0
59.0,12.93,50.28,3.01,mid_season,loamy,12.84,0
67.14,21.7,85.02,5.56,initial,sandy,7.29,0
65.14,29.5,42.09,3.31,late,clay,14.02,0
78.19,27.11,85.28,4.46,initial,sandy,13.06,0
67.68,14.25,70.26,0,initial,sandy,0,0
57.22,14.97,63.76,0,initial,clay,0,0
75.88,19.32,87.84,6.25,development,sandy,6.85,0
71.42,14.38,46.77,0,development,loamy,0,0
66.61,29.96,78.27,3.86,late,loamy,6.29,0
48.6,14.88,51.71,0,initial,sandy,0,0
26.42,15.49,46.42,4.46,late,clay,7.28,0
56.14,29.28,67.01,5.81,development,sandy,0.72,0
43.06,22.08,57.48,3.43,late,sandy,11.06,0
41.88,16.56,64.07,2.17,mid_season,clay,23.46,0
49.87,14.82,58.26,4.24,initial,loamy,20.02,0
95,18.49,46.17,3.51,late,sandy,5.11,0
33.01,20.82,50.07,2.09,late,sandy,13.67,0
91.62,15.09,61.14,3.62,initial,sandy,14.83,0
79.53,22.87,73.71,3.08,development,sandy,3.36,0
71.1,23.84,89.18,3.87,late,loamy,23.86,0
14.71,17.58,40.3,4.02,late,sandy,4.99,0
51.64,21.56,58.6,0,late,loamy,0,1
83.24,23.73,70.24,2.88,mid_season,loamy,16.78,0
53.49,28.47,85.41,2.25,initial,loamy,12.2,0
50.41,24.64,78.83,0,initial,clay,0,0
41.18,27.44,75.85,3.68,development,clay,14.02,0
37.02,24.94,56.17,3.3,mid_season,clay,8.23,0
53.98,26.92,49.3,3.06,late,sandy,4.04,0
95,18.07,61.98,3.14,development,loamy,11.65,0
66.64,17.41,60.64,4.53,initial,clay,9.82,0
55.14,20.81,70.37,5.05,late,sandy,9.37,0
63.78,13.13,74.37,2.73,late,loamy,12.38,0
58.4,23.56,69.82,4.73,mid_season,loamy,13.82,0
43.48,13.93,67.01,4.46,development,clay,8.71,0
36.73,20.18,45.33,5.46,mid_season,sandy,14.58,0
65.01,28.45,56.47,2.59,initial,sandy,3.19,0
54.04,28.06,75.81,4.47,mid_season,clay,10.24,0
21.74,22.58,49.19,4.19,mid_season,clay,16.3,0
53.13,12.53,54.12,1.64,mid_season,loamy,15.11,0
39.72,22.87,56.32,4.37,mid_season,clay,15.95,0
40.5,16.78,88.09,0,initial,loamy,0,0
73.1,17.71,82.14,4.28,development,sandy,4.05,0
41.49,17.12,88.13,4.78,initial,loamy,0.28,0
51.78,28.16,58.8,4.64,initial,sandy,0.08,0
71.45,19.56,82.4,4.25,late,clay,17.45,0
63.24,15.92,67.47,5.42,development,sandy,21.08,0
71.93,29.59,88.27,4.46,late,sandy,1.09,0
23.28,22.36,47.63,4.75,initial,sandy,4.64,0
41.44,12.69,55.54,3.95,development,sandy,20.4,0
30.11,25.93,86.93,4.43,mid_season,sandy,8.16,0
95,15.62,67.4,0,initial,clay,0,0
60.01,16.56,85.36,0.98,late,clay,24.84,0
71.93,27.32,78.71,2.92,development,loamy,6.23,0
52.89,12.16,72.02,2.78,initial,sandy,15.84,0
54.13,19.38,80.8,2.48,development,clay,16.68,0
83.45,17.0,41.68,5.1,development,clay,5.65,0
81.52,27.31,83.37,0,initial,loamy,0,0
70.25,22.91,51.65,3.62,late,loamy,0.02,0
36.99,20.87,42.43,2.03,mid_season,sandy,12.42,0
35.38,24.1,47.07,3.39,mid_season,clay,19.86,0
55.95,19.83,60.38,2.9,initial,loamy,20.32,0
59.07,24.34,79.23,4.06,late,sandy,5.64,0
94.79,18.72,45.62,3.36,mid_season,clay,17.48,0
75.74,12.1,59.83,5.16,late,clay,7.53,0
85.92,27.66,53.15,4.23,development,clay,5.42,0
57.7,16.16,43.52,3.56,development,loamy,7.99,0
67.88,28.11,58.98,6.73,initial,loamy,8.29,0
20.2,16.27,52.55,5.45,mid_season,sandy,1.5,0
63.65,23.09,42.2,2.51,late,loamy,2.3,0
48.74,20.06,61.9,2.7,mid_season,loamy,17.44,0
72.91,19.37,72.46,4.41,late,loamy,4.44,0
52.54,18.51,55.9,0,late,loamy,0,0
64.12,17.27,79.58,2.78,development,clay,22.12,0
43.87,17.37,54.95,2.63,development,sandy,11.87,0
31.86,15.53,51.03,4.92,development,sandy,23.93,0
56.07,22.24,56.67,3.28,mid_season,sandy,16.09,0
63.93,19.98,64.7,0,initial,sandy,0,0
59.48,19.29,87.25,3.82,mid_season,clay,18.19,0
43.45,26.93,45.61,4.05,late,loamy,18.29,0
25.41,12.01,67.82,0,initial,loamy,0,0
64.74,18.85,83.99,5.53,mid_season,clay,15.55,0
47.74,20.36,79.53,1.54,late,sandy,10.59,0
53.49,21.42,85.73,4.94,initial,loamy,10.57,0
46.89,19.63,61.77,5.47,development,clay,8.22,0
62.05,13.54,58.41,0,initial,clay,0,0
82.38,20.97,71.0,3.37,late,clay,2.9,0
53.91,28.03,75.11,4.37,initial,clay,6.95,0
87.37,13.51,70.16,2.5,late,sandy,5.21,0
40.23,19.48,80.11,4.48,late,clay,20.81,0
81.98,23.12,51.05,3.1,mid_season,loamy,8.3,0
61.92,20.52,68.62,6.07,development,clay,5.25,0
58.32,28.29,56.22,5.0,development,clay,5.61,0
20.29,15.2,63.87,4.93,mid_season,clay,13.79,0
66.11,29.28,69.41,6.77,development,clay,12.82,0
58.98,17.15,55.49,4.4,initial,clay,8.43,0
78.59,13.29,43.8,3.28,initial,clay,11.37,0
54.06,14.34,72.11,0,initial,loamy,0,0
77.9,14.04,62.43,0,development,clay,0,0
60.53,20.36,49.07,2.7,development,loamy,0.51,0
77.63,20.6,62.59,4.3,late,sandy,7.02,0
26.91,28.05,43.33,3.51,initial,loamy,18.83,0
65.74,15.69,89.03,5.48,mid_season,loamy,16.22,0
43.94,23.86,47.79,4.67,mid_season,sandy,2.31,0
35.26,27.82,76.23,5.78,development,loamy,5.05,0
77.19,17.85,47.24,3.36,initial,clay,9.23,0
51.78,18.06,40.21,0,mid_season,sandy,0,1
71.4,22.33,75.43,2.77,mid_season,loamy,12.66,0
68.79,15.22,80.43,5.95,initial,loamy,1.32,0
42.36,23.8,49.11,0,initial,sandy,0,0
74.61,13.31,56.31,5.87,initial,loamy,6.17,0
52.71,23.89,49.46,0,development,loamy,0,0
69.95,28.04,78.33,4.33,late,loamy,8.5,0
37.32,22.31,80.1,2.71,mid_season,clay,25.1,0
66.11,28.07,49.29,4.44,development,clay,10.45,0
58.49,23.17,83.57,4.34,late,clay,0.24,0
63.32,17.0,40.9,4.95,development,clay,4.73,0
61.57,19.84,79.44,4.14,development,loamy,18.87,0
91.44,29.94,83.95,5.57,mid_season,sandy,19.54,0
48.09,15.58,69.61,4.69,late,clay,16.94,0
36.24,21.73,40.11,4.47,initial,clay,0.07,0
26.79,13.23,69.42,5.15,mid_season,sandy,4.94,0
45.07,12.09,49.33,0,initial,sandy,0,0
60.25,24.76,87.76,0,late,sandy,0,0
26.01,23.63,69.22,4.37,mid_season,loamy,18.36,0
52.81,19.57,59.14,3.47,mid_season,sandy,11.58,0
27.77,28.82,53.12,6.01,late,loamy,10.64,0
46.53,12.27,62.57,3.01,late,sandy,0.56,0
60.93,17.05,62.76,5.07,initial,loamy,15.71,0
60.39,29.45,65.2,3.95,mid_season,clay,13.4,0
71.69,20.09,52.43,2.9,late,clay,19.4,0
40.89,17.91,77.51,4.02,late,loamy,9.6,0
68.91,17.3,66.17,4.96,late,clay,19.03,0
44.83,20.39,83.18,0,development,clay,0,1
65.06,28.83,42.31,0,initial,sandy,0,0
60.15,29.88,65.34,0,initial,clay,0,0
23.66,18.9,41.62,2.9,initial,loamy,16.95,0
71.06,23.03,52.32,6.07,mid_season,loamy,7.28,0
70.75,19.5,66.91,3.59,development,clay,13.92,0
73.61,27.23,72.34,4.5,mid_season,loamy,9.67,0
53.95,14.06,61.29,3.38,late,loamy,8.22,0
36.34,17.38,60.54,4.34,development,clay,9.24,0
71.19,12.38,87.53,4.67,development,sandy,11.64,0
64.9,15.96,87.56,4.01,development,clay,12.13,0
78.52,28.06,85.78,6.94,mid_season,clay,9.38,0
57.92,19.41,48.7,0,late,loamy,0,0
61.33,28.81,69.74,4.56,mid_season,sandy,2.12,0
69.0,14.0,78.41,1.24,late,clay,15.48,0
47.38,28.45,82.87,3.21,late,loamy,1.96,0
42.01,26.03,72.05,0,initial,loamy,0,0
52.54,26.76,70.03,5.01,late,clay,15.46,0
55.34,14.23,83.86,3.14,late,sandy,10.45,0
56.32,24.39,60.47,4.07,mid_season,sandy,12.02,0
73.06,17.11,79.24,4.87,initial,clay,12.69,0
68.07,25.6,59.82,3.23,mid_season,sandy,15.36,0
61.59,19.7,51.39,4.95,development,loamy,3.48,0
71.71,13.12,77.65,5.2,late,clay,7.85,0
35.2,23.71,56.06,0.5,initial,clay,2.94,0
95,18.32,85.86,4.15,late,sandy,21.16,0
41.24,25.52,78.26,0,initial,loamy,0,0
67.27,17.85,41.32,3.26,mid_season,clay,12.25,0
48.98,28.23,58.34,4.49,mid_season,loamy,10.7,0
54.01,12.47,68.49,4.14,mid_season,loamy,4.42,0
69.57,26.72,86.28,3.29,mid_season,loamy,4.23,0
53.16,28.29,55.92,0,late,sandy,0,1
51.57,16.99,42.77,4.94,initial,loamy,11.45,0
58.15,18.42,79.26,4.4,mid_season,clay,3.38,0
36.39,20.23,89.26,3.34,initial,sandy,11.6,0
24.39,26.62,75.07,2.77,late,loamy,9.71,0
26.27,18.54,86.13,2.06,late,loamy,15.01,0
57.01,13.35,52.35,4.6,late,clay,12.86,0
57.96,19.2,66.05,0,development,sandy,0,1
62.08,19.5,46.93,4.71,late,loamy,4.72,0
42.27,27.43,86.85,4.01,mid_season,loamy,11.13,0
48.56,25.01,62.93,3.07,mid_season,loamy,13.31,0
76.03,20.25,80.3,3.79,development,sandy,7.64,0
55.79,21.61,83.71,4.99,development,sandy,13.79,0
37.04,25.66,67.6,4.11,late,clay,11.54,0
53.18,20.29,57.58,4.8,mid_season,loamy,4.9,0
95,27.28,62.77,3.88,development,clay,0.23,0
51.18,18.36,75.31,2.86,mid_season,clay,0.72,0
42.34,29.84,48.51,5.68,late,clay,4.4,0
67.21,29.53,44.14,0,late,sandy,0,0
69.14,12.4,74.91,5.91,late,sandy,6.24,0
32.96,19.93,68.32,0,late,loamy,0,1
57.22,13.47,62.52,6.45,initial,clay,4.2,0
71.87,17.19,84.19,5.35,mid_season,clay,24.6,0
74.53,22.12,54.62,4.1,mid_season,clay,13.81,0
56.69,27.43,88.06,1.36,development,sandy,7.77,0
75.2,24.48,43.06,0,initial,loamy,0,0
33.27,22.19,40.3,4.13,late,loamy,14.87,0
21.08,28.71,66.07,3.73,initial,clay,15.06,0
52.72,22.63,78.98,4.93,late,loamy,4.93,0
10.82,20.85,71.8,3.81,development,sandy,7.17,0
22.19,14.52,82.37,4.59,development,sandy,8.58,0
78.45,22.02,43.96,3.13,development,clay,13.24,0
82.62,15.19,76.01,0,initial,sandy,0,0
34.25,13.68,65.84,5.54,development,clay,14.87,0
20.94,27.42,68.63,3.24,development,loamy,5.05,0
49.14,29.89,56.49,3.46,mid_season,loamy,4.87,0
45.74,29.87,49.52,1.3,late,loamy,2.5,0
47.18,22.64,58.3,3.73,initial,loamy,1.02,0
81.97,27.5,79.99,0,development,clay,0,0
46.6,25.31,84.01,4.77,late,sandy,1.93,0
51.61,24.91,65.46,6.57,mid_season,loamy,9.89,0
70.41,23.47,53.04,5.25,development,clay,13.01,0
12.18,12.34,58.78,4.86,mid_season,loamy,2.98,0
79.66,26.43,56.49,4.95,late,loamy,4.64,0
39.44,13.68,86.52,5.9,mid_season,sandy,10.84,0
65.66,25.03,77.33,0,initial,sandy,0,0
82.23,18.03,62.91,4.8,development,loamy,6.16,0
43.99,15.04,84.68,5.14,initial,sandy,4.61,0
49.72,15.93,85.13,4.04,initial,clay,8.42,0
76.35,16.43,65.51,2.96,development,loamy,2.25,0
46.52,26.28,85.56,4.99,mid_season,sandy,23.43,0
30.92,14.52,86.94,2.55,initial,sandy,1.0,0
79.47,12.77,41.75,5.07,mid_season,sandy,11.17,0
65.61,23.13,86.08,3.34,late,sandy,4.4,0
45.32,16.56,79.05,4.61,mid_season,clay,1.97,0
69.21,25.01,77.89,0,late,sandy,0,0
60.22,29.15,82.25,4.45,initial,clay,1.16,0
66.02,22.82,51.9,2.68,development,loamy,0.87,0
63.88,22.74,56.62,4.4,development,clay,13.86,0
65.71,29.02,63.74,6.27,initial,sandy,9.9,0
79.68,24.5,70.76,5.4,development,loamy,12.73,0
69.91,13.39,86.13,3.79,late,clay,16.24,0
53.02,13.01,57.52,3.04,late,clay,7.08,0
89.5,14.21,81.84,3.01,development,sandy,10.01,0
41.81,16.46,48.09,2.01,initial,loamy,1.6,0
29.87,22.33,84.05,2.9,development,clay,1.34,0
38.87,13.69,76.37,6.08,mid_season,clay,16.67,0
52.81,18.36,67.23,1.61,initial,loamy,3.45,0
51.45,23.1,85.75,2.29,initial,loamy,3.7,0
54.12,27.88,50.52,5.1,initial,clay,2.21,0
52.85,20.28,52.49,3.68,initial,sandy,12.56,0
74.73,20.99,80.55,4.2,late,loamy,7.94,0
46.81,16.92,53.7,3.41,initial,loamy,8.63,0
54.45,15.16,89.27,0,initial,clay,0,0
68.41,17.97,46.6,2.18,initial,loamy,16.04,0
63.14,23.23,40.65,4.41,initial,sandy,6.67,0
87.07,25.49,77.45,8.28,mid_season,clay,16.84,0
73.84,17.96,52.53,2.92,late,loamy,10.11,0
58.12,25.89,53.18,2.93,development,loamy,3.14,0
42.63,20.05,89.28,2.86,initial,sandy,4.25,0
47.35,13.18,43.77,3.85,mid_season,clay,11.07,0
84.14,15.04,81.6,5.18,initial,clay,5.75,0
64.49,28.45,76.92,3.99,late,clay,9.61,0
51.29,20.15,55.92,4.26,mid_season,clay,17.94,0
67.47,18.75,66.59,5.89,initial,clay,8.93,0
55.39,18.48,75.11,4.0,initial,sandy,7.95,0
85.51,24.36,67.65,5.59,development,sandy,17.72,0
47.96,14.93,89.97,4.03,development,loamy,9.97,0
48.78,14.27,69.61,0,late,sandy,0,1
51.62,16.99,71.73,5.89,mid_season,loamy,15.8,0
5,20.34,89.08,5.19,mid_season,loamy,16.31,0
22.98,12.48,88.15,3.08,mid_season,loamy,9.13,0
54.67,13.02,79.81,0,late,loamy,0,0
56.28,20.08,45.17,5.58,late,sandy,15.66,0
52.4,18.69,88.48,4.29,development,clay,3.35,0
69.64,20.88,82.67,4.38,mid_season,loamy,20.27,0
84.58,27.0,45.83,6.05,development,clay,19.1,0
60.0,17.39,79.35,4.36,late,loamy,5.68,0
42.24,26.43,77.94,1.9,initial,clay,3.22,0
59.16,29.64,70.73,4.48,development,clay,4.23,0
77.64,27.75,70.02,0,development,loamy,0,0
83.13,25.98,87.93,4.21,initial,clay,0.7,0
54.46,16.37,66.85,4.92,mid_season,clay,14.54,0
78.03,23.43,72.5,4.24,mid_season,sandy,8.09,0
50.9,12.09,84.76,3.23,development,loamy,17.43,0
57.0,28.26,68.87,2.96,development,sandy,13.87,0
80.07,12.32,54.18,4.05,late,clay,14.08,0
53.64,13.03,44.05,3.86,late,sandy,7.92,0
77.94,29.33,52.38,0,development,sandy,0,0
57.42,21.09,42.66,4.27,initial,clay,0.32,0
53.82,13.11,71.38,2.59,initial,loamy,13.32,0
83.32,25.45,48.54,4.93,initial,clay,0.21,0
82.86,26.25,44.31,2.35,mid_season,sandy,15.88,0
79.22,17.34,65.46,2.15,development,clay,13.58,0
64.06,17.02,41.84,0,late,clay,0,0
76.6,12.87,84.53,3.62,late,loamy,10.24,0
31.78,23.88,70.76,4.97,mid_season,clay,8.65,0
73.6,19.11,57.65,4.1,mid_season,loamy,6.19,0
55.96,18.55,56.12,3.18,development,loamy,6.26,0
63.21,14.33,58.4,3.91,mid_season,sandy,18.85,0
56.14,17.35,44.74,4.72,mid_season,sandy,9.95,0
68.89,15.93,87.15,4.92,late,loamy,10.37,0
50.79,16.76,74.69,0,development,clay,0,0
52.01,21.54,69.55,3.56,late,sandy,16.65,0
54.72,16.01,81.8,4.69,late,clay,6.8,0
17.11,25.54,80.67,4.63,late,sandy,12.63,0
61.94,25.7,62.45,1.97,initial,clay,3.74,0
57.9,15.07,56.77,2.62,development,sandy,10.54,0
59.16,24.66,80.79,5.01,development,clay,22.63,0
48.97,21.69,73.52,2.35,mid_season,sandy,10.56,0
35.81,21.07,60.66,1.86,initial,loamy,0.34,0
78.75,12.24,83.81,3.84,mid_season,clay,29.03,0
89.38,15.97,53.72,2.53,late,sandy,5.7,0
38.58,19.47,71.36,0,mid_season,sandy,0,1
68.53,16.29,65.62,4.7,initial,sandy,12.66,0
67.14,20.32,40.45,3.53,initial,sandy,2.26,0
40.68,20.81,78.27,2.71,initial,sandy,4.34,0
69.7,14.79,40.51,3.19,development,clay,9.14,0
25.87,14.78,67.31,0,late,loamy,0,1
15.99,18.81,45.1,3.52,mid_season,clay,11.52,0
74.73,22.83,45.45,2.51,development,clay,6.64,0
27.07,29.97,86.12,3.93,mid_season,clay,17.58,0
54.66,17.71,50.31,4.49,late,sandy,4.16,0
44.14,22.13,47.41,2.77,development,sandy,11.81,0
95,25.45,51.02,0,initial,loamy,0,0
73.51,28.46,74.37,3.82,late,clay,3.29,0
54.66,12.75,55.98,3.35,late,sandy,6.55,0
15.37,22.23,51.8,3.8,initial,clay,14.68,0
94.14,17.61,56.99,6.56,late,sandy,1.47,0
73.96,22.03,89.01,2.65,late,loamy,7.33,0
85.11,20.43,55.66,0,initial,loamy,0,0
63.84,24.33,66.72,4.85,development,loamy,12.58,0
95,22.82,51.66,3.77,late,clay,10.67,0
43.15,15.12,88.9,3.53,development,loamy,4.34,0
55.56,12.39,43.2,5.06,initial,clay,1.32,0
10.78,27.12,88.99,4.14,mid_season,clay,16.92,0
51.8,13.03,41.0,1.58,development,sandy,1.08,0
33.85,29.14,85.35,3.21,initial,sandy,5.62,0
36.61,13.72,78.34,3.06,mid_season,clay,18.97,0
42.95,21.0,87.73,3.55,development,sandy,2.11,0
59.01,16.24,71.81,5.09,development,sandy,12.28,0
77.08,19.78,43.57,0,initial,loamy,0,0
55.32,20.17,56.32,2.25,mid_season,loamy,5.9,0
92.75,26.56,44.9,4.92,mid_season,sandy,8.82,0
57.09,28.76,47.12,3.22,initial,clay,0.12,0
80.6,26.14,73.01,3.21,late,loamy,0.85,0
56.62,28.29,79.18,3.31,initial,sandy,12.62,0
85.63,18.16,53.74,0,late,sandy,0,0
68.47,18.05,86.73,3.58,mid_season,sandy,9.27,0
39.52,23.86,81.83,3.2,mid_season,sandy,5.93,0
88.21,26.09,88.89,1.61,late,sandy,8.34,0
67.49,20.02,51.56,4.48,mid_season,loamy,11.65,0
66.69,29.28,48.31,4.21,mid_season,clay,23.83,0
62.99,12.93,49.07,6.52,development,clay,6.85,0
61.85,23.96,45.32,1.62,development,loamy,7.65,0
41.0,14.61,56.76,4.86,late,loamy,4.27,0
40.53,13.0,53.58,4.68,late,sandy,23.53,0
63.88,17.14,48.18,4.24,development,loamy,10.55,0
75.44,21.01,80.21,0,development,sandy,0,0
34.79,25.64,85.77,4.58,initial,loamy,5.45,0
38.16,21.36,78.77,4.27,late,sandy,11.54,0
74.94,16.08,59.1,4.77,initial,loamy,3.5,0
71.59,25.0,57.23,5.46,development,loamy,8.96,0
29.79,17.82,66.24,2.58,late,sandy,4.44,0
92.15,28.9,85.4,5.04,mid_season,clay,10.31,0
57.82,18.82,76.07,1.68,development,clay,19.47,0
79.23,22.23,55.09,3.41,initial,sandy,10.17,0
69.59,18.7,65.23,5.66,late,clay,17.71,0
40.85,20.66,51.87,5.01,mid_season,clay,14.82,0
55.36,25.3,81.13,3.2,late,loamy,5.1,0
66.27,20.95,72.04,2.88,initial,clay,7.16,0
42.12,27.25,43.39,4.07,development,loamy,12.66,0
87.65,23.29,88.01,4.25,late,loamy,3.27,0
45.14,23.16,54.31,0,development,sandy,0,1
