soil_moisture_pct,temperature_c,humidity_pct,flow_rate_lpm,growth_stage,soil_type,recent_irrigation_l,irrigation_required
61.68,20.82,60.28,2.82,late,loamy,8.57,0
49.7,22.32,64.12,0,late,sandy,0,1
51.06,34.67,62.51,4.86,mid_season,sandy,11.13,0
24.83,24.68,58.65,0,late,sandy,0,1
51.67,31.39,50.72,2.49,mid_season,sandy,14.01,0
43.36,21.21,67.67,3.33,development,clay,7.43,0
68.44,21.14,53.15,4.95,initial,clay,2.15,0
42.59,32.47,81.63,5.91,development,loamy,10.7,0
53.51,30.96,54.59,0,initial,sandy,0,0
52.47,27.35,61.71,4.89,mid_season,sandy,19.57,0
53.07,18.23,79.87,4.06,late,sandy,9.47,0
69.75,29.16,39.95,4.27,development,clay,10.3,0
25.89,31.7,59.74,3.44,late,loamy,0.39,0
52.92,20.42,46.34,5.29,late,sandy,15.87,0
20.42,18.39,69.61,4.75,mid_season,loamy,8.67,0
66.38,30.78,74.4,0,development,clay,0,0
56.39,24.46,39.85,4.94,initial,sandy,7.14,0
63.81,30.6,43.93,6.19,initial,loamy,3.51,0
75.06,18.29,70.83,4.37,mid_season,clay,8.0,0
76.28,18.78,59.66,4.63,late,loamy,21.33,0
62.28,33.42,57.89,3.25,mid_season,loamy,7.01,0
63.52,24.93,71.23,4.58,development,sandy,25.92,0
89.17,22.4,38.77,3.41,initial,clay,0.3,0
50.93,35.53,75.95,6.53,initial,sandy,12.86,0
54.55,35.56,68.81,3.1,initial,sandy,2.26,0
63.4,28.43,72.41,4.05,late,sandy,3.94,0
44.3,32.16,42.23,4.68,late,clay,11.09,0
47.33,20.28,78.79,3.51,late,loamy,17.88,0
47.02,18.86,69.65,0,late,loamy,0,1
72.9,30.62,63.83,4.21,development,clay,14.52,0
50.53,26.39,44.36,3.71,mid_season,loamy,5.35,0
61.48,32.9,44.67,3.4,mid_season,loamy,13.55,0
40.46,31.0,84.48,4.88,initial,loamy,9.6,0
73.52,21.6,47.11,4.34,development,clay,8.01,0
70.83,35.67,68.21,4.07,development,clay,8.42,0
55.65,19.43,75.79,0,development,clay,0,0
62.47,19.29,44.1,4.43,late,loamy,15.35,0
54.84,33.75,45.11,4.25,development,clay,8.98,0
61.69,22.44,48.74,5.03,late,clay,4.47,0
58.05,21.09,54.43,2.45,mid_season,clay,14.47,0
59.5,27.85,73.19,4.27,initial,clay,3.13,0
44.05,35.92,84.83,5.78,initial,loamy,4.97,0
31.33,26.74,81.22,3.32,mid_season,clay,15.3,0
59.85,23.86,61.6,4.97,development,clay,4.1,0
81.15,26.6,83.93,5.59,development,loamy,4.04,0
72.46,18.63,82.04,3.47,mid_season,sandy,18.12,0
50.37,21.91,71.9,2.06,initial,sandy,8.92,0
76.61,24.31,72.59,0,initial,clay,0,0
44.99,20.17,80.65,4.11,initial,loamy,9.13,0
60.7,29.81,50.02,4.38,mid_season,clay,18.36,0
61.42,28.13,49.5,4.11,mid_season,clay,8.57,0
5,35.02,40.48,3.36,late,sandy,2.11,0
32.52,19.14,39.62,2.62,late,clay,15.33,0
80.38,34.96,41.05,4.98,late,sandy,2.02,0
32.54,28.93,71.52,0,initial,loamy,0,0
40.74,33.59,59.13,3.74,development,sandy,9.08,0
56.04,23.07,53.92,0,initial,sandy,0,0
68.35,29.86,52.41,4.43,mid_season,sandy,17.16,0
53.18,21.15,53.75,3.4,late,clay,10.72,0
24.42,31.75,44.81,4.35,mid_season,loamy,15.47,0
22.43,34.53,44.18,0,late,sandy,0,1
5,20.11,53.35,0,mid_season,sandy,0,1
64.61,18.5,69.68,3.6,initial,clay,3.21,0
43.17,18.43,49.55,4.16,late,loamy,3.29,0
51.21,32.31,76.04,4.52,late,loamy,1.06,0
46.31,35.47,45.37,4.71,late,loamy,3.26,0
92.8,35.05,41.54,4.09,development,loamy,13.82,0
53.1,31.68,65.98,5.05,development,clay,7.83,0
60.59,32.65,81.66,3.89,late,sandy,11.71,0
67.02,24.52,82.93,2.05,late,clay,15.38,0
63.94,31.85,69.87,0,initial,sandy,0,0
68.94,34.19,70.99,4.21,mid_season,loamy,15.21,0
88.56,21.57,36.92,4.58,mid_season,loamy,3.95,0
74.97,18.02,77.44,3.8,development,loamy,19.39,0
22.33,23.39,65.73,4.65,mid_season,clay,22.6,0
41.11,20.6,78.59,3.93,late,clay,9.31,0
70.86,28.78,82.61,5.0,mid_season,sandy,16.23,0
50.82,23.33,50.28,6.27,late,clay,19.08,0
68.21,18.99,72.83,3.63,late,loamy,21.48,0
46.65,29.91,66.84,4.69,initial,clay,4.02,0
52.39,30.13,69.14,4.49,development,sandy,12.96,0
46.39,31.53,47.03,0,development,sandy,0,1
67.45,28.23,50.62,7.15,late,clay,0.76,0
95,22.05,55.64,0,initial,sandy,0,0
67.2,32.25,43.98,5.65,development,clay,17.17,0
49.74,21.28,37.39,0,mid_season,sandy,0,1
30.53,24.2,60.27,4.71,initial,sandy,1.01,0
35.31,22.58,58.83,3.52,initial,clay,6.48,0
66.39,21.64,54.74,3.66,development,loamy,2.41,0
70.02,19.91,55.88,0,development,sandy,0,0
33.14,20.18,83.21,3.98,initial,clay,4.02,0
27.26,28.51,49.74,6.5,late,loamy,5.82,0
59.93,27.99,58.66,3.57,initial,clay,2.22,0
47.69,18.12,73.53,4.22,late,clay,15.43,0
45.76,23.71,56.63,2.57,initial,sandy,14.35,0
64.24,22.75,83.16,3.51,mid_season,loamy,16.17,0
91.22,32.41,70.14,2.02,development,loamy,6.1,0
45.18,23.77,74.1,2.48,initial,clay,6.08,0
43.83,31.17,43.23,4.47,initial,clay,4.46,0
21.75,28.24,64.48,4.46,mid_season,loamy,1.5,0
43.05,30.72,75.82,5.02,initial,sandy,19.41,0
61.49,28.4,68.52,2.73,mid_season,loamy,15.69,0
64.43,26.42,80.5,3.35,late,sandy,3.2,0
84.51,31.46,56.73,6.87,late,clay,3.99,0
38.36,32.49,62.44,0,late,loamy,0,1
91.07,32.11,78.81,3.93,mid_season,clay,16.63,0
77.59,19.68,78.79,4.53,late,sandy,5.22,0
53.7,20.27,69.54,0,initial,clay,0,0
26.5,18.44,68.86,3.86,initial,loamy,6.17,0
38.22,32.63,53.69,2.68,mid_season,clay,18.02,0
33.14,30.68,44.48,4.94,development,sandy,7.74,0
76.05,30.78,55.69,3.32,initial,clay,11.63,0
55.97,27.94,53.38,3.64,mid_season,clay,9.35,0
28.83,22.57,66.27,2.59,late,loamy,12.41,0
43.03,35.81,49.16,3.29,development,clay,24.44,0
44.85,33.73,78.56,4.16,mid_season,loamy,30.94,0
33.01,31.09,56.84,5.87,mid_season,loamy,0.68,0
27.97,21.25,35.93,0,initial,loamy,0,0
92.84,32.28,78.62,5.8,initial,loamy,7.28,0
69.43,25.33,42.21,4.26,mid_season,loamy,5.8,0
63.18,29.56,38.48,3.64,development,clay,14.03,0
49.16,29.43,73.06,4.0,mid_season,loamy,16.12,0
61.8,31.55,35.44,2.13,mid_season,clay,5.6,0
85.48,18.62,58.01,2.11,mid_season,clay,16.55,0
57.53,19.45,41.95,4.99,initial,loamy,17.25,0
39.42,21.83,72.62,3.29,mid_season,sandy,19.43,0
74.17,33.46,67.58,3.92,development,clay,21.18,0
25.76,26.09,57.95,2.97,development,sandy,3.11,0
59.91,18.8,76.73,2.61,late,loamy,13.55,0
56.32,20.67,46.93,5.28,mid_season,sandy,6.28,0
44.72,29.07,47.3,4.2,development,sandy,2.81,0
77.3,30.01,55.82,3.97,development,clay,5.2,0
42.03,24.37,39.18,4.22,late,sandy,1.9,0
53.44,28.8,83.02,0,development,sandy,0,1
91.25,29.29,68.49,2.96,initial,clay,4.76,0
48.35,24.01,44.57,5.75,late,sandy,13.09,0
55.93,31.2,69.41,0,late,loamy,0,0
37.13,25.77,40.58,6.16,mid_season,loamy,26.41,0
52.5,35.45,78.61,2.72,late,clay,3.45,0
82.26,23.52,84.16,0,initial,clay,0,0
64.76,19.83,44.7,0,late,clay,0,0
51.58,31.39,84.54,3.09,initial,loamy,0.61,0
63.64,19.72,58.9,4.66,late,clay,8.47,0
61.9,18.17,36.7,3.15,development,sandy,0.36,0
51.8,21.22,50.72,0,initial,sandy,0,0
32.03,33.54,78.25,3.82,initial,clay,14.79,0
6.89,34.47,77.19,3.43,development,sandy,17.3,0
50.76,30.01,61.25,4.22,development,sandy,12.45,0
48.11,18.11,81.66,4.31,development,loamy,16.38,0
42.85,27.23,43.11,4.41,initial,loamy,5.91,0
72.56,19.26,51.48,1.8,initial,loamy,1.63,0
69.95,35.19,61.25,5.75,mid_season,sandy,18.29,0
89.02,27.01,48.2,3.92,late,sandy,9.65,0
69.15,20.22,40.73,3.09,mid_season,clay,8.35,0
76.73,30.98,56.48,3.48,development,loamy,30.24,0
56.55,29.44,60.13,4.49,late,clay,12.25,0
47.33,19.25,61.97,5.81,late,loamy,21.22,0
64.85,32.46,81.88,3.79,late,sandy,12.79,0
43.95,26.28,51.21,4.16,initial,clay,12.49,0
38.44,24.74,84.62,5.77,development,sandy,3.17,0
71.44,33.04,39.78,5.77,development,clay,4.34,0
52.43,30.75,49.26,3.22,development,clay,5.2,0
61.77,26.85,50.32,2.02,late,loamy,20.73,0
56.37,33.6,55.19,3.94,development,clay,13.26,0
51.8,35.93,37.92,4.35,development,clay,2.5,0
59.83,34.11,40.08,0,development,sandy,0,1
5,18.76,36.21,5.17,mid_season,sandy,11.65,0
43.96,31.6,51.53,4.45,late,clay,4.63,0
45.56,30.69,67.38,5.04,mid_season,clay,9.07,0
68.14,19.78,76.5,3.17,initial,clay,0.86,0
89.04,24.12,83.29,0,initial,loamy,0,0
95,33.92,41.75,2.84,late,loamy,1.83,0
64.91,21.09,62.95,5.32,initial,loamy,9.99,0
50.93,18.22,77.47,3.24,development,clay,10.75,0
91.48,30.22,62.9,4.45,development,sandy,11.77,0
17.13,27.99,48.49,3.99,initial,clay,3.23,0
70.96,34.31,61.73,4.53,development,loamy,15.54,0
34.17,23.73,68.94,3.39,development,sandy,10.66,0
47.41,33.64,79.35,2.6,development,sandy,15.81,0
95,23.88,76.75,4.11,development,clay,9.73,0
62.52,35.66,40.11,3.95,late,loamy,8.08,0
43.89,25.79,69.25,0,mid_season,clay,0,1
75.29,18.89,37.81,0,late,clay,0,0
36.9,24.58,44.76,0,initial,clay,0,0
52.23,30.28,84.76,3.81,late,sandy,2.78,0
77.94,26.97,60.01,3.97,late,loamy,4.05,0
55.41,26.54,68.49,5.41,mid_season,clay,16.31,0
53.05,22.56,78.91,0,initial,sandy,0,0
46.6,31.5,70.62,3.31,mid_season,clay,4.61,0
37.22,26.27,57.56,4.33,development,clay,4.34,0
76.32,34.59,57.03,6.51,initial,loamy,3.45,0
48.23,35.85,78.92,0,late,loamy,0,1
65.88,29.44,83.67,0,development,clay,0,0
26.65,24.46,62.49,4.17,initial,sandy,0.47,0
66.96,28.79,35.05,4.37,development,loamy,1.57,0
35.79,19.5,42.19,4.02,late,sandy,5.87,0
50.49,30.77,73.12,2.88,development,sandy,16.61,0
45.78,25.05,47.54,0,late,loamy,0,1
60.04,21.57,57.65,3.97,initial,clay,7.53,0
48.57,24.47,42.58,3.74,late,loamy,9.53,0
70.24,29.31,78.19,2.58,mid_season,sandy,12.86,0
58.23,30.19,70.16,0,mid_season,sandy,0,1
50.26,32.48,74.22,4.23,development,clay,5.05,0
59.4,23.04,50.62,3.95,development,sandy,12.91,0
74.19,20.19,37.42,5.25,late,clay,1.91,0
59.22,18.92,40.8,0,initial,loamy,0,0
49.74,30.33,71.5,4.68,late,loamy,10.27,0
46.48,21.24,73.13,4.96,late,sandy,2.66,0
53.52,18.43,42.62,3.87,initial,loamy,8.51,0
49.04,19.27,56.83,4.24,mid_season,sandy,19.75,0
70.27,28.02,67.49,3.97,late,loamy,3.45,0
63.24,28.49,75.18,3.45,late,sandy,5.43,0
56.72,21.09,46.79,4.35,mid_season,sandy,11.29,0
74.22,20.9,42.78,4.65,mid_season,clay,24.59,0
82.11,24.99,52.88,3.38,mid_season,loamy,8.17,0
38.68,20.26,60.64,0,initial,clay,0,0
55.8,34.06,69.37,4.65,mid_season,sandy,4.8,0
87.27,19.38,49.15,5.98,initial,clay,10.79,0
46.48,27.24,78.14,3.09,late,clay,10.53,0
79.35,28.94,80.04,0,initial,clay,0,0
79.16,28.24,67.76,3.57,development,clay,14.45,0
74.0,28.65,40.08,4.44,development,clay,10.01,0
58.68,20.92,79.1,0,initial,loamy,0,0
58.42,27.97,45.22,4.95,late,clay,18.58,0
47.94,30.02,80.03,4.49,mid_season,loamy,1.89,0
37.87,20.61,78.39,5.12,mid_season,loamy,9.12,0
63.91,23.09,52.66,4.03,mid_season,clay,20.5,0
49.75,24.09,65.34,3.76,development,clay,3.39,0
20.44,23.32,64.28,4.68,initial,sandy,3.84,0
39.96,35.05,74.33,4.03,initial,sandy,1.89,0
42.98,29.6,41.89,4.7,mid_season,clay,15.14,0
58.9,35.15,41.99,4.14,late,clay,10.22,0
69.2,25.1,58.05,4.96,late,clay,2.79,0
54.76,25.43,77.36,4.32,mid_season,clay,10.2,0
90.0,20.23,82.06,1.87,late,sandy,5.75,0
61.28,23.31,71.32,3.66,mid_season,loamy,24.27,0
58.44,22.73,64.24,4.87,development,loamy,13.16,0
80.24,33.1,55.78,3.73,development,loamy,3.64,0
68.09,18.79,49.47,3.49,late,loamy,6.71,0
49.39,25.93,45.54,3.34,mid_season,sandy,26.46,0
47.39,25.82,70.51,3.91,late,loamy,4.69,0
20.73,28.86,76.2,3.18,mid_season,sandy,0.57,0
69.28,30.86,70.16,4.88,mid_season,sandy,23.01,0
95,26.03,44.35,4.4,mid_season,loamy,8.35,0
30.81,20.94,51.79,0,initial,clay,0,0
55.72,18.03,38.48,5.7,development,sandy,1.3,0
83.48,35.74,41.3,4.48,mid_season,loamy,10.43,0
58.59,31.89,54.79,2.09,mid_season,sandy,1.42,0
54.74,29.84,79.83,4.94,development,sandy,1.95,0
61.61,23.71,70.27,2.54,late,sandy,4.87,0
77.66,18.36,66.48,1.6,initial,clay,0.26,0
16.07,24.3,36.06,3.93,late,loamy,2.61,0
32.42,32.47,64.65,2.61,initial,clay,3.73,0
17.51,20.0,75.58,4.18,initial,clay,9.4,0
62.15,33.62,41.48,4.23,initial,clay,0.68,0
33.74,21.99,36.93,5.09,late,sandy,0.33,0
34.78,25.99,83.28,2.05,initial,sandy,7.4,0
36.46,22.89,37.53,0,mid_season,loamy,0,1
23.47,30.9,45.33,4.96,development,sandy,18.0,0
23.74,26.23,67.59,2.91,development,loamy,3.4,0
69.09,32.41,63.53,0,initial,sandy,0,0
83.26,24.86,70.15,5.13,initial,clay,4.66,0
65.08,35.5,40.15,3.3,late,clay,2.46,0
13.6,33.35,83.31,2.18,development,sandy,11.16,0
40.5,35.61,77.38,0,mid_season,loamy,0,1
88.41,32.31,44.27,2.25,late,sandy,0.84,0
66.5,20.68,58.93,2.28,initial,sandy,5.51,0
28.76,31.74,48.26,3.52,mid_season,loamy,13.19,0
74.97,21.12,74.69,3.21,late,sandy,5.34,0
95,29.25,36.91,5.44,late,sandy,14.67,0
51.71,25.59,48.44,2.78,late,sandy,15.66,0
41.84,24.76,37.68,4.18,development,sandy,16.48,0
67.27,35.75,66.02,4.41,development,clay,5.76,0
84.19,26.31,80.35,4.57,initial,sandy,8.78,0
27.54,24.21,67.48,1.93,mid_season,clay,3.71,0
23.75,27.02,56.08,3.72,development,sandy,8.25,0
58.0,27.29,39.7,3.07,mid_season,sandy,5.25,0
47.19,18.43,44.46,4.87,late,sandy,6.78,0
63.56,22.79,44.43,1.45,late,loamy,6.72,0
57.04,34.32,57.91,4.97,mid_season,sandy,4.87,0
64.69,24.42,62.21,4.63,late,loamy,1.09,0
77.6,20.24,80.28,3.36,mid_season,loamy,16.39,0
40.53,32.57,84.47,0,initial,clay,0,0
76.52,35.98,68.36,2.48,development,clay,2.57,0
51.82,32.34,46.33,3.1,development,clay,11.53,0
53.94,32.68,80.76,4.68,mid_season,sandy,3.7,0
19.92,19.74,50.07,3.33,mid_season,sandy,13.26,0
70.67,25.24,81.9,2.97,initial,clay,7.09,0
51.88,31.36,61.17,4.36,development,clay,8.71,0
57.67,26.15,53.37,5.24,late,loamy,12.15,0
67.82,31.37,67.76,0,initial,loamy,0,0
35.14,21.21,76.68,3.71,mid_season,loamy,21.36,0
50.8,28.19,74.92,3.16,late,sandy,10.33,0
45.05,20.23,35.03,5.62,mid_season,clay,15.67,0
27.08,20.48,51.2,4.79,mid_season,loamy,15.38,0
30.93,26.28,70.83,3.77,mid_season,clay,20.41,0
71.67,23.67,49.37,4.67,late,loamy,16.41,0
73.12,34.32,82.11,3.51,mid_season,clay,5.79,0
19.84,35.5,79.16,4.47,initial,clay,4.26,0
30.66,33.38,63.34,0,mid_season,clay,0,1
30.87,28.56,42.22,0,late,loamy,0,1
53.23,24.31,77.58,4.23,development,clay,14.78,0
65.18,32.86,65.86,4.35,late,sandy,5.52,0
68.58,25.58,81.62,0,late,clay,0,0
71.37,26.61,73.57,2.57,initial,loamy,15.63,0
59.09,33.14,63.94,3.19,mid_season,clay,9.94,0
36.18,30.54,78.7,4.14,initial,clay,14.2,0
43.98,30.19,42.03,3.67,late,loamy,10.5,0
41.66,30.63,45.86,4.55,mid_season,loamy,15.93,0
71.42,20.57,53.22,2.13,mid_season,loamy,10.27,0
48.61,34.56,60.35,4.49,mid_season,loamy,13.2,0
65.92,18.92,45.88,4.15,initial,loamy,3.99,0
44.73,32.2,41.74,1.91,late,sandy,9.07,0
45.6,31.62,68.41,3.61,development,sandy,7.23,0
43.26,26.92,84.92,4.99,initial,loamy,4.66,0
77.12,20.23,74.47,3.03,development,sandy,10.05,0
77.2,18.35,36.28,2.47,mid_season,sandy,11.12,0
64.92,18.98,76.95,3.11,late,sandy,17.59,0
24.61,24.57,42.06,4.58,mid_season,clay,10.07,0
54.22,28.99,38.13,0,development,clay,0,0
42.47,21.2,80.52,5.6,late,sandy,6.56,0
66.47,30.95,68.04,5.87,development,sandy,11.69,0
48.86,35.12,62.03,3.1,late,loamy,12.41,0
55.59,24.86,56.98,5.32,initial,clay,22.73,0
56.95,25.63,36.34,5.26,mid_season,sandy,12.15,0
57.26,24.97,47.02,2.81,development,sandy,12.14,0
65.5,29.0,67.08,3.84,late,loamy,2.17,0
46.48,31.25,65.92,3.97,mid_season,clay,4.9,0
26.42,32.16,40.39,1.89,mid_season,sandy,18.44,0
57.56,21.66,55.03,0,development,loamy,0,0
77.54,21.21,36.78,5.38,initial,loamy,12.68,0
71.86,20.9,73.02,0,initial,loamy,0,0
48.71,23.73,83.42,2.15,initial,sandy,6.73,0
47.01,24.18,71.44,5.85,late,sandy,11.91,0
46.09,19.76,78.65,3.93,late,loamy,19.46,0
91.25,29.32,72.12,0,initial,clay,0,0
30.03,23.54,73.33,3.29,development,loamy,11.11,0
47.06,24.47,44.11,4.07,mid_season,sandy,12.19,0
41.66,20.8,36.04,0,late,sandy,0,1
25.06,25.07,62.29,0,initial,sandy,0,0
67.96,25.31,45.42,4.78,initial,clay,5.67,0
29.66,31.08,80.89,0,late,clay,0,1
88.24,19.88,75.46,4.71,mid_season,clay,15.05,0
48.79,33.36,78.57,4.47,mid_season,clay,19.28,0
53.95,23.34,57.0,5.75,late,sandy,6.95,0
26.71,21.99,55.69,3.35,mid_season,sandy,19.55,0
26.78,33.46,61.9,4.17,development,sandy,3.93,0
89.8,22.26,68.44,3.28,initial,loamy,7.36,0
60.89,28.35,46.31,3.21,mid_season,clay,20.54,0
49.72,26.51,59.71,6.0,mid_season,loamy,6.07,0
61.71,24.24,37.87,3.69,development,clay,11.47,0
79.08,24.72,65.17,6.27,late,clay,6.97,0
50.21,28.09,71.04,6.11,development,loamy,14.38,0
33.05,33.77,71.85,4.42,development,loamy,4.17,0
72.86,18.61,46.33,3.04,development,sandy,1.32,0
47.18,28.87,49.93,1.1,late,sandy,8.74,0
72.11,34.58,67.14,2.66,late,loamy,4.48,0
8.73,33.34,59.73,0,initial,sandy,0,0
55.91,29.9,38.55,4.72,mid_season,loamy,6.02,0
79.08,25.2,58.24,1.82,initial,clay,12.51,0
46.17,30.16,74.67,4.44,mid_season,sandy,0.35,0
51.04,35.07,36.58,0,late,sandy,0,1
34.1,24.0,59.59,5.91,initial,clay,6.38,0
74.95,24.85,67.3,3.22,late,loamy,13.44,0
44.06,28.74,47.69,5.15,late,loamy,16.12,0
41.54,29.99,37.43,0,late,loamy,0,1
60.03,26.67,75.69,5.52,initial,clay,0.7,0
30.07,21.02,74.98,4.9,initial,clay,12.11,0
69.11,27.83,59.26,5.42,initial,sandy,2.16,0
69.73,26.77,36.68,2.66,late,sandy,12.63,0
52.79,29.14,52.61,3.7,development,loamy,7.41,0
51.58,19.46,72.75,3.32,mid_season,loamy,20.25,0
50.02,20.16,52.34,4.98,late,clay,3.88,0
55.59,20.9,57.23,0,initial,sandy,0,0
51.65,32.58,59.19,3.58,late,loamy,2.19,0
28.2,21.64,70.78,3.8,initial,clay,3.68,0
43.78,27.72,69.2,4.92,late,clay,15.82,0
32.2,31.56,72.42,5.53,mid_season,sandy,14.17,0
64.51,23.57,35.78,5.3,late,clay,1.03,0
56.91,20.42,39.44,1.9,development,loamy,4.43,0
51.17,30.07,53.44,5.19,initial,clay,0.56,0
82.36,19.36,56.12,0,initial,clay,0,0
27.24,32.53,50.51,4.29,mid_season,clay,17.18,0
27.43,21.67,44.96,3.08,development,sandy,13.46,0
82.06,23.79,53.66,2.3,development,loamy,6.83,0
58.41,35.37,44.78,5.45,late,sandy,22.68,0
95,23.95,65.66,3.85,development,sandy,9.68,0
60.23,31.3,54.36,0,mid_season,loamy,0,0
44.13,25.74,43.13,2.87,late,loamy,2.11,0
41.94,35.59,41.87,0,development,clay,0,1
47.38,23.75,64.64,4.1,late,clay,6.4,0
73.14,32.86,41.52,0,late,loamy,0,0
36.86,27.76,69.41,5.26,mid_season,sandy,14.49,0
52.28,29.19,71.31,5.86,development,loamy,4.33,0
46.54,35.14,80.24,5.79,development,sandy,15.14,0
47.62,23.8,39.95,5.22,initial,clay,4.51,0
48.46,30.16,36.05,3.93,initial,sandy,3.94,0
39.59,35.91,39.12,2.07,mid_season,sandy,7.63,0
36.33,28.71,66.24,4.65,late,clay,0.94,0
40.6,28.32,76.49,4.64,development,loamy,16.91,0
48.78,20.05,49.63,4.39,initial,clay,18.65,0
41.68,35.68,53.36,4.42,mid_season,sandy,3.24,0
37.33,29.72,55.29,5.03,late,clay,16.8,0
49.43,21.71,40.09,5.02,late,clay,16.55,0
61.55,18.55,82.72,4.49,late,loamy,12.6,0
56.39,26.9,75.49,3.73,mid_season,sandy,9.68,0
91.48,32.1,80.25,0,late,clay,0,0
52.97,25.36,45.8,3.62,late,sandy,24.16,0
81.57,32.53,68.65,0,mid_season,loamy,0,0
27.37,18.45,66.92,5.66,late,sandy,11.76,0
68.78,27.87,45.52,3.87,mid_season,clay,9.0,0
77.85,20.43,60.51,3.27,development,loamy,8.33,0
26.11,35.28,48.6,4.61,late,clay,4.52,0
55.16,18.18,35.09,3.76,late,clay,3.56,0
38.25,20.4,57.07,3.95,initial,loamy,5.14,0
60.48,24.2,41.36,3.48,mid_season,clay,20.13,0
54.37,23.01,57.66,3.59,mid_season,loamy,16.13,0
76.29,22.45,54.85,2.75,mid_season,loamy,5.02,0
65.18,31.52,47.64,0,development,loamy,0,0
38.42,20.36,40.76,4.34,mid_season,sandy,11.18,0
80.24,27.18,52.41,4.06,initial,sandy,1.73,0
22.03,21.42,51.59,1.78,mid_season,loamy,9.78,0
75.36,18.0,52.05,3.27,mid_season,clay,15.59,0
46.76,19.4,36.53,5.01,mid_season,clay,13.83,0
52.14,30.13,43.68,2.62,late,loamy,5.56,0
24.3,26.47,61.08,4.18,initial,clay,6.24,0
89.92,27.29,40.36,3.36,late,sandy,4.18,0
44.74,24.87,79.26,3.69,late,sandy,7.49,0
37.41,27.18,77.69,2.99,development,sandy,11.95,0
56.67,26.64,38.49,0,late,sandy,0,1
80.36,22.26,38.95,3.74,initial,loamy,9.54,0
73.47,32.53,70.09,2.97,mid_season,loamy,6.18,0
93.16,31.36,76.02,3.59,late,clay,14.01,0
32.42,28.18,62.23,2.3,development,loamy,25.76,0
67.66,21.91,58.04,4.9,late,loamy,6.29,0
80.66,35.76,59.99,2.98,mid_season,sandy,4.01,0
58.58,31.39,62.74,3.12,development,sandy,3.99,0
58.02,23.07,64.7,5.67,development,sandy,5.95,0
65.41,25.73,83.43,5.89,mid_season,loamy,3.62,0
78.93,27.5,71.06,0,initial,sandy,0,0
74.06,26.95,47.46,3.45,late,sandy,2.72,0
67.42,27.73,57.61,3.27,late,loamy,19.0,0
43.81,30.84,69.68,5.68,development,sandy,3.51,0
29.52,19.37,36.62,2.99,initial,loamy,13.5,0
46.2,34.62,43.59,4.25,late,clay,17.83,0
71.71,34.15,39.68,4.83,late,sandy,6.16,0
22.08,33.06,82.11,5.03,late,clay,8.27,0
42.33,23.06,82.95,1.73,development,sandy,11.27,0
64.79,24.73,84.91,4.76,mid_season,sandy,33.92,0
45.65,21.76,48.94,4.0,initial,loamy,5.87,0
48.66,22.05,65.1,3.94,mid_season,sandy,12.72,0
67.44,29.2,43.66,5.21,development,clay,14.06,0
52.85,19.86,84.08,3.74,initial,sandy,0.21,0
42.84,32.26,61.87,2.54,development,loamy,4.67,0
70.57,20.04,69.11,4.17,initial,sandy,7.8,0
72.5,29.23,54.14,3.75,late,sandy,2.4,0
53.9,28.68,78.77,6.49,late,sandy,0.87,0
81.49,34.88,46.46,1.58,initial,sandy,2.22,0
30.44,28.47,54.45,4.59,development,loamy,8.43,0
45.2,34.15,71.75,2.96,mid_season,sandy,10.63,0
50.59,21.51,59.78,4.34,late,sandy,7.87,0
69.85,27.52,58.56,4.17,late,clay,1.39,0
40.43,24.49,55.7,4.51,initial,sandy,14.5,0
58.8,31.91,55.8,4.93,late,sandy,15.03,0
74.54,32.1,63.75,4.47,mid_season,sandy,16.16,0
55.07,32.61,70.77,6.76,mid_season,sandy,15.2,0
40.93,32.03,50.57,3.52,initial,loamy,8.18,0
42.31,27.71,75.87,4.23,late,clay,5.41,0
39.81,27.67,74.46,6.08,development,loamy,13.76,0
32.39,19.06,67.28,0,late,clay,0,1
56.19,24.69,35.19,4.64,late,clay,14.65,0
80.5,31.45,52.14,4.02,initial,loamy,6.32,0
67.99,27.55,69.15,0,development,sandy,0,0
42.64,26.06,81.59,2.89,late,sandy,16.86,0
73.38,34.43,38.51,3.1,late,clay,6.47,0
77.45,31.83,64.2,6.19,late,clay,16.64,0
84.32,33.47,35.32,3.83,mid_season,clay,6.11,0
78.88,24.96,51.75,3.23,initial,clay,15.39,0
82.73,30.86,68.82,3.2,initial,loamy,9.4,0
31.6,26.61,50.17,5.85,initial,clay,12.31,0
55.75,26.25,38.33,0,development,clay,0,0
38.67,25.44,60.65,4.07,late,loamy,19.56,0
76.39,28.62,74.19,2.13,mid_season,clay,20.71,0
61.76,21.44,82.36,2.43,late,sandy,13.81,0
91.33,27.55,67.11,5.13,late,clay,12.34,0
45.5,31.83,74.41,2.95,initial,clay,10.88,0
60.52,32.22,77.74,3.51,mid_season,sandy,10.42,0
29.85,24.31,81.33,1.1,mid_season,clay,14.3,0
59.75,25.95,82.38,2.96,initial,sandy,14.45,0
76.74,27.48,39.16,3.92,late,clay,17.54,0
54.54,32.22,48.75,0,development,loamy,0,0
31.83,25.57,66.46,4.05,development,sandy,13.62,0
56.01,30.03,61.77,4.67,development,clay,7.83,0
54.02,23.08,64.29,2.52,mid_season,sandy,18.39,0
41.18,22.71,67.83,5.93,late,loamy,10.06,0
56.94,21.15,70.82,0,mid_season,sandy,0,1
37.97,21.47,83.57,3.24,late,clay,11.24,0
29.42,33.71,48.16,3.35,development,clay,7.23,0
80.91,18.01,63.75,0,initial,sandy,0,0
69.61,31.25,39.13,0,initial,sandy,0,0
21.26,31.21,41.22,5.03,development,sandy,2.42,0
60.38,31.23,53.84,2.97,initial,sandy,7.8,0
33.43,32.29,59.46,5.11,mid_season,loamy,14.11,0
38.85,32.97,46.97,0,development,sandy,0,1
34.58,25.92,41.17,4.37,initial,clay,14.22,0
39.88,21.52,48.44,4.53,mid_season,clay,16.92,0
41.33,32.15,75.15,4.49,development,sandy,10.75,0
79.42,32.05,66.07,5.29,late,sandy,2.78,0
45.06,23.58,61.3,3.7,development,sandy,2.18,0
44.94,32.76,84.48,4.12,late,loamy,6.13,0
66.45,32.05,50.22,3.53,mid_season,clay,20.16,0
47.28,20.57,75.04,0,initial,loamy,0,0
74.73,35.92,51.55,4.11,mid_season,sandy,17.0,0
79.17,21.96,47.14,3.83,mid_season,loamy,13.67,0
37.23,19.2,62.04,4.28,late,clay,11.12,0
95,26.6,53.33,4.75,mid_season,clay,12.86,0
44.95,29.75,80.07,4.91,initial,clay,13.82,0
71.61,24.33,51.42,5.13,late,clay,4.68,0
38.92,31.83,68.88,6.65,initial,sandy,12.53,0
41.87,19.84,84.32,1.59,late,loamy,3.86,0
58.27,25.01,80.83,0,late,loamy,0,0
50.12,22.99,56.15,4.66,late,clay,8.05,0
66.28,24.3,75.25,4.6,development,loamy,3.27,0
68.87,25.99,50.19,3.03,mid_season,loamy,9.56,0
58.3,31.47,54.19,3.24,development,loamy,4.6,0
67.48,25.73,37.95,3.91,late,clay,16.53,0
55.8,34.82,38.92,3.8,late,clay,17.78,0
63.67,25.5,77.37,3.14,mid_season,loamy,29.65,0
42.67,20.0,36.28,0,initial,sandy,0,0
61.48,19.18,73.41,4.13,mid_season,clay,7.89,0
46.02,34.18,40.1,5.51,mid_season,sandy,4.05,0
80.95,24.49,56.92,0,development,sandy,0,0
56.53,21.03,72.04,5.71,development,sandy,5.11,0
60.3,34.59,79.5,3.89,initial,sandy,6.79,0
51.22,28.05,67.94,2.77,late,sandy,15.21,0
64.17,32.92,65.37,4.4,late,clay,2.0,0
48.28,23.51,47.36,3.74,mid_season,sandy,17.58,0
57.51,29.19,61.83,2.89,mid_season,clay,4.23,0
46.79,24.71,66.81,3.47,development,loamy,5.71,0
60.67,20.55,35.31,4.57,initial,loamy,7.11,0
67.72,35.48,71.47,2.51,initial,loamy,12.17,0
43.48,33.74,76.8,3.11,development,loamy,8.07,0
52.49,22.33,50.63,4.18,mid_season,clay,22.3,0
49.89,33.05,65.15,6.07,late,loamy,9.28,0
50.29,34.46,50.03,3.83,initial,clay,12.87,0
26.27,29.17,68.72,4.5,late,clay,6.73,0
50.84,18.65,48.76,0,late,sandy,0,1
48.92,34.64,73.78,5.14,initial,clay,2.07,0
24.58,28.73,51.37,0,mid_season,loamy,0,1
45.02,31.6,76.18,5.48,mid_season,clay,20.81,0
69.22,22.76,58.45,2.96,development,sandy,13.38,0
94.39,19.68,69.22,4.96,mid_season,loamy,9.61,0
52.86,26.42,66.33,0,initial,clay,0,0
43.65,26.03,51.74,0,initial,clay,0,0
42.36,27.89,38.75,0,development,loamy,0,1
57.4,22.03,80.99,4.94,late,clay,21.43,0
48.85,27.31,80.12,3.05,late,sandy,2.03,0
73.47,31.61,43.08,3.6,initial,sandy,5.32,0
60.32,20.14,81.4,4.15,development,clay,14.18,0
51.42,35.48,79.26,3.92,late,sandy,9.43,0
47.52,31.13,76.85,4.98,development,sandy,5.46,0
78.71,27.39,83.58,3.53,development,loamy,4.29,0
33.0,27.12,57.76,2.16,mid_season,clay,3.59,0
53.52,18.99,41.87,3.93,late,clay,8.25,0
38.69,26.71,36.39,4.93,late,loamy,2.5,0
23.27,23.52,42.55,2.56,mid_season,loamy,14.74,0
64.1,25.15,49.93,1.49,initial,sandy,6.13,0
95,28.36,37.57,0,initial,sandy,0,0
33.34,21.78,54.51,4.52,mid_season,clay,2.42,0
68.41,26.05,48.82,4.78,initial,clay,5.32,0
85.82,19.95,53.46,5.64,late,sandy,1.25,0
53.0,26.25,56.29,3.07,initial,clay,15.03,0
37.82,19.23,48.46,3.42,initial,loamy,11.12,0
49.6,25.55,51.22,0,mid_season,loamy,0,1
29.36,18.53,70.35,4.2,mid_season,sandy,10.54,0
48.78,22.48,72.66,0,late,sandy,0,1
63.17,28.17,47.57,5.23,mid_season,clay,14.95,0
38.59,25.73,38.96,4.06,mid_season,sandy,7.21,0
59.35,22.66,67.7,5.59,development,sandy,9.91,0
70.39,33.85,82.14,3.27,development,sandy,8.83,0
51.41,35.45,53.91,0,development,clay,0,0
49.5,33.37,42.34,3.24,mid_season,sandy,0.55,0
64.48,28.13,35.25,3.85,late,loamy,5.39,0
75.61,29.35,83.9,2.33,development,sandy,6.25,0
80.43,19.52,66.64,5.69,initial,loamy,10.88,0
71.49,32.87,53.21,4.6,initial,clay,9.6,0
58.64,27.8,53.17,4.69,development,loamy,12.41,0
68.72,20.23,83.63,5.56,initial,loamy,10.49,0
41.23,34.3,46.11,0,development,clay,0,1
80.05,34.28,77.44,5.01,development,clay,7.83,0
54.51,32.83,36.58,4.26,initial,sandy,8.41,0
50.4,27.4,73.1,3.03,late,clay,20.62,0
69.96,28.88,36.49,2.66,late,loamy,7.39,0
72.94,23.38,80.94,5.36,mid_season,clay,8.53,0
73.34,20.95,83.48,5.17,mid_season,clay,18.77,0
52.57,34.66,79.74,3.79,late,sandy,3.59,0
35.46,25.95,78.64,3.82,mid_season,loamy,16.25,0
42.34,29.32,51.9,4.63,mid_season,clay,1.19,0
61.7,30.51,49.79,4.51,development,clay,12.89,0
58.68,33.51,45.06,5.85,late,loamy,10.05,0
60.98,33.11,49.49,5.42,development,sandy,8.98,0
38.4,20.55,56.22,4.5,late,clay,3.78,0
31.31,22.75,36.68,0,initial,clay,0,0
5,35.62,64.06,3.9,mid_season,sandy,17.6,0
45.95,31.18,61.71,2.89,development,sandy,12.13,0
45.95,31.69,74.25,3.38,initial,sandy,7.08,0
87.09,31.75,72.76,0,development,sandy,0,0
90.79,24.45,48.77,4.51,late,loamy,9.19,0
58.55,34.27,84.28,0,late,loamy,0,0
71.59,30.84,35.19,3.21,initial,loamy,11.84,0
64.92,34.46,81.89,1.77,late,clay,8.11,0
63.33,25.48,44.84,3.81,development,sandy,3.44,0
37.99,29.68,81.41,4.98,late,clay,0.91,0
45.03,32.86,50.71,3.39,mid_season,loamy,2.47,0
92.26,21.16,35.86,3.76,mid_season,clay,10.66,0
49.45,33.6,58.73,2.65,mid_season,loamy,9.4,0
43.6,27.01,69.6,5.14,late,clay,4.59,0
47.26,22.15,72.43,4.63,development,clay,8.33,0
89.69,35.82,37.19,3.85,initial,sandy,8.17,0
56.97,27.25,68.42,4.61,initial,clay,9.82,0
46.78,19.62,56.08,4.45,late,sandy,8.15,0
80.42,32.23,80.88,5.31,initial,clay,8.73,0
49.85,27.99,42.7,0,initial,loamy,0,0
65.25,19.24,44.65,2.49,mid_season,loamy,7.26,0
95,29.03,60.2,4.96,development,clay,12.0,0
23.16,25.93,64.47,0,mid_season,loamy,0,1
59.12,28.11,79.59,3.93,development,sandy,8.13,0
55.25,20.52,72.27,4.88,late,sandy,10.73,0
82.07,24.79,36.1,2.77,late,sandy,6.76,0
23.45,19.18,82.58,3.68,late,loamy,11.6,0
38.38,35.43,84.96,5.78,mid_season,sandy,12.03,0
54.86,32.85,70.98,5.28,initial,loamy,11.62,0
73.92,21.69,47.08,4.02,late,clay,1.19,0
57.81,25.41,48.97,4.08,development,sandy,0.45,0
42.5,34.87,63.64,4.71,late,loamy,17.4,0
37.84,21.89,65.13,3.42,mid_season,loamy,6.88,0
67.55,27.56,39.3,4.42,initial,loamy,7.78,0
54.66,34.53,74.87,4.12,mid_season,clay,12.4,0
63.48,25.38,55.24,3.09,late,sandy,12.11,0
34.91,33.96,78.92,6.41,initial,clay,8.26,0
85.35,33.35,66.53,4.53,mid_season,clay,15.4,0
58.08,33.43,48.03,5.17,development,sandy,8.37,0
61.85,33.23,67.23,3.9,late,sandy,4.06,0
33.98,18.44,70.41,3.29,development,sandy,10.55,0
60.47,23.82,39.18,4.44,mid_season,sandy,6.29,0
44.36,25.03,54.8,3.55,mid_season,loamy,19.14,0
26.36,34.22,68.68,2.14,late,loamy,3.57,0
66.5,29.17,58.07,1.88,development,sandy,1.74,0
67.79,34.3,37.3,0,development,sandy,0,0
15.8,31.04,39.61,4.11,development,clay,8.59,0
67.38,26.45,76.55,3.1,late,sandy,3.42,0
95,21.25,82.26,4.69,mid_season,loamy,9.27,0
54.2,20.15,45.51,2.99,development,loamy,11.26,0
40.88,29.78,72.08,4.93,initial,loamy,8.98,0
27.52,29.92,53.42,0,development,loamy,0,1
56.7,35.47,70.65,0.91,mid_season,loamy,12.11,0
41.77,20.62,84.21,3.16,development,sandy,4.11,0
64.99,28.4,56.17,0,late,clay,0,0
61.91,33.92,59.98,0,initial,sandy,0,0
79.0,23.63,51.02,2.08,mid_season,loamy,11.24,0
27.53,29.79,68.64,0,initial,clay,0,0
87.97,20.1,66.33,4.23,mid_season,clay,12.12,0
46.87,28.51,84.4,4.59,development,sandy,12.96,0
65.27,30.68,77.9,0,initial,loamy,0,0
46.67,33.5,43.02,4.82,late,loamy,11.29,0
71.92,19.3,66.5,4.15,initial,sandy,9.88,0
42.98,30.05,81.25,0,development,sandy,0,1
77.81,35.23,76.93,4.98,mid_season,clay,18.0,0
47.0,24.74,37.19,5.42,development,clay,6.95,0
78.65,22.41,76.77,4.87,mid_season,clay,23.93,0
51.76,24.85,79.08,5.04,late,clay,2.61,0
59.96,33.49,63.05,4.73,mid_season,clay,0.57,0
78.36,21.05,84.62,6.38,late,loamy,1.73,0
49.15,19.36,78.74,3.54,mid_season,loamy,12.8,0
88.19,20.83,81.84,0,initial,clay,0,0
5,26.6,84.84,4.41,late,loamy,13.65,0
12.57,35.51,79.33,4.02,development,loamy,5.74,0
57.4,34.56,49.84,3.53,development,clay,23.9,0
45.65,28.11,77.76,3.98,initial,clay,10.7,0
49.73,21.2,54.05,3.52,development,clay,19.65,0
70.95,28.22,59.69,0,late,clay,0,0
45.81,29.5,70.17,3.46,initial,loamy,6.2,0
33.12,34.12,56.56,3.98,late,clay,14.58,0
55.64,25.51,83.55,4.64,initial,clay,4.83,0
51.07,23.04,66.87,3.37,initial,clay,0.62,0
47.62,24.34,46.88,4.46,mid_season,clay,15.21,0
39.74,26.73,66.55,4.42,development,sandy,11.97,0
32.19,33.4,79.94,3.49,development,sandy,6.27,0
64.21,26.1,40.44,2.7,late,clay,9.18,0
58.18,19.6,77.31,4.27,initial,sandy,7.06,0
36.97,30.91,59.59,2.09,initial,clay,13.86,0
37.34,29.5,70.0,3.52,mid_season,loamy,0.83,0
32.66,19.83,68.35,5.41,initial,loamy,7.07,0
63.81,22.75,51.64,3.44,development,sandy,3.31,0
47.86,34.59,61.23,4.27,late,clay,23.98,0
53.2,35.38,54.38,3.91,mid_season,clay,8.49,0
30.13,32.75,50.01,3.34,initial,loamy,1.88,0
66.28,31.94,69.9,3.25,initial,loamy,3.27,0
51.94,19.91,47.57,3.69,initial,clay,0.35,0
68.74,31.56,50.58,0,initial,loamy,0,0
90.65,27.83,73.69,3.63,mid_season,clay,21.62,0
48.26,20.13,77.62,3.88,development,sandy,5.42,0
71.34,21.23,74.0,2.69,development,sandy,7.15,0
39.83,19.87,48.51,5.47,initial,sandy,12.31,0
34.83,24.84,76.29,4.04,mid_season,loamy,6.03,0
56.41,20.11,44.16,4.17,initial,clay,7.49,0
28.11,28.34,63.75,3.23,mid_season,clay,10.42,0
71.39,22.85,59.43,3.1,mid_season,sandy,3.98,0
78.68,21.26,69.7,0,late,loamy,0,0
66.0,26.44,63.5,4.45,late,sandy,9.85,0
32.49,24.53,38.44,0,initial,sandy,0,0
33.26,18.39,38.53,3.22,late,clay,17.18,0
91.81,33.27,74.17,4.73,initial,clay,4.36,0
50.75,24.07,66.09,0,initial,loamy,0,0
86.42,27.8,37.03,4.67,development,clay,1.52,0
53.61,31.59,48.94,0,late,loamy,0,0
43.86,29.25,51.69,4.13,development,sandy,2.17,0
74.06,28.78,68.51,3.53,development,clay,6.93,0
63.71,19.6,71.08,5.99,late,sandy,1.98,0
38.66,33.3,79.88,4.08,mid_season,sandy,12.25,0
74.41,23.15,63.3,0,mid_season,sandy,0,0
49.2,23.97,72.56,2.81,late,loamy,8.34,0
66.03,24.0,63.87,5.96,development,loamy,14.53,0
56.07,18.87,53.76,2.93,development,clay,8.58,0
64.9,19.89,74.8,0,mid_season,sandy,0,0
38.04,20.0,77.67,0,initial,sandy,0,0
51.49,30.72,36.33,0,late,clay,0,0
37.92,23.5,61.11,3.69,initial,sandy,11.15,0
76.68,26.7,42.91,3.92,initial,loamy,5.14,0
40.43,33.88,62.62,4.59,mid_season,clay,18.46,0
70.49,24.64,50.19,2.13,late,sandy,6.6,0
66.32,20.02,50.94,4.44,late,loamy,11.89,0
60.29,26.51,60.78,5.56,development,sandy,2.07,0
60.53,26.66,37.04,0,initial,loamy,0,0
46.09,19.95,82.35,4.94,development,sandy,4.18,0
68.41,34.46,51.1,3.67,mid_season,sandy,5.94,0
53.06,33.52,54.91,3.32,development,loamy,2.77,0
24.6,18.97,59.99,2.86,initial,sandy,8.26,0
19.7,34.1,82.19,0,initial,sandy,0,0
75.29,26.52,54.33,4.05,late,sandy,4.94,0
37.61,34.82,71.86,0,development,clay,0,1
62.2,31.75,45.12,2.61,mid_season,loamy,5.49,0
71.47,25.67,60.13,0,late,sandy,0,0
59.52,19.56,50.67,3.0,initial,loamy,0.11,0
53.51,23.13,76.59,2.45,late,clay,11.97,0
53.77,27.44,39.22,5.36,late,sandy,1.42,0
47.38,27.84,75.71,3.07,development,sandy,8.9,0
46.11,32.66,81.75,0,initial,clay,0,0
67.26,32.61,64.93,5.0,mid_season,loamy,22.92,0
52.38,26.32,80.07,5.84,mid_season,loamy,12.77,0
55.79,22.58,55.26,2.77,initial,loamy,23.92,0
42.64,26.16,52.81,0,mid_season,sandy,0,1
38.23,27.48,57.66,3.39,late,clay,2.26,0
43.13,33.69,57.22,0,initial,sandy,0,0
89.23,23.94,83.4,2.47,late,loamy,4.29,0
63.52,35.42,56.83,4.92,mid_season,sandy,14.69,0
55.44,18.98,79.53,4.52,mid_season,clay,6.97,0
62.69,31.29,52.81,4.33,development,sandy,0.49,0
59.22,26.06,49.25,2.94,development,sandy,6.26,0
70.67,20.98,55.87,4.43,late,clay,5.33,0
64.67,27.25,43.29,3.51,late,clay,6.6,0
72.07,24.49,52.04,2.84,late,clay,16.93,0
29.34,18.09,63.59,4.19,mid_season,clay,13.27,0
79.61,35.94,43.83,0,initial,loamy,0,0
59.11,28.99,73.75,5.16,late,loamy,7.23,0
15.89,18.85,43.38,4.47,development,sandy,10.3,0
55.5,34.03,67.51,0,late,sandy,0,1
95,20.66,60.49,4.41,mid_season,loamy,18.14,0
42.37,25.6,54.65,4.56,mid_season,loamy,4.11,0
63.91,32.36,76.45,0,initial,sandy,0,0
94.44,26.42,84.62,5.48,initial,clay,11.15,0
37.26,24.49,54.94,4.13,development,clay,8.01,0
29.42,27.96,66.38,4.03,initial,sandy,1.73,0
45.23,20.14,53.41,3.07,development,loamy,8.63,0
48.59,33.37,64.25,0,initial,loamy,0,0
55.36,28.37,43.76,2.33,late,sandy,15.22,0
95,19.62,78.46,3.72,initial,clay,2.64,0
38.89,27.84,55.96,3.72,mid_season,sandy,14.27,0
75.61,35.89,57.81,1.08,initial,sandy,3.08,0
85.06,29.04,77.91,5.16,development,sandy,13.11,0
64.41,30.3,79.86,4.03,development,loamy,12.96,0
94.62,22.57,60.19,3.07,development,clay,7.8,0
45.41,21.04,78.16,5.05,late,clay,12.63,0
49.75,21.3,71.75,4.98,initial,clay,5.63,0
62.0,20.1,57.21,4.09,late,sandy,11.57,0
57.73,25.23,59.43,3.9,mid_season,clay,22.67,0
45.46,34.22,51.35,0,development,clay,0,0
45.11,27.84,75.59,4.02,initial,clay,12.91,0
31.02,22.34,37.56,4.68,late,clay,14.53,0
53.6,26.82,53.85,2.23,development,clay,8.1,0
85.59,19.18,84.81,3.01,mid_season,loamy,14.94,0
62.88,35.08,38.55,4.66,development,clay,3.74,0
66.84,27.84,65.98,4.93,mid_season,sandy,14.44,0
75.03,22.27,60.51,3.78,development,sandy,5.14,0
45.89,30.56,35.24,0,mid_season,loamy,0,1
85.07,33.0,35.95,4.99,development,loamy,19.77,0
40.61,33.69,76.72,1.29,late,clay,19.02,0
58.85,29.52,64.65,2.94,initial,clay,15.38,0
70.53,19.51,81.39,4.26,development,sandy,14.94,0
84.6,22.15,41.92,5.13,mid_season,loamy,21.53,0
70.73,31.0,67.2,0.67,mid_season,sandy,2.25,0
40.75,20.13,81.38,5.1,development,sandy,10.92,0
41.17,20.5,57.47,0,initial,loamy,0,0
30.8,22.15,79.9,4.56,development,loamy,1.44,0
40.28,30.6,80.71,1.25,late,loamy,12.52,0
16.64,22.41,74.64,4.14,mid_season,loamy,11.53,0
67.34,22.92,61.4,3.9,initial,clay,7.4,0
49.14,26.55,51.77,5.75,development,sandy,1.05,0
46.62,35.85,79.64,4.62,initial,loamy,3.31,0
68.67,25.42,52.02,4.64,late,loamy,7.47,0
57.32,22.73,68.17,2.56,development,clay,11.43,0
61.4,21.93,61.1,3.63,late,sandy,8.51,0
76.41,34.97,69.15,5.87,mid_season,loamy,13.59,0
55.74,20.47,70.2,0.97,late,clay,13.0,0
82.35,25.74,83.48,2.91,late,loamy,34.12,0
42.6,29.22,51.34,5.22,initial,clay,4.24,0
90.24,24.96,62.08,4.47,late,clay,11.7,0
64.0,22.49,42.68,3.84,initial,loamy,8.49,0
67.09,19.97,83.14,0,development,loamy,0,0
75.1,33.42,52.14,4.15,mid_season,loamy,5.96,0
61.78,29.45,80.37,4.32,mid_season,clay,16.07,0
35.38,28.47,70.67,3.9,initial,loamy,15.74,0
81.66,35.77,37.43,4.22,late,sandy,8.73,0
71.74,21.66,40.8,4.4,late,sandy,2.72,0
76.97,24.5,54.24,0,initial,clay,0,0
70.37,35.75,67.42,1.57,late,sandy,10.27,0
18.15,35.91,84.19,3.91,late,sandy,3.06,0
46.47,24.84,72.62,4.91,mid_season,clay,15.56,0
31.94,21.65,47.03,3.75,mid_season,loamy,18.82,0
64.43,22.5,80.21,4.79,development,clay,24.47,0
47.85,23.22,78.54,5.04,initial,loamy,13.27,0
63.82,32.89,54.24,3.92,late,loamy,8.78,0
63.53,23.47,74.5,1.17,late,loamy,0.19,0
57.95,19.11,82.73,5.0,late,sandy,0.43,0
72.86,25.91,45.03,0.79,late,clay,19.07,0
56.37,31.99,84.12,0,initial,clay,0,0
58.56,18.61,78.95,3.84,mid_season,sandy,16.39,0
40.94,26.13,66.05,0,mid_season,sandy,0,1
54.5,25.57,64.88,3.76,late,sandy,13.4,0
53.14,18.19,44.16,0,late,clay,0,0
45.53,32.18,36.49,3.39,initial,loamy,0.9,0
43.88,19.21,42.64,3.16,development,clay,14.54,0
33.09,24.43,39.61,2.32,late,sandy,1.52,0
50.47,33.35,68.16,4.84,mid_season,clay,13.33,0
38.82,18.27,76.41,4.25,initial,sandy,4.3,0
70.38,30.11,42.99,3.52,late,loamy,8.97,0
74.56,18.66,78.23,3.1,development,sandy,1.68,0
74.46,22.0,75.66,4.59,initial,sandy,8.25,0
51.54,28.97,67.97,4.88,mid_season,clay,14.04,0
66.23,23.38,37.4,5.18,late,clay,7.63,0
20.16,27.14,81.1,4.05,late,clay,10.11,0
43.77,34.64,41.96,0,development,clay,0,1
95,25.27,69.23,4.82,initial,loamy,8.27,0
34.19,26.66,81.88,0,late,sandy,0,1
39.81,31.8,81.84,6.0,mid_season,loamy,16.51,0
63.53,21.38,38.97,2.63,late,sandy,5.58,0
63.29,22.69,49.08,0,development,loamy,0,0
66.64,22.53,85.0,2.89,late,sandy,17.95,0
72.89,21.11,63.41,4.38,development,sandy,10.07,0
35.43,29.71,58.37,4.96,late,sandy,13.29,0
51.97,21.41,50.35,4.05,mid_season,sandy,17.4,0
45.19,25.24,78.59,4.72,mid_season,loamy,3.64,0
34.76,26.04,77.99,5.15,mid_season,clay,19.14,0
58.73,27.06,76.68,2.47,mid_season,loamy,4.01,0
51.64,30.5,44.9,4.58,development,loamy,5.86,0
50.7,25.59,84.36,5.5,mid_season,clay,11.85,0
47.41,30.63,77.85,0,mid_season,sandy,0,1
78.28,27.64,45.06,4.48,mid_season,clay,25.22,0
38.82,20.03,83.52,5.57,mid_season,loamy,6.63,0
49.34,28.24,63.56,3.96,mid_season,sandy,4.94,0
73.25,23.72,73.51,2.51,late,clay,16.77,0
56.81,35.03,65.74,4.11,mid_season,clay,16.7,0
31.22,30.57,82.83,4.68,late,clay,22.38,0
33.36,35.1,74.05,3.5,development,loamy,10.74,0
62.91,30.92,42.22,4.28,mid_season,clay,19.92,0
48.92,27.67,64.55,4.26,late,sandy,8.22,0
59.14,22.41,51.72,0,development,sandy,0,1
65.07,30.12,60.65,5.14,late,sandy,13.14,0
35.94,32.26,72.32,4.3,initial,sandy,7.06,0
49.4,18.36,49.78,5.28,mid_season,loamy,19.23,0
57.71,18.48,41.97,4.39,initial,clay,10.77,0
68.73,20.94,72.82,0,development,loamy,0,0
63.72,31.51,35.62,5.91,late,loamy,5.14,0
56.57,34.27,68.37,4.48,development,sandy,19.96,0
69.43,21.19,53.9,0,initial,sandy,0,0
78.71,35.83,61.59,0,development,sandy,0,0
32.52,19.57,78.72,0,development,clay,0,1
66.29,33.87,45.43,5.07,initial,sandy,2.04,0
80.01,30.04,48.76,3.27,mid_season,clay,17.38,0
57.73,22.31,70.93,4.72,initial,clay,11.8,0
48.25,29.14,82.32,0,late,clay,0,0
66.36,22.25,44.26,0,initial,sandy,0,0
62.43,27.15,69.83,3.93,late,loamy,14.95,0
53.04,33.18,48.73,1.87,development,clay,7.78,0
64.35,31.26,58.16,4.17,initial,clay,13.83,0
84.97,24.05,79.03,0,development,loamy,0,0
71.44,20.8,49.56,6.01,late,loamy,4.84,0
40.4,26.8,57.65,3.48,mid_season,sandy,8.91,0
67.89,24.62,60.29,3.5,development,sandy,5.6,0
55.96,22.52,71.2,4.76,initial,sandy,19.22,0
37.42,28.77,63.32,0,initial,clay,0,0
66.13,30.06,54.55,4.12,initial,sandy,7.98,0
57.78,25.2,77.21,4.48,mid_season,loamy,11.88,0
46.92,28.97,38.75,4.76,mid_season,clay,18.57,0
56.73,32.93,39.92,3.36,late,clay,7.29,0
68.38,24.23,35.95,3.69,development,sandy,20.24,0
42.45,18.54,82.53,0,late,clay,0,1
31.36,24.09,47.08,3.45,mid_season,clay,10.39,0
43.72,22.37,44.87,0,initial,clay,0,0
84.61,35.43,35.65,4.73,development,sandy,12.13,0
35.83,32.87,67.2,4.86,initial,loamy,4.77,0
46.17,24.94,40.32,2.77,mid_season,sandy,0.33,0
80.43,23.98,39.09,3.15,initial,sandy,13.13,0
65.53,27.86,55.96,5.09,development,clay,23.73,0
75.95,26.55,75.36,4.54,initial,sandy,2.87,0
51.31,31.86,54.89,6.82,development,clay,15.06,0
74.91,29.6,75.72,4.25,initial,clay,3.93,0
44.92,23.79,69.56,3.09,mid_season,sandy,11.66,0
43.96,29.74,57.03,3.33,development,sandy,0.79,0
86.8,27.92,80.57,2.51,mid_season,clay,14.46,0
55.04,34.31,79.98,0,late,sandy,0,1
58.52,21.68,81.23,4.78,initial,loamy,7.24,0
48.75,30.75,75.25,4.02,late,clay,7.95,0
52.81,30.75,36.26,3.75,initial,loamy,1.56,0
57.79,31.6,51.46,4.73,mid_season,sandy,12.11,0
50.29,27.2,72.59,5.26,mid_season,sandy,16.98,0
53.55,25.9,75.72,0,development,loamy,0,0
57.16,20.99,64.52,4.51,initial,clay,10.53,0
58.86,21.72,55.65,3.72,mid_season,loamy,9.74,0
47.96,33.59,41.19,5.92,late,sandy,7.07,0
52.02,24.74,54.94,6.77,initial,loamy,11.13,0
52.06,23.34,48.99,3.7,late,sandy,2.37,0
67.8,35.03,58.95,4.92,development,sandy,17.52,0
61.37,22.82,65.15,4.02,mid_season,clay,24.38,0
52.74,32.77,73.01,0,development,sandy,0,1
52.29,31.01,82.48,4.06,development,sandy,9.58,0
57.42,23.53,39.05,2.61,initial,clay,11.62,0
41.05,26.14,78.21,3.29,development,clay,8.98,0
46.93,27.15,79.24,3.12,initial,loamy,5.76,0
62.97,33.81,61.67,4.27,development,clay,16.18,0
23.05,18.68,40.98,2.26,mid_season,clay,17.84,0
45.05,33.5,76.36,4.51,initial,loamy,5.24,0
61.19,24.92,48.54,3.54,mid_season,sandy,11.15,0
73.15,18.61,74.5,3.39,initial,clay,12.88,0
55.4,33.65,36.73,3.49,late,sandy,8.28,0
77.23,20.63,57.52,3.57,mid_season,clay,3.42,0
66.98,27.84,82.51,3.47,mid_season,sandy,15.94,0
30.6,29.25,80.57,4.41,late,loamy,16.64,0
30.05,30.66,48.43,4.02,mid_season,loamy,9.0,0
78.36,24.78,53.59,0,initial,sandy,0,0
72.35,23.05,41.48,0.34,late,sandy,7.04,0
69.4,20.18,59.75,3.42,development,clay,6.3,0
38.05,29.76,79.34,4.53,late,sandy,17.64,0
41.18,24.55,77.49,0,mid_season,sandy,0,1
38.12,21.02,35.51,0,initial,sandy,0,0
74.85,28.08,53.51,4.2,development,clay,16.2,0
54.8,22.68,53.74,6.02,development,loamy,4.5,0
54.94,33.43,62.89,4.31,development,loamy,10.23,0
74.51,27.17,70.36,4.44,mid_season,clay,8.29,0
59.71,26.62,47.86,3.7,mid_season,clay,8.55,0
37.92,18.36,45.18,4.0,development,loamy,8.59,0
66.24,31.74,52.88,0,initial,sandy,0,0
19.67,20.23,69.13,0,development,sandy,0,1
58.79,24.75,44.47,0,mid_season,sandy,0,1
26.04,18.91,83.86,4.1,late,clay,7.4,0
60.04,19.36,81.58,3.6,initial,sandy,1.03,0
32.48,28.87,73.27,3.41,mid_season,sandy,16.06,0
65.08,31.66,60.57,2.87,development,loamy,6.14,0
56.93,24.33,68.09,3.43,initial,clay,13.02,0
54.02,21.84,77.91,0,late,clay,0,0
38.92,24.22,38.76,3.25,late,sandy,2.17,0
65.9,32.89,65.15,0,late,clay,0,0
51.04,26.73,82.04,3.16,initial,loamy,6.68,0
50.23,18.27,59.9,6.27,late,loamy,8.06,0
40.08,22.32,37.32,3.54,development,loamy,6.37,0
47.16,32.6,75.0,3.57,late,clay,15.28,0
28.65,29.92,69.42,0,development,clay,0,1
45.78,33.74,77.0,5.06,mid_season,sandy,14.13,0
83.89,34.97,38.7,0,initial,loamy,0,0
35.58,28.57,39.85,3.6,late,loamy,2.4,0
47.4,24.3,39.5,0,initial,loamy,0,0
48.87,29.67,51.05,2.51,mid_season,clay,5.65,0
56.81,26.3,70.25,4.8,mid_season,clay,16.07,0
87.98,23.6,56.8,4.08,development,clay,19.19,0
88.24,25.98,50.63,4.35,development,sandy,16.55,0
54.59,34.16,73.46,4.44,mid_season,loamy,0.64,0
39.01,19.33,42.82,3.67,development,loamy,11.74,0
49.12,35.2,61.97,5.35,mid_season,sandy,8.09,0
69.16,23.83,37.57,7.04,late,sandy,13.92,0
35.95,21.72,44.42,4.44,mid_season,clay,18.47,0
72.65,32.65,77.08,2.21,mid_season,loamy,24.91,0
10.79,27.36,44.65,3.98,initial,clay,18.5,0
35.71,25.19,60.08,5.04,mid_season,loamy,13.3,0
38.01,28.63,55.99,2.64,initial,sandy,1.2,0
72.65,18.71,63.24,2.87,development,clay,11.46,0
31.99,20.63,71.8,1.54,mid_season,loamy,12.61,0
36.28,20.09,68.63,4.63,mid_season,sandy,8.02,0
46.32,23.44,65.65,6.15,mid_season,clay,23.41,0
61.63,18.07,74.41,5.25,late,sandy,6.84,0
30.51,22.39,66.91,0,development,sandy,0,1
64.8,23.02,53.33,4.63,development,sandy,5.96,0
62.98,18.98,43.43,3.91,initial,sandy,3.86,0
77.78,35.2,54.01,3.77,mid_season,loamy,8.51,0
60.12,30.58,72.17,0,initial,sandy,0,0
84.15,23.47,65.06,0,late,clay,0,0
42.94,21.15,55.26,3.2,mid_season,clay,15.62,0
52.97,26.04,73.27,4.88,mid_season,sandy,6.62,0
66.32,24.04,50.21,0,late,clay,0,0
89.79,21.1,40.68,0,late,clay,0,0
41.74,26.08,65.05,4.18,development,loamy,14.21,0
35.38,26.62,74.41,5.34,late,loamy,0.35,0
80.16,18.43,70.28,0,mid_season,clay,0,0
47.21,33.47,40.72,1.94,development,loamy,15.6,0
68.3,34.61,65.55,2.53,initial,clay,12.78,0
32.66,25.18,55.11,3.33,late,clay,18.82,0
67.63,30.07,59.54,4.03,development,loamy,11.72,0
28.14,25.52,38.36,2.64,late,sandy,16.63,0
60.04,34.68,37.48,4.32,late,clay,14.11,0
68.8,35.98,67.42,2.12,development,sandy,4.74,0
58.11,29.65,38.54,2.59,development,clay,9.12,0
16.37,30.29,59.33,3.36,mid_season,sandy,20.76,0
63.91,35.8,74.6,0,initial,clay,0,0
76.99,33.18,79.17,4.2,development,clay,2.24,0
34.21,27.72,41.84,4.76,mid_season,loamy,3.08,0
52.91,35.14,56.76,3.76,late,sandy,3.03,0
60.7,30.87,44.51,5.02,late,clay,15.63,0
53.2,30.9,50.07,3.19,late,loamy,7.37,0
49.44,18.61,58.73,2.82,initial,loamy,16.89,0
45.26,24.44,82.61,0,development,sandy,0,1
65.23,25.62,49.53,4.72,development,clay,9.01,0
29.99,25.72,71.61,0,initial,sandy,0,0
45.26,21.19,80.19,4.11,late,clay,24.79,0
52.15,26.41,82.78,5.76,development,clay,4.54,0
88.19,25.6,65.97,2.93,mid_season,sandy,9.12,0
30.44,20.4,82.67,0,mid_season,sandy,0,1
43.17,19.18,63.84,5.48,initial,clay,0.64,0
39.53,26.34,35.72,3.98,initial,clay,7.64,0
62.88,33.59,46.85,1.85,development,sandy,8.08,0
65.85,29.24,59.15,0,late,sandy,0,0
61.38,35.87,82.62,7.09,development,clay,25.25,0
53.17,29.68,67.23,5.13,late,loamy,6.05,0
29.99,34.85,73.59,0,initial,clay,0,0
52.63,28.56,35.92,0,initial,clay,0,0
54.1,25.58,64.04,5.64,late,sandy,4.84,0
67.1,27.71,64.3,5.5,development,loamy,11.55,0
60.71,29.91,47.08,4.79,late,clay,6.33,0
42.52,26.88,41.22,3.62,initial,clay,11.16,0
75.62,31.77,65.33,3.72,development,loamy,5.05,0
67.17,21.63,64.67,5.18,mid_season,clay,21.49,0
55.53,23.11,46.16,5.42,late,loamy,7.66,0
73.73,34.94,76.49,4.26,mid_season,loamy,2.49,0
38.56,34.97,75.46,0,initial,loamy,0,0
67.64,27.24,78.04,2.99,mid_season,sandy,0.32,0
66.31,34.47,51.15,5.23,mid_season,loamy,17.57,0
19.48,26.56,76.07,3.09,mid_season,loamy,12.22,0
70.99,24.0,69.7,3.44,late,loamy,11.49,0
67.77,35.28,75.21,5.3,mid_season,clay,3.32,0
58.72,35.02,46.69,5.36,mid_season,sandy,6.04,0
57.07,35.59,47.85,0,late,sandy,0,1
42.31,19.86,59.99,3.42,late,sandy,18.99,0
89.66,22.42,46.09,4.94,late,sandy,2.05,0
55.67,28.24,48.02,3.87,mid_season,clay,15.2,0
69.4,30.2,49.92,0,initial,clay,0,0
47.88,34.65,35.15,4.15,late,clay,24.48,0
28.03,19.01,54.49,3.43,late,sandy,0.94,0
64.36,32.69,40.75,5.1,mid_season,loamy,19.31,0
52.18,18.01,42.03,0,development,sandy,0,1
62.12,26.09,42.21,4.89,initial,sandy,15.83,0
34.28,28.29,47.74,3.2,mid_season,sandy,11.08,0
28.75,26.63,50.13,3.06,mid_season,loamy,7.84,0
43.81,32.35,45.61,3.37,mid_season,loamy,13.41,0
72.0,29.5,79.16,4.57,mid_season,loamy,11.48,0
63.14,32.63,70.62,3.46,late,sandy,1.45,0
53.55,18.13,43.98,4.76,initial,sandy,7.29,0
73.62,23.71,60.28,4.71,late,clay,19.09,0
73.48,30.05,48.82,2.09,development,clay,12.14,0
42.35,31.5,80.75,6.37,initial,sandy,17.71,0
58.15,35.52,42.75,5.4,initial,loamy,4.72,0
61.23,28.68,79.97,3.32,development,clay,0.16,0
95,18.15,58.5,2.52,mid_season,clay,18.89,0
73.59,30.3,37.23,0,initial,clay,0,0
52.83,35.82,62.67,3.65,late,clay,15.33,0
74.35,19.81,74.66,2.18,mid_season,sandy,17.78,0
45.46,22.67,74.03,3.81,mid_season,sandy,16.36,0
27.64,35.87,36.44,2.68,mid_season,loamy,13.66,0
74.11,23.36,40.75,4.32,mid_season,loamy,20.44,0
38.38,21.63,53.27,4.26,development,loamy,9.02,0
59.17,24.74,46.32,1.8,late,loamy,3.84,0
95,28.37,65.67,4.84,late,sandy,10.74,0
28.34,19.05,66.52,0,late,sandy,0,1
51.94,22.45,41.9,4.52,late,clay,13.54,0
52.04,27.0,70.4,0,initial,loamy,0,0
54.23,27.43,49.59,4.68,late,sandy,9.72,0
62.64,21.88,70.51,0,initial,loamy,0,0
47.29,28.74,61.02,4.28,mid_season,loamy,2.21,0
60.69,23.17,60.63,0,late,clay,0,0
72.8,31.09,48.24,5.8,development,loamy,3.01,0
61.53,29.16,40.19,2.57,initial,loamy,14.13,0
34.25,22.27,60.37,3.01,initial,sandy,13.39,0
55.12,18.36,63.8,5.54,mid_season,clay,26.33,0
34.67,29.18,56.15,4.96,late,sandy,4.84,0
66.78,30.9,61.65,5.04,mid_season,sandy,19.48,0
55.92,18.44,75.81,4.48,initial,clay,3.57,0
56.3,19.8,78.19,0,mid_season,sandy,0,1
79.9,26.75,36.62,4.0,development,sandy,14.53,0
73.69,19.91,79.3,0,initial,loamy,0,0
65.81,33.7,58.6,5.01,development,loamy,4.57,0
49.53,24.87,65.12,0,late,clay,0,0
78.37,26.84,78.95,0,late,loamy,0,0
63.1,35.54,47.12,0,initial,clay,0,0
60.44,27.76,44.82,0,late,sandy,0,0
40.1,31.51,41.52,5.33,mid_season,clay,14.58,0
72.34,20.38,52.72,2.99,late,sandy,14.86,0
65.77,34.94,81.9,3.78,development,sandy,2.93,0
45.54,21.93,62.57,1.68,initial,sandy,3.1,0
41.72,32.25,80.48,2.27,initial,loamy,12.27,0
60.7,30.77,57.63,4.79,development,sandy,5.08,0
83.15,27.23,52.53,4.07,mid_season,loamy,2.0,0
61.4,35.29,39.52,5.01,mid_season,loamy,7.87,0
53.1,32.38,43.55,4.22,late,sandy,16.65,0
33.44,24.52,76.81,5.38,late,sandy,9.49,0
53.74,23.34,45.32,0,mid_season,sandy,0,1
38.16,18.27,81.78,3.28,mid_season,loamy,18.62,0
54.57,29.07,60.48,4.41,initial,sandy,4.6,0
50.84,22.0,48.72,3.41,development,loamy,10.46,0
52.26,28.64,75.44,3.44,mid_season,loamy,18.56,0
81.99,21.76,53.48,4.88,mid_season,sandy,14.24,0
31.6,27.63,65.76,5.51,development,sandy,3.19,0
16.99,24.57,65.8,0,initial,clay,0,0
39.36,29.92,66.46,3.52,late,sandy,12.17,0
69.69,21.48,77.96,3.31,development,clay,1.94,0
35.47,30.4,72.18,0,development,loamy,0,1
45.94,19.06,56.09,0,late,sandy,0,1
61.42,19.64,62.73,1.96,late,sandy,7.73,0
44.45,19.67,64.2,3.3,development,loamy,17.28,0
32.31,26.08,64.43,3.95,late,clay,15.49,0
29.43,23.87,71.62,3.68,initial,clay,4.76,0
66.32,32.02,68.72,5.51,late,sandy,9.4,0
45.85,18.4,72.86,4.22,late,clay,18.35,0
31.75,25.88,46.73,1.9,initial,clay,0.61,0
92.77,34.16,38.49,4.15,mid_season,sandy,13.13,0
54.6,33.62,59.04,2.84,late,clay,10.96,0
64.24,24.04,71.59,4.03,late,clay,17.02,0
76.23,32.41,82.28,3.92,late,clay,3.98,0
54.72,23.23,55.73,0,late,sandy,0,1
74.07,20.64,61.22,4.4,initial,loamy,1.66,0
61.26,31.57,50.17,3.59,development,sandy,14.04,0
24.79,19.22,82.75,2.78,late,loamy,0.62,0
64.55,30.41,72.66,0,initial,sandy,0,0
44.7,27.97,56.36,0,development,clay,0,1
59.96,20.39,61.3,2.64,late,sandy,15.64,0
71.51,32.9,44.63,3.29,initial,loamy,0.23,0
15.49,26.52,38.06,5.65,development,loamy,8.35,0
60.77,29.49,76.91,2.83,mid_season,loamy,9.98,0
29.11,27.94,72.36,3.2,development,loamy,20.16,0
57.51,21.68,64.54,0,initial,clay,0,0
61.49,30.0,55.05,0,development,sandy,0,0
70.19,23.01,73.36,4.53,initial,sandy,16.82,0
44.99,25.15,75.48,0,development,loamy,0,1
60.11,32.96,79.67,2.96,development,clay,11.04,0
55.27,26.63,75.21,5.69,late,clay,7.42,0
39.33,28.33,70.14,4.84,initial,loamy,5.49,0
80.51,24.38,75.74,4.78,initial,sandy,21.15,0
54.27,33.36,47.03,3.32,late,clay,5.56,0
36.05,32.98,48.93,4.25,mid_season,loamy,2.04,0
77.33,25.28,38.07,2.84,mid_season,sandy,4.31,0
52.57,28.27,75.94,4.28,development,clay,7.86,0
48.08,25.92,73.82,2.5,late,sandy,6.8,0
35.33,30.73,49.11,3.68,development,sandy,0.56,0
43.36,25.56,75.39,2.67,late,loamy,10.67,0
34.38,22.94,56.8,4.53,late,sandy,12.27,0
54.95,32.09,60.24,5.05,mid_season,sandy,15.14,0
65.68,22.65,84.76,4.29,mid_season,clay,6.3,0
66.84,33.21,63.46,3.51,initial,sandy,3.86,0
58.92,19.98,60.7,2.98,mid_season,clay,10.41,0
68.37,31.81,65.4,3.18,development,loamy,2.0,0
82.37,18.54,42.4,3.13,initial,clay,3.81,0
82.32,23.56,71.03,5.12,development,clay,8.08,0
60.59,34.59,54.43,4.52,development,sandy,12.63,0
79.01,18.23,51.71,4.73,initial,sandy,8.84,0
42.5,30.84,53.5,3.75,late,clay,4.25,0
78.82,30.08,38.0,2.23,late,loamy,12.92,0
33.1,26.54,83.35,4.17,mid_season,loamy,12.36,0
32.97,31.82,54.65,0,mid_season,clay,0,1
67.2,30.99,39.67,2.09,late,sandy,10.67,0
54.97,25.49,45.83,4.2,mid_season,loamy,9.97,0
25.43,35.16,82.67,2.68,initial,clay,7.16,0
49.73,23.21,42.83,0,mid_season,loamy,0,1
58.43,30.28,45.02,4.14,initial,clay,4.21,0
62.79,35.22,50.52,3.13,late,clay,17.44,0
55.95,26.4,70.81,3.73,development,sandy,10.45,0
90.63,27.52,54.78,2.76,mid_season,clay,12.57,0
65.92,22.9,71.29,2.74,late,clay,6.01,0
29.26,27.67,41.01,2.05,mid_season,sandy,14.9,0
80.21,33.17,37.76,4.15,mid_season,sandy,12.0,0
31.97,33.14,82.95,3.21,late,loamy,0.96,0
80.42,19.35,48.89,2.96,development,clay,14.54,0
76.52,22.35,37.81,4.25,mid_season,loamy,12.49,0
71.98,35.84,78.96,3.13,late,sandy,9.16,0
89.99,28.2,40.64,4.04,initial,sandy,12.79,0
54.45,28.91,82.67,2.65,late,clay,6.4,0
63.4,34.59,74.71,5.44,initial,clay,12.31,0
55.92,22.58,42.53,4.73,initial,sandy,6.96,0
34.71,33.01,68.42,3.98,initial,clay,8.3,0
86.11,25.41,84.34,4.4,development,clay,1.89,0
59.35,30.89,54.18,0,development,loamy,0,0
71.09,32.81,38.44,4.49,development,sandy,1.53,0
65.33,25.81,72.49,5.71,initial,clay,2.78,0
73.13,18.2,72.12,4.47,initial,clay,14.69,0
82.36,22.01,41.39,3.39,development,loamy,2.41,0
56.44,19.24,36.6,3.37,development,clay,8.17,0
42.48,31.12,82.67,2.53,late,loamy,15.98,0
65.69,24.99,63.29,3.55,initial,clay,20.01,0
39.9,30.33,42.07,4.45,development,loamy,20.02,0
59.46,26.64,50.8,4.12,mid_season,loamy,3.22,0
64.78,27.37,51.22,3.32,late,sandy,8.6,0
49.06,31.34,67.03,5.58,development,clay,8.91,0
53.11,27.95,43.22,2.28,development,clay,20.78,0
18.9,24.57,66.81,3.07,late,clay,10.12,0
38.75,30.02,38.64,3.58,development,loamy,1.32,0
53.67,26.75,53.11,1.73,mid_season,loamy,14.5,0
37.12,25.9,49.85,3.6,development,clay,0.72,0
54.98,32.27,82.58,5.76,development,sandy,11.36,0
54.74,33.4,76.92,0,late,sandy,0,1
87.4,20.92,80.74,4.32,initial,clay,16.56,0
38.1,27.76,60.49,5.0,initial,loamy,18.84,0
69.16,33.55,45.76,4.39,late,sandy,6.01,0
71.99,19.2,35.13,4.42,mid_season,loamy,12.61,0
62.91,24.33,68.9,5.44,initial,loamy,3.15,0
61.84,29.65,76.4,0,development,sandy,0,0
54.78,18.44,64.0,1.82,mid_season,loamy,6.82,0
51.14,26.98,79.67,4.64,mid_season,clay,21.85,0
53.32,26.56,78.86,3.29,mid_season,sandy,8.03,0
64.34,18.76,42.01,3.51,development,loamy,0.12,0
10.76,20.53,49.04,0,development,sandy,0,1
69.15,23.52,60.01,2.58,late,sandy,21.4,0
77.12,18.8,56.35,4.94,development,loamy,2.43,0
50.91,29.05,43.23,4.98,late,sandy,4.85,0
42.83,32.63,83.46,7.31,late,clay,0.77,0
38.86,19.65,57.13,0,late,loamy,0,1
64.59,32.49,55.94,2.57,mid_season,clay,12.01,0
95,18.68,82.64,3.56,mid_season,clay,29.87,0
39.55,21.04,51.08,2.38,mid_season,clay,9.83,0
60.04,30.62,72.48,5.26,late,sandy,20.63,0
62.58,29.53,52.68,4.04,mid_season,loamy,14.57,0
54.18,19.9,47.99,2.35,mid_season,sandy,12.32,0
64.48,18.87,37.31,4.48,development,loamy,8.0,0
65.06,25.62,56.37,3.81,mid_season,clay,25.36,0
65.03,22.97,73.46,4.89,mid_season,loamy,22.78,0
36.36,25.7,55.71,3.31,mid_season,sandy,3.77,0
38.05,30.73,56.6,2.02,late,sandy,15.57,0
69.43,19.68,80.0,4.7,initial,loamy,18.71,0
57.79,26.29,72.57,3.15,mid_season,sandy,10.44,0
24.88,35.39,48.68,2.86,initial,sandy,5.11,0
63.39,22.35,35.98,4.73,late,sandy,7.33,0
22.07,33.74,47.28,4.22,mid_season,sandy,11.3,0
34.83,19.26,35.8,5.18,development,loamy,10.7,0
45.35,30.21,40.74,3.93,initial,clay,5.47,0
52.15,21.52,70.88,0,late,loamy,0,0
59.44,23.51,57.31,4.39,late,loamy,3.66,0
34.05,27.06,48.18,6.02,development,sandy,4.94,0
44.51,30.59,36.03,2.94,late,clay,25.33,0
89.16,28.16,75.76,5.44,mid_season,loamy,4.39,0
48.99,24.89,79.78,2.96,late,sandy,21.51,0
71.57,24.34,72.8,4.0,mid_season,sandy,0.71,0
60.91,33.94,42.82,3.48,late,sandy,10.17,0
38.46,33.66,52.69,2.72,development,clay,11.05,0
18.92,34.2,36.32,1.89,mid_season,clay,8.14,0
70.05,28.98,36.05,3.03,initial,clay,0.05,0
51.23,33.34,72.69,3.34,late,sandy,7.15,0
27.15,34.83,38.96,5.33,initial,clay,14.66,0
35.92,24.46,42.57,3.9,development,loamy,2.26,0
52.3,29.07,76.12,3.55,development,clay,7.26,0
31.16,20.91,56.74,4.51,initial,loamy,16.33,0
39.84,23.04,59.98,4.8,mid_season,clay,15.48,0
38.65,30.43,61.33,2.8,initial,clay,13.67,0
77.46,20.85,37.59,4.94,development,loamy,17.3,0
50.33,32.16,44.76,2.34,initial,clay,7.55,0
47.77,26.97,68.45,5.74,development,clay,20.35,0
54.92,24.21,46.88,4.8,mid_season,loamy,12.54,0
63.22,21.93,45.62,0,development,loamy,0,0
62.43,23.23,83.1,3.99,late,sandy,3.82,0
54.69,19.03,72.52,3.05,initial,clay,19.81,0
61.13,22.69,76.88,4.49,development,loamy,19.46,0
20.58,23.45,52.59,3.02,development,clay,1.0,0
59.38,27.79,72.1,0,late,sandy,0,1
37.01,18.26,37.72,3.49,development,loamy,12.7,0
40.76,34.34,77.53,2.45,mid_season,clay,6.05,0
25.63,19.48,69.51,0,initial,sandy,0,0
95,23.61,73.19,3.72,late,clay,8.48,0
73.4,26.05,51.14,2.66,late,sandy,9.24,0
34.55,29.78,40.53,3.28,late,loamy,0.92,0
25.44,22.2,84.84,5.06,late,loamy,6.69,0
45.59,30.71,72.92,3.87,initial,sandy,9.71,0
46.77,18.23,58.26,5.54,late,loamy,13.0,0
28.76,26.39,71.81,6.31,development,loamy,12.02,0
69.68,28.11,55.22,4.19,development,loamy,8.52,0
56.18,19.37,40.61,3.62,late,loamy,2.04,0
35.61,22.82,42.87,3.41,mid_season,clay,14.46,0
51.18,22.77,65.68,0,late,sandy,0,1
40.94,35.77,75.53,4.09,development,sandy,10.48,0
30.46,33.63,83.99,3.96,mid_season,loamy,20.35,0
36.61,35.91,66.38,2.09,mid_season,clay,5.91,0
45.73,25.48,36.78,4.79,late,clay,19.01,0
35.0,25.5,77.56,4.6,late,clay,12.12,0
74.25,25.52,72.27,0,late,sandy,0,0
20.48,25.0,52.61,5.44,initial,clay,10.35,0
63.4,31.16,47.54,5.47,development,clay,10.82,0
40.87,35.06,48.88,3.82,development,clay,7.54,0
58.01,31.56,79.71,5.68,late,sandy,4.95,0
71.99,26.78,58.97,3.57,development,clay,11.64,0
60.64,23.06,68.62,5.7,initial,sandy,12.49,0
69.31,29.9,50.1,2.91,late,sandy,1.21,0
95,22.72,42.06,3.82,development,sandy,1.59,0
67.19,27.39,56.12,0,development,sandy,0,0
50.8,25.57,71.76,4.66,initial,clay,7.88,0
54.6,26.4,73.25,2.47,late,clay,28.67,0
66.79,20.86,70.84,5.66,late,loamy,3.36,0
34.13,33.13,55.81,3.82,initial,clay,10.81,0
72.88,19.96,80.6,3.79,initial,loamy,3.02,0
56.62,34.0,79.46,5.76,initial,clay,3.41,0
54.23,31.57,79.21,0,initial,loamy,0,0
51.64,19.54,57.13,3.89,mid_season,clay,7.46,0
79.94,32.25,65.55,5.3,initial,loamy,1.03,0
59.73,25.46,54.14,0,development,clay,0,0
57.54,18.03,64.91,4.82,late,clay,11.5,0
44.53,26.66,67.6,0,late,sandy,0,1
75.12,20.05,84.43,6.44,late,clay,13.01,0
52.05,29.6,69.47,1.25,late,clay,13.92,0
84.46,27.85,79.66,5.03,initial,loamy,6.33,0
68.83,29.9,79.07,2.96,development,sandy,2.94,0
58.36,23.86,54.81,3.78,mid_season,clay,8.08,0
53.28,24.41,56.96,3.53,initial,sandy,7.23,0
41.75,26.74,39.9,6.15,mid_season,clay,15.74,0
79.08,28.16,49.6,2.68,mid_season,loamy,10.21,0
61.19,21.7,64.38,4.14,mid_season,loamy,9.17,0
23.51,33.61,38.05,3.58,mid_season,loamy,7.56,0
93.71,20.44,68.52,3.92,development,loamy,20.17,0
13.89,23.5,75.12,5.45,initial,sandy,5.67,0
84.49,18.08,44.2,4.9,development,sandy,6.96,0
62.77,28.33,52.84,2.78,late,loamy,7.9,0
62.48,35.02,66.03,3.42,mid_season,sandy,15.51,0
53.11,24.85,35.88,1.87,initial,loamy,3.62,0
50.07,30.32,59.66,3.13,mid_season,loamy,9.04,0
53.01,24.27,50.7,5.11,initial,sandy,6.15,0
76.51,27.18,37.09,0,late,clay,0,0
52.7,33.13,75.36,2.99,mid_season,sandy,12.76,0
64.64,24.06,49.34,4.73,mid_season,clay,2.48,0
51.65,27.28,55.62,4.07,development,clay,6.65,0
64.46,30.35,72.99,0,late,sandy,0,0
64.21,23.36,50.61,4.88,late,sandy,0.13,0
49.4,20.9,59.84,2.99,initial,loamy,7.01,0
76.54,29.56,75.59,5.45,initial,clay,7.06,0
67.45,34.25,82.05,4.24,development,sandy,6.82,0
55.08,28.17,83.85,4.66,late,sandy,10.04,0
82.39,23.53,55.65,3.7,development,loamy,12.89,0
84.86,18.46,69.49,4.89,mid_season,clay,5.93,0
61.95,35.22,81.31,4.08,late,loamy,8.67,0
48.01,26.51,50.99,3.64,development,loamy,0.39,0
66.68,22.46,42.91,0,initial,clay,0,0
52.55,26.3,59.98,3.73,late,clay,11.51,0
38.59,18.94,67.34,3.24,late,sandy,17.18,0
77.05,25.75,76.03,3.8,late,loamy,12.62,0
70.22,32.44,75.76,4.49,late,clay,1.61,0
49.76,34.32,66.81,0,development,sandy,0,1
59.18,35.33,58.51,4.96,mid_season,clay,12.76,0
95,22.85,69.62,5.7,late,loamy,25.03,0
37.82,20.33,45.9,2.22,mid_season,clay,17.39,0
34.24,21.31,35.27,0,initial,clay,0,0
58.53,23.62,61.87,3.04,initial,clay,13.6,0
36.7,25.45,57.97,2.45,mid_season,clay,19.29,0
34.49,33.11,42.39,3.16,mid_season,sandy,1.84,0
42.16,30.19,37.75,4.44,late,clay,0.74,0
81.68,29.56,65.81,1.95,development,clay,11.37,0
72.41,30.44,53.52,4.42,late,clay,13.43,0
53.65,18.86,60.16,0,late,loamy,0,0
57.57,27.27,35.3,3.13,late,sandy,0.93,0
58.58,18.43,54.86,4.09,late,clay,3.83,0
95,23.69,40.87,5.13,initial,sandy,17.92,0
94.09,33.67,55.09,4.03,initial,clay,11.98,0
95,33.42,62.17,3.76,late,clay,11.64,0
40.07,30.86,69.11,0,initial,loamy,0,0
30.66,31.27,77.16,2.51,mid_season,loamy,12.51,0
40.39,25.06,66.58,3.31,late,loamy,11.41,0
75.72,34.0,41.31,3.63,mid_season,sandy,4.28,0
50.92,32.45,60.25,3.89,development,loamy,14.72,0
66.24,33.07,75.34,5.48,mid_season,clay,10.07,0
51.83,19.69,48.14,2.83,initial,loamy,10.41,0
70.15,35.43,78.81,3.83,development,loamy,14.97,0
63.63,27.92,52.65,2.45,late,clay,16.3,0
26.71,34.59,57.09,4.17,mid_season,sandy,18.98,0
80.78,30.45,35.74,2.41,development,loamy,8.88,0
42.42,35.12,74.81,4.84,mid_season,clay,22.44,0
69.48,21.96,84.86,0,initial,clay,0,0
60.38,18.63,49.13,3.04,development,sandy,11.65,0
55.76,35.45,36.22,0,development,clay,0,0
31.33,19.3,61.47,0,development,clay,0,1
56.93,21.11,69.7,4.9,mid_season,loamy,6.76,0
56.55,25.88,74.4,0,initial,loamy,0,0
56.99,26.21,78.03,0,late,sandy,0,1
47.14,28.6,64.39,2.21,initial,clay,20.91,0
64.08,22.83,55.27,3.92,late,clay,5.59,0
53.55,32.45,54.48,4.33,development,loamy,4.7,0
43.68,27.64,47.1,5.18,mid_season,sandy,4.23,0
51.49,22.73,61.48,3.14,development,sandy,0.69,0
68.67,25.8,69.99,3.77,mid_season,loamy,14.86,0
29.62,25.54,55.27,0,mid_season,sandy,0,1
73.63,34.2,68.48,4.9,development,loamy,3.75,0
41.27,34.5,47.41,0,development,loamy,0,1
48.38,25.57,70.67,3.29,mid_season,loamy,16.42,0
41.28,35.02,75.92,5.77,initial,loamy,6.2,0
38.65,27.42,52.64,4.19,initial,clay,1.76,0
52.47,23.58,50.93,0,development,sandy,0,1
82.36,33.54,73.97,4.67,late,sandy,2.01,0
63.17,32.14,41.38,3.14,initial,sandy,16.11,0
60.74,33.18,84.16,0,development,clay,0,0
47.39,33.86,36.48,5.78,development,sandy,8.63,0
50.36,29.66,50.6,4.04,initial,clay,8.1,0
49.65,23.59,43.85,4.78,late,loamy,18.43,0
60.62,31.95,57.2,5.71,mid_season,sandy,20.91,0
28.77,18.44,78.56,6.49,late,loamy,11.34,0
62.72,21.28,43.55,3.89,late,sandy,11.91,0
57.71,25.94,53.01,3.1,late,loamy,12.83,0
89.53,30.58,53.71,5.72,development,loamy,8.2,0
74.74,31.32,74.74,3.97,mid_season,sandy,14.86,0
30.83,28.69,58.09,3.25,late,clay,6.16,0
34.14,22.35,49.42,5.24,initial,clay,3.0,0
44.95,21.91,79.06,2.66,initial,sandy,5.77,0
50.33,28.11,59.73,0,development,loamy,0,1
46.88,27.05,70.37,4.45,late,clay,11.12,0
95,23.67,61.19,4.35,mid_season,loamy,6.88,0
25.91,31.27,75.31,5.53,mid_season,sandy,12.9,0
40.63,23.39,38.52,0,initial,loamy,0,0
48.2,18.34,72.74,4.47,mid_season,clay,13.65,0
39.65,19.25,73.38,5.04,development,clay,17.64,0
34.24,30.82,83.64,3.5,initial,sandy,14.32,0
43.23,28.18,50.15,3.81,development,clay,11.64,0
88.73,33.09,43.28,4.17,development,loamy,12.45,0
55.18,30.83,83.63,0,development,loamy,0,0
77.29,31.72,70.36,4.27,development,sandy,11.4,0
77.67,23.59,56.71,5.45,initial,sandy,10.07,0
38.99,25.05,81.04,5.25,mid_season,loamy,18.48,0
45.3,18.48,70.0,0,development,clay,0,0
62.89,26.57,54.5,5.13,initial,clay,11.49,0
18.87,23.18,49.75,4.15,late,loamy,4.65,0
33.1,19.86,35.33,4.66,initial,clay,11.62,0
69.82,33.63,53.02,5.45,late,sandy,7.27,0
65.89,18.56,69.3,0,late,clay,0,0
56.21,19.92,57.01,3.92,initial,clay,12.23,0
75.22,30.2,36.54,1.58,late,loamy,9.2,0
55.11,20.37,80.98,4.93,late,loamy,9.75,0
95,25.56,62.13,3.84,late,sandy,9.92,0
53.2,34.97,82.75,0,mid_season,sandy,0,1
45.74,24.89,54.33,5.66,late,loamy,15.19,0
80.07,25.16,63.7,5.41,mid_season,loamy,20.52,0
25.45,30.65,71.29,4.6,late,clay,6.53,0
67.26,19.05,53.93,5.7,mid_season,clay,16.11,0
51.95,18.07,57.39,3.99,initial,sandy,3.28,0
36.91,35.48,67.15,3.39,initial,loamy,12.18,0
19.18,21.47,64.1,4.94,development,sandy,4.82,0
59.36,26.76,43.19,4.09,initial,clay,18.42,0
57.44,34.96,55.97,5.0,late,clay,4.25,0
62.63,23.09,55.09,0,initial,loamy,0,0
44.02,31.65,39.04,3.88,mid_season,sandy,16.48,0
34.17,33.64,65.55,3.59,initial,sandy,0.14,0
54.52,30.59,66.51,5.05,development,sandy,4.18,0
30.46,31.15,81.77,0,initial,sandy,0,0
37.07,21.93,67.26,0,development,clay,0,1
60.13,24.34,45.21,0,development,loamy,0,0
15.44,25.8,42.1,4.92,initial,sandy,4.1,0
45.51,24.91,54.56,5.45,development,clay,10.79,0
62.24,19.78,74.66,5.31,initial,clay,13.54,0
35.9,19.97,64.35,0,initial,clay,0,0
69.38,34.3,80.19,6.39,initial,loamy,5.54,0
73.93,32.34,62.78,3.31,mid_season,clay,18.26,0
40.31,18.81,35.08,3.27,development,clay,5.69,0
61.97,32.22,40.57,4.65,initial,loamy,10.88,0
37.74,30.71,81.57,4.03,initial,loamy,7.21,0
47.45,30.12,69.1,4.37,late,clay,16.69,0
39.06,24.7,80.15,2.35,development,sandy,0.83,0
95,25.73,76.02,5.12,late,loamy,1.01,0
50.25,31.67,59.42,5.06,mid_season,loamy,10.47,0
90.8,22.68,45.84,4.5,development,clay,10.43,0
95,35.57,57.11,3.83,late,clay,12.04,0
45.56,34.01,69.64,5.5,development,sandy,7.26,0
35.66,20.48,53.93,4.54,mid_season,loamy,5.23,0
71.41,22.87,64.32,0,late,clay,0,0
50.65,33.05,53.06,3.6,development,clay,11.6,0
49.42,32.04,76.63,3.87,initial,clay,12.46,0
57.2,29.44,41.69,0,initial,clay,0,0
27.18,20.48,74.01,5.77,development,clay,5.76,0
40.25,28.0,50.24,3.56,late,sandy,11.18,0
90.0,18.57,45.73,2.89,initial,clay,4.27,0
59.13,34.86,77.92,5.23,mid_season,loamy,11.83,0
50.32,22.77,64.55,2.73,mid_season,clay,12.4,0
42.93,19.38,53.79,3.11,development,sandy,3.18,0
46.36,32.96,59.19,4.49,mid_season,loamy,5.11,0
93.06,34.43,44.5,3.31,initial,clay,7.78,0
35.26,30.52,63.17,4.06,initial,loamy,0.34,0
38.78,23.06,68.97,0,initial,clay,0,0
37.98,28.21,67.72,5.92,mid_season,loamy,9.17,0
55.78,34.19,44.0,0,late,clay,0,0
63.98,28.79,78.31,2.23,development,loamy,6.84,0
37.52,35.86,62.21,5.33,development,sandy,2.71,0
71.8,25.52,58.02,2.64,development,loamy,8.92,0
90.06,24.37,55.48,4.92,development,clay,2.97,0
26.15,30.74,48.23,3.28,mid_season,clay,13.89,0
66.96,31.02,59.9,4.18,development,loamy,16.26,0
44.57,33.19,36.1,3.67,mid_season,loamy,19.22,0
46.18,22.03,63.52,0,development,sandy,0,1
63.1,29.32,49.8,3.48,development,loamy,18.7,0
95,23.53,39.39,3.59,late,clay,6.01,0
95,19.04,53.74,4.26,initial,loamy,12.39,0
78.3,22.6,55.28,3.57,initial,clay,9.78,0
74.31,20.35,60.6,5.02,mid_season,clay,5.28,0
39.69,27.26,56.42,2.0,mid_season,sandy,3.05,0
70.76,30.44,77.88,2.69,mid_season,clay,11.8,0
95,30.78,53.54,4.55,initial,sandy,10.61,0
44.72,18.21,78.08,5.29,development,sandy,12.82,0
21.65,25.77,52.35,0,initial,clay,0,0
31.5,19.38,80.93,2.88,development,clay,5.91,0
21.42,34.79,46.09,4.13,mid_season,clay,12.56,0
38.82,35.65,50.36,3.74,mid_season,sandy,1.73,0
46.07,26.03,71.28,4.94,late,sandy,2.64,0
56.57,24.6,72.1,4.76,development,loamy,11.64,0
12.38,24.55,81.96,3.86,development,loamy,5.77,0
45.37,18.39,82.86,5.15,initial,sandy,1.61,0
64.32,18.71,54.15,5.16,late,sandy,7.72,0
54.8,33.62,61.03,3.64,development,sandy,3.12,0
24.46,30.21,40.01,4.75,development,clay,4.93,0
65.62,22.64,76.01,4.93,development,sandy,3.15,0
56.17,33.11,79.41,4.78,development,loamy,8.35,0
47.57,35.84,50.29,3.56,development,loamy,9.23,0
59.79,26.01,45.75,0,late,sandy,0,1
29.64,21.19,84.56,4.22,mid_season,sandy,4.06,0
59.2,33.14,43.2,3.4,late,loamy,11.17,0
32.1,26.56,37.49,3.77,mid_season,sandy,10.33,0
46.55,30.02,82.46,3.54,development,sandy,4.59,0
65.38,27.08,74.4,3.78,initial,sandy,4.72,0
65.18,32.51,47.36,2.94,development,loamy,5.38,0
21.84,30.07,36.56,3.77,late,loamy,9.51,0
42.5,29.96,46.92,0,initial,sandy,0,0
59.05,29.96,45.73,5.02,development,loamy,14.71,0
43.14,27.26,53.14,3.66,initial,sandy,15.17,0
30.76,33.29,60.53,3.94,mid_season,sandy,13.86,0
57.68,35.4,69.75,4.91,development,clay,15.39,0
53.27,26.12,37.58,2.84,late,sandy,18.77,0
25.3,31.84,78.96,0,mid_season,sandy,0,1
35.39,21.22,54.52,4.16,late,loamy,34.56,0
50.05,34.57,71.13,2.11,initial,sandy,1.99,0
9.71,29.09,54.4,4.64,mid_season,sandy,5.51,0
32.43,26.59,72.81,3.71,mid_season,loamy,9.47,0
20.43,35.69,55.15,0,initial,sandy,0,0
39.93,29.41,53.31,0,initial,loamy,0,0
65.61,20.98,59.85,0,development,sandy,0,0
49.93,18.64,62.54,0,initial,loamy,0,0
48.3,23.54,58.49,4.08,initial,clay,15.58,0
55.21,20.22,47.32,5.58,mid_season,loamy,7.86,0
60.5,31.0,35.34,4.55,development,sandy,1.57,0
77.51,34.39,68.72,0,initial,loamy,0,0
63.93,21.4,74.02,5.08,mid_season,loamy,16.78,0
51.03,30.37,50.28,0,initial,loamy,0,0
70.26,18.37,67.25,5.21,late,sandy,7.36,0
57.67,19.13,42.07,2.19,initial,sandy,9.18,0
55.56,29.36,35.82,4.45,development,loamy,8.89,0
89.97,19.0,59.0,3.36,mid_season,clay,5.72,0
48.09,29.41,71.44,0,late,sandy,0,1
10.69,24.82,78.73,0,late,loamy,0,1
54.43,33.81,64.35,4.31,initial,loamy,7.93,0
70.95,31.92,65.92,3.85,mid_season,clay,9.98,0
76.59,34.16,35.78,0,initial,loamy,0,0
42.05,22.64,50.36,4.1,mid_season,loamy,19.35,0
31.13,31.96,59.27,4.05,mid_season,sandy,16.22,0
49.24,23.93,60.94,0,initial,clay,0,0
46.24,32.54,71.26,4.06,late,loamy,12.55,0
73.5,32.79,52.81,2.21,mid_season,sandy,5.09,0
61.33,25.03,83.95,5.36,initial,sandy,8.62,0
50.69,25.56,83.86,2.97,development,clay,3.52,0
68.32,25.05,64.8,4.51,development,loamy,24.75,0
50.21,29.43,60.67,4.77,initial,sandy,4.1,0
58.92,19.9,51.58,3.98,late,loamy,9.89,0
56.45,24.27,54.35,0,development,loamy,0,0
48.64,23.69,42.62,5.04,late,clay,23.8,0
38.34,20.42,46.42,4.42,mid_season,sandy,3.6,0
28.15,35.45,48.51,3.48,mid_season,clay,11.87,0
47.74,28.97,51.48,4.87,initial,loamy,12.01,0
80.21,26.47,53.75,0,development,sandy,0,0
74.17,34.3,40.35,3.52,mid_season,clay,7.85,0
44.28,28.09,53.51,5.79,mid_season,sandy,13.93,0
27.56,23.34,60.81,4.69,initial,sandy,12.46,0
44.4,31.18,49.58,3.35,development,sandy,15.2,0
69.15,31.17,43.84,3.49,late,sandy,5.77,0
52.48,20.88,75.28,4.22,development,clay,11.85,0
58.1,35.59,69.86,6.73,development,loamy,0.58,0
26.7,25.19,64.7,0,development,clay,0,1
42.73,25.37,64.54,3.52,development,loamy,4.04,0
77.1,18.38,51.14,4.3,late,loamy,14.25,0
37.27,23.39,44.97,5.88,late,sandy,7.71,0
62.61,32.49,64.91,0,mid_season,sandy,0,0
51.45,33.02,49.87,3.5,initial,clay,18.69,0
33.62,19.3,71.79,0,mid_season,sandy,0,1
26.8,34.83,58.53,1.9,mid_season,clay,10.76,0
45.12,25.45,72.57,4.4,mid_season,loamy,11.81,0
56.77,20.13,75.36,5.01,mid_season,sandy,1.1,0
86.44,31.53,81.45,4.28,mid_season,clay,12.97,0
81.65,32.09,54.48,4.5,late,clay,5.72,0
51.09,18.41,40.82,5.0,initial,loamy,1.35,0
52.95,29.35,68.4,3.58,mid_season,loamy,17.11,0
92.92,31.4,39.8,4.21,mid_season,clay,11.01,0
53.78,33.83,54.75,6.19,development,sandy,17.81,0
69.61,29.59,51.55,4.39,late,loamy,5.18,0
57.76,31.5,44.5,4.47,late,sandy,2.99,0
77.31,26.48,78.95,0,initial,sandy,0,0
70.56,33.98,66.49,3.39,mid_season,loamy,15.95,0
59.88,34.29,59.11,3.47,late,sandy,8.63,0
6.06,26.52,41.64,2.41,initial,loamy,3.47,0
63.77,26.61,51.25,4.22,mid_season,loamy,14.84,0
51.42,23.09,36.62,3.6,development,clay,10.16,0
63.66,25.88,83.18,4.48,development,loamy,10.8,0
37.35,27.67,39.92,4.31,mid_season,sandy,5.57,0
88.52,19.21,50.19,3.34,development,sandy,4.85,0
41.34,30.83,57.88,2.23,mid_season,sandy,13.17,0
13.11,34.89,37.47,5.27,initial,sandy,10.46,0
76.56,26.87,66.18,3.86,development,clay,0.71,0
94.03,35.05,75.26,0,mid_season,loamy,0,0
52.37,32.47,60.94,4.85,development,sandy,0.53,0
46.69,18.32,67.37,4.69,development,sandy,7.2,0
54.39,18.95,78.45,5.71,mid_season,sandy,8.14,0
44.86,33.33,78.81,2.22,late,sandy,1.38,0
44.71,20.96,38.7,4.7,late,sandy,2.57,0
95,31.46,83.96,0,initial,sandy,0,0
37.01,30.81,43.79,3.01,mid_season,sandy,11.74,0
69.41,23.4,68.69,4.1,mid_season,clay,30.5,0
34.17,22.03,66.11,5.02,mid_season,loamy,3.52,0
41.39,24.62,63.5,0,initial,clay,0,0
58.96,34.44,66.43,0,initial,loamy,0,0
85.53,30.94,46.59,4.6,development,sandy,2.09,0
53.21,20.66,35.41,5.4,mid_season,sandy,8.38,0
43.43,18.98,35.04,6.62,development,loamy,4.62,0
16.14,20.0,76.91,3.27,mid_season,clay,15.84,0
40.31,28.71,82.66,5.05,late,clay,10.21,0
69.1,33.63,79.05,4.21,late,sandy,5.55,0
57.87,31.16,74.16,3.39,mid_season,loamy,16.93,0
71.35,34.78,84.65,4.07,mid_season,sandy,4.47,0
63.78,25.25,50.21,5.8,mid_season,loamy,10.19,0
75.85,30.24,53.79,4.35,late,sandy,7.82,0
33.37,25.34,55.55,0,late,sandy,0,1
69.66,32.93,38.83,3.22,late,clay,16.05,0
43.17,30.36,59.52,2.28,mid_season,loamy,17.0,0
82.06,30.15,79.9,4.32,initial,loamy,10.08,0
28.46,23.79,76.39,3.66,initial,sandy,1.51,0
42.74,21.62,43.96,4.77,development,sandy,10.39,0
76.72,28.05,75.45,3.58,development,loamy,21.08,0
51.1,28.86,37.45,4.12,mid_season,sandy,21.27,0
74.61,32.65,66.05,4.66,initial,sandy,6.26,0
72.69,23.84,73.72,4.4,late,clay,3.69,0
35.14,31.87,69.04,2.75,initial,clay,7.65,0
70.11,22.14,41.14,4.92,development,sandy,7.45,0
19.6,24.77,44.48,5.19,development,clay,11.41,0
62.57,21.9,68.81,5.26,mid_season,clay,25.83,0
62.32,24.05,82.28,0,initial,clay,0,0
41.56,19.17,83.93,4.05,initial,sandy,5.37,0
65.72,34.29,53.93,4.51,late,sandy,7.12,0
46.14,26.96,49.58,5.07,initial,loamy,6.94,0
52.86,35.61,82.62,5.04,initial,sandy,12.94,0
21.29,34.67,51.32,4.15,initial,loamy,5.67,0
69.77,27.14,64.48,3.28,development,sandy,2.53,0
54.65,22.8,55.51,2.85,initial,clay,8.57,0
16.73,22.24,53.56,0,development,loamy,0,1
72.53,18.85,49.8,4.21,development,sandy,6.3,0
72.12,21.41,74.52,1.75,development,sandy,13.9,0
36.79,30.55,83.37,1.58,initial,clay,3.42,0
49.73,25.02,74.94,5.08,initial,sandy,6.7,0
53.52,18.69,46.6,0,late,loamy,0,0
65.65,27.3,84.07,3.5,initial,sandy,5.77,0
60.91,18.59,44.94,5.11,initial,clay,12.46,0
72.86,34.3,54.71,3.74,initial,sandy,1.19,0
30.6,24.68,54.22,3.26,initial,sandy,0.47,0
72.87,22.72,78.22,4.68,initial,clay,8.2,0
42.0,32.2,48.82,3.79,mid_season,sandy,11.59,0
95,19.07,55.52,0,development,sandy,0,0
68.59,24.18,75.71,0,development,sandy,0,0
33.76,32.36,81.99,4.67,initial,sandy,2.41,0
69.52,29.21,35.8,2.95,late,clay,24.09,0
65.75,19.58,56.23,3.51,mid_season,loamy,6.89,0
56.23,22.68,46.9,3.27,development,sandy,19.0,0
72.04,31.27,38.27,5.66,initial,sandy,6.15,0
53.51,30.99,81.24,6.41,development,loamy,6.23,0
59.76,29.72,53.06,3.84,late,loamy,8.33,0
45.49,26.9,70.34,4.84,development,clay,10.81,0
75.24,28.57,45.25,0.76,late,clay,6.09,0
48.18,30.6,35.32,4.08,initial,sandy,3.2,0
72.11,20.59,71.89,3.7,mid_season,sandy,11.61,0
38.33,20.24,81.79,3.03,late,clay,6.06,0
58.69,30.22,38.62,2.63,initial,sandy,6.66,0
41.68,33.43,66.34,4.11,development,clay,2.81,0
83.85,30.43,67.59,0,development,loamy,0,0
53.19,22.1,42.17,1.9,development,loamy,9.18,0
56.16,31.45,75.13,0,initial,sandy,0,0
51.2,29.76,46.29,2.96,development,loamy,18.91,0
57.76,19.24,67.29,2.91,initial,clay,8.16,0
53.66,18.11,41.81,0,development,clay,0,0
65.99,19.31,39.64,0,late,loamy,0,0
41.19,31.56,52.06,5.02,late,sandy,5.62,0
34.56,22.59,66.52,6.86,mid_season,sandy,11.38,0
30.87,31.88,74.42,5.24,mid_season,sandy,15.5,0
42.4,34.14,53.73,3.15,late,clay,11.21,0
48.97,31.65,73.55,4.31,development,loamy,5.05,0
76.1,20.7,51.93,3.25,late,clay,10.22,0
74.62,25.1,83.53,1.19,development,clay,13.88,0
14.45,27.88,40.15,4.15,development,loamy,21.83,0
69.29,28.88,71.55,4.29,late,loamy,14.21,0
71.14,35.19,55.17,4.12,initial,clay,9.75,0
46.85,23.78,46.42,4.25,late,loamy,2.81,0
57.73,22.7,36.34,0,late,sandy,0,1
48.39,22.57,60.77,3.74,late,sandy,17.07,0
86.92,20.93,47.81,4.01,initial,loamy,5.23,0
67.55,22.11,56.39,0,initial,loamy,0,0
64.68,29.31,74.45,3.69,development,clay,15.93,0
26.36,34.37,78.88,5.38,development,sandy,15.08,0
67.29,24.87,73.04,0,initial,loamy,0,0
35.03,23.1,60.8,6.46,initial,clay,6.92,0
51.04,23.25,48.41,5.37,mid_season,loamy,10.66,0
45.25,28.35,49.24,4.16,mid_season,sandy,12.29,0
59.85,31.01,50.36,5.18,initial,loamy,12.24,0
47.05,32.18,47.24,3.5,development,loamy,6.73,0
50.05,25.14,46.47,4.53,mid_season,clay,1.41,0
40.97,22.54,79.39,4.96,mid_season,sandy,19.84,0
38.88,26.1,47.4,5.74,mid_season,sandy,13.34,0
38.87,30.44,38.73,4.22,development,sandy,1.24,0
77.73,27.7,80.03,5.57,late,sandy,2.53,0
80.34,25.96,48.85,5.47,mid_season,sandy,7.91,0
60.34,35.48,81.71,3.82,late,loamy,10.92,0
78.83,30.33,40.32,4.47,mid_season,sandy,9.52,0
62.57,18.45,48.53,3.6,late,clay,5.38,0
60.05,34.34,43.02,0,development,sandy,0,0
76.17,24.37,67.57,2.98,mid_season,loamy,7.51,0
55.09,24.82,60.67,5.18,mid_season,clay,17.0,0
39.2,21.96,77.04,3.9,mid_season,loamy,13.24,0
51.41,32.04,51.09,4.72,initial,clay,5.41,0
57.1,20.24,77.03,4.66,development,clay,2.25,0
72.47,26.84,71.39,3.81,initial,sandy,0.64,0
74.02,28.32,50.69,2.66,initial,clay,3.78,0
67.11,18.36,60.03,0,initial,loamy,0,0
58.26,33.08,73.28,3.86,initial,sandy,4.75,0
39.07,22.79,45.07,3.05,development,clay,16.16,0
87.51,32.44,41.31,4.39,development,clay,0.21,0
52.52,24.45,41.22,3.61,late,sandy,8.68,0
37.45,23.96,76.56,4.59,development,clay,4.88,0
32.31,30.2,60.72,3.82,initial,sandy,8.16,0
50.35,25.92,77.9,4.53,mid_season,loamy,7.92,0
55.3,35.36,71.92,3.17,development,clay,4.43,0
17.18,32.93,82.02,0,development,loamy,0,1
48.69,21.66,38.33,4.35,initial,sandy,7.76,0
62.65,24.5,42.79,4.34,late,loamy,1.58,0
47.26,30.66,44.94,5.83,mid_season,clay,13.93,0
75.22,29.04,45.19,4.07,late,clay,8.13,0
51.1,35.66,49.13,4.53,initial,loamy,7.84,0
34.47,25.21,77.79,5.3,mid_season,clay,22.86,0
70.03,26.74,61.76,3.2,development,loamy,9.57,0
41.78,18.6,74.23,3.85,development,clay,10.11,0
27.11,27.87,74.97,3.32,mid_season,clay,10.12,0
73.57,30.32,75.57,3.33,mid_season,sandy,10.33,0
64.94,22.15,61.55,4.9,late,sandy,3.36,0
27.69,31.57,42.13,4.11,late,loamy,0.75,0
48.07,20.79,77.31,4.48,mid_season,clay,13.15,0
68.71,20.84,79.03,4.76,mid_season,loamy,1.59,0
71.29,31.76,72.13,4.54,development,sandy,10.33,0
44.09,27.0,72.98,5.9,late,sandy,5.19,0
58.58,27.01,80.29,4.36,initial,loamy,3.98,0
95,19.17,35.88,3.32,mid_season,loamy,25.96,0
35.8,18.58,39.72,1.74,development,clay,2.78,0
35.99,29.68,61.49,4.66,late,clay,20.91,0
78.67,29.9,84.19,4.82,development,clay,12.92,0
57.15,28.2,67.72,4.55,late,sandy,18.99,0
54.63,30.05,60.7,3.22,development,sandy,1.41,0
49.57,31.04,78.45,3.18,late,sandy,14.98,0
38.49,22.95,52.55,3.3,initial,clay,18.74,0
8.99,19.59,40.8,0,initial,loamy,0,0
38.91,18.06,59.61,3.91,development,clay,13.83,0
46.16,20.08,62.04,4.45,initial,clay,3.57,0
56.51,31.06,41.83,4.17,development,clay,7.8,0
48.74,34.85,38.42,4.04,development,sandy,13.22,0
59.66,33.41,72.98,5.46,initial,clay,10.79,0
59.95,30.64,65.21,0,initial,sandy,0,0
62.12,27.74,54.79,0,late,sandy,0,0
55.18,34.54,54.02,3.84,development,clay,0.51,0
57.28,28.96,79.77,5.16,initial,clay,15.54,0
57.59,31.28,35.73,2.74,initial,sandy,12.05,0
22.72,20.46,82.83,5.3,development,clay,17.07,0
53.91,26.03,74.3,5.61,mid_season,sandy,5.24,0
77.14,18.31,77.42,4.03,mid_season,clay,17.97,0
82.43,19.41,63.1,4.36,development,loamy,8.85,0
65.34,19.08,42.1,3.89,initial,clay,18.04,0
66.92,33.55,77.72,5.26,late,loamy,8.42,0
57.57,24.41,77.95,4.68,development,clay,4.54,0
57.22,24.23,64.68,4.12,late,sandy,0.09,0
60.17,26.25,38.96,4.16,initial,loamy,1.59,0
58.85,27.05,54.39,5.7,development,loamy,17.75,0
47.87,18.96,57.55,5.84,mid_season,sandy,8.34,0
78.58,19.0,48.05,3.09,development,loamy,6.88,0
43.82,31.55,84.37,4.01,development,sandy,4.12,0
88.94,30.4,39.63,4.36,development,clay,15.24,0
49.78,20.16,68.5,4.78,development,loamy,11.33,0
44.86,25.93,75.74,3.95,initial,loamy,19.94,0
80.31,19.08,72.56,5.06,initial,sandy,0.37,0
39.3,24.38,62.1,4.0,late,sandy,8.69,0
41.65,28.41,57.2,3.84,mid_season,sandy,15.97,0
55.23,24.59,42.59,2.68,late,sandy,2.77,0
31.22,29.51,59.52,5.91,late,clay,8.61,0
37.74,30.53,63.57,0,initial,sandy,0,0
39.1,21.82,59.47,3.3,mid_season,loamy,10.85,0
55.14,22.19,47.1,5.45,initial,clay,6.21,0
48.77,24.47,48.89,4.2,mid_season,sandy,11.95,0
18.88,28.02,76.11,4.24,initial,loamy,6.64,0
43.41,22.06,39.63,0,initial,sandy,0,0
69.18,25.05,79.8,5.05,late,loamy,4.55,0
57.19,28.97,43.84,2.87,late,loamy,2.63,0
54.05,18.4,41.62,3.33,late,loamy,7.88,0
73.18,21.63,58.14,4.64,development,clay,12.05,0
43.12,21.41,47.93,5.23,development,clay,19.05,0
68.62,26.81,37.25,0,initial,loamy,0,0
45.48,35.76,35.37,4.49,mid_season,clay,11.7,0
62.45,23.18,35.67,1.76,mid_season,clay,14.36,0
63.49,34.7,83.31,2.39,development,sandy,4.12,0
82.98,21.37,48.01,3.08,late,clay,6.74,0
59.22,23.94,46.5,3.89,development,loamy,15.95,0
79.19,22.68,36.36,0,development,clay,0,0
49.18,27.88,60.06,2.28,development,sandy,7.91,0
70.64,19.51,41.08,3.71,mid_season,loamy,11.18,0
65.56,23.92,75.83,5.32,late,clay,12.83,0
61.02,23.7,57.19,2.77,initial,loamy,1.35,0
61.12,25.72,82.93,5.07,mid_season,clay,10.73,0
41.48,28.84,80.02,0,late,clay,0,1
63.67,35.93,71.68,4.05,late,sandy,10.31,0
33.4,28.07,70.41,0,late,clay,0,1
71.74,23.08,77.0,3.83,mid_season,loamy,12.73,0
53.63,34.22,80.39,4.7,initial,loamy,3.69,0
40.78,24.76,79.08,5.4,mid_season,clay,19.32,0
38.71,34.66,62.39,5.09,mid_season,loamy,9.25,0
30.94,20.5,62.46,4.25,late,clay,21.23,0
74.9,23.13,38.04,2.73,mid_season,clay,17.07,0
43.77,30.69,69.19,4.54,mid_season,sandy,5.29,0
54.82,22.86,80.13,3.24,development,loamy,6.22,0
24.42,18.63,83.28,2.39,mid_season,sandy,6.19,0
55.8,20.35,84.96,0,development,clay,0,0
79.42,24.14,35.12,3.6,late,loamy,16.29,0
67.95,18.65,36.63,0,development,clay,0,0
59.04,34.34,81.53,5.35,initial,loamy,6.65,0
38.79,23.34,50.02,1.95,initial,loamy,8.0,0
12.99,27.54,38.05,3.7,late,loamy,14.3,0
51.22,19.7,51.38,3.19,initial,sandy,5.48,0
59.97,27.42,39.8,3.53,development,clay,2.25,0
78.83,32.31,37.67,4.46,late,sandy,2.66,0
79.83,29.02,43.45,4.98,initial,clay,3.97,0
35.65,35.81,66.08,5.94,late,sandy,17.37,0
56.27,28.54,62.23,5.92,initial,sandy,6.51,0
54.31,27.23,83.5,3.9,mid_season,sandy,14.86,0
46.11,33.62,50.2,6.63,mid_season,loamy,13.15,0
61.08,31.7,49.85,4.82,late,loamy,11.23,0
74.12,24.35,72.27,6.05,late,sandy,3.96,0
54.13,29.65,73.82,3.18,late,sandy,0.98,0
86.58,31.37,46.63,4.23,late,sandy,21.05,0
40.72,23.63,42.53,4.89,initial,loamy,1.77,0
81.83,30.51,36.77,0,late,sandy,0,0
75.68,29.66,70.21,4.16,development,sandy,7.93,0
90.65,33.53,55.63,0,late,sandy,0,0
92.75,26.69,81.76,2.82,initial,loamy,7.25,0
26.99,31.24,44.08,4.14,late,loamy,0.96,0
13.84,30.73,83.1,3.54,mid_season,sandy,9.82,0
90.88,24.32,82.48,4.1,mid_season,clay,22.87,0
89.92,23.69,44.72,5.26,initial,loamy,19.44,0
28.32,33.1,48.32,5.09,late,loamy,1.82,0
41.07,18.84,50.98,3.99,development,loamy,6.46,0
40.89,25.73,35.58,2.58,late,clay,5.22,0
50.92,34.46,38.83,5.26,mid_season,sandy,21.47,0
30.76,25.3,77.97,4.48,development,sandy,8.62,0
88.44,34.26,70.67,3.47,late,clay,7.77,0
54.87,25.29,41.65,2.56,development,sandy,10.81,0
69.83,30.52,71.55,3.74,late,loamy,7.43,0
34.34,20.13,60.03,0,initial,clay,0,0
67.89,31.74,58.79,2.58,mid_season,clay,13.4,0
31.79,27.88,48.18,5.4,development,clay,8.06,0
50.84,25.8,78.74,4.25,mid_season,loamy,19.45,0
41.68,24.65,53.25,3.47,late,loamy,8.96,0
50.49,26.15,51.52,1.8,initial,clay,7.32,0
71.85,30.76,37.52,4.36,development,sandy,12.18,0
89.57,28.94,60.69,7.11,late,clay,7.51,0
64.11,20.63,60.06,4.0,late,sandy,1.95,0
49.61,19.81,73.92,3.84,late,loamy,10.15,0
78.98,32.09,42.46,3.82,mid_season,sandy,5.83,0
57.55,21.76,43.58,6.9,mid_season,clay,14.05,0
68.41,33.38,52.03,5.57,mid_season,clay,24.06,0
69.23,31.79,38.06,3.11,initial,clay,3.17,0
60.49,29.18,74.97,3.96,mid_season,sandy,7.67,0
67.91,19.81,75.77,4.58,mid_season,loamy,11.17,0
40.61,34.04,53.01,5.32,initial,sandy,6.54,0
53.35,21.33,69.99,3.52,late,loamy,12.31,0
76.53,24.19,48.07,0,initial,loamy,0,0
54.66,25.74,73.12,4.03,late,sandy,7.43,0
57.11,29.6,66.79,3.43,mid_season,sandy,4.99,0
36.09,30.02,72.57,0,late,clay,0,1
59.22,26.36,62.52,4.33,late,loamy,1.11,0
81.19,35.55,66.84,4.74,initial,loamy,20.36,0
82.41,25.97,66.78,4.52,development,sandy,12.07,0
69.32,24.84,68.84,4.64,late,loamy,10.4,0
23.54,31.2,70.66,2.84,development,sandy,0.78,0
53.1,30.61,49.64,4.12,mid_season,loamy,24.3,0
59.79,22.15,40.94,0,development,loamy,0,0
73.31,35.07,80.07,2.89,development,loamy,5.37,0
80.51,29.0,84.44,2.81,initial,sandy,2.24,0
37.94,24.34,79.14,2.33,initial,loamy,2.14,0
69.56,28.91,44.25,0,late,sandy,0,0
5,24.07,48.97,2.68,development,clay,7.75,0
70.63,32.13,48.17,4.21,mid_season,loamy,13.43,0
63.21,26.9,72.4,3.39,initial,loamy,1.02,0
53.31,32.86,42.21,2.34,initial,loamy,7.39,0
58.87,27.47,70.98,4.63,mid_season,clay,8.64,0
17.97,22.35,68.67,5.07,initial,loamy,8.92,0
45.1,24.0,52.17,3.66,development,loamy,7.46,0
38.16,30.03,66.87,3.94,late,loamy,14.2,0
52.23,28.32,48.11,4.56,initial,loamy,9.78,0
46.34,22.47,40.55,2.79,initial,clay,18.05,0
37.1,28.11,70.04,4.44,mid_season,sandy,10.62,0
73.13,31.69,46.38,4.08,mid_season,loamy,16.66,0
81.59,20.64,46.25,4.32,initial,clay,7.35,0
38.41,24.3,72.02,0,mid_season,sandy,0,1
41.44,33.39,56.8,0,initial,loamy,0,0
50.94,27.8,58.89,3.53,initial,sandy,9.52,0
45.7,20.47,63.98,4.51,mid_season,clay,12.34,0
52.8,23.83,45.67,0,initial,sandy,0,0
43.59,31.91,77.49,5.5,initial,sandy,18.74,0
43.03,25.37,71.93,5.44,development,loamy,20.01,0
14.29,27.99,47.89,3.97,mid_season,sandy,15.59,0
15.07,20.36,80.41,3.9,mid_season,sandy,17.58,0
64.44,31.78,53.16,2.31,development,clay,4.62,0
65.31,22.09,49.64,4.03,late,loamy,8.69,0
64.04,30.99,67.44,0,initial,sandy,0,0
67.79,24.62,55.27,4.12,mid_season,loamy,10.91,0
95,21.37,74.31,3.78,late,sandy,13.36,0
29.02,30.58,66.81,3.02,initial,clay,10.54,0
26.85,21.27,36.09,4.6,mid_season,sandy,0.56,0
77.13,28.23,62.51,1.89,development,clay,22.59,0
95,22.08,68.79,3.31,mid_season,clay,15.47,0
50.46,35.34,72.77,5.99,mid_season,loamy,10.79,0
56.62,19.96,72.03,0,initial,loamy,0,0
51.91,24.89,52.05,2.42,late,loamy,8.17,0
48.18,23.29,63.06,4.52,development,loamy,17.55,0
73.86,34.25,75.91,4.04,mid_season,sandy,5.55,0
29.89,22.9,81.79,3.55,mid_season,clay,8.69,0
43.17,30.01,79.04,3.83,late,loamy,22.95,0
57.33,29.08,61.03,4.49,mid_season,clay,24.36,0
48.5,32.72,81.07,1.99,mid_season,loamy,6.11,0
44.45,27.9,50.31,2.45,mid_season,sandy,12.11,0
52.5,35.13,56.35,4.71,mid_season,sandy,9.87,0
69.23,33.21,71.21,0,development,sandy,0,0
58.14,20.43,73.28,3.31,late,clay,10.84,0
66.73,23.63,50.35,3.25,development,loamy,14.49,0
55.62,27.92,56.19,0,development,loamy,0,0
74.59,19.25,62.91,3.95,late,sandy,20.26,0
82.23,21.53,51.48,2.32,late,clay,2.91,0
70.64,34.56,68.59,4.15,late,sandy,8.21,0
62.39,35.35,82.37,0,development,loamy,0,0
61.88,27.39,76.11,3.87,development,clay,5.34,0
33.67,26.06,48.63,6.23,late,clay,4.87,0
31.64,28.1,52.92,5.34,late,loamy,6.05,0
95,26.75,53.47,3.88,mid_season,loamy,6.33,0
87.77,33.72,69.73,2.87,development,sandy,24.4,0
68.02,23.2,53.01,5.94,late,clay,15.72,0
72.33,18.58,46.88,5.57,mid_season,clay,11.81,0
23.41,19.72,49.23,4.19,initial,clay,14.79,0
80.27,25.21,54.42,0,late,sandy,0,0
23.55,20.21,55.36,4.27,development,loamy,9.4,0
47.85,26.45,84.93,4.33,mid_season,sandy,4.36,0
32.14,22.93,75.09,0,development,sandy,0,1
18.62,31.32,60.94,4.44,initial,sandy,11.1,0
27.54,34.59,38.82,3.18,development,loamy,3.78,0
23.8,29.26,44.37,5.29,late,sandy,19.36,0
52.61,18.31,82.79,2.37,mid_season,loamy,17.31,0
47.38,19.17,45.5,2.01,development,sandy,11.83,0
82.95,22.01,73.19,4.28,mid_season,loamy,14.74,0
77.11,34.93,37.89,2.16,initial,clay,2.06,0
43.11,18.63,76.52,3.22,late,clay,0.23,0
62.9,19.14,40.9,0,initial,loamy,0,0
63.96,25.96,39.27,3.49,development,clay,27.44,0
69.84,35.91,50.79,5.4,development,clay,2.72,0
49.09,31.39,54.83,3.74,development,clay,8.48,0
74.04,26.25,35.18,4.33,mid_season,clay,16.88,0
54.47,27.2,70.51,3.8,initial,loamy,5.95,0
36.19,23.69,83.74,3.81,mid_season,sandy,6.34,0
56.82,21.46,71.45,5.74,development,clay,21.95,0
75.74,25.18,52.94,5.37,late,sandy,28.7,0
44.22,22.83,82.5,4.97,development,sandy,4.47,0
57.82,27.94,64.72,5.58,development,clay,3.31,0
84.88,33.08,82.68,2.79,late,clay,16.74,0
48.14,28.15,36.93,4.86,mid_season,clay,19.74,0
53.19,20.4,74.92,2.91,initial,sandy,4.56,0
40.93,29.28,39.53,4.7,late,loamy,2.45,0
45.86,29.43,62.94,0,development,loamy,0,1
68.46,33.96,76.96,4.52,late,sandy,18.44,0
89.0,28.83,48.09,4.73,development,loamy,12.84,0
72.92,34.26,36.41,3.99,mid_season,clay,26.64,0
48.2,25.45,58.01,3.79,late,loamy,8.39,0
42.58,34.88,66.09,0,mid_season,loamy,0,1
53.05,33.39,49.35,3.66,development,clay,1.22,0
41.54,26.26,81.42,2.59,late,clay,13.49,0
68.98,25.0,70.92,0,development,sandy,0,0
22.62,19.7,71.63,2.94,late,loamy,3.98,0
56.67,25.22,39.66,2.86,late,sandy,8.54,0
66.13,26.31,68.53,2.39,mid_season,sandy,22.41,0
70.36,22.82,79.48,4.96,development,sandy,7.01,0
61.05,23.5,45.82,3.78,late,clay,1.28,0
48.07,32.46,48.7,3.98,mid_season,clay,5.42,0
35.33,23.86,42.54,3.36,mid_season,sandy,10.47,0
66.64,33.41,80.75,3.35,initial,loamy,5.48,0
62.03,26.8,41.67,0,initial,loamy,0,0
95,29.21,50.42,0,late,loamy,0,0
57.5,30.09,45.22,3.94,mid_season,loamy,6.35,0
58.72,18.14,64.44,5.12,mid_season,loamy,4.29,0
58.49,21.48,44.17,0,late,clay,0,0
60.65,35.64,68.04,3.33,initial,clay,7.18,0
11.27,25.8,73.49,4.75,initial,sandy,7.04,0
67.28,24.05,53.67,0,initial,clay,0,0
70.99,23.32,54.64,3.18,initial,loamy,8.31,0
71.41,29.73,39.58,3.9,initial,sandy,7.26,0
63.35,32.95,48.59,3.23,development,clay,28.19,0
45.41,19.71,35.39,6.7,late,loamy,6.54,0
24.13,23.13,61.14,4.75,initial,sandy,15.11,0
55.82,18.58,75.26,4.62,mid_season,clay,14.51,0
76.52,18.79,54.11,2.06,development,loamy,18.54,0
46.11,23.29,78.08,3.11,mid_season,clay,13.26,0
42.79,34.23,72.47,4.19,mid_season,sandy,12.56,0
57.01,29.81,61.44,5.83,development,loamy,13.61,0
51.1,29.05,55.46,4.05,late,sandy,3.25,0
56.8,19.04,40.42,4.81,development,sandy,6.98,0
25.65,28.42,76.99,0,development,clay,0,1
61.86,26.39,58.21,5.52,development,loamy,5.25,0
37.85,18.77,82.1,5.39,initial,sandy,4.46,0
64.25,23.7,77.56,4.55,mid_season,loamy,10.82,0
60.17,23.19,69.38,4.03,late,loamy,23.38,0
50.19,20.03,80.22,0,initial,loamy,0,0
54.3,28.23,43.56,3.12,initial,clay,9.07,0
28.31,23.06,63.61,3.23,late,loamy,11.99,0
60.17,25.94,49.88,5.17,late,clay,7.69,0
54.85,24.05,56.24,0,mid_season,clay,0,0
92.64,22.6,73.83,4.35,initial,clay,6.51,0
45.6,24.19,57.7,4.26,mid_season,clay,23.62,0
67.69,22.18,53.46,4.65,development,clay,23.31,0
33.76,34.34,61.8,5.27,initial,loamy,14.44,0
41.22,30.7,35.9,5.16,late,clay,0.3,0
70.88,27.57,60.51,0,late,loamy,0,0
48.45,31.35,49.25,0,initial,loamy,0,0
53.07,31.44,49.28,5.26,late,loamy,23.65,0
46.65,21.95,78.63,6.09,development,loamy,7.35,0
72.03,30.05,72.34,3.64,late,clay,0.52,0
5,25.21,51.28,4.86,late,loamy,16.82,0
77.01,19.7,35.86,2.96,late,loamy,18.6,0
62.09,28.98,49.75,4.71,development,sandy,9.29,0
61.57,32.09,72.71,0,initial,sandy,0,0
79.05,23.18,42.35,4.17,late,loamy,8.08,0
66.54,21.98,81.64,3.59,late,sandy,16.72,0
35.14,34.41,40.94,2.87,development,loamy,14.24,0
85.45,27.82,65.25,5.39,development,clay,6.53,0
59.51,35.34,44.77,2.44,late,loamy,5.05,0
51.69,22.1,40.18,4.85,mid_season,loamy,23.39,0
86.19,20.1,63.38,4.46,development,sandy,8.1,0
59.07,21.1,60.74,4.0,late,sandy,11.77,0
58.68,25.0,70.27,5.11,mid_season,sandy,9.24,0
91.08,21.48,58.04,0,late,clay,0,0
80.6,32.81,77.34,2.93,mid_season,sandy,12.62,0
70.64,29.66,58.4,3.94,mid_season,loamy,11.24,0
35.39,30.85,52.61,4.38,mid_season,clay,14.99,0
40.01,28.5,52.11,3.04,development,clay,15.57,0
46.42,23.98,36.09,2.41,late,loamy,10.66,0
71.09,21.02,45.71,5.08,late,clay,4.7,0
55.18,26.9,55.69,3.55,initial,sandy,6.89,0
51.12,30.8,68.82,3.26,development,sandy,0.62,0
50.78,24.04,61.89,0.96,late,loamy,15.95,0
63.14,26.42,38.01,3.5,late,sandy,5.37,0
77.93,31.46,48.03,5.62,initial,loamy,2.92,0
62.92,21.9,54.12,0,initial,loamy,0,0
18.19,29.07,42.07,3.44,mid_season,sandy,24.44,0
73.94,20.81,61.31,3.81,initial,loamy,6.35,0
56.48,33.36,82.04,0,initial,clay,0,0
66.4,34.65,39.75,0,initial,sandy,0,0
42.9,31.12,43.82,3.67,late,clay,5.25,0
57.94,32.42,76.4,3.95,initial,clay,1.53,0
78.44,33.15,54.07,1.61,mid_season,clay,21.7,0
73.88,34.15,66.97,3.81,mid_season,clay,20.58,0
30.4,25.38,65.88,4.4,initial,sandy,6.27,0
69.77,25.47,71.87,2.43,mid_season,clay,0.49,0
50.47,29.59,53.2,4.95,late,sandy,6.81,0
52.63,28.64,77.76,2.52,development,clay,2.05,0
32.66,18.77,52.62,1.78,mid_season,loamy,5.73,0
35.34,30.97,83.98,2.77,initial,loamy,12.26,0
48.71,34.55,59.2,4.69,late,sandy,22.53,0
30.47,31.17,49.08,2.81,late,sandy,8.78,0
12.6,32.05,40.58,3.32,late,clay,10.36,0
51.25,18.72,81.05,5.39,development,loamy,3.78,0
61.23,28.07,72.01,4.16,initial,loamy,9.82,0
59.8,25.22,66.13,5.05,initial,loamy,11.01,0
12.38,21.22,51.78,3.98,initial,sandy,5.55,0
65.51,22.8,57.24,4.28,development,loamy,11.7,0
42.72,34.28,76.57,2.92,late,sandy,2.78,0
52.91,18.33,40.13,3.43,mid_season,loamy,16.08,0
61.34,22.85,36.53,5.6,mid_season,sandy,20.36,0
23.93,31.07,70.15,4.89,mid_season,sandy,12.73,0
63.41,32.37,49.19,4.12,initial,clay,11.67,0
64.5,25.98,49.41,3.72,initial,sandy,6.5,0
42.5,24.34,59.68,3.96,development,sandy,6.17,0
38.67,28.91,58.83,3.29,development,clay,13.98,0
66.23,18.14,79.96,3.62,development,sandy,22.15,0
59.64,20.85,80.93,2.4,initial,clay,6.95,0
35.74,29.82,40.78,6.31,late,loamy,7.43,0
49.94,25.29,43.24,4.14,mid_season,loamy,9.61,0
68.16,31.97,71.69,3.19,mid_season,loamy,8.58,0
24.89,29.07,48.73,4.8,development,sandy,12.05,0
61.63,25.09,40.66,3.89,development,clay,9.28,0
64.48,21.79,72.52,3.47,late,sandy,15.72,0
30.7,25.3,39.92,3.93,mid_season,clay,6.72,0
5.63,18.34,35.17,5.44,mid_season,clay,10.21,0
76.96,30.1,78.22,4.28,initial,sandy,9.05,0
67.01,29.66,59.92,4.93,mid_season,loamy,15.51,0
47.37,18.67,79.38,3.29,initial,sandy,0.83,0
44.74,25.33,42.76,3.66,development,clay,30.11,0
48.19,25.54,60.09,2.87,initial,loamy,10.21,0
53.72,21.38,46.55,4.58,late,clay,18.88,0
81.76,35.1,46.03,3.68,mid_season,sandy,6.26,0
41.47,24.77,55.36,5.11,mid_season,loamy,2.85,0
77.01,33.9,59.12,5.1,development,clay,9.46,0
64.68,33.16,66.37,0,late,loamy,0,0
68.21,18.73,53.19,5.66,initial,loamy,2.36,0
15.28,32.23,39.72,0,late,sandy,0,1
41.32,34.49,72.8,2.53,initial,clay,10.5,0
76.04,35.41,68.4,5.12,mid_season,clay,26.17,0
33.88,34.03,44.38,3.85,development,loamy,21.44,0
52.84,25.37,69.12,4.78,development,clay,4.7,0
21.47,29.57,49.11,4.7,initial,sandy,11.5,0
53.19,33.82,52.99,3.94,late,loamy,22.38,0
71.46,30.24,54.53,5.61,late,loamy,8.21,0
54.04,30.34,82.52,2.36,mid_season,sandy,13.55,0
47.1,29.41,68.24,3.93,mid_season,clay,6.82,0
40.86,18.42,48.04,0,development,clay,0,1
32.93,21.13,54.73,4.84,initial,sandy,8.61,0
34.54,29.83,76.68,2.35,mid_season,sandy,15.03,0
72.55,35.57,84.47,0,late,clay,0,0
50.81,30.58,81.46,6.26,mid_season,loamy,11.62,0
76.39,30.43,55.77,0,development,sandy,0,0
18.97,30.7,65.88,4.97,late,sandy,9.64,0
49.95,26.11,45.13,2.69,development,sandy,8.39,0
76.24,33.55,36.02,3.96,late,clay,2.01,0
46.56,30.52,51.35,3.92,initial,sandy,5.57,0
24.49,32.07,68.53,3.34,late,sandy,4.99,0
71.39,30.97,56.81,0,late,loamy,0,0
42.27,24.82,81.07,3.43,development,clay,1.39,0
22.64,35.49,84.46,0,late,sandy,0,1
73.06,18.07,56.88,4.75,late,clay,18.17,0
47.07,19.55,72.98,3.96,initial,clay,7.8,0
64.8,21.36,80.24,0,development,loamy,0,0
63.43,30.69,53.88,4.53,late,loamy,7.89,0
55.66,33.82,73.27,3.13,development,clay,13.11,0
39.32,26.06,47.13,0,late,sandy,0,1
28.02,31.31,53.25,3.47,mid_season,loamy,7.11,0
69.9,22.43,45.97,2.26,development,clay,13.76,0
63.82,35.54,82.93,1.51,mid_season,clay,20.43,0
40.94,35.91,42.15,4.41,development,loamy,11.05,0
65.42,21.3,78.56,3.42,initial,loamy,6.89,0
55.51,31.93,83.77,2.1,mid_season,loamy,10.29,0
47.35,21.9,72.37,0,development,sandy,0,1
66.52,25.06,41.76,1.98,initial,clay,15.52,0
47.33,35.27,50.86,3.78,late,sandy,10.26,0
58.78,32.0,58.96,2.48,development,loamy,18.4,0
52.5,31.24,71.26,2.15,late,clay,1.87,0
41.11,31.77,64.36,3.42,development,clay,18.31,0
80.61,34.17,65.18,3.76,late,clay,7.62,0
40.36,35.68,83.08,3.06,initial,sandy,3.67,0
74.17,32.68,72.87,5.26,development,clay,20.21,0
78.63,23.75,43.6,5.09,mid_season,clay,9.88,0
64.66,18.73,36.39,4.99,late,clay,19.16,0
60.93,25.5,55.76,2.51,initial,clay,3.36,0
61.11,24.75,53.27,3.71,development,clay,1.12,0
45.14,35.13,82.92,0,late,sandy,0,1
67.53,29.85,46.91,0,mid_season,clay,0,0
42.53,35.82,52.33,4.36,late,sandy,3.19,0
64.61,22.23,82.84,4.62,late,sandy,3.26,0
56.21,26.49,68.31,3.58,late,loamy,12.63,0
70.12,22.62,48.99,4.04,late,sandy,11.83,0
95,26.4,59.39,0,initial,clay,0,0
23.24,25.09,61.74,1.42,mid_season,clay,9.4,0
47.7,25.88,69.8,2.56,development,clay,10.14,0
95,28.01,73.54,2.28,initial,loamy,13.49,0
56.71,21.38,78.5,5.37,mid_season,clay,18.85,0
28.91,30.62,56.12,2.28,initial,loamy,14.68,0
23.71,20.39,35.24,3.74,initial,clay,10.87,0
43.95,18.46,84.27,2.45,initial,loamy,1.34,0
66.99,25.45,78.92,4.65,development,loamy,9.94,0
33.89,32.09,55.27,3.57,initial,clay,3.31,0
33.19,28.52,47.2,4.16,initial,loamy,8.45,0
54.81,32.66,55.76,4.35,mid_season,clay,21.32,0
73.82,35.73,83.16,0,initial,loamy,0,0
69.59,34.25,71.43,2.63,initial,clay,3.3,0
47.27,18.49,61.1,7.21,development,clay,9.31,0
93.96,33.31,75.5,4.28,development,clay,14.75,0
45.89,20.7,72.62,2.74,mid_season,clay,8.63,0
26.53,34.31,65.37,5.53,late,sandy,2.79,0
41.49,23.93,50.79,0.68,development,loamy,10.93,0
46.99,33.66,41.7,5.5,late,sandy,10.48,0
64.53,25.98,73.79,1.97,initial,loamy,1.27,0
75.64,34.27,60.39,0,initial,loamy,0,0
36.71,23.88,73.26,4.68,mid_season,loamy,4.89,0
36.66,34.89,81.21,1.73,mid_season,clay,16.36,0
44.86,19.22,60.68,2.97,mid_season,clay,10.14,0
55.73,32.73,84.62,3.41,development,clay,8.95,0
67.58,31.92,49.25,4.49,initial,loamy,14.52,0
59.53,29.75,40.11,3.5,development,clay,5.25,0
44.12,27.53,57.62,4.48,initial,loamy,1.02,0
34.09,18.74,38.04,4.65,development,sandy,11.95,0
54.85,26.4,81.78,0,development,clay,0,0
75.19,29.69,61.03,4.74,development,clay,0.22,0
73.58,21.66,55.55,4.01,mid_season,loamy,13.41,0
50.49,21.69,70.42,0,initial,loamy,0,0
42.78,26.81,81.37,0,development,sandy,0,1
87.73,20.82,57.8,3.68,mid_season,loamy,17.48,0
51.64,30.37,43.4,5.24,development,loamy,13.52,0
86.28,23.41,74.12,3.56,late,sandy,14.74,0
60.33,22.52,46.47,2.8,mid_season,loamy,12.88,0
48.4,22.8,54.33,5.12,mid_season,clay,21.35,0
56.07,28.27,84.71,4.76,initial,loamy,3.14,0
64.32,31.12,83.16,0,initial,loamy,0,0
59.32,32.49,81.93,4.75,initial,sandy,16.9,0
30.22,24.07,40.25,0,late,sandy,0,1
66.09,21.11,81.91,4.2,late,sandy,6.36,0
56.08,29.6,70.98,3.8,development,clay,5.29,0
35.86,20.86,59.25,5.0,initial,sandy,11.93,0
26.93,35.69,84.9,5.14,late,loamy,19.69,0
87.88,23.93,70.5,0.67,mid_season,loamy,14.95,0
69.4,23.13,63.75,5.25,mid_season,sandy,18.76,0
70.72,29.42,69.44,2.72,development,loamy,15.56,0
44.58,22.87,40.27,4.29,late,loamy,23.22,0
60.42,31.39,53.61,5.6,mid_season,sandy,3.62,0
18.94,29.07,74.32,0,initial,sandy,0,0
58.93,20.68,43.05,0,initial,clay,0,0
92.24,34.52,50.69,3.5,initial,sandy,4.57,0
70.18,22.42,64.48,3.39,mid_season,sandy,1.62,0
78.23,33.94,52.24,0,mid_season,loamy,0,0
47.31,25.43,67.48,5.72,mid_season,clay,9.37,0
57.42,18.59,39.41,4.67,late,clay,10.43,0
61.04,28.61,49.36,0,late,clay,0,0
59.9,34.96,49.61,0,initial,sandy,0,0
27.19,18.1,38.58,4.25,initial,loamy,3.47,0
78.21,27.85,49.48,2.6,development,sandy,9.03,0
42.4,32.93,62.31,0,development,loamy,0,1
47.14,34.28,38.43,3.28,late,loamy,2.0,0
45.1,21.07,82.4,4.16,late,loamy,5.64,0
42.45,25.55,62.59,0,initial,clay,0,0
44.7,21.39,81.54,0,development,clay,0,1
52.87,33.62,56.92,0,late,clay,0,0
67.74,33.67,82.74,5.72,initial,clay,1.52,0
94.52,28.35,56.79,4.72,mid_season,sandy,19.87,0
39.46,32.84,51.48,0,initial,loamy,0,0
42.11,23.66,67.29,3.7,development,sandy,7.23,0
73.39,26.97,73.55,3.83,late,loamy,20.67,0
88.23,30.94,59.16,5.58,late,loamy,4.66,0
34.1,20.67,58.62,2.9,initial,clay,2.8,0
50.02,26.78,58.12,2.74,development,clay,11.02,0
73.52,33.37,67.08,3.19,development,loamy,11.46,0
42.12,26.1,77.19,4.99,development,clay,21.08,0
71.82,25.66,68.01,4.19,mid_season,loamy,8.0,0
77.07,24.06,73.58,0,mid_season,sandy,0,0
39.32,18.23,45.38,4.63,development,loamy,2.17,0
65.87,28.47,78.31,0,initial,sandy,0,0
36.74,30.92,66.94,0,development,loamy,0,1
71.01,20.41,83.96,3.37,initial,loamy,7.26,0
56.26,27.92,56.38,3.74,late,loamy,9.02,0
55.14,25.41,38.24,5.27,mid_season,loamy,7.23,0
48.83,22.43,37.05,0,initial,sandy,0,0
35.18,29.79,41.98,0,initial,loamy,0,0
67.33,26.57,67.36,2.85,development,loamy,14.78,0
39.03,32.3,50.27,4.05,mid_season,sandy,3.06,0
74.46,19.08,62.26,0,mid_season,loamy,0,0
56.49,27.79,37.32,2.45,late,sandy,3.24,0
32.42,19.06,56.81,0,development,sandy,0,1
66.85,31.63,82.23,2.26,development,sandy,0.2,0
49.82,26.66,67.43,2.11,mid_season,sandy,5.11,0
74.63,33.27,82.17,4.88,development,loamy,18.62,0
53.59,33.16,51.17,5.11,development,clay,5.89,0
76.5,34.71,39.34,0,development,sandy,0,0
64.03,26.95,58.8,4.89,mid_season,clay,17.71,0
59.59,31.05,55.93,5.09,late,sandy,19.54,0
56.37,31.78,80.18,4.32,mid_season,clay,27.57,0
35.58,25.01,49.59,3.96,initial,sandy,0.34,0
79.41,23.62,68.6,5.19,initial,loamy,4.07,0
75.45,31.84,82.52,4.03,mid_season,sandy,14.23,0
84.68,31.52,82.43,2.55,development,clay,27.02,0
63.62,23.01,36.17,0,initial,clay,0,0
57.79,28.58,82.28,2.95,development,sandy,5.18,0
78.04,33.0,54.73,3.14,mid_season,loamy,8.26,0
17.01,27.6,59.13,4.3,development,sandy,8.62,0
58.0,25.89,61.31,3.22,mid_season,loamy,9.58,0
68.16,31.99,40.34,2.39,development,loamy,20.53,0
43.89,29.65,54.57,3.11,initial,sandy,1.2,0
49.31,34.12,70.05,2.82,late,clay,4.69,0
67.6,19.83,41.86,4.26,initial,loamy,14.59,0
38.33,30.19,71.7,0,late,sandy,0,1
32.6,31.3,79.74,5.07,late,clay,2.42,0
81.79,25.29,56.58,3.24,late,sandy,4.91,0
62.66,29.4,44.36,3.99,mid_season,sandy,8.46,0
52.61,25.9,68.85,4.87,mid_season,sandy,18.66,0
72.96,28.5,67.27,4.36,late,clay,16.68,0
58.89,28.12,74.82,6.06,development,clay,17.9,0
39.06,25.79,36.61,4.09,mid_season,sandy,7.36,0
76.53,18.64,72.09,3.67,late,sandy,2.25,0
59.57,24.87,78.22,3.16,late,sandy,12.9,0
35.14,31.75,50.56,3.41,mid_season,sandy,12.27,0
51.63,34.46,39.24,4.96,late,sandy,6.82,0
70.49,20.33,51.39,3.42,mid_season,loamy,3.42,0
42.14,21.06,37.3,1.97,late,sandy,22.49,0
67.16,22.5,76.81,0,mid_season,loamy,0,0
48.05,27.93,84.81,3.81,initial,clay,3.57,0
88.61,31.15,47.53,4.43,late,clay,4.91,0
72.69,30.87,57.62,7.04,mid_season,loamy,10.45,0
50.85,23.26,83.51,0,late,sandy,0,1
60.74,26.8,44.54,4.53,development,loamy,0.9,0
79.16,22.97,61.84,3.99,mid_season,clay,9.06,0
37.01,34.24,79.7,0,late,loamy,0,1
52.42,33.42,36.18,0,initial,clay,0,0
68.04,20.86,55.56,3.42,development,clay,16.16,0
69.19,33.65,49.42,0,initial,clay,0,0
55.32,28.93,74.16,3.62,late,clay,9.17,0
56.32,20.05,78.88,5.17,late,clay,1.03,0
72.48,18.69,44.1,0,initial,loamy,0,0
75.52,31.24,73.4,5.33,initial,sandy,3.57,0
93.55,30.76,73.7,5.24,late,loamy,10.29,0
64.29,29.18,57.98,2.7,late,loamy,16.14,0
57.86,21.93,50.17,3.51,development,clay,7.87,0
53.17,28.9,44.33,3.44,late,sandy,14.04,0
35.88,20.94,79.09,3.57,initial,loamy,2.82,0
33.93,33.64,54.32,3.15,initial,clay,1.95,0
95,35.55,82.35,2.84,mid_season,clay,15.79,0
31.81,19.69,35.05,3.35,late,loamy,5.49,0
61.5,19.01,74.57,2.61,late,clay,1.03,0
35.03,33.72,72.19,0,late,clay,0,1
5.36,18.74,47.47,2.75,development,loamy,8.18,0
22.54,27.44,47.44,5.26,development,sandy,7.31,0
74.94,31.29,40.64,2.93,late,clay,13.99,0
57.62,35.76,74.54,3.51,late,clay,5.77,0
44.71,18.74,42.64,4.59,development,sandy,0.43,0
69.06,22.94,63.92,4.1,development,loamy,6.26,0
29.5,20.13,84.94,3.9,mid_season,clay,6.66,0
68.84,27.86,47.82,0,development,clay,0,0
58.3,31.61,65.61,4.99,initial,sandy,2.91,0
71.97,25.32,43.95,3.83,development,loamy,15.41,0
65.55,29.78,76.67,5.45,late,sandy,16.28,0
78.13,28.1,55.68,4.69,development,loamy,1.44,0
51.4,28.87,78.52,2.34,mid_season,clay,23.5,0
48.26,30.45,50.74,3.54,late,sandy,5.7,0
84.92,20.32,78.25,0,mid_season,clay,0,0
45.54,20.67,46.06,3.88,development,loamy,13.8,0
25.36,27.75,66.79,5.2,initial,sandy,9.08,0
36.45,26.27,84.51,2.66,development,clay,0.1,0
51.72,32.9,63.94,3.35,initial,sandy,2.15,0
90.06,34.21,73.8,5.79,mid_season,clay,7.22,0
63.83,32.71,59.91,4.11,development,clay,12.98,0
58.38,35.58,63.02,5.39,development,sandy,5.53,0
54.85,32.91,52.34,2.28,late,clay,16.02,0
53.37,28.58,47.47,3.71,late,loamy,15.18,0
94.0,21.21,68.25,2.63,mid_season,loamy,27.43,0
63.27,32.94,74.88,4.16,development,loamy,7.17,0
73.72,32.54,72.17,3.95,development,sandy,3.4,0
58.25,34.69,47.72,3.48,development,loamy,9.67,0
71.05,27.15,55.58,3.05,late,sandy,4.86,0
68.38,22.03,80.99,0,late,sandy,0,0
51.26,32.88,83.4,4.53,mid_season,clay,3.44,0
56.18,21.01,47.94,4.11,initial,clay,3.92,0
56.07,18.07,43.52,3.71,mid_season,clay,27.59,0
56.05,33.87,83.86,0,development,clay,0,0
46.5,35.54,68.79,5.99,development,sandy,10.38,0
69.46,34.26,75.67,5.21,mid_season,loamy,9.75,0
68.35,21.5,50.23,3.24,initial,sandy,13.78,0
53.51,31.11,82.81,0,late,clay,0,0
19.51,21.59,35.62,4.31,late,loamy,12.14,0
51.73,34.07,76.62,2.64,development,loamy,7.0,0
57.32,32.08,83.91,1.59,initial,sandy,11.67,0
70.95,22.82,61.12,4.57,development,clay,7.72,0
69.56,25.0,69.11,3.56,late,sandy,15.82,0
79.45,27.34,59.47,5.85,development,loamy,18.85,0
71.5,33.07,51.69,2.77,development,sandy,5.38,0
31.72,30.71,82.62,2.73,development,clay,4.89,0
40.8,26.53,67.3,2.26,late,clay,1.17,0
54.17,25.35,64.77,4.0,mid_season,loamy,23.42,0
36.34,25.01,37.16,3.54,late,sandy,3.83,0
66.44,35.02,82.56,4.54,initial,clay,10.45,0
71.65,31.0,74.91,1.83,late,sandy,5.67,0
59.51,25.15,56.41,5.24,initial,clay,11.15,0
65.27,27.82,75.28,4.59,mid_season,sandy,23.16,0
61.56,34.05,70.6,1.29,development,loamy,6.5,0
48.57,18.16,52.39,2.84,late,loamy,5.95,0
89.63,22.97,75.03,5.34,late,clay,14.5,0
52.19,22.08,68.99,3.84,development,clay,14.52,0
39.4,33.32,64.73,3.63,development,sandy,8.61,0
32.03,26.72,58.92,4.35,mid_season,loamy,6.33,0
61.45,31.73,75.53,4.64,development,clay,13.08,0
44.68,25.81,73.15,5.24,development,sandy,15.67,0
67.15,19.78,48.11,2.61,late,clay,9.59,0
62.11,30.71,79.04,3.85,mid_season,loamy,13.4,0
69.26,26.93,73.21,4.88,development,loamy,9.55,0
50.78,34.41,52.89,4.36,mid_season,clay,7.95,0
57.95,27.6,43.14,3.29,late,clay,8.35,0
70.23,30.99,61.39,4.55,initial,sandy,10.98,0
95,32.55,49.54,6.19,mid_season,sandy,12.86,0
55.21,19.93,43.82,2.34,mid_season,clay,18.3,0
59.15,34.47,68.6,3.07,late,sandy,13.39,0
64.7,20.42,67.45,5.67,mid_season,sandy,11.38,0
69.1,32.99,53.81,2.37,mid_season,clay,13.37,0
56.24,34.8,51.48,1.84,late,loamy,2.57,0
64.43,28.5,72.98,4.78,mid_season,sandy,22.08,0
33.59,21.51,73.94,3.84,mid_season,sandy,18.51,0
57.95,28.15,69.03,4.05,development,clay,15.09,0
51.61,32.73,59.67,5.5,late,sandy,13.7,0
68.58,25.65,35.71,5.08,late,sandy,11.98,0
89.94,30.46,56.42,4.63,late,clay,16.61,0
38.63,20.69,54.51,3.72,development,loamy,9.29,0
45.61,28.07,63.7,3.49,mid_season,clay,19.84,0
71.09,30.43,47.27,4.97,mid_season,sandy,0.15,0
50.84,20.78,71.24,2.31,late,clay,12.19,0
68.06,19.12,52.9,5.49,mid_season,sandy,11.56,0
57.28,20.02,35.62,3.48,late,clay,12.79,0
54.31,30.06,61.39,4.41,mid_season,clay,18.39,0
87.65,23.08,82.9,3.74,late,loamy,11.28,0
54.81,23.88,48.43,3.4,late,clay,8.82,0
63.61,35.57,71.57,4.67,development,sandy,3.47,0
59.28,33.21,83.69,0,development,loamy,0,0
63.55,18.75,65.29,5.13,initial,clay,9.14,0
66.6,34.99,53.92,4.08,late,clay,20.67,0
51.69,34.04,52.47,4.89,late,loamy,9.86,0
66.59,31.3,65.51,4.04,late,loamy,18.87,0
51.97,18.82,61.94,3.66,mid_season,sandy,12.01,0
61.68,35.76,60.6,4.11,mid_season,loamy,20.39,0
41.16,31.34,83.35,5.08,initial,clay,5.45,0
95,31.33,70.13,0,initial,loamy,0,0
26.64,21.71,78.16,5.51,development,sandy,0.08,0
36.09,30.3,83.59,4.7,mid_season,sandy,14.51,0
80.06,33.17,77.4,2.88,late,loamy,11.52,0
44.2,20.79,48.18,5.45,mid_season,sandy,15.56,0
63.23,22.2,43.94,4.38,late,loamy,14.68,0
88.31,20.46,66.74,0,mid_season,sandy,0,0
47.72,31.12,35.7,3.94,mid_season,sandy,10.75,0
55.98,33.76,61.16,4.41,development,clay,0.72,0
55.6,21.34,48.05,3.82,development,loamy,4.8,0
47.24,31.97,45.84,4.4,late,loamy,2.82,0
82.88,30.38,65.27,2.77,mid_season,sandy,16.87,0
52.26,25.76,50.95,6.23,late,clay,3.11,0
61.29,28.77,48.0,4.57,development,clay,18.65,0
60.13,22.46,73.89,4.72,initial,loamy,7.77,0
42.65,18.89,74.55,5.17,mid_season,sandy,1.13,0
73.85,20.93,36.08,5.02,mid_season,loamy,16.24,0
39.03,22.55,37.06,3.77,initial,loamy,5.89,0
43.97,25.5,63.43,2.73,late,loamy,18.34,0
45.98,18.75,69.05,3.77,initial,sandy,0.85,0
50.85,22.19,82.05,6.41,initial,clay,17.05,0
63.41,28.5,71.16,2.94,initial,loamy,0.4,0
50.71,22.51,84.57,3.33,mid_season,loamy,13.11,0
86.93,34.44,40.25,3.4,mid_season,loamy,9.37,0
49.45,33.15,41.87,0,initial,clay,0,0
50.02,30.49,80.26,3.88,late,sandy,10.48,0
40.7,30.64,72.08,5.95,initial,sandy,13.21,0
61.59,21.29,54.18,5.01,late,clay,7.13,0
86.41,22.95,81.73,0,late,clay,0,0
69.36,21.66,81.63,3.29,development,sandy,8.97,0
64.41,30.57,58.19,3.81,mid_season,clay,23.94,0
26.65,27.56,56.54,4.25,initial,loamy,9.96,0
59.41,25.25,64.67,0,development,clay,0,0
48.44,31.01,50.92,5.3,mid_season,loamy,4.98,0
51.62,34.85,54.38,4.9,late,clay,1.07,0
73.46,26.42,49.96,4.26,late,sandy,3.34,0
81.04,29.57,52.67,4.46,development,loamy,8.29,0
73.31,29.03,51.17,5.16,late,loamy,15.67,0
46.93,20.19,72.79,3.24,development,loamy,7.83,0
47.15,22.2,82.57,6.03,late,loamy,5.2,0
88.01,28.87,45.53,3.15,development,loamy,6.08,0
63.92,25.35,52.32,5.16,mid_season,sandy,3.06,0
75.39,18.78,80.72,0,development,sandy,0,0
63.18,34.2,50.49,4.81,late,clay,10.59,0
48.92,29.59,68.4,4.13,mid_season,loamy,8.82,0
81.56,29.42,54.71,4.42,mid_season,loamy,21.24,0
54.91,34.14,71.25,5.21,late,clay,12.31,0
50.88,23.46,83.16,4.2,late,sandy,9.96,0
44.01,34.18,44.39,3.79,initial,loamy,0.08,0
78.63,18.93,35.58,4.74,initial,sandy,7.75,0
61.72,21.36,44.03,4.68,initial,loamy,4.76,0
63.95,28.16,63.21,4.55,initial,sandy,1.96,0
30.56,34.26,71.43,3.35,initial,clay,2.13,0
67.39,20.79,71.72,5.14,late,sandy,3.98,0
31.69,18.0,78.4,5.17,late,sandy,16.47,0
39.31,32.46,35.74,4.38,late,loamy,2.35,0
15.47,32.42,73.81,3.31,development,loamy,9.03,0
51.35,18.5,65.51,3.56,mid_season,loamy,15.18,0
54.41,34.76,75.43,5.19,initial,clay,10.57,0
63.82,18.02,57.66,3.93,initial,loamy,12.3,0
46.49,30.84,74.37,0.61,initial,clay,12.95,0
69.88,30.11,35.57,4.39,initial,sandy,3.25,0
72.8,33.29,58.38,3.64,mid_season,sandy,12.55,0
23.1,35.54,80.07,3.6,late,sandy,11.26,0
50.92,31.77,61.04,7.18,development,clay,12.26,0
49.51,33.54,57.41,2.8,initial,sandy,5.79,0
41.91,31.07,58.15,1.98,initial,loamy,4.01,0
54.15,30.66,38.46,5.41,initial,sandy,10.34,0
73.81,19.39,70.74,0,late,sandy,0,0
32.25,35.7,50.5,2.77,late,loamy,2.12,0
64.19,28.22,76.92,3.87,initial,loamy,5.72,0
37.35,33.51,71.23,4.59,late,loamy,5.66,0
71.41,32.17,78.62,5.32,mid_season,clay,9.73,0
80.12,21.54,52.19,2.56,late,clay,6.34,0
73.07,21.5,41.44,4.12,late,sandy,1.54,0
60.59,32.96,80.1,5.12,development,sandy,8.61,0
42.87,22.44,49.64,0,late,clay,0,1
75.51,22.77,56.99,3.11,initial,sandy,5.16,0
56.25,32.51,73.07,4.15,late,sandy,7.39,0
42.06,23.59,44.19,3.99,mid_season,clay,30.82,0
35.25,26.84,46.56,4.24,mid_season,clay,12.56,0
68.62,19.19,69.85,4.11,initial,clay,1.36,0
63.96,33.44,83.91,3.64,late,sandy,8.48,0
47.49,18.29,48.73,4.42,development,clay,2.99,0
47.78,31.43,49.18,0,development,clay,0,0
65.0,25.59,49.63,4.74,mid_season,loamy,10.96,0
33.96,34.35,39.29,4.88,late,clay,4.03,0
73.4,31.11,35.81,4.04,mid_season,sandy,8.96,0
43.22,31.27,72.6,2.42,development,clay,9.1,0
79.78,25.65,35.71,4.61,development,clay,6.87,0
54.3,19.83,40.17,0,initial,loamy,0,0
59.78,18.72,83.48,4.51,development,loamy,14.63,0
66.61,21.25,62.66,6.31,late,loamy,2.04,0
93.3,21.14,56.47,0,initial,sandy,0,0
45.76,26.68,49.68,4.74,mid_season,clay,25.91,0
73.53,33.11,39.92,2.82,development,clay,9.16,0
22.11,21.99,63.1,4.76,development,clay,10.54,0
42.66,23.97,38.77,4.14,late,clay,14.35,0
48.19,19.74,57.64,2.83,initial,clay,2.28,0
60.36,21.07,58.02,2.92,late,clay,10.21,0
38.46,18.78,62.08,4.04,late,sandy,13.12,0
57.16,30.52,73.95,4.57,mid_season,sandy,21.58,0
28.31,24.75,81.66,4.7,mid_season,loamy,21.84,0
29.54,21.69,83.41,3.28,initial,clay,7.81,0
88.01,31.38,77.7,3.49,mid_season,loamy,21.39,0
24.2,31.47,62.72,4.3,late,loamy,10.52,0
67.31,34.84,66.0,4.35,development,loamy,8.29,0
19.51,24.52,37.97,6.29,mid_season,clay,25.76,0
38.8,27.59,36.84,3.96,development,loamy,4.95,0
86.78,27.67,50.98,2.78,late,sandy,14.44,0
57.62,28.36,57.0,3.42,development,loamy,6.05,0
75.61,30.83,51.61,0,mid_season,sandy,0,0
91.62,32.47,69.36,0,mid_season,sandy,0,0
54.69,30.32,38.24,4.27,late,loamy,16.7,0
44.08,19.84,64.44,4.27,development,loamy,15.25,0
71.48,34.52,73.68,3.17,late,sandy,0.55,0
41.29,20.97,73.29,4.75,initial,clay,5.63,0
22.88,32.61,38.01,0,development,clay,0,1
13.68,34.47,51.94,3.58,late,loamy,3.83,0
48.96,31.43,76.97,4.5,mid_season,clay,19.86,0
38.24,25.9,47.39,3.39,mid_season,sandy,16.86,0
49.92,34.37,43.09,2.04,mid_season,clay,11.19,0
14.04,19.69,68.86,4.02,late,clay,14.86,0
31.97,31.94,72.14,3.65,initial,sandy,13.84,0
57.68,20.86,46.37,0,initial,sandy,0,0
59.23,24.44,54.44,4.54,development,sandy,8.08,0
29.7,29.4,50.21,5.57,late,loamy,8.55,0
39.66,31.97,61.25,4.17,initial,sandy,4.46,0
66.9,26.07,76.96,6.36,mid_season,clay,13.84,0
16.12,32.28,39.32,0,late,loamy,0,1
35.04,33.97,59.18,0,late,sandy,0,1
9.88,30.5,80.86,3.06,late,loamy,1.09,0
32.1,30.41,38.42,4.45,mid_season,clay,12.94,0
47.45,35.77,52.59,6.5,initial,loamy,6.1,0
48.41,35.71,73.1,3.34,initial,sandy,3.73,0
33.64,33.91,36.03,0,mid_season,sandy,0,1
79.09,35.42,46.15,0,initial,clay,0,0
15.76,27.4,63.96,4.6,mid_season,clay,6.25,0
35.45,24.73,49.04,3.96,development,clay,14.42,0
46.6,31.89,55.22,5.19,development,loamy,8.23,0
34.97,29.89,80.31,5.17,late,sandy,7.85,0
62.25,24.61,52.79,4.38,mid_season,loamy,15.67,0
42.98,32.04,84.9,3.46,mid_season,loamy,11.79,0
73.45,31.42,60.74,2.64,mid_season,sandy,13.78,0
32.94,24.06,45.77,6.14,development,clay,15.93,0
72.45,31.39,37.94,3.21,late,clay,15.35,0
82.9,31.28,69.69,5.83,mid_season,sandy,10.44,0
43.23,32.75,66.4,5.03,mid_season,sandy,18.69,0
70.23,24.41,67.22,2.88,mid_season,clay,11.44,0
37.58,21.7,41.04,2.89,mid_season,loamy,14.82,0
66.7,26.04,79.09,4.54,late,loamy,23.82,0
46.54,18.43,62.99,0,development,clay,0,0
84.47,30.65,54.85,2.45,development,sandy,5.21,0
52.62,32.21,78.92,4.7,mid_season,loamy,18.05,0
69.61,18.31,72.05,4.01,late,sandy,8.11,0
55.01,28.18,57.2,4.28,mid_season,loamy,14.21,0
72.14,25.74,80.09,2.75,development,clay,4.27,0
90.82,24.4,79.47,2.93,mid_season,loamy,16.43,0
67.61,31.1,75.82,2.95,mid_season,clay,25.71,0
64.16,31.84,53.48,5.0,late,clay,7.09,0
73.78,22.94,50.4,3.84,late,clay,2.58,0
51.27,32.31,43.88,4.47,mid_season,sandy,9.0,0
64.87,24.33,63.65,3.19,mid_season,loamy,11.2,0
84.83,30.44,65.7,1.28,mid_season,clay,23.45,0
70.51,22.47,56.26,5.93,initial,clay,0.61,0
71.1,32.32,48.38,4.14,development,clay,12.91,0
39.84,29.76,82.82,4.42,development,loamy,8.64,0
30.71,29.39,58.56,2.72,late,clay,24.39,0
22.16,35.38,41.16,0,late,clay,0,1
60.8,32.27,62.43,2.82,initial,sandy,5.44,0
43.14,26.72,54.88,3.19,initial,clay,17.15,0
68.91,35.58,41.71,2.21,initial,clay,1.14,0
61.13,24.04,74.68,0,late,sandy,0,0
76.47,31.63,76.79,2.73,late,sandy,17.24,0
56.33,20.77,78.83,5.68,initial,loamy,13.22,0
31.0,20.28,62.88,0,late,sandy,0,1
54.09,26.85,38.3,4.93,development,loamy,12.14,0
34.76,24.54,38.15,2.57,initial,loamy,7.37,0
47.91,29.46,74.11,3.8,mid_season,loamy,5.56,0
56.83,31.27,60.23,0,development,loamy,0,0
60.54,34.98,67.07,0,development,sandy,0,0
75.97,25.97,54.19,6.86,initial,clay,18.5,0
42.49,33.55,82.07,3.85,mid_season,sandy,19.47,0
57.09,20.27,44.27,1.26,late,clay,24.08,0
65.56,20.41,42.11,0,late,sandy,0,0
66.26,18.43,51.21,5.73,mid_season,loamy,19.54,0
50.8,31.71,39.7,0,initial,loamy,0,0
62.7,20.11,72.96,0,late,sandy,0,0
53.93,27.27,73.02,4.22,mid_season,loamy,16.26,0
5,29.11,36.21,3.59,late,sandy,5.32,0
51.99,28.08,60.74,3.82,initial,clay,10.67,0
54.92,31.67,41.7,1.78,mid_season,clay,9.68,0
71.78,20.66,57.65,3.07,development,sandy,12.27,0
65.87,32.95,71.63,3.01,mid_season,sandy,6.88,0
67.54,35.03,56.31,3.74,late,sandy,16.26,0
44.66,22.36,71.28,2.73,initial,sandy,7.49,0
74.75,26.06,37.5,4.39,development,clay,4.02,0
60.87,35.17,45.1,4.7,mid_season,clay,5.73,0
47.27,24.45,74.23,0,initial,loamy,0,0
38.32,20.29,77.64,7.19,late,clay,23.71,0
63.53,32.11,76.73,5.07,initial,clay,0.07,0
72.29,33.72,40.13,3.13,development,loamy,8.68,0
86.82,20.48,81.89,4.0,development,loamy,7.17,0
49.22,19.05,68.72,2.65,development,sandy,1.98,0
52.19,26.79,84.04,4.39,initial,loamy,5.73,0
72.1,34.26,50.35,3.89,initial,loamy,5.51,0
51.81,25.15,37.72,4.22,development,clay,7.98,0
70.15,18.87,50.08,2.11,late,loamy,12.54,0
73.54,28.42,39.35,3.81,mid_season,clay,8.32,0
29.06,19.7,82.5,4.43,late,sandy,4.42,0
76.22,35.85,70.31,0,initial,sandy,0,0
47.35,28.51,67.06,0,initial,sandy,0,0
31.53,18.04,35.49,6.06,mid_season,sandy,2.06,0
74.85,29.94,50.82,3.05,mid_season,loamy,14.14,0
41.08,26.27,61.94,4.06,late,sandy,14.38,0
45.89,18.89,50.12,3.51,mid_season,loamy,16.02,0
59.56,26.54,66.81,3.17,mid_season,sandy,10.53,0
95,23.01,35.17,5.4,initial,clay,3.37,0
66.59,21.13,76.91,4.56,initial,loamy,9.57,0
44.51,31.85,64.98,4.39,development,clay,14.1,0
18.36,22.85,71.08,4.92,late,loamy,11.32,0
61.5,29.7,81.71,3.54,late,clay,11.97,0
57.88,25.39,65.08,1.91,development,loamy,6.09,0
36.69,30.23,41.87,4.32,late,sandy,8.01,0
55.8,30.68,58.74,2.25,initial,loamy,10.45,0
77.52,24.83,49.03,4.89,development,sandy,0.75,0
66.21,22.11,67.08,3.23,development,sandy,14.49,0
42.24,25.22,74.39,5.6,mid_season,sandy,3.15,0
44.84,28.37,69.66,5.07,initial,sandy,1.38,0
63.72,32.77,75.5,0,initial,loamy,0,0
48.56,25.58,66.9,3.39,development,sandy,13.01,0
69.0,28.7,48.55,4.35,initial,sandy,18.02,0
34.12,35.73,79.46,3.12,initial,sandy,1.46,0
81.31,24.64,74.38,4.46,initial,loamy,22.51,0
75.32,30.64,50.17,3.7,development,loamy,4.32,0
40.43,23.82,81.78,6.69,mid_season,clay,20.1,0
90.97,30.45,77.88,3.24,late,loamy,19.89,0
57.6,18.58,48.85,2.72,mid_season,sandy,7.39,0
39.54,26.0,75.25,3.91,initial,clay,5.13,0
34.85,31.86,57.03,4.56,mid_season,loamy,17.67,0
59.76,27.09,45.11,4.61,mid_season,sandy,15.18,0
63.85,31.23,41.11,5.14,mid_season,loamy,7.86,0
40.75,33.88,63.32,5.0,initial,sandy,4.12,0
43.18,20.8,61.55,4.89,mid_season,loamy,14.63,0
16.32,23.21,50.88,2.99,initial,sandy,7.9,0
68.79,32.06,57.82,3.96,initial,sandy,4.21,0
73.05,33.52,39.4,5.54,initial,sandy,9.08,0
33.63,26.25,75.59,2.38,mid_season,sandy,7.39,0
84.73,30.09,42.94,4.03,late,loamy,13.25,0
63.64,34.96,84.79,0,development,sandy,0,0
60.72,35.0,75.61,4.28,late,loamy,17.03,0
62.8,30.08,73.67,5.05,mid_season,clay,2.33,0
35.91,28.63,45.62,4.23,mid_season,sandy,13.04,0
94.62,32.1,48.41,5.17,mid_season,clay,11.52,0
42.38,29.58,69.78,3.34,late,clay,1.76,0
35.6,34.08,70.41,0.67,initial,clay,9.03,0
39.4,24.69,57.71,3.99,mid_season,loamy,13.72,0
54.12,32.65,65.83,4.98,development,loamy,8.35,0
39.63,24.45,69.85,6.1,development,clay,13.05,0
81.51,33.88,37.34,0,development,loamy,0,0
47.11,33.22,67.85,2.16,late,loamy,3.05,0
61.64,25.09,61.5,3.8,mid_season,loamy,10.25,0
64.17,19.64,72.47,3.32,development,loamy,10.37,0
25.79,23.43,38.9,4.53,development,clay,16.69,0
59.69,34.68,59.38,4.88,development,clay,14.6,0
50.47,22.01,62.66,2.78,mid_season,loamy,13.37,0
56.59,30.81,42.28,3.49,late,clay,10.29,0
47.07,25.76,69.1,5.86,development,clay,16.08,0
73.63,34.42,71.18,0,initial,sandy,0,0
68.47,29.9,81.26,3.28,initial,loamy,3.2,0
55.54,29.81,83.08,4.66,late,loamy,5.09,0
12.33,28.02,75.83,4.13,development,clay,8.98,0
34.95,35.44,64.98,5.25,late,loamy,15.88,0
71.85,25.88,78.53,4.07,late,clay,6.82,0
55.62,26.38,53.65,3.33,initial,loamy,9.76,0
94.93,35.69,64.39,5.56,mid_season,sandy,10.33,0
52.87,23.46,35.33,3.1,late,sandy,5.48,0
27.35,21.29,82.86,4.58,mid_season,sandy,2.78,0
72.66,31.24,73.21,4.03,mid_season,sandy,26.45,0
85.42,21.85,66.44,0,initial,sandy,0,0
74.35,31.08,52.1,0,initial,loamy,0,0
50.6,19.57,84.03,3.45,development,clay,7.22,0
63.03,21.42,79.0,4.91,initial,clay,4.34,0
5.37,33.62,53.81,4.22,mid_season,sandy,14.62,0
34.93,18.06,53.35,4.74,initial,loamy,7.11,0
48.58,28.06,66.14,0,development,clay,0,0
53.95,24.98,66.74,3.04,mid_season,sandy,14.8,0
77.95,29.75,54.59,3.1,mid_season,clay,8.43,0
44.05,23.0,60.64,0,initial,loamy,0,0
7.71,32.29,54.05,3.54,development,clay,7.28,0
35.94,25.88,42.61,0,late,clay,0,1
16.36,31.23,61.11,3.26,initial,clay,11.9,0
24.76,21.54,79.86,2.6,development,loamy,10.36,0
53.76,29.23,68.27,3.47,mid_season,loamy,17.79,0
61.79,23.42,78.3,3.74,development,loamy,9.49,0
27.01,27.72,73.41,4.17,mid_season,clay,22.26,0
72.28,35.4,65.21,2.72,late,loamy,2.28,0
67.93,24.14,62.94,4.4,development,loamy,5.93,0
35.66,25.17,84.11,0,initial,sandy,0,0
63.84,27.08,62.69,3.09,development,clay,2.06,0
41.58,22.24,44.66,1.82,development,sandy,2.43,0
57.68,27.85,53.35,3.81,mid_season,loamy,13.81,0
50.31,31.63,50.87,3.7,initial,loamy,9.1,0
57.37,35.35,56.32,3.13,mid_season,clay,9.9,0
83.91,25.93,70.0,2.4,development,clay,18.04,0
73.43,31.04,71.13,3.5,late,clay,4.19,0
70.24,34.53,73.26,5.29,mid_season,clay,12.96,0
59.71,26.26,70.95,4.61,late,clay,3.29,0
51.04,19.57,61.21,5.75,mid_season,loamy,6.66,0
65.49,26.53,68.3,4.7,late,clay,13.72,0
53.54,22.96,81.47,5.96,development,loamy,14.07,0
62.06,25.19,44.36,2.48,development,clay,8.16,0
48.56,35.05,78.24,5.54,mid_season,sandy,16.39,0
37.21,26.97,73.53,3.91,late,clay,6.35,0
41.95,25.01,40.77,3.23,mid_season,loamy,7.32,0
50.82,34.16,61.71,2.27,late,loamy,10.25,0
52.63,29.11,61.46,3.67,initial,clay,7.83,0
63.65,18.07,59.2,3.41,mid_season,loamy,2.16,0
71.58,29.56,78.11,3.63,late,clay,7.65,0
51.81,29.56,66.08,3.74,late,sandy,20.1,0
36.3,23.57,83.08,5.01,late,sandy,10.13,0
32.12,23.62,38.23,2.54,late,clay,1.54,0
70.26,20.27,63.76,4.37,initial,sandy,8.97,0
56.1,28.64,48.5,4.25,development,loamy,6.62,0
51.78,28.18,66.23,4.09,initial,sandy,7.01,0
85.59,20.74,59.19,4.93,mid_season,clay,10.77,0
95,24.69,37.47,0,initial,sandy,0,0
70.96,19.79,70.68,3.76,mid_season,sandy,18.07,0
36.6,30.72,83.15,4.56,mid_season,loamy,14.89,0
73.1,19.67,84.34,5.05,late,sandy,0.87,0
42.62,25.23,36.47,5.37,initial,loamy,14.73,0
56.21,31.31,62.43,4.07,initial,clay,12.67,0
62.24,33.07,66.57,0,initial,loamy,0,0
18.53,20.65,63.45,0,initial,sandy,0,0
28.76,31.38,79.66,3.68,development,loamy,1.84,0
36.92,26.41,51.08,4.56,initial,clay,8.58,0
76.9,32.37,51.32,3.2,initial,loamy,5.62,0
48.43,34.44,54.96,4.19,late,clay,16.58,0
46.94,34.77,38.89,3.03,mid_season,loamy,16.75,0
58.3,34.09,77.37,0,initial,sandy,0,0
53.52,21.1,65.9,3.97,initial,clay,10.37,0
18.4,21.55,35.69,4.9,late,clay,6.9,0
37.58,23.83,37.12,4.29,initial,sandy,4.65,0
12.09,30.37,42.45,5.31,initial,clay,8.68,0
28.24,25.56,56.7,3.39,late,clay,16.13,0
64.02,30.32,62.01,2.67,mid_season,sandy,18.61,0
39.71,28.85,52.1,4.08,initial,loamy,6.77,0
27.61,33.16,78.05,4.79,late,loamy,7.24,0
35.84,18.13,48.99,0,initial,clay,0,0
40.66,22.69,39.08,3.25,late,clay,20.81,0
56.22,19.31,61.36,4.56,development,loamy,14.76,0
47.29,20.6,51.97,4.95,development,sandy,9.63,0
46.82,31.06,70.48,5.21,late,loamy,10.13,0
59.76,31.69,80.08,3.77,mid_season,loamy,17.87,0
52.19,27.62,80.85,7.39,mid_season,sandy,10.75,0
16.15,27.12,71.35,4.26,late,clay,6.73,0
67.23,20.02,79.57,5.74,late,sandy,12.2,0
46.91,23.1,47.98,3.2,late,clay,14.85,0
63.94,29.18,36.56,5.2,late,loamy,7.18,0
55.37,31.79,66.64,4.2,late,sandy,6.07,0
21.64,28.27,50.83,0,development,loamy,0,1
45.53,30.85,53.85,2.91,initial,sandy,1.96,0
65.64,22.49,51.07,0,late,loamy,0,0
72.21,22.62,49.88,4.23,late,loamy,1.5,0
69.76,22.91,46.36,0,development,loamy,0,0
30.08,27.58,63.86,3.97,initial,clay,14.55,0
25.44,28.98,75.13,4.03,development,loamy,2.33,0
53.73,25.79,63.36,1.84,initial,loamy,5.6,0
52.49,23.23,83.76,0,development,sandy,0,1
45.16,24.55,70.1,4.03,late,sandy,14.53,0
54.4,25.5,53.46,5.78,late,clay,2.67,0
44.14,29.01,46.6,4.17,late,loamy,1.89,0
35.66,33.03,48.42,4.41,late,clay,9.02,0
51.27,21.56,72.08,3.84,mid_season,loamy,13.12,0
58.36,20.64,68.53,5.09,mid_season,sandy,12.82,0
70.96,30.43,74.29,0,development,sandy,0,0
76.89,30.87,69.1,3.58,mid_season,clay,0.99,0
26.25,18.49,52.33,4.95,development,sandy,10.72,0
63.08,31.52,36.35,5.49,late,loamy,13.13,0
55.3,32.46,79.46,6.75,late,sandy,21.52,0
26.89,23.3,55.9,5.19,initial,sandy,7.13,0
80.46,32.79,82.09,0,mid_season,loamy,0,0
67.82,21.49,52.47,4.38,development,clay,2.69,0
41.7,26.15,83.39,5.26,initial,clay,4.04,0
35.2,25.63,49.27,4.83,development,sandy,4.04,0
49.15,32.72,59.48,3.52,initial,sandy,1.01,0
71.56,25.75,59.13,4.32,development,clay,4.11,0
34.99,27.95,60.11,4.08,initial,loamy,13.36,0
68.66,27.63,63.22,4.92,initial,sandy,5.82,0
60.35,26.75,43.02,4.8,late,clay,7.35,0
70.98,23.4,44.9,3.67,initial,clay,7.43,0
39.89,33.75,54.31,6.35,development,clay,4.77,0
24.25,36.0,68.16,0,late,clay,0,1
29.35,18.55,41.46,0,late,sandy,0,1
36.14,29.32,57.14,4.57,development,clay,4.88,0
55.23,27.88,37.14,5.6,initial,sandy,9.21,0
93.1,21.27,36.08,3.34,initial,clay,0.13,0
54.24,29.26,59.48,3.56,initial,clay,11.57,0
53.34,33.26,80.11,6.78,late,sandy,11.06,0
65.16,24.91,46.73,3.6,development,sandy,14.46,0
5,18.17,79.03,4.34,initial,loamy,4.31,0
36.93,32.64,44.08,4.04,late,loamy,8.98,0
40.13,19.88,42.72,0,initial,sandy,0,0
76.49,22.16,58.03,4.74,late,sandy,7.05,0
37.66,20.07,83.29,1.63,development,sandy,4.7,0
40.88,24.6,58.97,4.23,mid_season,clay,10.95,0
36.07,27.96,40.54,1.73,late,clay,10.81,0
75.69,19.17,68.12,4.48,mid_season,loamy,18.68,0
33.45,29.66,38.76,6.26,mid_season,loamy,7.14,0
70.74,25.6,72.88,3.27,mid_season,clay,3.54,0
67.68,21.86,82.96,4.14,mid_season,clay,8.62,0
12.54,24.33,57.41,3.18,late,clay,13.12,0
78.94,34.1,56.28,3.84,initial,sandy,2.84,0
43.54,22.03,53.65,3.01,development,loamy,22.78,0
20.27,25.96,64.13,3.98,mid_season,sandy,11.29,0
64.37,20.07,62.77,3.43,development,clay,13.38,0
55.06,23.13,57.97,2.52,mid_season,clay,12.07,0
70.92,22.76,49.49,0,late,sandy,0,0
57.9,31.95,56.95,3.79,development,sandy,6.1,0
46.12,25.36,59.05,5.39,mid_season,loamy,9.01,0
70.13,32.49,54.36,5.03,late,loamy,10.75,0
62.62,23.24,45.75,4.36,initial,sandy,3.94,0
61.53,22.87,54.43,7.03,late,sandy,13.96,0
55.3,26.04,59.6,6.31,development,sandy,8.53,0
79.84,28.77,59.57,2.79,mid_season,clay,12.53,0
35.87,23.54,62.02,2.76,initial,sandy,4.33,0
44.96,31.61,83.62,2.83,initial,sandy,4.13,0
26.36,35.28,47.04,3.44,development,loamy,0.69,0
76.16,27.28,55.63,5.56,mid_season,loamy,16.19,0
92.04,26.6,77.89,1.6,initial,loamy,11.18,0
52.3,35.4,43.25,0,initial,loamy,0,0
27.2,18.94,61.48,4.8,mid_season,clay,11.86,0
60.31,27.91,51.19,4.46,late,loamy,6.76,0
71.83,25.76,75.69,0,initial,loamy,0,0
65.23,22.38,63.23,5.08,development,clay,0.93,0
88.57,19.51,74.41,4.36,initial,loamy,9.14,0
72.54,35.43,77.62,2.92,late,sandy,1.84,0
67.59,25.04,80.98,4.57,development,loamy,2.99,0
83.02,21.85,36.76,2.79,initial,loamy,8.09,0
46.53,18.85,58.47,5.06,development,loamy,4.64,0
35.68,25.69,51.65,3.73,initial,clay,4.86,0
56.92,35.02,35.87,3.22,development,loamy,2.24,0
76.4,34.04,35.07,0,development,clay,0,0
51.58,25.34,76.84,3.71,development,clay,8.52,0
17.59,31.35,69.39,5.57,late,sandy,13.57,0
73.24,21.56,50.72,4.71,mid_season,sandy,4.43,0
51.86,24.58,65.33,2.15,initial,loamy,9.77,0
56.71,21.75,61.14,1.79,initial,loamy,0.58,0
31.75,31.79,49.07,0,development,clay,0,1
60.97,34.74,74.96,4.68,mid_season,loamy,5.61,0
63.78,34.25,38.39,0,initial,sandy,0,0
50.03,22.11,40.83,3.48,development,clay,12.62,0
29.4,30.1,56.4,4.64,late,loamy,9.53,0
61.13,34.71,54.37,1.66,late,clay,6.9,0
45.47,19.31,71.1,6.18,initial,sandy,14.68,0
40.4,21.77,75.09,6.77,mid_season,loamy,15.93,0
49.65,23.59,75.85,0,late,clay,0,0
42.87,34.79,39.49,4.47,development,sandy,2.72,0
33.58,25.14,61.53,2.59,development,clay,6.67,0
95,29.85,59.28,5.61,mid_season,sandy,21.26,0
51.51,26.13,75.93,3.26,late,clay,7.71,0
56.01,20.0,44.12,4.67,mid_season,sandy,7.83,0
55.11,27.94,39.85,4.01,mid_season,sandy,28.35,0
32.78,29.11,42.25,0,development,sandy,0,1
62.26,32.65,63.04,2.69,initial,clay,6.26,0
14.22,27.9,64.33,3.1,initial,clay,0.96,0
60.02,21.5,55.17,2.9,development,sandy,22.94,0
38.45,33.15,38.17,4.94,initial,sandy,11.91,0
56.96,25.97,72.02,0,initial,loamy,0,0
31.71,30.08,57.68,3.35,initial,loamy,10.54,0
49.04,30.14,82.1,2.98,development,clay,10.19,0
62.72,22.92,48.48,5.23,mid_season,sandy,9.53,0
73.15,29.08,72.72,0,development,clay,0,0
38.33,29.6,72.18,4.21,mid_season,clay,20.39,0
41.13,33.8,76.29,5.39,initial,sandy,3.77,0
56.74,25.85,51.02,4.75,development,loamy,24.03,0
63.63,24.63,44.29,3.9,mid_season,loamy,17.08,0
39.29,29.02,42.01,4.43,initial,loamy,5.66,0
35.65,19.43,55.33,3.81,late,clay,7.22,0
36.71,33.63,73.03,5.15,development,sandy,7.57,0
58.56,31.6,64.93,1.82,initial,loamy,4.63,0
58.28,25.22,64.41,4.24,late,clay,2.27,0
71.88,32.18,55.51,0,initial,sandy,0,0
70.8,26.48,43.02,4.27,development,sandy,14.07,0
39.82,20.5,53.87,0,initial,loamy,0,0
44.0,33.32,80.92,0,late,loamy,0,1
40.31,27.43,71.08,4.12,late,loamy,0.75,0
28.7,23.79,73.27,1.18,late,sandy,13.84,0
54.61,29.62,65.57,4.89,mid_season,sandy,10.84,0
64.45,31.05,83.19,4.42,initial,clay,16.54,0
44.59,24.17,49.77,0,development,clay,0,1
59.9,35.97,66.38,4.65,late,clay,11.04,0
31.36,24.18,56.99,5.68,development,clay,14.14,0
31.82,25.41,52.02,4.1,development,loamy,5.58,0
84.17,33.07,50.49,2.01,late,clay,25.25,0
84.77,19.39,77.53,5.63,initial,loamy,1.06,0
68.67,32.55,42.31,4.75,mid_season,loamy,16.43,0
61.57,35.62,73.0,3.66,initial,clay,15.76,0
51.49,32.88,61.1,3.96,initial,clay,10.11,0
42.2,27.52,51.31,3.33,development,sandy,10.21,0
73.73,27.97,69.2,3.0,development,clay,1.31,0
65.65,19.51,73.41,2.81,development,clay,5.58,0
61.35,33.93,54.57,2.23,initial,sandy,4.77,0
52.54,25.63,41.15,3.2,late,clay,13.01,0
64.24,25.06,72.21,3.03,mid_season,loamy,22.6,0
42.16,19.35,52.91,4.07,development,clay,16.17,0
77.89,27.62,57.43,0,mid_season,loamy,0,0
50.62,30.47,66.72,0,development,loamy,0,1
45.99,25.6,80.39,4.92,mid_season,clay,4.43,0
36.61,21.83,73.78,4.2,development,loamy,7.62,0
43.12,31.46,60.32,2.71,mid_season,clay,15.46,0
54.23,21.76,73.0,4.39,development,loamy,17.53,0
55.4,22.02,56.71,5.52,late,loamy,6.27,0
35.76,26.34,55.22,3.42,late,loamy,10.37,0
45.88,30.83,43.95,3.43,initial,loamy,0.13,0
46.22,23.74,41.21,2.85,initial,clay,2.2,0
29.7,33.94,35.38,3.64,development,loamy,13.43,0
36.82,23.83,50.78,5.55,late,clay,4.86,0
44.22,22.14,59.71,5.49,late,clay,13.21,0
71.36,32.6,65.46,3.18,mid_season,sandy,23.17,0
56.23,23.72,70.82,5.27,development,sandy,6.57,0
28.49,31.51,81.58,1.5,late,loamy,14.97,0
95,30.38,46.35,0,initial,sandy,0,0
57.87,31.22,69.97,2.97,late,sandy,0.94,0
82.14,18.75,81.21,4.93,development,sandy,0.21,0
62.26,19.58,70.63,0,initial,loamy,0,0
53.26,19.97,74.78,2.23,mid_season,loamy,21.04,0
12.18,32.53,51.42,6.16,initial,clay,22.89,0
55.14,20.56,82.27,4.34,late,clay,5.81,0
42.73,31.21,35.03,2.02,development,clay,11.18,0
57.53,32.69,82.08,6.01,initial,clay,5.65,0
41.15,20.63,62.93,3.22,development,sandy,9.74,0
55.72,33.1,68.61,0,initial,sandy,0,0
55.36,19.08,74.31,4.13,late,clay,19.74,0
55.55,31.94,50.07,0,initial,sandy,0,0
31.43,34.04,39.55,0,initial,clay,0,1
29.33,21.68,51.99,3.31,mid_season,loamy,14.26,0
45.63,32.41,38.09,4.9,mid_season,clay,14.43,0
76.13,34.04,63.8,5.41,initial,clay,9.6,0
49.28,19.65,48.94,0,mid_season,sandy,0,1
47.59,25.03,68.76,0,initial,sandy,0,0
33.28,20.94,41.15,5.34,development,clay,12.12,0
59.83,33.75,64.97,5.99,initial,sandy,6.1,0
16.17,33.32,44.96,3.73,development,sandy,10.49,0
66.74,19.22,75.93,4.88,late,clay,9.88,0
35.73,35.23,58.17,3.58,mid_season,loamy,6.42,0
39.39,27.14,75.96,3.38,mid_season,clay,16.76,0
54.64,23.07,48.21,3.71,mid_season,clay,25.56,0
48.71,31.13,73.8,3.6,initial,sandy,15.51,0
39.88,19.24,55.61,4.58,mid_season,clay,13.89,0
65.44,19.2,36.73,4.38,late,loamy,4.19,0
27.04,18.94,47.37,0,development,loamy,0,1
59.25,19.08,52.94,5.76,development,clay,8.72,0
20.5,23.87,83.24,0,initial,sandy,0,0
17.0,22.4,48.79,4.32,development,loamy,23.89,0
52.5,27.7,35.64,3.31,initial,sandy,8.99,0
89.1,25.91,46.05,3.57,late,clay,7.0,0
45.27,28.56,67.76,0,initial,sandy,0,0
35.96,32.19,71.75,4.55,development,sandy,3.35,0
95,27.68,40.09,4.12,initial,sandy,3.2,0
65.41,34.4,38.26,5.25,late,loamy,9.75,0
75.83,21.41,45.69,4.08,mid_season,sandy,13.22,0
69.2,27.87,35.12,4.6,late,loamy,14.5,0
46.68,30.61,64.55,0,development,sandy,0,1
90.96,22.09,43.6,3.15,late,loamy,2.54,0
36.17,24.69,77.91,4.55,initial,sandy,1.78,0
78.35,19.79,60.07,3.73,mid_season,loamy,10.24,0
66.05,18.73,42.38,0,initial,clay,0,0
47.44,24.92,43.22,0,late,sandy,0,1
43.41,24.24,72.2,4.04,late,loamy,11.3,0
63.36,25.67,58.21,3.52,initial,sandy,11.01,0
70.5,22.17,58.26,3.32,mid_season,clay,8.02,0
59.2,20.31,72.59,3.94,late,loamy,5.47,0
64.26,24.15,78.49,4.98,late,loamy,6.38,0
61.96,20.78,69.39,3.43,late,clay,16.51,0
53.07,23.71,39.04,5.99,mid_season,sandy,12.78,0
51.04,33.14,63.21,0,development,clay,0,0
58.89,34.88,67.54,0,initial,sandy,0,0
57.69,35.72,48.01,3.91,initial,sandy,4.83,0
37.11,25.22,63.88,5.61,initial,clay,9.82,0
58.11,19.25,63.33,3.69,initial,sandy,1.09,0
62.4,24.88,42.8,0,mid_season,sandy,0,0
59.24,29.35,40.87,5.4,development,clay,7.99,0
59.7,35.57,45.33,4.98,development,loamy,19.14,0
66.98,28.94,59.39,0,development,sandy,0,0
18.42,23.08,81.91,5.11,mid_season,clay,11.14,0
30.87,25.01,43.67,4.87,mid_season,sandy,13.58,0
86.08,27.46,67.68,0,development,clay,0,0
34.24,25.41,49.34,3.87,mid_season,sandy,17.7,0
38.6,34.34,71.09,4.52,development,loamy,4.98,0
44.27,29.46,65.72,3.14,initial,sandy,3.39,0
76.1,25.9,54.59,4.06,development,loamy,7.3,0
70.11,20.3,47.66,0,initial,sandy,0,0
80.3,31.02,61.79,3.84,initial,loamy,10.96,0
65.29,26.74,71.37,4.2,initial,sandy,6.43,0
51.09,34.83,72.18,2.11,mid_season,clay,12.08,0
81.49,30.56,52.68,3.18,development,loamy,10.22,0
60.94,21.34,69.41,5.76,late,sandy,8.58,0
74.94,20.7,40.16,0,initial,loamy,0,0
63.98,32.46,44.76,5.22,development,loamy,7.33,0
85.09,33.63,51.65,4.38,development,loamy,1.21,0
41.66,19.87,41.35,0,late,loamy,0,1
48.51,19.47,63.5,2.8,late,clay,1.2,0
63.63,31.02,36.54,0,initial,sandy,0,0
47.81,32.83,52.95,3.98,late,loamy,16.76,0
57.56,22.49,65.38,1.72,initial,loamy,4.5,0
81.53,29.7,78.14,2.55,development,clay,4.86,0
26.79,33.55,77.92,5.77,late,loamy,0.79,0
54.02,25.04,55.75,5.55,mid_season,clay,18.65,0
64.33,26.58,57.47,3.56,mid_season,sandy,5.53,0
74.51,23.87,62.48,0,initial,loamy,0,0
30.99,23.29,59.34,4.49,late,loamy,5.36,0
41.89,26.05,82.04,2.83,late,clay,16.09,0
60.27,32.03,84.2,4.32,initial,clay,18.25,0
54.54,28.6,55.08,4.17,late,loamy,5.01,0
57.72,23.13,36.84,4.03,mid_season,clay,14.39,0
53.23,18.56,37.37,0,development,clay,0,0
52.73,34.17,46.5,3.76,development,sandy,13.83,0
69.19,31.82,61.7,2.74,initial,sandy,1.77,0
37.24,19.01,51.71,3.79,development,loamy,8.53,0
41.24,33.95,79.09,2.29,mid_season,loamy,7.56,0
61.87,24.15,39.65,5.78,late,loamy,0.53,0
49.32,19.59,78.34,0,development,sandy,0,1
40.36,18.61,80.0,5.27,initial,clay,6.96,0
67.81,23.08,56.82,0,late,loamy,0,0
69.97,28.1,59.78,3.55,development,loamy,0.63,0
66.9,18.66,52.36,0,development,clay,0,0
36.96,22.01,35.02,5.06,development,loamy,6.29,0
71.7,25.54,80.38,5.0,development,clay,4.71,0
91.52,20.42,84.32,0,development,sandy,0,0
73.74,24.74,43.21,4.41,development,clay,17.17,0
63.28,22.44,56.59,2.79,late,clay,3.05,0
83.14,18.24,72.91,4.98,mid_season,sandy,18.65,0
87.82,28.83,44.18,5.54,late,clay,16.56,0
37.76,24.57,57.55,3.92,initial,loamy,6.63,0
58.29,22.37,60.01,0,initial,sandy,0,0
38.15,26.32,53.15,3.87,mid_season,sandy,8.52,0
79.47,28.19,78.31,5.01,late,loamy,17.12,0
68.2,28.49,37.77,2.6,development,loamy,5.63,0
59.94,35.2,63.85,2.87,mid_season,sandy,13.07,0
49.68,31.65,83.7,3.91,late,clay,6.47,0
65.29,32.98,75.46,0,initial,clay,0,0
76.23,22.71,42.08,4.6,development,clay,3.29,0
58.71,31.08,81.67,0,mid_season,sandy,0,1
39.29,23.99,60.98,0,late,loamy,0,1
49.22,22.49,55.63,4.08,development,loamy,6.29,0
47.87,24.33,72.37,3.04,development,loamy,4.3,0
51.92,34.63,51.59,3.82,development,clay,12.01,0
76.47,32.53,39.78,5.15,initial,sandy,4.32,0
75.5,35.99,70.15,0,development,sandy,0,0
58.44,30.65,50.92,2.26,mid_season,sandy,11.44,0
43.74,31.22,64.94,0,initial,clay,0,0
34.55,28.03,84.4,5.95,late,loamy,13.5,0
19.78,32.32,84.28,0,development,sandy,0,1
48.58,35.45,70.85,2.91,late,loamy,9.57,0
64.76,31.35,56.85,1.98,mid_season,clay,13.75,0
69.12,24.43,60.56,3.95,initial,sandy,10.5,0
52.49,30.48,46.59,5.22,mid_season,sandy,8.73,0
41.43,29.82,37.96,4.0,mid_season,sandy,16.41,0
44.82,23.07,37.86,0,initial,loamy,0,0
68.12,32.6,79.33,3.52,initial,sandy,16.66,0
76.11,29.36,55.56,4.5,late,loamy,8.76,0
47.48,27.6,83.08,3.03,mid_season,clay,13.57,0
69.23,18.99,78.28,5.58,mid_season,loamy,2.57,0
40.62,27.81,42.6,2.58,initial,sandy,1.7,0
45.21,18.36,48.54,6.82,initial,loamy,1.12,0
55.01,21.52,66.74,4.53,mid_season,sandy,7.16,0
50.12,23.22,52.03,2.64,mid_season,clay,15.51,0
95,20.79,38.76,3.11,late,clay,14.45,0
55.86,23.89,47.81,5.18,late,clay,9.15,0
67.83,19.51,80.8,0,development,loamy,0,0
42.68,34.15,83.89,0,late,sandy,0,1
36.28,21.85,77.38,2.93,late,loamy,3.12,0
56.49,23.64,81.79,3.41,late,sandy,9.75,0
60.72,25.7,71.06,3.8,late,loamy,7.24,0
95,35.85,70.78,2.75,mid_season,clay,15.2,0
41.92,35.29,50.77,0,initial,clay,0,0
58.12,20.54,54.98,4.15,initial,clay,2.99,0
36.12,29.81,51.3,2.17,initial,loamy,5.58,0
82.02,29.91,54.43,4.09,development,clay,9.04,0
74.16,34.23,46.26,5.0,mid_season,clay,19.42,0
61.97,30.65,39.49,4.24,development,loamy,3.84,0
62.69,31.58,82.88,4.83,development,clay,16.3,0
68.56,35.26,53.24,5.5,mid_season,clay,17.59,0
82.64,18.51,43.48,5.05,late,clay,15.44,0
44.24,33.47,40.95,3.98,mid_season,clay,11.67,0
63.26,28.6,82.37,3.96,development,loamy,4.43,0
34.1,33.26,52.94,0,mid_season,sandy,0,1
38.69,30.53,54.72,3.63,late,loamy,2.48,0
42.83,30.84,51.61,1.77,development,clay,12.88,0
49.98,27.39,56.47,3.35,late,loamy,16.66,0
71.81,26.18,66.68,5.51,development,sandy,18.56,0
56.42,18.24,64.64,4.83,development,clay,2.05,0
39.69,19.99,57.05,2.65,late,clay,14.42,0
78.37,19.46,82.55,5.28,late,loamy,13.95,0
63.38,24.6,39.49,3.78,development,loamy,18.53,0
61.2,20.23,71.88,3.89,mid_season,sandy,3.84,0
65.65,20.01,52.31,2.64,development,sandy,3.38,0
72.2,21.31,73.2,5.66,initial,clay,8.48,0
62.85,28.02,49.42,4.31,initial,clay,8.61,0
58.46,33.67,35.01,4.34,development,sandy,3.38,0
17.42,23.87,38.87,3.95,initial,clay,10.68,0
36.47,20.38,42.22,5.3,late,clay,4.54,0
39.8,28.95,62.45,3.18,late,sandy,3.01,0
39.83,25.06,36.93,5.87,late,clay,3.74,0
50.7,21.63,49.04,4.65,development,clay,8.36,0
68.56,21.37,80.76,4.86,development,loamy,4.0,0
45.25,32.09,67.93,3.36,late,sandy,14.84,0
62.19,28.74,70.36,3.65,mid_season,clay,21.33,0
39.27,27.12,76.52,3.62,initial,loamy,8.44,0
57.46,28.21,72.49,4.92,development,clay,2.96,0
34.81,25.55,72.38,3.15,late,sandy,16.13,0
34.56,33.38,67.37,5.51,mid_season,sandy,8.69,0
63.17,32.18,51.05,1.1,development,clay,9.35,0
56.04,30.95,45.24,0,late,clay,0,0
71.43,35.82,79.64,3.62,mid_season,clay,0.48,0
37.15,34.49,48.55,2.99,mid_season,sandy,13.46,0
66.78,35.12,70.26,4.4,late,loamy,14.61,0
58.11,30.35,75.62,0,initial,sandy,0,0
61.58,29.0,74.63,3.53,mid_season,sandy,8.2,0
55.6,31.8,62.75,0,mid_season,sandy,0,1
78.95,23.98,79.8,4.54,initial,clay,10.3,0
71.66,34.94,57.83,3.87,mid_season,sandy,18.24,0
69.73,22.11,46.64,2.15,development,clay,9.51,0
82.64,19.88,41.43,3.87,mid_season,sandy,1.53,0
45.83,24.8,75.47,4.22,initial,clay,7.8,0
43.2,34.24,43.61,0,development,sandy,0,1
45.05,21.0,42.32,3.24,late,clay,25.83,0
85.87,24.82,35.27,3.71,development,sandy,17.96,0
50.65,20.87,75.11,3.11,initial,clay,10.16,0
43.36,29.9,59.76,0,development,loamy,0,1
69.05,25.71,40.73,3.17,initial,clay,1.74,0
34.82,18.38,45.76,0,late,sandy,0,1
8.39,30.86,56.32,0,initial,loamy,0,0
37.1,20.97,61.48,3.03,late,sandy,1.06,0
78.85,21.28,80.13,3.87,late,clay,14.08,0
48.55,26.81,62.7,4.77,late,sandy,4.92,0
48.15,33.49,38.1,3.55,development,loamy,0.22,0
35.06,19.87,79.94,5.79,mid_season,loamy,5.33,0
55.39,21.7,81.41,4.32,initial,clay,13.13,0
83.89,18.53,67.66,6.09,mid_season,sandy,3.14,0
30.82,35.37,37.43,5.76,development,loamy,4.03,0
55.52,24.91,49.03,2.41,initial,loamy,7.68,0
67.06,24.86,45.09,2.85,development,loamy,9.32,0
75.75,21.81,84.53,5.34,late,sandy,1.03,0
61.27,33.34,47.71,3.7,mid_season,sandy,12.77,0
33.2,22.47,41.84,5.11,mid_season,sandy,13.34,0
71.29,29.16,78.16,4.2,development,loamy,4.43,0
43.1,19.33,42.52,3.75,mid_season,clay,10.27,0
71.13,35.13,83.35,5.21,development,loamy,8.98,0
78.54,34.21,83.17,3.09,late,loamy,11.61,0
33.79,22.7,57.46,0,initial,loamy,0,0
53.11,24.5,52.08,3.83,late,loamy,6.89,0
37.09,23.9,80.22,5.69,development,clay,7.49,0
68.8,32.84,73.28,5.85,late,clay,6.89,0
34.56,23.78,80.82,3.75,development,loamy,0.93,0
48.01,23.57,69.42,2.05,mid_season,clay,19.67,0
22.58,18.96,74.96,1.99,development,loamy,5.61,0
62.43,29.25,78.09,4.95,mid_season,loamy,7.73,0
51.73,21.4,82.36,3.57,development,sandy,8.04,0
56.31,23.49,68.17,4.65,initial,loamy,0.73,0
64.24,20.98,46.28,2.06,development,sandy,9.91,0
68.7,27.85,75.34,2.7,mid_season,loamy,7.24,0
29.11,19.29,69.14,3.35,late,sandy,5.68,0
66.61,21.34,83.14,3.52,development,clay,4.78,0
66.28,20.37,39.7,4.05,late,clay,8.28,0
66.68,32.99,38.68,1.96,mid_season,clay,16.31,0
44.23,25.8,39.6,3.88,late,sandy,5.37,0
95,27.72,47.7,3.93,mid_season,clay,18.65,0
83.98,22.21,48.36,4.78,mid_season,loamy,14.32,0
67.28,34.53,72.0,3.6,mid_season,clay,15.97,0
51.86,23.84,83.25,3.49,late,loamy,3.68,0
51.14,22.16,61.32,4.87,mid_season,loamy,13.17,0
68.74,19.63,40.2,0,initial,loamy,0,0
5,23.8,67.64,4.23,development,sandy,4.7,0
72.58,31.68,51.23,4.34,mid_season,sandy,16.35,0
63.3,29.93,59.01,4.13,development,sandy,9.84,0
25.08,28.1,69.65,3.03,late,loamy,7.21,0
77.1,19.53,75.35,3.03,late,clay,12.58,0
33.96,21.59,45.62,3.94,late,sandy,13.82,0
34.92,18.56,81.5,3.82,late,loamy,11.16,0
90.51,25.42,83.53,4.27,mid_season,clay,13.34,0
32.03,25.88,79.33,1.66,development,loamy,9.53,0
30.33,34.89,65.95,0,initial,loamy,0,0
95,30.94,65.51,0,late,loamy,0,0
40.31,20.54,69.96,1.72,initial,sandy,9.87,0
34.28,29.92,39.26,0,initial,loamy,0,0
61.69,28.72,83.1,4.09,late,clay,15.28,0
43.86,33.47,52.51,0,late,sandy,0,1
80.49,24.96,74.77,3.66,development,clay,10.26,0
45.02,34.99,46.11,4.5,initial,sandy,24.09,0
34.52,23.44,52.66,5.39,late,clay,7.56,0
29.05,29.09,64.73,4.4,late,clay,12.24,0
80.98,22.35,56.4,3.56,development,clay,13.3,0
52.63,23.47,69.83,3.65,late,loamy,1.7,0
42.06,29.86,44.65,4.32,mid_season,clay,16.4,0
26.48,23.79,52.71,5.46,development,clay,13.38,0
47.07,29.24,59.37,3.36,mid_season,loamy,16.76,0
38.33,28.57,82.7,0,initial,sandy,0,0
69.53,28.5,45.92,3.99,mid_season,sandy,3.38,0
52.99,26.57,76.93,4.82,mid_season,sandy,16.49,0
53.42,35.13,82.45,3.69,development,clay,6.76,0
60.14,32.74,36.27,4.33,initial,sandy,9.08,0
50.52,28.31,83.36,5.01,mid_season,loamy,11.92,0
15.41,25.43,68.05,4.0,mid_season,loamy,8.87,0
53.92,20.77,75.35,0,mid_season,sandy,0,1
44.69,24.05,71.58,5.46,mid_season,sandy,12.79,0
49.75,27.69,70.79,3.36,late,clay,0.91,0
36.67,20.49,58.82,2.69,mid_season,loamy,6.14,0
64.15,28.81,75.9,0,development,clay,0,0
55.55,21.27,52.29,4.96,initial,clay,10.99,0
64.46,18.94,39.1,0,late,clay,0,0
38.75,31.15,58.74,3.51,initial,clay,5.05,0
75.9,24.67,65.95,3.34,late,clay,11.71,0
45.81,24.48,61.2,4.21,mid_season,loamy,15.24,0
84.88,29.16,54.94,0,initial,loamy,0,0
48.92,25.98,77.96,4.61,initial,loamy,7.64,0
57.76,34.82,38.57,0,late,sandy,0,1
52.48,23.47,72.54,0,initial,sandy,0,0
20.75,24.72,73.11,3.04,late,clay,8.19,0
38.37,34.36,62.44,4.44,mid_season,clay,19.57,0
31.4,32.06,50.88,0,late,loamy,0,1
50.53,20.24,40.57,5.63,mid_season,sandy,4.71,0
61.21,24.24,48.49,3.63,late,loamy,17.32,0
49.61,31.57,56.09,0,development,loamy,0,1
35.2,20.45,74.95,4.0,mid_season,loamy,13.63,0
87.06,24.68,80.63,5.85,development,sandy,12.84,0
57.26,24.94,62.76,0,development,loamy,0,0
43.07,26.15,43.59,3.61,development,loamy,4.99,0
65.93,33.97,49.95,2.75,late,loamy,7.49,0
87.74,27.04,78.56,4.58,mid_season,sandy,19.2,0
39.57,35.18,57.64,4.47,late,clay,19.5,0
75.88,34.73,66.23,4.0,development,loamy,14.2,0
37.04,20.26,79.9,4.47,mid_season,loamy,14.12,0
59.83,29.91,40.63,1.3,late,loamy,12.35,0
81.9,35.63,43.59,0,mid_season,sandy,0,0
55.25,23.22,55.15,3.88,development,loamy,11.26,0
53.23,21.9,73.95,3.04,late,clay,12.07,0
75.38,27.44,58.84,0,late,loamy,0,0
33.85,35.75,37.47,4.99,mid_season,clay,1.83,0
59.37,30.69,55.55,0,development,sandy,0,1
72.84,26.72,47.89,5.53,initial,clay,7.39,0
67.39,19.04,82.58,2.93,development,loamy,15.23,0
60.52,31.83,42.26,4.5,mid_season,loamy,9.0,0
29.4,35.73,47.86,3.3,mid_season,clay,20.8,0
58.14,29.07,35.72,4.99,development,loamy,11.5,0
69.49,33.42,45.5,2.46,development,loamy,10.04,0
65.91,33.37,68.91,2.58,initial,sandy,7.47,0
58.02,34.05,45.78,3.56,mid_season,sandy,14.42,0
71.4,25.0,41.96,5.54,initial,clay,7.31,0
53.47,29.61,62.31,4.93,mid_season,sandy,18.47,0
54.22,19.23,47.45,2.97,mid_season,loamy,11.15,0
60.15,20.92,55.58,2.49,mid_season,loamy,17.18,0
56.14,34.39,39.76,0,late,loamy,0,0
58.55,29.65,75.63,3.13,initial,clay,2.08,0
52.38,26.1,66.22,4.98,development,sandy,12.28,0
39.06,33.79,42.3,4.12,mid_season,loamy,11.42,0
32.32,34.69,82.1,2.99,mid_season,sandy,3.21,0
45.58,31.71,62.66,6.1,development,clay,8.85,0
72.95,20.88,60.8,3.79,development,sandy,10.36,0
39.04,25.18,62.01,5.05,initial,sandy,4.89,0
78.01,29.29,40.7,4.05,mid_season,loamy,4.19,0
85.95,33.09,65.09,2.44,late,clay,13.73,0
68.29,32.29,74.91,3.9,mid_season,loamy,11.99,0
58.64,34.07,63.0,0,development,sandy,0,1
83.17,35.42,66.58,4.58,initial,clay,10.88,0
36.96,34.21,66.1,2.3,development,loamy,21.07,0
22.87,26.7,59.2,4.44,initial,clay,2.69,0
35.6,27.78,83.14,0,initial,clay,0,0
31.74,23.91,57.1,3.62,mid_season,clay,21.42,0
75.22,21.19,62.88,5.44,development,sandy,10.88,0
39.16,24.79,59.4,5.33,late,loamy,11.17,0
45.09,25.63,69.35,4.22,late,clay,17.95,0
41.71,25.49,46.16,5.21,development,sandy,6.4,0
63.36,35.9,65.34,0,initial,clay,0,0
40.7,28.3,80.28,5.07,development,sandy,0.32,0
49.39,30.09,78.43,4.49,mid_season,sandy,9.75,0
71.74,23.89,76.8,3.85,development,sandy,10.36,0
37.6,18.65,59.11,0,development,clay,0,1
10.66,21.0,64.67,3.68,late,loamy,10.13,0
62.87,23.08,81.66,0,late,sandy,0,0
56.2,21.98,36.3,4.35,late,sandy,11.03,0
64.43,32.98,49.82,3.93,mid_season,clay,20.11,0
57.14,21.79,60.16,4.9,mid_season,loamy,3.43,0
58.45,27.08,68.11,4.31,late,loamy,4.25,0
57.06,23.62,59.38,0,initial,clay,0,0
41.72,29.44,75.23,4.72,development,loamy,3.1,0
60.62,24.19,72.82,4.16,initial,loamy,4.52,0
48.86,32.16,37.22,4.04,mid_season,clay,10.52,0
35.32,21.51,46.1,3.05,mid_season,sandy,20.27,0
55.54,33.24,71.11,2.17,mid_season,clay,6.27,0
16.44,21.03,45.71,3.29,initial,loamy,0.7,0
57.0,30.96,51.24,4.04,late,loamy,22.07,0
63.36,24.86,49.5,2.69,late,sandy,6.26,0
29.34,27.17,78.48,4.11,initial,loamy,8.06,0
67.69,19.71,41.69,6.66,initial,loamy,0.63,0
54.76,30.44,47.72,0,mid_season,sandy,0,1
18.98,25.41,79.77,4.78,development,clay,13.38,0
70.43,21.09,36.81,3.16,mid_season,clay,10.33,0
60.35,18.58,44.4,3.28,mid_season,loamy,36.5,0
59.68,34.3,38.9,4.01,late,loamy,18.49,0
46.96,18.27,72.19,3.29,late,loamy,5.07,0
60.0,34.61,36.71,4.06,late,loamy,7.88,0
58.39,27.04,64.06,0,late,loamy,0,0
57.51,23.25,63.33,6.22,mid_season,clay,7.14,0
85.33,30.15,54.51,3.41,late,loamy,4.52,0
30.8,25.5,62.21,5.07,initial,sandy,5.11,0
70.12,19.39,39.34,3.38,development,clay,9.24,0
71.58,28.66,71.8,4.94,initial,sandy,2.97,0
62.63,31.3,53.23,5.33,initial,loamy,7.76,0
68.56,33.3,41.73,5.6,initial,loamy,3.6,0
44.52,35.51,47.64,6.06,mid_season,loamy,12.0,0
70.08,27.6,67.1,4.49,development,clay,16.78,0
74.09,34.03,61.69,0,initial,clay,0,0
72.73,20.3,83.56,0,late,loamy,0,0
57.15,35.96,47.21,0,development,clay,0,0
71.26,30.8,63.07,4.79,initial,loamy,15.8,0
51.58,20.83,61.97,5.14,mid_season,loamy,7.75,0
82.03,28.2,74.8,3.05,late,loamy,12.36,0
34.44,24.5,58.48,5.71,mid_season,clay,12.15,0
33.08,18.57,82.16,6.46,development,loamy,4.16,0
27.59,25.52,35.49,7.1,development,loamy,12.29,0
32.03,24.78,53.21,0,development,loamy,0,1
75.21,23.7,39.82,4.14,development,loamy,13.59,0
80.22,26.2,36.47,3.43,late,loamy,6.93,0
57.02,18.78,44.67,4.35,late,loamy,8.07,0
27.77,24.27,57.56,0,development,sandy,0,1
80.31,28.08,56.63,0,late,sandy,0,0
54.58,23.19,73.01,5.97,mid_season,sandy,2.94,0
95,31.14,35.4,1.35,late,sandy,11.25,0
44.06,24.22,44.28,3.68,development,loamy,9.14,0
34.97,23.56,66.9,4.22,development,loamy,12.22,0
19.46,21.1,51.4,4.67,initial,sandy,8.98,0
89.82,25.07,43.99,3.38,development,sandy,16.13,0
65.57,20.95,39.76,5.79,development,clay,4.89,0
33.71,34.51,45.35,0,mid_season,clay,0,1
64.36,22.5,56.69,4.39,mid_season,sandy,2.89,0
55.24,35.41,52.58,0,development,loamy,0,0
49.8,34.46,73.04,3.2,development,clay,2.86,0
59.16,34.18,48.45,4.79,development,loamy,11.3,0
41.32,23.22,36.49,3.35,development,loamy,13.6,0
41.33,23.7,65.19,4.74,initial,clay,11.6,0
60.52,18.76,52.73,4.5,initial,sandy,9.56,0
71.19,23.76,68.44,4.92,mid_season,clay,17.4,0
57.87,19.17,62.7,1.33,late,sandy,20.27,0
69.81,24.99,71.16,2.43,initial,clay,1.33,0
63.86,27.41,72.92,4.87,initial,clay,4.48,0
40.0,31.31,75.53,2.83,development,loamy,10.12,0
57.75,31.04,66.21,0,initial,loamy,0,0
45.74,26.19,83.36,3.91,late,sandy,12.9,0
64.82,31.71,44.59,0,initial,clay,0,0
91.9,26.58,76.38,4.02,mid_season,loamy,16.01,0
41.65,32.81,39.86,5.02,development,sandy,25.0,0
26.05,20.47,42.19,3.29,initial,loamy,12.31,0
56.31,21.03,53.18,3.32,late,clay,6.57,0
51.81,29.57,56.08,0,late,loamy,0,1
61.46,31.3,38.12,3.16,mid_season,sandy,13.16,0
58.77,27.95,59.99,4.09,mid_season,clay,5.39,0
57.44,24.62,42.42,3.19,mid_season,loamy,3.81,0
71.85,18.55,62.87,2.18,late,sandy,16.51,0
34.13,33.48,58.67,5.01,initial,sandy,3.28,0
62.26,35.29,38.9,3.49,mid_season,loamy,8.31,0
63.5,30.36,53.68,0,development,sandy,0,0
81.99,32.3,81.3,0,initial,sandy,0,0
50.73,20.94,54.52,2.38,development,sandy,15.64,0
30.31,22.71,54.76,6.3,mid_season,sandy,11.89,0
44.46,26.92,81.19,3.95,development,clay,7.23,0
89.74,20.79,65.49,3.45,development,loamy,20.74,0
84.54,24.99,52.27,4.13,development,sandy,9.03,0
93.52,34.83,41.36,3.34,development,loamy,6.16,0
58.43,25.39,57.23,0,initial,sandy,0,0
32.41,18.42,66.7,3.84,late,clay,14.01,0
44.46,35.2,39.07,2.5,late,sandy,16.13,0
55.6,28.99,64.75,0,late,loamy,0,0
63.12,35.77,55.32,3.53,late,sandy,8.37,0
47.99,34.28,70.13,3.26,mid_season,sandy,10.9,0
21.45,29.34,74.61,3.39,development,loamy,10.33,0
44.99,20.9,78.48,4.96,initial,loamy,2.86,0
22.1,31.71,55.51,3.8,mid_season,loamy,12.45,0
31.94,30.24,65.39,2.0,development,clay,9.86,0
75.64,28.63,68.21,5.01,development,clay,12.45,0
67.62,23.7,57.92,2.03,initial,sandy,3.18,0
76.4,28.79,57.89,2.59,mid_season,clay,2.56,0
52.09,29.35,84.08,0,initial,sandy,0,0
52.21,25.03,56.71,5.23,late,clay,9.81,0
15.64,32.55,71.21,5.34,initial,loamy,1.5,0
31.86,30.23,56.78,5.27,mid_season,loamy,13.07,0
53.65,21.45,67.03,2.65,initial,clay,5.96,0
50.28,26.71,66.27,4.32,initial,loamy,8.17,0
27.74,24.79,66.87,0,development,sandy,0,1
72.47,32.53,82.83,4.57,initial,clay,0.95,0
65.96,20.74,44.35,4.41,development,loamy,9.89,0
23.51,32.67,43.39,3.34,development,clay,10.99,0
48.13,21.1,84.58,5.8,development,loamy,7.13,0
45.78,34.72,47.4,0,initial,clay,0,0
49.24,26.43,68.93,5.26,mid_season,sandy,11.63,0
77.94,18.85,43.96,5.89,development,loamy,6.89,0
46.65,26.33,45.94,5.5,initial,clay,0.48,0
58.86,26.74,40.04,3.06,development,clay,12.51,0
62.99,35.97,72.71,3.99,mid_season,clay,16.97,0
56.03,19.28,51.71,3.5,mid_season,loamy,12.67,0
68.77,19.09,75.82,5.68,development,clay,8.25,0
56.04,24.39,69.92,3.74,mid_season,clay,12.42,0
80.34,20.63,65.94,3.86,mid_season,sandy,4.99,0
55.14,24.42,57.35,3.6,mid_season,sandy,7.24,0
34.8,19.7,81.51,4.84,initial,clay,11.86,0
72.95,29.95,39.13,0,development,clay,0,0
60.54,25.22,68.13,4.24,mid_season,sandy,7.41,0
41.93,22.09,52.59,5.11,development,sandy,9.39,0
64.41,18.88,67.08,3.28,late,clay,10.29,0
31.02,21.55,58.34,3.87,late,loamy,0.81,0
58.66,26.06,64.07,5.21,late,clay,12.78,0
50.82,18.75,66.09,2.26,mid_season,loamy,9.46,0
46.13,35.85,55.81,5.67,mid_season,sandy,2.31,0
37.71,34.98,79.82,3.03,initial,clay,12.88,0
38.93,27.58,70.82,4.11,development,sandy,4.35,0
32.84,26.85,53.45,3.43,mid_season,sandy,7.88,0
62.27,24.75,48.59,4.06,initial,sandy,4.23,0
27.45,22.0,46.28,4.71,late,clay,14.83,0
66.64,28.25,64.41,5.17,development,sandy,7.2,0
62.74,27.86,54.2,5.05,initial,loamy,7.34,0
59.15,27.62,79.17,4.56,initial,loamy,4.46,0
78.01,27.28,63.35,5.36,late,clay,3.59,0
23.0,33.47,56.45,0.54,mid_season,sandy,10.46,0
52.04,31.43,74.82,4.21,mid_season,loamy,24.36,0
59.5,31.91,71.39,0,late,sandy,0,1
86.03,30.78,40.34,3.21,late,loamy,5.15,0
71.59,18.77,68.8,0,late,clay,0,0
39.12,19.73,52.77,4.48,mid_season,sandy,15.32,0
47.28,19.32,67.77,4.62,initial,loamy,2.2,0
47.11,34.46,47.14,3.86,late,clay,8.98,0
47.08,32.84,51.08,4.75,late,clay,9.12,0
55.01,34.75,42.17,0,initial,sandy,0,1
60.27,32.16,51.03,5.23,initial,loamy,16.78,0
61.37,22.13,68.17,2.88,development,loamy,11.13,0
36.89,27.0,48.2,3.47,mid_season,clay,11.07,0
31.28,30.45,68.01,4.05,development,loamy,0.42,0
62.47,23.73,62.82,3.25,development,clay,17.01,0
51.94,32.82,67.42,3.46,development,loamy,11.53,0
45.17,24.97,75.58,3.86,late,loamy,10.44,0
47.08,24.55,53.8,3.54,mid_season,clay,13.32,0
63.68,22.55,79.45,0,late,sandy,0,0
37.67,21.25,39.68,0,initial,loamy,0,0
88.25,28.4,83.7,4.89,late,sandy,6.41,0
71.97,19.78,35.27,3.24,development,loamy,14.08,0
55.99,22.5,62.96,4.46,late,sandy,6.45,0
53.03,19.97,77.39,0,initial,sandy,0,0
43.17,31.25,52.22,5.53,mid_season,clay,1.69,0
67.51,27.4,79.78,3.98,late,clay,9.09,0
45.88,19.62,50.64,0,mid_season,loamy,0,1
59.0,28.53,60.11,2.64,mid_season,clay,8.65,0
65.8,22.08,67.78,6.79,development,loamy,13.82,0
40.34,19.18,39.11,0,late,sandy,0,1
68.16,20.93,80.22,4.3,development,sandy,20.82,0
65.85,32.15,59.85,4.79,mid_season,clay,16.07,0
38.48,21.69,60.05,3.02,mid_season,clay,1.65,0
39.0,19.01,63.99,3.79,mid_season,clay,8.91,0
74.39,28.73,75.38,3.9,development,sandy,7.25,0
58.64,34.65,44.29,4.25,mid_season,clay,7.7,0
47.56,29.46,76.98,3.7,mid_season,sandy,6.14,0
48.61,26.16,70.89,3.08,late,loamy,15.02,0
51.02,28.05,39.22,3.34,initial,clay,0.53,0
61.36,30.74,46.57,0,mid_season,loamy,0,0
43.12,29.46,79.7,2.3,mid_season,clay,7.77,0
32.91,29.88,37.0,0,initial,loamy,0,0
63.3,33.28,84.07,4.86,development,loamy,7.51,0
58.95,22.21,70.13,3.27,mid_season,loamy,14.06,0
53.61,25.62,65.14,4.16,development,sandy,4.88,0
59.46,28.92,67.37,6.89,development,loamy,16.08,0
56.45,33.9,53.44,3.93,development,sandy,7.86,0
23.4,19.25,37.33,4.16,development,loamy,8.33,0
74.82,28.29,84.21,3.65,mid_season,sandy,8.42,0
54.2,24.1,36.7,4.61,initial,loamy,6.44,0
65.38,22.91,77.15,0,development,loamy,0,0
60.97,29.49,59.61,5.37,late,sandy,13.3,0
74.21,20.99,58.09,2.75,development,clay,1.06,0
45.48,23.0,81.74,5.26,development,clay,24.59,0
54.1,31.05,59.04,2.59,late,loamy,5.76,0
57.33,34.25,63.25,4.49,mid_season,loamy,5.09,0
48.33,35.26,59.32,0,initial,clay,0,0
43.87,34.95,54.69,2.59,mid_season,clay,8.35,0
58.7,31.99,55.36,4.81,late,clay,10.92,0
61.87,23.32,81.36,3.63,development,clay,20.09,0
74.99,26.29,46.98,2.69,initial,loamy,4.6,0
58.29,31.44,47.21,1.56,mid_season,sandy,5.56,0
49.24,28.09,62.26,5.49,mid_season,sandy,10.47,0
74.46,34.03,35.89,5.96,late,loamy,11.65,0
67.15,30.64,67.27,4.49,development,sandy,9.19,0
46.59,23.53,80.83,0,initial,sandy,0,0
77.69,24.91,70.14,4.12,mid_season,loamy,16.79,0
67.04,34.99,72.11,6.96,mid_season,loamy,5.55,0
66.97,22.44,73.2,6.2,initial,loamy,8.45,0
63.18,32.69,62.52,4.05,late,loamy,10.45,0
80.78,33.15,79.51,4.72,late,sandy,5.33,0
54.63,28.8,39.03,3.54,development,sandy,11.12,0
16.79,18.88,36.46,7.34,mid_season,sandy,0.26,0
31.1,20.06,73.05,6.16,late,clay,4.09,0
80.44,33.18,42.33,0,late,sandy,0,0
58.07,29.77,68.25,4.69,development,sandy,13.21,0
43.66,24.47,77.6,4.59,development,sandy,5.67,0
38.1,27.3,69.19,3.3,initial,clay,3.86,0
72.55,22.31,52.13,4.12,development,clay,4.6,0
57.01,28.17,54.66,4.69,development,clay,10.84,0
56.35,33.68,61.24,4.98,mid_season,sandy,20.95,0
94.19,26.95,52.3,3.54,development,clay,10.81,0
24.88,35.99,44.46,4.81,late,clay,3.93,0
68.48,35.2,57.82,3.65,late,clay,9.78,0
39.96,35.86,55.13,3.89,development,clay,13.66,0
42.16,23.08,77.59,0.41,development,loamy,6.17,0
91.73,18.04,60.34,4.28,development,clay,6.61,0
58.84,19.19,77.94,2.74,development,loamy,7.4,0
58.93,19.4,42.98,4.06,initial,sandy,1.26,0
79.55,21.81,71.97,2.42,initial,clay,9.35,0
62.39,29.84,66.1,0,initial,sandy,0,0
59.46,24.77,44.57,5.63,late,clay,4.15,0
84.49,32.65,46.54,4.91,development,loamy,2.89,0
41.46,20.1,56.4,2.8,initial,loamy,14.51,0
52.93,19.2,49.64,4.56,mid_season,loamy,18.78,0
63.87,29.7,44.86,5.08,initial,clay,4.36,0
58.83,18.16,44.46,3.27,late,clay,9.63,0
38.1,26.56,49.39,4.37,mid_season,sandy,3.77,0
73.45,22.69,52.68,2.17,mid_season,clay,2.11,0
63.62,21.37,66.99,2.91,late,clay,2.27,0
77.58,34.13,76.91,3.8,mid_season,sandy,11.67,0
72.59,20.94,59.73,3.38,development,sandy,14.59,0
54.72,19.37,65.26,5.08,mid_season,sandy,1.92,0
62.38,19.79,63.56,3.75,development,clay,4.37,0
56.4,24.44,40.33,5.06,mid_season,loamy,14.17,0
71.76,32.26,81.27,3.72,initial,clay,4.86,0
33.48,30.92,40.96,3.47,mid_season,sandy,15.26,0
44.41,23.9,49.67,3.03,development,loamy,12.41,0
52.9,18.4,37.05,4.6,development,clay,3.97,0
44.34,34.19,44.64,0,initial,loamy,0,1
90.42,23.33,46.16,2.27,late,sandy,2.02,0
54.65,29.78,45.35,3.83,initial,clay,15.13,0
38.69,33.06,71.87,4.15,initial,clay,3.5,0
61.73,27.17,73.0,4.62,initial,clay,12.07,0
61.33,23.8,69.51,5.4,initial,loamy,3.31,0
80.33,23.91,80.45,6.66,late,loamy,11.58,0
60.07,18.17,55.17,3.84,mid_season,clay,20.63,0
42.94,21.49,58.44,3.47,initial,sandy,12.93,0
25.23,19.21,44.22,3.37,development,clay,15.16,0
46.97,32.7,50.55,3.33,development,loamy,15.41,0
47.25,27.76,76.1,5.14,mid_season,loamy,6.49,0
45.57,23.2,82.4,2.86,development,clay,3.11,0
93.58,23.47,36.55,2.07,initial,loamy,2.39,0
57.0,19.64,37.48,3.48,initial,sandy,9.82,0
48.87,27.97,55.33,4.63,development,sandy,3.11,0
35.22,29.29,40.68,3.94,late,clay,5.31,0
60.91,35.15,36.38,3.69,development,sandy,17.97,0
72.44,29.9,73.93,4.89,initial,sandy,8.18,0
66.41,24.45,64.62,4.35,mid_season,sandy,6.98,0
67.88,27.76,42.21,2.44,late,sandy,14.26,0
39.33,23.17,73.47,2.3,late,clay,27.62,0
52.63,33.59,48.76,3.8,mid_season,loamy,8.24,0
84.23,24.84,81.78,3.5,initial,clay,8.28,0
38.99,20.17,78.33,5.31,initial,loamy,12.99,0
34.63,20.99,44.05,0,development,clay,0,1
38.5,18.25,43.95,3.92,initial,clay,8.1,0
72.17,23.01,57.78,3.25,development,sandy,3.62,0
55.94,26.12,47.15,4.12,development,loamy,5.29,0
32.57,25.69,39.26,4.32,mid_season,clay,7.05,0
41.04,33.31,56.48,3.5,development,sandy,11.01,0
56.04,27.04,64.19,4.81,initial,sandy,7.58,0
30.28,20.31,80.19,5.03,development,sandy,5.53,0
49.6,32.09,72.41,4.52,mid_season,sandy,9.21,0
72.08,33.74,79.54,3.03,mid_season,sandy,10.55,0
58.11,23.92,72.43,3.99,development,loamy,13.54,0
67.95,21.91,40.73,0,initial,sandy,0,0
30.62,30.85,46.89,0,development,loamy,0,1
48.34,26.89,79.55,3.79,mid_season,loamy,7.55,0
70.85,28.69,77.12,3.29,development,clay,0.7,0
43.88,26.58,40.87,3.55,mid_season,loamy,21.91,0
56.19,18.76,44.2,2.9,development,clay,22.92,0
92.43,35.4,46.46,3.44,development,clay,18.16,0
69.68,32.87,73.07,4.17,late,loamy,10.06,0
40.48,20.61,48.39,5.46,mid_season,loamy,23.01,0
36.66,23.57,62.54,5.71,development,loamy,11.83,0
73.2,23.07,81.48,3.33,late,clay,17.69,0
86.2,33.13,37.78,3.87,late,loamy,14.57,0
56.23,19.24,65.69,3.17,initial,sandy,16.88,0
79.89,25.85,53.46,4.27,initial,clay,6.24,0
42.76,26.74,57.38,2.79,mid_season,sandy,9.54,0
68.63,26.91,78.98,4.62,late,clay,7.44,0
95,28.81,45.12,2.84,mid_season,clay,18.98,0
33.35,31.49,50.59,3.98,initial,loamy,17.99,0
62.09,28.27,59.89,4.7,late,loamy,0.86,0
43.37,28.61,76.82,2.09,initial,clay,3.98,0
56.37,30.78,77.49,5.93,development,loamy,0.36,0
38.28,24.72,61.53,3.21,mid_season,loamy,9.4,0
45.85,25.58,43.16,3.62,development,loamy,4.83,0
17.07,28.72,36.57,0,development,loamy,0,1
62.33,21.68,84.55,2.84,initial,clay,6.89,0
55.07,30.62,55.24,0,late,clay,0,0
29.62,33.87,65.13,5.53,mid_season,loamy,22.9,0
47.51,29.23,40.73,3.53,development,sandy,3.8,0
87.68,25.14,83.61,3.98,mid_season,loamy,10.78,0
59.38,33.95,61.22,4.72,initial,loamy,15.73,0
56.58,23.49,81.31,6.05,mid_season,loamy,10.62,0
31.64,24.49,53.31,5.92,late,clay,12.17,0
60.47,29.0,61.85,3.29,mid_season,loamy,19.17,0
66.41,20.9,73.75,0,initial,clay,0,0
64.42,33.1,58.67,4.1,development,loamy,10.98,0
69.12,18.85,63.03,0,late,clay,0,0
67.18,29.9,40.98,4.36,initial,sandy,9.85,0
40.45,24.0,50.83,5.78,mid_season,loamy,19.62,0
51.99,30.65,84.43,2.5,development,loamy,15.03,0
69.59,29.0,58.04,4.98,development,sandy,13.16,0
54.4,19.26,53.35,2.32,late,loamy,10.51,0
24.08,20.0,48.48,4.33,initial,clay,7.73,0
78.79,19.16,71.05,3.81,mid_season,loamy,6.42,0
56.48,24.18,38.18,2.55,initial,loamy,1.47,0
72.4,18.8,84.68,4.07,initial,loamy,5.44,0
85.1,32.49,41.88,3.66,late,sandy,15.63,0
64.45,31.25,53.59,5.41,late,clay,24.26,0
89.1,27.27,55.97,3.24,mid_season,clay,10.9,0
53.9,32.42,56.35,4.18,late,loamy,8.4,0
38.73,34.6,60.44,4.11,development,sandy,13.13,0
36.08,20.77,81.08,0,late,loamy,0,1
77.84,21.26,46.87,0,development,clay,0,0
64.61,28.03,42.51,5.52,mid_season,sandy,9.84,0
72.38,35.8,79.1,4.74,development,sandy,0.55,0
69.16,33.21,82.07,4.39,development,clay,8.14,0
49.01,30.55,35.15,3.68,development,loamy,3.64,0
56.0,30.82,50.54,4.53,development,sandy,6.91,0
48.0,27.22,61.71,3.39,mid_season,clay,4.43,0
48.17,32.98,82.98,3.85,late,sandy,2.35,0
50.86,31.45,79.54,5.55,development,clay,10.88,0
35.93,19.77,50.5,4.1,mid_season,sandy,24.86,0
65.31,33.31,74.69,3.3,development,loamy,2.76,0
30.48,28.4,40.38,5.03,mid_season,sandy,17.63,0
32.16,28.71,84.4,5.0,mid_season,sandy,1.03,0
52.84,31.93,68.55,3.72,late,clay,13.51,0
54.86,31.7,45.23,3.44,initial,clay,1.82,0
29.11,24.43,57.53,4.03,initial,loamy,11.06,0
59.28,31.88,35.71,0,development,loamy,0,0
71.21,29.79,38.48,4.59,development,clay,7.64,0
37.31,20.75,49.35,0,initial,clay,0,0
80.16,34.49,71.17,3.09,mid_season,clay,5.86,0
52.11,33.14,37.1,5.13,late,loamy,16.76,0
68.97,23.96,64.69,3.13,mid_season,loamy,12.82,0
86.25,34.48,40.56,2.03,development,clay,6.23,0
48.47,34.57,49.58,5.69,development,clay,16.61,0
63.6,27.38,71.49,0,initial,sandy,0,0
64.17,25.56,43.61,3.34,mid_season,sandy,9.88,0
5,24.22,62.32,0,late,sandy,0,1
76.43,27.43,40.23,5.72,development,sandy,16.27,0
41.63,29.44,53.09,0,initial,clay,0,0
48.3,24.74,82.95,3.71,development,sandy,0.96,0
55.48,28.89,49.0,4.15,development,loamy,9.36,0
70.55,32.18,81.27,5.91,development,sandy,3.09,0
34.63,26.63,57.64,4.05,late,sandy,9.82,0
76.79,21.89,37.63,4.87,initial,clay,15.86,0
60.73,28.89,79.16,5.41,late,sandy,16.36,0
62.65,20.43,83.41,3.43,late,clay,0.23,0
54.4,26.51,76.87,4.95,late,loamy,13.9,0
78.5,19.15,61.82,3.14,initial,clay,0.42,0
37.29,29.22,46.16,3.0,initial,clay,5.55,0
49.38,22.87,50.62,3.78,mid_season,sandy,4.83,0
74.4,30.27,52.12,2.28,mid_season,clay,14.75,0
60.41,26.72,38.42,2.89,initial,clay,0.1,0
18.27,34.56,84.53,2.09,late,loamy,1.45,0
53.54,21.12,43.41,3.89,mid_season,loamy,21.89,0
64.84,26.38,53.63,2.99,mid_season,sandy,16.79,0
65.43,26.39,67.12,3.89,mid_season,sandy,13.88,0
65.49,18.18,48.28,5.58,initial,sandy,2.95,0
67.62,19.28,80.75,5.39,mid_season,loamy,11.91,0
66.73,26.7,47.27,3.77,development,loamy,3.24,0
53.33,20.88,77.54,4.11,initial,clay,7.04,0
74.48,29.73,57.89,2.83,development,clay,14.27,0
30.47,29.29,39.86,3.75,late,clay,8.76,0
35.14,26.84,70.18,3.73,mid_season,clay,4.23,0
57.39,22.59,72.37,4.19,initial,loamy,5.37,0
50.77,19.84,76.11,6.06,development,sandy,24.27,0
58.98,28.29,83.82,0,initial,loamy,0,0
65.46,19.63,54.65,2.44,late,sandy,14.52,0
83.28,20.44,44.67,4.23,development,clay,13.65,0
5,27.08,79.96,2.4,development,sandy,11.21,0
49.31,23.71,46.22,0,initial,clay,0,0
91.35,25.73,74.05,2.99,development,loamy,12.48,0
59.11,27.33,52.03,1.83,mid_season,clay,10.56,0
24.64,23.27,48.28,5.2,development,clay,10.09,0
56.35,34.99,63.9,3.23,mid_season,clay,19.78,0
55.97,33.63,36.87,4.73,mid_season,loamy,20.27,0
76.55,32.68,50.39,2.75,late,clay,12.82,0
61.31,29.01,63.99,3.34,mid_season,clay,16.08,0
45.61,27.75,36.47,4.71,development,sandy,10.41,0
44.67,27.94,61.27,3.17,development,loamy,10.99,0
64.19,21.46,68.59,1.83,mid_season,clay,14.12,0
71.37,30.25,84.12,3.43,development,clay,3.22,0
31.2,23.19,36.8,4.51,development,sandy,0.32,0
76.86,26.44,55.08,0,initial,loamy,0,0
64.75,33.1,72.28,4.81,development,sandy,8.54,0
62.89,23.36,50.32,6.11,development,clay,3.68,0
67.89,30.71,66.85,3.97,development,clay,3.33,0
63.81,21.29,43.6,4.96,late,loamy,9.08,0
71.84,32.84,53.59,4.37,development,clay,13.95,0
28.43,32.8,50.15,2.79,mid_season,clay,15.9,0
72.06,24.5,63.33,5.94,late,clay,10.69,0
25.21,27.53,58.72,3.28,development,sandy,30.45,0
64.17,31.68,53.84,3.09,development,clay,29.67,0
77.75,27.17,76.77,5.42,late,clay,4.31,0
68.46,31.77,37.64,0,initial,sandy,0,0
45.95,35.4,77.9,4.79,mid_season,loamy,8.81,0
76.64,24.88,52.3,4.24,late,sandy,18.74,0
32.81,21.53,62.02,5.52,initial,sandy,11.25,0
34.64,22.93,75.74,4.61,development,sandy,10.57,0
66.81,22.5,80.89,3.06,late,sandy,10.74,0
87.37,26.14,71.29,3.69,late,loamy,14.01,0
26.7,19.31,39.92,3.27,late,sandy,13.74,0
55.45,23.67,54.26,2.92,development,loamy,8.25,0
47.24,34.22,58.23,4.58,development,clay,5.27,0
48.52,33.75,35.37,3.02,mid_season,sandy,4.41,0
41.46,35.53,63.07,4.69,late,sandy,3.41,0
79.3,25.52,43.72,3.56,mid_season,sandy,11.83,0
32.82,26.97,82.23,5.78,mid_season,clay,8.03,0
57.19,35.86,84.1,5.3,development,sandy,7.92,0
67.56,33.55,79.74,0,development,loamy,0,0
54.85,25.43,39.06,2.62,initial,loamy,0.92,0
49.51,18.34,37.27,5.05,mid_season,clay,18.27,0
65.13,34.53,47.7,5.76,mid_season,loamy,7.66,0
78.35,30.88,54.8,5.88,late,sandy,16.32,0
50.62,26.67,60.16,0,development,sandy,0,1
49.46,26.94,45.13,0,late,clay,0,0
56.37,23.16,50.33,3.86,mid_season,clay,16.13,0
56.14,32.72,44.32,0,late,sandy,0,1
31.0,23.44,63.99,4.94,late,sandy,10.73,0
42.72,25.35,47.47,0,initial,loamy,0,0
61.1,26.39,67.41,3.91,mid_season,sandy,8.72,0
76.71,31.84,35.86,0,initial,sandy,0,0
48.32,27.99,59.14,2.85,mid_season,clay,22.18,0
51.18,28.97,73.67,0,initial,loamy,0,0
90.82,24.18,48.17,4.49,development,loamy,19.32,0
77.89,23.21,81.71,0,late,clay,0,0
41.9,19.1,45.9,4.4,late,loamy,6.23,0
23.63,33.33,56.46,3.03,mid_season,sandy,12.38,0
39.94,23.7,70.93,2.94,initial,loamy,16.43,0
58.26,28.26,82.33,2.2,development,sandy,11.74,0
41.89,20.32,69.46,0,initial,sandy,0,0
54.92,25.3,52.53,2.17,initial,loamy,1.64,0
68.69,24.47,73.59,4.13,development,sandy,6.73,0
76.31,26.52,81.2,2.31,mid_season,sandy,6.73,0
27.4,27.73,58.87,3.0,initial,loamy,12.43,0
56.55,29.96,52.65,3.64,late,loamy,14.1,0
83.73,18.66,62.89,3.49,late,loamy,8.95,0
61.27,32.27,35.28,3.38,mid_season,loamy,14.46,0
19.59,22.77,43.63,0,development,loamy,0,1
95,31.48,66.7,0,development,clay,0,0
8.34,26.86,48.46,4.59,mid_season,loamy,1.57,0
53.28,22.29,67.01,2.89,development,sandy,3.78,0
50.54,21.49,49.62,3.05,mid_season,loamy,19.62,0
31.5,22.13,64.8,4.2,late,loamy,8.31,0
34.78,29.4,57.63,3.4,late,loamy,13.6,0
51.99,31.85,61.27,3.1,late,loamy,5.67,0
74.87,25.52,56.37,0,late,loamy,0,0
68.67,23.38,62.78,0,development,sandy,0,0
84.3,34.59,71.69,2.51,initial,sandy,14.61,0
14.2,18.24,36.85,1.36,initial,clay,22.58,0
52.96,23.68,70.84,5.89,late,clay,13.0,0
75.35,29.72,74.08,3.92,development,loamy,5.32,0
59.86,34.19,81.22,3.75,mid_season,sandy,15.22,0
54.15,18.91,83.7,3.89,mid_season,sandy,12.08,0
12.55,21.52,56.73,0,initial,clay,0,0
42.69,26.86,54.46,2.8,initial,loamy,14.23,0
57.56,23.68,79.5,2.79,initial,clay,13.17,0
35.19,35.51,56.5,2.63,initial,sandy,9.6,0
51.93,21.9,61.17,0,mid_season,clay,0,0
15.24,24.43,49.56,3.78,mid_season,clay,11.57,0
67.74,24.43,45.13,2.68,development,clay,10.94,0
74.13,35.68,72.62,2.53,late,loamy,4.67,0
47.88,31.14,51.76,4.25,initial,sandy,15.2,0
66.44,19.38,64.85,4.03,initial,loamy,2.23,0
46.35,31.15,45.82,6.3,late,sandy,9.1,0
37.68,20.95,44.95,3.63,development,clay,14.0,0
51.65,35.08,69.1,5.36,initial,clay,22.35,0
48.66,32.8,57.23,0,development,clay,0,0
34.33,18.18,43.97,3.86,initial,sandy,12.92,0
66.33,23.9,82.24,0,initial,sandy,0,0
60.96,28.87,66.5,4.88,initial,loamy,2.97,0
38.05,33.21,64.4,3.88,initial,loamy,14.41,0
54.48,19.41,66.16,2.83,development,sandy,2.64,0
35.81,18.84,83.93,3.75,late,sandy,13.93,0
77.61,32.2,68.06,4.17,mid_season,clay,21.04,0
34.3,31.88,40.42,3.12,initial,sandy,10.32,0
56.0,28.38,65.76,0,late,loamy,0,0
31.26,27.58,78.16,3.61,mid_season,clay,11.93,0
40.96,35.42,68.17,4.0,mid_season,loamy,10.41,0
84.56,34.38,75.04,0,late,sandy,0,0
54.68,22.17,67.41,5.38,mid_season,clay,10.35,0
26.91,25.54,51.82,0,late,loamy,0,1
69.5,24.73,79.62,3.77,development,loamy,14.34,0
50.07,31.1,74.63,2.75,mid_season,loamy,0.62,0
62.89,31.08,62.12,2.68,development,sandy,5.76,0
91.59,23.46,55.32,1.51,development,clay,8.49,0
59.83,27.77,46.1,0,mid_season,sandy,0,1
52.62,34.86,80.73,3.66,initial,clay,3.96,0
56.53,26.07,51.49,6.08,mid_season,sandy,6.66,0
53.39,19.92,77.85,0,development,sandy,0,1
62.83,30.64,80.52,5.19,mid_season,clay,22.91,0
40.71,22.25,51.12,2.9,initial,sandy,5.02,0
45.89,25.18,67.68,2.53,late,loamy,13.43,0
89.14,32.91,63.05,3.3,development,clay,22.8,0
47.18,23.35,54.55,4.88,initial,clay,1.52,0
56.2,28.46,84.24,5.27,development,sandy,2.06,0
47.64,19.37,38.44,4.94,late,sandy,2.61,0
59.0,24.8,58.02,0,mid_season,sandy,0,1
80.03,30.81,61.53,5.68,development,sandy,12.84,0
34.8,27.78,47.27,0,mid_season,sandy,0,1
65.51,18.12,80.21,3.86,mid_season,clay,17.19,0
52.55,31.87,77.68,4.11,initial,loamy,16.84,0
73.9,18.53,57.54,2.58,late,clay,12.66,0
40.38,28.79,73.55,3.47,initial,sandy,8.66,0
53.79,30.6,75.83,6.27,initial,loamy,12.9,0
79.97,33.08,75.65,2.02,mid_season,sandy,12.2,0
72.35,34.88,50.44,4.15,late,loamy,34.78,0
43.7,22.53,39.0,6.14,initial,loamy,4.12,0
66.16,31.18,83.56,4.98,mid_season,loamy,13.71,0
38.74,25.57,84.61,4.33,initial,sandy,6.67,0
65.4,18.25,60.82,2.87,development,sandy,9.56,0
63.34,35.57,56.21,3.88,development,clay,4.27,0
37.26,21.68,38.79,4.39,development,loamy,20.87,0
35.43,18.19,42.05,6.73,initial,loamy,10.32,0
27.23,22.37,65.02,4.71,development,clay,10.33,0
52.76,28.56,60.5,5.03,late,loamy,16.82,0
37.78,21.76,71.49,3.87,mid_season,clay,13.76,0
34.06,19.43,77.14,3.46,initial,sandy,3.88,0
65.5,18.9,71.4,4.02,initial,clay,14.88,0
21.95,27.52,51.09,2.77,development,loamy,11.17,0
81.16,30.82,55.36,3.25,mid_season,clay,20.32,0
38.15,32.68,66.35,3.27,development,loamy,17.03,0
33.49,26.33,63.59,3.08,development,loamy,7.36,0
42.5,25.17,37.69,4.09,initial,clay,10.47,0
75.92,27.58,44.79,5.57,mid_season,sandy,17.21,0
71.91,35.35,46.41,5.67,mid_season,clay,24.69,0
48.65,33.29,41.61,0,late,loamy,0,1
65.35,23.49,67.63,2.88,late,sandy,9.84,0
65.42,23.81,81.83,3.42,late,sandy,0.6,0
78.63,18.71,77.7,0,development,loamy,0,0
70.41,34.39,72.51,5.43,development,clay,9.84,0
47.54,27.66,61.55,5.14,initial,clay,9.38,0
69.1,35.53,53.02,4.47,late,sandy,19.68,0
69.36,25.66,36.77,3.47,mid_season,clay,14.2,0
63.44,27.42,36.36,4.51,development,loamy,6.49,0
57.36,31.59,59.24,4.45,late,clay,26.21,0
49.42,27.42,37.19,4.13,development,clay,4.33,0
72.88,22.43,49.17,5.45,late,sandy,10.91,0
69.25,34.66,66.88,2.83,mid_season,loamy,5.64,0
66.3,32.96,77.18,4.17,late,sandy,11.28,0
45.09,30.93,73.26,4.76,late,loamy,11.45,0
63.88,31.38,38.29,3.85,late,loamy,9.7,0
76.63,34.3,81.53,4.48,development,clay,7.65,0
59.26,22.01,48.33,2.79,mid_season,sandy,13.26,0
43.98,32.84,58.07,4.94,initial,loamy,4.28,0
42.45,27.75,50.44,3.12,late,clay,10.81,0
80.68,20.65,38.45,3.28,mid_season,clay,13.23,0
60.21,26.7,54.49,3.64,development,sandy,13.52,0
84.56,23.41,50.95,4.23,development,clay,14.81,0
67.3,32.28,81.81,3.44,initial,sandy,4.28,0
43.55,23.92,44.76,4.49,mid_season,clay,7.87,0
61.9,32.12,64.02,3.59,development,sandy,5.41,0
49.66,19.3,37.88,3.98,development,loamy,7.79,0
59.67,23.17,41.1,3.29,mid_season,clay,10.15,0
77.99,35.71,40.58,2.73,mid_season,sandy,16.26,0
77.22,33.05,40.78,3.58,mid_season,sandy,0.65,0
30.83,30.26,69.97,1.89,mid_season,loamy,4.62,0
54.42,20.51,50.97,4.96,initial,clay,4.62,0
49.53,23.06,78.01,0,development,sandy,0,1
31.6,35.3,82.41,4.1,development,clay,11.24,0
71.86,19.52,58.65,1.97,late,loamy,3.76,0
48.71,28.92,57.95,0,development,clay,0,0
39.26,23.28,77.12,2.66,late,clay,0.49,0
75.34,25.31,70.88,5.38,late,sandy,10.13,0
78.12,19.76,83.25,3.95,late,sandy,1.63,0
87.62,35.14,49.83,3.98,late,sandy,15.99,0
56.09,23.99,45.67,4.23,mid_season,loamy,15.67,0
76.49,20.56,66.11,4.77,mid_season,sandy,11.75,0
33.34,21.77,45.69,5.45,mid_season,clay,24.51,0
66.82,30.15,46.67,2.39,development,sandy,19.27,0
65.12,27.49,73.69,0,late,sandy,0,0
38.74,25.5,79.48,2.86,initial,sandy,11.79,0
48.59,28.63,49.12,0,mid_season,sandy,0,1
53.18,22.92,44.21,2.5,late,sandy,3.53,0
17.39,35.73,60.71,3.95,late,sandy,7.52,0
42.95,31.3,53.81,4.71,initial,loamy,10.49,0
34.41,34.86,83.92,4.57,mid_season,clay,13.13,0
60.23,23.66,78.32,3.77,initial,sandy,1.11,0
45.72,35.54,36.91,4.19,late,clay,18.82,0
57.84,31.99,45.19,2.93,mid_season,sandy,0.19,0
61.89,34.74,50.81,0,development,sandy,0,0
59.79,30.12,63.83,0.69,late,clay,25.47,0
45.15,20.41,84.53,3.84,late,sandy,1.34,0
44.91,35.0,46.42,2.34,initial,loamy,5.87,0
39.38,21.15,36.12,0,late,loamy,0,1
65.19,19.78,56.99,0,development,sandy,0,0
55.19,24.1,80.52,3.78,initial,loamy,9.78,0
80.12,26.38,61.93,5.39,late,sandy,10.53,0
53.61,27.54,76.54,6.57,development,sandy,5.07,0
80.91,20.32,38.55,3.04,late,clay,8.66,0
76.93,22.05,46.48,6.07,late,loamy,7.55,0
60.16,24.99,70.68,3.77,initial,sandy,5.03,0
33.43,32.45,72.07,4.27,late,loamy,1.36,0
78.36,20.77,78.07,4.37,mid_season,loamy,15.15,0
63.56,18.25,44.47,1.83,late,sandy,10.52,0
29.27,27.0,62.46,4.91,initial,clay,6.95,0
48.24,27.49,79.12,4.43,late,sandy,8.93,0
33.46,29.34,66.62,4.0,initial,clay,6.87,0
74.58,26.13,58.22,0,late,sandy,0,0
82.17,33.99,55.37,3.33,development,sandy,10.04,0
50.02,26.85,52.58,4.39,development,sandy,8.0,0
15.98,31.49,41.48,4.65,mid_season,clay,6.43,0
39.92,18.31,56.09,2.82,late,clay,9.35,0
41.4,28.23,43.09,0,late,sandy,0,1
71.49,35.85,74.43,4.78,mid_season,clay,19.81,0
36.06,33.24,54.31,0,initial,loamy,0,0
37.49,21.04,57.8,4.79,initial,sandy,9.15,0
73.61,20.36,73.27,4.55,development,clay,6.94,0
37.78,19.0,48.94,5.32,late,clay,1.1,0
95,24.66,55.57,4.9,development,clay,11.98,0
63.09,24.24,72.6,3.47,mid_season,loamy,17.64,0
48.95,26.64,36.45,3.47,development,clay,1.28,0
62.76,29.97,72.17,0,development,sandy,0,0
77.0,19.51,55.44,3.27,development,loamy,7.5,0
60.19,20.11,74.26,3.98,development,loamy,6.87,0
65.37,32.47,76.14,3.58,development,loamy,11.51,0
43.21,20.89,56.09,0,initial,sandy,0,0
51.6,30.85,57.98,4.03,mid_season,sandy,9.75,0
38.34,23.84,75.43,3.16,mid_season,loamy,10.61,0
71.38,23.02,48.43,4.27,late,loamy,13.61,0
47.43,24.69,84.88,4.56,late,loamy,9.49,0
35.99,18.87,53.71,0,late,sandy,0,1
38.63,27.57,36.35,4.36,mid_season,loamy,7.94,0
76.51,24.0,79.01,3.6,late,sandy,0.96,0
38.32,27.0,40.47,0,development,loamy,0,1
55.25,29.34,78.62,4.69,mid_season,loamy,10.8,0
40.01,28.55,83.1,2.66,development,sandy,9.48,0
39.49,24.14,64.01,5.0,mid_season,sandy,8.09,0
46.14,20.47,70.96,5.79,initial,clay,2.64,0
45.85,31.92,63.03,5.39,initial,loamy,12.01,0
20.69,26.65,67.47,1.64,development,loamy,7.35,0
56.54,18.8,78.57,0,initial,clay,0,0
35.5,25.57,67.39,0,initial,loamy,0,0
40.19,30.34,60.46,7.64,initial,clay,10.31,0
43.65,28.85,52.56,4.7,development,loamy,6.68,0
61.33,35.67,51.91,3.44,mid_season,clay,14.36,0
36.28,33.93,63.94,2.75,development,sandy,15.69,0
13.49,22.35,53.29,5.66,mid_season,sandy,4.53,0
52.05,22.49,52.17,4.07,mid_season,loamy,16.19,0
78.13,22.09,35.6,0,initial,sandy,0,0
42.71,23.33,81.15,3.0,mid_season,loamy,7.68,0
58.97,22.79,43.55,6.59,initial,sandy,8.72,0
59.15,31.77,71.1,0.62,late,sandy,4.89,0
65.41,25.21,35.24,3.45,initial,clay,7.06,0
47.54,24.17,69.06,3.85,mid_season,sandy,20.5,0
58.2,28.68,71.08,4.67,late,loamy,0.16,0
80.3,24.2,37.1,3.1,mid_season,loamy,17.11,0
83.5,18.89,53.07,1.74,development,sandy,7.59,0
47.8,19.74,66.1,5.29,development,clay,5.09,0
69.67,30.39,43.32,3.44,initial,sandy,5.25,0
88.98,20.08,83.2,2.74,late,loamy,9.58,0
72.98,19.36,64.63,3.14,initial,loamy,0.98,0
55.45,28.44,74.42,3.47,development,loamy,4.28,0
52.32,24.06,59.23,4.43,initial,sandy,3.78,0
95,26.97,70.03,5.82,late,sandy,6.0,0
69.46,32.66,70.03,4.97,late,sandy,7.86,0
48.09,21.48,81.16,4.55,late,clay,18.9,0
86.01,27.46,43.02,5.33,mid_season,sandy,7.28,0
60.62,26.07,66.57,2.15,mid_season,sandy,8.98,0
78.23,32.37,42.14,4.09,initial,loamy,7.5,0
36.36,34.63,62.22,3.56,late,clay,6.93,0
46.11,23.43,44.32,1.25,development,loamy,9.89,0
80.83,23.23,65.12,5.24,initial,loamy,1.98,0
44.05,23.77,48.89,3.07,late,loamy,5.98,0
62.57,28.81,84.11,5.45,late,loamy,19.81,0
36.21,22.52,72.43,5.12,mid_season,sandy,7.96,0
32.15,24.13,42.73,1.36,mid_season,clay,3.2,0
85.02,33.41,43.82,5.57,development,sandy,17.31,0
32.14,35.16,72.6,4.53,development,clay,9.93,0
67.98,24.66,74.9,1.38,mid_season,sandy,13.75,0
31.88,32.59,67.92,0,initial,clay,0,0
48.68,30.61,77.42,2.68,late,sandy,18.68,0
83.58,24.88,72.68,3.42,development,clay,13.82,0
69.46,26.21,35.28,0.46,initial,sandy,6.53,0
84.78,31.89,79.03,3.21,initial,clay,7.36,0
44.83,35.05,63.62,0,late,sandy,0,1
37.87,20.4,63.14,5.5,initial,sandy,11.42,0
47.67,30.97,45.12,5.41,development,clay,9.25,0
39.5,33.68,36.04,4.36,mid_season,sandy,17.49,0
58.41,30.41,62.89,3.2,late,sandy,9.65,0
24.59,22.88,69.77,4.39,late,clay,12.26,0
73.88,23.6,64.03,3.21,late,sandy,11.6,0
57.69,26.73,76.88,0,initial,sandy,0,0
36.19,30.96,37.97,4.76,initial,sandy,13.7,0
56.95,35.52,54.4,6.89,late,clay,7.15,0
76.03,24.1,49.82,0,initial,sandy,0,0
67.48,21.53,58.21,2.63,initial,sandy,8.81,0
56.54,23.96,35.64,3.11,mid_season,clay,23.45,0
74.56,29.98,72.58,4.17,late,clay,12.95,0
67.56,26.27,56.7,3.89,late,sandy,13.14,0
39.86,19.57,35.76,2.86,development,loamy,10.76,0
53.21,30.52,38.29,4.96,development,clay,9.8,0
43.22,25.23,36.71,3.36,initial,loamy,4.69,0
64.27,35.1,40.36,2.37,late,clay,7.93,0
95,23.38,44.03,3.91,development,clay,3.08,0
37.88,23.96,44.09,4.04,initial,clay,16.62,0
26.26,35.87,68.28,3.66,late,clay,12.85,0
22.69,30.06,65.49,2.81,mid_season,loamy,5.24,0
61.42,24.11,68.72,3.8,late,clay,6.66,0
22.66,33.28,43.05,0,late,loamy,0,1
73.53,32.91,54.28,3.95,late,clay,17.78,0
45.85,30.35,81.77,0,initial,sandy,0,0
48.88,34.73,48.46,5.61,late,sandy,8.15,0
57.85,19.64,39.87,5.26,late,sandy,21.48,0
60.01,26.59,56.71,0,initial,sandy,0,0
59.3,34.91,53.93,3.7,initial,clay,16.64,0
92.0,33.04,66.79,0,initial,loamy,0,0
58.85,25.47,63.07,3.89,initial,sandy,1.92,0
17.87,25.93,55.27,3.47,initial,loamy,15.91,0
89.81,32.69,49.83,2.41,development,sandy,13.29,0
57.54,21.06,65.5,3.6,mid_season,sandy,13.66,0
35.71,27.95,47.75,4.37,mid_season,sandy,12.04,0
53.76,20.57,78.9,5.01,initial,loamy,10.45,0
37.9,33.98,48.51,3.36,late,sandy,8.05,0
48.84,24.87,62.0,1.89,late,sandy,1.33,0
95,23.36,69.87,4.46,development,clay,18.06,0
62.48,27.34,74.39,3.39,mid_season,clay,19.14,0
40.25,24.09,79.04,3.02,late,clay,2.67,0
44.77,32.88,72.89,5.98,late,loamy,15.76,0
59.36,21.28,50.42,4.85,mid_season,clay,14.98,0
49.35,26.85,41.29,3.56,late,loamy,16.08,0
56.49,18.68,38.87,3.99,late,sandy,11.08,0
53.43,24.48,52.13,3.13,initial,loamy,3.06,0
63.3,18.24,66.95,2.18,initial,loamy,10.19,0
60.72,19.25,54.09,5.14,late,clay,10.87,0
68.63,27.11,67.19,5.25,late,clay,14.8,0
71.9,30.62,53.89,3.83,initial,sandy,9.37,0
57.53,30.67,57.58,5.32,initial,clay,8.77,0
28.41,23.28,61.9,5.15,initial,clay,2.31,0
64.08,30.46,44.03,0,late,sandy,0,0
30.76,34.46,39.75,5.68,initial,sandy,0.07,0
38.77,32.18,62.03,4.59,mid_season,clay,5.42,0
39.81,31.02,67.59,3.28,mid_season,clay,19.4,0
63.04,26.1,40.66,4.15,late,clay,3.96,0
55.45,33.57,48.26,4.87,development,clay,1.31,0
76.75,30.03,83.78,2.94,late,clay,11.83,0
38.41,28.71,49.48,4.97,initial,clay,3.48,0
57.18,24.59,53.62,5.25,initial,clay,9.17,0
32.21,19.74,54.51,1.99,development,loamy,8.51,0
13.63,21.58,50.07,2.16,mid_season,loamy,19.11,0
19.1,28.12,41.77,4.19,development,sandy,22.45,0
50.62,32.56,51.77,4.7,mid_season,sandy,3.76,0
58.52,19.26,74.31,0,mid_season,clay,0,0
74.2,18.6,69.55,0,development,clay,0,0
78.33,27.72,55.19,3.35,development,clay,3.5,0
67.2,20.49,46.16,2.63,late,sandy,20.04,0
41.54,33.18,63.88,3.78,development,sandy,11.4,0
74.76,34.84,48.17,2.7,development,clay,17.16,0
75.22,22.84,60.99,3.38,mid_season,sandy,3.33,0
89.1,23.34,46.35,3.98,development,sandy,9.56,0
54.89,18.78,47.83,4.29,mid_season,clay,6.53,0
81.55,27.58,71.95,5.1,late,loamy,15.33,0
47.89,23.79,58.36,0,initial,sandy,0,0
70.94,30.07,80.76,0,initial,sandy,0,0
75.77,34.25,70.56,3.87,late,clay,10.1,0
52.77,33.65,64.58,3.42,development,loamy,23.89,0
34.8,28.27,44.47,0,late,clay,0,1
29.2,26.26,51.74,3.06,mid_season,sandy,2.7,0
51.9,31.12,50.76,4.71,mid_season,sandy,3.96,0
54.87,30.55,40.9,3.62,mid_season,loamy,16.08,0
46.38,31.06,84.66,5.58,late,sandy,28.24,0
52.64,32.09,57.44,5.06,late,loamy,21.06,0
9.0,23.04,52.79,5.21,mid_season,loamy,9.76,0
62.41,20.35,67.64,0,development,sandy,0,0
73.31,33.61,68.73,3.29,late,clay,1.63,0
75.61,35.6,71.48,4.07,initial,clay,3.4,0
67.97,32.95,52.59,3.26,development,loamy,10.49,0
28.43,24.35,84.97,3.44,late,sandy,8.1,0
69.47,31.83,79.82,0,development,clay,0,0
47.15,32.09,51.92,3.07,development,sandy,10.33,0
26.34,22.45,64.01,3.91,development,clay,9.2,0
77.19,24.87,78.88,3.4,mid_season,sandy,3.23,0
71.03,23.25,41.55,2.76,development,sandy,1.19,0
91.24,28.09,60.96,3.81,development,loamy,4.3,0
82.92,21.08,55.17,6.68,late,sandy,10.67,0
70.76,26.42,59.28,5.09,initial,clay,0.08,0
29.43,20.73,44.02,5.34,initial,sandy,4.21,0
92.07,20.39,36.54,0,late,sandy,0,0
46.87,27.96,72.22,3.65,mid_season,clay,11.01,0
56.05,21.95,46.47,4.71,late,loamy,6.56,0
74.21,18.29,81.96,3.61,mid_season,clay,4.72,0
52.16,21.34,37.76,4.54,mid_season,loamy,11.69,0
26.4,26.33,81.0,4.83,late,clay,7.81,0
33.77,32.12,60.27,3.58,late,clay,5.58,0
41.75,22.01,67.31,5.02,late,sandy,7.27,0
41.45,30.52,42.62,4.32,late,clay,11.07,0
58.78,26.58,57.69,4.91,initial,clay,0.7,0
25.79,23.17,68.84,2.8,development,clay,15.56,0
49.84,20.22,81.72,3.48,late,loamy,15.27,0
65.89,18.69,47.35,2.58,mid_season,loamy,16.91,0
77.74,32.47,77.01,1.47,mid_season,clay,11.25,0
54.05,32.58,75.85,0,initial,sandy,0,0
46.55,27.62,46.15,3.93,mid_season,sandy,7.37,0
59.91,21.24,76.73,4.9,late,sandy,2.7,0
62.27,32.79,55.54,4.97,mid_season,loamy,18.9,0
50.99,24.32,72.65,5.61,initial,loamy,7.03,0
47.82,27.76,44.78,3.67,initial,loamy,1.54,0
31.51,26.59,67.68,4.28,development,clay,13.37,0
64.29,22.25,41.4,5.78,initial,loamy,2.1,0
6.63,22.61,64.89,3.07,mid_season,loamy,13.57,0
56.68,28.26,70.43,5.84,initial,loamy,3.6,0
51.58,34.8,68.2,3.59,development,loamy,1.79,0
32.29,19.8,64.66,3.4,mid_season,loamy,8.35,0
58.55,27.08,39.9,0,late,sandy,0,1
64.86,30.2,61.61,4.55,development,sandy,3.25,0
40.72,31.26,58.39,5.63,late,clay,7.56,0
45.38,23.21,76.36,5.15,late,sandy,3.88,0
44.13,22.54,82.02,4.2,initial,loamy,14.66,0
54.73,23.41,55.38,0,development,clay,0,0
49.38,20.98,52.35,5.1,initial,sandy,13.88,0
48.74,35.36,42.73,2.92,late,sandy,9.25,0
79.82,19.53,68.8,3.72,development,loamy,12.15,0
23.34,20.67,50.14,1.42,development,clay,9.13,0
82.1,27.41,70.93,1.93,mid_season,loamy,20.47,0
70.94,25.78,64.85,4.7,initial,sandy,11.03,0
55.79,31.78,72.19,2.28,development,clay,9.97,0
57.63,19.47,80.61,4.7,initial,clay,14.57,0
67.94,24.12,39.73,0,late,sandy,0,0
92.72,34.93,59.81,0,late,loamy,0,0
60.82,19.34,75.17,5.31,late,clay,14.61,0
82.21,24.91,60.43,4.37,mid_season,sandy,8.48,0
95,35.07,50.36,2.19,mid_season,loamy,12.25,0
55.48,24.8,52.77,4.37,initial,clay,17.18,0
29.69,29.62,76.9,5.4,mid_season,loamy,5.98,0
72.54,22.74,56.79,4.82,late,loamy,13.07,0
57.13,34.88,56.84,0,development,loamy,0,0
37.15,31.49,83.55,3.44,initial,clay,0.85,0
47.7,19.12,70.45,0,late,loamy,0,1
21.74,27.1,76.78,5.54,initial,sandy,2.89,0
56.87,30.86,63.78,0,late,sandy,0,1
85.44,23.46,42.65,3.39,initial,loamy,10.61,0
78.06,27.49,35.67,6.08,initial,sandy,19.14,0
80.7,33.44,50.94,4.55,mid_season,clay,18.0,0
58.14,31.5,75.7,4.49,initial,clay,6.13,0
76.26,33.56,70.23,6.03,mid_season,sandy,19.2,0
46.14,30.55,50.86,3.65,mid_season,clay,20.91,0
38.12,27.2,62.43,0,development,loamy,0,1
44.03,23.04,54.19,3.05,initial,loamy,10.18,0
77.22,31.67,71.0,0,initial,clay,0,0
63.96,31.69,78.81,3.62,mid_season,clay,26.56,0
79.84,35.24,75.3,5.83,mid_season,loamy,22.0,0
69.4,18.4,36.31,1.66,initial,loamy,13.21,0
61.02,28.46,47.73,4.86,mid_season,loamy,17.04,0
37.01,20.5,49.85,3.69,mid_season,sandy,5.75,0
79.96,19.0,83.63,3.33,initial,sandy,1.32,0
84.91,22.99,41.78,1.41,development,clay,6.52,0
72.47,19.64,40.76,5.19,development,clay,13.53,0
71.21,33.18,36.26,3.97,mid_season,clay,5.7,0
90.54,23.04,79.69,3.73,late,sandy,13.08,0
64.91,35.2,59.25,2.49,development,loamy,15.49,0
64.47,20.83,53.33,4.74,development,sandy,13.14,0
48.65,20.59,62.4,4.84,mid_season,loamy,5.87,0
55.66,31.19,44.06,2.95,development,clay,5.2,0
46.32,33.7,37.96,5.56,mid_season,clay,5.8,0
29.09,33.77,61.91,5.1,development,sandy,9.55,0
45.2,20.38,40.79,4.44,development,loamy,10.56,0
60.05,22.93,66.74,4.73,mid_season,clay,17.0,0
57.45,28.99,40.26,3.42,mid_season,clay,11.97,0
65.1,25.81,44.49,3.1,initial,clay,19.65,0
34.76,24.86,78.53,4.07,initial,clay,23.83,0
16.92,27.72,53.08,3.65,mid_season,clay,10.86,0
47.84,23.09,75.7,4.52,mid_season,clay,20.28,0
63.95,18.89,47.98,5.24,late,loamy,16.01,0
76.58,25.66,73.93,3.95,late,loamy,1.45,0
66.71,30.86,79.24,3.0,initial,clay,14.33,0
26.2,23.7,37.14,3.61,late,loamy,6.68,0
27.63,18.03,56.11,0.9,mid_season,loamy,0.62,0
59.87,25.91,55.41,4.15,mid_season,loamy,6.33,0
31.92,24.1,83.13,5.1,late,sandy,1.74,0
33.61,20.42,52.2,4.43,development,loamy,16.44,0
31.25,28.96,41.13,2.84,late,clay,16.65,0
63.63,22.02,53.34,5.38,development,sandy,2.64,0
24.32,19.74,74.47,4.78,late,loamy,2.48,0
48.34,19.02,42.54,1.78,late,sandy,0.71,0
54.51,18.36,45.28,5.64,late,sandy,8.0,0
76.23,20.85,49.48,0,late,sandy,0,0
32.91,18.58,73.91,5.57,development,loamy,8.7,0
62.7,34.88,37.66,4.65,late,loamy,8.98,0
40.88,27.12,62.83,4.39,development,loamy,10.95,0
24.89,22.6,41.79,0,initial,clay,0,0
67.86,30.45,48.51,7.03,development,loamy,5.13,0
73.16,32.8,79.39,0,mid_season,sandy,0,0
28.03,19.59,69.95,5.96,initial,sandy,4.8,0
57.3,20.89,51.73,0,development,sandy,0,1
74.01,31.85,72.56,7.09,late,loamy,4.72,0
41.59,18.03,39.55,4.16,late,clay,11.76,0
50.46,31.15,63.51,0,mid_season,sandy,0,1
75.87,34.16,42.8,4.05,late,loamy,7.02,0
50.17,18.69,81.46,2.72,mid_season,loamy,23.81,0
51.73,23.7,82.54,3.98,initial,loamy,9.87,0
59.95,26.66,52.83,3.27,late,sandy,10.01,0
75.17,21.55,40.57,2.62,mid_season,loamy,19.68,0
66.62,24.96,39.63,4.78,initial,clay,16.87,0
53.15,19.87,75.66,4.3,mid_season,clay,13.55,0
56.13,35.17,42.17,4.56,development,loamy,7.32,0
63.42,23.63,78.31,3.56,development,clay,14.8,0
22.1,20.88,51.83,4.86,development,loamy,6.89,0
52.3,25.42,41.67,0,mid_season,loamy,0,0
64.84,29.37,68.48,0,initial,sandy,0,0
5,32.63,69.76,5.42,late,loamy,15.34,0
54.77,32.36,83.94,4.93,mid_season,sandy,16.85,0
52.39,20.94,79.39,3.2,initial,loamy,14.42,0
40.46,19.66,64.16,0,late,loamy,0,1
77.9,19.49,36.31,4.15,late,clay,3.78,0
53.39,30.62,77.63,5.19,initial,sandy,24.28,0
33.93,34.59,81.71,1.67,development,sandy,22.38,0
65.98,35.08,57.65,2.65,mid_season,loamy,8.38,0
55.42,26.93,46.96,4.63,initial,sandy,3.76,0
70.27,35.1,59.83,4.45,development,loamy,1.83,0
78.65,31.37,65.17,3.63,initial,clay,5.74,0
65.97,19.99,41.82,2.18,development,sandy,5.43,0
50.22,32.18,40.81,3.93,mid_season,loamy,12.25,0
50.1,35.73,70.89,1.97,late,sandy,2.87,0
40.18,26.14,72.68,4.04,mid_season,sandy,16.04,0
55.91,34.3,70.59,2.91,initial,clay,16.58,0
48.18,23.1,69.24,5.35,late,loamy,10.43,0
34.89,29.09,44.79,4.67,late,sandy,0.27,0
50.55,22.14,38.97,2.25,development,clay,6.22,0
84.26,31.68,80.37,3.54,initial,clay,7.39,0
64.28,29.72,56.15,0,initial,loamy,0,0
68.68,25.0,82.04,3.48,initial,sandy,11.81,0
47.22,21.87,43.7,4.17,development,sandy,12.99,0
34.06,32.64,45.62,4.11,mid_season,clay,13.55,0
70.4,30.15,61.9,4.93,development,clay,3.62,0
43.22,33.37,80.41,4.5,initial,loamy,4.92,0
49.62,33.07,77.12,3.91,development,loamy,17.13,0
72.24,30.84,58.72,6.4,development,clay,3.94,0
5.09,27.15,43.81,4.02,initial,clay,14.0,0
53.62,20.05,60.39,2.57,late,loamy,1.0,0
48.29,18.28,73.75,0,initial,clay,0,0
48.39,31.56,40.79,3.02,late,sandy,14.21,0
69.26,31.64,43.79,4.99,development,clay,14.1,0
41.09,29.68,39.57,3.91,development,clay,18.86,0
76.46,22.27,75.3,3.15,mid_season,loamy,2.18,0
60.77,31.88,79.64,3.44,late,clay,19.42,0
55.14,22.48,71.15,0,development,loamy,0,0
48.89,28.35,59.02,3.18,development,clay,8.96,0
31.25,30.64,56.27,2.87,initial,loamy,9.28,0
42.58,21.47,52.64,2.34,mid_season,clay,28.3,0
64.67,24.92,76.44,0,late,sandy,0,0
42.49,30.2,64.65,4.76,late,clay,1.05,0
44.73,27.87,65.72,3.25,late,loamy,7.48,0
68.16,18.85,51.09,4.84,mid_season,sandy,9.25,0
45.91,24.16,55.23,3.15,mid_season,clay,10.42,0
41.08,23.86,36.72,3.94,development,sandy,13.76,0
87.09,24.8,42.72,3.58,late,clay,2.51,0
79.59,25.43,81.34,0,initial,loamy,0,0
57.63,20.4,80.39,4.0,initial,sandy,3.51,0
33.91,34.65,35.75,0,initial,sandy,0,1
34.97,25.65,62.07,3.76,mid_season,loamy,3.46,0
35.99,19.32,70.52,3.33,late,loamy,6.96,0
84.52,28.43,71.43,4.54,development,loamy,11.53,0
56.28,30.65,39.52,0,initial,sandy,0,0
27.95,28.63,50.2,5.93,late,loamy,3.45,0
70.91,28.51,37.22,3.79,initial,sandy,13.42,0
59.34,18.77,39.43,2.22,late,clay,17.75,0
81.65,29.33,61.31,0,initial,loamy,0,0
75.06,27.77,62.92,4.29,initial,sandy,10.96,0
66.41,24.21,37.83,3.43,late,sandy,10.19,0
55.47,21.0,65.84,4.36,initial,clay,5.72,0
65.22,33.21,72.1,4.41,mid_season,loamy,18.64,0
40.54,28.28,79.49,3.99,mid_season,loamy,17.65,0
63.89,35.34,57.32,4.24,late,loamy,7.64,0
56.36,21.54,64.94,4.72,development,clay,6.08,0
59.87,31.44,63.55,1.49,development,clay,3.68,0
50.55,25.62,84.13,4.89,development,loamy,6.17,0
35.87,29.53,47.08,3.6,mid_season,sandy,1.38,0
76.16,23.35,54.0,6.16,mid_season,clay,7.89,0
58.1,22.34,82.97,0,initial,clay,0,0
86.7,28.73,80.77,4.1,development,sandy,3.01,0
36.69,23.52,43.9,2.26,initial,loamy,12.54,0
64.22,25.89,63.58,2.63,initial,loamy,8.64,0
49.88,22.62,52.17,3.93,mid_season,clay,21.23,0
53.24,33.67,73.08,3.13,development,clay,10.37,0
46.63,24.28,36.9,2.07,initial,clay,21.16,0
58.45,26.46,44.48,0,late,sandy,0,1
40.98,28.67,52.52,3.12,initial,loamy,7.33,0
66.24,18.9,84.4,2.59,mid_season,loamy,16.07,0
23.62,22.56,41.5,0,mid_season,sandy,0,1
32.79,24.29,83.6,4.61,development,clay,14.33,0
93.26,33.06,37.65,3.85,initial,clay,1.87,0
68.46,19.56,59.5,3.43,initial,clay,15.17,0
57.87,31.12,81.7,4.72,initial,loamy,5.95,0
85.9,22.26,82.72,4.35,late,clay,16.27,0
22.06,24.76,37.27,1.05,mid_season,loamy,12.77,0
72.14,35.65,41.46,1.87,development,clay,23.7,0
34.07,33.5,78.58,3.98,mid_season,sandy,14.49,0
21.05,31.58,78.51,3.09,mid_season,sandy,1.45,0
61.33,29.88,36.94,5.17,mid_season,sandy,11.62,0
51.53,26.32,70.92,3.62,mid_season,sandy,8.38,0
55.65,26.43,44.83,3.41,initial,sandy,4.64,0
65.62,33.66,69.02,0,initial,clay,0,0
51.7,24.11,48.51,3.3,late,sandy,13.91,0
64.17,33.48,55.5,6.06,development,loamy,13.35,0
40.46,26.61,43.87,0,initial,loamy,0,0
58.42,31.88,35.45,4.41,development,loamy,7.94,0
29.67,31.27,43.77,4.31,initial,sandy,4.32,0
79.03,18.96,52.13,5.15,mid_season,loamy,23.15,0
28.07,34.1,76.86,0,late,clay,0,1
76.18,34.02,45.61,5.91,initial,clay,14.33,0
38.33,22.83,37.71,2.68,initial,clay,4.49,0
62.05,26.6,36.52,3.3,late,sandy,0.77,0
34.88,27.69,79.91,3.69,mid_season,sandy,2.58,0
40.2,35.3,45.75,4.27,mid_season,loamy,6.88,0
44.19,35.54,48.68,4.59,mid_season,clay,13.41,0
54.74,34.22,58.99,3.26,late,clay,6.23,0
44.78,23.75,65.68,3.67,mid_season,sandy,17.79,0
61.4,18.1,50.89,4.32,initial,loamy,6.71,0
55.88,30.5,62.24,4.54,late,clay,9.53,0
48.25,30.46,37.7,2.62,late,loamy,13.84,0
48.21,23.05,48.31,4.44,late,clay,9.32,0
48.62,22.73,49.54,5.03,late,sandy,13.02,0
67.89,32.98,58.1,5.16,mid_season,clay,23.84,0
54.19,27.31,77.33,0,development,sandy,0,1
65.05,32.89,48.97,4.34,development,clay,4.34,0
95,21.76,72.69,4.4,mid_season,sandy,6.41,0
54.8,31.51,77.94,5.37,late,loamy,8.97,0
95,32.38,44.08,3.59,mid_season,sandy,5.41,0
45.22,34.64,57.64,4.4,mid_season,clay,18.48,0
40.48,25.62,60.66,0,initial,sandy,0,0
69.39,29.61,73.15,2.04,mid_season,clay,18.46,0
58.93,33.18,55.16,3.72,late,clay,10.51,0
73.63,24.8,55.69,5.14,late,clay,9.75,0
44.42,25.34,66.81,0,initial,sandy,0,0
24.1,22.87,66.66,2.55,late,loamy,20.62,0
53.6,33.41,71.46,0,development,sandy,0,1
56.54,24.18,71.89,0,late,loamy,0,0
39.61,22.35,54.42,0,initial,sandy,0,0
29.11,27.89,80.47,2.77,late,clay,8.3,0
65.0,18.61,82.35,4.25,late,sandy,14.71,0
62.72,22.88,80.99,4.69,initial,loamy,19.0,0
77.22,22.01,74.05,3.85,development,sandy,6.58,0
43.86,25.4,69.08,4.88,development,clay,0.42,0
63.34,28.68,52.66,3.74,late,clay,18.43,0
70.36,24.83,45.7,4.39,development,sandy,10.23,0
38.86,28.4,81.97,4.05,initial,loamy,7.71,0
72.92,31.0,35.42,3.69,mid_season,clay,10.83,0
52.6,30.16,64.4,4.57,development,loamy,2.95,0
70.46,35.99,35.31,4.7,mid_season,loamy,12.72,0
76.27,35.17,58.41,4.82,late,loamy,10.54,0
75.93,18.15,67.67,4.05,initial,loamy,16.45,0
58.44,28.54,53.85,3.02,late,loamy,9.38,0
23.3,24.93,60.54,4.37,late,sandy,17.38,0
19.0,29.81,40.36,4.94,late,loamy,9.5,0
53.97,33.13,68.83,3.36,mid_season,loamy,6.21,0
68.22,33.29,72.49,3.9,late,loamy,6.74,0
71.05,28.57,79.35,3.79,late,clay,15.45,0
67.57,25.89,57.1,0,late,clay,0,0
49.04,34.49,43.02,4.24,development,clay,5.24,0
49.53,18.31,67.22,0,development,clay,0,0
30.78,29.58,44.06,0,development,clay,0,1
74.18,32.11,35.31,4.59,initial,sandy,0.55,0
61.54,20.8,76.38,0,development,clay,0,0
44.03,28.79,50.47,2.14,mid_season,clay,5.17,0
45.65,34.65,65.87,4.63,late,loamy,11.42,0
63.09,23.75,66.29,3.97,initial,sandy,11.32,0
72.53,24.14,51.32,0,development,sandy,0,0
59.63,19.48,83.63,5.63,mid_season,clay,18.79,0
57.55,32.72,52.26,6.24,initial,clay,13.53,0
49.91,20.75,35.24,2.57,development,sandy,1.24,0
69.81,18.56,35.25,5.4,late,sandy,1.82,0
43.94,23.65,56.26,5.25,late,sandy,1.12,0
43.18,35.26,35.1,5.39,development,clay,12.48,0
37.26,27.98,71.47,3.9,mid_season,clay,19.55,0
64.01,35.08,40.2,4.98,initial,sandy,5.58,0
51.17,35.07,36.35,3.59,development,clay,12.74,0
56.33,27.27,56.18,4.07,initial,sandy,0.27,0
43.5,29.96,79.59,4.81,mid_season,loamy,14.8,0
62.92,31.3,51.48,1.7,mid_season,sandy,21.14,0
40.26,35.94,66.99,4.44,late,sandy,7.35,0
45.01,24.38,70.03,4.56,mid_season,clay,4.24,0
88.57,23.37,68.17,3.25,development,loamy,15.76,0
53.72,19.02,43.7,4.78,mid_season,clay,19.38,0
51.91,19.16,67.52,0,initial,loamy,0,0
44.94,32.78,44.77,0,development,clay,0,1
67.71,30.33,61.68,4.56,late,clay,19.56,0
74.8,31.74,69.83,2.89,development,loamy,10.48,0
69.62,35.53,37.84,3.29,initial,clay,7.5,0
87.12,33.9,62.74,3.38,mid_season,sandy,3.26,0
18.36,32.55,59.92,3.07,mid_season,clay,12.01,0
52.8,23.19,62.67,4.98,mid_season,sandy,16.9,0
71.06,24.86,68.78,4.09,development,sandy,6.93,0
67.96,21.37,72.68,4.09,initial,clay,8.13,0
44.2,32.93,52.59,4.81,mid_season,clay,12.49,0
73.7,19.31,65.14,3.82,mid_season,sandy,14.27,0
30.08,32.36,56.42,2.11,mid_season,sandy,9.06,0
69.74,30.22,83.06,3.46,initial,sandy,0.53,0
40.77,31.85,83.48,4.6,late,sandy,3.06,0
71.16,30.06,80.49,2.83,initial,loamy,0.76,0
65.32,25.05,43.87,0,initial,sandy,0,0
55.24,26.74,74.5,3.49,development,clay,10.92,0
40.21,27.95,78.26,0,initial,clay,0,0
23.94,26.1,40.65,5.38,initial,loamy,13.36,0
64.25,30.65,37.82,2.94,initial,clay,11.51,0
54.31,30.61,45.72,1.79,initial,loamy,4.16,0
40.05,30.34,57.06,5.32,late,clay,10.86,0
82.04,22.12,49.67,5.25,late,sandy,7.94,0
52.72,32.92,50.52,4.08,mid_season,sandy,8.37,0
23.33,25.25,68.86,5.58,initial,sandy,7.54,0
61.85,35.56,63.46,2.99,late,clay,9.72,0
69.58,22.88,49.18,4.84,mid_season,loamy,11.16,0
61.75,20.57,78.34,4.21,initial,clay,7.83,0
44.27,22.0,69.54,3.71,mid_season,clay,17.41,0
51.76,22.58,42.04,3.51,development,sandy,5.06,0
48.33,34.41,66.03,0,late,loamy,0,1
53.71,32.55,55.71,5.64,development,sandy,7.89,0
61.59,29.02,61.19,3.4,development,loamy,25.91,0
61.31,32.69,36.36,2.3,late,sandy,14.56,0
76.72,34.1,56.81,0,late,sandy,0,0
47.82,29.95,69.8,4.22,initial,loamy,17.32,0
60.34,19.41,35.26,0,development,sandy,0,0
62.11,23.42,53.26,2.56,initial,loamy,0.69,0
82.41,24.69,55.61,3.68,late,sandy,1.6,0
60.49,27.54,39.66,3.72,development,clay,0.13,0
73.43,29.35,67.05,4.98,late,sandy,17.01,0
68.17,28.34,76.26,4.23,mid_season,loamy,14.18,0
74.59,28.29,37.83,4.04,late,clay,10.65,0
33.47,29.41,79.59,3.44,mid_season,clay,19.78,0
66.91,31.48,38.33,1.31,late,clay,17.71,0
31.43,29.62,50.86,4.0,mid_season,loamy,5.72,0
77.18,31.25,39.1,3.93,initial,sandy,4.03,0
66.53,28.55,39.61,5.24,mid_season,loamy,10.17,0
55.96,19.05,54.19,3.51,late,loamy,2.87,0
32.81,32.04,43.06,0,initial,clay,0,0
24.14,20.57,35.52,3.52,late,loamy,15.29,0
44.54,20.88,68.31,0,development,sandy,0,1
83.86,29.45,76.97,3.96,late,sandy,3.65,0
45.3,34.33,67.03,5.29,late,loamy,11.76,0
64.85,20.15,81.52,4.93,late,loamy,8.68,0
60.48,33.79,47.9,4.5,late,sandy,4.17,0
20.83,34.19,72.69,0,initial,clay,0,0
14.63,24.66,71.99,3.6,initial,clay,5.92,0
56.04,34.76,44.16,4.03,late,clay,16.77,0
37.52,31.9,56.51,4.92,development,sandy,9.01,0
53.35,30.39,37.74,6.78,development,clay,2.57,0
47.86,32.53,52.18,0,initial,loamy,0,0
45.86,24.97,59.58,3.54,mid_season,clay,16.9,0
64.11,26.94,44.18,5.04,mid_season,loamy,11.79,0
71.5,33.54,43.79,1.39,development,loamy,5.59,0
44.26,34.96,43.29,4.54,mid_season,sandy,6.93,0
83.44,28.9,39.39,3.17,mid_season,loamy,15.36,0
56.35,29.59,64.69,3.42,late,loamy,6.21,0
57.99,26.19,43.22,3.58,initial,loamy,4.39,0
47.73,34.01,61.73,2.86,late,clay,11.01,0
65.09,32.9,63.4,0,initial,loamy,0,0
71.33,20.66,42.67,4.7,development,loamy,11.83,0
49.1,21.53,72.37,5.04,development,sandy,6.91,0
62.53,22.78,59.43,4.41,development,loamy,12.76,0
35.85,33.62,76.29,4.3,development,clay,17.09,0
24.72,25.58,54.94,2.82,initial,sandy,3.38,0
81.75,21.04,84.94,2.76,mid_season,loamy,11.94,0
37.07,18.73,69.28,3.86,late,sandy,2.0,0
74.47,24.47,41.79,5.68,late,clay,5.86,0
41.19,29.58,73.22,2.44,mid_season,clay,14.5,0
36.07,28.32,38.06,4.07,development,clay,2.94,0
60.49,31.1,44.97,2.77,initial,clay,6.41,0
69.27,30.46,42.19,0,late,sandy,0,0
51.34,33.93,39.93,3.58,mid_season,loamy,8.45,0
72.31,34.76,62.09,4.59,development,clay,11.43,0
42.87,22.96,80.73,3.59,development,clay,8.83,0
53.87,27.31,45.21,3.47,development,clay,5.95,0
63.35,25.31,62.35,3.33,mid_season,sandy,8.49,0
62.06,26.66,45.98,2.64,late,sandy,10.66,0
25.5,18.46,46.19,4.64,late,sandy,17.79,0
44.13,23.4,54.51,0,development,sandy,0,1
44.43,32.15,65.02,0,initial,loamy,0,0
56.93,25.67,39.96,3.3,development,clay,17.0,0
49.17,29.2,53.76,1.76,late,sandy,5.03,0
67.91,21.0,41.88,3.05,late,sandy,12.57,0
5,21.53,43.15,7.54,late,loamy,4.73,0
51.65,18.29,48.31,6.23,initial,loamy,0.41,0
48.52,32.68,79.97,2.94,late,sandy,5.88,0
46.16,22.59,68.16,3.26,development,clay,7.23,0
61.85,27.56,44.57,4.23,mid_season,loamy,23.87,0
68.33,27.27,54.57,5.55,mid_season,loamy,14.41,0
55.13,31.46,68.96,3.88,late,clay,8.89,0
78.05,32.19,71.45,3.46,initial,sandy,4.84,0
50.44,22.36,44.72,4.94,development,loamy,23.53,0
80.91,35.2,72.55,3.24,mid_season,loamy,10.88,0
54.89,28.34,68.47,0,development,loamy,0,0
77.11,26.72,69.93,5.97,development,clay,10.54,0
39.3,34.33,65.69,3.6,late,clay,13.36,0
15.41,25.56,36.64,4.2,initial,sandy,4.46,0
92.68,22.52,66.04,2.63,development,clay,9.77,0
32.54,21.17,37.91,2.28,mid_season,clay,16.09,0
54.63,21.73,39.12,5.04,development,loamy,7.7,0
51.1,30.19,39.54,3.83,initial,clay,1.86,0
44.01,25.56,54.59,4.91,late,loamy,8.97,0
47.56,23.49,66.96,4.6,late,loamy,7.48,0
39.07,23.96,73.96,4.06,mid_season,clay,22.7,0
29.01,28.21,67.23,2.28,mid_season,clay,19.1,0
50.8,32.19,56.16,2.9,late,sandy,9.08,0
43.6,27.87,74.86,2.94,initial,loamy,4.94,0
48.27,35.96,59.67,5.16,late,sandy,11.76,0
10.41,23.59,69.61,3.83,development,loamy,3.59,0
72.01,21.49,59.31,4.33,initial,clay,3.67,0
30.75,22.82,42.8,3.21,mid_season,loamy,7.73,0
59.05,32.52,39.24,0,late,sandy,0,1
56.03,29.88,43.71,6.06,initial,sandy,10.86,0
42.38,20.15,80.17,0,initial,clay,0,0
72.08,24.53,40.05,1.62,late,loamy,11.17,0
95,25.06,65.48,3.63,late,clay,7.3,0
36.95,24.94,47.22,5.09,late,clay,19.18,0
19.59,24.66,71.1,5.6,late,clay,23.8,0
50.25,22.15,47.89,3.45,mid_season,loamy,19.36,0
48.87,21.85,79.94,3.6,initial,loamy,8.37,0
78.47,30.98,64.45,3.97,initial,sandy,2.73,0
47.14,32.18,45.21,4.57,late,clay,1.21,0
55.03,25.86,48.3,6.47,late,loamy,11.67,0
59.01,25.99,63.45,3.18,development,loamy,1.59,0
36.85,30.1,76.94,3.45,mid_season,sandy,3.62,0
35.42,24.75,64.83,3.0,late,loamy,2.06,0
39.31,30.94,60.29,3.06,development,loamy,15.2,0
73.97,35.72,44.73,3.38,late,sandy,11.81,0
72.95,35.25,68.55,5.22,mid_season,sandy,3.38,0
73.6,27.89,53.38,0,late,sandy,0,0
49.51,27.27,67.04,3.32,mid_season,loamy,6.1,0
80.04,34.03,64.7,2.28,late,loamy,5.52,0
50.95,26.0,60.25,6.72,initial,clay,14.03,0
77.41,25.16,68.31,0,initial,loamy,0,0
58.56,33.65,66.24,6.23,initial,loamy,0.13,0
64.47,31.9,50.21,3.65,late,clay,24.41,0
51.82,24.76,51.33,4.23,late,loamy,4.98,0
74.44,35.52,36.78,1.83,late,loamy,11.88,0
49.21,22.21,42.74,3.76,initial,sandy,7.98,0
54.52,32.79,69.12,2.63,initial,loamy,8.73,0
85.97,27.31,63.94,4.57,mid_season,loamy,7.14,0
60.42,34.54,72.0,3.84,initial,sandy,0.68,0
68.14,33.44,54.52,0,development,loamy,0,0
70.34,34.16,84.65,2.69,development,sandy,1.51,0
59.83,22.76,84.12,2.23,mid_season,clay,5.25,0
42.41,29.4,84.64,3.78,late,loamy,3.48,0
49.34,19.03,45.23,5.28,development,sandy,14.63,0
41.55,21.0,47.66,4.12,mid_season,clay,17.59,0
81.16,21.97,43.67,0,initial,sandy,0,0
84.9,25.69,46.23,0,initial,loamy,0,0
68.03,24.51,62.94,2.16,late,loamy,15.28,0
59.73,33.78,40.93,0,mid_season,sandy,0,1
63.26,22.37,38.08,4.33,development,loamy,19.16,0
71.9,19.44,48.37,4.89,development,loamy,10.95,0
54.07,26.45,68.24,0,development,loamy,0,0
53.15,27.06,76.72,5.67,development,sandy,0.64,0
50.73,20.59,62.84,0,initial,loamy,0,0
23.75,28.67,74.59,3.33,mid_season,loamy,12.85,0
44.81,29.61,62.06,3.78,initial,clay,6.46,0
43.14,32.13,49.26,3.5,late,clay,17.08,0
24.61,30.62,56.03,4.63,development,loamy,5.01,0
65.33,34.85,37.53,3.33,development,clay,6.49,0
48.76,26.99,70.82,0,initial,clay,0,0
50.52,21.63,70.91,5.18,late,clay,9.63,0
61.62,23.72,77.15,6.03,development,clay,14.21,0
29.1,34.06,73.53,4.25,late,sandy,12.22,0
79.99,33.74,41.09,3.93,development,clay,1.74,0
30.6,32.21,65.27,3.96,initial,sandy,0.83,0
52.87,20.98,44.64,6.1,development,sandy,4.62,0
68.42,30.89,43.31,0,development,loamy,0,0
52.15,20.9,75.49,3.81,mid_season,loamy,7.68,0
25.37,30.5,65.04,2.4,initial,clay,1.87,0
73.9,19.16,39.05,5.97,mid_season,loamy,6.38,0
40.4,32.69,76.88,0,initial,loamy,0,0
95,23.02,42.76,3.58,mid_season,sandy,6.84,0
41.06,29.24,57.62,3.31,mid_season,sandy,9.45,0
58.15,21.68,40.38,0,mid_season,loamy,0,0
92.45,18.52,44.01,4.31,mid_season,sandy,13.42,0
82.53,28.83,71.43,0,development,loamy,0,0
73.0,21.17,74.99,4.22,mid_season,loamy,27.38,0
38.51,25.76,55.08,4.25,development,loamy,4.5,0
25.83,23.55,47.74,0,initial,clay,0,0
5,21.34,78.16,5.51,mid_season,loamy,13.88,0
51.63,18.57,77.73,5.81,mid_season,sandy,17.53,0
67.0,24.51,64.82,0,late,loamy,0,0
95,31.74,75.48,0,late,loamy,0,0
63.55,23.53,47.94,3.8,development,clay,5.8,0
67.44,35.93,72.42,0,initial,loamy,0,0
69.74,20.41,53.18,0,initial,loamy,0,0
50.53,19.45,45.21,3.61,late,sandy,9.29,0
58.54,35.22,48.48,5.09,development,sandy,1.36,0
53.98,34.39,78.13,4.55,mid_season,sandy,16.11,0
72.59,30.46,73.05,6.47,mid_season,loamy,13.23,0
88.29,31.97,58.5,4.33,initial,loamy,9.34,0
54.01,18.5,56.84,3.92,initial,clay,0.74,0
57.82,25.35,58.03,0,development,clay,0,0
39.66,22.37,67.11,2.5,mid_season,loamy,13.27,0
75.86,21.97,42.33,0,initial,clay,0,0
57.91,22.06,54.21,0,initial,loamy,0,0
76.74,20.91,69.9,7.09,late,clay,2.63,0
79.65,33.6,42.66,4.01,initial,loamy,4.67,0
95,22.26,62.44,5.56,mid_season,loamy,2.01,0
47.83,27.0,62.67,5.61,late,loamy,12.21,0
55.89,21.37,57.76,3.85,mid_season,sandy,8.43,0
63.79,35.01,44.55,3.2,development,sandy,5.21,0
48.46,27.88,75.79,5.82,initial,loamy,7.2,0
51.15,19.57,76.96,4.66,mid_season,clay,19.92,0
55.21,34.34,46.37,3.95,mid_season,sandy,1.68,0
46.4,34.54,63.11,4.08,mid_season,sandy,9.11,0
61.23,27.68,49.33,3.9,mid_season,loamy,10.11,0
55.95,21.91,36.63,3.48,initial,clay,3.72,0
55.61,19.6,57.66,2.68,mid_season,sandy,16.29,0
65.85,33.84,70.26,3.34,mid_season,loamy,6.01,0
39.3,32.77,67.62,6.3,mid_season,clay,19.48,0
53.64,23.21,63.28,3.26,late,clay,19.92,0
49.84,30.19,50.49,3.88,mid_season,loamy,20.16,0
71.42,31.66,49.24,3.63,late,sandy,12.19,0
60.58,35.16,83.56,3.65,initial,sandy,1.31,0
58.53,22.93,62.21,3.71,initial,loamy,5.36,0
40.84,21.3,51.61,0,initial,clay,0,0
64.33,26.42,58.03,4.72,mid_season,sandy,15.87,0
9.09,31.58,46.87,4.85,mid_season,sandy,11.8,0
33.22,19.19,68.1,3.14,initial,clay,17.84,0
65.95,22.21,67.91,1.91,initial,loamy,15.79,0
37.52,20.48,44.76,2.84,mid_season,sandy,27.72,0
66.73,19.94,62.33,2.47,late,loamy,0.42,0
51.0,31.67,83.92,4.09,late,sandy,16.84,0
57.01,24.64,58.09,5.98,development,sandy,6.79,0
95,25.56,57.96,3.63,late,loamy,14.99,0
79.33,22.71,78.06,3.21,development,loamy,15.53,0
46.23,21.61,36.72,4.05,mid_season,clay,19.88,0
44.53,24.58,63.85,4.22,mid_season,loamy,18.2,0
34.83,23.65,61.48,4.53,mid_season,sandy,10.46,0
91.29,31.27,80.2,4.55,late,clay,1.85,0
43.19,34.03,79.36,3.28,late,clay,2.02,0
53.46,31.51,61.94,5.1,development,loamy,3.14,0
43.73,20.88,45.66,3.34,mid_season,loamy,14.79,0
31.09,27.98,52.01,0.55,mid_season,clay,19.03,0
26.85,33.97,67.08,4.79,initial,loamy,7.09,0
11.15,33.43,71.28,0,initial,clay,0,0
45.47,25.33,43.89,0,late,loamy,0,1
77.93,32.03,40.16,4.07,late,clay,10.9,0
33.03,31.75,58.85,4.38,mid_season,sandy,6.36,0
74.56,27.82,68.59,0,development,sandy,0,0
55.74,26.74,77.88,4.74,initial,loamy,1.0,0
32.41,20.03,75.5,3.44,initial,sandy,5.34,0
71.88,28.01,61.54,4.45,development,clay,12.41,0
68.58,34.42,56.68,4.79,initial,clay,0.98,0
53.3,22.97,64.29,4.83,mid_season,sandy,6.2,0
59.33,31.52,80.35,5.29,development,loamy,0.74,0
76.93,28.45,37.62,5.01,development,clay,1.09,0
93.44,33.83,52.37,5.7,mid_season,sandy,8.15,0
52.16,20.77,78.13,3.16,development,loamy,5.74,0
68.4,35.69,83.55,3.49,mid_season,loamy,15.19,0
54.86,21.11,77.76,1.72,late,clay,8.81,0
72.29,23.34,73.06,3.67,late,clay,12.02,0
43.64,32.63,39.3,5.57,late,clay,3.75,0
36.88,20.17,60.37,0,initial,clay,0,0
92.26,23.37,71.55,3.5,development,loamy,9.54,0
46.37,19.36,37.62,4.94,late,loamy,6.44,0
39.6,24.32,53.82,1.95,mid_season,sandy,5.42,0
41.27,31.95,79.67,5.29,development,sandy,1.17,0
9.14,27.49,36.25,3.98,late,loamy,12.45,0
79.01,30.44,80.1,4.18,development,clay,6.47,0
83.42,30.76,60.68,2.48,initial,clay,0.35,0
65.67,34.16,65.69,5.03,late,clay,10.6,0
62.29,25.95,40.53,6.49,development,sandy,4.26,0
53.45,22.2,76.58,5.1,mid_season,clay,12.32,0
89.69,20.07,54.9,1.94,initial,loamy,5.76,0
56.42,22.63,65.1,3.43,late,loamy,12.8,0
87.18,28.08,75.56,5.41,development,clay,8.84,0
63.12,30.29,74.67,3.57,mid_season,loamy,16.24,0
71.03,27.23,73.13,3.59,development,loamy,0.14,0
61.46,24.32,72.39,4.89,late,sandy,8.41,0
92.55,31.34,53.49,0,mid_season,sandy,0,0
51.81,19.17,62.52,0,initial,sandy,0,0
61.33,31.64,69.14,5.88,late,sandy,5.06,0
30.47,31.37,69.41,3.5,late,clay,4.01,0
54.21,34.46,71.44,4.18,mid_season,sandy,10.97,0
63.29,30.92,57.53,0,initial,loamy,0,0
57.74,19.12,45.26,3.54,late,sandy,8.95,0
57.33,19.77,50.1,4.84,mid_season,loamy,11.51,0
64.34,27.1,70.56,0,late,loamy,0,0
51.27,32.18,44.41,3.89,initial,loamy,2.06,0
65.1,20.93,72.13,5.2,late,sandy,7.5,0
74.58,30.57,62.3,0,development,sandy,0,0
60.36,25.9,53.04,2.07,late,clay,3.3,0
71.88,29.61,44.52,0,initial,clay,0,0
62.73,31.31,37.4,3.19,late,sandy,2.26,0
8.85,32.72,39.18,0,initial,clay,0,0
50.38,19.63,63.31,4.91,mid_season,clay,9.58,0
26.11,26.77,48.81,0,initial,clay,0,0
64.94,24.95,44.86,5.46,development,loamy,5.13,0
50.3,24.09,56.44,3.49,late,clay,10.55,0
57.49,31.61,51.99,3.3,development,clay,12.98,0
64.81,29.07,58.86,3.28,late,clay,11.58,0
54.09,31.16,76.45,6.07,initial,loamy,3.59,0
82.59,20.67,40.54,3.59,mid_season,sandy,16.09,0
55.17,32.17,58.64,4.44,mid_season,clay,10.21,0
49.53,22.69,44.15,3.05,initial,loamy,0.02,0
54.95,31.16,51.97,2.77,development,loamy,8.12,0
43.35,29.8,45.35,5.2,development,clay,5.83,0
55.69,22.99,49.0,4.07,development,sandy,20.47,0
41.01,26.85,53.77,4.07,mid_season,loamy,16.38,0
61.55,20.64,41.15,3.89,initial,sandy,9.01,0
57.44,29.98,42.17,2.79,mid_season,loamy,20.65,0
49.56,22.41,82.55,4.79,mid_season,sandy,6.65,0
51.82,21.94,58.87,5.06,late,loamy,18.44,0
53.97,31.5,39.03,0,initial,loamy,0,0
31.83,32.55,65.3,4.43,mid_season,sandy,3.72,0
58.84,22.03,79.41,2.35,development,sandy,7.23,0
59.59,28.01,49.37,3.21,mid_season,sandy,2.42,0
37.02,31.47,69.69,5.0,mid_season,sandy,7.15,0
34.05,33.33,68.92,5.5,mid_season,clay,16.42,0
63.85,25.37,37.26,4.26,development,loamy,1.83,0
88.18,18.2,35.83,3.07,initial,loamy,1.25,0
47.9,33.93,69.75,2.05,mid_season,sandy,13.84,0
55.8,27.48,38.76,3.1,development,loamy,8.96,0
52.19,23.9,36.53,3.24,mid_season,loamy,18.99,0
81.77,20.58,37.47,5.26,late,clay,8.68,0
38.53,35.98,70.94,3.47,mid_season,clay,6.41,0
74.2,18.2,84.25,4.33,mid_season,clay,18.48,0
52.42,21.54,56.86,3.14,late,loamy,17.93,0
62.94,27.69,37.71,5.48,initial,loamy,6.24,0
50.87,26.08,44.74,5.18,late,clay,3.46,0
29.1,33.06,74.17,3.16,mid_season,clay,10.5,0
25.25,30.93,47.86,3.33,late,clay,6.45,0
26.12,21.71,37.27,2.95,late,sandy,9.27,0
26.87,25.32,54.89,3.07,development,loamy,10.25,0
45.99,35.63,60.1,0,late,sandy,0,1
61.85,32.62,75.46,0,initial,clay,0,0
57.31,23.65,82.46,4.33,mid_season,clay,0.08,0
43.41,30.6,43.64,3.24,initial,sandy,7.5,0
72.74,25.03,70.35,5.24,initial,sandy,4.88,0
22.14,28.29,63.92,3.87,development,clay,0.25,0
22.56,28.76,52.95,3.35,development,loamy,23.73,0
53.6,33.53,63.08,4.74,mid_season,clay,4.3,0
35.86,32.69,78.47,3.98,mid_season,sandy,4.2,0
39.58,24.55,44.54,4.8,late,clay,13.73,0
46.18,35.73,40.65,4.16,initial,clay,2.24,0
83.51,27.86,38.62,2.87,initial,sandy,13.23,0
60.34,19.44,79.23,0,initial,sandy,0,0
45.72,22.6,68.97,0,initial,loamy,0,0
43.73,20.15,53.1,4.34,mid_season,sandy,3.98,0
51.82,20.11,39.38,4.43,mid_season,sandy,7.0,0
49.76,19.07,72.88,2.33,late,clay,5.08,0
41.76,30.48,65.0,4.9,mid_season,clay,27.9,0
59.05,34.29,58.96,2.96,mid_season,clay,15.96,0
54.46,33.65,51.52,3.71,late,clay,10.97,0
64.37,21.41,35.04,4.86,development,sandy,11.74,0
42.45,32.34,47.89,3.89,late,loamy,6.62,0
57.89,28.98,49.17,2.49,initial,sandy,3.47,0
20.39,26.24,65.08,3.86,initial,sandy,4.69,0
74.14,27.54,44.69,3.78,mid_season,loamy,10.8,0
77.25,26.47,59.32,3.02,mid_season,loamy,12.68,0
67.15,23.84,40.41,5.69,development,sandy,13.31,0
34.32,19.5,43.27,6.92,initial,clay,11.97,0
44.5,25.49,80.39,4.47,late,sandy,2.15,0
42.54,29.52,64.53,3.55,mid_season,clay,13.68,0
28.98,27.12,83.01,4.68,mid_season,loamy,20.79,0
27.64,30.53,61.24,4.66,initial,clay,8.9,0
30.21,24.19,84.8,3.13,development,loamy,12.73,0
79.28,19.96,66.88,4.52,initial,sandy,6.46,0
45.81,28.27,62.67,5.23,mid_season,clay,20.16,0
61.97,35.28,58.95,1.91,initial,loamy,16.21,0
45.55,26.0,59.13,0,initial,clay,0,0
55.14,19.85,72.9,6.55,initial,clay,0.06,0
95,25.82,73.36,2.2,initial,sandy,1.93,0
45.65,31.66,49.93,5.24,initial,sandy,3.76,0
51.7,20.25,47.28,0,late,sandy,0,1
79.28,19.68,74.62,0,initial,sandy,0,0
56.51,24.45,70.18,5.28,development,clay,9.69,0
62.38,32.57,38.26,4.58,mid_season,clay,19.09,0
62.82,34.88,68.36,3.81,development,clay,2.94,0
44.49,32.53,60.77,1.42,development,loamy,6.22,0
91.3,25.54,64.04,4.72,late,sandy,20.4,0
46.73,22.11,52.28,0.8,initial,loamy,11.91,0
39.85,32.52,66.2,4.53,development,loamy,16.46,0
66.05,27.2,38.36,4.18,mid_season,loamy,2.09,0
45.34,22.51,48.34,3.53,development,sandy,2.31,0
47.1,23.31,83.46,4.57,initial,clay,9.25,0
68.93,22.88,69.9,3.73,late,loamy,20.65,0
39.24,25.35,48.82,4.84,late,clay,16.66,0
95,33.44,81.21,5.22,development,sandy,11.59,0
30.42,26.15,35.41,4.99,initial,clay,7.82,0
47.25,19.14,68.9,0,mid_season,sandy,0,1
24.98,30.34,38.59,4.12,development,sandy,4.56,0
30.91,33.3,35.75,2.79,initial,clay,1.42,0
60.65,24.46,41.44,0,late,sandy,0,0
57.75,33.33,41.7,4.18,late,clay,4.37,0
57.07,23.79,44.12,3.75,late,loamy,13.61,0
29.15,20.41,54.51,3.26,late,sandy,3.75,0
53.81,25.07,58.57,3.97,development,sandy,0.51,0
32.27,22.64,43.61,3.08,initial,clay,8.72,0
73.7,24.97,71.02,3.79,initial,sandy,15.25,0
87.41,19.87,56.13,2.95,late,clay,8.26,0
33.64,20.94,81.53,5.45,initial,loamy,5.56,0
78.67,24.1,50.37,1.88,initial,clay,0.81,0
71.37,20.49,38.3,2.67,mid_season,clay,6.3,0
52.74,22.52,70.34,3.22,initial,clay,15.21,0
55.09,19.82,47.83,1.36,mid_season,clay,24.99,0
28.02,18.1,77.73,1.99,mid_season,clay,3.06,0
75.25,18.78,43.02,3.23,mid_season,sandy,28.57,0
38.29,30.97,46.95,4.35,late,clay,19.07,0
47.65,35.27,71.95,4.4,late,loamy,5.56,0
54.08,28.74,83.75,2.68,initial,clay,8.25,0
51.66,28.67,62.94,5.49,development,loamy,2.87,0
21.36,32.29,76.49,4.38,mid_season,clay,26.77,0
55.83,25.73,58.99,3.23,late,sandy,1.7,0
58.45,20.02,64.99,4.49,late,loamy,5.12,0
74.45,24.2,78.5,1.98,initial,clay,5.21,0
81.73,22.16,40.46,3.82,development,loamy,15.93,0
57.12,31.31,83.71,0,initial,clay,0,0
64.6,20.92,60.37,5.01,initial,loamy,0.33,0
38.05,23.52,47.94,3.8,late,clay,9.22,0
61.6,22.8,71.03,0,initial,clay,0,0
31.58,35.79,84.52,6.53,late,sandy,1.45,0
93.0,25.39,42.11,3.24,development,loamy,10.28,0
39.15,33.08,68.77,2.98,late,sandy,23.8,0
67.96,29.28,52.65,5.92,late,sandy,8.63,0
61.39,27.61,36.11,4.94,development,clay,2.08,0
16.64,35.72,42.78,4.88,development,sandy,3.5,0
51.74,18.9,61.92,4.08,mid_season,sandy,20.77,0
61.89,27.47,43.86,0,mid_season,sandy,0,0
45.08,19.04,82.31,4.22,late,clay,6.67,0
51.54,25.37,47.45,4.39,mid_season,clay,11.98,0
46.53,27.87,45.58,5.82,late,loamy,24.02,0
57.07,35.49,80.51,3.04,mid_season,clay,12.32,0
35.12,32.54,68.15,6.01,late,loamy,4.11,0
92.57,28.51,68.02,0,development,sandy,0,0
61.7,29.9,52.38,4.01,late,sandy,7.39,0
49.02,21.08,51.05,0,initial,clay,0,0
57.14,18.4,59.79,5.7,mid_season,loamy,13.1,0
45.7,33.32,80.42,0,development,sandy,0,1
65.8,35.69,62.57,4.66,late,clay,13.85,0
80.13,18.57,75.98,3.35,mid_season,sandy,15.45,0
61.96,21.05,73.02,3.39,initial,sandy,10.21,0
40.47,23.61,45.14,3.11,development,clay,17.41,0
54.36,35.84,73.84,0,development,loamy,0,0
82.47,21.25,58.52,3.4,initial,loamy,11.25,0
56.97,19.08,62.49,2.6,late,sandy,5.08,0
29.29,27.35,46.33,2.24,development,sandy,10.7,0
53.74,31.68,69.9,5.67,initial,sandy,7.2,0
73.2,18.51,59.21,5.59,mid_season,sandy,4.44,0
52.2,23.95,69.62,3.13,mid_season,clay,5.98,0
35.63,28.82,75.99,4.46,development,clay,6.34,0
26.93,23.46,49.31,3.51,initial,loamy,8.69,0
81.11,26.4,35.55,3.87,initial,sandy,6.67,0
74.86,19.4,50.94,3.07,late,clay,3.97,0
51.62,31.44,44.23,5.1,late,loamy,3.05,0
46.85,25.09,63.9,2.28,development,clay,12.71,0
63.46,22.7,45.81,3.33,mid_season,clay,7.05,0
32.45,23.79,83.4,3.82,development,clay,11.14,0
34.14,27.32,51.72,0,development,clay,0,1
50.17,32.63,36.72,3.4,initial,sandy,1.23,0
41.99,21.04,62.85,6.11,mid_season,loamy,17.21,0
54.97,24.29,61.28,6.39,initial,loamy,5.01,0
66.85,33.32,37.24,3.85,mid_season,sandy,15.55,0
45.26,28.95,64.81,0,development,sandy,0,1
46.94,20.01,62.94,0,initial,sandy,0,0
48.62,31.79,45.37,4.43,mid_season,sandy,6.67,0
51.01,32.35,80.78,4.73,mid_season,sandy,19.27,0
63.43,29.1,48.39,3.26,mid_season,clay,20.42,0
58.37,32.79,69.62,4.19,mid_season,loamy,15.7,0
62.14,23.26,60.36,0,development,loamy,0,0
55.17,29.39,44.95,0,late,loamy,0,0
57.34,25.83,84.32,3.71,mid_season,clay,12.06,0
79.15,19.58,58.01,4.94,late,loamy,6.18,0
58.73,35.31,77.6,3.66,late,sandy,4.93,0
61.27,31.39,49.93,4.35,initial,loamy,6.24,0
52.86,28.35,61.91,0,late,loamy,0,0
56.11,31.19,54.91,5.29,mid_season,loamy,16.15,0
68.07,29.94,77.18,2.02,late,loamy,16.59,0
32.18,31.06,58.8,0,initial,sandy,0,0
27.94,25.65,41.52,3.94,mid_season,loamy,12.44,0
44.57,32.65,67.48,3.04,mid_season,clay,7.2,0
51.98,32.93,75.27,5.31,late,sandy,9.35,0
66.24,33.96,70.18,0,mid_season,sandy,0,0
94.09,19.33,51.22,0,initial,clay,0,0
55.28,30.86,59.96,5.2,mid_season,loamy,22.25,0
72.13,33.14,40.55,4.88,late,loamy,7.78,0
57.16,21.59,58.01,6.1,development,clay,13.81,0
26.81,20.0,36.56,4.99,late,clay,9.23,0
39.63,35.73,37.36,4.26,late,clay,22.11,0
33.26,25.42,70.03,5.48,mid_season,clay,12.33,0
57.69,18.1,67.83,4.09,initial,clay,9.81,0
61.83,27.26,82.94,3.85,initial,sandy,0.29,0
47.14,25.77,81.5,4.2,late,loamy,3.46,0
56.09,21.83,41.02,6.2,initial,loamy,7.0,0
40.02,32.66,56.72,4.91,initial,loamy,10.87,0
39.94,23.72,75.33,1.43,mid_season,loamy,17.87,0
73.14,25.04,65.65,3.7,initial,sandy,6.08,0
55.17,34.43,57.81,4.56,initial,loamy,8.25,0
39.23,25.25,44.77,5.81,late,sandy,11.84,0
59.17,21.66,76.81,4.09,late,clay,4.01,0
78.28,18.53,59.15,0,initial,sandy,0,0
53.66,31.26,48.09,3.91,late,sandy,8.33,0
64.88,34.87,75.56,2.56,initial,loamy,7.89,0
81.05,24.5,55.27,3.37,development,clay,8.46,0
42.21,35.38,84.92,4.63,mid_season,sandy,9.36,0
63.9,31.07,54.64,0,initial,loamy,0,0
85.39,20.25,48.24,4.24,late,loamy,10.72,0
45.68,23.51,54.09,4.02,mid_season,clay,18.54,0
58.62,19.89,57.84,4.44,initial,clay,1.94,0
95,20.49,38.39,3.44,development,sandy,5.7,0
72.64,35.79,64.96,4.8,mid_season,clay,9.42,0
82.44,23.33,54.3,2.37,initial,clay,2.55,0
68.52,27.69,52.45,3.37,initial,clay,11.91,0
76.27,24.12,59.8,2.87,initial,sandy,16.68,0
52.59,27.21,35.86,2.71,mid_season,sandy,10.66,0
35.81,25.38,59.03,4.14,initial,sandy,6.4,0
45.18,24.65,57.62,0,late,clay,0,0
92.44,23.02,38.28,3.97,development,sandy,15.18,0
64.97,35.66,69.88,0,development,clay,0,0
41.11,28.07,37.23,3.56,development,clay,12.47,0
74.22,33.27,39.98,2.98,late,sandy,14.26,0
65.82,26.58,59.42,5.28,initial,clay,7.33,0
43.8,27.76,81.83,2.04,initial,sandy,15.99,0
34.34,28.17,75.63,2.99,development,clay,4.51,0
75.69,20.43,62.56,3.36,mid_season,loamy,5.44,0
72.43,25.24,38.95,4.12,initial,sandy,3.43,0
50.82,24.3,75.96,3.59,development,sandy,7.75,0
61.59,19.17,43.12,7.89,mid_season,clay,17.35,0
69.38,29.0,37.36,3.25,late,clay,12.37,0
81.21,23.28,39.67,0,late,sandy,0,0
61.23,24.74,69.78,5.24,late,loamy,5.26,0
83.38,30.32,43.45,3.32,mid_season,loamy,14.84,0
42.73,33.21,73.65,4.03,late,loamy,6.0,0
60.21,30.68,62.07,3.27,initial,clay,15.63,0
69.41,28.73,65.6,5.39,late,sandy,7.25,0
26.47,29.93,83.11,3.42,late,clay,18.73,0
74.6,19.43,78.51,4.86,development,sandy,15.63,0
55.43,33.73,76.88,0,initial,clay,0,0
66.17,20.8,81.64,3.7,initial,loamy,2.4,0
67.24,20.73,43.05,0,late,sandy,0,0
43.86,23.49,61.34,3.58,late,sandy,5.5,0
22.37,19.98,75.15,3.82,development,loamy,4.62,0
60.34,27.79,72.52,3.56,initial,clay,8.38,0
91.53,23.56,39.7,3.23,late,clay,24.99,0
73.29,25.3,65.24,0,development,sandy,0,0
24.41,32.47,59.51,2.59,initial,sandy,2.14,0
75.34,30.47,44.17,6.28,late,loamy,11.34,0
52.8,20.89,82.72,2.16,development,clay,4.91,0
53.74,27.26,72.04,5.13,late,clay,12.14,0
53.3,20.55,39.42,4.85,development,clay,10.66,0
38.57,27.81,68.28,3.99,late,loamy,6.15,0
63.53,31.87,63.41,0,initial,clay,0,0
87.38,18.04,57.15,3.63,development,clay,8.86,0
25.44,26.75,80.4,2.03,development,clay,6.16,0
39.25,26.72,81.12,5.79,development,clay,9.29,0
68.93,34.65,83.33,1.66,late,loamy,12.96,0
48.23,24.8,84.92,1.36,mid_season,sandy,4.86,0
31.19,19.04,42.51,0,late,clay,0,1
79.31,28.36,65.25,3.66,initial,loamy,9.17,0
56.91,34.84,73.56,5.82,initial,clay,10.14,0
62.85,33.06,61.09,3.49,mid_season,clay,20.06,0
15.98,28.64,50.17,3.21,late,sandy,9.92,0
45.54,28.76,67.22,0,initial,sandy,0,0
56.22,27.12,62.98,0,initial,clay,0,0
66.36,28.35,38.15,3.97,initial,clay,11.25,0
59.71,23.4,75.03,5.14,development,sandy,12.89,0
44.33,25.1,77.46,4.75,development,clay,3.77,0
70.6,23.8,75.62,3.88,mid_season,loamy,8.46,0
73.11,31.66,45.5,0,late,loamy,0,0
21.12,34.24,46.97,4.31,late,sandy,1.87,0
95,21.18,54.67,2.49,mid_season,loamy,5.49,0
70.2,34.85,42.6,0,initial,loamy,0,0
54.2,22.82,74.86,0,late,clay,0,0
63.26,29.91,51.05,3.49,late,sandy,4.18,0
42.07,25.83,44.22,3.9,mid_season,clay,8.97,0
39.14,27.4,78.66,4.07,initial,loamy,15.2,0
84.76,27.58,63.03,4.8,development,clay,6.8,0
95,31.95,36.35,0,development,loamy,0,0
61.25,26.1,65.85,2.87,initial,sandy,0.25,0
67.64,28.98,54.78,3.17,mid_season,loamy,14.81,0
49.06,29.54,36.77,5.79,mid_season,sandy,17.79,0
53.54,19.01,68.41,2.0,development,clay,29.13,0
60.6,31.83,82.49,3.5,late,loamy,9.17,0
36.28,25.71,65.28,5.79,initial,loamy,3.29,0
63.69,35.84,74.56,2.83,development,loamy,8.0,0
86.87,21.59,53.33,4.24,late,sandy,10.03,0
95,18.0,64.13,5.53,initial,sandy,1.55,0
61.95,32.14,67.81,2.78,initial,clay,6.5,0
71.22,20.17,63.27,0,mid_season,sandy,0,0
41.88,18.54,84.12,5.37,initial,sandy,0.53,0
54.99,26.04,43.04,0,development,sandy,0,1
74.13,26.54,49.91,5.21,initial,clay,3.93,0
25.47,20.84,78.52,4.71,development,loamy,8.19,0
79.13,32.12,77.94,5.45,development,loamy,8.73,0
78.16,27.32,72.2,0,development,loamy,0,0
45.21,22.56,55.29,7.23,late,sandy,5.06,0
34.59,27.47,57.02,4.1,mid_season,loamy,2.46,0
88.31,23.65,63.59,4.0,development,clay,12.29,0
67.81,18.72,71.63,0,initial,loamy,0,0
23.82,24.54,83.66,3.51,late,clay,6.33,0
79.63,34.5,67.07,5.46,initial,sandy,18.53,0
40.35,18.54,37.89,3.16,initial,loamy,8.23,0
55.86,20.56,68.39,3.09,initial,clay,8.3,0
47.98,20.8,37.25,5.27,development,loamy,6.57,0
65.46,31.19,78.72,3.24,mid_season,sandy,13.55,0
36.09,23.22,52.98,3.96,development,loamy,7.31,0
91.9,31.63,80.03,5.03,mid_season,sandy,11.34,0
39.37,27.0,58.38,4.5,development,sandy,12.22,0
75.41,19.62,48.87,4.48,late,sandy,17.16,0
66.08,32.57,57.87,4.34,development,sandy,9.78,0
44.8,24.49,63.84,4.09,initial,clay,2.87,0
39.71,27.4,78.51,5.77,development,clay,26.03,0
60.02,29.01,79.71,4.04,mid_season,loamy,6.19,0
70.36,32.92,53.94,4.01,mid_season,sandy,11.17,0
49.27,30.18,71.99,3.12,mid_season,sandy,5.38,0
55.78,28.17,56.39,0,initial,sandy,0,0
39.52,33.78,80.64,3.52,development,loamy,1.67,0
40.16,23.89,72.24,0,mid_season,loamy,0,1
34.62,30.77,60.54,3.3,development,loamy,2.34,0
46.19,21.29,43.89,3.25,initial,loamy,4.63,0
21.52,25.58,48.83,6.23,late,loamy,3.88,0
60.33,19.07,41.73,0,initial,loamy,0,0
95,19.1,37.58,1.71,late,clay,10.58,0
5,25.33,42.83,5.15,mid_season,clay,20.81,0
34.66,31.36,84.78,5.19,initial,loamy,11.16,0
51.04,31.87,39.06,4.16,late,loamy,4.44,0
15.33,25.29,40.34,3.47,initial,clay,4.85,0
53.18,31.43,57.37,5.91,mid_season,clay,33.02,0
66.25,27.16,43.2,0,late,sandy,0,0
95,27.91,83.13,4.02,late,clay,28.94,0
35.47,29.18,67.99,0,development,sandy,0,1
52.25,24.39,40.85,0,development,clay,0,0
53.57,30.15,66.76,4.19,late,loamy,3.31,0
57.35,33.61,53.46,4.92,late,loamy,8.46,0
77.37,26.66,51.0,5.83,late,loamy,3.14,0
58.51,34.21,43.57,3.05,mid_season,clay,21.96,0
74.85,33.89,77.76,3.15,mid_season,clay,19.93,0
74.97,34.34,42.0,4.72,late,clay,5.02,0
54.88,33.12,49.96,3.21,late,sandy,11.39,0
40.88,29.05,40.11,0,late,sandy,0,1
44.16,25.79,60.7,5.48,late,loamy,5.06,0
42.78,33.29,72.1,4.59,mid_season,sandy,14.77,0
41.5,35.42,47.92,3.95,late,clay,3.89,0
64.74,24.45,58.62,0,mid_season,loamy,0,0
79.4,35.42,62.12,4.9,initial,sandy,6.19,0
32.46,18.87,73.68,4.49,initial,loamy,13.48,0
36.2,19.83,45.26,0,initial,clay,0,0
45.48,32.22,60.22,6.19,late,loamy,9.16,0
46.79,29.96,58.55,4.04,late,loamy,11.51,0
56.77,21.54,56.45,3.86,development,sandy,18.64,0
64.68,28.33,68.28,4.19,development,loamy,7.76,0
53.15,28.49,48.08,4.38,late,clay,16.28,0
95,27.85,71.1,4.0,development,clay,5.97,0
37.17,33.13,43.38,3.0,mid_season,loamy,10.44,0
61.79,23.72,60.08,3.75,late,loamy,16.44,0
59.77,22.88,59.75,4.44,development,loamy,5.32,0
63.73,20.85,42.86,6.28,development,clay,3.12,0
74.18,29.03,63.44,4.05,mid_season,sandy,7.59,0
22.05,19.98,54.7,4.98,mid_season,clay,13.67,0
57.45,33.51,54.95,0,initial,loamy,0,0
57.15,28.84,74.51,4.23,development,sandy,0.0,0
74.28,31.77,54.51,3.0,mid_season,clay,10.81,0
24.29,22.15,63.09,2.2,development,sandy,11.16,0
80.6,18.46,52.22,5.35,development,clay,5.99,0
45.56,20.33,80.11,0,late,sandy,0,1
62.46,18.18,57.54,4.7,late,clay,18.1,0
37.04,27.92,71.15,6.65,late,sandy,5.85,0
86.23,20.73,46.14,2.29,development,loamy,10.63,0
81.76,23.9,80.37,4.1,late,sandy,8.88,0
21.27,25.67,65.68,3.75,development,clay,7.81,0
53.98,26.93,70.65,4.31,mid_season,clay,17.71,0
49.86,21.39,54.0,5.98,initial,sandy,13.31,0
40.04,29.16,54.06,3.14,late,clay,11.54,0
51.66,30.8,36.41,6.68,initial,sandy,8.79,0
66.64,22.36,43.7,4.29,initial,clay,3.27,0
71.52,33.05,56.24,0,initial,clay,0,0
39.29,33.58,57.32,0,late,loamy,0,1
80.02,22.2,83.24,3.03,development,loamy,14.1,0
50.24,19.92,78.9,4.47,initial,clay,12.62,0
57.5,33.03,59.81,3.82,mid_season,clay,13.01,0
71.33,29.3,62.0,3.94,development,clay,1.23,0
95,31.73,79.1,3.67,initial,sandy,11.17,0
57.22,21.78,40.51,2.43,mid_season,clay,16.64,0
78.74,34.59,70.76,3.79,late,sandy,2.59,0
82.74,21.21,45.53,0,development,loamy,0,0
95,28.4,51.17,3.5,mid_season,clay,18.66,0
41.5,32.28,81.06,1.68,mid_season,loamy,12.83,0
61.54,31.11,67.92,3.32,late,sandy,2.62,0
51.09,28.64,68.75,2.53,mid_season,loamy,18.33,0
91.83,30.08,75.81,4.54,initial,sandy,8.39,0
60.09,32.09,36.82,5.49,initial,loamy,13.45,0
41.52,35.86,67.11,3.41,late,clay,9.42,0
56.12,23.39,50.49,2.55,initial,clay,18.48,0
60.62,25.15,61.57,3.04,mid_season,clay,10.28,0
77.97,34.99,78.6,4.05,initial,clay,1.64,0
80.02,31.0,44.47,5.18,mid_season,loamy,8.57,0
20.98,19.44,44.19,4.67,mid_season,loamy,12.4,0
74.65,28.72,79.99,5.29,mid_season,sandy,3.86,0
59.59,27.21,77.76,3.57,mid_season,loamy,13.89,0
62.97,30.27,64.31,3.67,development,loamy,13.63,0
66.96,18.46,76.13,4.9,late,loamy,12.83,0
53.3,35.56,57.28,0,mid_season,loamy,0,0
44.24,26.79,75.94,3.07,initial,clay,0.01,0
59.86,30.31,36.03,3.69,initial,sandy,9.93,0
62.76,34.88,65.98,0,mid_season,sandy,0,0
31.04,32.21,56.11,5.94,late,loamy,3.65,0
53.45,34.4,70.71,3.89,development,sandy,7.35,0
40.02,34.37,57.13,3.55,mid_season,clay,11.66,0
86.78,35.35,43.93,3.73,development,clay,5.98,0
73.09,24.36,74.69,0,initial,sandy,0,0
55.92,20.01,35.65,5.04,late,clay,9.77,0
71.97,18.6,40.21,4.73,mid_season,sandy,14.09,0
49.56,26.12,56.07,2.66,late,clay,2.75,0
67.42,29.77,77.64,5.01,late,loamy,7.44,0
42.58,27.73,55.9,3.82,mid_season,loamy,17.99,0
72.93,28.37,72.4,2.43,late,sandy,3.51,0
57.94,27.83,72.88,0,development,clay,0,0
73.81,33.13,64.42,0,development,sandy,0,0
65.18,29.19,63.12,4.94,late,sandy,10.66,0
92.21,20.75,70.61,2.27,initial,sandy,0.06,0
69.41,27.92,50.73,5.4,initial,loamy,10.28,0
8.48,25.46,40.69,0.66,mid_season,clay,11.84,0
54.7,19.3,39.84,2.34,initial,sandy,8.59,0
55.06,27.27,60.16,6.24,initial,sandy,11.23,0
39.87,21.74,44.2,4.75,initial,loamy,1.82,0
60.5,28.83,61.82,4.84,mid_season,clay,13.09,0
50.0,33.88,38.15,3.79,late,loamy,10.63,0
46.57,22.78,52.37,4.9,mid_season,clay,26.53,0
63.23,18.62,61.11,0,initial,loamy,0,0
74.15,28.02,42.32,2.33,development,sandy,1.9,0
42.22,30.26,60.42,2.18,development,loamy,10.08,0
58.43,35.59,57.03,5.5,development,loamy,10.35,0
63.18,18.27,37.88,6.14,late,sandy,8.01,0
75.14,24.27,82.58,5.12,late,clay,3.68,0
23.7,23.65,75.27,4.22,initial,clay,4.98,0
66.97,34.36,44.9,3.03,late,clay,4.48,0
79.4,31.85,56.52,4.06,development,clay,11.16,0
52.24,31.8,51.85,4.04,late,sandy,7.09,0
61.98,30.48,47.34,5.72,development,sandy,2.14,0
72.98,30.87,50.94,3.46,mid_season,loamy,7.16,0
43.58,23.5,76.41,3.13,late,clay,3.74,0
53.34,19.42,53.69,3.07,initial,loamy,8.07,0
29.85,20.32,74.2,4.49,development,sandy,11.17,0
42.32,31.29,68.73,3.33,mid_season,loamy,21.89,0
35.22,31.74,45.83,3.85,development,sandy,6.96,0
61.98,18.1,53.08,4.25,mid_season,sandy,12.1,0
62.88,26.78,77.89,3.47,development,sandy,5.91,0
55.04,35.34,46.9,3.82,late,clay,6.27,0
71.04,35.18,68.96,4.08,late,sandy,15.01,0
49.56,18.86,65.22,4.11,development,loamy,7.46,0
43.57,24.49,78.36,3.5,late,sandy,13.95,0
38.68,19.04,57.73,4.07,development,loamy,8.68,0
45.21,33.99,50.16,4.65,development,clay,11.45,0
36.14,33.87,67.84,4.03,initial,loamy,9.82,0
34.06,22.54,37.38,5.99,development,loamy,7.92,0
50.88,19.76,43.86,2.94,development,sandy,10.92,0
72.48,22.46,77.08,3.78,mid_season,clay,24.17,0
49.88,19.22,40.78,4.08,development,sandy,9.87,0
37.58,32.78,42.67,5.28,initial,loamy,15.69,0
38.91,18.64,53.37,4.28,mid_season,clay,11.84,0
49.2,33.04,48.1,2.65,initial,loamy,4.09,0
49.33,19.0,49.15,4.25,mid_season,sandy,7.11,0
48.07,35.17,54.63,3.28,mid_season,loamy,10.69,0
50.11,19.03,49.38,5.07,mid_season,clay,21.3,0
37.01,35.99,40.46,4.06,late,loamy,9.81,0
84.36,29.29,61.42,3.21,mid_season,sandy,4.85,0
69.41,32.53,55.05,4.03,late,clay,10.52,0
14.34,26.8,41.54,4.82,mid_season,sandy,8.33,0
74.4,29.82,39.78,5.6,development,clay,14.58,0
58.67,26.4,70.23,3.86,late,clay,14.67,0
36.77,24.93,72.33,0,late,clay,0,1
71.53,20.08,76.97,5.8,mid_season,loamy,13.53,0
25.47,30.76,74.55,3.06,initial,clay,16.62,0
95,30.81,64.53,2.79,late,sandy,9.57,0
62.52,21.26,67.38,2.04,initial,sandy,1.89,0
60.74,29.03,52.73,4.18,development,sandy,10.71,0
53.41,35.3,51.07,5.46,mid_season,loamy,1.88,0
59.06,35.3,77.75,0,late,sandy,0,1
39.59,32.1,67.11,3.95,late,sandy,16.03,0
44.98,32.66,72.36,5.36,mid_season,sandy,8.71,0
61.59,29.24,71.7,3.82,development,clay,13.16,0
60.51,26.05,50.56,3.8,development,clay,26.59,0
41.74,29.79,37.31,4.8,late,loamy,9.6,0
60.29,31.17,49.46,3.77,initial,loamy,3.11,0
50.76,27.47,42.31,3.96,mid_season,sandy,13.79,0
22.86,31.23,70.52,0,development,loamy,0,1
64.18,32.38,41.27,3.97,development,clay,18.69,0
40.47,30.02,83.34,3.86,development,clay,10.37,0
44.28,21.78,35.13,3.11,late,clay,6.26,0
60.75,23.27,60.52,3.94,initial,sandy,6.67,0
28.92,32.8,69.07,1.42,initial,clay,0.98,0
62.17,26.33,66.94,5.01,initial,clay,21.5,0
46.43,34.01,54.58,2.63,development,loamy,13.81,0
74.32,33.44,58.89,4.8,development,clay,8.09,0
66.71,32.13,84.65,3.46,mid_season,loamy,9.28,0
21.69,18.21,80.42,5.64,mid_season,loamy,19.82,0
31.74,22.54,45.04,4.61,development,clay,11.96,0
75.88,25.16,72.81,3.82,late,loamy,6.79,0
58.76,35.95,41.56,2.71,mid_season,sandy,9.12,0
81.65,22.88,59.65,4.07,late,clay,13.72,0
62.33,34.36,41.44,4.06,initial,sandy,5.12,0
68.18,35.22,42.91,4.92,mid_season,clay,17.03,0
56.2,32.78,66.04,4.8,mid_season,loamy,29.17,0
80.18,24.45,44.71,3.98,late,sandy,12.4,0
61.83,20.09,45.36,3.74,development,sandy,5.83,0
79.1,26.93,70.75,4.33,initial,clay,1.13,0
48.49,21.05,53.63,0,initial,sandy,0,0
54.55,19.5,53.39,3.3,development,sandy,6.21,0
59.54,23.57,60.99,1.81,initial,clay,1.13,0
51.25,30.38,62.25,2.95,initial,loamy,8.87,0
61.49,30.54,51.44,0,initial,loamy,0,0
80.09,32.68,50.95,4.25,mid_season,clay,24.51,0
65.07,18.69,68.98,3.87,late,clay,12.57,0
42.62,25.85,47.69,2.51,initial,clay,7.8,0
55.85,24.32,48.1,3.73,late,clay,11.05,0
48.37,35.85,41.45,4.52,late,loamy,17.31,0
53.34,20.4,59.19,4.77,development,sandy,10.98,0
53.03,27.56,58.43,3.6,late,sandy,11.87,0
52.28,35.84,46.45,5.87,late,loamy,18.72,0
63.0,23.42,48.1,4.37,late,sandy,12.6,0
17.89,30.27,56.44,2.67,mid_season,sandy,5.61,0
55.35,35.05,80.69,2.05,late,loamy,22.24,0
38.08,28.16,77.9,4.14,mid_season,loamy,17.37,0
46.55,24.53,35.63,1.85,late,loamy,1.59,0
39.3,24.71,80.3,0,development,sandy,0,1
31.8,27.93,58.73,4.35,initial,clay,14.02,0
24.35,25.44,63.26,5.34,late,loamy,11.28,0
57.58,25.47,74.5,3.96,development,clay,7.05,0
60.14,34.32,82.17,5.47,development,sandy,2.52,0
57.53,18.61,82.35,0,development,loamy,0,0
63.64,31.7,60.09,3.08,development,clay,7.72,0
71.46,31.07,44.61,4.49,mid_season,loamy,5.05,0
41.7,18.75,49.45,2.9,late,sandy,7.38,0
53.31,28.87,81.82,4.99,development,sandy,4.56,0
70.82,20.3,46.51,3.88,initial,sandy,9.58,0
51.62,24.6,37.67,4.05,late,sandy,11.52,0
46.72,30.76,40.93,2.7,initial,clay,13.97,0
5,26.39,76.57,2.7,initial,clay,24.58,0
44.44,27.7,45.81,3.14,initial,clay,10.46,0
54.61,34.31,53.27,4.31,late,loamy,7.99,0
42.34,29.22,38.1,2.37,late,clay,8.72,0
35.59,23.5,58.86,0,initial,clay,0,0
43.74,27.88,65.32,3.97,mid_season,sandy,12.35,0
40.42,20.1,74.14,4.03,mid_season,clay,12.76,0
46.54,28.74,72.12,4.05,initial,clay,7.39,0
53.26,31.06,75.31,0,development,loamy,0,0
79.45,29.49,55.17,3.84,late,sandy,15.44,0
77.16,23.98,83.11,3.99,late,clay,5.73,0
56.27,26.83,38.21,4.89,late,clay,8.47,0
88.29,32.92,77.86,3.28,development,loamy,17.93,0
82.07,30.69,71.38,0,development,clay,0,0
49.8,31.1,44.79,2.03,development,sandy,8.68,0
64.23,24.81,65.0,0,initial,loamy,0,0
29.98,25.55,43.59,3.6,initial,clay,4.12,0
21.95,27.22,60.8,5.09,mid_season,sandy,5.26,0
59.31,33.71,58.28,4.06,development,sandy,18.66,0
50.91,18.08,75.49,5.16,late,sandy,10.05,0
56.23,28.12,60.31,2.75,mid_season,loamy,5.53,0
73.57,33.35,83.87,0,initial,loamy,0,0
48.18,32.75,62.84,4.04,development,clay,9.08,0
30.18,22.4,72.95,2.56,development,sandy,10.31,0
76.99,20.16,67.01,3.13,late,loamy,8.23,0
95,18.05,51.9,3.91,mid_season,loamy,10.63,0
62.51,19.28,76.87,3.81,mid_season,clay,15.58,0
40.96,26.57,59.53,4.21,initial,clay,1.82,0
71.63,33.19,59.24,0,initial,loamy,0,0
77.62,21.66,60.21,4.71,development,sandy,4.17,0
41.04,19.28,83.14,4.09,development,clay,5.91,0
29.48,28.13,61.49,3.88,development,sandy,0.68,0
32.86,34.51,63.71,3.63,initial,sandy,6.06,0
70.75,26.49,77.36,4.56,mid_season,loamy,12.58,0
63.83,31.24,76.69,3.87,initial,loamy,8.26,0
74.79,21.18,77.38,3.9,late,sandy,15.41,0
85.89,34.74,84.61,3.15,mid_season,loamy,2.32,0
61.16,30.0,54.62,4.1,initial,clay,4.72,0
64.24,24.39,35.47,2.66,development,sandy,3.16,0
60.44,35.89,35.41,4.01,mid_season,clay,7.93,0
58.57,19.19,67.04,3.67,development,loamy,2.71,0
48.68,25.91,36.98,0,late,loamy,0,1
33.71,25.7,60.29,0,development,sandy,0,1
69.67,24.12,54.87,0,initial,loamy,0,0
52.44,28.42,35.99,3.65,initial,clay,2.89,0
56.39,21.64,49.41,5.03,development,sandy,24.66,0
72.91,27.94,58.75,5.32,late,loamy,5.77,0
61.89,34.92,42.7,4.15,initial,loamy,5.64,0
31.55,30.74,54.08,4.85,late,loamy,17.84,0
63.18,30.33,70.87,5.63,development,loamy,4.12,0
56.15,19.07,83.14,5.35,mid_season,sandy,14.58,0
6.63,31.53,84.21,0,initial,clay,0,0
70.3,29.74,41.76,3.19,mid_season,clay,9.19,0
47.79,19.06,73.54,4.11,late,loamy,0.12,0
72.66,24.53,49.58,4.59,initial,loamy,6.58,0
47.06,30.22,55.44,0,mid_season,clay,0,0
25.4,27.11,53.05,3.75,mid_season,clay,36.55,0
56.15,25.74,49.04,3.77,mid_season,sandy,6.65,0
64.37,32.45,42.9,4.67,development,clay,2.42,0
49.33,28.63,80.63,2.18,late,clay,14.85,0
70.05,31.36,83.51,3.33,mid_season,loamy,9.15,0
77.28,21.74,69.52,0,initial,loamy,0,0
49.4,27.79,51.81,4.16,initial,loamy,3.18,0
57.11,18.39,76.56,2.34,mid_season,clay,14.7,0
34.26,27.74,44.7,3.54,mid_season,sandy,3.01,0
36.09,28.79,50.49,3.23,development,sandy,4.96,0
28.44,31.04,42.67,0,development,clay,0,1
39.77,27.1,41.29,3.84,late,loamy,0.35,0
91.38,22.01,74.13,3.53,initial,clay,7.87,0
70.91,18.08,69.02,0,initial,sandy,0,0
41.26,19.15,78.68,0,development,sandy,0,1
21.55,26.9,41.51,2.67,mid_season,sandy,16.76,0
22.71,24.36,62.73,2.44,late,loamy,9.31,0
65.78,30.87,39.15,6.02,late,sandy,8.47,0
66.1,19.66,65.06,0,mid_season,loamy,0,0
39.17,19.39,70.96,3.25,late,sandy,8.35,0
18.49,25.6,76.49,2.13,late,clay,9.63,0
69.68,26.58,70.58,2.82,late,loamy,13.32,0
16.61,19.06,45.74,5.39,mid_season,clay,16.45,0
65.74,19.78,69.24,2.66,mid_season,loamy,3.16,0
65.57,30.63,73.85,3.16,late,loamy,4.14,0
47.6,23.39,73.47,0,late,loamy,0,1
38.97,33.31,40.18,5.61,development,sandy,12.65,0
26.67,33.57,43.46,3.52,initial,clay,20.39,0
42.68,35.11,62.12,4.25,development,loamy,15.63,0
45.57,31.18,79.42,4.44,development,loamy,12.29,0
13.97,32.71,52.42,0,initial,sandy,0,0
54.72,31.95,71.68,2.91,mid_season,sandy,9.82,0
53.6,32.66,53.38,5.43,initial,sandy,5.52,0
64.28,18.35,41.07,3.99,development,clay,10.25,0
59.61,24.39,44.47,2.96,mid_season,sandy,11.55,0
61.67,20.54,63.22,6.04,initial,sandy,8.82,0
30.84,27.87,69.72,4.07,late,loamy,11.1,0
36.2,20.98,81.47,2.82,mid_season,sandy,0.45,0
82.74,21.37,39.82,2.08,late,loamy,22.37,0
25.96,18.88,40.67,2.74,initial,loamy,5.57,0
77.02,27.66,75.33,6.78,mid_season,loamy,4.24,0
43.84,34.53,40.62,3.99,late,loamy,26.9,0
71.72,31.2,63.21,4.86,development,loamy,7.3,0
24.68,30.36,49.77,3.47,late,sandy,12.39,0
69.54,33.0,52.67,3.89,mid_season,loamy,14.59,0
78.82,31.72,67.51,4.82,late,clay,4.87,0
76.15,23.61,64.27,4.05,mid_season,sandy,18.79,0
69.38,35.93,84.55,3.39,development,sandy,2.11,0
67.85,32.85,73.18,6.13,initial,clay,6.11,0
69.95,27.34,49.62,2.86,initial,sandy,16.76,0
68.07,35.94,39.79,3.49,development,loamy,17.86,0
70.83,25.78,65.05,4.34,mid_season,loamy,11.44,0
72.58,35.92,36.1,3.5,initial,sandy,0.8,0
52.35,26.55,82.56,5.91,late,sandy,10.72,0
45.64,35.71,64.78,2.62,late,loamy,1.36,0
26.21,28.8,84.77,3.37,mid_season,clay,16.27,0
74.33,23.65,51.11,4.36,initial,sandy,3.81,0
42.73,30.37,41.91,2.83,mid_season,sandy,5.36,0
36.21,30.6,56.53,0,development,clay,0,1
74.21,30.07,67.0,5.07,development,clay,22.57,0
95,32.21,60.93,1.89,late,loamy,14.62,0
50.85,31.08,53.38,5.46,mid_season,loamy,15.08,0
41.63,35.17,43.85,3.76,initial,clay,7.2,0
61.8,23.66,68.84,4.73,initial,sandy,8.41,0
38.1,18.18,40.22,3.68,mid_season,clay,10.73,0
19.76,31.89,39.08,5.23,late,sandy,15.78,0
95,27.57,77.43,4.35,initial,loamy,3.1,0
62.74,21.53,75.21,4.54,mid_season,sandy,7.25,0
60.58,18.73,53.39,4.1,late,sandy,3.2,0
61.31,30.04,38.13,0,initial,sandy,0,0
34.1,30.24,46.79,3.93,initial,sandy,1.33,0
55.11,21.38,62.06,0,initial,sandy,0,0
57.3,22.35,65.41,4.39,development,clay,4.31,0
45.5,25.88,53.83,6.77,late,sandy,14.27,0
47.86,31.78,49.93,3.5,initial,loamy,12.68,0
63.87,27.4,51.55,3.34,late,clay,21.77,0
47.1,33.22,51.31,5.4,mid_season,clay,19.94,0
33.53,27.63,44.54,6.4,initial,loamy,7.6,0
39.26,23.74,79.1,2.91,development,sandy,7.96,0
47.62,34.87,80.24,0,mid_season,sandy,0,1
59.08,32.17,51.43,3.16,late,loamy,14.11,0
53.74,21.35,59.17,3.7,late,clay,2.04,0
54.34,28.72,84.79,4.79,development,loamy,16.77,0
19.14,34.14,73.14,5.73,mid_season,loamy,6.41,0
56.47,23.25,64.31,3.89,initial,clay,5.04,0
68.33,18.47,60.44,0,initial,loamy,0,0
51.86,29.53,79.4,3.76,mid_season,sandy,6.72,0
39.69,26.38,45.09,2.7,late,loamy,7.42,0
65.94,28.73,35.36,5.13,development,loamy,16.07,0
57.78,25.68,78.61,2.12,late,sandy,7.7,0
52.97,29.06,76.26,4.12,mid_season,sandy,8.3,0
78.53,20.44,51.09,3.4,late,sandy,9.51,0
49.58,26.52,70.64,2.67,initial,sandy,1.9,0
60.2,26.21,70.67,3.3,initial,loamy,4.0,0
68.44,18.39,72.0,2.97,initial,clay,13.11,0
22.44,28.93,42.13,4.57,mid_season,loamy,2.56,0
44.02,25.06,39.06,4.96,development,sandy,9.67,0
5,27.0,61.43,3.83,initial,clay,0.75,0
24.16,24.31,54.46,3.22,mid_season,sandy,10.48,0
59.08,33.06,82.95,3.47,development,loamy,16.92,0
25.68,19.47,46.64,4.29,development,clay,11.32,0
77.81,22.97,54.07,5.33,mid_season,loamy,18.68,0
72.22,18.21,47.24,0,development,loamy,0,0
52.33,25.28,72.47,5.13,development,clay,5.68,0
55.93,20.24,52.65,0,late,sandy,0,1
50.11,27.36,41.06,3.24,development,loamy,8.08,0
52.29,35.26,81.69,4.15,development,sandy,0.39,0
34.18,21.58,54.97,3.04,mid_season,sandy,6.45,0
46.85,30.25,64.62,4.38,development,loamy,14.95,0
21.49,21.26,47.89,2.81,late,clay,17.47,0
12.59,35.83,77.42,0,mid_season,sandy,0,1
62.5,22.72,71.85,4.59,mid_season,loamy,10.04,0
60.47,24.21,35.31,2.56,development,loamy,18.21,0
71.92,26.27,59.25,5.29,development,clay,12.12,0
58.73,35.4,58.89,3.32,late,clay,13.2,0
45.42,23.78,70.46,4.84,mid_season,clay,12.61,0
46.67,22.89,79.86,4.5,late,clay,20.62,0
22.81,22.23,48.53,0,late,clay,0,1
71.5,29.51,58.9,0,initial,clay,0,0
76.42,27.25,64.16,2.86,late,clay,9.52,0
56.51,32.61,73.98,3.53,initial,loamy,0.73,0
49.61,23.05,42.85,3.66,development,sandy,8.81,0
62.85,24.07,50.42,0,initial,sandy,0,0
39.87,30.45,35.35,3.03,mid_season,sandy,11.81,0
74.98,26.07,60.37,3.12,mid_season,clay,12.18,0
5,22.22,59.25,3.45,development,sandy,10.61,0
70.13,31.29,46.15,4.29,late,sandy,11.33,0
24.25,32.31,72.79,3.58,late,clay,4.64,0
54.11,25.8,35.76,0,development,loamy,0,0
73.49,20.11,38.9,5.05,development,sandy,27.78,0
49.08,31.45,38.26,0,late,loamy,0,1
54.64,23.55,43.46,5.86,late,clay,11.13,0
47.46,22.36,81.41,3.26,development,loamy,8.65,0
88.19,32.84,64.56,4.76,development,loamy,5.14,0
28.37,25.1,51.77,2.7,late,loamy,6.03,0
77.07,28.4,35.04,4.61,late,clay,8.14,0
53.72,32.59,65.0,3.6,initial,clay,15.22,0
66.16,28.87,38.46,1.64,development,loamy,3.34,0
23.27,27.2,80.85,4.43,late,sandy,2.17,0
50.35,26.27,48.8,4.0,late,loamy,12.13,0
30.1,33.2,62.76,4.32,initial,sandy,6.31,0
65.05,22.56,77.49,2.18,mid_season,clay,33.45,0
75.06,25.75,61.48,4.79,mid_season,clay,15.22,0
45.59,19.74,64.81,2.85,late,clay,4.57,0
35.44,35.4,81.25,2.97,development,clay,19.49,0
76.02,25.8,38.24,4.98,initial,clay,9.61,0
69.73,31.35,64.72,3.41,mid_season,loamy,7.57,0
69.5,30.16,76.27,5.07,mid_season,clay,13.79,0
63.04,30.64,64.7,3.79,late,clay,5.09,0
35.05,24.25,62.53,0,development,sandy,0,1
63.42,18.19,55.6,0,mid_season,loamy,0,0
95,20.4,73.97,0,mid_season,sandy,0,0
74.16,35.86,36.23,3.02,development,sandy,5.63,0
49.75,35.1,69.24,2.89,late,sandy,1.08,0
14.8,35.63,56.45,3.14,development,loamy,6.42,0
71.3,26.57,55.0,3.92,development,loamy,10.66,0
56.83,31.15,73.81,0,initial,sandy,0,0
50.71,25.36,42.75,4.78,mid_season,sandy,11.82,0
90.37,31.85,78.17,3.65,mid_season,loamy,14.63,0
64.68,34.99,41.78,2.42,late,clay,6.16,0
77.58,35.59,65.34,2.75,initial,clay,19.51,0
67.01,26.53,53.71,3.24,mid_season,loamy,7.28,0
82.47,20.98,83.91,3.77,late,sandy,12.88,0
31.96,32.12,49.44,4.12,mid_season,sandy,4.26,0
30.56,30.73,46.97,3.08,late,clay,9.93,0
29.93,25.46,77.27,0,initial,clay,0,0
35.34,19.21,65.45,0,initial,loamy,0,0
63.63,27.49,42.36,0,initial,loamy,0,0
38.96,24.73,37.35,4.29,development,sandy,8.3,0
72.59,26.02,47.46,3.52,late,clay,12.87,0
36.88,26.74,75.05,0,initial,sandy,0,0
50.8,28.87,74.29,0,development,sandy,0,1
68.78,28.14,40.64,5.98,development,clay,7.62,0
55.44,28.13,45.33,1.9,development,loamy,3.24,0
47.59,32.09,47.06,3.76,initial,sandy,1.92,0
89.73,29.83,35.22,4.56,late,clay,7.76,0
43.1,33.12,83.55,0,late,sandy,0,1
48.11,24.44,53.12,4.49,late,sandy,4.29,0
57.0,22.31,44.23,3.98,late,loamy,14.16,0
32.84,32.07,35.41,3.68,late,clay,8.42,0
28.68,33.16,79.32,2.89,mid_season,loamy,23.56,0
49.53,21.97,69.24,0,development,sandy,0,1
73.09,33.27,49.29,0,initial,clay,0,0
30.52,35.55,37.53,4.14,late,clay,10.31,0
46.59,23.86,71.28,4.23,mid_season,loamy,12.34,0
64.98,34.95,51.67,3.36,mid_season,clay,13.27,0
47.93,25.86,48.01,3.37,initial,sandy,6.56,0
55.14,22.07,44.69,4.23,development,clay,11.16,0
53.99,32.65,56.74,3.2,initial,sandy,2.9,0
66.66,31.43,45.04,4.67,late,clay,8.62,0
54.58,24.74,57.62,5.21,initial,sandy,7.38,0
39.55,21.8,36.17,4.29,development,sandy,13.63,0
63.92,23.51,41.82,4.8,mid_season,sandy,20.17,0
27.93,28.02,39.65,3.91,late,sandy,2.9,0
30.89,27.87,67.61,5.17,mid_season,loamy,4.75,0
43.61,23.98,72.57,5.56,development,loamy,1.56,0
51.73,34.75,55.05,5.59,mid_season,loamy,4.95,0
30.48,26.74,44.36,5.69,development,sandy,2.38,0
28.23,31.25,53.65,2.1,initial,clay,20.15,0
22.45,27.04,37.85,4.0,development,loamy,4.86,0
67.19,19.11,58.97,2.92,development,sandy,8.17,0
5,35.35,79.7,4.51,mid_season,clay,6.34,0
82.83,35.43,44.32,3.49,initial,sandy,5.24,0
67.09,26.37,82.58,5.31,initial,sandy,6.42,0
58.14,18.99,67.99,0,development,clay,0,0
60.81,35.18,36.27,4.53,mid_season,sandy,8.42,0
40.1,22.36,75.92,4.48,late,loamy,6.98,0
72.7,32.98,75.82,5.41,development,loamy,6.17,0
61.32,28.68,68.09,5.41,mid_season,clay,14.51,0
54.66,30.2,41.03,4.92,late,loamy,9.63,0
64.89,18.39,35.45,4.75,initial,clay,11.72,0
44.42,31.03,67.04,0,mid_season,clay,0,1
88.43,20.85,78.13,2.66,mid_season,clay,15.44,0
13.98,21.84,69.2,3.92,development,loamy,10.03,0
41.46,19.35,59.96,4.17,initial,clay,3.08,0
65.61,21.58,50.49,5.14,late,clay,4.19,0
66.31,32.06,77.0,0,development,loamy,0,0
51.52,22.18,57.56,4.68,initial,sandy,5.87,0
64.92,35.78,45.17,0,late,loamy,0,0
59.24,23.42,75.15,4.46,late,sandy,7.84,0
39.19,19.83,55.21,4.63,mid_season,sandy,7.94,0
56.84,27.73,37.44,4.75,mid_season,clay,4.05,0
43.59,31.85,45.38,4.17,late,clay,14.08,0
45.87,33.08,38.8,4.01,development,sandy,11.08,0
50.39,31.73,55.69,5.4,development,loamy,4.19,0
60.26,18.56,73.19,4.15,late,sandy,3.27,0
70.21,32.41,71.34,4.91,development,clay,16.64,0
72.28,23.26,56.18,4.3,late,loamy,5.41,0
54.65,25.7,54.51,4.94,mid_season,loamy,26.95,0
44.54,22.79,54.17,5.97,development,loamy,8.27,0
17.94,29.85,77.94,3.73,mid_season,loamy,18.55,0
40.42,30.24,76.83,2.42,development,loamy,4.35,0
53.47,29.33,75.51,2.38,development,loamy,10.47,0
62.63,35.11,47.68,3.93,late,loamy,5.15,0
71.51,28.93,61.2,0,initial,sandy,0,0
46.72,29.5,61.87,4.32,development,clay,4.62,0
48.96,23.3,55.7,0,development,clay,0,0
44.24,30.69,52.48,4.37,late,loamy,7.01,0
81.74,32.93,68.36,2.97,late,loamy,3.21,0
64.14,22.65,61.05,6.88,initial,sandy,16.26,0
43.42,24.31,74.78,0,initial,sandy,0,0
27.98,19.01,59.58,3.17,development,clay,9.68,0
58.63,30.49,54.88,3.78,development,loamy,5.93,0
73.76,26.09,36.58,2.98,mid_season,clay,10.19,0
65.06,20.5,60.67,4.41,development,clay,19.62,0
60.0,24.8,55.76,6.57,development,clay,15.31,0
58.47,30.23,60.42,5.96,mid_season,clay,10.91,0
51.98,26.97,61.76,3.16,development,sandy,2.44,0
32.07,29.59,44.01,5.63,mid_season,sandy,10.68,0
50.73,19.79,47.33,3.72,development,loamy,0.44,0
54.47,26.91,72.73,5.61,development,loamy,2.06,0
55.59,22.08,44.44,0,mid_season,clay,0,0
57.39,25.42,44.93,6.18,late,clay,11.72,0
67.86,32.48,46.41,3.35,mid_season,clay,3.18,0
15.75,34.58,41.7,3.15,initial,clay,14.65,0
75.37,21.46,68.22,1.12,initial,sandy,3.5,0
61.86,31.69,45.97,3.34,initial,loamy,2.79,0
72.91,34.31,65.43,5.92,development,sandy,6.41,0
44.72,30.68,69.9,4.36,development,clay,14.14,0
70.09,26.57,40.74,4.49,mid_season,sandy,10.53,0
31.85,21.39,61.84,4.28,mid_season,loamy,7.34,0
53.6,27.91,81.77,4.67,mid_season,loamy,8.5,0
61.15,27.47,44.42,5.21,mid_season,loamy,9.59,0
41.65,28.5,36.25,5.33,development,loamy,11.98,0
62.13,23.46,50.11,3.29,development,clay,0.63,0
49.46,22.58,68.46,1.5,development,sandy,5.21,0
16.13,27.98,56.05,4.92,late,sandy,0.43,0
69.6,35.26,70.86,3.49,development,sandy,13.37,0
42.66,26.29,78.69,3.37,development,clay,5.72,0
81.26,28.88,77.3,3.37,mid_season,sandy,21.3,0
63.76,21.11,82.15,4.23,mid_season,sandy,7.38,0
78.12,35.73,54.6,5.02,initial,loamy,4.78,0
63.06,23.76,40.36,3.03,initial,clay,3.79,0
45.07,18.07,66.36,4.81,initial,loamy,8.79,0
61.63,23.25,54.89,3.28,development,loamy,0.96,0
66.8,18.44,78.23,3.08,development,sandy,8.97,0
70.87,23.26,51.87,4.27,mid_season,clay,11.43,0
54.13,20.44,79.39,1.12,late,sandy,0.22,0
35.04,26.5,58.24,3.35,development,clay,12.95,0
75.32,19.64,65.0,0,late,clay,0,0
64.8,24.98,50.8,4.55,development,loamy,6.94,0
54.32,31.16,81.11,5.0,late,sandy,7.76,0
94.39,33.09,41.47,3.1,development,sandy,20.63,0
84.8,18.49,38.42,5.92,development,sandy,4.71,0
43.7,19.1,56.86,4.51,late,sandy,7.45,0
25.03,26.47,38.57,4.08,late,sandy,3.8,0
63.6,29.64,75.21,5.05,development,sandy,1.73,0
29.21,26.48,38.84,2.42,late,sandy,3.29,0
18.17,35.93,67.19,4.39,late,clay,8.72,0
57.4,33.25,41.63,6.77,mid_season,loamy,10.54,0
95,19.65,83.73,6.08,mid_season,sandy,18.23,0
41.21,28.93,52.76,3.84,mid_season,sandy,21.82,0
84.89,24.27,56.9,3.81,late,clay,8.17,0
44.54,24.47,35.34,2.13,late,sandy,19.06,0
55.95,18.43,56.54,5.7,late,loamy,13.11,0
51.73,27.58,78.19,3.65,late,clay,9.96,0
59.43,26.08,50.82,2.59,initial,sandy,0.62,0
68.51,31.49,37.8,2.78,mid_season,clay,6.7,0
46.51,20.32,40.09,5.11,mid_season,sandy,18.97,0
49.27,29.22,76.89,3.79,mid_season,loamy,7.75,0
46.4,25.77,74.65,3.71,development,sandy,21.19,0
71.53,18.26,69.21,5.26,development,clay,2.3,0
48.95,31.32,76.63,4.09,late,clay,19.32,0
57.87,30.76,81.76,5.24,development,clay,17.08,0
58.79,32.16,78.62,5.2,mid_season,clay,10.33,0
69.34,26.64,40.12,4.91,mid_season,loamy,19.52,0
55.32,19.03,79.89,3.36,mid_season,sandy,13.53,0
56.87,30.69,71.72,4.81,initial,loamy,2.29,0
42.32,21.34,75.31,6.26,development,loamy,15.31,0
62.46,32.37,49.16,0,initial,sandy,0,0
37.18,25.9,56.81,4.87,initial,loamy,4.26,0
47.17,31.28,84.19,6.22,development,sandy,10.03,0
65.04,35.7,60.25,0,initial,loamy,0,0
52.13,33.98,58.13,3.57,late,loamy,2.84,0
46.65,32.15,76.94,3.79,late,clay,11.94,0
77.83,29.78,60.28,4.39,initial,clay,11.15,0
54.8,26.07,73.45,0,development,sandy,0,1
45.63,31.57,37.84,4.39,development,clay,7.01,0
64.95,28.75,77.11,0,late,clay,0,0
55.54,20.1,70.05,3.64,initial,loamy,2.66,0
43.62,35.14,52.62,7.12,late,clay,1.11,0
50.64,32.06,57.95,4.35,development,clay,19.31,0
63.47,34.05,48.03,4.85,development,clay,13.84,0
27.66,23.22,42.55,4.58,initial,clay,7.76,0
65.87,18.65,48.85,3.35,mid_season,loamy,12.32,0
74.9,29.59,80.8,5.02,mid_season,loamy,21.23,0
46.35,30.99,53.49,3.3,mid_season,clay,12.98,0
50.49,33.6,84.55,4.69,initial,clay,7.34,0
38.11,35.41,57.26,3.67,development,clay,18.48,0
75.29,18.07,49.02,3.44,late,clay,6.85,0
59.44,25.54,81.85,4.28,late,loamy,14.01,0
48.42,33.5,68.61,0,development,sandy,0,1
30.78,34.97,73.64,4.06,late,sandy,6.34,0
46.16,30.92,78.97,4.85,late,clay,9.43,0
70.89,26.62,69.13,2.63,initial,clay,6.7,0
68.49,32.49,35.63,5.78,development,clay,13.5,0
60.4,24.44,41.74,3.35,development,clay,22.07,0
47.67,33.04,42.97,4.59,initial,sandy,6.16,0
58.7,32.23,46.2,3.99,mid_season,sandy,12.79,0
33.33,25.68,50.79,5.52,mid_season,sandy,4.66,0
81.6,22.82,49.21,4.29,mid_season,sandy,10.24,0
67.84,27.54,69.95,5.29,development,loamy,11.44,0
47.02,18.25,47.6,4.44,development,clay,6.03,0
47.37,20.5,67.33,3.9,initial,clay,10.1,0
60.43,35.65,47.65,3.55,mid_season,sandy,16.33,0
54.65,30.82,56.74,1.96,late,sandy,0.51,0
51.66,31.43,52.06,3.58,late,clay,26.53,0
83.09,21.42,49.35,3.02,initial,loamy,1.29,0
54.67,23.91,80.97,2.03,late,sandy,4.45,0
78.9,20.8,73.79,0,initial,sandy,0,0
60.14,18.88,59.77,3.27,development,loamy,10.03,0
63.46,27.38,39.7,4.16,development,sandy,8.23,0
46.87,33.14,47.99,1.65,initial,sandy,18.24,0
82.59,28.52,62.18,4.12,mid_season,sandy,6.11,0
5,35.01,63.13,2.63,mid_season,sandy,2.93,0
58.25,18.47,57.69,2.38,mid_season,loamy,17.42,0
69.67,23.04,65.68,3.53,mid_season,sandy,20.31,0
53.1,22.35,48.92,4.59,mid_season,clay,9.74,0
19.43,19.43,57.43,5.34,development,clay,13.38,0
55.6,30.02,35.11,4.48,mid_season,loamy,21.14,0
48.83,24.22,69.78,4.75,initial,loamy,8.55,0
44.14,35.55,57.88,4.56,mid_season,clay,8.01,0
58.7,25.66,56.85,4.55,development,loamy,6.49,0
54.57,31.2,82.28,2.35,development,loamy,3.94,0
57.63,32.12,39.72,3.18,initial,sandy,14.77,0
40.17,29.28,80.52,3.64,initial,loamy,3.9,0
81.21,32.32,53.78,4.45,mid_season,clay,20.37,0
24.82,19.27,53.1,3.88,mid_season,loamy,17.76,0
42.24,34.3,72.63,5.56,development,loamy,6.49,0
76.54,20.58,81.82,3.79,late,loamy,10.29,0
50.88,35.85,49.13,0,mid_season,clay,0,0
58.54,35.7,78.54,5.05,development,loamy,4.95,0
55.87,32.04,55.78,3.97,development,loamy,1.13,0
68.46,21.2,39.38,4.79,mid_season,sandy,9.55,0
54.98,20.54,37.67,3.4,mid_season,loamy,14.14,0
45.5,31.91,81.49,3.93,late,sandy,8.59,0
21.43,23.03,75.98,0.56,development,loamy,20.65,0
79.18,27.53,82.99,5.29,mid_season,clay,16.77,0
20.69,22.75,76.3,4.78,late,clay,10.95,0
64.98,33.19,43.17,3.11,development,sandy,8.22,0
83.41,25.57,78.66,5.14,late,sandy,14.4,0
10.93,31.96,71.63,4.65,initial,sandy,8.04,0
49.96,28.82,50.97,4.39,mid_season,loamy,2.26,0
82.29,29.78,63.18,0,initial,loamy,0,0
5.34,33.77,74.95,4.02,initial,loamy,10.59,0
62.15,23.57,43.41,4.39,late,sandy,3.47,0
67.7,22.23,81.99,4.03,late,sandy,1.5,0
58.65,18.31,82.94,3.69,initial,sandy,17.91,0
43.99,18.45,47.86,3.38,late,clay,6.7,0
70.2,35.58,55.69,4.54,development,sandy,0.7,0
52.08,31.87,62.24,3.82,development,loamy,6.16,0
31.13,28.19,59.8,5.01,late,sandy,6.76,0
30.65,26.42,68.78,4.38,late,sandy,11.69,0
63.44,20.8,59.85,5.12,mid_season,sandy,12.39,0
67.45,28.79,41.63,3.58,mid_season,clay,24.36,0
55.47,26.72,63.75,3.1,mid_season,sandy,15.27,0
57.53,24.08,84.89,4.76,development,loamy,0.54,0
37.15,27.01,43.28,0,late,clay,0,1
48.56,29.49,83.6,5.24,mid_season,sandy,10.83,0
60.78,21.61,57.46,4.51,development,loamy,14.04,0
38.52,19.68,52.1,5.28,late,loamy,8.55,0
19.47,21.96,68.93,2.25,late,clay,20.05,0
53.21,33.24,71.14,1.88,mid_season,loamy,8.95,0
25.66,21.0,38.9,2.2,late,sandy,1.39,0
95,26.11,75.2,3.86,mid_season,sandy,15.57,0
77.31,26.43,82.05,3.74,development,sandy,4.74,0
73.37,33.59,62.62,4.16,mid_season,loamy,13.36,0
27.67,22.42,73.46,2.96,development,clay,19.93,0
63.37,24.59,37.79,4.84,late,clay,12.59,0
93.71,24.55,49.46,3.81,initial,sandy,16.98,0
49.16,19.51,72.0,0,development,loamy,0,1
78.97,21.0,46.47,4.39,initial,clay,19.02,0
34.02,30.98,66.85,4.75,development,sandy,1.46,0
83.22,26.11,76.99,5.58,development,loamy,1.52,0
54.97,21.68,42.43,3.87,late,clay,11.69,0
79.63,29.15,57.81,0,initial,loamy,0,0
82.29,21.08,54.14,3.64,development,clay,13.24,0
37.23,31.9,53.84,3.69,late,clay,4.4,0
36.76,31.63,65.26,4.22,development,loamy,4.6,0
43.53,21.24,52.23,4.69,mid_season,sandy,2.64,0
95,21.42,62.02,2.48,initial,loamy,9.26,0
60.29,24.21,71.45,4.16,late,loamy,17.3,0
13.95,18.88,48.22,0,initial,clay,0,0
61.73,31.98,76.05,1.57,late,loamy,8.24,0
29.12,21.67,67.43,4.06,initial,sandy,12.09,0
77.42,32.42,84.4,2.92,mid_season,loamy,16.34,0
48.53,25.25,81.96,3.92,mid_season,loamy,9.65,0
35.39,22.26,58.44,3.31,mid_season,clay,15.34,0
58.84,31.62,56.54,4.12,development,loamy,14.51,0
73.61,33.14,53.14,5.73,development,clay,4.48,0
26.19,19.67,84.88,3.54,late,clay,10.97,0
57.05,18.23,42.99,3.18,development,sandy,15.84,0
40.7,33.14,68.13,0,development,clay,0,1
35.4,33.13,75.58,3.82,late,sandy,4.1,0
20.04,26.38,73.08,5.11,mid_season,sandy,11.66,0
58.27,20.55,49.91,2.9,mid_season,loamy,7.69,0
76.86,28.77,53.79,3.37,mid_season,loamy,13.18,0
59.31,31.43,54.71,3.02,mid_season,sandy,2.86,0
69.64,23.78,58.84,4.52,late,sandy,19.28,0
57.6,20.62,62.57,3.95,development,sandy,4.05,0
28.99,30.22,75.5,4.88,initial,clay,6.17,0
47.94,34.34,80.8,4.1,late,clay,10.26,0
63.85,31.8,69.64,3.86,development,clay,15.6,0
39.44,20.28,35.83,2.9,initial,clay,15.34,0
73.19,20.65,61.53,4.04,initial,sandy,3.19,0
66.7,19.84,54.75,3.44,mid_season,clay,2.64,0
65.14,33.2,42.36,5.53,late,clay,15.4,0
76.5,19.58,71.87,3.36,mid_season,sandy,9.57,0
75.9,32.31,66.21,1.91,mid_season,sandy,17.9,0
75.55,33.36,78.54,3.68,initial,loamy,12.71,0
38.58,31.68,43.69,4.6,late,sandy,6.61,0
78.01,24.66,44.45,0,initial,loamy,0,0
70.2,24.89,75.19,3.54,late,sandy,5.64,0
57.51,20.77,47.39,4.88,late,sandy,11.43,0
59.35,19.07,47.74,0,development,loamy,0,0
35.21,21.67,39.55,2.65,late,sandy,11.56,0
81.27,35.84,75.22,0,initial,loamy,0,0
43.73,34.27,74.42,2.18,initial,clay,3.43,0
61.74,33.05,69.41,2.42,initial,loamy,5.46,0
39.47,31.15,66.72,4.04,late,loamy,20.54,0
46.21,22.93,39.86,4.27,late,loamy,17.44,0
79.0,20.77,57.84,5.33,initial,clay,6.69,0
60.89,26.2,50.18,4.71,late,sandy,1.14,0
54.7,19.25,55.43,6.31,development,loamy,1.14,0
32.14,32.72,56.99,5.1,development,sandy,0.4,0
49.14,19.93,77.17,1.44,initial,sandy,5.55,0
55.16,22.66,51.21,4.1,late,loamy,10.25,0
79.27,23.72,82.1,3.64,initial,sandy,0.88,0
39.69,18.38,42.63,4.27,development,clay,10.74,0
77.74,29.43,40.63,0,late,clay,0,0
33.07,35.77,74.08,5.21,late,clay,7.47,0
77.58,33.32,72.94,3.39,initial,clay,7.5,0
68.48,22.4,54.74,4.4,development,loamy,1.54,0
37.85,27.41,74.85,4.75,late,sandy,14.87,0
32.87,22.22,57.66,4.67,late,loamy,5.84,0
11.58,20.66,77.82,0,late,sandy,0,1
69.23,34.68,61.59,2.47,mid_season,clay,8.43,0
32.07,23.11,70.16,3.93,initial,loamy,7.26,0
72.59,34.83,78.25,0,late,sandy,0,0
50.76,27.35,40.34,5.83,development,clay,8.59,0
60.39,27.8,45.49,3.39,mid_season,loamy,0.52,0
66.68,20.65,47.88,0,late,sandy,0,0
63.13,24.48,49.72,4.06,late,sandy,23.13,0
54.82,18.44,50.34,0,mid_season,clay,0,0
48.11,31.88,62.88,0,initial,clay,0,0
77.88,21.12,40.98,4.12,initial,loamy,3.41,0
60.49,20.28,48.55,0,development,sandy,0,0
56.93,30.44,81.61,0,initial,sandy,0,0
43.6,33.99,41.58,0,initial,clay,0,1
72.35,35.92,80.86,3.56,mid_season,clay,10.37,0
63.82,26.87,48.69,5.47,initial,clay,6.38,0
42.25,32.54,51.66,0,late,loamy,0,1
75.41,23.84,70.31,0,development,loamy,0,0
65.83,25.81,81.3,0,initial,clay,0,0
61.75,24.32,55.71,4.19,mid_season,loamy,11.86,0
51.36,25.08,76.28,3.79,late,sandy,5.24,0
36.66,25.6,47.39,4.43,initial,clay,8.35,0
55.81,34.93,47.94,0,initial,clay,0,0
59.56,20.4,67.53,4.31,mid_season,loamy,0.03,0
46.77,30.68,38.72,6.57,late,clay,3.79,0
69.97,24.88,68.53,4.25,mid_season,loamy,5.33,0
79.82,25.55,64.19,3.25,late,clay,10.43,0
38.03,31.73,51.13,2.59,initial,sandy,1.73,0
45.12,19.05,41.17,0,initial,sandy,0,0
32.67,20.03,46.69,4.03,initial,clay,12.15,0
44.26,23.69,45.21,3.33,mid_season,loamy,10.57,0
34.91,19.61,63.67,1.63,development,loamy,6.61,0
25.72,30.76,84.95,3.92,initial,clay,0.33,0
76.51,20.86,80.2,4.38,initial,loamy,7.72,0
39.96,34.8,35.44,3.21,mid_season,sandy,8.62,0
46.27,26.46,70.78,4.56,development,loamy,4.31,0
52.42,28.22,64.79,3.97,mid_season,loamy,2.28,0
81.96,25.27,48.32,4.45,mid_season,sandy,12.3,0
71.55,34.89,72.22,2.01,late,sandy,8.1,0
42.39,34.94,69.65,5.64,initial,clay,12.72,0
52.7,32.77,76.08,3.93,development,sandy,12.29,0
59.21,23.62,51.75,3.95,development,sandy,15.08,0
46.69,34.05,71.9,4.69,late,clay,2.58,0
32.37,29.52,47.48,0,late,sandy,0,1
57.88,20.03,68.65,0,initial,loamy,0,0
31.02,23.68,71.53,5.51,mid_season,loamy,28.53,0
60.68,18.15,59.74,1.79,mid_season,sandy,18.39,0
43.06,20.02,35.92,0,mid_season,sandy,0,1
61.96,26.13,77.13,4.93,development,loamy,0.97,0
64.97,35.23,52.13,5.24,initial,loamy,9.46,0
40.14,24.36,51.76,2.52,mid_season,loamy,13.21,0
58.98,24.36,61.69,5.34,mid_season,loamy,16.16,0
56.67,30.71,63.61,3.34,mid_season,sandy,11.26,0
86.15,35.06,35.69,4.79,mid_season,clay,10.34,0
28.66,28.25,48.75,3.29,initial,sandy,10.7,0
58.49,35.12,48.73,4.04,development,clay,4.0,0
46.24,34.03,57.75,3.95,late,sandy,22.13,0
45.92,27.1,84.44,0,initial,clay,0,0
81.28,32.43,66.42,3.38,late,clay,12.44,0
78.22,28.36,81.33,2.3,development,sandy,9.75,0
48.64,34.17,67.92,3.84,initial,clay,5.25,0
59.49,28.58,57.35,2.92,late,loamy,18.1,0
48.14,30.19,81.75,0,development,clay,0,0
37.71,18.8,77.33,3.94,initial,sandy,6.48,0
91.54,26.87,80.0,0,mid_season,loamy,0,0
77.95,24.9,44.2,4.15,development,loamy,17.25,0
74.31,20.89,73.03,5.08,late,clay,7.91,0
37.99,25.88,78.38,1.71,mid_season,clay,16.99,0
82.69,25.92,47.01,4.78,late,loamy,20.47,0
75.86,28.65,68.52,2.09,development,sandy,7.53,0
32.24,24.55,41.67,0,initial,sandy,0,0
45.96,20.79,79.18,4.53,late,clay,16.46,0
67.59,27.3,80.48,4.25,initial,loamy,0.49,0
71.3,33.23,42.35,4.04,late,clay,3.49,0
58.67,31.45,79.72,4.57,initial,clay,12.7,0
45.77,29.71,49.96,3.05,late,sandy,8.9,0
74.64,23.03,57.95,4.47,late,loamy,5.09,0
76.29,25.21,67.38,2.61,late,sandy,5.68,0
58.72,24.45,52.97,5.06,late,loamy,4.32,0
47.77,35.3,52.03,4.06,initial,clay,17.75,0
71.73,29.39,63.08,3.64,late,sandy,9.15,0
61.65,35.16,37.97,4.92,late,clay,19.88,0
49.04,23.71,36.73,4.88,late,clay,13.16,0
89.18,34.49,51.38,5.05,development,clay,13.1,0
41.36,23.45,49.84,4.73,development,clay,19.78,0
68.9,21.39,55.98,2.36,late,clay,12.55,0
78.05,25.15,35.42,4.28,late,loamy,1.83,0
75.09,29.15,65.81,0,development,loamy,0,0
40.18,21.3,75.33,4.3,development,sandy,1.34,0
54.14,35.68,57.21,3.68,late,loamy,12.84,0
25.5,33.38,67.36,4.7,initial,sandy,10.46,0
40.12,26.12,67.68,4.49,initial,sandy,1.02,0
49.81,33.7,63.83,2.48,initial,clay,5.95,0
58.33,22.36,80.22,3.49,initial,sandy,9.35,0
49.11,21.91,42.23,5.65,initial,loamy,3.79,0
54.9,20.03,70.43,1.48,development,loamy,9.73,0
63.4,27.14,64.78,6.23,initial,clay,15.19,0
47.07,20.04,78.32,3.04,mid_season,sandy,12.34,0
9.19,23.84,51.39,4.78,initial,sandy,6.77,0
74.69,19.65,54.09,5.49,initial,clay,15.32,0
58.6,29.99,41.71,2.42,late,clay,0.84,0
53.36,31.19,57.9,2.21,mid_season,clay,3.27,0
94.69,23.6,76.5,0,development,sandy,0,0
56.89,19.66,71.86,5.0,late,clay,14.83,0
45.23,22.31,84.56,4.86,initial,clay,3.21,0
47.94,28.0,40.96,5.21,initial,loamy,10.1,0
41.17,28.58,38.95,5.52,initial,clay,6.21,0
75.75,27.83,57.36,4.65,initial,loamy,0.55,0
59.59,32.86,78.95,4.79,development,loamy,20.31,0
60.74,26.79,52.15,4.86,mid_season,clay,14.52,0
65.83,25.67,75.13,1.7,mid_season,loamy,17.56,0
66.53,32.66,36.04,4.06,late,loamy,15.26,0
56.97,22.61,51.7,3.34,development,clay,12.8,0
42.76,18.75,58.84,3.19,initial,sandy,13.54,0
48.12,25.02,82.54,3.28,development,loamy,16.74,0
35.68,27.43,66.18,3.73,mid_season,clay,10.04,0
59.49,22.94,82.83,3.68,mid_season,clay,20.89,0
32.11,35.6,40.63,3.54,mid_season,sandy,12.41,0
60.95,21.63,51.19,4.89,mid_season,loamy,1.85,0
59.83,26.21,51.49,3.46,late,clay,5.32,0
32.79,33.34,68.51,2.33,mid_season,sandy,13.48,0
79.49,32.15,73.56,0,development,sandy,0,0
55.55,34.55,54.55,5.37,initial,loamy,12.9,0
44.49,18.27,62.43,5.09,mid_season,sandy,8.64,0
62.94,23.43,75.9,5.43,mid_season,clay,21.36,0
60.14,35.32,80.89,3.72,development,sandy,8.08,0
55.52,23.66,41.02,4.18,mid_season,clay,21.82,0
88.12,31.02,54.14,3.05,late,loamy,8.59,0
63.73,31.23,47.94,3.28,mid_season,clay,13.31,0
52.02,32.3,67.58,5.32,mid_season,sandy,22.08,0
55.62,19.37,52.45,3.84,development,sandy,14.23,0
24.69,33.94,36.72,3.49,late,loamy,9.18,0
67.72,26.41,37.96,5.12,initial,loamy,5.63,0
68.85,21.94,49.41,0,initial,loamy,0,0
47.07,25.19,58.35,4.48,late,sandy,18.87,0
76.76,26.17,75.81,0,initial,sandy,0,0
41.21,31.38,76.33,0,development,sandy,0,1
46.86,27.45,65.3,3.57,initial,clay,0.94,0
54.71,31.58,35.55,5.84,late,loamy,13.79,0
38.67,20.27,80.06,3.56,development,loamy,1.59,0
87.11,21.91,37.29,3.2,mid_season,loamy,15.42,0
61.83,24.5,63.0,4.11,development,clay,5.67,0
15.12,30.52,47.24,4.08,late,loamy,3.93,0
66.7,22.04,74.59,3.22,initial,clay,10.93,0
44.92,22.69,71.5,4.66,development,loamy,22.86,0
85.04,24.58,55.25,3.29,development,loamy,10.96,0
50.16,32.97,62.15,5.16,late,clay,5.82,0
67.86,34.41,37.06,2.16,late,loamy,10.88,0
47.53,31.57,69.15,2.41,late,sandy,7.62,0
32.84,31.11,58.88,4.04,development,sandy,21.45,0
7.01,24.94,61.12,5.73,development,loamy,13.36,0
64.52,24.65,41.8,5.06,development,clay,16.36,0
59.85,32.08,75.19,0,development,sandy,0,1
38.94,23.66,64.86,3.95,mid_season,loamy,9.2,0
54.07,29.3,40.2,0,initial,clay,0,0
76.31,33.21,73.75,3.98,development,clay,13.15,0
47.03,32.28,76.63,3.19,late,clay,6.98,0
51.59,18.16,70.35,3.74,development,clay,11.72,0
51.69,34.47,64.4,3.54,mid_season,sandy,18.69,0
63.47,22.41,48.14,4.29,mid_season,sandy,10.39,0
30.33,23.21,73.8,2.68,development,loamy,17.59,0
31.6,31.07,38.81,0,initial,loamy,0,0
63.9,31.39,80.73,0,initial,sandy,0,0
74.25,20.92,43.83,5.61,initial,clay,5.44,0
58.67,33.06,54.24,5.65,mid_season,sandy,13.81,0
65.98,22.75,46.66,3.19,development,loamy,2.16,0
57.37,33.05,53.96,3.07,late,loamy,12.41,0
23.16,31.05,73.44,4.33,mid_season,loamy,13.63,0
56.35,23.67,74.82,2.73,development,clay,5.68,0
74.11,26.91,70.29,3.77,late,loamy,17.59,0
76.71,29.08,38.6,3.45,mid_season,loamy,10.03,0
73.27,18.18,42.62,3.63,late,loamy,1.18,0
48.58,33.67,74.57,0,mid_season,sandy,0,1
74.17,25.61,82.7,3.34,initial,clay,2.59,0
50.07,23.61,76.65,3.58,late,clay,21.89,0
52.4,35.86,37.15,5.71,late,sandy,4.59,0
45.2,27.04,51.32,2.68,development,loamy,10.55,0
48.9,26.75,54.31,4.0,mid_season,loamy,12.29,0
54.84,23.03,44.23,3.79,late,clay,2.76,0
81.77,27.18,45.03,0,initial,loamy,0,0
74.6,24.52,60.6,0,late,sandy,0,0
44.5,18.66,56.27,0,development,clay,0,1
56.07,28.91,58.12,3.29,mid_season,clay,9.14,0
52.57,27.9,66.79,5.43,late,clay,9.3,0
51.09,22.48,60.53,3.08,initial,clay,9.55,0
35.78,32.96,46.08,5.37,mid_season,clay,17.68,0
54.02,23.68,75.31,6.28,late,loamy,6.32,0
91.6,32.38,57.14,3.46,initial,loamy,11.98,0
74.14,31.11,73.6,3.87,development,clay,9.59,0
95,22.37,44.16,5.32,initial,clay,3.31,0
75.3,32.2,37.95,4.8,late,loamy,5.56,0
54.84,19.29,81.26,5.05,initial,loamy,6.03,0
75.9,25.79,52.9,1.92,late,clay,12.81,0
56.58,21.18,53.68,2.66,late,sandy,16.03,0
38.08,24.85,74.51,4.12,initial,loamy,1.34,0
44.59,19.8,53.17,2.78,development,clay,4.17,0
48.84,23.1,57.48,2.62,mid_season,loamy,7.21,0
56.3,32.29,49.02,5.42,development,loamy,7.85,0
64.26,34.32,68.39,6.23,late,clay,7.35,0
57.69,29.9,75.04,0,development,clay,0,0
53.9,31.61,76.78,3.75,mid_season,sandy,13.19,0
35.92,31.49,81.62,5.4,late,loamy,14.92,0
24.22,29.68,55.83,4.41,late,loamy,6.82,0
52.9,33.09,46.27,0,initial,clay,0,0
33.03,22.34,45.65,2.01,late,sandy,9.41,0
91.99,35.47,58.34,0,late,sandy,0,0
45.58,19.99,47.32,4.19,initial,clay,0.68,0
88.66,35.15,73.58,0,late,clay,0,0
38.21,26.37,41.11,0,late,clay,0,1
65.7,35.97,48.53,5.26,development,loamy,6.08,0
38.24,18.09,63.99,3.9,late,sandy,8.54,0
62.37,26.99,68.12,4.5,development,clay,14.35,0
40.25,21.05,64.11,2.29,late,sandy,3.34,0
72.64,27.22,62.76,2.45,development,loamy,5.68,0
8.76,21.01,40.47,5.14,mid_season,sandy,4.65,0
53.08,19.7,52.11,3.85,late,loamy,8.11,0
73.2,34.67,79.45,0,late,loamy,0,0
41.38,25.08,36.51,4.5,mid_season,loamy,15.99,0
41.32,31.1,64.17,3.15,initial,sandy,10.31,0
28.65,25.13,45.83,1.98,mid_season,clay,23.13,0
50.02,30.17,57.18,4.69,initial,loamy,14.77,0
81.89,33.66,82.89,3.85,initial,loamy,17.61,0
23.2,34.57,70.81,3.88,initial,loamy,19.95,0
35.13,19.43,81.0,3.67,development,sandy,7.19,0
53.84,35.01,80.33,4.07,late,loamy,12.39,0
76.75,32.18,49.26,3.9,development,clay,15.47,0
54.59,27.46,80.82,3.98,initial,loamy,3.09,0
40.61,31.59,55.99,3.27,initial,loamy,4.16,0
31.81,32.15,72.66,3.54,development,loamy,17.24,0
68.08,35.64,74.24,4.8,late,loamy,6.48,0
70.08,21.53,61.62,5.23,initial,clay,12.84,0
68.18,34.53,42.86,3.75,late,loamy,13.86,0
60.97,21.76,83.51,3.09,development,sandy,1.84,0
64.34,25.47,61.33,4.35,late,clay,18.13,0
61.45,27.5,80.63,0,late,loamy,0,0
61.65,35.78,62.89,0,initial,sandy,0,0
50.02,25.38,77.48,4.97,mid_season,clay,6.59,0
48.54,19.83,81.09,3.93,late,clay,1.26,0
54.65,25.68,49.61,4.22,late,sandy,0.26,0
82.46,25.25,78.39,3.8,initial,clay,15.44,0
40.72,28.56,79.92,1.84,initial,loamy,3.42,0
79.13,27.34,84.58,6.36,initial,clay,8.15,0
95,24.29,50.3,5.37,mid_season,sandy,12.62,0
70.75,23.98,54.21,3.5,development,clay,4.36,0
41.55,18.08,49.6,2.37,late,loamy,10.28,0
88.45,21.06,48.4,0,mid_season,sandy,0,0
90.49,25.54,54.3,0,initial,clay,0,0
38.53,20.88,62.54,5.57,late,sandy,11.52,0
24.52,23.18,63.03,0,development,sandy,0,1
63.16,32.78,80.91,3.47,mid_season,sandy,3.94,0
59.16,19.99,48.84,0,initial,sandy,0,0
65.82,30.53,36.96,5.16,late,sandy,18.81,0
54.22,26.0,48.69,0,development,loamy,0,0
62.09,28.57,74.74,3.07,late,clay,16.24,0
47.14,31.11,53.9,4.47,initial,loamy,6.38,0
63.79,33.51,67.07,0,mid_season,loamy,0,0
41.6,32.79,55.91,3.9,late,clay,15.37,0
62.14,28.23,53.77,2.62,mid_season,loamy,5.71,0
69.97,22.81,65.56,3.18,development,clay,13.28,0
79.92,18.58,76.78,5.71,initial,loamy,15.99,0
73.88,22.74,40.71,5.4,mid_season,loamy,8.01,0
77.32,31.09,82.68,4.38,development,sandy,7.03,0
62.12,34.86,67.44,4.61,initial,clay,10.35,0
56.23,29.94,54.26,5.03,initial,clay,12.14,0
44.63,18.73,81.05,3.64,mid_season,loamy,14.51,0
17.16,25.8,62.41,3.72,initial,clay,4.83,0
56.1,32.42,77.32,3.66,development,clay,15.01,0
95,21.63,54.31,0,mid_season,sandy,0,0
55.66,23.16,53.14,4.08,initial,sandy,5.36,0
49.99,26.35,55.9,3.32,mid_season,sandy,7.44,0
17.96,23.62,58.43,5.26,development,clay,7.61,0
45.29,28.45,66.59,3.38,development,loamy,0.53,0
62.83,21.17,42.51,4.79,initial,clay,16.16,0
44.92,24.5,81.75,4.88,mid_season,sandy,8.19,0
52.74,19.25,80.45,3.87,mid_season,clay,20.54,0
39.14,29.98,45.8,3.11,initial,clay,4.49,0
60.81,24.58,40.28,5.03,development,sandy,19.48,0
64.96,29.46,54.06,4.06,mid_season,clay,24.62,0
63.12,32.9,50.62,4.92,late,loamy,9.99,0
55.04,25.44,78.14,3.33,development,sandy,4.81,0
82.31,26.98,67.66,3.86,late,loamy,4.81,0
63.56,23.77,45.65,3.72,mid_season,loamy,14.99,0
50.56,23.82,36.1,5.0,late,sandy,5.91,0
24.0,28.95,63.77,4.76,development,loamy,9.97,0
55.29,21.53,75.91,0,initial,clay,0,0
92.92,24.73,45.47,4.05,development,loamy,8.63,0
40.71,33.32,55.69,1.84,development,sandy,4.77,0
35.91,19.45,65.1,0,development,sandy,0,1
80.1,26.49,40.68,4.77,development,loamy,0.75,0
64.16,32.19,76.44,3.97,development,clay,15.77,0
57.31,18.28,83.3,4.46,initial,clay,4.17,0
40.18,27.85,81.64,0,mid_season,clay,0,1
58.97,24.59,40.15,4.79,mid_season,clay,24.77,0
55.31,21.35,48.55,3.65,mid_season,loamy,6.13,0
46.77,33.56,53.08,4.18,mid_season,loamy,6.19,0
87.84,18.01,39.89,0,late,clay,0,0
82.59,24.02,46.9,0,late,sandy,0,0
72.02,27.93,60.42,4.7,mid_season,clay,4.82,0
50.28,31.15,66.53,4.22,initial,loamy,14.8,0
76.17,21.9,69.44,2.71,late,clay,11.96,0
79.5,21.17,73.04,5.26,mid_season,clay,15.71,0
87.97,33.87,46.68,0,initial,loamy,0,0
73.05,28.58,58.59,0,development,sandy,0,0
95,26.33,48.14,2.65,development,clay,15.98,0
56.89,33.73,64.69,3.57,late,sandy,2.91,0
69.81,23.7,45.57,2.61,mid_season,loamy,23.55,0
37.85,25.96,83.75,1.82,development,clay,7.85,0
74.57,29.06,61.87,0,development,sandy,0,0
55.63,27.88,74.98,5.39,development,sandy,4.36,0
70.71,18.59,68.05,3.21,initial,loamy,2.84,0
46.27,19.28,80.46,0,development,clay,0,0
83.92,22.58,74.0,0,initial,sandy,0,0
43.81,34.62,56.31,5.16,late,loamy,11.64,0
25.06,21.58,53.62,0,development,sandy,0,1
43.42,26.07,51.15,4.69,mid_season,loamy,8.84,0
88.45,20.54,35.26,3.03,initial,clay,23.3,0
59.48,30.77,68.03,6.42,mid_season,loamy,11.67,0
39.62,19.34,54.39,3.28,development,clay,6.52,0
69.33,22.61,77.75,2.13,initial,sandy,2.72,0
40.38,33.69,75.96,3.78,mid_season,clay,12.7,0
39.2,23.63,49.03,2.91,late,clay,15.13,0
41.27,25.9,55.72,3.69,mid_season,loamy,4.25,0
58.75,34.06,57.65,4.07,late,clay,11.17,0
61.6,20.76,70.76,0,development,clay,0,0
82.81,23.61,35.32,4.88,mid_season,sandy,7.1,0
47.77,31.26,71.94,3.21,initial,sandy,7.46,0
43.2,32.48,63.6,4.4,mid_season,sandy,10.43,0
50.63,28.12,39.68,4.31,late,loamy,2.72,0
95,21.95,81.34,3.08,mid_season,sandy,7.69,0
56.1,30.92,52.53,0,initial,sandy,0,0
69.53,26.37,68.79,5.26,development,loamy,15.69,0
83.64,20.36,69.29,0,development,sandy,0,0
60.9,23.58,60.71,4.0,late,clay,10.98,0
91.71,24.26,61.14,4.93,late,clay,10.38,0
44.77,35.35,75.81,0,initial,loamy,0,0
65.68,20.54,76.31,0,initial,sandy,0,0
50.88,22.17,60.72,4.63,late,sandy,14.27,0
41.87,19.44,84.53,3.45,mid_season,loamy,4.43,0
44.35,19.19,46.25,5.73,development,clay,7.27,0
59.92,21.05,41.12,5.06,initial,loamy,7.47,0
33.41,33.94,63.84,2.65,mid_season,loamy,27.37,0
64.54,18.45,44.47,4.05,mid_season,clay,25.21,0
51.56,27.46,47.8,4.16,development,sandy,19.63,0
58.22,27.4,62.84,3.93,initial,loamy,11.43,0
77.88,25.52,69.41,0,late,clay,0,0
84.48,35.26,80.08,4.17,initial,sandy,0.71,0
45.33,29.21,48.47,0,initial,clay,0,0
80.64,19.21,65.39,0,development,sandy,0,0
79.49,29.45,40.97,2.9,initial,clay,16.63,0
59.04,25.23,55.6,3.57,development,clay,9.67,0
50.91,28.07,76.37,0,initial,loamy,0,0
65.24,19.0,53.31,4.35,mid_season,loamy,17.79,0
44.43,25.66,59.15,4.55,late,clay,8.8,0
29.66,30.69,55.16,6.62,mid_season,clay,0.05,0
49.71,31.43,84.08,5.23,development,clay,5.98,0
55.06,28.88,77.15,5.41,late,sandy,0.37,0
38.2,22.36,52.16,5.21,initial,loamy,15.52,0
38.11,21.17,66.37,3.03,development,sandy,2.67,0
53.29,23.46,59.84,4.75,development,loamy,3.54,0
55.69,22.06,70.09,0,mid_season,clay,0,0
58.41,29.86,84.17,0,late,loamy,0,0
17.77,27.07,55.94,3.3,mid_season,clay,4.63,0
76.32,20.13,70.76,3.49,initial,sandy,8.08,0
91.54,22.51,66.12,3.94,initial,sandy,5.48,0
45.13,30.28,83.24,5.3,mid_season,clay,18.23,0
44.24,29.28,84.46,4.6,initial,clay,6.2,0
72.17,34.32,71.83,3.47,mid_season,clay,1.88,0
64.66,26.69,48.94,3.68,development,sandy,17.03,0
40.71,32.5,37.57,0,late,loamy,0,1
54.91,22.6,61.04,3.59,development,loamy,2.77,0
82.6,29.58,55.01,4.11,initial,clay,9.9,0
71.02,29.95,35.05,3.24,mid_season,loamy,1.39,0
51.93,28.29,62.39,4.12,development,clay,8.87,0
42.41,26.05,36.15,1.51,late,clay,2.42,0
65.75,24.72,64.65,0,mid_season,clay,0,0
53.22,25.59,46.99,4.11,late,clay,6.68,0
68.22,31.26,69.14,3.05,development,loamy,3.31,0
35.79,27.27,67.93,5.96,late,loamy,18.59,0
57.43,20.14,56.79,2.85,mid_season,loamy,5.32,0
52.99,28.96,65.73,3.57,mid_season,loamy,12.65,0
47.57,19.14,66.31,4.69,mid_season,sandy,12.74,0
50.69,22.62,72.96,3.31,initial,clay,7.23,0
14.92,25.57,74.0,4.54,late,clay,2.69,0
72.48,28.76,50.42,0,initial,loamy,0,0
87.5,22.24,74.87,3.3,mid_season,clay,7.55,0
52.68,27.77,79.61,6.75,development,sandy,10.41,0
41.22,21.14,58.99,4.45,initial,loamy,1.52,0
45.21,20.45,67.01,5.98,initial,sandy,1.69,0
65.88,34.11,79.99,3.85,mid_season,clay,18.86,0
53.42,22.74,81.78,5.0,initial,loamy,4.76,0
62.08,30.61,52.62,4.26,mid_season,sandy,4.74,0
90.62,22.16,73.55,4.94,initial,clay,17.19,0
66.91,19.68,42.01,0,mid_season,loamy,0,0
59.23,27.59,49.78,3.99,late,loamy,6.3,0
43.69,19.75,80.6,3.54,late,clay,1.09,0
42.24,19.28,55.03,3.06,initial,clay,7.99,0
53.97,35.39,52.37,0,late,loamy,0,0
62.58,32.5,63.43,4.61,late,loamy,15.03,0
21.41,34.68,42.05,0,late,loamy,0,1
55.29,30.49,63.94,3.2,initial,sandy,4.53,0
29.19,20.6,35.12,0,initial,sandy,0,0
39.72,29.94,63.62,2.18,late,clay,12.85,0
62.1,22.33,61.02,4.48,initial,clay,9.46,0
54.99,27.51,45.77,3.67,mid_season,loamy,12.42,0
45.93,26.19,47.81,4.23,late,loamy,1.76,0
63.29,29.07,70.69,6.29,mid_season,loamy,19.5,0
40.87,27.74,49.6,4.07,initial,clay,5.99,0
59.76,18.72,46.48,5.03,mid_season,clay,17.55,0
42.64,30.86,72.33,5.81,development,sandy,10.81,0
81.56,19.29,83.49,4.83,mid_season,sandy,14.2,0
64.98,23.77,43.08,3.14,development,loamy,2.75,0
45.69,30.65,75.84,5.8,development,sandy,5.53,0
50.61,35.75,47.36,3.41,mid_season,sandy,3.69,0
60.99,22.68,82.88,5.84,mid_season,clay,8.22,0
82.81,22.35,60.26,2.73,initial,loamy,10.36,0
60.07,33.97,76.11,6.07,mid_season,clay,10.71,0
77.34,28.84,66.75,3.18,mid_season,sandy,14.78,0
22.37,24.34,52.59,4.63,late,clay,14.89,0
46.86,22.78,56.72,4.85,development,sandy,12.47,0
28.19,29.37,48.38,0,development,sandy,0,1
57.24,25.81,64.43,5.02,development,sandy,13.04,0
75.19,19.99,44.43,4.74,initial,sandy,10.48,0
46.64,33.36,66.36,5.71,development,sandy,11.0,0
51.59,35.83,78.46,2.5,late,loamy,10.16,0
38.03,24.76,43.27,0,development,loamy,0,1
48.66,21.46,47.99,3.83,development,loamy,18.23,0
57.84,33.63,40.26,4.11,initial,clay,5.49,0
61.05,33.39,69.81,5.1,initial,sandy,16.11,0
42.74,26.81,60.52,3.64,development,clay,6.9,0
25.33,29.71,39.18,3.56,late,clay,14.91,0
38.8,18.92,46.53,4.62,initial,clay,9.97,0
57.37,35.59,70.33,2.3,mid_season,loamy,2.63,0
57.86,33.76,65.75,3.17,mid_season,clay,18.03,0
87.1,21.05,72.69,4.07,late,clay,2.12,0
69.28,20.1,35.77,0,development,sandy,0,0
69.8,18.59,69.47,3.57,late,clay,14.45,0
70.61,30.5,54.54,2.44,initial,loamy,2.26,0
64.8,33.8,38.83,0,initial,loamy,0,0
43.71,18.64,66.13,4.13,mid_season,sandy,1.96,0
67.78,35.76,35.61,2.73,development,sandy,10.07,0
38.0,28.98,76.63,2.0,mid_season,sandy,11.5,0
50.92,21.94,68.46,3.33,initial,sandy,9.21,0
32.92,29.77,38.81,4.99,late,sandy,17.61,0
30.28,20.56,79.0,4.55,initial,loamy,12.02,0
30.8,18.97,39.06,3.57,development,loamy,9.89,0
52.22,24.6,41.17,2.62,late,loamy,14.27,0
52.15,32.06,77.82,3.74,mid_season,clay,19.49,0
36.18,34.14,37.82,3.63,late,sandy,2.66,0
49.01,24.46,66.05,3.12,mid_season,sandy,27.01,0
55.31,18.3,63.49,4.33,initial,loamy,19.31,0
58.67,28.32,51.06,2.52,initial,loamy,9.3,0
48.89,19.79,77.95,4.73,mid_season,sandy,16.97,0
54.89,23.05,77.08,4.52,initial,clay,14.01,0
25.59,18.07,76.13,2.62,late,loamy,9.6,0
83.58,23.51,75.22,3.96,initial,clay,7.93,0
34.79,23.07,65.83,4.81,development,clay,11.19,0
72.46,35.23,45.71,5.1,late,loamy,17.59,0
69.13,21.02,53.43,2.47,late,clay,12.23,0
55.45,26.61,80.15,3.4,initial,clay,6.91,0
22.87,34.38,80.8,0,development,sandy,0,1
44.42,35.46,49.53,4.88,initial,loamy,0.44,0
80.71,27.45,84.61,1.32,mid_season,sandy,20.12,0
77.59,35.36,66.6,4.74,initial,clay,5.01,0
45.81,29.75,58.67,4.38,initial,loamy,1.75,0
57.38,28.44,64.35,3.54,late,loamy,5.62,0
48.76,23.67,57.75,0,late,clay,0,0
68.57,21.77,60.42,4.99,mid_season,sandy,0.76,0
35.36,30.21,68.04,0,initial,sandy,0,0
45.82,23.87,55.22,2.63,mid_season,loamy,4.89,0
55.09,29.91,78.15,4.27,initial,clay,3.07,0
40.99,26.7,42.21,3.5,mid_season,clay,17.49,0
82.24,20.81,36.74,3.56,mid_season,loamy,9.87,0
26.78,23.5,67.95,4.47,late,clay,16.01,0
30.43,26.18,36.19,2.24,late,sandy,11.67,0
37.29,18.46,35.01,4.61,late,clay,4.82,0
71.07,18.63,84.41,4.86,mid_season,sandy,13.62,0
51.46,20.6,73.89,1.95,development,clay,23.79,0
59.06,28.99,44.83,2.8,development,sandy,14.59,0
53.77,28.87,66.46,4.41,late,loamy,1.6,0
21.39,29.19,55.11,3.43,late,clay,13.04,0
64.15,35.13,40.99,0,initial,loamy,0,0
28.34,26.12,54.92,4.31,late,clay,12.1,0
6.27,34.35,39.62,3.72,development,sandy,1.28,0
72.58,25.84,76.38,0,initial,clay,0,0
83.12,24.26,73.67,4.41,development,clay,12.64,0
47.07,24.02,82.84,4.93,development,clay,1.7,0
85.71,25.78,74.25,0,late,sandy,0,0
67.63,30.24,77.16,2.83,initial,loamy,10.31,0
60.43,25.71,36.93,6.02,development,sandy,1.89,0
58.31,22.26,57.45,6.11,mid_season,clay,8.88,0
54.58,19.21,42.51,2.84,mid_season,loamy,5.47,0
60.63,29.15,68.05,4.39,late,clay,10.73,0
45.18,31.86,66.88,3.71,late,clay,14.06,0
25.11,29.24,38.15,5.33,initial,sandy,14.33,0
90.81,30.98,65.64,3.3,development,clay,8.05,0
61.19,35.23,72.3,4.25,initial,clay,7.39,0
64.6,24.3,40.83,2.54,development,clay,18.88,0
51.23,23.63,38.56,5.72,late,clay,8.9,0
50.6,28.93,40.99,3.23,development,clay,1.67,0
45.43,35.32,53.88,5.29,late,loamy,7.07,0
42.35,22.6,74.65,4.88,mid_season,loamy,6.86,0
64.0,24.31,70.3,4.37,late,clay,22.0,0
73.44,32.1,45.31,4.47,mid_season,sandy,16.78,0
89.06,32.7,42.76,0,late,clay,0,0
53.15,35.37,53.75,3.62,development,clay,15.27,0
68.59,35.92,39.33,3.9,mid_season,sandy,11.05,0
39.04,30.39,64.65,5.22,late,sandy,10.17,0
73.54,25.17,39.52,0,development,clay,0,0
56.0,35.09,43.29,5.04,initial,clay,0.46,0
61.6,18.81,79.48,4.06,mid_season,loamy,18.2,0
81.44,30.1,42.85,2.53,mid_season,sandy,10.39,0
58.97,20.87,43.58,3.47,development,loamy,20.71,0
76.31,27.33,53.31,3.35,initial,sandy,11.95,0
56.76,23.22,72.21,0,development,loamy,0,0
59.74,29.28,55.12,2.94,initial,clay,11.43,0
57.94,28.43,76.2,0,initial,sandy,0,0
46.23,20.04,39.22,2.79,mid_season,clay,16.33,0
74.05,26.43,77.59,0,late,loamy,0,0
90.76,22.85,58.06,4.85,mid_season,clay,13.22,0
46.15,33.28,72.97,0,development,clay,0,0
68.93,18.81,83.29,5.12,initial,clay,1.64,0
33.36,31.49,58.55,0,initial,clay,0,0
75.5,20.08,59.78,0,late,sandy,0,0
65.43,25.48,78.0,0,late,clay,0,0
71.08,26.4,65.99,2.75,late,loamy,15.45,0
52.48,24.68,65.59,2.82,late,sandy,10.02,0
54.92,30.21,67.42,4.4,initial,clay,6.85,0
59.96,19.09,55.74,5.45,mid_season,clay,16.81,0
87.89,30.85,77.06,3.88,late,sandy,11.17,0
48.64,32.39,53.7,0,development,sandy,0,1
74.06,32.82,47.81,2.95,mid_season,clay,16.25,0
53.7,22.74,84.99,4.29,initial,clay,7.91,0
89.4,18.24,47.56,0,initial,loamy,0,0
48.78,28.27,52.11,5.02,initial,clay,7.3,0
20.0,29.68,47.97,4.14,mid_season,loamy,10.53,0
40.56,26.07,47.24,3.52,development,clay,2.89,0
62.41,31.94,77.88,2.2,mid_season,sandy,20.43,0
62.46,19.18,76.9,4.43,late,sandy,14.96,0
82.91,34.39,83.39,3.06,mid_season,clay,11.37,0
66.43,19.31,72.15,0,development,clay,0,0
60.49,21.07,37.17,5.38,mid_season,sandy,12.35,0
67.84,22.13,42.89,1.27,mid_season,clay,15.69,0
90.96,28.4,35.86,1.76,initial,sandy,7.63,0
37.07,18.93,82.56,4.61,development,loamy,4.56,0
49.34,18.25,35.33,0,development,clay,0,0
61.46,23.21,47.99,3.73,mid_season,sandy,1.99,0
28.97,24.14,55.97,0,late,sandy,0,1
66.1,21.34,46.83,0,mid_season,sandy,0,0
53.38,23.58,84.22,3.93,late,clay,4.01,0
51.78,21.28,78.3,4.07,late,clay,16.19,0
44.71,18.36,36.76,2.57,initial,loamy,16.52,0
34.89,29.09,68.89,4.06,late,clay,5.64,0
86.47,33.28,64.89,2.64,late,sandy,8.26,0
49.16,26.69,73.07,4.65,development,sandy,3.14,0
43.71,31.26,48.39,2.77,mid_season,clay,11.94,0
68.3,32.82,74.38,2.99,development,loamy,15.71,0
80.97,21.4,83.54,4.9,mid_season,sandy,4.88,0
81.89,23.99,58.27,1.91,development,loamy,10.03,0
55.52,20.55,68.95,3.44,mid_season,loamy,7.54,0
83.07,33.09,69.82,2.65,late,clay,23.56,0
39.9,28.66,82.17,4.14,development,clay,4.55,0
31.5,35.31,54.82,4.18,late,sandy,12.71,0
47.94,33.28,67.85,4.13,mid_season,loamy,14.21,0
50.32,19.48,63.09,0,initial,clay,0,0
47.53,21.58,57.79,5.46,mid_season,clay,0.87,0
76.39,30.36,79.4,3.98,late,clay,17.88,0
72.53,26.95,73.8,0,initial,sandy,0,0
54.39,24.48,79.74,0,mid_season,loamy,0,0
54.82,28.03,60.21,2.31,development,clay,29.58,0
31.97,22.35,82.93,2.98,development,sandy,6.17,0
51.78,22.84,79.08,3.62,development,loamy,4.93,0
47.11,34.07,55.89,0,initial,clay,0,0
90.72,33.91,38.37,0,development,loamy,0,0
28.08,30.84,84.46,4.01,initial,sandy,4.05,0
60.63,32.58,62.4,5.09,development,sandy,3.66,0
83.73,23.73,59.04,0,initial,sandy,0,0
66.69,32.5,81.86,2.22,late,sandy,7.93,0
44.75,30.72,44.45,3.55,development,clay,12.65,0
57.81,24.18,47.23,3.1,initial,clay,2.56,0
77.85,22.76,37.06,3.21,late,loamy,7.29,0
88.0,19.72,78.25,0,initial,clay,0,0
39.76,33.05,65.05,4.74,mid_season,loamy,8.63,0
83.53,20.3,48.66,5.16,development,clay,7.94,0
63.42,23.05,65.83,4.13,late,clay,12.46,0
50.5,28.73,44.23,4.05,development,loamy,3.74,0
66.56,18.24,71.16,4.13,development,loamy,11.03,0
59.02,27.31,54.95,4.79,late,loamy,14.56,0
54.2,19.5,58.71,3.73,initial,loamy,9.84,0
66.79,35.46,60.35,2.38,development,clay,5.14,0
37.04,26.74,61.36,3.96,initial,loamy,13.94,0
84.63,22.24,46.39,5.17,late,sandy,15.24,0
56.56,33.75,40.95,3.23,development,clay,16.16,0
48.13,24.93,53.71,5.93,mid_season,clay,16.97,0
54.99,25.86,71.43,0,initial,clay,0,0
30.38,32.97,68.21,0,late,sandy,0,1
26.2,23.46,56.3,4.54,development,sandy,5.91,0
42.49,22.95,60.14,0,development,sandy,0,1
48.03,22.51,39.38,4.99,late,sandy,17.5,0
54.95,33.53,49.66,5.37,initial,loamy,4.66,0
57.37,29.35,56.01,3.83,mid_season,clay,20.75,0
63.81,24.39,70.74,4.68,late,clay,10.39,0
37.21,24.46,54.24,3.15,late,clay,2.5,0
18.34,31.78,73.52,5.0,mid_season,sandy,17.77,0
61.14,23.53,49.85,2.52,mid_season,sandy,8.75,0
61.46,23.94,75.34,0,mid_season,sandy,0,0
50.0,26.97,51.02,0,initial,loamy,0,0
51.38,20.7,44.47,0,initial,clay,0,0
53.0,18.87,79.88,2.88,mid_season,loamy,22.39,0
50.21,30.86,43.16,4.3,development,sandy,18.51,0
32.95,34.75,47.26,0,initial,clay,0,1
73.59,34.55,45.35,5.16,initial,loamy,8.73,0
56.85,34.01,79.12,0,late,loamy,0,0
41.91,23.12,52.21,3.04,late,clay,17.49,0
45.78,23.78,54.26,3.91,development,clay,8.37,0
58.04,33.61,37.34,2.32,mid_season,clay,11.1,0
71.59,19.5,68.56,5.09,late,clay,2.73,0
46.73,30.36,62.05,3.97,development,sandy,2.45,0
92.34,32.31,67.25,4.76,development,sandy,22.13,0
48.05,23.96,71.52,3.93,initial,sandy,14.33,0
25.14,23.09,53.34,3.66,mid_season,loamy,8.71,0
34.96,34.66,38.41,2.74,development,clay,9.07,0
61.4,24.3,61.76,1.89,initial,loamy,1.99,0
56.94,20.83,63.7,5.39,mid_season,clay,11.85,0
52.55,18.96,59.65,4.68,late,loamy,16.3,0
30.14,31.97,66.89,0,late,clay,0,1
51.97,34.76,70.65,4.3,mid_season,clay,15.95,0
52.77,27.17,38.12,5.21,initial,sandy,13.82,0
45.59,18.67,52.61,4.0,mid_season,loamy,12.86,0
29.2,18.42,68.85,3.9,development,sandy,13.35,0
27.46,24.39,51.44,4.27,initial,sandy,13.59,0
86.45,29.12,79.65,4.92,mid_season,sandy,7.34,0
30.44,31.85,42.89,0,initial,clay,0,0
29.24,27.82,73.07,3.73,late,loamy,8.31,0
60.91,35.19,55.71,5.15,development,loamy,11.6,0
56.44,28.71,71.97,2.15,mid_season,loamy,20.08,0
72.45,24.76,65.93,0,development,loamy,0,0
34.81,30.25,75.89,3.19,mid_season,sandy,9.67,0
57.88,25.17,64.33,0,development,clay,0,0
26.66,29.0,47.07,3.41,development,clay,17.65,0
47.92,19.1,79.9,0,late,sandy,0,1
57.88,33.81,47.61,2.83,late,sandy,1.23,0
44.67,30.89,84.4,3.87,initial,clay,7.66,0
52.14,23.28,66.99,3.61,mid_season,sandy,17.31,0
82.02,30.98,80.73,0,initial,clay,0,0
77.7,35.71,37.83,3.61,mid_season,sandy,11.69,0
70.87,23.93,53.97,2.83,mid_season,sandy,2.36,0
30.93,31.08,78.44,3.05,initial,loamy,3.96,0
42.1,23.26,81.75,2.81,development,clay,2.79,0
61.09,25.11,76.67,3.34,late,sandy,2.27,0
50.88,25.0,84.43,4.45,development,sandy,8.05,0
55.14,20.82,69.43,2.82,development,loamy,1.37,0
56.46,26.54,36.62,3.31,mid_season,sandy,2.93,0
54.58,27.26,72.18,5.36,mid_season,sandy,2.91,0
45.83,35.35,60.07,5.13,development,clay,5.72,0
50.03,25.62,70.77,6.61,mid_season,clay,19.52,0
71.27,20.34,82.99,5.37,initial,loamy,4.09,0
63.67,21.2,40.69,4.41,mid_season,clay,15.67,0
85.6,25.42,80.12,3.46,development,loamy,11.79,0
49.2,24.63,55.22,3.95,late,sandy,7.27,0
59.95,23.26,73.97,3.76,mid_season,clay,9.29,0
61.62,32.22,73.02,3.07,mid_season,sandy,9.0,0
70.93,18.53,58.6,5.39,mid_season,clay,11.93,0
39.5,33.12,57.83,3.51,development,loamy,8.3,0
53.61,34.83,75.35,4.68,mid_season,sandy,17.06,0
72.56,30.34,74.79,0,development,loamy,0,0
22.98,19.99,59.69,3.11,initial,clay,0.1,0
48.45,24.14,71.72,4.01,development,clay,6.13,0
63.16,22.78,61.42,4.87,initial,sandy,0.15,0
74.67,29.84,41.91,2.88,mid_season,loamy,15.05,0
86.54,32.03,80.26,1.74,initial,sandy,3.47,0
35.48,28.11,67.59,4.4,mid_season,clay,16.66,0
51.72,33.16,77.96,4.97,mid_season,sandy,3.33,0
82.05,31.82,46.94,4.03,initial,clay,3.92,0
64.91,19.99,37.32,4.33,development,loamy,16.31,0
59.66,30.71,52.34,5.64,late,sandy,9.43,0
77.22,33.27,63.16,2.38,mid_season,sandy,12.41,0
79.22,28.51,60.49,0,initial,loamy,0,0
74.79,22.72,36.38,4.79,development,clay,11.04,0
52.81,20.1,53.19,2.34,development,sandy,9.4,0
59.46,34.48,80.9,5.36,mid_season,sandy,7.14,0
54.71,35.84,62.61,5.04,initial,loamy,3.82,0
59.08,25.17,49.29,4.26,development,clay,12.59,0
57.73,23.3,77.7,3.27,mid_season,clay,18.71,0
87.33,28.25,56.59,3.53,initial,loamy,2.36,0
80.83,20.0,40.35,4.65,mid_season,loamy,20.31,0
80.06,18.12,47.59,3.45,development,clay,15.51,0
74.28,23.91,79.22,3.47,development,loamy,0.52,0
59.8,30.43,59.87,3.2,development,sandy,0.14,0
44.5,35.84,79.56,0,late,loamy,0,1
85.82,26.12,76.06,3.68,initial,clay,6.47,0
56.39,29.72,74.65,2.33,late,clay,0.18,0
39.46,26.44,45.66,5.04,initial,clay,11.54,0
55.17,31.65,58.33,3.83,late,sandy,9.46,0
67.91,24.73,50.55,3.45,development,clay,0.35,0
43.73,21.53,73.4,2.91,late,loamy,5.87,0
5,29.3,70.15,3.44,mid_season,sandy,7.89,0
63.75,33.63,63.25,2.58,mid_season,clay,12.46,0
87.68,19.11,84.53,2.72,development,sandy,12.46,0
58.54,33.5,54.41,5.46,development,loamy,7.83,0
38.53,18.55,52.85,2.41,initial,sandy,8.36,0
69.97,22.82,75.66,5.39,mid_season,loamy,12.78,0
63.01,19.39,69.59,4.58,development,sandy,8.82,0
33.99,18.36,67.7,5.09,mid_season,loamy,17.67,0
53.76,31.59,65.09,0,late,clay,0,0
28.69,22.08,81.09,4.27,mid_season,clay,18.27,0
15.12,35.29,80.4,5.88,development,sandy,11.61,0
67.77,25.61,46.12,3.88,mid_season,sandy,9.1,0
58.36,28.25,46.12,3.56,late,loamy,13.94,0
57.12,27.55,82.53,5.46,development,clay,4.8,0
64.99,18.16,48.86,4.18,development,clay,9.14,0
39.57,18.8,59.52,3.59,late,sandy,12.5,0
55.36,30.14,41.81,3.87,development,loamy,5.82,0
46.59,30.69,68.31,1.38,late,loamy,14.41,0
73.16,21.27,69.71,4.62,development,sandy,11.32,0
45.57,27.78,82.66,4.47,initial,clay,4.3,0
73.8,23.89,74.54,3.72,mid_season,sandy,12.44,0
35.8,32.34,83.11,4.46,late,sandy,0.35,0
69.31,18.34,48.5,0,initial,clay,0,0
52.71,28.59,42.07,4.6,initial,loamy,5.34,0
42.01,22.17,56.19,5.42,mid_season,loamy,22.59,0
45.11,24.35,76.92,3.24,initial,sandy,2.84,0
66.92,28.96,56.61,4.0,development,loamy,12.58,0
33.32,19.67,71.5,0,initial,clay,0,0
90.46,32.2,51.97,3.83,mid_season,clay,23.45,0
41.4,22.66,81.62,5.21,late,loamy,5.53,0
50.03,20.91,72.41,0,initial,clay,0,0
31.35,18.71,47.28,4.14,late,loamy,12.08,0
60.34,25.72,68.12,3.28,initial,clay,18.05,0
73.66,29.74,60.53,0,late,loamy,0,0
56.3,31.4,42.6,4.58,development,clay,11.93,0
31.53,24.39,83.52,4.45,development,clay,20.12,0
75.22,23.55,57.92,5.24,late,clay,5.71,0
52.45,26.88,66.14,3.93,late,loamy,2.58,0
68.3,23.6,41.09,3.64,development,loamy,0.49,0
52.02,31.57,52.55,5.32,initial,loamy,1.27,0
91.77,24.63,84.28,3.5,initial,loamy,0.88,0
67.52,21.63,76.59,3.55,late,loamy,10.26,0
78.96,30.78,75.18,3.54,mid_season,loamy,8.58,0
71.48,25.5,52.01,0,development,loamy,0,0
62.88,26.74,80.49,2.95,late,clay,13.79,0
67.31,21.31,54.97,3.52,mid_season,clay,19.25,0
57.91,26.01,50.92,3.17,development,loamy,8.84,0
52.7,20.71,59.23,3.94,initial,clay,5.99,0
18.48,24.4,52.95,5.58,late,sandy,4.94,0
48.42,18.48,47.39,4.56,late,clay,3.14,0
62.29,24.83,46.91,0,initial,loamy,0,0
56.13,32.48,40.83,2.29,late,loamy,0.33,0
15.6,23.41,77.67,0,initial,loamy,0,0
40.89,23.21,40.75,3.7,development,loamy,2.33,0
67.79,31.14,83.04,0,initial,sandy,0,0
36.27,18.25,55.72,1.78,mid_season,clay,9.03,0
44.56,19.1,64.73,4.3,late,clay,5.95,0
43.88,31.15,70.44,5.34,development,sandy,12.52,0
32.62,32.56,64.12,4.54,initial,loamy,6.91,0
41.16,24.16,78.73,2.17,initial,clay,2.28,0
50.43,33.14,47.29,4.35,mid_season,sandy,17.02,0
45.9,20.79,55.57,5.3,initial,clay,4.92,0
55.27,33.07,66.35,2.99,late,loamy,13.25,0
65.86,24.2,71.96,0,mid_season,sandy,0,0
52.98,33.5,66.74,5.34,initial,clay,7.33,0
51.08,30.28,36.6,5.25,late,clay,1.64,0
46.73,22.57,49.05,4.36,initial,clay,23.73,0
78.68,18.96,63.76,4.85,late,loamy,4.49,0
44.71,30.43,44.55,0,initial,sandy,0,0
54.61,31.81,82.5,0,mid_season,loamy,0,0
41.39,25.41,71.77,2.76,late,sandy,8.12,0
63.84,33.3,51.87,3.63,mid_season,clay,18.16,0
17.53,22.03,79.42,3.31,mid_season,loamy,8.13,0
34.12,21.31,81.43,3.11,late,loamy,13.25,0
79.43,31.34,46.25,2.69,late,sandy,5.17,0
58.31,19.4,48.33,3.01,late,clay,14.18,0
54.65,30.43,52.17,3.66,late,sandy,4.34,0
42.87,18.96,63.32,0,initial,sandy,0,0
40.28,18.65,61.96,6.92,development,loamy,9.29,0
51.15,24.04,69.68,5.68,initial,clay,5.83,0
63.02,20.05,40.44,3.88,late,loamy,8.89,0
58.22,27.09,41.96,3.84,late,loamy,10.65,0
35.7,31.09,81.29,5.19,initial,clay,7.28,0
53.3,34.59,82.7,0,late,sandy,0,1
54.91,22.23,72.36,4.61,initial,sandy,9.58,0
66.73,27.4,70.47,5.25,mid_season,sandy,9.66,0
60.69,34.32,78.53,2.46,mid_season,clay,10.18,0
47.76,18.31,56.44,0,development,clay,0,0
69.01,32.6,75.04,4.63,late,loamy,1.12,0
53.31,33.66,54.18,4.38,mid_season,clay,24.88,0
85.07,28.02,37.4,0,initial,loamy,0,0
67.51,21.94,57.35,3.47,initial,clay,6.41,0
70.71,22.17,59.24,6.11,late,clay,11.86,0
55.23,32.71,59.92,5.41,mid_season,clay,13.23,0
23.97,32.15,52.42,2.73,development,loamy,3.97,0
67.82,35.09,54.19,3.76,late,clay,15.72,0
83.65,29.81,37.78,5.15,initial,clay,14.14,0
63.63,30.1,64.48,3.48,late,clay,14.6,0
90.86,29.84,67.06,2.89,mid_season,clay,20.15,0
68.68,31.74,49.63,4.07,mid_season,loamy,22.13,0
27.8,30.1,38.37,0,late,clay,0,1
24.53,19.76,74.68,3.9,mid_season,clay,14.27,0
9.96,29.56,76.03,1.98,late,loamy,6.45,0
53.42,27.21,58.69,0,development,sandy,0,1
41.99,32.05,35.68,4.2,development,clay,3.25,0
68.89,18.51,70.23,5.84,mid_season,clay,24.05,0
48.35,18.28,72.65,4.84,late,loamy,2.34,0
36.87,35.12,48.48,7.15,development,sandy,1.82,0
25.02,25.35,78.09,0,initial,loamy,0,0
55.59,21.66,68.18,3.71,development,clay,12.57,0
42.63,31.47,45.07,3.91,initial,clay,2.47,0
33.82,20.68,41.97,4.72,mid_season,loamy,17.66,0
38.23,26.49,53.44,0,mid_season,clay,0,1
73.83,20.93,53.93,2.27,development,sandy,11.24,0
26.75,20.12,52.85,2.59,development,clay,0.57,0
93.54,18.34,63.27,3.45,initial,loamy,14.35,0
57.96,21.46,51.19,3.45,initial,clay,8.22,0
80.77,19.34,78.63,3.99,mid_season,loamy,13.05,0
65.33,30.47,79.92,0,initial,clay,0,0
39.77,34.73,50.99,5.89,development,sandy,6.93,0
58.81,34.88,78.8,0,initial,loamy,0,0
77.22,33.41,62.02,4.99,initial,loamy,1.16,0
22.28,29.38,71.35,2.93,initial,loamy,10.08,0
47.2,21.52,37.81,4.52,initial,clay,13.97,0
78.08,32.24,80.05,4.6,initial,clay,3.95,0
46.17,19.47,43.51,2.92,mid_season,clay,9.64,0
59.66,29.83,74.82,1.86,development,loamy,2.7,0
76.52,32.33,42.19,0,initial,loamy,0,0
63.33,21.29,78.76,0.67,development,sandy,6.6,0
51.44,22.29,79.22,6.97,late,clay,10.75,0
27.33,27.55,54.69,0,late,sandy,0,1
36.15,28.04,63.62,2.71,mid_season,loamy,9.1,0
90.25,28.46,37.19,4.01,development,clay,6.49,0
46.47,25.05,65.59,0,initial,loamy,0,0
67.51,33.23,44.38,3.98,initial,clay,9.14,0
69.57,19.48,48.23,2.31,development,sandy,10.78,0
40.46,22.19,44.71,5.0,late,clay,5.83,0
58.28,22.12,68.1,5.65,initial,loamy,10.68,0
52.31,25.02,61.66,4.11,late,loamy,11.46,0
84.37,34.8,46.28,4.04,development,loamy,15.52,0
46.82,35.52,56.07,2.16,initial,clay,12.1,0
66.98,30.65,72.16,0,late,sandy,0,0
22.98,35.87,68.64,3.59,development,sandy,13.12,0
30.34,24.35,75.91,4.21,initial,sandy,9.95,0
66.5,34.99,78.05,3.97,initial,loamy,7.91,0
66.26,20.0,60.41,6.44,mid_season,sandy,6.61,0
77.84,35.27,36.31,0,initial,loamy,0,0
42.77,21.55,36.6,3.71,development,loamy,5.9,0
61.03,31.18,41.66,3.21,development,sandy,8.25,0
48.45,30.58,65.9,4.52,development,sandy,7.52,0
95,22.17,78.62,4.53,late,sandy,10.17,0
95,19.72,41.07,4.34,initial,loamy,0.36,0
50.27,20.17,55.93,0,initial,loamy,0,0
60.37,21.07,65.42,2.88,development,sandy,9.49,0
53.06,35.51,35.65,5.19,development,clay,10.85,0
61.19,22.09,39.87,4.98,late,loamy,3.76,0
73.27,22.1,65.67,2.8,late,loamy,5.71,0
66.76,31.03,81.64,4.07,development,loamy,12.01,0
52.74,27.47,39.57,2.87,development,clay,3.67,0
33.6,35.69,48.9,6.04,development,clay,12.37,0
64.48,21.73,78.23,3.2,initial,sandy,7.22,0
67.21,25.69,49.92,0,development,loamy,0,0
52.97,26.13,56.27,5.92,mid_season,sandy,27.84,0
22.48,21.24,63.95,3.43,development,clay,11.84,0
53.9,32.85,61.07,4.81,initial,clay,10.0,0
78.44,24.09,60.55,4.61,initial,loamy,7.34,0
67.28,27.75,51.91,4.71,initial,loamy,16.58,0
35.56,23.03,45.31,5.58,development,loamy,2.52,0
84.22,33.73,78.45,3.59,development,loamy,8.32,0
62.0,31.98,46.69,6.2,development,sandy,9.11,0
61.82,34.51,71.16,2.42,initial,clay,8.9,0
39.25,18.5,72.57,4.55,initial,loamy,6.42,0
82.18,30.92,83.74,5.56,initial,loamy,5.5,0
47.81,29.85,79.01,3.79,initial,sandy,6.37,0
42.25,18.7,44.71,4.6,late,clay,9.23,0
56.09,30.24,46.78,3.39,late,sandy,13.28,0
47.87,24.33,75.35,3.41,development,loamy,0.3,0
50.73,24.8,82.11,4.11,late,clay,4.38,0
56.68,18.32,49.19,0,late,sandy,0,1
24.81,29.77,54.03,3.43,initial,loamy,2.83,0
61.79,26.18,58.67,2.89,late,loamy,24.31,0
60.63,35.64,63.84,3.95,late,loamy,7.79,0
45.47,31.58,80.34,4.38,mid_season,loamy,14.45,0
44.28,23.01,41.56,0,initial,sandy,0,0
44.82,29.37,43.18,3.96,mid_season,sandy,20.95,0
80.48,28.05,71.48,6.35,mid_season,loamy,12.62,0
59.34,21.19,49.54,4.78,mid_season,clay,12.9,0
81.61,33.96,76.44,3.06,mid_season,loamy,15.31,0
61.67,24.42,64.47,2.35,initial,loamy,4.15,0
64.33,27.93,82.81,5.02,late,clay,4.5,0
58.07,24.82,63.87,5.24,late,loamy,8.74,0
60.07,26.95,82.04,2.0,mid_season,sandy,19.94,0
52.68,18.02,80.0,4.8,development,clay,11.43,0
65.18,29.73,57.75,6.76,mid_season,clay,12.08,0
70.14,29.09,65.7,4.34,mid_season,sandy,1.91,0
35.05,26.33,62.51,0,development,sandy,0,1
45.68,18.54,48.62,4.27,late,sandy,7.29,0
78.25,21.9,84.01,3.96,initial,loamy,4.09,0
70.74,32.65,70.82,0,initial,sandy,0,0
43.29,19.93,58.26,3.24,development,loamy,13.12,0
46.95,24.07,64.12,4.73,mid_season,clay,3.89,0
50.65,34.66,79.8,2.77,mid_season,clay,2.82,0
63.75,23.51,36.03,3.89,development,loamy,19.08,0
54.08,27.41,57.58,4.17,development,loamy,3.47,0
65.54,35.38,49.16,3.66,late,loamy,6.85,0
43.68,23.03,52.43,0,initial,loamy,0,0
84.18,24.77,79.25,2.49,mid_season,clay,0.83,0
72.85,20.27,72.5,0,late,loamy,0,0
83.27,31.34,68.21,4.58,development,clay,7.18,0
35.51,34.36,67.03,4.43,initial,sandy,6.3,0
40.33,34.13,82.02,3.76,initial,sandy,7.31,0
25.09,28.93,39.8,3.3,initial,loamy,5.47,0
69.75,34.47,38.76,0,initial,sandy,0,0
48.76,23.87,41.01,3.67,development,clay,1.29,0
58.05,32.04,60.03,3.46,initial,loamy,1.34,0
44.97,19.16,64.88,2.71,initial,clay,10.79,0
24.05,30.51,36.8,4.6,mid_season,sandy,3.38,0
50.02,28.95,53.06,6.21,development,loamy,9.93,0
34.62,34.81,43.21,2.81,late,loamy,1.0,0
56.18,29.72,84.36,3.71,initial,clay,12.13,0
88.61,31.61,83.82,2.55,late,sandy,6.2,0
67.57,22.05,80.88,3.17,mid_season,loamy,10.69,0
55.76,26.24,80.28,0,mid_season,clay,0,0
45.78,20.9,67.85,1.73,development,loamy,5.7,0
52.34,34.68,82.84,1.58,development,loamy,11.0,0
54.34,31.59,39.72,3.44,initial,sandy,6.55,0
62.19,33.47,36.53,3.48,development,sandy,1.51,0
58.55,18.18,62.08,2.6,development,clay,5.23,0
46.32,30.1,75.06,4.39,mid_season,sandy,11.0,0
26.79,34.6,66.85,3.57,development,clay,14.31,0
34.33,35.61,82.97,0,initial,sandy,0,0
59.3,24.72,81.81,4.03,late,loamy,0.9,0
63.13,19.32,74.64,3.57,initial,sandy,25.01,0
45.54,29.44,44.54,0,development,loamy,0,1
52.45,22.71,66.71,2.39,late,loamy,12.83,0
52.13,27.42,47.18,4.72,late,loamy,2.86,0
83.94,21.44,37.45,5.55,late,loamy,5.49,0
58.41,20.37,56.32,4.1,late,sandy,4.92,0
50.17,30.01,60.66,2.55,development,clay,1.41,0
37.14,18.39,51.67,0,initial,loamy,0,0
57.13,18.92,59.71,3.2,late,sandy,23.78,0
23.73,27.24,58.92,3.76,initial,loamy,15.43,0
37.82,34.82,74.26,3.48,initial,sandy,15.34,0
41.93,24.13,59.67,0,late,loamy,0,1
34.15,29.15,84.39,4.27,late,clay,14.01,0
72.36,25.74,81.55,2.54,late,clay,8.92,0
76.26,32.01,84.39,2.87,late,sandy,7.3,0
61.15,20.34,73.73,4.79,mid_season,sandy,9.35,0
83.54,29.55,65.8,2.89,mid_season,clay,14.43,0
68.0,32.49,71.3,2.91,initial,sandy,13.12,0
48.77,26.11,67.91,4.74,mid_season,clay,14.15,0
64.04,31.88,50.01,3.85,development,loamy,4.59,0
42.61,22.53,39.85,3.61,initial,clay,11.55,0
39.41,31.31,82.51,3.93,initial,sandy,3.32,0
24.96,23.8,45.71,4.67,mid_season,clay,25.23,0
40.2,19.72,52.38,3.36,initial,loamy,0.79,0
84.81,25.99,38.56,2.97,late,sandy,14.82,0
45.34,31.78,77.99,0,mid_season,loamy,0,1
67.98,32.59,70.32,5.12,late,clay,10.76,0
39.62,26.72,66.0,2.41,late,loamy,20.27,0
31.77,32.15,42.5,0,late,clay,0,1
90.02,26.76,51.04,4.91,late,clay,14.92,0
39.41,29.02,67.18,4.29,mid_season,loamy,17.27,0
76.68,23.7,53.35,3.92,mid_season,loamy,5.41,0
58.45,19.84,83.61,4.15,development,clay,1.28,0
69.51,33.64,36.61,4.93,late,loamy,5.12,0
22.06,25.73,56.53,1.72,mid_season,sandy,1.9,0
72.07,27.0,46.98,0,mid_season,clay,0,0
54.73,29.86,38.14,3.76,initial,sandy,8.31,0
63.12,26.41,58.58,3.46,late,sandy,3.79,0
56.35,23.87,36.92,4.62,late,sandy,7.02,0
31.87,18.08,72.35,4.66,initial,clay,10.92,0
77.6,33.22,72.79,4.99,development,sandy,4.99,0
41.43,35.17,56.78,3.08,late,clay,9.03,0
76.15,35.56,36.87,3.68,development,sandy,3.14,0
46.63,21.9,50.28,3.99,initial,clay,7.22,0
61.3,30.69,67.9,3.47,mid_season,sandy,6.37,0
41.41,21.85,42.91,3.54,initial,clay,20.21,0
29.72,33.78,48.16,0,mid_season,sandy,0,1
5.53,26.95,84.97,3.26,development,sandy,9.14,0
52.94,19.66,77.77,4.29,development,clay,8.26,0
28.81,20.43,59.67,4.19,development,clay,14.06,0
57.11,29.11,47.01,3.2,late,clay,16.98,0
69.59,32.17,79.08,4.38,mid_season,clay,21.32,0
95,21.62,36.11,3.39,development,clay,9.16,0
54.44,24.9,45.84,7.44,late,loamy,17.27,0
66.45,24.72,61.84,2.49,mid_season,clay,16.26,0
25.55,19.35,45.63,2.95,development,sandy,12.05,0
66.08,31.54,58.48,2.85,mid_season,loamy,16.39,0
52.48,23.25,44.71,2.36,late,sandy,16.63,0
85.87,22.68,65.13,4.17,late,clay,3.47,0
45.24,21.41,45.96,1.45,development,clay,12.38,0
67.51,27.94,38.95,0,late,sandy,0,0
53.07,31.36,39.58,5.99,mid_season,sandy,8.54,0
47.16,30.28,81.44,4.88,initial,sandy,0.3,0
40.87,21.81,50.49,5.16,late,loamy,11.93,0
43.07,31.75,39.85,4.71,late,clay,14.31,0
78.87,33.55,82.94,4.97,mid_season,loamy,23.16,0
70.04,29.7,48.16,4.69,initial,loamy,7.47,0
58.49,35.93,58.95,2.43,mid_season,loamy,9.85,0
71.12,32.77,64.54,6.61,late,clay,2.19,0
56.24,28.89,65.37,0,late,loamy,0,0
43.58,31.03,78.07,4.87,late,loamy,8.94,0
50.98,32.06,36.52,3.87,initial,clay,12.19,0
42.81,23.18,65.56,3.89,initial,clay,12.26,0
75.28,25.97,38.03,0,development,clay,0,0
95,35.96,70.59,5.77,mid_season,loamy,15.55,0
53.11,33.5,37.7,5.0,development,sandy,0.34,0
65.73,27.19,77.37,3.62,development,sandy,12.15,0
44.35,27.05,49.9,3.6,mid_season,loamy,15.8,0
72.94,33.1,70.06,2.25,initial,clay,7.81,0
48.97,23.2,70.39,4.01,mid_season,loamy,15.56,0
40.83,25.39,71.38,5.38,development,sandy,6.07,0
72.61,29.25,81.49,4.88,development,sandy,12.72,0
31.17,18.57,48.96,3.98,mid_season,sandy,9.77,0
58.19,25.79,80.35,0,development,loamy,0,0
49.67,28.94,80.01,5.27,mid_season,loamy,6.76,0
36.71,24.53,35.36,5.46,initial,clay,1.9,0
63.63,22.47,66.65,0,development,sandy,0,0
52.82,23.89,41.83,4.13,initial,sandy,6.59,0
79.61,31.37,54.26,6.46,initial,sandy,5.57,0
44.38,31.93,57.18,5.66,late,clay,4.82,0
59.58,31.05,54.75,2.57,development,clay,10.37,0
56.71,28.75,77.79,5.44,late,clay,12.92,0
49.9,29.13,69.11,4.85,mid_season,loamy,9.6,0
75.59,21.49,68.52,4.97,late,clay,7.14,0
62.48,31.07,62.58,4.17,mid_season,sandy,5.34,0
54.34,21.61,46.52,6.86,initial,clay,1.63,0
26.86,27.69,69.98,1.29,development,sandy,3.22,0
50.31,26.03,61.68,3.57,development,sandy,10.61,0
68.36,23.13,40.18,1.61,development,clay,3.45,0
12.71,35.51,67.75,3.99,mid_season,clay,16.1,0
56.36,29.56,60.76,4.17,late,loamy,9.25,0
52.72,35.14,45.91,4.63,mid_season,clay,5.16,0
58.63,20.89,68.85,4.54,development,sandy,9.02,0
95,27.28,77.58,4.57,late,sandy,13.66,0
70.33,28.88,71.23,3.54,mid_season,sandy,11.86,0
56.15,23.5,73.71,3.37,late,sandy,17.82,0
95,27.31,55.0,4.55,mid_season,clay,10.18,0
54.41,21.62,71.16,3.6,initial,clay,4.74,0
50.2,30.62,57.59,4.82,mid_season,sandy,2.08,0
91.01,23.75,82.37,2.21,late,clay,15.78,0
48.14,25.48,66.99,3.79,development,clay,11.43,0
68.79,35.65,53.04,0,initial,clay,0,0
47.59,28.0,61.07,2.32,mid_season,sandy,1.24,0
70.87,30.96,45.66,3.84,mid_season,loamy,18.0,0
62.26,24.22,44.77,3.59,mid_season,loamy,8.22,0
65.99,24.37,38.87,3.23,initial,loamy,8.73,0
77.89,35.08,55.88,4.99,late,sandy,13.24,0
51.76,35.33,74.06,3.33,initial,loamy,3.85,0
34.36,35.46,61.31,5.23,initial,clay,4.96,0
43.45,32.11,54.77,4.44,initial,clay,9.09,0
57.14,30.93,35.15,2.98,mid_season,loamy,9.27,0
52.92,25.56,37.44,4.78,initial,clay,22.64,0
33.9,26.1,74.02,4.62,mid_season,loamy,19.96,0
65.15,31.01,65.68,3.57,initial,clay,4.46,0
54.71,25.87,81.7,3.66,mid_season,loamy,13.71,0
44.42,28.09,35.05,4.15,late,loamy,0.03,0
31.03,28.79,69.84,4.26,initial,clay,9.51,0
71.81,23.29,79.94,2.78,mid_season,loamy,30.1,0
82.9,20.04,74.44,0,development,sandy,0,0
54.18,27.2,70.94,3.89,late,sandy,16.92,0
80.08,33.35,46.67,0,initial,sandy,0,0
39.42,22.76,63.22,4.64,development,loamy,10.7,0
60.28,34.88,75.01,2.0,mid_season,loamy,7.24,0
73.6,22.31,73.38,3.31,mid_season,sandy,15.16,0
86.77,23.63,50.82,3.77,mid_season,loamy,9.56,0
52.3,28.33,35.07,4.38,initial,clay,5.89,0
48.03,28.83,65.69,0,initial,clay,0,0
21.96,18.11,57.09,2.76,development,loamy,6.5,0
26.12,34.54,81.04,2.85,development,clay,15.47,0
41.12,18.47,44.93,4.32,development,sandy,4.79,0
67.22,21.92,40.88,0,initial,loamy,0,0
39.74,23.48,53.83,4.68,development,clay,2.21,0
39.06,28.07,56.18,0,late,clay,0,1
57.94,30.45,40.18,2.33,mid_season,clay,14.15,0
45.07,23.96,74.71,2.81,mid_season,loamy,13.51,0
65.05,30.9,79.17,5.13,mid_season,clay,7.27,0
48.7,28.57,48.18,4.37,late,sandy,7.6,0
71.89,21.86,72.22,2.57,development,clay,3.36,0
89.89,28.75,60.15,4.14,mid_season,loamy,8.58,0
31.27,24.84,43.09,5.21,initial,loamy,0.75,0
68.13,33.23,79.54,6.6,development,loamy,7.7,0
26.92,32.46,65.2,4.39,development,clay,6.4,0
69.35,23.32,66.66,4.33,development,loamy,6.76,0
62.46,20.23,62.06,4.12,late,loamy,12.15,0
47.33,35.35,80.21,4.57,development,clay,5.5,0
41.81,28.49,72.03,4.45,initial,loamy,8.77,0
61.33,31.12,65.83,0,initial,loamy,0,0
90.52,26.4,37.13,3.74,late,loamy,11.5,0
49.4,28.92,48.5,3.12,initial,clay,7.94,0
61.25,35.02,38.73,4.01,late,clay,5.81,0
56.08,21.68,44.86,2.93,initial,loamy,14.15,0
36.28,22.93,57.15,3.36,initial,clay,12.95,0
54.22,26.49,38.58,4.82,late,sandy,2.78,0
71.49,22.38,41.99,4.05,initial,clay,3.4,0
55.08,23.08,71.45,2.88,initial,sandy,3.34,0
84.64,28.96,42.04,5.99,mid_season,sandy,7.64,0
78.06,34.35,69.63,4.14,mid_season,loamy,8.23,0
43.31,24.99,58.04,2.53,late,clay,6.02,0
46.78,21.97,49.07,3.04,late,sandy,7.36,0
84.81,20.3,58.7,3.97,late,sandy,11.09,0
48.69,19.99,45.51,3.96,late,loamy,12.57,0
20.73,20.41,43.73,6.26,development,loamy,4.9,0
48.51,23.93,46.95,4.45,development,sandy,4.78,0
36.23,27.94,67.85,0,mid_season,loamy,0,1
81.17,21.29,71.67,2.88,initial,clay,5.97,0
51.89,31.59,68.9,4.52,late,loamy,6.25,0
82.87,20.51,56.64,0,initial,clay,0,0
53.26,29.78,36.48,4.99,late,sandy,5.37,0
51.85,21.97,74.62,3.46,mid_season,sandy,20.52,0
76.46,19.68,39.89,4.35,initial,sandy,9.86,0
47.13,28.07,36.2,5.06,initial,loamy,9.13,0
90.4,29.77,52.29,5.28,initial,sandy,8.28,0
7.66,18.44,60.66,2.84,mid_season,loamy,13.41,0
36.28,27.36,62.4,4.25,late,sandy,5.85,0
63.74,25.53,62.32,4.3,late,clay,10.13,0
51.09,20.06,47.31,6.7,development,loamy,6.89,0
41.44,28.84,78.07,2.3,mid_season,loamy,12.52,0
56.08,28.41,39.57,4.13,late,loamy,5.89,0
74.03,19.32,47.77,3.87,development,clay,6.87,0
51.51,27.7,37.95,5.74,development,sandy,11.76,0
33.19,21.69,75.26,3.28,development,clay,4.16,0
53.17,32.97,45.64,2.47,development,clay,5.75,0
44.04,19.0,39.17,2.96,development,clay,4.49,0
43.66,27.12,47.27,0,initial,sandy,0,0
66.21,23.81,60.89,3.6,late,sandy,12.4,0
57.53,23.86,66.57,5.91,initial,loamy,22.61,0
58.46,21.11,76.87,2.45,late,sandy,11.32,0
23.84,29.1,47.68,4.04,development,loamy,2.58,0
30.42,27.21,50.77,4.23,mid_season,sandy,11.12,0
23.39,20.72,72.77,3.24,initial,sandy,0.61,0
48.93,20.43,68.22,2.68,development,loamy,2.51,0
77.98,20.25,75.62,4.1,initial,sandy,4.34,0
24.71,18.54,52.49,5.29,initial,clay,12.18,0
71.59,29.9,81.96,4.93,development,loamy,0.08,0
37.54,34.1,58.88,5.68,development,sandy,7.68,0
81.15,34.0,50.43,4.52,initial,sandy,13.48,0
23.37,27.09,56.34,4.65,development,clay,4.51,0
95,30.55,46.77,0,initial,sandy,0,0
64.53,19.82,50.04,2.98,late,sandy,9.33,0
37.22,29.3,49.76,5.42,development,sandy,21.24,0
44.68,31.96,68.1,4.73,late,clay,24.84,0
36.61,34.33,49.87,2.99,late,clay,5.57,0
52.0,19.52,64.96,2.63,mid_season,sandy,7.0,0
42.53,26.83,37.39,5.31,late,sandy,0.46,0
56.08,32.56,37.98,5.99,development,loamy,10.62,0
58.77,32.84,84.62,0,initial,sandy,0,0
43.63,28.74,69.32,2.09,development,sandy,11.39,0
47.53,32.72,80.25,2.32,mid_season,loamy,11.9,0
16.57,21.9,77.41,7.04,development,sandy,14.98,0
87.78,30.01,82.38,3.34,late,clay,0.62,0
68.69,21.31,60.14,2.97,late,loamy,5.76,0
49.64,26.26,36.6,4.65,late,clay,13.76,0
33.05,18.03,66.67,2.74,late,loamy,10.18,0
44.02,35.38,77.34,1.78,mid_season,loamy,4.4,0
18.58,23.72,52.03,2.81,mid_season,loamy,6.05,0
26.72,25.39,45.01,3.97,initial,loamy,10.38,0
58.76,27.13,67.98,3.64,development,clay,5.33,0
88.62,32.01,77.73,0,development,loamy,0,0
51.07,31.17,35.1,4.85,initial,loamy,11.12,0
37.09,25.67,76.21,4.76,development,loamy,4.1,0
37.17,31.62,60.76,3.77,late,loamy,9.18,0
49.05,23.37,44.52,3.33,development,clay,9.07,0
60.88,31.85,74.91,4.7,mid_season,loamy,21.61,0
68.98,27.98,60.71,2.91,mid_season,loamy,2.06,0
55.6,23.62,60.37,4.12,late,clay,23.96,0
44.82,22.49,64.67,5.71,development,loamy,6.77,0
62.8,33.67,61.93,0,late,loamy,0,0
31.13,19.62,83.19,4.84,late,loamy,3.35,0
60.87,27.2,52.0,0,initial,clay,0,0
87.68,26.01,72.68,4.76,initial,loamy,6.96,0
30.73,22.23,80.97,4.33,initial,loamy,3.02,0
64.58,23.71,40.2,0,development,clay,0,0
59.22,30.23,58.1,5.41,late,sandy,6.32,0
30.48,27.19,60.98,3.83,initial,loamy,3.93,0
55.28,34.81,75.81,5.27,development,loamy,12.2,0
56.16,22.4,64.05,2.6,mid_season,loamy,3.59,0
56.03,35.93,58.86,4.35,late,clay,12.02,0
80.57,29.06,42.18,3.13,mid_season,sandy,10.7,0
40.49,29.23,56.87,3.26,late,loamy,7.89,0
24.66,24.49,37.96,4.9,initial,sandy,12.7,0
37.64,28.92,80.52,3.73,late,sandy,1.04,0
43.63,28.3,61.25,3.69,late,loamy,12.36,0
54.27,23.15,71.44,2.9,mid_season,clay,18.11,0
17.86,23.3,39.35,4.34,mid_season,loamy,13.77,0
41.27,34.15,74.56,3.85,mid_season,sandy,12.54,0
44.43,35.06,45.29,0,initial,clay,0,1
45.96,32.15,50.49,4.78,development,loamy,2.71,0
53.38,20.21,48.35,4.79,mid_season,loamy,18.79,0
14.86,20.23,81.4,3.39,mid_season,clay,9.46,0
54.77,19.4,59.4,3.36,late,loamy,12.87,0
60.11,34.01,55.87,5.27,late,sandy,1.27,0
55.15,28.61,46.44,5.13,mid_season,sandy,2.17,0
34.16,22.59,43.17,4.6,initial,sandy,16.17,0
77.32,24.11,82.06,4.62,late,loamy,0.3,0
50.05,21.11,78.06,3.23,initial,loamy,9.19,0
78.01,27.5,37.92,3.51,mid_season,clay,14.51,0
55.14,31.29,51.61,5.17,late,clay,12.51,0
63.59,21.53,35.04,2.76,late,sandy,15.32,0
78.06,32.36,57.57,3.87,late,sandy,20.04,0
30.26,20.98,82.63,4.23,late,sandy,23.45,0
81.15,25.92,73.31,4.08,mid_season,clay,16.3,0
37.42,19.54,59.91,4.81,development,loamy,8.84,0
58.5,18.74,76.72,2.64,initial,sandy,12.46,0
37.31,29.22,75.09,4.11,development,clay,20.18,0
25.04,29.39,71.16,3.14,development,clay,17.49,0
67.37,25.47,46.75,2.31,late,clay,7.18,0
48.64,26.07,66.9,5.47,development,clay,2.65,0
71.5,21.01,81.52,5.16,initial,clay,6.41,0
69.09,22.59,37.9,3.01,late,clay,10.94,0
39.17,26.72,53.27,4.38,mid_season,sandy,17.79,0
34.23,23.18,41.19,3.3,late,sandy,10.48,0
53.94,27.18,45.5,3.86,development,sandy,7.22,0
53.82,20.41,51.16,2.35,mid_season,loamy,6.96,0
37.93,31.31,38.63,2.9,development,sandy,8.37,0
53.84,22.16,75.68,2.77,development,clay,8.74,0
43.42,22.3,48.71,4.03,late,clay,15.39,0
52.77,22.86,51.61,0,mid_season,loamy,0,0
44.01,27.29,36.73,5.02,development,sandy,20.93,0
64.01,18.62,52.4,3.56,initial,clay,1.62,0
10.34,34.66,43.9,0,development,clay,0,1
55.3,26.82,35.75,4.8,development,clay,18.52,0
73.59,31.49,54.78,3.27,mid_season,sandy,8.83,0
61.36,29.05,80.15,6.62,development,clay,5.96,0
42.23,29.97,70.68,0,development,sandy,0,1
53.42,24.35,46.82,3.98,late,loamy,7.56,0
40.21,34.01,72.67,4.32,mid_season,loamy,14.43,0
62.07,23.6,73.29,0,initial,sandy,0,0
24.35,27.18,58.42,3.6,mid_season,loamy,10.49,0
64.46,23.13,52.75,0,late,sandy,0,0
75.85,20.26,70.17,4.1,late,clay,6.33,0
71.38,23.2,39.01,1.83,development,loamy,3.29,0
58.91,19.25,35.93,2.69,mid_season,loamy,20.88,0
46.78,26.8,52.48,4.01,mid_season,clay,6.47,0
61.5,18.61,44.96,3.12,development,loamy,20.88,0
50.77,19.87,65.24,4.63,late,clay,2.9,0
44.88,21.69,53.18,0,development,sandy,0,1
31.75,31.38,63.59,3.98,late,loamy,11.78,0
46.92,22.81,74.29,4.55,mid_season,clay,11.54,0
37.5,18.65,43.89,3.81,late,sandy,10.44,0
56.23,25.51,40.55,0,mid_season,sandy,0,1
62.19,18.98,84.32,3.61,initial,loamy,0.31,0
60.85,31.47,55.05,4.75,late,loamy,0.81,0
89.28,32.74,84.83,3.49,mid_season,clay,3.48,0
84.88,32.57,78.71,1.87,mid_season,sandy,4.74,0
73.83,33.35,45.86,3.12,initial,sandy,10.46,0
48.64,24.27,64.07,4.72,mid_season,sandy,7.4,0
48.55,21.82,70.06,3.3,mid_season,loamy,10.85,0
45.34,31.65,36.24,6.13,development,sandy,9.95,0
72.49,27.55,46.56,4.78,mid_season,sandy,1.78,0
55.91,31.66,81.37,4.59,mid_season,loamy,7.36,0
63.77,28.62,56.78,4.18,development,loamy,17.8,0
17.81,34.63,75.61,3.16,development,loamy,12.39,0
29.11,30.63,39.23,1.73,mid_season,sandy,14.3,0
67.03,32.72,83.0,3.97,development,sandy,8.39,0
61.13,25.57,53.83,3.24,development,sandy,10.04,0
63.99,32.7,60.04,2.85,development,loamy,14.93,0
26.01,25.97,78.43,3.49,late,sandy,5.75,0
76.9,28.14,61.97,3.0,development,clay,5.83,0
71.41,22.45,67.27,4.18,late,sandy,17.84,0
48.5,18.93,41.41,0,development,sandy,0,1
54.05,35.45,51.41,5.63,initial,sandy,1.19,0
85.63,21.01,54.43,0,initial,sandy,0,0
44.8,27.71,72.48,4.65,initial,loamy,9.07,0
60.88,32.4,35.19,0,late,clay,0,0
73.08,26.08,48.13,3.18,mid_season,sandy,3.64,0
46.37,23.05,80.79,3.46,initial,loamy,0.33,0
42.13,28.91,83.72,3.51,development,loamy,12.96,0
71.64,24.58,77.26,2.79,development,clay,11.26,0
42.23,20.01,68.66,2.08,development,loamy,14.92,0
50.72,32.62,47.23,5.66,development,loamy,16.76,0
58.01,27.88,37.29,4.66,initial,sandy,9.82,0
41.43,20.3,53.53,3.84,mid_season,loamy,7.97,0
33.67,28.51,77.89,2.89,initial,sandy,7.11,0
43.96,33.26,57.68,0,mid_season,sandy,0,1
67.2,29.32,58.94,4.67,initial,clay,5.89,0
69.79,35.31,39.12,3.64,mid_season,clay,9.91,0
95,23.26,54.84,6.17,late,sandy,6.65,0
65.48,31.12,53.42,3.72,mid_season,sandy,19.69,0
53.33,32.31,60.27,0,initial,clay,0,0
48.73,31.43,68.88,5.04,initial,clay,12.35,0
31.57,19.13,51.49,2.84,initial,sandy,3.64,0
82.39,33.5,58.9,3.06,initial,loamy,5.37,0
44.07,24.63,57.16,4.54,mid_season,sandy,0.74,0
85.11,20.97,37.08,1.4,initial,clay,5.05,0
18.06,26.8,66.12,4.06,development,clay,17.04,0
49.15,34.06,35.6,2.02,mid_season,loamy,6.07,0
52.8,35.26,56.0,4.17,initial,sandy,3.64,0
58.98,30.72,50.31,5.31,late,loamy,10.19,0
54.26,32.38,41.94,3.63,mid_season,loamy,13.87,0
50.9,24.76,80.41,0,initial,clay,0,0
43.84,23.41,55.81,2.9,development,sandy,8.72,0
67.81,27.68,40.28,3.82,mid_season,sandy,15.54,0
46.81,18.06,52.41,5.14,late,sandy,10.88,0
92.71,21.02,69.75,4.95,development,clay,16.94,0
51.18,22.54,61.89,3.87,initial,loamy,13.11,0
60.72,35.01,47.82,5.62,initial,loamy,6.96,0
50.42,23.45,43.09,2.47,late,sandy,15.73,0
64.08,22.97,61.65,2.17,mid_season,sandy,23.3,0
74.95,19.47,79.08,0,late,sandy,0,0
60.91,18.36,61.93,5.62,late,loamy,11.89,0
79.44,31.35,37.84,0,initial,loamy,0,0
8.56,34.49,60.6,2.16,late,clay,17.83,0
93.24,28.89,43.68,4.6,mid_season,sandy,15.91,0
60.2,30.07,60.74,3.98,mid_season,loamy,15.5,0
40.11,35.63,66.16,4.56,mid_season,sandy,1.05,0
44.51,18.69,75.99,3.31,development,clay,13.21,0
78.21,24.23,63.12,5.03,mid_season,loamy,24.18,0
71.06,28.29,62.08,3.76,late,loamy,4.0,0
78.3,26.11,40.66,2.92,initial,sandy,2.1,0
78.87,20.06,58.99,4.92,initial,clay,7.79,0
57.99,23.75,51.66,2.45,development,sandy,11.93,0
37.83,27.78,84.68,5.06,mid_season,clay,26.37,0
25.67,20.4,65.2,3.51,initial,loamy,9.13,0
28.15,28.35,37.12,4.31,late,loamy,8.47,0
90.21,26.69,57.46,0,development,loamy,0,0
76.08,26.94,52.04,4.69,late,loamy,2.84,0
51.09,18.02,76.06,4.59,development,sandy,8.87,0
32.01,29.39,83.05,3.43,late,clay,4.69,0
90.85,33.96,60.88,5.38,mid_season,sandy,11.31,0
73.32,19.27,44.65,3.88,initial,loamy,10.24,0
46.69,33.29,77.98,4.05,late,clay,12.3,0
59.21,18.24,70.91,4.37,late,loamy,5.16,0
70.56,35.41,56.24,4.49,development,loamy,9.04,0
36.14,25.71,47.4,5.87,mid_season,clay,20.3,0
43.97,28.31,54.53,3.79,mid_season,loamy,5.3,0
90.44,30.24,71.06,5.0,development,clay,5.7,0
46.79,21.01,44.97,4.63,development,loamy,4.74,0
73.75,28.36,57.33,3.95,mid_season,sandy,1.47,0
67.98,25.13,49.01,3.93,late,sandy,3.27,0
62.1,23.0,55.43,4.04,development,loamy,3.26,0
65.97,18.54,82.17,5.44,late,clay,10.94,0
30.43,26.18,46.25,4.19,initial,loamy,3.57,0
72.05,27.32,44.66,5.0,development,sandy,1.09,0
86.74,20.97,52.86,0,development,clay,0,0
52.75,33.04,81.56,5.14,initial,loamy,11.42,0
95,27.89,67.33,3.32,mid_season,loamy,13.86,0
80.43,33.07,65.49,3.89,mid_season,clay,2.37,0
45.61,21.21,81.92,3.87,mid_season,clay,7.68,0
92.02,28.56,71.8,3.96,development,clay,8.36,0
43.27,26.39,58.95,3.48,initial,sandy,14.02,0
21.82,18.0,71.5,4.06,late,loamy,14.86,0
44.58,20.37,57.93,2.41,late,clay,2.11,0
50.94,27.8,77.66,3.32,development,loamy,10.7,0
56.06,22.66,40.73,5.19,development,loamy,2.92,0
70.09,20.5,76.46,0,initial,clay,0,0
58.74,24.01,53.93,3.57,mid_season,sandy,12.1,0
61.71,29.16,40.65,0,initial,clay,0,0
69.04,18.64,76.95,1.93,development,clay,17.33,0
47.56,20.92,47.08,3.67,initial,clay,3.25,0
32.75,25.11,38.95,3.85,development,loamy,6.85,0
23.46,33.75,70.21,6.15,mid_season,loamy,5.55,0
88.13,24.35,79.49,4.33,mid_season,loamy,14.83,0
28.92,20.86,48.07,4.56,development,clay,1.68,0
46.42,20.49,42.93,2.69,late,sandy,7.66,0
61.18,31.99,68.78,3.96,mid_season,sandy,4.24,0
61.63,29.67,69.02,4.68,mid_season,loamy,5.43,0
41.57,26.84,46.13,4.04,initial,loamy,6.22,0
73.54,31.49,62.77,2.55,development,sandy,10.46,0
44.36,35.99,77.96,3.79,mid_season,loamy,7.55,0
86.05,31.44,62.69,1.97,development,sandy,8.65,0
67.42,29.69,64.85,4.47,development,loamy,14.98,0
30.67,19.91,84.08,2.29,mid_season,clay,4.06,0
62.5,22.66,50.12,4.22,late,sandy,18.51,0
44.46,22.61,68.82,7.08,initial,loamy,13.04,0
41.53,29.99,64.38,3.62,development,loamy,17.92,0
40.79,24.66,77.76,3.48,initial,sandy,6.34,0
59.23,35.15,49.42,3.76,development,clay,10.99,0
91.5,21.89,44.03,3.73,mid_season,loamy,9.11,0
69.56,27.0,47.54,3.48,mid_season,sandy,0.6,0
54.08,29.74,79.89,3.6,development,clay,1.89,0
39.22,24.57,65.64,5.12,mid_season,clay,15.18,0
74.35,25.92,57.16,2.87,late,loamy,20.24,0
46.04,30.63,44.34,3.22,mid_season,loamy,11.01,0
59.34,26.17,77.74,0,development,clay,0,0
19.8,23.33,42.06,0,late,loamy,0,1
45.44,20.6,58.23,2.29,development,loamy,17.81,0
95,35.58,61.48,0,late,sandy,0,0
31.46,26.85,71.86,0,initial,sandy,0,0
50.13,20.91,69.79,5.34,development,loamy,20.89,0
41.43,20.85,38.75,3.72,mid_season,clay,15.83,0
51.47,24.59,77.65,2.53,initial,clay,4.95,0
58.33,23.73,63.36,0,mid_season,loamy,0,0
76.41,27.78,76.02,1.17,initial,loamy,2.58,0
43.12,24.35,73.32,2.91,initial,clay,14.01,0
31.07,19.81,46.75,3.84,mid_season,sandy,8.93,0
55.76,21.39,70.8,0,development,loamy,0,0
57.72,33.05,60.54,4.68,initial,clay,5.02,0
35.88,35.7,58.34,0,mid_season,sandy,0,1
39.09,26.39,52.06,4.1,late,clay,7.02,0
83.42,24.01,83.36,2.13,mid_season,clay,6.57,0
49.0,29.38,65.31,3.35,late,sandy,4.99,0
40.56,24.99,72.58,4.99,initial,loamy,11.26,0
84.02,22.55,75.51,4.28,development,loamy,13.77,0
49.78,20.47,82.78,0,mid_season,sandy,0,1
70.41,23.21,63.48,4.24,late,clay,5.48,0
54.52,25.6,64.37,4.28,mid_season,clay,6.3,0
42.18,23.0,78.57,4.15,late,loamy,10.06,0
48.26,21.89,41.24,5.73,mid_season,loamy,11.4,0
73.47,27.15,59.52,4.13,development,clay,16.72,0
69.5,25.04,71.45,1.21,mid_season,sandy,17.39,0
54.62,19.68,59.36,2.98,mid_season,loamy,10.64,0
63.38,30.4,72.0,2.59,late,clay,30.5,0
39.27,26.03,35.9,4.89,development,sandy,6.09,0
27.95,30.88,55.77,5.72,mid_season,loamy,25.32,0
66.26,21.61,62.84,1.04,initial,sandy,2.15,0
42.57,30.21,56.34,4.51,mid_season,sandy,5.04,0
71.18,33.75,37.83,3.84,mid_season,clay,14.92,0
40.91,21.88,51.91,4.53,initial,sandy,4.2,0
56.42,26.58,72.29,3.28,mid_season,clay,15.0,0
31.33,18.59,71.0,3.91,late,loamy,11.95,0
87.03,21.66,35.58,0,initial,clay,1.23,0
77.4,19.16,78.09,5.88,mid_season,sandy,4.33,0
76.86,25.79,71.16,0,initial,loamy,0,0
55.34,18.15,61.11,0,development,sandy,0,1
56.13,35.89,42.56,2.53,development,clay,0.46,0
60.69,23.16,61.5,5.53,initial,sandy,2.31,0
22.33,33.12,44.99,2.99,late,loamy,1.12,0
57.92,22.16,47.79,3.1,initial,clay,11.5,0
41.8,23.31,53.3,4.19,late,loamy,3.55,0
49.25,30.19,55.37,0,mid_season,clay,0,0
90.69,23.37,44.88,3.14,late,clay,12.92,0
38.58,19.11,42.39,1.85,initial,clay,4.35,0
43.88,23.0,61.67,4.9,development,loamy,11.37,0
79.15,24.15,57.79,4.36,late,clay,3.79,0
54.74,30.95,60.27,4.91,mid_season,sandy,6.61,0
49.37,30.4,50.58,3.01,mid_season,sandy,18.43,0
55.12,19.11,72.48,3.19,development,clay,11.01,0
69.06,32.8,57.8,0,development,loamy,0,0
68.36,35.75,68.99,3.82,development,clay,19.98,0
80.4,20.53,38.38,4.52,late,clay,17.05,0
49.5,22.54,82.94,5.06,initial,loamy,11.64,0
30.18,22.41,44.04,4.52,mid_season,loamy,6.32,0
40.87,22.23,40.04,6.87,development,loamy,4.16,0
70.17,21.0,80.7,4.84,late,loamy,13.51,0
47.63,18.92,79.11,3.3,late,sandy,13.8,0
71.54,18.39,70.18,4.57,mid_season,clay,11.89,0
63.52,25.6,55.46,0,initial,clay,0,0
57.43,31.6,39.1,0,initial,clay,0,0
47.29,28.21,36.11,2.67,initial,clay,9.19,0
81.51,27.4,64.9,5.69,late,sandy,4.85,0
52.13,18.93,63.81,0,initial,clay,0,0
36.64,29.68,80.47,3.39,mid_season,loamy,2.42,0
47.54,18.93,52.65,2.27,initial,sandy,0.09,0
39.9,24.93,83.34,3.86,mid_season,sandy,6.97,0
58.53,29.61,41.11,4.81,late,loamy,15.35,0
49.6,18.16,74.84,2.66,late,clay,2.84,0
44.84,20.36,38.57,0,development,clay,0,1
49.79,27.85,36.27,3.05,late,loamy,11.08,0
44.75,26.4,77.35,5.56,mid_season,sandy,0.44,0
51.04,20.12,82.44,3.95,development,loamy,11.77,0
27.85,27.6,40.41,2.2,late,loamy,5.14,0
58.33,27.75,58.36,4.11,mid_season,loamy,9.92,0
46.53,29.93,59.28,2.99,development,loamy,0.66,0
56.65,29.66,81.17,6.66,initial,loamy,6.04,0
52.09,35.34,68.5,3.17,initial,clay,12.99,0
64.45,31.08,55.52,4.41,late,sandy,9.51,0
52.46,34.04,46.4,3.6,initial,clay,5.69,0
56.29,29.64,50.49,3.09,initial,clay,1.05,0
49.97,26.05,36.6,3.81,late,sandy,9.58,0
51.14,29.39,65.75,0,initial,loamy,0,0
20.59,18.76,51.53,1.52,mid_season,loamy,12.22,0
62.22,23.73,63.97,5.37,initial,clay,14.93,0
52.04,34.24,83.09,3.52,development,clay,19.27,0
57.98,18.26,60.78,3.99,initial,sandy,2.58,0
45.03,29.44,84.65,3.35,late,sandy,2.46,0
60.45,27.5,84.38,1.55,mid_season,sandy,16.4,0
31.93,20.65,77.57,3.38,development,sandy,3.61,0
16.08,32.49,41.23,0,late,sandy,0,1
27.89,22.69,68.9,0,initial,sandy,0,0
34.9,35.97,37.99,5.51,initial,loamy,3.48,0
61.36,25.34,42.56,5.62,late,clay,12.05,0
30.5,31.12,54.58,4.47,mid_season,sandy,16.33,0
40.31,23.96,80.6,5.73,mid_season,sandy,18.21,0
69.63,34.89,72.81,2.49,development,clay,5.73,0
42.34,33.88,75.49,0,initial,loamy,0,0
44.64,31.82,62.7,3.2,late,sandy,3.01,0
42.83,35.75,81.95,4.35,initial,sandy,7.95,0
65.39,24.39,66.59,0,development,clay,0,0
43.57,21.79,43.79,0,late,loamy,0,1
52.76,34.36,49.58,0,mid_season,loamy,0,0
57.91,34.43,43.41,5.45,mid_season,clay,24.83,0
17.54,18.16,76.77,4.28,mid_season,sandy,9.78,0
52.79,19.99,54.74,4.98,late,sandy,8.66,0
95,21.01,48.82,3.94,initial,sandy,13.62,0
33.75,19.08,59.09,0,late,clay,0,1
5,19.38,41.04,3.19,mid_season,clay,13.92,0
64.28,26.49,52.23,2.85,initial,loamy,7.6,0
42.06,26.11,48.95,5.42,development,loamy,3.2,0
86.12,29.89,66.95,4.0,late,sandy,13.43,0
74.39,18.55,69.97,3.88,initial,clay,12.7,0
38.7,35.37,45.52,3.93,development,loamy,14.27,0
76.33,31.93,49.46,3.66,initial,loamy,8.12,0
82.33,33.28,69.13,4.45,late,clay,23.3,0
5,22.13,83.05,2.95,development,loamy,6.99,0
50.54,18.32,54.78,0,late,loamy,0,1
79.68,26.14,40.69,3.02,mid_season,sandy,5.52,0
30.99,30.46,82.29,2.94,mid_season,clay,19.25,0
58.68,33.7,58.68,4.28,development,sandy,6.59,0
64.64,33.53,66.43,3.37,late,clay,10.91,0
22.27,29.4,83.7,4.01,initial,sandy,3.92,0
45.07,34.89,81.34,0,mid_season,loamy,0,1
56.22,20.91,75.33,0,late,sandy,0,1
33.8,24.97,41.01,4.14,development,loamy,14.09,0
53.17,18.46,51.88,5.69,development,loamy,18.22,0
71.19,18.87,49.67,3.96,mid_season,loamy,19.08,0
51.34,34.59,55.75,5.88,mid_season,sandy,6.97,0
43.53,28.51,65.59,0.55,late,loamy,9.6,0
54.83,29.19,64.05,4.46,late,loamy,18.17,0
67.9,32.11,42.84,3.12,initial,sandy,7.48,0
71.16,33.24,36.79,6.05,late,loamy,5.04,0
62.05,35.42,74.7,3.48,late,loamy,5.6,0
78.2,35.21,82.24,4.72,mid_season,sandy,13.1,0
47.51,22.87,54.93,4.5,mid_season,sandy,7.53,0
57.99,22.86,37.53,3.91,initial,clay,3.94,0
31.42,32.25,56.84,6.22,mid_season,clay,13.64,0
81.37,31.59,82.4,1.35,initial,clay,9.09,0
28.33,23.02,66.06,4.63,development,clay,5.06,0
75.12,20.41,38.27,4.46,initial,clay,3.8,0
55.62,22.48,74.19,5.06,mid_season,loamy,8.52,0
55.19,32.68,44.94,5.5,mid_season,sandy,18.72,0
80.09,27.45,53.72,7.56,late,clay,10.09,0
85.92,32.77,82.93,4.58,mid_season,clay,13.21,0
27.71,19.26,42.09,0,late,loamy,0,1
76.43,29.9,43.96,2.12,late,clay,2.64,0
75.03,29.26,44.96,4.92,mid_season,clay,20.21,0
52.96,28.1,79.62,4.33,late,loamy,13.34,0
70.03,25.55,54.35,4.67,initial,clay,19.05,0
35.36,24.71,51.15,6.0,development,sandy,3.22,0
73.09,26.66,47.68,4.62,development,clay,7.39,0
33.13,29.47,70.79,5.41,mid_season,clay,19.58,0
53.32,35.69,82.15,3.85,development,sandy,5.6,0
17.47,25.34,37.58,0,initial,sandy,0,0
92.33,22.4,53.33,4.97,development,sandy,19.04,0
82.1,30.22,72.85,2.84,development,clay,9.19,0
36.93,31.31,52.95,3.45,mid_season,clay,28.66,0
39.99,29.02,42.72,4.23,mid_season,loamy,15.4,0
48.56,19.29,56.37,3.23,development,clay,6.73,0
52.48,18.44,59.59,4.02,mid_season,sandy,11.03,0
44.37,26.61,58.71,3.92,mid_season,clay,5.66,0
48.96,18.35,67.4,4.43,initial,clay,6.08,0
69.68,31.25,81.63,4.61,initial,loamy,13.98,0
48.84,34.07,37.55,0,initial,loamy,0,1
26.59,20.73,38.82,4.84,mid_season,loamy,22.23,0
79.9,21.49,47.4,5.21,mid_season,clay,13.49,0
44.0,27.74,57.81,4.44,initial,clay,8.05,0
55.81,27.97,44.91,2.97,initial,loamy,11.9,0
60.04,23.59,53.85,6.75,late,sandy,12.92,0
62.78,20.63,74.77,4.77,development,clay,7.3,0
49.83,34.98,57.75,6.65,initial,loamy,10.21,0
61.99,29.86,71.25,0,initial,clay,0,0
60.22,24.9,45.49,4.16,mid_season,sandy,13.11,0
72.53,25.34,84.02,0,mid_season,sandy,0,0
80.44,20.65,82.13,5.11,mid_season,loamy,10.92,0
47.4,20.31,71.42,0,development,sandy,0,1
61.59,24.12,79.9,3.99,initial,clay,1.78,0
66.35,31.68,61.85,2.84,mid_season,clay,17.54,0
54.36,18.34,44.38,3.94,development,clay,2.69,0
63.62,20.71,57.74,3.95,initial,sandy,4.7,0
49.47,19.02,81.22,3.38,mid_season,sandy,3.65,0
56.36,29.17,42.06,5.87,late,loamy,9.38,0
71.66,24.2,69.87,3.18,mid_season,clay,21.18,0
42.79,25.93,61.02,2.23,initial,loamy,4.61,0
14.4,20.66,71.14,3.8,mid_season,clay,8.95,0
55.67,29.17,61.94,4.83,development,sandy,4.09,0
68.15,35.44,59.94,3.87,mid_season,loamy,7.96,0
54.71,22.2,57.51,0,initial,sandy,0,0
82.01,18.91,45.57,4.61,initial,sandy,7.99,0
31.37,28.91,57.25,0,initial,loamy,0,0
70.94,23.03,61.85,3.46,late,sandy,0.25,0
35.08,35.49,82.46,2.96,initial,clay,5.13,0
52.9,35.72,80.88,4.99,mid_season,clay,17.71,0
63.08,31.97,50.11,3.25,mid_season,loamy,15.39,0
64.24,19.34,49.08,4.97,development,sandy,3.83,0
47.29,24.96,39.81,6.65,late,clay,10.49,0
50.87,33.58,45.84,3.09,development,clay,22.17,0
60.59,18.78,50.06,3.72,late,loamy,12.84,0
32.02,33.73,44.4,5.96,mid_season,loamy,13.42,0
86.55,25.94,37.92,2.89,initial,loamy,13.99,0
30.57,26.87,82.75,5.16,mid_season,clay,15.28,0
46.29,19.69,62.4,3.51,development,loamy,5.05,0
44.06,26.92,83.3,3.32,development,clay,24.04,0
42.49,26.67,46.88,4.52,development,clay,13.6,0
49.08,33.65,69.52,4.97,initial,clay,8.33,0
65.68,35.1,54.4,4.57,initial,sandy,7.97,0
84.5,26.0,46.56,4.24,initial,sandy,12.94,0
22.88,20.08,59.9,0,late,clay,0,1
55.85,32.45,40.54,3.64,late,clay,24.26,0
58.19,19.48,57.69,4.35,late,clay,17.45,0
63.96,34.65,74.39,3.86,mid_season,loamy,19.54,0
79.38,25.45,83.63,3.38,development,clay,9.25,0
34.35,33.63,44.47,3.5,late,sandy,15.5,0
53.01,19.36,61.58,3.71,late,loamy,10.93,0
34.67,32.05,56.02,3.37,late,sandy,7.25,0
51.99,30.2,76.37,3.44,late,clay,4.11,0
35.39,30.38,69.87,3.92,late,clay,4.93,0
55.64,20.56,62.63,4.68,initial,loamy,11.93,0
78.96,35.92,54.97,4.09,late,sandy,16.58,0
37.41,18.96,35.05,4.46,mid_season,clay,10.77,0
32.34,29.49,51.96,2.39,mid_season,loamy,22.75,0
56.54,24.92,74.57,3.36,initial,clay,12.05,0
15.74,20.41,50.06,4.56,mid_season,loamy,5.53,0
43.83,29.59,48.64,5.33,mid_season,clay,9.9,0
19.48,23.37,71.78,2.81,mid_season,sandy,3.76,0
78.85,30.27,39.54,0,initial,sandy,0,0
95,34.26,44.4,3.56,initial,sandy,16.66,0
39.35,32.24,40.11,4.63,mid_season,loamy,19.34,0
37.3,25.96,77.06,0,initial,sandy,0,0
61.72,31.37,83.03,4.58,initial,sandy,7.72,0
70.95,30.15,47.7,5.12,initial,sandy,8.05,0
37.42,30.56,68.42,5.09,late,loamy,22.03,0
66.26,24.71,83.28,5.6,development,loamy,12.99,0
54.2,26.7,73.81,3.47,mid_season,clay,20.03,0
36.36,28.25,63.99,3.18,initial,clay,7.05,0
71.04,23.48,64.41,4.64,mid_season,loamy,17.06,0
55.69,31.82,78.8,0,late,clay,0,0
42.19,26.24,56.25,4.35,development,sandy,0.14,0
56.59,21.91,79.67,3.33,late,clay,5.27,0
34.36,28.45,53.95,0,initial,loamy,0,0
50.99,30.2,57.43,4.54,mid_season,loamy,6.35,0
69.98,25.66,80.49,4.68,late,clay,16.59,0
86.37,26.0,81.01,4.07,late,sandy,4.22,0
69.85,32.47,41.62,2.71,development,loamy,13.75,0
26.65,34.75,81.98,2.33,initial,sandy,5.08,0
61.83,27.13,81.89,5.09,late,clay,13.69,0
39.59,30.76,48.83,3.2,late,loamy,6.64,0
86.43,22.85,65.87,3.23,late,loamy,12.23,0
63.15,23.63,68.24,2.75,initial,sandy,1.19,0
51.58,29.04,36.08,4.25,mid_season,sandy,13.11,0
46.15,34.8,47.49,5.6,development,clay,8.34,0
50.83,19.02,59.91,4.76,mid_season,loamy,13.54,0
55.24,22.96,39.36,4.66,development,loamy,11.72,0
82.77,29.59,35.27,4.41,development,loamy,9.4,0
42.66,30.46,68.38,5.52,late,sandy,11.64,0
59.72,31.13,56.96,0,development,clay,0,0
64.65,26.54,80.75,2.83,mid_season,clay,5.18,0
37.35,33.35,51.59,4.37,mid_season,loamy,5.32,0
47.13,21.79,64.21,3.24,initial,loamy,9.55,0
54.97,30.36,71.54,0,development,loamy,0,0
75.92,19.93,49.72,2.59,development,clay,22.59,0
51.65,22.26,67.46,4.71,initial,clay,7.12,0
71.7,34.01,59.16,0,initial,clay,0,0
39.54,26.2,40.35,5.16,mid_season,loamy,19.51,0
95,26.58,48.6,4.95,mid_season,clay,13.47,0
32.67,35.28,57.47,3.7,initial,clay,0.2,0
68.3,35.23,51.01,4.65,mid_season,clay,13.24,0
57.0,28.31,70.6,3.08,mid_season,loamy,8.45,0
51.01,24.36,36.88,2.51,late,clay,10.69,0
68.93,20.31,55.34,3.4,mid_season,loamy,1.41,0
15.21,29.23,80.56,3.73,initial,clay,16.48,0
45.83,20.97,63.12,2.24,mid_season,clay,21.78,0
62.82,21.05,82.95,6.57,mid_season,loamy,27.46,0
77.86,20.52,43.96,3.24,late,sandy,17.94,0
76.14,35.76,44.28,5.17,late,clay,21.34,0
52.65,31.83,52.6,4.35,development,clay,1.38,0
63.23,24.1,75.2,4.61,development,clay,10.98,0
84.11,31.58,43.31,2.48,mid_season,sandy,13.82,0
35.23,31.38,70.66,3.64,development,sandy,13.93,0
52.31,22.12,52.16,0,late,sandy,0,1
58.78,22.64,74.68,3.36,late,sandy,9.14,0
70.42,20.12,69.65,4.65,development,sandy,1.06,0
37.57,25.78,58.22,6.82,late,loamy,5.48,0
76.66,22.28,41.34,3.52,development,sandy,18.38,0
53.88,29.62,40.0,0,initial,sandy,0,0
79.93,27.19,64.28,3.56,development,sandy,6.96,0
61.87,26.14,75.14,3.85,mid_season,clay,11.23,0
57.09,26.88,76.56,4.66,mid_season,clay,19.84,0
53.26,31.97,44.97,2.89,development,loamy,5.63,0
75.75,20.19,57.65,3.1,mid_season,sandy,1.27,0
57.18,21.58,80.62,2.02,development,loamy,15.54,0
41.99,34.69,63.86,2.46,development,clay,9.25,0
60.06,21.24,66.56,2.51,mid_season,clay,5.19,0
10.77,22.44,81.92,1.66,development,loamy,23.39,0
42.67,34.46,39.6,3.25,late,sandy,1.91,0
43.26,28.41,76.23,4.07,initial,clay,5.31,0
67.2,25.35,73.0,4.7,development,sandy,6.43,0
64.1,18.37,76.36,2.89,development,loamy,7.88,0
63.12,32.74,64.34,2.65,mid_season,clay,8.09,0
51.11,35.33,67.91,4.54,development,clay,4.82,0
37.68,26.36,60.39,3.93,mid_season,clay,10.59,0
52.24,29.61,45.26,0,late,clay,0,0
67.93,31.82,50.65,2.98,development,clay,13.36,0
39.58,18.61,45.4,5.98,late,clay,13.03,0
40.3,29.2,63.38,3.49,initial,sandy,0.53,0
39.11,32.53,41.25,2.02,initial,loamy,8.72,0
18.3,32.21,66.16,2.38,development,clay,11.91,0
23.15,26.05,43.55,4.33,mid_season,clay,14.55,0
55.87,21.87,46.3,4.96,development,clay,2.72,0
32.9,35.43,71.81,3.93,development,sandy,16.24,0
49.45,23.04,50.12,2.89,mid_season,clay,7.59,0
62.81,22.13,57.58,3.92,mid_season,clay,16.38,0
54.78,33.41,58.45,3.04,initial,loamy,14.8,0
47.29,28.29,42.27,3.49,late,sandy,0.05,0
69.43,22.7,70.83,4.52,initial,clay,20.94,0
39.05,24.28,82.96,4.63,mid_season,loamy,7.47,0
52.88,29.11,54.83,3.63,development,clay,28.88,0
73.35,35.49,52.41,0,initial,clay,0,0
50.08,33.81,74.53,3.46,mid_season,loamy,16.83,0
59.44,27.58,50.38,0,development,loamy,0,0
54.25,20.12,67.84,5.5,mid_season,loamy,14.91,0
71.2,21.97,40.62,5.02,late,loamy,17.22,0
82.11,28.18,76.62,3.24,development,clay,16.46,0
45.56,25.39,73.16,2.59,mid_season,sandy,9.59,0
25.5,23.25,38.84,3.15,mid_season,sandy,0.66,0
59.18,35.96,42.21,4.7,late,clay,15.13,0
43.9,27.97,71.12,2.58,late,sandy,1.2,0
66.02,30.05,62.4,4.15,late,sandy,8.41,0
69.37,35.97,40.59,3.52,development,sandy,11.15,0
63.91,27.77,52.24,4.75,mid_season,sandy,12.01,0
95,34.02,73.55,2.43,development,loamy,10.01,0
20.64,34.03,78.72,0,initial,clay,0,0
43.46,29.36,78.4,4.78,late,loamy,8.87,0
37.99,33.09,40.0,2.73,development,loamy,11.58,0
83.75,18.5,62.85,3.84,development,sandy,12.55,0
44.06,35.3,69.73,5.24,initial,loamy,17.55,0
22.51,33.08,39.52,4.02,development,loamy,21.23,0
73.11,32.41,48.77,5.02,initial,clay,17.05,0
61.83,21.62,49.92,3.19,late,sandy,8.82,0
39.8,27.17,70.36,0,initial,loamy,0,0
10.32,30.14,54.47,1.31,mid_season,clay,5.7,0
48.43,24.5,38.18,4.16,mid_season,clay,16.21,0
50.05,33.09,61.57,4.12,late,clay,9.55,0
86.37,33.51,68.26,4.53,mid_season,sandy,10.84,0
48.21,27.26,51.88,4.43,initial,loamy,20.33,0
53.58,34.5,84.89,0.72,development,clay,18.78,0
73.11,19.9,74.58,4.52,mid_season,sandy,10.85,0
38.33,29.05,66.95,2.49,late,clay,19.59,0
81.38,29.06,44.85,2.6,late,clay,4.68,0
74.48,24.56,56.57,3.53,initial,loamy,8.86,0
49.77,32.83,36.73,3.47,mid_season,loamy,6.6,0
80.38,30.52,58.15,4.81,mid_season,sandy,4.68,0
42.15,19.96,59.08,3.42,mid_season,loamy,7.87,0
59.86,35.13,56.82,3.68,late,clay,5.46,0
72.66,28.62,83.45,2.42,late,loamy,2.94,0
49.46,18.07,39.23,4.62,late,loamy,14.09,0
51.4,34.16,37.98,5.07,mid_season,loamy,19.53,0
55.54,25.36,41.95,3.35,mid_season,clay,11.87,0
27.22,25.09,82.53,5.76,development,loamy,8.38,0
38.7,20.46,57.76,0,late,loamy,0,1
54.98,31.98,76.45,5.84,late,clay,9.06,0
64.98,19.0,67.21,4.37,development,clay,18.4,0
50.52,24.71,54.16,3.11,development,sandy,23.94,0
39.4,32.1,36.46,5.81,mid_season,sandy,12.58,0
37.76,35.12,55.08,3.16,initial,clay,15.38,0
57.77,22.11,59.3,2.66,late,loamy,22.22,0
64.61,24.04,70.02,3.99,mid_season,sandy,10.99,0
94.45,30.16,39.48,3.8,development,sandy,7.95,0
73.48,30.58,60.62,0,development,sandy,0,0
44.56,31.05,52.83,1.78,development,loamy,4.87,0
42.93,26.0,62.66,6.63,development,loamy,15.42,0
91.82,19.88,83.95,4.41,initial,loamy,8.48,0
46.09,29.0,59.71,1.98,mid_season,sandy,12.28,0
24.19,28.32,69.1,0,late,sandy,0,1
49.82,20.31,36.38,3.08,development,clay,3.93,0
59.11,29.37,49.43,2.91,mid_season,clay,8.08,0
55.36,34.45,56.17,4.6,late,loamy,4.87,0
12.21,34.66,50.23,4.51,initial,loamy,4.36,0
47.34,24.75,43.48,4.44,development,sandy,18.86,0
77.07,27.55,36.64,0,late,sandy,0,0
66.99,30.36,68.4,3.74,initial,sandy,15.17,0
59.57,29.42,36.01,2.55,late,sandy,16.42,0
34.66,25.24,78.53,0,late,sandy,0,1
44.64,23.89,44.6,4.34,development,clay,15.43,0
50.5,26.4,66.94,4.95,mid_season,clay,12.2,0
48.57,32.59,41.07,0,initial,sandy,0,0
89.17,24.27,84.91,4.33,late,loamy,4.39,0
59.55,22.33,66.8,0,development,clay,0,0
43.83,28.22,83.03,3.78,late,loamy,1.35,0
54.62,24.09,59.62,4.62,mid_season,loamy,21.17,0
34.75,22.36,45.45,2.9,initial,clay,7.69,0
50.62,29.66,44.35,2.89,development,sandy,10.48,0
95,33.38,45.78,0,initial,clay,0,0
74.23,27.05,79.45,4.18,late,clay,9.7,0
52.41,31.03,58.39,4.67,late,sandy,11.21,0
47.38,35.55,81.84,3.76,late,clay,4.7,0
53.85,32.18,49.33,5.12,initial,loamy,10.76,0
5,33.61,38.94,3.42,mid_season,sandy,18.16,0
35.25,23.54,71.08,0,late,sandy,0,1
63.01,28.49,47.8,5.7,initial,loamy,13.62,0
69.9,25.0,35.04,4.4,mid_season,sandy,9.89,0
81.16,23.45,59.42,5.58,late,sandy,3.64,0
64.94,34.97,74.23,4.12,late,sandy,7.79,0
49.05,26.51,52.18,3.2,late,clay,8.28,0
42.93,22.01,66.95,3.53,initial,clay,23.09,0
34.59,18.25,46.66,2.66,mid_season,sandy,16.74,0
78.23,18.27,68.92,5.6,initial,sandy,9.13,0
68.1,24.65,74.06,2.76,late,clay,8.09,0
10.55,22.64,74.75,5.33,initial,sandy,7.33,0
50.75,31.28,62.82,7.08,development,loamy,7.03,0
36.47,23.45,36.28,3.59,mid_season,sandy,15.0,0
43.47,22.97,72.43,2.43,mid_season,sandy,13.52,0
64.17,27.63,75.27,2.69,initial,clay,4.52,0
68.42,35.91,78.69,3.64,late,loamy,16.11,0
25.22,24.97,44.47,0,initial,loamy,0,0
58.37,31.16,40.76,4.16,late,clay,16.01,0
55.39,35.58,75.52,0,development,sandy,0,1
46.91,28.94,54.84,4.44,development,sandy,6.61,0
49.38,23.93,46.04,3.04,development,clay,13.65,0
34.99,20.67,60.56,4.02,mid_season,loamy,18.66,0
48.63,33.33,35.06,3.27,development,clay,9.32,0
65.12,20.24,67.96,4.02,mid_season,sandy,24.55,0
61.63,32.58,37.83,0.9,mid_season,loamy,0.36,0
50.78,21.46,53.93,3.12,development,loamy,5.61,0
51.84,33.34,82.48,2.72,mid_season,loamy,10.27,0
76.33,25.41,65.25,2.21,late,clay,6.31,0
66.63,24.93,66.95,2.58,development,clay,2.89,0
73.4,24.66,65.12,2.66,initial,sandy,1.72,0
35.4,24.55,68.1,3.01,mid_season,loamy,2.79,0
49.45,28.03,78.27,2.66,mid_season,sandy,1.53,0
63.24,33.85,42.17,1.78,mid_season,loamy,16.76,0
51.74,23.84,82.68,4.04,late,loamy,9.62,0
73.69,26.0,61.43,3.4,late,sandy,17.74,0
61.06,23.35,75.92,4.72,mid_season,clay,5.44,0
64.25,30.58,63.35,3.54,initial,loamy,3.29,0
72.1,35.53,74.57,5.14,initial,sandy,14.4,0
69.96,18.71,57.28,1.94,late,clay,5.13,0
42.42,28.94,51.11,4.54,initial,sandy,12.26,0
52.16,25.56,40.07,4.42,late,loamy,25.92,0
41.64,30.75,45.01,4.98,late,sandy,11.31,0
87.2,21.48,55.22,4.55,mid_season,clay,15.37,0
10.17,25.98,79.92,2.73,development,clay,13.52,0
55.59,30.35,75.45,2.93,development,loamy,10.0,0
38.61,21.62,69.65,0,initial,sandy,0,0
52.71,34.94,67.13,4.05,initial,clay,0.89,0
39.62,33.59,45.27,4.87,mid_season,clay,13.43,0
43.21,25.56,77.51,0,initial,loamy,0,0
60.47,28.11,47.83,1.3,late,sandy,6.25,0
59.74,32.87,37.27,5.54,mid_season,loamy,4.77,0
68.93,30.64,61.7,3.85,development,loamy,7.04,0
53.46,27.09,41.46,0,initial,sandy,0,0
41.61,32.59,71.5,3.41,late,loamy,8.09,0
69.19,34.63,64.92,3.01,development,loamy,9.09,0
68.94,33.68,44.66,3.87,development,loamy,7.8,0
67.28,31.06,45.6,4.53,development,sandy,2.03,0
58.72,19.25,57.52,5.4,mid_season,clay,16.74,0
80.82,24.11,71.44,2.54,mid_season,clay,16.84,0
34.33,31.49,45.11,4.48,initial,clay,1.23,0
17.21,29.08,79.16,0,initial,sandy,0,0
86.3,20.86,79.91,5.35,development,loamy,3.15,0
69.25,18.17,38.43,4.12,development,sandy,4.94,0
29.31,32.48,76.86,3.8,initial,loamy,2.12,0
65.01,33.4,43.98,0,mid_season,loamy,0,0
46.45,27.04,37.09,2.2,initial,clay,2.83,0
86.33,28.65,36.52,3.82,initial,loamy,0.65,0
32.89,18.48,79.73,0,development,sandy,0,1
62.69,24.81,58.46,3.16,development,loamy,11.49,0
53.39,18.45,38.26,0,development,sandy,0,1
84.36,26.33,68.72,0,mid_season,sandy,0,0
66.34,28.78,84.96,5.26,late,loamy,2.37,0
57.83,33.76,46.0,2.84,initial,sandy,6.31,0
60.6,18.78,66.22,4.13,development,clay,14.37,0
71.01,33.53,68.25,0.84,initial,clay,15.07,0
51.83,29.13,75.98,6.46,development,loamy,17.01,0
41.27,31.4,69.67,3.73,late,loamy,8.03,0
77.19,20.75,46.12,2.74,late,loamy,9.38,0
55.18,28.99,39.87,5.14,development,clay,6.14,0
59.61,21.01,79.93,3.51,mid_season,sandy,7.59,0
43.31,23.31,74.59,0,initial,loamy,0,0
52.72,32.41,50.49,3.06,mid_season,sandy,20.59,0
69.71,35.45,83.67,3.33,initial,loamy,4.55,0
58.05,24.13,50.15,0,development,clay,0,0
62.12,19.22,61.39,3.98,mid_season,clay,18.73,0
75.8,22.28,46.95,2.65,development,clay,15.96,0
65.42,25.72,67.32,4.6,late,loamy,9.06,0
35.33,26.52,63.23,2.69,late,sandy,5.34,0
46.04,30.6,44.84,4.23,mid_season,loamy,3.08,0
63.14,18.05,35.89,2.55,mid_season,loamy,11.59,0
55.84,29.3,66.83,4.12,development,loamy,14.31,0
26.3,33.88,62.41,1.41,initial,loamy,15.73,0
42.89,18.28,67.8,0,initial,sandy,0,0
54.57,31.5,70.22,4.4,late,clay,5.55,0
83.27,34.25,45.68,4.56,late,clay,7.5,0
41.78,28.09,66.36,1.22,initial,clay,3.95,0
54.57,25.0,40.08,3.78,initial,loamy,10.32,0
34.94,31.22,77.76,4.86,development,clay,14.08,0
44.87,34.41,81.14,6.2,initial,clay,9.38,0
88.0,31.22,67.6,4.44,late,loamy,12.94,0
74.42,27.01,54.43,1.77,mid_season,sandy,10.61,0
48.01,28.42,66.94,3.51,initial,clay,4.87,0
49.42,28.51,59.97,0,development,loamy,0,1
70.33,33.36,44.68,3.32,development,loamy,14.1,0
39.1,30.31,41.38,0,development,loamy,0,1
47.85,33.5,48.94,4.19,late,clay,16.39,0
72.25,33.3,40.21,0,initial,clay,0,0
20.73,22.66,45.32,2.74,development,clay,9.39,0
21.79,22.16,60.32,4.54,late,sandy,25.62,0
75.73,20.67,70.88,6.27,development,loamy,18.31,0
31.39,27.9,64.76,4.54,initial,loamy,1.66,0
27.35,20.49,53.84,2.35,late,loamy,12.65,0
81.55,21.57,81.43,2.92,initial,loamy,13.97,0
67.49,30.14,48.36,0,initial,sandy,0,0
49.87,18.58,81.64,3.66,development,sandy,4.98,0
61.6,26.35,63.79,2.39,mid_season,loamy,18.59,0
40.29,25.41,70.69,4.25,initial,loamy,4.82,0
14.76,28.06,63.4,4.44,initial,clay,2.01,0
34.76,30.67,40.99,4.25,mid_season,loamy,13.47,0
50.96,27.83,73.63,5.7,mid_season,clay,9.39,0
34.94,29.08,40.74,3.01,mid_season,loamy,1.89,0
65.1,23.69,74.12,4.09,initial,sandy,13.97,0
48.29,25.45,42.28,0,mid_season,loamy,0,1
40.64,27.14,60.59,2.13,development,clay,12.57,0
58.42,22.68,45.54,3.93,development,sandy,15.62,0
42.82,23.21,75.74,2.97,mid_season,sandy,11.37,0
63.28,18.9,54.38,2.1,development,clay,13.78,0
62.93,24.69,73.69,3.81,development,loamy,3.16,0
44.05,18.15,53.62,0,late,sandy,0,1
53.56,28.44,80.77,3.06,late,sandy,6.65,0
60.19,32.53,41.89,5.54,late,loamy,5.84,0
67.91,23.47,78.64,2.37,mid_season,sandy,19.54,0
57.93,18.9,58.65,3.33,development,clay,5.35,0
52.92,29.98,35.72,3.44,late,sandy,11.93,0
60.07,18.63,75.56,0,initial,loamy,0,0
58.68,29.29,65.09,4.86,late,clay,16.93,0
47.63,29.75,81.61,3.91,mid_season,sandy,1.01,0
32.94,19.25,79.94,4.43,mid_season,loamy,14.14,0
51.34,25.08,57.94,0,initial,clay,0,0
50.11,26.29,35.66,2.79,late,loamy,13.95,0
52.17,32.17,84.63,4.85,development,clay,10.27,0
30.24,34.08,59.27,2.78,development,loamy,19.11,0
50.71,26.41,53.85,4.45,development,loamy,11.82,0
84.25,28.89,77.67,4.07,late,sandy,5.22,0
72.01,30.27,84.55,2.04,initial,clay,4.72,0
94.12,30.08,77.1,4.37,mid_season,clay,17.46,0
66.47,20.59,40.78,3.91,initial,sandy,5.81,0
34.47,21.32,81.1,6.06,late,clay,5.98,0
51.4,23.27,37.75,2.71,late,loamy,14.89,0
43.14,29.88,44.96,0,development,loamy,0,1
64.2,24.99,77.15,3.1,development,clay,4.42,0
63.97,20.88,55.56,0,development,clay,0,0
70.97,26.37,44.55,0,initial,loamy,0,0
23.27,27.48,37.3,5.26,mid_season,sandy,14.21,0
58.25,26.71,77.12,0,initial,loamy,0,0
83.63,26.18,64.49,0,initial,clay,0,0
61.78,29.77,64.97,1.47,development,loamy,5.81,0
51.78,25.81,65.0,5.4,initial,sandy,4.36,0
51.32,34.97,61.65,0,development,clay,0,0
65.46,31.1,44.97,3.12,mid_season,clay,8.75,0
11.05,24.67,66.27,2.33,initial,loamy,4.21,0
50.08,20.91,44.64,2.82,development,clay,17.57,0
84.78,26.82,82.32,5.91,late,loamy,9.71,0
48.17,35.53,38.45,3.57,mid_season,clay,1.8,0
73.35,21.05,40.34,2.96,late,clay,11.31,0
68.0,32.2,52.39,5.75,initial,clay,11.58,0
42.08,22.78,80.94,3.69,mid_season,clay,14.94,0
43.97,32.12,68.8,3.8,development,sandy,7.65,0
65.78,31.54,73.0,3.4,mid_season,loamy,18.39,0
39.26,18.49,83.84,3.92,late,sandy,8.38,0
59.69,30.61,50.66,2.93,initial,clay,0.75,0
34.73,24.87,66.79,3.51,initial,sandy,5.33,0
28.86,30.9,69.48,5.66,initial,clay,7.89,0
73.53,27.46,75.45,0,initial,sandy,0,0
49.94,35.61,84.74,4.58,mid_season,clay,2.75,0
48.96,33.27,58.58,3.63,mid_season,sandy,5.4,0
26.48,33.73,45.01,3.54,development,loamy,7.07,0
87.73,21.53,49.31,4.41,development,loamy,5.59,0
57.05,25.1,61.34,3.78,initial,clay,3.43,0
58.83,32.03,41.52,4.01,initial,sandy,5.78,0
45.37,30.43,72.12,0,initial,loamy,0,0
38.9,19.44,52.7,4.49,late,clay,2.66,0
51.05,31.15,46.38,3.0,initial,sandy,10.18,0
38.14,20.82,53.37,4.01,initial,sandy,9.18,0
40.87,24.79,68.02,1.47,development,clay,22.96,0
31.35,31.8,82.17,0,initial,loamy,0,0
31.47,19.22,49.14,5.3,development,clay,14.82,0
46.98,31.56,51.08,5.51,mid_season,clay,18.55,0
53.78,32.44,76.26,4.37,development,sandy,1.12,0
75.78,26.31,35.13,3.83,mid_season,clay,12.48,0
65.25,24.76,75.74,4.46,development,sandy,3.01,0
76.88,22.99,39.12,3.64,mid_season,clay,13.5,0
95,30.93,46.01,4.79,mid_season,sandy,21.09,0
39.92,25.13,37.92,1.98,mid_season,clay,11.81,0
57.84,19.56,80.95,0,development,clay,0,0
95,18.96,44.08,4.28,late,loamy,11.15,0
73.86,23.95,52.29,0,late,sandy,0,0
69.79,22.82,43.72,5.11,mid_season,sandy,13.05,0
64.95,20.97,67.26,3.65,development,sandy,6.02,0
62.52,28.48,64.33,4.71,mid_season,clay,12.63,0
91.77,23.47,43.66,6.51,mid_season,sandy,15.7,0
71.97,24.46,70.37,4.49,mid_season,loamy,5.04,0
51.97,29.79,42.69,4.07,development,loamy,7.42,0
42.07,18.53,76.99,4.5,mid_season,sandy,14.37,0
67.47,32.82,37.74,4.02,development,loamy,23.17,0
59.22,26.68,65.56,4.01,initial,clay,0.25,0
78.31,35.7,61.07,3.59,initial,loamy,11.76,0
70.88,18.86,51.87,4.75,initial,sandy,0.95,0
49.4,19.99,51.32,0,initial,loamy,0,0
43.08,21.3,77.6,2.63,mid_season,clay,12.34,0
66.05,30.34,82.61,4.75,late,loamy,18.08,0
66.36,33.86,38.06,4.96,development,clay,9.22,0
57.44,31.87,51.49,3.62,mid_season,clay,32.33,0
46.5,21.57,55.62,6.23,initial,loamy,11.45,0
91.82,25.98,48.27,4.08,late,sandy,3.8,0
84.18,27.46,47.56,4.99,initial,loamy,23.61,0
47.29,30.83,80.51,5.35,initial,loamy,8.76,0
50.3,19.91,50.24,1.77,mid_season,clay,14.16,0
33.95,29.09,50.48,2.44,development,loamy,19.46,0
75.64,31.21,50.25,4.47,initial,loamy,4.21,0
63.27,18.82,56.96,4.47,late,sandy,5.71,0
85.67,20.05,84.98,5.02,initial,clay,2.01,0
90.83,32.36,77.78,5.07,mid_season,clay,18.94,0
74.5,30.25,49.46,0,development,loamy,0,0
85.81,35.26,65.11,2.92,mid_season,loamy,0.87,0
61.23,34.78,58.2,3.32,development,loamy,19.6,0
41.32,26.16,66.37,3.32,development,clay,15.13,0
74.31,35.42,51.26,3.15,initial,loamy,15.75,0
69.5,23.55,35.96,2.1,initial,clay,6.75,0
94.91,32.15,64.19,3.74,mid_season,loamy,12.35,0
60.42,24.15,47.9,3.91,mid_season,loamy,24.31,0
49.58,23.06,37.06,4.79,development,clay,15.1,0
42.45,34.76,66.78,5.7,initial,clay,7.62,0
43.5,18.47,48.38,3.02,mid_season,clay,15.03,0
51.03,21.88,70.61,3.78,late,clay,19.62,0
37.39,29.56,79.92,5.12,development,sandy,8.96,0
79.37,29.51,65.72,5.16,late,sandy,13.86,0
35.74,22.78,48.79,5.33,mid_season,loamy,12.74,0
46.8,32.41,51.69,0,mid_season,sandy,0,1
12.61,28.8,42.28,4.63,late,sandy,12.66,0
54.17,22.16,81.92,4.75,mid_season,clay,13.71,0
66.81,21.42,42.08,4.27,development,clay,3.17,0
49.14,21.14,51.96,3.0,late,clay,14.47,0
27.99,34.83,58.66,2.58,initial,loamy,11.62,0
53.67,33.04,70.85,5.14,initial,sandy,1.34,0
57.06,26.08,42.99,3.7,development,loamy,12.28,0
74.63,20.06,36.27,3.27,mid_season,loamy,16.14,0
55.99,23.23,79.52,3.5,late,sandy,9.58,0
83.53,22.25,63.42,2.91,development,sandy,7.41,0
46.44,33.56,62.14,4.88,development,sandy,3.92,0
69.46,31.22,61.0,2.84,initial,loamy,7.05,0
55.82,30.06,39.69,4.72,development,clay,14.53,0
40.72,26.29,54.3,0,initial,loamy,0,0
58.36,34.5,57.62,4.74,mid_season,loamy,3.89,0
87.13,28.89,81.17,3.55,mid_season,sandy,3.69,0
49.03,26.18,63.97,4.23,initial,loamy,2.2,0
34.13,27.89,40.69,3.96,development,sandy,14.11,0
95,20.71,43.04,5.66,initial,clay,18.24,0
59.96,19.73,57.91,5.73,late,sandy,0.75,0
59.57,18.57,60.4,4.25,mid_season,sandy,11.41,0
68.32,24.04,57.57,6.23,mid_season,clay,19.33,0
46.62,18.58,55.12,4.51,development,sandy,15.41,0
69.98,32.73,60.91,3.79,mid_season,clay,24.53,0
45.4,21.06,77.44,5.31,late,loamy,5.99,0
75.79,18.03,63.32,4.17,development,loamy,8.22,0
79.5,28.53,39.35,2.13,mid_season,loamy,13.49,0
43.14,22.02,47.96,5.59,initial,sandy,4.09,0
31.8,27.7,60.59,4.16,development,sandy,10.8,0
37.18,23.73,73.01,4.72,mid_season,sandy,9.73,0
20.94,25.83,44.7,4.41,development,clay,8.97,0
80.85,21.68,59.18,3.12,late,loamy,7.4,0
33.11,18.7,50.77,0,initial,loamy,0,0
70.93,28.74,41.41,6.0,development,loamy,7.28,0
62.97,35.26,70.19,3.53,late,loamy,2.36,0
69.95,20.98,50.16,2.51,development,loamy,6.8,0
35.01,30.75,59.89,6.04,initial,loamy,3.67,0
35.43,21.66,67.62,3.91,late,clay,0.21,0
71.42,25.73,36.38,3.22,late,clay,11.27,0
62.28,33.99,65.43,3.54,mid_season,sandy,15.18,0
70.8,30.99,35.85,0,initial,clay,0,0
55.88,28.09,41.44,3.23,late,sandy,8.82,0
44.57,27.57,65.91,2.33,mid_season,sandy,7.2,0
9.38,28.88,75.72,4.99,initial,clay,13.45,0
62.24,28.35,48.14,2.82,initial,clay,11.16,0
52.38,35.45,73.47,5.13,late,sandy,13.11,0
45.49,28.64,75.25,4.43,mid_season,loamy,13.56,0
36.77,23.4,53.73,4.52,late,sandy,6.78,0
48.94,23.32,70.32,3.41,initial,sandy,9.11,0
70.33,20.25,68.89,3.31,late,sandy,6.44,0
49.46,26.91,62.18,2.86,development,clay,4.41,0
66.54,34.18,60.91,5.51,initial,clay,10.6,0
55.76,28.26,75.63,3.79,development,loamy,11.48,0
40.07,25.3,55.76,4.41,late,clay,3.87,0
77.61,22.86,36.95,4.63,late,clay,22.31,0
84.27,26.29,71.36,6.52,mid_season,loamy,29.75,0
51.49,27.54,71.25,5.45,development,loamy,3.77,0
54.7,34.0,80.6,4.34,late,sandy,4.89,0
33.7,34.67,69.78,3.98,mid_season,loamy,4.7,0
49.61,23.35,56.16,5.14,development,loamy,9.4,0
62.89,18.27,47.56,4.59,development,clay,12.96,0
66.58,33.73,35.59,6.27,initial,clay,9.79,0
52.94,29.97,63.21,0,late,sandy,0,1
63.25,35.91,43.79,3.7,development,sandy,2.03,0
43.47,35.76,67.17,0,mid_season,loamy,0,1
71.31,27.04,57.78,5.18,initial,loamy,4.28,0
40.38,20.64,52.01,0,initial,clay,0,0
51.3,26.19,77.36,0,late,sandy,0,1
47.0,33.25,60.19,0,development,loamy,0,1
86.39,21.82,46.69,4.07,development,clay,9.38,0
66.19,28.33,82.3,3.54,mid_season,clay,15.64,0
25.07,35.15,43.82,3.79,initial,loamy,14.17,0
55.67,30.25,38.2,0,initial,loamy,0,0
56.75,31.6,46.42,0,development,sandy,0,1
33.05,35.9,60.27,3.87,late,loamy,0.61,0
67.22,31.57,82.4,4.34,late,sandy,13.8,0
75.77,35.18,80.14,3.71,development,sandy,14.87,0
31.07,24.82,76.62,3.24,initial,sandy,8.7,0
62.35,33.87,58.4,4.09,mid_season,loamy,10.14,0
78.0,24.2,56.46,5.61,late,sandy,10.46,0
38.59,27.27,35.41,3.92,mid_season,loamy,12.9,0
81.29,27.45,49.02,5.16,development,sandy,11.6,0
71.7,24.6,51.91,4.09,mid_season,loamy,16.87,0
52.69,18.01,38.94,3.98,mid_season,clay,12.02,0
41.06,18.77,46.83,4.68,late,sandy,7.99,0
35.51,30.83,74.39,3.17,mid_season,sandy,2.75,0
72.48,18.95,40.72,4.46,late,sandy,13.21,0
76.02,19.77,42.87,5.26,late,clay,12.5,0
36.29,35.93,53.59,0,late,sandy,0,1
50.72,18.62,63.41,6.16,mid_season,sandy,14.81,0
74.88,29.43,42.04,5.83,initial,loamy,6.91,0
61.74,34.3,35.77,3.94,development,clay,3.27,0
68.19,25.53,36.07,3.84,late,sandy,10.68,0
81.69,35.15,42.41,4.51,late,clay,10.16,0
22.87,27.18,66.65,2.84,development,loamy,6.56,0
81.24,30.52,50.09,4.05,initial,loamy,8.01,0
62.3,34.46,73.25,6.21,mid_season,loamy,18.72,0
34.44,32.55,36.35,4.31,mid_season,clay,14.79,0
46.25,23.1,80.73,0,late,sandy,0,1
45.31,33.55,36.8,3.9,late,sandy,9.57,0
76.75,21.62,40.59,4.62,mid_season,clay,7.47,0
63.83,28.12,48.71,4.17,mid_season,loamy,13.47,0
31.77,19.67,71.85,5.77,initial,sandy,6.4,0
58.14,28.05,64.44,6.45,initial,clay,14.7,0
53.06,27.81,41.4,4.22,late,loamy,6.8,0
7.22,32.89,45.76,2.61,late,loamy,25.79,0
45.6,31.88,60.7,3.39,mid_season,sandy,23.84,0
63.09,27.5,43.59,5.33,mid_season,sandy,12.77,0
70.11,31.53,43.89,5.44,development,loamy,10.15,0
60.98,31.02,80.81,4.01,development,loamy,15.18,0
37.88,23.11,45.32,2.95,development,clay,1.26,0
27.23,35.31,38.29,3.5,mid_season,loamy,15.69,0
77.62,24.77,40.47,5.46,initial,sandy,3.86,0
53.06,28.99,42.1,3.13,development,sandy,4.2,0
69.79,30.47,37.64,5.49,mid_season,clay,9.72,0
62.16,21.72,38.0,2.6,initial,sandy,3.94,0
22.21,27.85,59.08,3.83,initial,clay,8.49,0
61.58,21.96,75.24,3.06,initial,loamy,3.31,0
63.85,32.39,78.63,5.63,initial,loamy,5.54,0
83.69,24.48,57.74,3.98,mid_season,loamy,10.41,0
59.07,29.59,74.29,0,initial,sandy,0,0
30.2,35.05,59.59,3.71,initial,loamy,18.6,0
66.17,32.5,57.65,4.38,development,clay,9.37,0
40.82,32.22,74.6,3.91,development,sandy,14.96,0
61.7,31.89,53.31,5.34,development,loamy,9.14,0
49.37,25.75,48.7,3.8,late,clay,16.42,0
21.49,24.28,48.87,0,late,clay,0,1
62.3,24.18,54.71,5.47,mid_season,loamy,25.62,0
50.04,30.79,42.98,4.82,late,loamy,1.78,0
49.82,20.92,71.3,2.32,mid_season,sandy,2.19,0
48.51,29.49,41.24,2.86,development,clay,12.68,0
25.21,23.86,54.45,3.81,mid_season,loamy,7.08,0
23.56,22.62,39.53,1.93,mid_season,loamy,19.46,0
59.02,29.18,72.59,2.11,initial,loamy,3.98,0
38.62,24.41,35.98,2.93,development,loamy,2.86,0
62.43,29.81,59.17,3.57,development,sandy,9.01,0
43.1,25.23,51.89,4.51,late,sandy,8.1,0
64.8,29.11,56.81,5.66,initial,clay,3.01,0
59.26,21.04,83.68,0,initial,loamy,0,0
50.92,25.41,67.99,3.95,development,sandy,12.39,0
85.46,29.96,51.49,1.47,late,clay,1.75,0
65.56,22.66,57.19,3.26,development,loamy,2.2,0
60.38,26.86,72.76,1.69,initial,clay,4.82,0
38.89,29.84,61.89,3.54,initial,clay,17.32,0
65.34,33.42,37.04,0,initial,sandy,0,0
49.41,23.48,58.69,4.62,mid_season,sandy,13.97,0
22.95,32.3,55.65,2.79,mid_season,loamy,10.31,0
49.13,28.87,73.98,3.55,late,clay,10.64,0
81.25,22.46,43.37,4.97,mid_season,loamy,27.45,0
52.32,26.1,56.89,5.72,initial,sandy,0.63,0
48.56,23.77,47.05,5.19,development,loamy,4.74,0
59.83,29.05,66.82,2.94,development,loamy,16.82,0
50.02,35.76,84.21,3.36,mid_season,sandy,0.73,0
53.78,35.76,49.03,4.73,mid_season,clay,3.45,0
73.73,32.57,72.63,2.79,mid_season,loamy,16.08,0
42.92,26.25,50.13,3.22,development,clay,11.8,0
70.49,29.26,53.88,3.74,development,clay,16.66,0
59.84,21.6,54.43,2.64,initial,clay,1.59,0
62.13,33.49,54.0,3.61,mid_season,clay,5.17,0
80.1,25.11,66.57,5.84,late,loamy,15.68,0
66.87,25.2,82.64,2.9,late,loamy,18.26,0
67.67,20.92,63.28,3.96,development,clay,13.19,0
57.32,18.71,61.38,3.6,mid_season,loamy,22.8,0
26.22,32.48,83.43,3.37,development,clay,11.57,0
34.6,21.5,44.47,5.75,development,loamy,0.52,0
10.96,27.71,46.97,3.79,mid_season,loamy,15.48,0
59.02,20.14,42.09,4.12,initial,loamy,1.84,0
40.43,20.38,41.25,4.78,development,clay,4.6,0
12.64,19.0,55.54,3.88,late,clay,9.97,0
75.73,28.08,66.73,3.58,development,sandy,4.13,0
42.79,23.75,69.27,4.61,initial,sandy,3.46,0
69.79,30.14,61.58,6.21,late,loamy,8.14,0
48.48,19.24,59.84,5.61,initial,clay,5.06,0
48.17,24.93,46.34,3.5,development,clay,10.05,0
37.28,27.91,48.58,2.03,late,clay,5.35,0
44.28,32.84,46.23,4.99,development,loamy,11.83,0
58.17,29.45,70.25,4.46,initial,sandy,0.29,0
28.85,21.85,55.39,3.01,initial,clay,12.22,0
47.87,29.28,52.35,4.5,mid_season,loamy,13.89,0
24.19,24.08,70.62,5.64,development,sandy,17.54,0
50.43,35.86,49.22,4.78,late,loamy,13.94,0
26.36,22.58,66.21,3.07,late,sandy,16.7,0
64.67,30.56,77.42,0,development,loamy,0,0
33.85,27.83,35.57,4.66,initial,sandy,5.28,0
27.66,19.11,70.8,4.57,development,clay,14.34,0
95,28.6,47.33,5.12,initial,loamy,3.81,0
71.12,18.27,35.34,3.51,late,sandy,9.8,0
67.36,25.45,38.52,4.64,late,loamy,9.07,0
58.68,31.06,82.75,6.11,late,loamy,11.56,0
25.43,34.25,71.84,2.43,development,loamy,8.28,0
36.76,32.35,84.62,2.41,late,clay,0.58,0
91.32,23.07,52.05,4.0,development,loamy,11.17,0
51.15,22.31,80.2,0,late,clay,0,0
71.48,21.8,60.25,3.35,initial,sandy,8.13,0
38.89,35.51,43.47,4.57,development,sandy,13.52,0
63.97,33.75,59.94,3.2,mid_season,sandy,4.44,0
26.38,29.81,45.09,5.11,late,sandy,22.75,0
48.05,26.56,74.64,4.3,mid_season,clay,5.79,0
55.41,20.57,80.03,5.38,development,clay,6.0,0
60.11,24.31,66.43,6.48,initial,loamy,2.03,0
70.25,29.14,74.87,3.15,development,loamy,5.96,0
49.81,20.22,56.89,2.93,late,clay,18.89,0
46.46,32.02,67.44,4.39,late,clay,6.46,0
40.58,18.37,61.62,2.26,initial,loamy,4.97,0
44.41,19.42,83.88,3.6,initial,loamy,2.34,0
47.35,24.98,52.71,2.64,initial,clay,7.02,0
46.59,27.05,61.85,5.36,initial,sandy,4.26,0
39.3,19.67,54.47,4.02,development,sandy,18.24,0
88.89,28.88,78.41,3.94,initial,clay,2.9,0
79.65,29.87,71.03,5.64,mid_season,clay,10.41,0
58.32,35.32,66.37,4.19,mid_season,loamy,30.09,0
86.16,22.02,50.08,4.89,mid_season,loamy,17.98,0
56.53,27.08,83.56,4.7,development,loamy,6.27,0
25.28,29.23,65.23,2.21,late,sandy,4.28,0
73.7,33.11,75.21,2.15,initial,clay,0.13,0
47.73,35.33,63.23,5.93,initial,sandy,2.48,0
62.23,23.06,57.34,2.57,development,clay,11.33,0
48.84,28.45,40.83,2.56,mid_season,loamy,27.04,0
47.87,31.64,65.2,5.83,mid_season,clay,10.99,0
45.81,34.62,72.74,2.94,development,loamy,4.21,0
43.78,22.68,47.47,2.62,development,sandy,18.51,0
35.07,34.13,59.62,5.9,initial,clay,8.21,0
77.37,18.43,53.29,0,late,sandy,0,0
44.06,26.95,49.35,4.32,late,sandy,3.18,0
28.64,26.88,66.33,2.38,mid_season,sandy,14.52,0
52.23,23.65,46.41,3.38,initial,loamy,9.72,0
38.09,28.43,78.04,5.0,mid_season,clay,4.9,0
70.8,19.47,43.31,2.98,development,sandy,4.27,0
59.08,27.01,79.07,4.16,development,sandy,8.74,0
55.53,25.48,37.22,5.21,mid_season,loamy,1.78,0
64.94,24.86,47.96,4.89,development,sandy,13.59,0
32.3,35.38,36.43,5.04,late,loamy,15.76,0
53.09,23.41,53.69,0,initial,sandy,0,0
68.11,33.4,63.04,6.27,mid_season,sandy,10.35,0
52.06,20.08,47.27,5.38,initial,clay,6.02,0
39.15,32.91,73.53,4.83,mid_season,sandy,3.68,0
57.16,25.37,70.02,5.68,mid_season,loamy,3.73,0
57.58,33.38,70.7,4.84,late,loamy,0.91,0
56.16,22.75,40.29,4.52,development,clay,13.5,0
68.06,32.26,71.52,3.44,mid_season,loamy,1.75,0
58.84,23.23,40.95,5.98,mid_season,sandy,13.8,0
48.76,24.61,38.43,0,initial,loamy,0,0
32.2,34.9,41.13,0,development,sandy,0,1
56.69,21.42,72.68,0,development,clay,0,0
61.48,23.43,65.82,2.36,mid_season,sandy,9.37,0
23.66,29.05,81.14,0,late,clay,0,1
94.32,34.13,71.17,4.35,development,clay,13.27,0
42.27,27.44,36.55,3.96,development,loamy,2.31,0
54.07,20.79,55.24,4.09,mid_season,sandy,12.33,0
5,20.17,52.22,2.47,late,loamy,11.08,0
54.94,24.81,38.7,4.01,mid_season,sandy,14.58,0
77.88,19.32,67.64,4.36,initial,clay,3.62,0
56.34,23.52,84.28,4.45,development,loamy,7.98,0
52.72,21.37,55.26,4.42,mid_season,sandy,13.26,0
36.76,18.78,44.49,0,initial,loamy,0,0
41.04,34.0,70.17,2.53,initial,clay,13.22,0
50.04,33.94,42.42,3.25,initial,clay,12.17,0
78.95,35.49,60.6,3.51,initial,sandy,5.29,0
71.24,21.82,45.86,3.29,initial,clay,15.42,0
52.56,31.39,57.75,4.07,development,clay,10.63,0
68.6,33.67,38.41,0,late,sandy,0,0
90.95,34.76,48.12,4.55,initial,clay,2.87,0
62.94,34.52,64.4,4.81,development,loamy,7.28,0
61.66,18.54,43.1,0,development,sandy,0,0
67.95,29.78,37.32,0,late,clay,0,0
54.62,34.74,66.02,3.03,development,sandy,9.19,0
37.13,25.55,74.71,3.74,initial,loamy,3.23,0
53.46,31.09,78.5,3.94,mid_season,clay,23.11,0
79.52,33.19,58.14,4.9,initial,loamy,5.91,0
52.94,18.96,65.15,0,development,clay,0,0
51.13,23.13,36.66,4.18,late,loamy,7.91,0
52.44,19.58,45.79,0,late,sandy,0,1
45.4,23.55,58.66,3.58,initial,loamy,8.36,0
19.51,21.35,73.88,3.65,mid_season,sandy,17.21,0
70.04,25.98,63.89,2.47,mid_season,loamy,22.39,0
45.96,27.38,66.93,4.83,late,loamy,0.94,0
71.54,30.76,55.95,0,late,sandy,0,0
73.19,19.14,67.22,4.56,initial,clay,5.99,0
78.59,28.89,45.43,4.09,initial,sandy,15.2,0
46.98,19.64,43.28,4.72,mid_season,sandy,8.21,0
60.56,29.4,44.16,4.97,initial,loamy,8.19,0
76.99,20.44,68.77,7.18,late,clay,6.07,0
71.14,35.32,76.75,4.21,late,clay,7.04,0
61.76,29.59,58.19,0,initial,sandy,0,0
63.1,22.69,55.12,0,initial,sandy,0,0
58.73,35.26,56.0,0,initial,sandy,0,0
72.85,18.61,72.16,4.79,mid_season,sandy,25.1,0
39.56,35.05,80.76,0,initial,loamy,0,0
89.22,28.73,45.11,3.61,late,sandy,8.98,0
42.43,25.51,66.73,4.95,initial,loamy,2.11,0
38.95,34.4,63.62,5.54,development,loamy,25.77,0
64.75,26.97,60.46,0,initial,clay,0,0
49.92,35.74,50.96,4.53,mid_season,clay,12.19,0
5,31.91,72.21,5.76,development,sandy,11.73,0
44.15,22.88,60.68,4.79,late,clay,12.61,0
66.14,20.29,51.77,4.89,mid_season,loamy,7.51,0
44.65,33.27,39.37,4.46,late,loamy,18.9,0
76.98,25.34,80.75,5.61,development,sandy,10.37,0
63.28,31.14,65.97,3.12,late,loamy,14.7,0
59.67,28.44,37.62,5.21,development,clay,3.42,0
86.97,19.25,45.44,0,initial,loamy,0,0
19.06,21.09,82.18,5.37,development,clay,12.89,0
63.61,22.69,71.29,0,initial,clay,0,0
56.92,22.2,37.5,0,initial,loamy,0,0
64.86,28.11,83.66,3.57,late,loamy,12.75,0
50.64,35.39,76.1,4.49,initial,clay,1.96,0
47.12,18.3,36.85,4.89,development,clay,12.44,0
49.66,26.08,46.21,2.56,late,clay,12.28,0
31.54,34.43,75.24,2.79,mid_season,loamy,14.45,0
62.25,32.89,67.73,4.14,late,clay,8.13,0
58.16,20.51,78.1,3.85,development,loamy,6.54,0
50.2,29.22,66.96,4.16,late,loamy,11.16,0
31.88,22.4,76.85,4.38,late,sandy,19.25,0
61.94,31.77,61.61,3.75,late,sandy,18.52,0
56.05,31.44,84.65,4.73,mid_season,loamy,19.24,0
43.0,27.06,79.79,2.14,development,clay,4.1,0
48.7,22.86,71.4,0,mid_season,loamy,0,1
49.87,18.53,46.0,3.87,late,sandy,5.29,0
51.28,26.32,82.67,3.96,late,loamy,19.97,0
56.34,35.64,83.72,2.96,development,sandy,1.24,0
49.39,25.04,56.2,2.66,development,sandy,3.49,0
36.4,24.28,61.88,4.23,late,sandy,19.76,0
31.45,20.98,70.06,3.77,initial,sandy,1.36,0
49.82,30.97,51.89,2.19,late,clay,9.07,0
40.14,24.19,35.97,2.05,mid_season,sandy,5.87,0
38.22,35.37,70.96,4.47,late,sandy,8.57,0
95,25.31,38.41,3.48,development,clay,12.8,0
56.72,18.56,35.71,0,initial,sandy,0,0
48.26,30.03,42.95,5.05,late,clay,10.42,0
67.1,34.27,41.22,0,initial,sandy,0,0
53.99,29.25,66.03,3.22,mid_season,sandy,13.4,0
52.14,24.34,40.76,3.68,development,clay,2.43,0
81.36,34.16,80.61,3.69,late,sandy,2.66,0
81.94,31.82,70.79,4.64,development,loamy,21.28,0
31.96,28.7,73.72,5.24,mid_season,clay,15.94,0
56.29,34.21,57.91,0,mid_season,clay,0,0
57.02,27.86,64.94,4.41,initial,clay,8.31,0
69.95,23.63,41.65,0,initial,loamy,0,0
39.51,24.36,81.88,4.07,late,clay,9.95,0
81.95,20.48,63.45,3.41,mid_season,loamy,8.3,0
22.5,22.48,38.3,4.98,late,sandy,12.7,0
68.84,27.02,62.95,3.13,development,clay,5.49,0
25.87,35.24,61.92,0,late,sandy,0,1
53.91,29.26,37.86,1.09,development,clay,9.76,0
32.54,21.24,70.74,2.81,mid_season,sandy,9.95,0
41.47,35.22,36.5,2.93,late,sandy,2.36,0
67.58,27.65,67.35,5.79,initial,clay,1.5,0
57.02,19.57,72.57,3.12,initial,sandy,0.71,0
56.66,34.15,57.71,3.65,development,clay,6.99,0
42.82,18.2,72.67,0,initial,clay,0,0
55.34,19.11,76.63,0,initial,loamy,0,0
47.81,25.4,54.19,3.09,mid_season,sandy,18.14,0
38.9,21.7,66.79,5.02,mid_season,sandy,17.58,0
42.21,35.92,49.01,1.28,development,loamy,14.43,0
56.36,24.58,68.04,3.3,development,clay,20.46,0
47.58,25.49,70.37,2.8,mid_season,loamy,22.6,0
45.94,29.15,68.08,4.21,development,clay,14.52,0
63.51,32.64,56.71,4.77,mid_season,loamy,6.93,0
56.03,29.91,74.36,0,initial,loamy,0,0
71.01,29.8,81.27,2.48,late,sandy,9.0,0
40.62,27.9,63.02,3.7,initial,clay,9.35,0
76.83,29.11,81.52,3.03,development,loamy,18.43,0
57.21,34.71,81.75,4.78,mid_season,loamy,7.8,0
73.23,20.12,55.16,3.03,late,clay,7.63,0
67.49,21.29,44.19,2.91,late,loamy,19.51,0
77.43,21.66,70.35,3.07,initial,clay,13.09,0
75.08,34.19,55.47,4.39,initial,loamy,19.39,0
78.65,22.61,44.03,3.59,mid_season,sandy,15.15,0
39.27,23.65,57.55,2.82,mid_season,sandy,5.99,0
66.73,35.14,73.65,0,development,loamy,0,0
58.64,31.02,66.62,4.45,development,loamy,8.78,0
52.11,29.39,64.97,5.85,initial,loamy,3.15,0
36.79,23.66,53.8,0,development,clay,0,1
46.77,23.92,69.25,4.58,mid_season,clay,0.82,0
68.98,19.04,62.36,3.26,initial,clay,10.99,0
57.31,18.27,68.64,3.95,mid_season,loamy,13.19,0
34.48,30.38,42.34,3.3,initial,sandy,2.1,0
54.59,26.34,77.0,0,initial,loamy,0,0
50.72,30.3,64.68,5.0,development,clay,5.84,0
37.01,20.26,36.76,4.31,initial,sandy,6.52,0
69.87,35.49,38.45,5.9,mid_season,loamy,12.92,0
60.14,29.91,69.5,3.42,late,sandy,11.5,0
67.95,19.98,77.98,5.55,development,clay,0.78,0
67.6,35.42,43.12,5.67,development,sandy,14.12,0
76.38,33.0,48.72,1.54,initial,clay,18.75,0
58.25,20.35,57.33,2.31,development,clay,3.7,0
78.8,34.56,60.72,0,development,clay,0,0
51.26,19.75,79.58,0.94,initial,sandy,3.93,0
63.84,35.61,68.62,0,mid_season,sandy,0,0
54.02,35.94,74.82,3.0,development,clay,7.94,0
63.71,31.91,68.7,0,initial,loamy,0,0
46.84,30.09,43.53,0,initial,loamy,0,0
69.13,22.13,56.23,4.78,mid_season,clay,6.05,0
26.8,30.93,60.31,4.56,initial,sandy,11.59,0
66.41,35.36,50.49,2.68,late,sandy,1.43,0
36.35,20.79,56.52,2.38,late,sandy,6.67,0
28.59,32.34,64.4,4.05,late,clay,16.64,0
57.69,26.32,67.07,4.12,mid_season,clay,9.91,0
60.69,33.57,52.87,3.69,mid_season,loamy,3.56,0
52.79,26.46,62.5,4.58,mid_season,sandy,4.08,0
66.32,31.08,67.42,3.82,late,sandy,2.17,0
84.28,22.94,82.56,4.33,initial,loamy,7.06,0
48.43,19.8,57.14,1.53,late,clay,4.72,0
49.54,24.59,76.02,4.71,development,sandy,14.01,0
50.76,29.38,77.77,0,initial,sandy,0,0
44.85,34.75,78.35,3.37,initial,clay,8.75,0
61.33,35.64,40.75,3.59,mid_season,sandy,12.4,0
40.06,28.57,50.61,2.88,mid_season,loamy,9.54,0
58.16,24.26,49.15,4.52,mid_season,sandy,2.95,0
95,24.39,41.25,5.12,late,loamy,4.84,0
63.47,31.68,72.6,0,initial,sandy,0,0
79.95,22.33,70.58,5.2,late,clay,17.35,0
45.21,30.55,65.36,0,initial,sandy,0,0
88.35,35.53,67.81,0,initial,loamy,0,0
40.71,27.31,75.36,3.97,development,sandy,1.69,0
75.39,24.95,72.73,3.34,mid_season,clay,21.52,0
27.18,18.71,38.34,5.42,development,loamy,12.25,0
48.41,28.31,71.74,2.39,mid_season,loamy,17.3,0
45.28,23.56,81.18,3.94,initial,loamy,0.75,0
48.9,33.85,47.44,5.5,development,loamy,13.19,0
45.73,23.13,59.6,3.62,mid_season,clay,10.68,0
64.19,19.17,45.86,3.13,initial,loamy,5.85,0
56.5,19.47,64.03,3.27,late,sandy,5.76,0
27.54,29.64,74.17,4.48,mid_season,clay,6.18,0
81.08,21.38,67.31,4.89,mid_season,loamy,9.0,0
56.24,29.57,84.89,0,initial,clay,0,0
51.48,24.43,44.32,3.61,development,clay,22.65,0
49.24,35.87,40.61,3.37,mid_season,clay,18.93,0
60.81,18.75,39.56,4.78,development,clay,6.64,0
65.24,34.66,80.01,3.8,mid_season,sandy,16.67,0
56.27,27.34,37.13,5.55,mid_season,loamy,16.4,0
59.42,30.34,64.46,3.4,development,sandy,7.49,0
68.43,26.27,74.8,3.2,mid_season,sandy,10.1,0
54.0,20.15,44.47,3.86,development,clay,14.42,0
72.32,31.51,38.91,2.67,development,sandy,16.44,0
49.35,21.18,37.18,3.58,initial,loamy,1.34,0
53.02,34.2,46.98,3.47,late,sandy,3.91,0
44.65,26.71,76.72,1.78,development,clay,13.14,0
54.86,18.55,47.69,4.54,mid_season,sandy,15.29,0
39.34,30.06,41.49,2.77,development,clay,8.7,0
49.81,28.61,78.64,4.75,initial,loamy,8.93,0
71.68,33.55,40.83,4.2,development,clay,15.95,0
26.63,19.22,43.97,0,mid_season,sandy,0,1
73.25,29.34,55.25,4.37,mid_season,clay,25.85,0
88.28,22.14,66.8,4.73,mid_season,sandy,5.8,0
11.98,30.2,60.81,3.52,late,loamy,7.71,0
87.75,18.69,38.57,1.59,initial,clay,0.34,0
33.46,33.87,37.26,7.2,initial,sandy,0.76,0
52.38,24.28,76.03,3.84,development,sandy,5.61,0
50.61,20.41,39.99,4.61,development,sandy,3.16,0
49.34,19.48,64.0,4.41,late,loamy,26.58,0
69.48,24.81,61.61,3.55,mid_season,sandy,11.45,0
52.31,35.61,66.27,3.62,initial,sandy,1.36,0
60.15,35.3,73.57,0,development,sandy,0,0
69.13,35.06,54.22,3.58,late,sandy,2.01,0
47.03,23.6,66.72,5.07,late,loamy,6.12,0
48.18,20.27,42.66,3.25,development,sandy,9.82,0
70.06,30.8,36.2,4.36,late,clay,3.9,0
40.72,19.67,44.96,3.85,development,sandy,11.27,0
44.89,28.13,48.16,0,late,clay,0,1
64.0,28.51,56.54,4.38,mid_season,loamy,28.27,0
65.63,21.5,53.42,6.19,development,clay,13.19,0
64.01,33.08,59.53,4.07,initial,loamy,11.55,0
57.23,18.53,51.3,2.42,development,clay,13.8,0
37.43,29.99,59.98,5.92,initial,loamy,0.11,0
51.24,28.13,58.2,2.8,late,clay,16.08,0
61.47,34.25,51.4,3.99,development,sandy,9.7,0
30.61,34.12,47.28,3.86,development,loamy,12.45,0
59.36,31.62,69.44,3.21,mid_season,loamy,21.44,0
59.65,20.78,64.5,3.78,mid_season,loamy,1.12,0
35.37,24.29,83.22,2.16,mid_season,clay,0.98,0
68.23,28.51,84.75,3.93,development,loamy,5.25,0
39.67,33.72,47.28,0,initial,clay,0,0
39.87,18.76,55.19,4.07,mid_season,sandy,2.72,0
60.97,28.46,63.67,0,development,sandy,0,0
59.5,21.24,58.11,1.82,mid_season,clay,4.98,0
42.76,25.39,46.87,0,late,clay,0,1
73.72,18.77,71.89,4.07,initial,clay,9.18,0
44.05,20.11,60.62,2.4,late,loamy,14.92,0
54.36,25.68,74.04,3.31,late,loamy,16.58,0
40.9,27.31,47.96,6.47,development,loamy,3.81,0
66.04,31.77,55.86,3.92,initial,sandy,11.77,0
71.44,28.42,67.39,2.44,late,sandy,9.08,0
32.9,35.39,83.12,4.97,late,loamy,8.87,0
33.77,18.39,44.51,5.26,initial,sandy,14.22,0
45.15,34.53,67.29,0,initial,sandy,0,0
62.98,33.8,66.09,4.84,development,sandy,12.98,0
58.37,26.98,72.49,0,development,sandy,0,1
62.11,31.2,52.04,4.5,initial,clay,10.14,0
57.91,33.62,43.16,4.87,development,sandy,3.89,0
76.03,26.74,63.97,4.81,development,sandy,12.88,0
45.43,35.14,77.94,5.48,mid_season,clay,19.99,0
53.91,29.18,72.34,4.77,late,sandy,8.04,0
69.74,29.75,84.49,3.03,late,loamy,10.48,0
51.42,29.98,77.49,0,development,sandy,0,1
64.42,25.88,84.01,3.84,late,loamy,22.3,0
71.65,29.72,73.84,0,development,sandy,0,0
55.38,28.6,36.42,3.85,mid_season,loamy,4.69,0
28.28,30.41,82.56,4.78,initial,sandy,1.26,0
41.07,18.91,48.51,5.1,late,loamy,7.69,0
39.54,27.16,62.68,2.19,mid_season,sandy,4.23,0
73.12,26.9,65.18,5.02,initial,clay,3.81,0
46.26,23.47,84.63,5.36,mid_season,sandy,6.35,0
76.31,33.11,61.84,2.75,initial,sandy,2.08,0
43.07,30.23,42.86,3.72,mid_season,clay,27.33,0
68.92,21.27,66.82,3.15,mid_season,clay,4.06,0
64.76,22.46,38.96,2.54,late,clay,22.06,0
52.25,30.12,48.94,0,development,clay,0,0
37.3,21.97,36.25,0,development,sandy,0,1
58.98,33.21,74.15,2.93,late,clay,4.75,0
64.68,29.38,71.79,3.33,development,loamy,1.02,0
90.09,22.25,50.78,1.94,late,sandy,9.85,0
94.57,26.13,64.33,3.18,development,clay,9.77,0
42.91,26.62,82.95,5.66,mid_season,loamy,6.18,0
64.43,33.45,42.63,3.24,development,loamy,14.28,0
58.55,22.45,45.37,1.98,initial,clay,4.25,0
48.11,22.43,47.84,2.73,late,sandy,10.06,0
60.07,21.06,68.13,3.56,late,loamy,5.52,0
44.96,28.48,67.2,5.85,late,clay,10.91,0
47.56,32.64,68.36,2.83,mid_season,clay,23.19,0
58.24,25.52,82.88,4.21,development,loamy,20.23,0
36.28,31.74,40.65,5.26,initial,sandy,2.62,0
39.17,30.01,83.97,3.47,mid_season,sandy,13.85,0
54.99,28.31,63.9,3.22,late,loamy,7.65,0
43.58,19.14,78.58,3.83,development,clay,6.39,0
47.61,29.68,75.25,4.62,mid_season,sandy,0.51,0
54.83,25.77,37.1,3.85,late,clay,10.08,0
56.49,30.44,60.1,5.97,development,sandy,5.73,0
63.42,25.22,44.22,4.65,late,loamy,6.27,0
48.32,25.13,71.44,4.66,late,loamy,13.66,0
5,30.24,41.49,2.87,late,loamy,13.58,0
15.3,23.12,35.44,4.28,late,clay,13.29,0
67.07,33.21,77.14,5.72,mid_season,sandy,14.48,0
34.79,27.89,67.37,0,initial,clay,0,0
56.71,34.9,62.93,3.93,mid_season,loamy,11.2,0
34.67,27.16,62.03,3.97,mid_season,loamy,10.45,0
56.51,30.46,42.45,3.32,initial,loamy,7.8,0
59.77,27.17,57.39,3.74,initial,loamy,0.97,0
79.24,20.16,66.33,4.37,mid_season,clay,17.06,0
54.12,23.05,57.82,3.17,mid_season,sandy,5.72,0
40.02,33.67,47.02,5.07,late,sandy,13.71,0
29.0,33.28,40.08,3.87,late,sandy,17.19,0
74.93,18.13,45.94,2.95,initial,loamy,6.29,0
78.77,18.12,53.55,0,development,sandy,0,0
34.11,19.75,36.86,3.78,mid_season,clay,8.23,0
61.12,28.1,44.72,5.74,initial,clay,13.46,0
51.22,19.05,44.16,4.19,development,clay,10.42,0
28.02,34.9,82.07,4.73,initial,loamy,10.69,0
42.79,27.59,78.96,2.97,late,sandy,9.02,0
85.09,35.51,48.75,0,development,sandy,0,0
54.47,34.82,52.65,0,initial,clay,0,0
51.53,34.49,67.29,6.44,development,clay,12.33,0
38.43,29.6,46.48,4.5,development,sandy,11.04,0
48.86,35.08,60.23,4.22,development,clay,3.17,0
55.7,33.55,52.02,3.06,late,sandy,0.18,0
16.64,20.57,41.41,3.65,mid_season,sandy,14.79,0
37.85,29.38,81.89,4.81,mid_season,sandy,3.88,0
50.54,35.11,59.0,4.23,initial,clay,14.53,0
42.78,19.27,47.73,3.08,development,sandy,10.23,0
51.51,21.31,59.01,4.55,initial,loamy,10.1,0
79.19,20.61,60.91,4.51,late,sandy,9.68,0
69.55,23.15,74.82,3.87,development,clay,2.3,0
69.86,23.54,52.99,3.88,initial,clay,7.59,0
31.54,32.11,84.36,0,development,sandy,0,1
53.63,19.89,72.6,5.07,mid_season,loamy,12.67,0
75.09,26.99,63.35,2.81,initial,sandy,14.91,0
26.65,29.59,51.7,3.54,development,sandy,24.28,0
67.75,25.51,62.59,0,initial,sandy,0,0
83.61,25.21,43.96,0,initial,loamy,0,0
60.32,19.44,60.01,5.42,mid_season,clay,9.21,0
54.26,32.5,70.26,3.43,mid_season,clay,7.34,0
59.48,19.0,65.85,3.43,mid_season,clay,16.77,0
61.31,20.23,81.17,3.02,development,clay,9.8,0
7.84,30.58,44.9,4.24,development,loamy,10.53,0
27.57,34.92,44.36,0,initial,sandy,0,1
76.37,18.77,83.73,5.44,development,clay,5.43,0
53.23,23.12,70.01,5.29,late,clay,15.0,0
23.33,21.74,40.5,3.81,late,loamy,9.18,0
26.13,18.34,60.73,5.25,development,sandy,5.93,0
84.68,24.69,47.82,3.54,initial,clay,3.81,0
46.48,21.06,67.5,4.82,development,loamy,11.41,0
55.53,28.5,64.52,3.85,mid_season,loamy,14.7,0
62.59,22.13,83.64,2.85,mid_season,sandy,11.62,0
59.38,35.63,44.44,5.32,initial,sandy,11.56,0
73.2,29.58,68.66,6.02,development,sandy,19.99,0
55.09,30.24,70.18,2.87,development,clay,13.74,0
45.02,26.11,42.67,4.3,initial,loamy,1.01,0
93.42,26.26,69.89,4.01,mid_season,clay,12.58,0
40.69,32.31,52.91,2.27,development,sandy,14.47,0
79.11,26.05,62.62,4.9,mid_season,sandy,10.46,0
25.41,25.15,58.42,4.77,initial,clay,8.6,0
61.34,23.98,65.45,3.03,late,loamy,7.22,0
35.3,27.7,60.01,4.07,initial,clay,25.83,0
65.97,31.46,38.08,3.51,mid_season,sandy,10.85,0
57.25,23.97,58.32,3.78,mid_season,clay,13.34,0
50.73,28.4,71.55,4.7,initial,loamy,8.22,0
92.68,32.05,65.93,3.63,late,sandy,16.21,0
95,24.98,50.25,3.65,late,loamy,21.03,0
54.54,26.26,77.39,5.75,development,loamy,3.16,0
36.16,24.0,35.56,3.7,mid_season,loamy,10.29,0
58.12,33.15,47.25,2.78,late,sandy,3.86,0
61.45,30.86,42.02,3.76,late,clay,14.43,0
59.62,24.58,70.62,4.62,initial,clay,9.36,0
86.67,29.7,67.48,0,late,loamy,0,0
76.43,22.87,48.86,4.59,mid_season,sandy,4.53,0
69.27,29.08,52.21,4.8,development,sandy,9.13,0
57.14,24.12,81.06,5.17,late,clay,8.98,0
62.88,18.15,46.84,4.0,mid_season,sandy,5.79,0
76.52,21.14,70.63,4.11,late,clay,12.88,0
44.15,20.08,35.02,6.03,late,loamy,12.21,0
53.23,20.43,72.94,3.43,late,sandy,5.33,0
35.48,28.94,51.86,4.61,development,loamy,1.13,0
79.25,20.49,81.94,0,initial,sandy,0,0
67.07,18.89,48.54,3.69,development,sandy,13.76,0
50.18,34.59,84.69,3.02,mid_season,loamy,4.38,0
55.86,21.73,55.6,2.53,mid_season,sandy,1.73,0
32.14,18.13,70.36,3.79,late,clay,2.48,0
73.4,27.18,77.31,0,mid_season,loamy,0,0
62.36,23.93,52.72,4.18,development,loamy,3.63,0
37.04,27.78,69.89,0,mid_season,sandy,0,1
67.33,34.36,54.01,5.07,mid_season,sandy,8.76,0
66.68,30.47,40.85,4.75,initial,loamy,3.11,0
72.66,18.88,82.2,5.8,initial,clay,20.81,0
46.1,35.49,84.79,4.95,late,sandy,10.57,0
77.55,23.95,57.75,5.15,late,loamy,5.89,0
40.47,25.79,49.98,4.9,late,loamy,17.18,0
38.03,18.34,73.68,3.2,development,sandy,21.26,0
70.33,27.83,46.25,5.47,late,sandy,5.41,0
79.36,19.09,78.07,4.22,development,loamy,1.4,0
56.58,29.16,37.07,5.03,initial,clay,4.23,0
43.08,31.83,53.76,4.49,development,loamy,8.9,0
54.31,29.38,49.61,4.08,late,clay,12.87,0
80.5,30.08,52.68,3.9,initial,clay,0.99,0
46.13,19.81,35.41,3.36,mid_season,sandy,16.68,0
66.07,30.67,64.14,5.35,mid_season,sandy,21.92,0
75.54,24.39,53.91,3.22,initial,sandy,9.2,0
44.45,27.16,83.95,3.06,development,sandy,11.74,0
46.75,19.86,39.37,3.19,late,sandy,2.82,0
93.74,28.24,40.84,4.24,initial,clay,7.51,0
44.79,22.99,43.52,4.53,initial,sandy,6.66,0
39.23,22.16,53.58,5.19,mid_season,sandy,19.22,0
91.22,31.39,40.01,3.16,late,loamy,8.91,0
63.34,30.26,35.11,3.83,development,sandy,14.07,0
53.04,27.94,35.84,4.37,development,clay,3.13,0
43.95,23.17,81.54,0,development,sandy,0,1
87.81,30.41,73.22,4.26,mid_season,sandy,6.98,0
39.92,35.92,48.4,4.92,initial,clay,7.79,0
76.54,24.97,66.44,5.78,late,loamy,11.14,0
79.86,30.7,48.59,5.28,mid_season,sandy,16.02,0
48.95,26.09,53.28,4.49,mid_season,sandy,10.52,0
60.38,32.36,70.48,2.56,mid_season,loamy,9.96,0
38.62,18.67,77.81,2.96,mid_season,clay,22.97,0
54.72,21.45,62.12,4.39,initial,loamy,10.43,0
68.97,24.59,82.15,6.29,development,loamy,15.5,0
66.06,20.35,50.38,3.0,initial,loamy,5.63,0
38.07,23.26,49.16,3.43,mid_season,clay,2.36,0
46.89,26.13,72.13,4.13,mid_season,clay,14.44,0
80.25,30.77,55.09,4.58,development,clay,8.51,0
58.02,21.9,59.18,4.86,mid_season,sandy,13.3,0
43.61,20.67,46.31,3.89,initial,sandy,10.35,0
17.0,23.98,35.85,3.67,initial,sandy,2.47,0
45.56,23.45,69.54,3.03,late,loamy,16.42,0
57.67,32.96,52.47,3.73,development,clay,7.11,0
56.58,32.04,84.53,5.14,initial,loamy,9.37,0
52.44,20.91,84.02,3.02,mid_season,sandy,19.27,0
62.16,26.92,64.31,3.97,development,sandy,6.77,0
35.57,23.12,79.66,2.76,initial,clay,14.82,0
66.94,32.65,50.42,0,development,clay,0,0
48.73,31.12,53.08,0,initial,loamy,0,0
29.83,19.82,54.59,2.22,initial,clay,7.56,0
74.87,34.68,64.58,3.03,late,loamy,6.88,0
42.17,27.85,84.39,3.15,mid_season,loamy,3.69,0
60.13,23.72,73.32,3.15,mid_season,clay,21.11,0
66.52,34.68,37.84,4.07,mid_season,loamy,1.89,0
48.55,26.11,61.7,5.43,mid_season,loamy,8.82,0
37.26,26.86,53.52,2.61,development,loamy,13.23,0
67.74,31.98,80.08,2.42,late,clay,12.28,0
23.1,28.4,37.84,6.54,mid_season,loamy,8.86,0
55.06,35.15,57.49,3.71,development,loamy,20.44,0
61.82,23.07,75.23,6.44,mid_season,clay,12.31,0
91.17,23.65,54.02,4.27,late,sandy,2.39,0
38.45,19.59,37.61,0,late,sandy,0,1
32.4,27.85,39.3,2.29,initial,sandy,7.19,0
52.15,22.86,58.99,3.35,development,loamy,9.3,0
73.07,25.53,43.7,0,initial,sandy,0,0
24.36,32.07,61.17,2.14,mid_season,sandy,4.03,0
74.11,24.4,57.81,4.36,mid_season,loamy,8.09,0
31.57,32.51,76.12,0,late,loamy,0,1
47.91,28.15,53.78,3.92,mid_season,sandy,14.09,0
37.5,24.72,67.8,3.17,mid_season,sandy,6.65,0
78.54,20.25,80.99,1.71,development,loamy,20.02,0
55.99,28.3,69.87,2.81,late,sandy,0.71,0
41.15,30.48,49.47,0,late,sandy,0,1
58.72,32.3,66.42,3.79,mid_season,clay,9.01,0
62.43,25.8,35.32,4.49,development,clay,2.79,0
22.85,20.05,75.9,4.02,initial,loamy,0.16,0
62.9,20.3,37.91,4.73,initial,clay,14.12,0
42.77,18.49,37.65,2.48,development,loamy,18.99,0
72.97,19.79,50.87,4.52,mid_season,loamy,16.37,0
68.41,27.89,36.37,4.65,mid_season,sandy,21.75,0
47.5,19.96,75.64,3.43,initial,sandy,16.67,0
27.21,28.52,50.04,6.59,development,clay,5.97,0
90.44,25.55,54.29,3.46,initial,clay,5.81,0
58.49,23.48,36.74,4.4,development,sandy,1.93,0
78.15,19.27,44.13,5.02,initial,clay,3.38,0
71.07,33.31,77.19,3.71,development,clay,16.73,0
35.41,35.49,39.6,3.04,late,loamy,14.24,0
37.28,23.08,67.93,3.99,mid_season,loamy,14.57,0
19.48,35.8,84.39,0,initial,clay,0,0
45.65,24.24,62.79,0,initial,loamy,0,0
48.03,29.19,41.1,3.1,development,clay,8.91,0
67.06,30.48,51.48,4.35,development,loamy,4.51,0
68.8,29.66,63.35,0,mid_season,loamy,0,0
42.44,33.18,74.34,4.72,mid_season,sandy,19.45,0
43.74,21.05,43.81,4.24,late,clay,14.45,0
70.7,20.64,47.14,5.22,late,sandy,3.67,0
61.91,26.49,36.27,2.87,development,loamy,4.84,0
64.95,20.49,51.82,3.8,initial,loamy,14.95,0
42.5,25.29,81.51,4.23,initial,clay,10.46,0
78.08,34.07,49.38,2.67,initial,clay,13.76,0
59.54,19.25,80.16,5.21,mid_season,sandy,6.49,0
86.2,33.28,42.45,5.09,development,clay,12.11,0
62.14,27.62,49.15,3.88,initial,clay,10.4,0
45.01,27.24,75.94,5.32,late,loamy,3.07,0
80.35,21.56,64.32,2.73,late,sandy,9.2,0
38.69,35.46,69.82,3.76,late,clay,6.2,0
60.83,18.77,36.18,3.63,mid_season,clay,5.78,0
51.54,35.92,35.4,3.45,initial,loamy,6.57,0
45.66,26.5,67.86,0,initial,sandy,0,0
41.17,35.58,41.54,3.38,initial,sandy,13.57,0
52.85,19.42,82.47,4.28,late,sandy,12.66,0
42.18,18.81,53.25,4.22,mid_season,sandy,16.79,0
77.82,22.74,65.52,0,development,sandy,0,0
63.77,31.03,66.1,3.6,initial,loamy,14.1,0
16.37,26.98,44.94,5.28,mid_season,clay,18.65,0
67.81,35.7,42.25,3.55,initial,loamy,3.55,0
54.9,25.51,63.21,3.83,mid_season,sandy,5.54,0
53.26,35.27,47.04,4.23,late,loamy,6.82,0
49.06,18.92,48.04,4.32,late,loamy,5.06,0
38.97,19.19,37.4,5.59,initial,loamy,3.53,0
11.07,29.58,47.29,3.68,mid_season,sandy,2.98,0
29.49,25.74,40.63,2.02,late,loamy,14.34,0
61.73,30.46,39.19,3.65,development,clay,3.08,0
61.58,33.15,47.25,5.39,mid_season,sandy,5.48,0
64.46,31.68,50.46,4.49,development,clay,13.17,0
73.7,27.6,50.63,6.85,mid_season,sandy,12.06,0
46.06,22.49,80.46,3.84,initial,loamy,16.69,0
69.13,32.36,79.16,2.05,late,sandy,11.23,0
7.26,25.1,63.27,4.68,late,loamy,7.65,0
84.44,26.46,45.18,5.45,late,clay,21.75,0
67.18,25.16,44.41,0,initial,loamy,0,0
80.42,24.48,80.48,5.31,mid_season,clay,16.07,0
65.26,18.3,47.16,0,development,clay,0,0
48.46,30.62,66.24,0,initial,loamy,0,0
35.85,30.27,78.23,4.39,late,loamy,6.45,0
55.93,33.98,58.35,4.1,late,clay,5.59,0
60.77,30.48,58.13,3.9,late,sandy,7.01,0
46.9,31.97,54.54,2.78,initial,loamy,2.3,0
68.43,21.07,77.79,1.79,development,loamy,8.37,0
63.22,19.06,68.99,0,development,loamy,0,0
56.49,20.14,70.01,4.3,late,sandy,2.37,0
86.12,33.85,81.31,0,initial,clay,0,0
47.94,25.51,83.37,4.34,development,loamy,6.97,0
40.85,31.48,45.72,3.39,development,clay,6.07,0
62.24,19.42,67.41,5.25,late,clay,5.83,0
67.81,24.83,83.49,5.32,mid_season,sandy,11.97,0
62.02,28.44,35.39,4.08,development,sandy,4.55,0
72.73,24.19,57.02,4.97,initial,loamy,4.3,0
84.32,20.51,66.4,3.83,mid_season,loamy,15.64,0
75.39,23.77,57.56,5.7,development,clay,15.96,0
71.96,32.64,63.5,2.8,mid_season,sandy,2.42,0
48.74,23.87,36.38,0,initial,loamy,0,0
32.23,35.42,36.87,4.1,development,sandy,9.76,0
28.98,27.17,75.39,5.0,late,loamy,7.45,0
46.91,29.82,60.88,4.99,late,sandy,7.62,0
31.83,28.22,84.62,3.92,development,loamy,3.26,0
71.41,23.78,54.43,6.05,mid_season,loamy,9.51,0
42.6,28.17,46.29,3.52,late,loamy,9.86,0
49.57,35.21,69.12,4.6,initial,clay,8.97,0
30.55,19.77,55.58,3.65,development,loamy,13.98,0
59.51,30.46,70.16,3.5,late,clay,5.69,0
41.76,33.41,58.5,3.54,development,sandy,10.77,0
53.17,35.42,66.59,3.73,development,sandy,0.31,0
45.08,18.36,38.2,4.57,development,loamy,21.12,0
77.55,19.79,82.42,5.53,development,sandy,3.02,0
68.61,31.33,70.25,3.01,late,loamy,1.79,0
30.98,34.74,37.63,0,initial,clay,0,1
48.35,27.57,57.34,5.31,development,loamy,4.01,0
78.93,19.42,74.54,2.65,late,clay,8.8,0
39.14,32.02,65.1,3.18,development,clay,4.39,0
27.59,18.55,45.44,3.8,mid_season,clay,15.25,0
60.24,21.26,48.61,3.35,mid_season,sandy,19.56,0
52.96,21.09,68.84,5.45,initial,loamy,0.63,0
33.96,34.25,44.99,3.89,development,clay,4.02,0
41.46,30.27,70.0,2.83,initial,sandy,4.38,0
53.74,23.34,75.65,5.1,development,sandy,16.07,0
69.65,20.02,51.76,3.84,mid_season,sandy,15.75,0
62.89,18.18,82.37,2.73,mid_season,loamy,13.63,0
72.19,35.94,65.9,4.93,initial,loamy,1.88,0
53.2,29.59,35.79,4.66,mid_season,loamy,23.33,0
49.47,26.44,80.76,4.13,mid_season,sandy,6.75,0
85.95,24.5,82.41,5.64,development,sandy,1.84,0
45.58,18.77,76.22,3.46,initial,sandy,3.68,0
60.75,33.35,52.37,6.23,development,sandy,8.75,0
52.46,28.02,46.3,2.92,mid_season,clay,11.98,0
58.46,34.69,57.39,5.52,development,sandy,9.02,0
31.88,30.63,51.84,3.17,development,clay,13.04,0
64.08,19.38,37.01,3.12,development,loamy,14.72,0
58.99,31.81,37.85,4.1,development,clay,4.63,0
46.49,31.14,79.7,0,development,sandy,0,1
22.6,22.2,40.89,3.92,development,loamy,11.2,0
52.59,18.35,67.18,4.22,initial,loamy,21.22,0
61.58,35.65,69.16,5.31,late,clay,11.0,0
74.92,30.1,76.47,2.97,initial,clay,9.25,0
66.11,28.86,62.34,5.41,development,clay,10.83,0
84.55,34.55,41.39,0,initial,sandy,0,0
72.68,27.62,36.94,3.58,mid_season,loamy,10.42,0
44.96,30.88,62.82,6.59,initial,clay,7.99,0
61.24,34.09,72.49,4.0,development,loamy,3.14,0
35.5,33.94,66.13,1.35,late,clay,7.22,0
19.47,24.46,70.72,4.22,late,loamy,14.46,0
56.79,26.12,54.76,3.47,late,sandy,11.64,0
48.57,33.09,45.38,3.02,mid_season,sandy,15.42,0
77.79,19.88,47.02,6.16,mid_season,sandy,17.04,0
70.81,24.19,84.9,3.56,mid_season,loamy,9.75,0
72.64,27.86,84.49,0,late,sandy,0,0
64.81,21.28,60.78,2.49,development,loamy,3.64,0
91.96,26.53,80.41,0,initial,loamy,0,0
64.41,28.14,68.74,3.2,development,sandy,1.81,0
82.82,28.94,62.16,4.41,late,sandy,0.65,0
72.98,24.81,64.38,2.99,mid_season,sandy,15.73,0
54.06,25.1,46.84,3.73,late,loamy,3.66,0
49.46,33.33,61.74,5.9,late,loamy,19.11,0
36.52,23.59,48.03,4.25,late,clay,20.8,0
58.94,19.05,74.46,2.01,initial,sandy,9.63,0
34.71,31.76,69.35,4.5,initial,loamy,13.17,0
18.53,32.58,51.52,3.94,initial,loamy,4.03,0
89.73,27.5,50.56,5.18,mid_season,loamy,15.24,0
71.98,34.36,49.16,4.86,late,sandy,16.87,0
95,21.13,64.85,0,development,loamy,0,0
29.11,32.29,61.94,4.41,mid_season,clay,13.31,0
59.62,28.11,71.13,0,initial,clay,0,0
19.17,34.54,37.59,2.78,mid_season,loamy,13.08,0
75.09,23.63,46.79,4.13,mid_season,clay,12.72,0
78.41,20.57,48.34,4.16,development,clay,19.78,0
25.39,34.31,60.07,3.52,development,clay,17.08,0
25.61,25.04,67.27,3.06,development,clay,11.28,0
43.53,21.62,71.22,3.64,mid_season,loamy,16.75,0
68.79,27.89,51.02,0,development,sandy,0,0
9.13,26.32,83.07,3.1,late,sandy,9.52,0
29.44,27.57,53.81,3.94,initial,loamy,0.33,0
50.07,32.27,47.05,0,initial,loamy,0,0
53.39,35.34,54.39,0,initial,sandy,0,0
41.19,30.71,72.58,4.55,mid_season,sandy,18.44,0
55.02,32.95,62.55,2.09,late,clay,22.31,0
31.48,26.72,77.67,4.17,initial,clay,14.77,0
67.05,31.77,72.16,4.24,initial,clay,4.81,0
30.53,24.52,70.54,3.94,mid_season,loamy,20.69,0
33.66,22.81,70.31,0,development,clay,0,1
78.85,33.07,54.42,4.68,mid_season,sandy,18.1,0
56.8,33.65,70.6,2.99,initial,loamy,7.16,0
49.5,25.53,57.95,3.37,initial,loamy,20.72,0
51.7,30.29,46.28,2.95,development,loamy,14.03,0
69.48,27.32,36.14,6.04,initial,loamy,1.47,0
73.96,20.64,38.05,5.12,development,clay,10.85,0
39.84,27.16,82.63,5.38,development,loamy,20.92,0
42.39,25.8,37.46,3.03,initial,sandy,0.41,0
47.85,35.15,84.14,4.92,initial,sandy,14.24,0
40.39,18.78,73.29,4.75,mid_season,loamy,13.22,0
37.63,28.33,41.62,3.69,late,loamy,6.68,0
84.29,32.18,68.24,2.97,development,loamy,3.47,0
16.85,29.62,49.62,3.72,mid_season,loamy,10.58,0
63.69,22.14,80.68,5.13,late,loamy,1.17,0
80.75,25.39,39.18,5.28,initial,loamy,13.38,0
38.14,35.88,69.86,0,late,sandy,0,1
32.85,26.23,81.9,5.25,late,loamy,8.87,0
42.59,28.44,63.96,3.37,mid_season,clay,16.52,0
28.15,34.02,35.51,1.7,development,loamy,1.36,0
49.88,34.48,69.37,3.65,mid_season,loamy,15.48,0
72.31,34.21,51.5,3.93,mid_season,sandy,10.43,0
69.94,25.88,64.06,4.23,mid_season,clay,11.3,0
63.97,27.6,74.56,3.69,late,loamy,15.95,0
53.9,29.08,57.78,2.92,mid_season,clay,2.85,0
55.0,29.93,49.86,4.44,initial,clay,16.74,0
54.17,24.89,56.55,4.15,late,loamy,9.61,0
51.62,33.3,64.69,0,initial,loamy,0,0
56.72,29.21,62.55,4.4,mid_season,sandy,13.51,0
64.71,35.5,38.43,5.87,late,sandy,6.04,0
54.87,20.68,81.54,0,initial,sandy,0,0
67.04,32.83,56.86,0,late,sandy,0,0
33.9,35.31,47.24,3.76,late,sandy,7.62,0
30.94,26.08,57.29,4.91,initial,loamy,9.19,0
64.34,24.58,43.0,4.04,mid_season,loamy,23.88,0
42.5,25.38,55.35,3.77,late,sandy,2.36,0
45.86,31.67,66.01,0,initial,clay,0,0
45.39,28.91,80.72,3.41,initial,sandy,2.56,0
61.21,26.28,62.02,4.81,development,clay,16.34,0
64.23,27.59,72.68,2.51,development,loamy,0.56,0
63.27,32.28,39.09,0,development,clay,0,0
91.48,19.1,53.68,1.95,late,clay,21.73,0
19.7,32.33,43.31,3.68,development,sandy,7.27,0
63.94,29.03,62.2,4.64,late,clay,5.38,0
25.03,30.13,78.37,1.34,development,clay,0.22,0
65.96,34.85,35.68,0,initial,clay,0,0
77.91,32.6,73.98,3.68,development,sandy,11.01,0
51.39,27.71,62.87,4.83,development,loamy,8.31,0
65.95,21.94,43.01,4.02,development,loamy,4.87,0
32.18,18.87,62.8,5.23,initial,sandy,3.64,0
43.94,25.2,69.08,3.46,late,sandy,13.03,0
32.06,21.08,40.94,3.2,mid_season,sandy,10.82,0
50.88,34.72,69.41,4.75,mid_season,loamy,21.9,0
57.28,24.89,74.02,3.94,late,loamy,28.93,0
72.66,26.96,84.3,3.27,mid_season,loamy,18.77,0
71.32,21.72,35.94,4.56,development,clay,15.0,0
43.01,29.58,57.62,3.17,initial,sandy,11.33,0
66.53,22.08,81.78,5.0,initial,clay,6.31,0
56.1,23.52,65.56,4.75,mid_season,loamy,9.26,0
47.97,20.61,38.63,4.57,late,sandy,15.05,0
49.89,31.71,68.26,3.54,development,clay,8.07,0
55.43,35.5,63.29,4.84,mid_season,sandy,9.99,0
32.54,32.86,44.41,0,initial,loamy,0,0
86.65,24.26,41.33,0,development,sandy,0,0
74.9,19.5,55.57,4.4,development,sandy,25.95,0
41.2,21.19,60.13,3.59,initial,sandy,11.21,0
46.48,34.93,51.61,3.92,late,sandy,14.05,0
55.06,31.7,41.37,3.24,late,loamy,17.55,0
75.26,31.93,84.18,5.11,development,sandy,4.43,0
44.16,31.57,70.8,0,initial,clay,0,0
89.43,25.8,52.78,5.29,mid_season,clay,19.48,0
70.05,18.76,48.19,2.88,late,sandy,11.37,0
60.02,31.37,67.63,4.61,initial,clay,1.98,0
39.37,23.28,47.95,0,initial,sandy,0,0
39.16,35.42,40.3,4.65,late,loamy,11.9,0
63.26,18.23,46.31,3.81,late,loamy,10.17,0
93.65,35.13,42.83,3.68,mid_season,clay,0.69,0
34.92,29.63,81.88,3.29,development,clay,8.88,0
53.06,19.27,68.63,0,initial,loamy,0,0
16.74,28.2,37.73,3.0,development,sandy,8.95,0
65.8,28.36,66.11,4.73,development,clay,6.03,0
46.49,24.52,42.53,4.32,mid_season,clay,13.63,0
66.24,18.99,64.48,0,initial,clay,0,0
42.68,23.55,44.23,4.13,mid_season,sandy,2.7,0
69.41,20.27,77.53,5.9,development,sandy,3.02,0
40.6,19.85,58.12,0,late,clay,0,1
5.2,32.91,39.81,4.71,development,sandy,2.01,0
38.54,26.39,59.07,5.61,mid_season,loamy,14.98,0
61.1,24.35,71.11,4.4,development,loamy,6.94,0
47.97,22.38,60.76,3.36,mid_season,sandy,20.76,0
49.61,20.29,55.8,4.0,late,loamy,6.66,0
56.18,31.71,39.81,4.68,late,clay,15.48,0
5,32.78,48.76,3.88,initial,clay,9.18,0
61.26,24.02,40.76,5.57,late,sandy,12.57,0
68.12,23.94,42.04,3.69,initial,clay,4.54,0
82.22,27.45,36.11,4.36,late,sandy,7.61,0
76.86,18.33,48.28,4.39,late,sandy,3.59,0
79.21,26.64,60.72,4.45,initial,loamy,10.6,0
36.96,21.52,76.64,2.95,mid_season,clay,5.22,0
68.24,18.46,63.37,4.0,mid_season,sandy,16.83,0
64.84,34.85,80.9,0,initial,clay,0,0
61.81,32.93,42.88,4.39,late,sandy,3.38,0
50.54,19.86,68.86,0,mid_season,loamy,0,1
85.62,27.29,66.53,6.24,development,clay,4.96,0
36.18,21.5,64.19,2.79,development,loamy,0.36,0
95,18.84,39.8,3.35,initial,sandy,24.13,0
95,28.61,67.65,2.3,late,loamy,22.44,0
29.22,18.27,47.84,3.14,development,loamy,13.64,0
61.71,31.19,41.83,1.55,initial,clay,19.25,0
55.25,31.49,75.28,5.01,development,sandy,13.81,0
52.19,28.81,83.13,3.66,initial,loamy,2.76,0
75.06,26.2,66.85,3.36,initial,clay,6.76,0
50.24,19.31,53.03,4.23,mid_season,sandy,14.7,0
73.55,28.51,66.96,4.44,development,loamy,1.19,0
61.06,25.38,45.49,5.01,mid_season,sandy,12.64,0
64.21,27.78,49.4,0,development,sandy,0,0
37.11,26.89,68.16,5.53,mid_season,clay,16.47,0
33.31,24.67,39.3,4.43,mid_season,sandy,4.77,0
70.06,20.27,51.47,0,development,sandy,0,0
63.28,27.11,55.4,5.72,mid_season,sandy,4.74,0
59.06,22.47,41.4,0,mid_season,loamy,0,0
36.85,24.35,40.67,5.42,late,clay,3.05,0
26.37,31.15,38.84,3.7,initial,loamy,7.89,0
58.74,32.71,38.57,3.36,development,sandy,21.43,0
53.75,31.5,52.83,0,initial,clay,0,0
43.34,32.39,70.49,0,development,loamy,0,1
80.02,28.66,75.35,2.36,mid_season,clay,13.84,0
49.02,19.31,35.19,0,development,clay,0,0
57.43,18.44,83.51,2.8,initial,clay,4.47,0
29.67,26.09,78.69,5.94,development,clay,6.74,0
56.62,29.8,38.39,0,development,loamy,0,0
95,18.27,55.04,4.96,late,loamy,6.15,0
31.51,31.06,83.9,4.22,mid_season,sandy,15.25,0
89.26,32.95,35.53,2.83,late,clay,14.05,0
47.93,29.82,47.1,4.02,mid_season,clay,12.63,0
41.72,20.1,50.88,0,late,clay,0,1
65.07,22.71,44.74,0,initial,clay,0,0
51.8,35.88,50.79,2.18,late,sandy,0.37,0
80.6,20.39,54.48,3.94,development,clay,2.0,0
79.34,34.78,52.43,3.89,initial,loamy,13.77,0
95,35.92,73.19,6.31,development,clay,15.42,0
42.27,20.33,79.01,4.34,initial,clay,2.55,0
7.08,18.06,82.17,3.46,mid_season,loamy,3.63,0
56.33,28.2,37.82,5.34,mid_season,loamy,13.15,0
51.66,24.83,41.05,3.67,late,sandy,6.69,0
58.16,20.99,69.48,0,initial,loamy,0,0
68.39,28.37,55.84,0.86,late,clay,2.12,0
40.77,34.61,56.92,5.68,late,sandy,10.61,0
26.63,33.23,75.15,3.22,development,clay,8.25,0
50.31,34.59,80.6,4.62,initial,loamy,0.59,0
46.63,30.26,81.3,3.3,initial,loamy,13.37,0
38.26,20.9,70.96,4.91,initial,sandy,3.31,0
54.98,30.0,57.34,3.93,initial,sandy,4.14,0
68.24,33.74,72.67,0,mid_season,loamy,0,0
32.5,23.29,80.11,2.79,development,loamy,12.19,0
46.84,30.98,35.0,0,initial,sandy,0,0
73.75,32.14,42.75,3.68,initial,loamy,1.75,0
90.73,21.37,81.84,3.65,late,loamy,6.99,0
84.85,18.39,76.08,4.29,development,loamy,10.8,0
55.51,32.67,39.23,2.51,late,sandy,11.1,0
62.69,28.36,73.8,3.51,late,clay,9.66,0
43.12,27.54,36.47,0,initial,clay,0,0
75.79,32.5,45.55,4.12,late,sandy,12.78,0
52.77,20.63,81.3,3.47,initial,loamy,11.17,0
28.41,30.59,82.01,3.17,mid_season,loamy,20.26,0
38.79,19.2,40.26,3.31,development,sandy,2.73,0
42.65,28.55,60.7,0,development,loamy,0,1
95,34.24,78.96,0,development,loamy,0,0
50.46,31.23,60.15,3.88,development,loamy,15.14,0
59.74,35.6,52.9,4.23,initial,clay,15.1,0
71.39,34.99,57.57,3.54,mid_season,loamy,2.16,0
60.21,22.23,80.89,3.24,late,clay,10.08,0
58.2,31.99,65.73,4.2,initial,sandy,10.25,0
36.96,27.87,77.15,4.72,mid_season,loamy,17.6,0
62.16,21.76,71.78,4.27,development,loamy,13.69,0
36.68,26.57,38.27,3.89,initial,sandy,12.51,0
45.98,30.78,59.11,3.4,late,sandy,0.79,0
60.46,19.4,60.11,5.63,development,clay,14.14,0
46.61,20.74,82.52,4.53,initial,sandy,4.28,0
71.39,20.95,53.09,2.52,mid_season,loamy,26.33,0
53.12,20.82,56.32,0,initial,loamy,0,0
74.33,20.11,48.67,2.49,mid_season,loamy,18.24,0
63.22,23.17,63.43,3.47,mid_season,sandy,13.65,0
63.0,25.15,81.59,3.47,initial,sandy,8.59,0
61.56,22.47,53.62,2.26,late,loamy,5.82,0
19.34,21.52,76.55,1.98,development,loamy,9.49,0
69.86,24.6,58.85,5.14,development,sandy,3.04,0
29.02,24.7,77.23,4.33,initial,clay,8.29,0
61.18,20.86,66.7,5.6,mid_season,loamy,15.51,0
50.34,21.77,38.51,2.87,initial,sandy,20.4,0
42.97,28.4,65.58,3.07,mid_season,clay,12.42,0
70.66,21.84,69.39,2.87,initial,loamy,9.88,0
66.56,34.41,59.67,3.44,development,loamy,1.93,0
42.18,30.31,47.91,5.32,initial,sandy,5.7,0
54.74,20.93,84.23,5.4,late,loamy,6.29,0
68.68,18.32,81.92,4.17,late,loamy,8.32,0
95,34.97,64.91,0,development,loamy,0,0
11.23,26.06,83.28,0,development,sandy,0,1
77.55,20.0,62.78,4.94,initial,clay,13.12,0
46.88,33.29,41.24,0,late,sandy,0,1
72.59,30.95,73.74,3.41,mid_season,clay,9.71,0
67.5,33.22,59.67,6.58,mid_season,sandy,1.28,0
45.43,24.41,61.54,3.68,mid_season,sandy,3.38,0
70.64,35.35,36.29,4.76,development,sandy,7.79,0
48.64,26.81,66.91,2.62,mid_season,loamy,18.3,0
61.54,18.77,48.97,4.91,late,loamy,8.25,0
43.9,22.81,72.72,4.79,initial,clay,1.98,0
44.31,33.05,55.7,3.76,development,loamy,14.77,0
51.83,32.81,83.87,4.99,late,clay,5.57,0
32.78,18.88,43.6,1.44,initial,sandy,0.44,0
30.41,24.72,83.68,4.0,late,clay,4.03,0
49.35,22.06,70.73,2.55,initial,clay,1.76,0
72.65,27.82,76.05,0,late,sandy,0,0
72.76,18.46,70.21,0,late,sandy,0,0
84.78,24.75,69.37,4.59,initial,sandy,7.86,0
75.7,30.02,64.2,1.8,late,sandy,7.51,0
73.78,30.7,46.72,4.05,development,clay,8.19,0
80.55,28.53,45.44,4.52,initial,clay,8.23,0
78.79,24.16,49.25,0,mid_season,clay,0,0
36.16,29.07,82.97,3.1,initial,sandy,4.8,0
54.55,34.1,38.72,5.04,late,clay,14.19,0
62.23,22.36,82.2,2.06,mid_season,clay,9.21,0
57.59,31.36,59.59,4.66,mid_season,clay,7.57,0
91.5,35.86,54.9,1.96,initial,loamy,0.18,0
68.57,30.96,48.7,0,initial,loamy,0,0
44.0,22.69,35.33,0,development,loamy,0,1
66.23,29.98,64.56,4.65,late,sandy,15.21,0
61.15,27.9,58.01,3.21,mid_season,loamy,11.98,0
73.32,34.2,82.95,1.57,initial,clay,6.11,0
54.57,20.13,37.58,4.7,mid_season,loamy,4.87,0
57.03,33.7,71.94,0,initial,loamy,0,0
74.13,28.26,50.57,3.2,initial,loamy,7.28,0
75.69,35.61,80.88,3.02,initial,loamy,6.14,0
51.16,18.96,82.56,2.78,mid_season,loamy,2.69,0
73.55,19.03,44.5,2.98,mid_season,clay,19.02,0
59.54,25.65,73.54,4.42,mid_season,loamy,11.24,0
45.39,25.42,50.41,4.59,late,loamy,4.25,0
39.21,32.85,43.65,4.57,initial,clay,14.56,0
67.46,30.32,37.39,3.38,initial,clay,6.48,0
47.15,25.43,56.58,5.22,initial,clay,2.21,0
78.2,35.04,61.68,5.34,late,clay,7.2,0
45.37,31.32,36.7,4.43,initial,clay,7.83,0
59.48,22.73,51.1,3.34,initial,clay,3.12,0
64.43,35.27,56.83,4.11,development,clay,2.63,0
79.52,27.54,66.13,3.39,late,sandy,6.12,0
5,25.14,36.96,3.84,mid_season,loamy,14.78,0
65.65,19.04,38.45,0,initial,sandy,0,0
70.86,26.73,50.39,4.7,late,clay,3.63,0
41.37,28.66,57.86,3.9,mid_season,loamy,25.66,0
64.31,33.71,51.22,2.45,late,clay,7.05,0
91.45,31.59,74.99,5.39,mid_season,sandy,13.36,0
62.98,35.44,49.24,4.87,mid_season,loamy,7.14,0
76.14,25.45,58.09,2.4,development,loamy,2.18,0
40.71,22.44,40.2,5.63,development,sandy,15.25,0
74.66,21.32,57.35,2.43,mid_season,clay,29.2,0
62.83,29.06,70.27,4.38,development,loamy,14.11,0
88.42,18.45,66.07,3.75,mid_season,loamy,20.01,0
61.51,33.4,79.88,0,initial,sandy,0,0
80.63,30.41,53.95,5.51,initial,clay,8.18,0
71.06,21.46,56.25,3.41,mid_season,clay,13.44,0
95,23.33,40.39,4.71,initial,sandy,14.31,0
64.25,18.89,47.21,3.24,development,clay,18.73,0
50.6,25.55,48.28,3.3,mid_season,sandy,6.63,0
67.3,21.42,45.35,2.14,development,sandy,4.68,0
56.68,22.12,77.35,6.67,initial,loamy,16.32,0
31.25,20.76,35.26,2.14,mid_season,clay,19.18,0
26.39,32.64,63.85,4.97,late,sandy,10.33,0
15.71,23.2,83.61,3.74,development,clay,9.1,0
48.81,33.4,84.41,3.5,mid_season,clay,9.54,0
46.08,18.6,55.11,2.87,mid_season,clay,10.79,0
78.0,29.81,41.94,3.86,development,loamy,5.05,0
43.36,29.43,40.61,2.84,late,sandy,17.75,0
64.03,25.2,56.28,4.14,initial,loamy,17.52,0
64.56,25.7,61.08,5.85,development,loamy,12.89,0
61.16,23.16,45.38,3.2,late,clay,14.98,0
46.9,21.57,63.43,3.64,initial,sandy,11.91,0
46.77,33.45,55.67,4.86,development,sandy,8.42,0
56.11,21.61,72.43,2.78,initial,loamy,12.37,0
65.56,31.5,55.41,4.18,initial,loamy,1.6,0
73.42,27.89,46.52,3.8,mid_season,clay,4.92,0
82.85,23.54,67.94,0,development,sandy,0,0
68.99,19.31,70.42,2.61,late,clay,12.01,0
57.37,31.15,60.03,4.38,late,clay,4.68,0
56.25,24.58,60.21,4.54,initial,sandy,12.21,0
69.37,31.06,55.4,3.59,late,sandy,1.04,0
64.6,21.29,46.38,3.84,development,loamy,10.13,0
28.96,35.2,45.27,5.48,initial,loamy,5.98,0
93.33,30.17,37.42,3.81,mid_season,loamy,0.33,0
65.94,28.54,54.56,4.25,late,clay,11.25,0
59.07,19.23,60.11,6.19,mid_season,loamy,11.97,0
57.9,27.25,44.16,5.4,initial,clay,15.24,0
63.11,29.85,52.13,4.71,mid_season,sandy,14.94,0
71.58,34.24,62.85,4.64,late,sandy,15.97,0
53.96,19.0,70.44,4.74,mid_season,sandy,7.16,0
87.84,20.56,36.12,3.47,initial,clay,12.65,0
47.63,21.55,36.08,3.6,late,clay,7.59,0
54.98,26.65,36.3,3.33,mid_season,loamy,20.4,0
75.51,32.58,63.59,0,mid_season,loamy,0,0
20.72,23.57,57.1,5.41,late,clay,5.47,0
55.39,29.43,67.15,2.39,development,clay,16.97,0
72.15,20.26,76.26,4.83,development,clay,5.22,0
58.41,29.88,43.56,6.76,initial,sandy,2.49,0
23.03,27.86,54.92,5.19,late,clay,1.66,0
28.64,18.91,70.5,2.01,late,loamy,14.06,0
77.25,20.31,73.69,4.19,mid_season,loamy,20.8,0
53.75,35.23,79.1,4.46,late,sandy,17.68,0
42.36,33.02,80.74,3.29,late,sandy,3.79,0
75.88,33.19,70.15,3.5,late,clay,20.8,0
80.24,34.23,37.62,3.56,mid_season,sandy,4.51,0
71.37,20.26,67.93,2.83,late,sandy,13.58,0
38.76,19.41,53.45,0,late,clay,0,1
38.52,31.21,81.65,5.14,development,clay,1.5,0
30.8,24.03,35.39,4.26,development,clay,14.11,0
33.58,19.56,36.84,2.88,mid_season,loamy,10.55,0
58.46,35.4,39.71,4.45,development,clay,6.11,0
50.32,26.89,61.1,5.98,development,clay,2.37,0
74.01,32.9,40.66,3.35,mid_season,clay,20.24,0
56.98,30.91,65.54,3.78,initial,sandy,13.99,0
59.94,24.99,41.78,4.14,development,loamy,2.45,0
33.01,22.51,65.45,3.42,mid_season,sandy,14.71,0
57.39,18.18,47.4,3.13,development,clay,7.92,0
30.97,20.14,63.39,2.94,mid_season,sandy,13.25,0
82.26,29.46,50.0,4.56,late,loamy,0.21,0
72.99,18.22,62.11,4.53,late,loamy,6.49,0
74.05,34.19,75.21,4.02,mid_season,clay,19.98,0
36.61,18.96,35.62,0,mid_season,sandy,0,1
41.63,30.12,37.97,5.03,mid_season,loamy,15.91,0
44.42,28.84,48.52,0,late,sandy,0,1
58.35,19.88,75.77,4.67,development,loamy,6.51,0
58.47,24.16,83.58,2.85,late,loamy,10.8,0
61.67,18.44,82.98,5.13,mid_season,clay,17.98,0
45.33,26.47,57.77,2.48,development,loamy,6.04,0
49.85,27.54,60.17,4.16,late,loamy,5.93,0
77.14,30.97,61.19,0,initial,clay,0,0
58.15,25.63,50.31,2.37,development,loamy,12.3,0
44.33,26.15,58.45,0,initial,sandy,0,0
40.71,22.95,69.71,4.45,late,loamy,2.79,0
41.9,19.19,59.48,5.37,development,loamy,11.25,0
46.97,26.41,66.29,3.75,mid_season,clay,19.17,0
68.38,24.9,49.57,3.37,mid_season,loamy,16.79,0
55.29,32.46,63.18,0,initial,clay,0,0
52.43,26.64,62.17,3.53,mid_season,loamy,18.66,0
37.8,29.85,71.31,3.09,development,clay,4.49,0
63.32,20.16,55.84,3.76,mid_season,clay,6.24,0
45.71,34.56,78.92,3.0,initial,sandy,3.92,0
5,21.76,42.73,3.97,mid_season,loamy,15.6,0
21.74,22.48,38.19,2.21,mid_season,loamy,13.3,0
29.38,31.36,55.96,3.7,initial,sandy,4.99,0
52.33,19.39,69.37,0,late,clay,0,0
40.46,20.34,76.29,0,initial,sandy,0,0
54.92,19.29,39.42,3.42,late,clay,16.01,0
49.09,32.43,57.36,4.49,mid_season,loamy,14.46,0
60.52,31.12,41.79,3.15,development,clay,14.29,0
57.61,25.1,80.62,2.87,mid_season,clay,11.07,0
33.15,26.55,67.94,4.24,late,loamy,13.55,0
80.72,35.11,50.59,0,development,loamy,0,0
61.63,18.44,70.85,3.69,late,clay,9.93,0
58.63,32.44,54.8,0,initial,clay,0,0
18.88,35.63,61.21,1.72,mid_season,clay,24.99,0
57.54,25.52,41.32,5.92,late,clay,8.48,0
74.87,18.02,45.05,3.55,late,clay,15.49,0
52.42,20.01,48.9,4.33,initial,sandy,13.14,0
63.65,23.63,38.23,0,initial,clay,0,0
79.49,24.89,38.48,5.5,mid_season,loamy,6.84,0
77.39,20.03,68.59,4.13,late,sandy,8.95,0
48.37,35.84,42.62,4.4,development,clay,7.92,0
88.18,25.03,78.3,0,late,sandy,0,0
71.26,26.07,68.98,3.97,mid_season,sandy,9.79,0
5,27.28,83.6,2.21,initial,sandy,6.05,0
38.41,20.54,84.0,3.95,mid_season,clay,20.15,0
38.62,35.91,45.3,4.2,late,clay,7.87,0
59.15,25.35,70.53,4.19,initial,clay,17.91,0
84.19,25.48,60.83,0,development,loamy,0,0
32.7,22.72,73.3,4.07,late,loamy,6.15,0
37.16,23.15,39.67,3.16,mid_season,sandy,15.09,0
53.93,20.02,46.29,0,initial,sandy,0,0
35.64,27.49,79.59,2.89,mid_season,loamy,7.03,0
86.7,33.47,43.06,1.72,late,clay,0.59,0
34.48,34.29,76.35,0,initial,sandy,0,0
67.64,24.36,76.01,4.03,mid_season,clay,19.23,0
81.57,23.24,74.69,4.46,late,sandy,3.15,0
81.88,21.8,35.42,0,late,loamy,0,0
54.59,21.88,57.05,3.67,mid_season,sandy,4.35,0
57.79,22.03,65.34,4.51,initial,loamy,16.29,0
95,20.47,55.25,2.55,development,loamy,13.47,0
55.32,28.06,80.46,3.34,development,sandy,4.8,0
64.93,30.4,79.24,2.58,late,loamy,16.5,0
46.59,28.91,84.27,0,development,loamy,0,1
75.32,26.6,52.15,4.04,development,loamy,11.06,0
64.42,27.2,63.07,4.67,mid_season,loamy,15.27,0
63.29,20.81,43.97,4.48,development,sandy,22.88,0
38.64,32.66,45.34,4.36,development,sandy,7.31,0
64.72,19.58,75.46,3.2,mid_season,sandy,1.95,0
59.16,18.11,52.35,0,mid_season,loamy,0,0
76.01,35.83,49.41,4.2,development,loamy,8.3,0
57.66,34.47,81.4,4.57,mid_season,clay,24.63,0
47.63,32.95,36.1,3.97,late,clay,14.99,0
30.62,26.91,46.85,4.33,initial,sandy,17.23,0
40.14,30.51,49.18,2.97,mid_season,clay,20.45,0
41.04,25.19,49.08,4.24,mid_season,clay,15.37,0
47.53,30.88,78.05,5.05,development,sandy,7.16,0
59.06,25.77,44.91,3.72,mid_season,sandy,8.29,0
67.38,28.77,83.34,0,initial,sandy,0,0
45.34,19.33,36.45,1.26,development,loamy,10.46,0
49.88,32.31,54.28,5.24,mid_season,loamy,17.36,0
45.1,21.89,67.44,0,late,clay,0,0
49.28,24.32,45.82,3.85,development,loamy,13.1,0
54.16,19.93,76.6,3.76,mid_season,loamy,17.49,0
72.7,24.15,67.6,2.93,late,loamy,6.42,0
55.9,35.46,80.63,4.43,mid_season,sandy,8.37,0
95,28.53,68.35,4.67,development,sandy,14.47,0
50.3,22.66,81.32,4.77,late,sandy,7.06,0
73.22,24.45,60.16,4.76,mid_season,loamy,15.15,0
43.4,33.15,53.11,3.72,development,clay,4.02,0
46.39,26.98,73.66,6.49,development,clay,10.92,0
33.14,21.55,35.03,3.74,mid_season,sandy,7.15,0
67.63,22.06,71.32,5.81,mid_season,sandy,11.13,0
61.06,34.51,63.21,4.34,late,sandy,11.4,0
62.32,32.06,47.01,5.23,development,sandy,16.53,0
61.74,20.22,37.8,2.96,late,loamy,4.66,0
61.49,24.44,45.34,3.68,late,clay,12.18,0
9.24,21.39,73.32,4.85,late,loamy,3.99,0
39.65,33.61,55.04,3.3,mid_season,clay,2.57,0
56.06,20.03,45.98,3.31,late,sandy,12.17,0
52.72,26.35,78.49,3.94,development,clay,21.77,0
73.77,35.54,84.4,4.77,late,clay,18.68,0
59.16,30.64,72.92,4.04,initial,sandy,5.11,0
78.47,23.54,61.68,2.82,late,sandy,19.64,0
42.42,26.6,74.77,0,initial,loamy,0,0
45.76,24.93,43.29,3.7,late,loamy,6.82,0
38.18,25.76,52.09,2.99,initial,sandy,1.69,0
28.45,28.62,39.55,2.77,initial,clay,2.97,0
77.86,20.39,70.15,2.82,development,clay,9.38,0
29.22,28.5,46.39,0,mid_season,sandy,0,1
68.95,34.53,58.42,6.13,development,clay,13.05,0
23.96,31.7,54.18,3.83,development,sandy,6.15,0
64.29,27.9,42.36,4.25,mid_season,loamy,5.5,0
55.18,29.24,69.33,3.54,mid_season,sandy,0.33,0
36.95,21.64,78.63,4.55,late,clay,13.39,0
59.28,34.1,65.37,0,initial,loamy,0,0
66.35,24.83,40.28,5.07,mid_season,clay,11.11,0
40.0,24.98,66.73,3.08,mid_season,sandy,10.4,0
47.74,25.38,48.24,1.83,late,clay,0.56,0
81.4,34.84,42.18,2.93,mid_season,loamy,19.95,0
41.94,31.77,68.64,4.87,late,clay,4.0,0
95,20.14,46.06,2.61,mid_season,clay,16.06,0
54.44,18.59,54.83,5.24,late,sandy,1.98,0
90.87,33.97,55.17,0,development,sandy,0,0
76.47,35.53,59.6,3.35,development,clay,7.57,0
52.62,29.54,49.05,0,initial,sandy,0,0
57.11,27.55,43.61,0,initial,loamy,0,0
34.36,23.65,75.9,5.23,mid_season,clay,18.11,0
60.43,25.14,72.06,5.54,initial,clay,3.46,0
44.09,22.32,52.12,3.25,development,clay,4.63,0
80.49,32.15,65.64,3.88,mid_season,clay,16.51,0
25.2,25.93,58.19,6.18,initial,clay,5.38,0
68.83,18.94,63.1,4.42,initial,loamy,3.58,0
54.91,19.02,53.23,4.88,mid_season,loamy,10.81,0
72.86,22.82,69.3,2.31,development,loamy,3.98,0
56.14,20.45,57.28,3.24,initial,sandy,2.18,0
55.43,35.38,55.72,3.97,late,sandy,23.2,0
69.96,20.41,47.28,0,development,clay,0,0
88.03,26.82,36.28,4.6,development,sandy,3.25,0
48.48,23.12,44.13,3.21,development,clay,7.85,0
84.38,35.39,75.11,2.19,mid_season,sandy,11.3,0
31.92,23.38,53.0,0,development,loamy,0,1
62.95,19.73,66.35,5.75,mid_season,loamy,13.14,0
51.59,32.67,55.46,3.47,initial,loamy,4.43,0
68.33,18.72,75.04,2.99,development,clay,10.46,0
51.15,32.84,50.43,4.97,late,loamy,13.16,0
53.29,34.13,38.51,5.16,initial,sandy,1.6,0
65.25,21.27,76.25,4.12,development,sandy,3.56,0
68.55,26.46,70.38,0,initial,loamy,0,0
32.58,26.93,84.52,3.0,late,clay,21.73,0
38.4,28.06,43.21,2.3,late,clay,8.23,0
82.19,20.33,73.1,3.23,development,sandy,2.58,0
80.79,32.62,53.17,1.72,late,loamy,14.82,0
82.83,34.51,43.15,3.82,mid_season,clay,27.43,0
49.15,34.96,55.98,4.68,late,clay,19.74,0
43.05,21.34,59.36,4.32,late,loamy,2.96,0
69.84,21.43,42.42,2.29,development,sandy,7.2,0
20.68,28.99,36.45,3.5,late,loamy,1.03,0
52.78,26.83,57.51,5.7,initial,clay,8.74,0
53.48,20.57,45.52,4.11,mid_season,loamy,19.5,0
61.88,33.68,49.61,3.9,development,clay,5.16,0
28.41,20.21,84.08,3.35,late,loamy,2.22,0
59.08,21.21,76.45,5.09,development,loamy,8.22,0
57.65,33.49,50.91,3.35,mid_season,clay,21.14,0
78.96,22.66,35.7,4.57,initial,sandy,19.22,0
26.65,31.37,49.84,2.89,development,sandy,0.48,0
67.65,25.56,51.93,2.16,mid_season,sandy,9.28,0
72.25,22.42,45.68,3.05,development,clay,16.58,0
41.62,30.44,48.84,4.58,mid_season,loamy,14.54,0
41.03,32.0,60.53,0,initial,clay,0,0
95,25.59,53.86,2.78,initial,clay,2.7,0
76.68,33.06,70.72,3.25,late,loamy,6.79,0
67.69,24.79,35.02,0,initial,clay,0,0
69.84,29.04,49.67,3.82,mid_season,sandy,10.1,0
39.84,24.33,51.74,3.58,initial,sandy,17.84,0
76.44,24.02,52.65,3.27,mid_season,loamy,17.76,0
59.59,33.27,63.91,4.34,late,clay,10.51,0
5.53,18.97,68.71,3.89,late,sandy,2.81,0
69.29,30.95,40.32,0,initial,clay,0,0
49.3,32.3,67.97,4.81,late,sandy,4.51,0
63.53,24.79,70.68,0,initial,clay,0,0
29.29,30.52,49.07,4.42,mid_season,sandy,16.87,0
35.4,24.17,57.35,3.57,development,sandy,2.06,0
74.99,23.85,82.11,3.25,mid_season,clay,12.73,0
27.15,23.42,38.74,4.19,mid_season,sandy,6.8,0
60.11,31.47,35.41,5.21,late,clay,12.84,0
69.04,23.26,73.74,2.72,late,sandy,9.9,0
72.85,20.04,76.75,3.81,development,clay,17.05,0
65.67,33.56,58.11,4.85,late,loamy,6.78,0
46.94,27.19,67.15,0,initial,clay,0,0
34.05,30.95,67.58,3.82,late,clay,14.55,0
26.77,29.44,40.82,5.18,late,clay,16.58,0
63.52,25.31,59.5,4.23,late,clay,26.69,0
46.03,21.29,43.25,4.62,development,loamy,8.62,0
48.47,35.45,37.31,3.69,late,loamy,1.26,0
58.71,21.56,38.84,4.67,mid_season,clay,14.08,0
37.78,29.16,68.64,3.8,mid_season,loamy,5.56,0
48.42,32.04,60.98,3.48,mid_season,sandy,11.05,0
74.24,20.99,49.33,1.34,late,sandy,8.31,0
56.7,25.24,61.08,4.41,late,loamy,18.96,0
76.4,31.91,43.69,3.05,late,clay,3.11,0
56.35,18.01,40.92,5.6,late,clay,15.46,0
55.95,23.07,57.75,4.36,development,clay,10.74,0
48.75,20.65,35.25,3.29,initial,sandy,6.93,0
72.15,31.17,73.17,4.54,mid_season,clay,11.03,0
38.35,27.13,77.18,3.9,mid_season,loamy,5.05,0
48.19,28.9,68.2,3.15,initial,clay,2.32,0
39.63,21.0,77.08,5.59,development,loamy,11.39,0
31.71,29.46,56.81,3.3,development,clay,15.35,0
71.07,25.09,75.07,4.31,initial,clay,7.89,0
71.82,27.93,35.92,3.14,development,sandy,10.67,0
64.06,33.66,39.05,2.82,development,clay,18.4,0
58.92,34.45,70.09,2.71,late,sandy,5.58,0
50.18,23.76,43.56,5.09,mid_season,clay,8.71,0
50.93,28.89,84.98,6.38,late,loamy,1.57,0
22.57,18.35,82.98,5.15,mid_season,clay,15.64,0
70.43,32.13,75.32,4.29,mid_season,sandy,12.93,0
54.73,19.78,81.53,3.41,late,loamy,15.57,0
84.4,30.33,77.61,5.93,late,clay,0.86,0
46.11,20.28,38.67,5.24,late,sandy,8.23,0
75.44,35.15,43.35,2.81,initial,loamy,11.38,0
61.89,18.12,52.02,0,late,loamy,0,0
95,21.93,38.81,3.57,development,loamy,3.65,0
47.64,19.76,47.92,3.81,development,clay,9.81,0
89.09,23.94,54.24,2.83,late,clay,8.42,0
77.38,31.2,77.26,4.65,mid_season,clay,11.45,0
40.33,33.52,67.41,5.21,development,sandy,11.83,0
36.56,31.19,56.47,4.47,late,clay,16.7,0
56.88,20.1,56.86,3.28,development,loamy,6.85,0
33.83,23.96,66.85,3.38,mid_season,loamy,13.66,0
72.97,33.31,64.1,0,initial,sandy,0,0
51.97,25.64,70.24,7.09,development,clay,3.96,0
43.47,21.69,82.49,2.7,mid_season,sandy,25.29,0
28.72,21.4,65.59,5.13,initial,loamy,13.27,0
14.39,20.93,68.74,4.12,mid_season,clay,11.6,0
39.71,34.73,78.09,5.97,mid_season,clay,7.58,0
50.96,35.31,51.11,4.79,late,clay,12.98,0
16.45,32.73,84.92,4.7,mid_season,clay,12.54,0
15.71,20.15,40.38,3.38,late,loamy,9.21,0
53.4,35.12,82.26,6.1,initial,sandy,16.06,0
45.04,33.14,53.71,2.81,late,clay,12.74,0
22.8,27.92,44.89,4.55,development,loamy,11.73,0
29.06,30.75,50.7,0,initial,sandy,0,0
60.53,19.4,54.14,2.65,mid_season,clay,17.68,0
44.85,20.69,42.51,3.82,development,loamy,7.57,0
52.04,27.88,74.23,0,late,sandy,0,1
46.29,19.06,79.79,4.4,late,loamy,4.15,0
56.38,27.32,71.05,3.3,mid_season,sandy,3.43,0
40.01,22.47,64.08,0,initial,clay,0,0
55.48,31.73,51.83,4.07,late,sandy,6.26,0
51.63,35.02,58.71,3.92,mid_season,loamy,9.25,0
58.78,30.93,69.42,4.56,mid_season,clay,16.4,0
78.82,31.37,40.23,2.7,mid_season,clay,9.99,0
84.82,32.82,77.81,2.54,development,loamy,7.39,0
59.52,19.82,79.11,3.9,initial,loamy,1.98,0
57.24,21.6,69.93,4.0,mid_season,loamy,13.05,0
82.79,23.11,53.64,3.21,late,clay,9.1,0
49.36,35.22,69.34,4.53,mid_season,loamy,14.12,0
50.2,33.4,71.46,6.06,development,sandy,0.99,0
60.9,30.46,68.67,3.44,development,sandy,13.64,0
81.72,35.54,62.81,5.64,late,loamy,24.53,0
45.38,33.42,74.55,3.79,development,loamy,13.44,0
52.49,29.85,55.97,3.73,mid_season,sandy,17.99,0
82.03,32.29,71.44,3.48,late,sandy,4.44,0
58.43,23.77,77.74,0,late,clay,0,0
57.42,24.11,42.47,0,initial,loamy,0,0
73.32,34.52,70.7,4.77,mid_season,loamy,16.73,0
61.19,28.23,42.96,4.5,late,loamy,12.05,0
83.69,32.32,39.61,5.02,development,clay,16.57,0
67.18,23.08,37.25,4.1,development,loamy,12.55,0
61.39,33.26,64.62,4.11,late,loamy,6.99,0
47.2,20.26,37.56,3.52,development,clay,6.62,0
88.42,22.34,77.45,0,initial,sandy,0,0
34.78,33.38,61.18,0,development,loamy,0,1
45.74,28.34,52.1,5.05,initial,loamy,8.1,0
33.53,33.87,83.35,4.44,development,loamy,11.91,0
36.38,32.28,63.48,0,late,clay,0,1
48.55,32.35,55.37,3.54,mid_season,loamy,18.18,0
51.97,34.05,54.85,3.69,initial,loamy,9.73,0
89.8,26.39,80.66,1.46,initial,clay,3.3,0
59.56,32.6,83.65,4.62,initial,sandy,13.86,0
50.91,23.5,80.95,2.95,development,loamy,7.17,0
57.7,24.24,73.12,3.46,development,loamy,5.66,0
46.2,18.19,80.68,4.89,development,clay,24.72,0
48.34,23.21,39.78,5.82,development,clay,2.54,0
40.1,34.22,50.46,4.19,late,sandy,2.38,0
53.42,19.92,82.78,5.23,mid_season,loamy,9.37,0
40.45,29.22,71.06,4.41,initial,clay,11.16,0
81.71,29.86,73.67,3.6,late,loamy,6.55,0
54.35,35.49,42.77,5.21,late,clay,23.15,0
65.33,35.49,81.22,3.52,late,loamy,13.64,0
94.83,32.64,61.71,4.79,development,sandy,8.15,0
62.68,35.22,84.69,5.37,development,sandy,2.54,0
82.82,31.75,77.74,4.87,late,sandy,9.52,0
79.45,35.67,59.4,0,initial,loamy,0,0
66.22,19.11,68.87,4.67,mid_season,loamy,14.69,0
31.44,25.92,44.5,3.82,mid_season,loamy,20.69,0
65.13,28.23,78.79,3.92,mid_season,loamy,17.91,0
56.12,18.12,44.72,3.89,mid_season,loamy,14.91,0
38.8,24.53,82.21,2.92,initial,sandy,8.04,0
39.24,25.25,46.93,5.88,late,loamy,11.36,0
82.85,18.51,55.48,3.62,initial,sandy,2.78,0
60.12,27.49,62.2,2.07,development,loamy,6.22,0
28.67,24.19,58.91,3.18,mid_season,loamy,5.82,0
60.99,25.69,41.72,3.51,initial,clay,16.97,0
41.91,23.28,82.66,4.45,mid_season,loamy,6.33,0
24.54,34.79,53.7,4.78,initial,clay,9.69,0
66.16,26.35,73.87,4.68,late,clay,16.71,0
24.31,18.35,58.19,2.33,mid_season,sandy,15.87,0
31.62,24.75,65.63,3.08,initial,loamy,10.38,0
51.22,23.63,66.58,5.67,mid_season,clay,15.38,0
24.68,27.19,71.87,5.63,development,sandy,7.67,0
42.45,28.54,48.51,3.46,development,sandy,6.36,0
30.77,27.93,52.6,4.79,late,sandy,0.33,0
66.44,21.18,75.84,4.81,mid_season,sandy,14.14,0
34.07,28.25,75.47,5.45,mid_season,sandy,7.54,0
37.42,24.46,43.04,3.98,late,loamy,16.47,0
59.96,23.57,84.76,3.88,development,loamy,14.87,0
46.26,20.26,72.14,4.73,mid_season,clay,18.63,0
67.35,32.74,70.27,1.25,development,sandy,18.51,0
57.0,22.28,73.85,6.3,development,loamy,7.2,0
49.81,34.41,40.01,3.13,mid_season,clay,16.16,0
25.11,26.67,47.55,4.98,late,loamy,3.38,0
44.81,22.5,52.11,2.49,late,sandy,13.18,0
86.59,29.12,77.6,3.99,mid_season,loamy,17.27,0
73.57,32.06,66.75,2.75,initial,clay,6.6,0
35.96,32.93,83.55,4.79,late,loamy,2.21,0
32.26,31.74,73.08,2.18,late,clay,22.69,0
37.49,20.17,82.92,5.47,initial,loamy,8.91,0
6.7,24.0,66.04,2.89,mid_season,sandy,6.31,0
49.05,24.72,35.71,3.46,mid_season,sandy,3.31,0
42.39,18.64,72.59,4.43,mid_season,loamy,10.92,0
79.14,29.31,37.98,4.89,mid_season,clay,4.66,0
76.25,19.12,60.29,4.8,initial,sandy,8.63,0
64.95,30.08,61.09,4.13,initial,loamy,2.06,0
79.91,30.7,68.97,3.66,initial,sandy,9.54,0
74.77,22.24,70.74,5.03,late,loamy,25.32,0
94.46,21.04,80.4,3.16,development,loamy,19.36,0
65.39,29.28,84.24,4.21,mid_season,sandy,14.57,0
78.63,19.83,46.12,3.87,late,loamy,9.25,0
53.14,31.96,53.84,3.76,development,loamy,2.72,0
47.03,31.56,62.7,3.95,mid_season,loamy,5.02,0
58.71,31.43,63.56,3.4,late,loamy,7.61,0
76.02,25.7,40.07,3.78,mid_season,loamy,9.56,0
26.94,28.15,64.69,5.75,late,loamy,10.66,0
52.69,34.22,83.15,4.22,late,sandy,4.77,0
44.31,27.88,49.75,4.7,mid_season,clay,17.07,0
95,32.17,67.71,2.83,late,loamy,13.49,0
51.64,33.58,63.7,0,initial,sandy,0,0
65.92,30.53,46.55,0,late,clay,0,0
66.62,24.47,44.55,2.51,mid_season,sandy,12.01,0
36.79,28.39,67.99,4.0,development,clay,6.73,0
44.85,26.33,49.89,3.65,initial,clay,4.67,0
69.23,28.89,48.3,0,development,clay,0,0
87.8,25.91,78.43,1.76,mid_season,clay,25.25,0
55.32,20.07,44.4,4.34,initial,sandy,7.39,0
72.46,34.01,59.84,5.58,mid_season,sandy,6.39,0
60.22,34.89,53.08,3.64,development,clay,13.39,0
42.13,20.63,45.24,2.38,mid_season,clay,3.1,0
39.11,24.83,73.83,4.75,development,loamy,19.87,0
32.71,23.99,36.03,3.74,mid_season,clay,18.91,0
52.07,18.71,79.08,0,initial,loamy,0,0
51.99,19.11,84.3,4.9,initial,loamy,7.24,0
56.9,24.24,40.1,4.63,mid_season,sandy,4.67,0
68.0,29.4,69.32,0,mid_season,loamy,0,0
40.28,29.99,68.71,3.11,initial,sandy,10.48,0
44.44,21.9,58.34,3.41,mid_season,sandy,13.98,0
40.47,34.19,51.85,2.76,late,clay,12.37,0
51.48,28.59,71.68,2.68,mid_season,sandy,9.11,0
58.58,27.45,48.91,5.01,late,loamy,15.14,0
51.62,32.08,79.69,1.16,late,sandy,3.57,0
34.79,31.7,35.62,2.95,mid_season,clay,7.96,0
91.41,33.35,68.59,5.51,mid_season,clay,14.4,0
92.29,31.28,76.33,0,late,clay,0,0
36.82,23.15,62.16,0,development,clay,0,1
35.32,24.53,48.32,3.09,late,sandy,4.18,0
50.85,30.6,64.97,5.38,development,loamy,1.35,0
62.43,18.93,69.27,4.64,development,clay,6.89,0
44.64,24.99,67.35,4.1,development,clay,4.1,0
20.13,27.44,77.44,3.98,mid_season,loamy,4.76,0
49.18,26.67,81.09,5.17,mid_season,loamy,5.21,0
24.16,25.29,42.04,4.91,late,clay,5.12,0
74.59,21.22,52.41,4.94,initial,sandy,7.72,0
80.22,23.53,43.3,4.99,late,clay,3.37,0
54.46,22.86,47.36,3.24,late,sandy,5.45,0
60.24,19.99,37.45,4.45,late,loamy,8.93,0
94.52,33.67,84.45,5.45,mid_season,clay,21.74,0
92.64,30.22,58.88,2.6,late,clay,14.55,0
50.74,20.06,47.08,3.94,late,clay,13.73,0
28.95,30.22,79.35,5.7,initial,loamy,10.04,0
66.21,32.33,52.85,1.92,initial,loamy,7.77,0
40.08,19.73,61.16,4.5,development,clay,16.86,0
44.44,29.55,74.0,3.74,mid_season,sandy,8.8,0
29.03,24.44,38.85,0,initial,loamy,0,0
62.75,29.52,48.62,3.36,late,clay,7.43,0
49.31,21.66,69.03,3.46,late,sandy,12.23,0
85.45,31.95,53.46,3.39,mid_season,sandy,10.83,0
63.62,20.91,61.8,3.72,development,sandy,8.9,0
67.67,22.1,79.27,4.82,development,sandy,4.45,0
65.23,26.85,41.84,4.1,mid_season,clay,11.89,0
50.61,19.99,38.63,3.27,initial,sandy,6.98,0
41.12,32.22,40.58,3.5,mid_season,loamy,8.16,0
49.59,29.96,82.88,5.2,mid_season,clay,19.0,0
59.46,33.7,68.0,5.1,initial,sandy,9.05,0
44.24,21.66,45.77,4.5,late,clay,7.68,0
43.74,28.95,67.91,4.01,mid_season,clay,6.22,0
31.4,31.93,49.72,4.21,mid_season,sandy,19.23,0
58.23,21.12,40.19,4.21,mid_season,clay,16.52,0
38.98,18.7,55.99,5.04,late,sandy,5.81,0
72.15,28.62,52.91,4.38,development,sandy,8.03,0
83.69,24.35,84.78,0,mid_season,sandy,0,0
88.74,32.24,61.04,3.93,mid_season,clay,14.55,0
81.81,23.88,59.14,6.26,development,loamy,18.93,0
51.06,19.22,77.05,3.99,initial,clay,5.45,0
73.85,34.83,52.62,3.64,mid_season,clay,7.51,0
78.82,32.4,75.77,5.99,late,clay,20.54,0
46.03,19.97,38.03,3.98,development,clay,5.36,0
53.74,18.75,40.27,4.89,development,sandy,10.55,0
69.59,24.91,47.33,5.66,mid_season,sandy,6.86,0
22.55,31.98,49.66,4.2,mid_season,clay,14.9,0
48.1,33.56,57.96,3.36,initial,sandy,8.24,0
77.75,18.76,56.73,0,initial,clay,0,0
23.28,24.22,75.85,4.37,late,clay,16.34,0
34.33,28.89,37.78,5.95,initial,sandy,10.26,0
65.35,34.2,56.21,4.39,late,clay,9.07,0
60.98,24.66,43.96,0.7,initial,sandy,8.49,0
38.81,33.62,59.37,5.38,late,sandy,24.8,0
42.91,29.34,59.92,3.11,initial,loamy,10.77,0
87.5,28.65,76.09,3.62,late,clay,8.43,0
75.54,27.53,39.92,3.41,mid_season,loamy,12.17,0
46.64,23.38,35.5,0,development,sandy,0,1
21.36,29.6,58.44,4.26,initial,sandy,6.76,0
62.84,19.83,39.99,3.45,late,loamy,6.42,0
42.51,22.07,82.67,4.86,late,loamy,13.1,0
39.77,34.69,58.36,0,development,sandy,0,1
51.44,19.29,50.08,0,initial,sandy,0,0
27.17,20.21,83.35,5.66,initial,clay,0.8,0
69.79,22.05,58.72,3.46,development,clay,19.17,0
73.42,18.52,45.67,3.89,initial,sandy,7.9,0
65.08,19.6,38.1,4.7,late,sandy,4.67,0
61.15,25.04,64.21,4.45,late,clay,12.6,0
21.92,23.0,55.91,3.11,development,sandy,15.69,0
68.51,20.06,43.27,4.58,late,sandy,11.76,0
59.34,19.37,49.71,1.64,initial,sandy,5.72,0
57.5,29.79,64.47,2.65,late,clay,10.08,0
58.79,29.55,37.64,4.91,initial,sandy,0.21,0
61.2,31.29,84.31,3.18,late,clay,5.47,0
41.59,18.03,53.18,0,initial,sandy,0,0
43.26,19.98,47.92,6.28,late,clay,0.65,0
44.57,19.63,64.58,6.78,development,clay,10.05,0
58.02,30.84,49.25,5.25,late,clay,5.11,0
80.71,25.14,51.88,2.73,development,clay,15.94,0
49.94,19.27,37.56,5.11,mid_season,clay,23.81,0
33.03,28.64,35.78,5.3,initial,loamy,7.35,0
47.21,21.87,60.37,4.56,late,sandy,9.86,0
89.96,35.36,57.82,4.74,mid_season,sandy,6.61,0
66.41,31.83,39.28,0,initial,loamy,0,0
46.0,18.02,58.26,4.51,mid_season,loamy,13.99,0
95,24.41,39.39,4.47,mid_season,clay,11.8,0
68.63,30.38,44.62,3.74,initial,loamy,3.95,0
53.05,29.95,81.51,3.32,development,clay,14.41,0
51.01,34.32,71.84,4.27,mid_season,clay,5.36,0
50.07,23.88,64.53,3.84,initial,clay,1.39,0
61.41,21.04,37.57,5.44,development,clay,7.7,0
10.64,25.55,68.78,0,initial,sandy,0,0
50.2,30.58,37.31,4.4,development,clay,2.32,0
40.55,33.31,81.07,5.19,late,sandy,3.95,0
41.92,19.09,73.25,4.59,mid_season,loamy,14.9,0
56.26,31.56,78.42,0,development,clay,0,0
57.39,25.9,62.48,1.99,development,loamy,7.64,0
56.31,30.42,61.59,3.78,development,loamy,12.04,0
58.93,35.57,63.17,5.67,initial,sandy,14.92,0
55.64,18.51,79.52,2.74,mid_season,sandy,4.99,0
38.07,32.51,62.37,1.66,initial,loamy,1.92,0
48.81,33.63,38.87,2.94,mid_season,sandy,10.55,0
45.26,21.8,65.23,2.38,development,sandy,20.13,0
41.45,32.93,44.24,2.91,mid_season,loamy,12.23,0
43.92,19.34,46.22,2.71,late,loamy,6.65,0
51.86,33.45,68.02,2.63,late,loamy,2.23,0
50.22,18.66,37.77,3.22,initial,loamy,4.71,0
38.97,24.4,55.16,0,initial,sandy,0,0
44.87,28.58,47.04,4.22,development,clay,3.64,0
10.48,35.59,65.53,3.78,mid_season,sandy,3.21,0
86.6,31.17,59.44,5.59,mid_season,sandy,6.16,0
56.06,21.8,79.92,0,initial,sandy,0,0
49.71,22.36,52.36,2.68,initial,clay,8.6,0
50.31,25.44,56.68,4.66,mid_season,loamy,15.45,0
56.7,33.66,81.84,4.98,mid_season,loamy,25.67,0
49.05,29.7,54.5,5.76,mid_season,clay,14.21,0
37.27,20.79,51.54,3.84,mid_season,sandy,8.04,0
74.28,23.31,40.26,0,initial,sandy,0,0
47.23,18.09,61.59,4.11,development,loamy,6.99,0
45.67,23.15,46.75,5.36,mid_season,sandy,1.65,0
77.49,33.02,52.11,1.89,development,loamy,0.43,0
55.25,35.72,52.75,3.81,late,loamy,7.89,0
46.61,18.32,82.04,2.85,mid_season,sandy,5.05,0
24.24,28.25,46.47,0,late,sandy,0,1
61.22,23.08,56.5,3.45,mid_season,loamy,15.05,0
53.61,19.96,73.16,3.61,mid_season,clay,13.0,0
86.69,19.79,37.83,2.51,initial,clay,5.61,0
41.6,20.65,44.17,5.37,initial,clay,20.25,0
43.15,26.9,36.19,5.74,mid_season,sandy,23.86,0
52.19,35.51,63.23,4.12,initial,loamy,1.56,0
34.16,20.03,74.5,2.39,initial,loamy,6.02,0
59.86,32.27,49.1,5.95,mid_season,sandy,4.04,0
85.67,29.08,43.59,0,initial,loamy,0,0
51.13,29.91,60.86,6.06,development,clay,9.94,0
77.01,18.64,41.63,3.04,mid_season,loamy,22.86,0
58.46,32.18,35.59,4.3,development,clay,13.95,0
41.24,25.3,63.95,3.46,initial,clay,5.14,0
86.91,25.46,59.81,4.0,late,sandy,3.98,0
50.2,22.71,48.63,4.72,development,loamy,9.45,0
15.22,28.16,38.18,5.36,initial,sandy,4.95,0
37.36,19.88,60.97,4.18,initial,clay,3.22,0
47.68,22.25,62.86,1.54,mid_season,loamy,17.2,0
48.94,27.59,66.19,3.38,development,clay,7.86,0
69.58,35.12,60.87,4.31,mid_season,clay,27.82,0
40.94,26.85,51.57,2.89,mid_season,loamy,14.21,0
44.34,33.23,42.0,2.82,development,sandy,9.76,0
59.88,33.5,66.3,3.92,initial,sandy,18.65,0
66.32,22.99,57.67,5.99,development,sandy,1.73,0
32.61,19.68,60.87,3.49,initial,loamy,9.6,0
56.62,18.3,56.18,4.26,late,clay,8.33,0
65.8,30.2,61.99,3.37,development,sandy,5.4,0
19.25,34.76,35.27,4.22,mid_season,sandy,10.09,0
43.97,33.62,65.98,4.52,initial,sandy,2.89,0
39.68,22.8,39.96,3.16,mid_season,sandy,3.46,0
25.31,26.26,61.8,1.15,initial,sandy,0.3,0
57.96,19.44,43.13,5.65,late,sandy,14.81,0
62.95,28.32,65.43,5.47,development,sandy,13.22,0
46.21,19.55,36.66,0,late,sandy,0,1
61.61,34.97,70.65,2.47,mid_season,loamy,6.5,0
63.7,30.57,84.78,0,development,loamy,0,0
60.6,33.84,52.75,4.15,mid_season,loamy,12.99,0
58.47,20.83,48.56,2.89,late,sandy,8.12,0
61.38,31.37,40.95,2.77,initial,sandy,4.31,0
30.02,29.78,53.94,5.94,development,clay,5.45,0
8.65,31.38,69.52,0,development,loamy,0,1
93.08,30.05,73.48,4.58,development,clay,2.48,0
62.23,34.08,66.01,3.87,initial,sandy,3.54,0
41.54,31.46,61.01,5.36,late,loamy,12.97,0
30.55,25.87,48.54,3.74,late,clay,10.46,0
69.28,24.92,37.87,3.83,development,sandy,12.5,0
54.61,28.92,56.59,3.11,late,sandy,18.97,0
24.74,19.85,71.56,4.79,development,loamy,7.4,0
41.71,31.6,42.37,4.44,late,sandy,6.53,0
58.56,23.25,45.54,4.78,late,loamy,12.01,0
19.86,29.63,46.53,2.44,mid_season,loamy,6.57,0
75.29,21.73,80.8,7.26,development,sandy,10.18,0
50.83,34.2,79.25,0,development,sandy,0,1
62.22,19.36,55.75,0,development,sandy,0,0
65.26,26.64,46.03,5.07,late,clay,20.21,0
77.46,22.65,40.76,0,development,loamy,0,0
79.15,23.36,80.63,0,initial,loamy,0,0
54.63,35.72,47.22,4.95,late,sandy,10.19,0
72.1,33.89,40.47,4.63,late,sandy,0.63,0
83.95,19.0,82.53,3.05,late,sandy,6.41,0
54.05,35.63,82.25,0,late,clay,0,0
64.89,31.21,81.97,3.79,late,clay,5.86,0
83.71,26.89,55.89,0,initial,sandy,0,0
35.94,25.26,49.87,0,mid_season,sandy,0,1
54.16,27.34,60.49,4.34,late,loamy,7.41,0
35.32,30.26,69.23,2.65,initial,sandy,0.67,0
59.74,28.82,48.41,3.29,initial,sandy,1.9,0
57.23,31.86,73.54,0,initial,sandy,0,0
95,19.3,41.86,4.54,mid_season,loamy,10.49,0
81.84,32.49,68.0,5.86,late,sandy,15.39,0
44.07,19.74,59.46,2.93,late,loamy,3.16,0
64.84,29.69,66.97,5.16,late,sandy,8.26,0
45.3,32.63,70.01,4.34,late,clay,6.79,0
39.06,28.28,57.18,4.2,late,clay,11.41,0
79.47,30.54,66.81,5.4,late,loamy,17.09,0
74.09,26.19,65.1,3.73,late,clay,14.84,0
36.78,27.65,35.24,0,development,sandy,0,1
60.82,18.19,58.32,3.55,development,loamy,9.69,0
68.88,23.3,42.97,2.74,late,loamy,1.99,0
25.77,31.86,56.42,2.39,initial,sandy,6.07,0
38.81,22.58,43.71,4.12,mid_season,sandy,8.77,0
73.97,24.64,47.99,4.68,initial,clay,2.28,0
45.87,25.42,84.99,3.93,development,clay,9.28,0
18.51,33.16,66.68,3.91,mid_season,loamy,12.56,0
47.5,22.34,52.47,3.56,initial,loamy,4.55,0
48.38,31.73,68.51,3.81,development,sandy,10.49,0
50.56,20.48,60.26,3.33,mid_season,sandy,3.53,0
31.97,31.54,69.11,2.85,development,loamy,4.91,0
73.99,32.86,37.59,5.6,development,loamy,2.89,0
51.47,35.59,49.06,4.01,mid_season,sandy,6.99,0
40.86,32.63,72.92,3.9,development,sandy,3.79,0
24.41,35.11,64.43,4.53,late,clay,14.32,0
58.56,29.31,63.66,5.41,late,loamy,11.96,0
66.98,25.17,77.33,5.55,development,sandy,7.75,0
60.27,21.25,67.84,5.27,late,clay,4.91,0
54.85,32.14,53.4,0,initial,clay,0,0
87.87,20.34,69.19,4.17,initial,loamy,3.58,0
44.33,19.07,37.62,6.43,late,sandy,6.5,0
47.71,24.43,82.69,0,initial,clay,0,0
59.58,34.42,70.3,4.38,late,clay,24.44,0
63.99,21.35,56.97,3.22,mid_season,loamy,13.68,0
45.21,19.39,78.75,5.73,development,loamy,15.47,0
49.84,21.87,73.01,2.67,mid_season,sandy,8.57,0
71.17,21.1,55.37,0,mid_season,clay,0,0
67.42,30.21,75.37,3.71,late,sandy,4.86,0
54.34,30.91,49.65,5.4,initial,sandy,15.58,0
57.69,31.67,68.11,4.66,development,loamy,20.14,0
58.5,34.53,70.53,3.63,initial,loamy,9.25,0
63.61,19.37,43.96,3.18,initial,clay,3.24,0
44.42,20.12,76.48,3.96,late,loamy,0.44,0
69.54,32.47,47.3,0,late,sandy,0,0
37.08,27.39,58.87,4.59,initial,sandy,14.23,0
21.02,21.46,81.01,4.96,late,sandy,11.8,0
26.1,29.43,58.57,3.55,late,clay,9.17,0
67.76,30.31,73.88,3.93,initial,loamy,10.5,0
56.33,23.17,50.22,5.7,mid_season,clay,10.56,0
95,20.2,59.71,2.93,late,loamy,18.33,0
60.62,35.4,58.3,2.1,development,loamy,10.75,0
61.21,21.94,48.32,0,initial,clay,0,0
79.1,19.65,81.4,3.94,development,clay,8.1,0
41.11,28.04,50.97,2.94,mid_season,clay,19.34,0
51.49,18.88,60.15,3.98,late,sandy,11.11,0
61.86,22.66,80.96,3.67,development,sandy,5.35,0
52.11,27.39,46.95,0,mid_season,loamy,0,0
19.36,33.94,83.05,3.43,late,sandy,24.57,0
84.95,32.94,38.3,0,initial,sandy,0,0
58.89,21.53,59.22,2.95,late,sandy,7.12,0
61.78,22.56,45.39,3.74,late,sandy,2.96,0
49.47,31.13,70.96,4.69,initial,sandy,7.02,0
57.17,22.06,45.26,0,late,loamy,0,0
50.45,21.28,69.54,0,initial,sandy,0,0
33.27,25.19,41.45,5.33,initial,loamy,4.8,0
69.84,30.95,62.74,3.32,initial,clay,7.5,0
46.57,23.73,64.33,4.47,late,sandy,4.33,0
51.34,35.89,57.24,4.54,initial,clay,9.51,0
68.92,31.69,72.85,2.71,initial,loamy,6.11,0
57.43,31.68,78.1,2.34,mid_season,clay,7.83,0
32.5,19.61,79.04,4.22,late,sandy,0.86,0
55.47,22.32,56.23,2.36,development,sandy,5.91,0
59.34,23.36,83.31,3.91,mid_season,clay,5.41,0
20.45,32.65,61.5,0,initial,loamy,0,0
69.11,32.38,75.77,0,development,sandy,0,0
65.34,25.08,74.17,4.89,initial,loamy,8.51,0
83.71,31.95,76.02,5.97,initial,clay,12.95,0
33.63,25.26,49.91,3.31,development,sandy,9.37,0
40.77,18.4,45.68,3.3,late,clay,15.74,0
87.49,31.37,64.96,0,late,sandy,0,0
21.19,29.61,77.95,5.76,mid_season,loamy,9.7,0
58.68,18.22,60.38,3.74,late,sandy,15.66,0
32.2,30.11,52.42,3.34,mid_season,loamy,15.66,0
75.3,23.47,40.29,3.99,mid_season,clay,20.83,0
64.15,27.71,80.56,0,mid_season,loamy,0,0
36.6,18.85,70.64,3.9,development,clay,5.97,0
34.06,28.07,62.88,2.5,mid_season,loamy,10.66,0
48.58,27.15,68.89,4.89,mid_season,loamy,26.59,0
89.58,22.52,65.75,0,initial,sandy,0,0
69.91,29.99,64.37,3.59,development,loamy,12.34,0
43.01,33.69,68.63,4.83,late,clay,22.16,0
26.92,30.67,68.24,4.15,initial,sandy,14.94,0
40.62,34.22,76.47,2.4,mid_season,loamy,16.59,0
62.17,22.27,35.2,6.79,initial,clay,5.7,0
30.17,24.1,83.72,5.07,initial,clay,12.33,0
50.19,29.03,56.72,3.83,late,loamy,12.9,0
45.12,32.45,43.06,5.06,mid_season,loamy,14.05,0
86.87,26.0,80.52,3.62,mid_season,clay,15.16,0
54.11,28.34,53.04,3.36,mid_season,loamy,4.16,0
79.76,35.87,75.41,4.92,development,loamy,7.45,0
78.28,30.75,71.85,2.78,late,loamy,16.13,0
23.7,18.17,41.98,2.68,development,sandy,0.97,0
45.71,28.87,64.53,2.43,development,clay,5.97,0
61.19,28.43,82.9,6.0,initial,loamy,1.34,0
71.11,19.05,84.82,0,initial,sandy,0,0
52.05,25.99,71.8,3.86,initial,sandy,11.19,0
77.86,31.21,47.58,4.27,mid_season,loamy,14.03,0
53.45,23.01,62.22,5.24,mid_season,sandy,11.29,0
63.26,18.37,84.13,0,initial,loamy,0,0
55.37,34.47,84.46,4.88,initial,clay,5.97,0
43.09,24.91,45.84,3.11,mid_season,clay,9.26,0
55.0,30.64,72.72,4.07,late,loamy,1.8,0
40.05,25.85,82.79,3.48,development,clay,8.94,0
46.59,31.69,54.18,5.66,late,sandy,5.99,0
76.79,27.58,82.76,0,initial,sandy,0,0
60.53,35.41,77.55,1.61,initial,sandy,5.73,0
58.17,23.67,63.79,5.39,late,sandy,14.14,0
76.18,22.69,63.84,4.38,mid_season,loamy,8.62,0
49.1,19.75,56.64,3.38,initial,clay,15.99,0
33.79,33.48,83.82,4.38,development,clay,16.6,0
19.19,34.28,35.09,4.53,late,loamy,14.66,0
54.75,19.81,71.6,3.41,late,clay,10.65,0
48.84,29.97,48.02,5.09,development,sandy,6.82,0
40.58,19.77,84.0,5.14,development,clay,2.31,0
36.49,25.96,52.28,2.19,development,clay,6.02,0
59.22,25.04,72.73,4.82,mid_season,clay,13.65,0
32.94,20.86,48.51,5.06,initial,loamy,1.82,0
72.25,27.83,44.41,0,initial,loamy,0,0
54.87,32.67,52.33,5.29,mid_season,loamy,22.91,0
31.81,34.18,49.92,3.56,development,sandy,10.65,0
56.95,33.03,64.37,4.69,mid_season,loamy,2.51,0
52.89,29.48,54.17,2.47,development,loamy,6.32,0
31.58,35.22,64.56,3.61,development,sandy,9.61,0
66.02,33.73,58.68,0,initial,clay,0,0
54.21,35.73,83.78,4.84,development,loamy,11.0,0
66.54,19.42,77.66,3.06,late,clay,15.63,0
26.47,28.52,50.72,3.28,initial,clay,10.0,0
48.33,33.6,74.85,4.29,initial,clay,11.27,0
68.38,26.58,70.94,0,late,loamy,0,0
82.09,30.54,68.55,3.53,development,sandy,11.61,0
46.67,26.69,84.84,4.63,late,loamy,7.96,0
56.27,19.78,83.08,4.47,mid_season,loamy,13.02,0
60.92,20.33,63.07,4.8,initial,sandy,1.26,0
43.26,20.32,36.59,2.68,late,clay,7.83,0
63.0,20.89,78.59,5.38,late,clay,8.42,0
64.03,27.52,64.55,3.59,mid_season,loamy,16.93,0
33.05,21.32,78.62,3.79,late,sandy,9.59,0
29.05,23.36,74.4,6.11,late,sandy,7.42,0
48.84,19.15,78.18,0,development,loamy,0,1
57.21,33.34,71.22,4.46,initial,clay,15.06,0
69.96,23.14,36.45,3.74,development,loamy,11.04,0
64.31,24.36,82.37,2.09,late,sandy,4.62,0
28.21,19.63,71.5,4.02,development,loamy,5.35,0
70.4,34.33,66.37,2.74,initial,clay,7.73,0
49.64,25.69,35.06,4.45,initial,clay,1.65,0
40.69,29.32,47.24,4.53,mid_season,loamy,9.99,0
60.43,19.01,68.06,5.3,development,clay,13.25,0
37.19,35.87,80.7,4.2,mid_season,sandy,16.24,0
91.1,29.79,82.14,5.2,mid_season,clay,18.59,0
62.39,23.34,62.19,4.36,late,clay,12.77,0
40.3,26.96,53.02,2.74,mid_season,sandy,3.19,0
40.87,21.75,62.95,4.36,late,sandy,6.1,0
67.51,31.54,38.94,3.48,late,clay,3.61,0
45.39,21.95,44.31,3.77,initial,loamy,1.74,0
72.54,29.69,47.88,3.5,mid_season,sandy,5.45,0
46.97,26.71,36.32,4.29,mid_season,sandy,22.21,0
78.25,35.0,49.66,3.53,initial,loamy,5.28,0
64.09,35.87,47.6,4.4,mid_season,clay,5.61,0
82.27,34.72,51.75,0,late,loamy,0,0
73.1,27.9,61.97,0,mid_season,loamy,0,0
29.77,24.54,39.56,1.41,initial,clay,16.06,0
49.86,21.71,60.37,4.24,late,loamy,9.32,0
45.12,21.57,74.59,5.98,mid_season,loamy,9.94,0
73.85,35.87,57.61,3.19,initial,sandy,8.27,0
45.36,32.65,63.89,0,initial,sandy,0,0
45.71,27.77,41.28,3.68,late,sandy,11.9,0
49.69,22.74,39.18,4.42,mid_season,clay,24.94,0
60.25,23.7,50.16,4.98,late,loamy,1.35,0
46.1,27.57,37.54,0,initial,clay,0,0
73.7,18.46,45.03,0,initial,sandy,0,0
67.9,27.83,66.08,3.36,initial,clay,3.16,0
31.16,19.7,78.23,4.06,development,clay,10.72,0
52.17,29.75,70.85,0,development,loamy,0,0
9.96,19.95,45.63,2.83,development,sandy,12.69,0
60.59,26.05,79.16,5.02,mid_season,sandy,9.59,0
65.21,35.71,68.14,3.65,development,loamy,19.48,0
32.83,34.35,50.63,3.16,development,loamy,14.45,0
59.67,30.37,59.99,0,initial,loamy,0,0
58.99,30.97,44.3,4.7,development,sandy,4.45,0
73.59,28.29,48.02,2.9,development,loamy,4.83,0
58.54,30.27,44.39,3.47,late,loamy,9.28,0
16.43,27.9,56.46,0,initial,sandy,0,0
47.72,23.87,44.79,4.41,mid_season,sandy,14.06,0
40.63,29.77,50.66,2.54,mid_season,sandy,15.63,0
82.03,18.44,57.15,6.38,late,loamy,1.06,0
74.03,24.08,50.64,4.95,late,loamy,12.49,0
54.85,25.88,84.61,3.87,development,loamy,22.05,0
80.26,30.87,49.54,5.17,late,clay,17.08,0
46.38,33.99,77.21,5.29,late,clay,1.09,0
52.12,27.2,77.45,3.36,late,sandy,8.3,0
58.43,27.62,74.66,0,mid_season,clay,0,0
91.01,34.89,48.44,3.03,mid_season,clay,21.45,0
65.95,24.11,84.85,3.77,development,sandy,10.68,0
65.62,24.03,81.37,0,initial,loamy,0,0
36.14,28.18,63.78,5.25,mid_season,loamy,15.31,0
42.17,33.29,60.06,4.31,mid_season,loamy,11.84,0
48.63,31.75,74.26,4.14,mid_season,clay,23.83,0
53.66,25.53,79.92,4.0,mid_season,loamy,16.1,0
70.3,21.29,64.12,5.6,initial,loamy,3.41,0
37.24,33.83,84.65,5.36,late,sandy,2.64,0
17.29,26.48,35.78,3.46,late,clay,11.81,0
38.72,23.75,50.74,2.72,late,loamy,1.09,0
72.16,20.61,54.25,2.55,development,sandy,6.21,0
77.05,34.32,44.15,3.79,mid_season,sandy,14.83,0
45.62,32.96,55.99,3.49,development,loamy,12.49,0
53.69,30.54,82.57,6.58,development,sandy,24.13,0
54.88,18.69,51.46,4.94,mid_season,loamy,18.1,0
40.33,20.08,77.58,2.94,late,loamy,14.68,0
69.83,32.78,67.21,2.76,initial,sandy,15.67,0
42.25,35.95,84.44,4.8,late,clay,5.37,0
43.73,22.09,42.97,0,late,sandy,0,1
61.92,31.1,51.26,3.21,development,loamy,11.58,0
46.08,30.4,54.77,3.98,mid_season,sandy,11.23,0
58.7,34.95,35.35,3.44,development,sandy,7.03,0
25.4,32.13,49.23,4.46,development,sandy,12.76,0
33.19,20.73,67.34,3.25,development,loamy,6.15,0
43.27,18.32,80.09,3.39,mid_season,sandy,8.73,0
30.79,29.18,38.23,3.99,mid_season,sandy,7.15,0
67.03,30.31,44.58,4.34,mid_season,clay,25.38,0
65.28,35.95,54.25,5.35,development,clay,10.04,0
65.34,22.05,72.16,4.69,mid_season,clay,1.54,0
61.87,19.4,67.6,2.96,late,clay,5.86,0
35.69,31.55,76.28,3.5,mid_season,sandy,14.18,0
57.17,20.98,56.49,5.44,initial,clay,3.09,0
16.48,35.27,68.63,0,mid_season,sandy,0,1
69.01,25.86,52.19,4.89,mid_season,sandy,16.85,0
60.13,22.59,66.76,4.24,initial,clay,10.13,0
38.4,27.83,68.99,2.87,initial,sandy,0.93,0
55.95,31.66,72.8,6.03,mid_season,sandy,17.0,0
49.74,29.42,45.48,3.19,mid_season,clay,10.9,0
70.25,20.74,64.01,3.61,late,loamy,17.47,0
53.6,30.39,77.01,2.38,late,sandy,7.37,0
57.45,30.32,45.75,3.94,late,loamy,1.51,0
73.33,23.73,38.31,5.14,mid_season,sandy,8.95,0
24.51,23.99,69.94,3.23,late,loamy,5.73,0
61.76,18.89,81.47,3.19,late,loamy,22.42,0
67.57,29.1,82.05,3.97,late,loamy,5.22,0
67.83,31.69,51.73,3.83,development,clay,14.35,0
56.1,23.6,46.19,5.72,development,sandy,11.37,0
68.82,28.7,62.38,3.43,development,sandy,5.5,0
62.41,35.72,39.52,5.2,development,loamy,0.46,0
64.92,27.07,41.26,0,initial,sandy,0,0
29.35,28.04,46.65,2.12,mid_season,loamy,2.03,0
70.2,29.53,43.13,2.29,development,clay,12.39,0
57.03,30.11,82.86,4.32,late,loamy,13.06,0
57.75,34.23,75.78,4.29,mid_season,loamy,17.77,0
73.76,22.24,54.97,1.65,development,loamy,12.97,0
57.81,35.33,62.38,2.82,late,loamy,17.15,0
56.31,25.91,36.83,2.91,mid_season,loamy,13.15,0
66.15,27.3,48.94,4.49,late,loamy,14.86,0
60.63,35.05,58.26,0,late,sandy,0,0
66.54,22.14,76.63,5.65,late,sandy,6.09,0
77.09,29.77,53.82,2.59,development,loamy,3.12,0
64.85,21.2,72.61,4.13,development,loamy,4.6,0
48.79,23.43,42.27,4.16,development,clay,0.76,0
62.8,31.87,43.72,0,initial,sandy,0,0
37.46,25.11,77.6,3.97,initial,clay,9.24,0
80.7,26.16,52.93,4.68,development,loamy,8.12,0
78.95,34.95,49.02,0,initial,clay,0,0
65.86,33.76,50.44,5.0,initial,sandy,0.66,0
58.62,26.14,40.5,6.14,initial,clay,21.01,0
43.15,21.91,66.22,1.87,late,loamy,2.83,0
36.2,22.14,66.16,3.28,initial,sandy,5.6,0
50.31,29.36,35.84,5.38,initial,loamy,1.42,0
79.07,18.23,76.81,4.28,initial,sandy,20.58,0
52.32,18.06,56.79,3.62,initial,clay,7.91,0
33.54,18.03,35.65,0,mid_season,loamy,0,1
53.1,26.15,58.74,4.18,development,loamy,14.17,0
48.58,29.19,54.68,0,initial,sandy,0,0
84.05,26.53,38.92,4.0,late,clay,6.99,0
52.77,18.46,47.77,5.18,mid_season,sandy,14.35,0
44.07,23.3,42.73,4.62,development,sandy,8.22,0
61.87,18.93,44.8,3.48,mid_season,loamy,7.0,0
60.75,29.05,74.89,3.49,initial,sandy,12.58,0
51.89,35.03,83.35,5.7,mid_season,loamy,0.63,0
61.26,21.85,42.42,3.04,development,clay,0.59,0
17.25,23.48,42.57,4.35,initial,clay,4.59,0
55.18,35.4,74.61,3.68,mid_season,sandy,4.3,0
86.04,32.94,53.52,5.13,mid_season,sandy,17.6,0
95,19.27,75.18,4.93,mid_season,sandy,13.26,0
39.75,18.46,62.16,4.92,mid_season,loamy,9.97,0
83.0,18.12,40.73,4.44,mid_season,sandy,12.77,0
66.85,29.53,80.83,3.59,mid_season,loamy,8.05,0
81.25,27.06,80.46,3.43,development,sandy,8.92,0
64.27,21.04,70.16,4.58,late,sandy,0.48,0
26.99,27.98,38.87,4.78,initial,loamy,12.06,0
50.06,26.07,63.72,0,initial,sandy,0,0
44.73,32.62,43.88,2.69,development,sandy,4.36,0
30.81,30.68,51.7,5.44,late,sandy,7.29,0
27.96,23.96,65.6,0,late,loamy,0,1
63.69,32.9,43.4,4.73,mid_season,sandy,20.35,0
47.04,30.9,60.37,3.24,initial,clay,1.16,0
59.24,21.29,75.26,3.26,mid_season,sandy,18.8,0
46.92,26.43,35.91,2.98,late,loamy,10.5,0
59.07,19.72,40.97,3.31,mid_season,loamy,15.78,0
52.73,29.48,84.28,4.09,late,loamy,3.83,0
59.72,33.1,82.85,0,initial,loamy,0,0
72.37,25.91,65.1,2.0,development,sandy,9.11,0
58.33,24.77,83.19,2.04,initial,loamy,13.86,0
74.67,26.81,45.73,0,mid_season,clay,0,0
95,35.89,56.39,4.49,mid_season,clay,15.47,0
38.35,30.35,67.86,4.18,late,sandy,13.91,0
15.62,28.51,69.37,0,initial,loamy,0,0
52.44,19.3,58.69,0,development,clay,0,0
84.93,25.51,49.79,3.03,mid_season,loamy,21.81,0
70.09,18.14,76.23,2.23,mid_season,sandy,13.03,0
65.11,29.42,70.08,5.12,development,sandy,30.46,0
56.76,32.73,57.92,4.23,late,clay,9.11,0
56.06,19.79,71.81,3.66,development,sandy,6.63,0
42.82,29.78,42.12,0,late,clay,0,1
60.37,30.52,62.85,6.39,mid_season,clay,9.45,0
45.06,35.51,55.95,5.86,late,sandy,1.99,0
35.65,27.82,60.92,4.79,late,clay,1.87,0
43.66,19.18,65.86,3.47,late,sandy,1.4,0
56.86,33.32,63.37,4.98,development,sandy,4.12,0
70.62,20.71,53.87,2.15,mid_season,loamy,22.35,0
83.24,24.54,65.76,3.15,mid_season,loamy,21.07,0
64.59,25.08,76.5,6.44,development,clay,8.1,0
28.45,28.84,61.44,3.21,development,loamy,3.0,0
47.75,19.88,63.11,3.06,mid_season,sandy,12.06,0
62.71,19.23,56.78,2.52,mid_season,sandy,15.76,0
66.4,23.1,70.07,3.62,initial,loamy,4.26,0
60.36,23.06,82.75,5.55,initial,clay,0.66,0
43.87,23.61,44.82,5.09,development,sandy,13.28,0
63.37,28.84,36.1,3.36,mid_season,sandy,1.61,0
88.28,34.43,77.41,2.17,mid_season,sandy,27.65,0
46.89,27.73,63.39,5.46,mid_season,clay,11.61,0
52.75,22.65,83.13,3.62,mid_season,clay,20.43,0
41.82,19.5,59.84,0,initial,clay,0,0
67.96,34.1,40.23,5.87,mid_season,sandy,21.21,0
74.92,20.72,50.79,3.44,mid_season,clay,15.54,0
31.27,18.78,46.61,3.42,initial,loamy,6.87,0
48.33,27.41,49.4,3.79,initial,clay,2.53,0
68.63,21.49,61.07,3.42,development,sandy,0.71,0
59.06,35.21,81.81,4.56,mid_season,loamy,9.52,0
36.26,31.94,70.41,2.71,late,clay,16.66,0
48.21,28.13,60.16,0,mid_season,sandy,0,1
51.83,33.75,45.02,3.08,mid_season,sandy,18.73,0
48.84,26.51,37.48,0,initial,loamy,0,0
81.13,20.97,35.18,5.42,late,clay,10.4,0
61.22,19.47,60.67,5.58,mid_season,loamy,25.55,0
84.02,21.0,57.69,5.15,initial,loamy,5.14,0
79.47,24.46,73.44,6.8,development,clay,4.18,0
29.74,27.65,71.11,0,initial,sandy,0,0
55.46,20.71,51.74,0,development,clay,0,0
40.67,30.51,76.08,4.6,initial,clay,1.76,0
84.0,34.88,70.9,3.65,late,loamy,7.26,0
40.75,24.7,46.23,0,initial,clay,0,0
88.41,31.39,65.83,4.35,initial,loamy,5.11,0
61.13,20.47,35.49,3.72,development,clay,8.61,0
42.66,30.87,43.32,4.29,late,loamy,5.14,0
54.51,18.04,64.02,0,development,loamy,0,0
13.08,25.28,37.37,4.1,development,sandy,9.02,0
52.36,22.62,83.38,3.95,late,sandy,10.7,0
12.07,18.4,80.05,4.69,mid_season,sandy,13.18,0
41.16,30.53,39.69,4.99,mid_season,clay,8.86,0
39.85,32.71,65.16,5.03,initial,clay,2.01,0
68.29,19.41,53.95,3.37,initial,clay,2.97,0
56.56,35.79,47.67,4.03,late,loamy,8.01,0
14.78,33.79,40.71,0,development,loamy,0,1
60.17,29.55,77.68,3.78,initial,loamy,18.18,0
67.73,30.16,75.12,5.04,development,clay,14.95,0
47.05,30.65,48.39,0,mid_season,sandy,0,1
80.12,31.59,79.14,5.08,development,loamy,7.34,0
5,19.84,84.13,5.17,mid_season,sandy,13.22,0
48.47,21.28,71.08,0,late,sandy,0,1
75.07,26.12,47.89,6.03,mid_season,clay,15.89,0
64.14,23.42,60.46,3.29,development,loamy,5.76,0
43.99,25.26,53.12,5.61,initial,clay,2.48,0
52.95,30.77,42.57,4.81,development,sandy,5.58,0
88.16,23.99,48.86,2.84,mid_season,sandy,8.35,0
63.01,34.29,68.69,4.87,development,loamy,1.77,0
69.58,28.15,42.62,0,mid_season,sandy,0,0
59.29,34.05,78.03,5.44,development,loamy,16.3,0
64.69,28.56,61.06,3.27,development,loamy,13.85,0
88.53,18.34,65.19,4.11,initial,sandy,11.7,0
52.97,19.58,36.26,4.18,mid_season,loamy,15.0,0
44.18,18.23,80.44,2.79,late,loamy,13.17,0
83.38,20.12,49.04,2.77,mid_season,sandy,0.86,0
51.89,25.4,57.49,0,initial,loamy,0,0
69.56,21.02,37.99,3.96,mid_season,clay,12.02,0
70.58,22.04,63.71,6.6,development,sandy,5.67,0
61.52,25.01,59.18,2.47,initial,loamy,16.56,0
63.65,35.71,48.4,0,initial,clay,0,0
46.7,19.02,59.81,0,development,sandy,0,1
30.77,18.61,69.53,4.14,mid_season,sandy,10.71,0
53.13,34.08,54.99,2.65,mid_season,clay,7.37,0
39.04,29.4,46.26,4.61,mid_season,sandy,2.45,0
7.75,18.44,67.31,3.53,late,clay,11.24,0
73.04,28.08,77.08,4.56,late,loamy,10.82,0
77.88,21.21,63.81,5.11,mid_season,loamy,22.69,0
43.13,27.67,39.92,3.27,late,clay,5.4,0
22.66,24.09,51.32,2.69,development,clay,5.56,0
25.55,25.91,59.72,4.3,development,clay,14.4,0
37.68,28.76,50.66,3.6,mid_season,sandy,7.56,0
71.68,29.19,81.91,0,late,clay,0,0
74.44,28.87,75.66,5.21,late,loamy,17.3,0
54.5,27.26,35.91,5.38,initial,sandy,0.89,0
61.34,23.64,72.43,2.67,late,clay,5.65,0
39.82,25.61,79.35,3.8,mid_season,loamy,2.85,0
62.86,32.71,55.45,4.03,initial,clay,13.66,0
32.98,33.45,66.26,5.62,mid_season,sandy,5.68,0
46.21,25.44,48.0,4.25,initial,clay,11.05,0
51.73,27.26,59.69,0,initial,clay,0,0
45.7,25.89,75.47,2.65,development,sandy,3.94,0
36.59,22.27,71.42,4.31,development,loamy,20.43,0
75.07,26.87,47.47,0,initial,clay,0,0
54.99,29.53,70.89,3.25,mid_season,clay,11.49,0
71.55,30.85,82.77,4.94,initial,clay,4.91,0
40.6,34.08,81.05,3.61,mid_season,loamy,5.39,0
57.03,26.12,54.27,3.38,mid_season,clay,12.85,0
52.88,29.92,81.09,0,initial,clay,0,0
40.68,20.38,70.04,4.65,late,sandy,0.69,0
53.69,21.44,67.54,3.51,late,sandy,1.72,0
56.89,32.31,68.69,0,late,sandy,0,1
50.47,28.04,81.31,0,initial,sandy,0,0
43.96,33.83,42.01,3.52,initial,sandy,15.98,0
68.79,34.44,82.04,3.48,development,sandy,14.29,0
47.4,33.75,42.4,3.92,mid_season,sandy,21.0,0
43.01,32.06,51.04,4.31,late,sandy,6.51,0
42.0,29.41,44.92,4.66,development,loamy,20.2,0
49.05,33.37,48.31,0,development,sandy,0,1
84.72,21.54,83.13,0,mid_season,sandy,0,0
53.1,30.81,73.75,5.54,late,clay,9.47,0
38.52,32.04,47.91,0,initial,clay,0,0
32.43,25.38,58.13,3.41,mid_season,clay,9.7,0
67.13,22.6,42.92,2.84,late,clay,0.5,0
44.69,19.11,42.98,5.72,development,clay,2.67,0
46.74,21.81,69.49,4.05,mid_season,sandy,13.97,0
45.49,29.61,64.79,5.3,mid_season,loamy,10.62,0
40.95,26.51,45.14,3.58,late,clay,26.29,0
45.59,34.84,71.53,0,development,clay,0,0
70.84,21.75,41.07,3.24,initial,sandy,4.24,0
28.59,31.25,47.63,0,initial,loamy,0,0
51.62,31.74,46.72,0,initial,loamy,0,0
75.01,33.53,81.0,0,initial,sandy,0,0
69.25,34.22,78.74,0,development,sandy,0,0
55.82,22.86,81.74,4.5,late,clay,5.3,0
76.81,18.03,40.41,0,mid_season,sandy,0,0
82.68,33.92,82.38,3.33,late,sandy,15.65,0
77.83,35.47,76.62,4.83,mid_season,clay,16.05,0
78.57,26.86,80.72,0,late,sandy,0,0
40.85,25.55,44.91,4.96,development,sandy,11.53,0
63.63,35.64,42.29,3.86,initial,clay,11.89,0
67.92,27.66,64.98,3.39,development,clay,13.19,0
54.23,25.97,60.69,0,initial,loamy,0,0
27.26,31.94,35.49,4.21,mid_season,clay,18.85,0
56.09,23.14,62.66,4.17,late,clay,4.47,0
49.98,18.0,66.86,4.17,development,clay,14.82,0
64.94,19.04,44.86,4.59,initial,clay,8.03,0
73.24,19.58,81.67,4.43,initial,sandy,7.32,0
79.12,31.81,78.15,5.05,initial,loamy,2.25,0
46.74,27.13,60.74,3.36,late,clay,7.42,0
74.25,25.99,44.38,5.07,late,loamy,2.25,0
71.32,35.99,52.42,5.99,late,clay,5.89,0
45.81,20.37,41.33,1.76,development,sandy,5.91,0
74.23,18.09,71.26,4.82,initial,sandy,1.03,0
43.21,23.03,42.85,4.82,mid_season,clay,14.33,0
49.71,31.8,59.39,6.94,mid_season,clay,10.97,0
27.18,32.57,63.05,3.97,late,loamy,7.14,0
42.57,20.25,49.14,3.45,late,clay,0.09,0
64.17,20.15,47.38,4.28,mid_season,loamy,12.57,0
50.66,30.35,56.55,0,initial,sandy,0,0
95,19.51,79.72,0,initial,sandy,0,0
80.0,20.21,54.24,3.41,initial,sandy,5.45,0
26.33,19.52,46.07,2.17,mid_season,clay,9.49,0
64.11,30.68,80.05,0,initial,clay,0,0
44.79,28.36,61.96,4.52,late,clay,17.7,0
52.48,31.68,67.09,2.67,mid_season,sandy,10.56,0
69.7,30.55,59.11,2.58,initial,loamy,3.43,0
53.89,34.92,74.77,3.37,late,loamy,17.31,0
53.99,26.24,46.37,2.93,initial,sandy,8.74,0
40.58,32.97,67.38,2.79,late,loamy,9.01,0
56.21,20.24,39.51,5.45,mid_season,loamy,7.32,0
26.08,30.01,55.67,3.12,mid_season,clay,5.85,0
68.67,20.83,83.15,4.29,mid_season,sandy,15.68,0
48.5,24.14,72.11,4.7,development,clay,19.91,0
45.45,26.39,41.87,2.87,mid_season,clay,16.16,0
54.59,34.41,79.25,4.44,mid_season,loamy,20.68,0
42.84,24.71,71.45,4.02,mid_season,clay,7.25,0
43.94,32.11,80.41,4.91,initial,loamy,2.12,0
42.67,31.48,73.79,3.76,late,loamy,7.37,0
24.86,20.35,50.1,3.33,mid_season,loamy,8.15,0
66.04,30.82,40.49,5.23,late,loamy,16.96,0
33.34,20.51,63.23,4.15,mid_season,sandy,15.63,0
54.02,24.98,69.17,4.48,development,loamy,1.45,0
67.36,33.36,83.03,4.4,mid_season,loamy,18.26,0
51.85,18.22,54.74,3.45,development,sandy,11.15,0
75.79,21.0,84.73,3.05,initial,clay,15.75,0
51.32,32.63,66.13,0,initial,sandy,0,0
74.09,18.84,75.25,5.43,development,loamy,13.37,0
31.32,27.76,71.92,3.85,mid_season,loamy,11.69,0
60.27,32.14,68.29,2.72,late,sandy,17.26,0
62.95,28.05,37.66,4.21,late,clay,8.93,0
32.11,27.17,47.75,1.85,late,clay,4.63,0
67.57,27.84,73.83,4.38,late,clay,12.14,0
26.54,35.18,84.78,0,initial,loamy,0,0
57.21,24.33,59.43,3.13,mid_season,sandy,4.27,0
38.4,28.73,72.93,2.18,mid_season,clay,2.71,0
38.74,18.63,84.24,4.43,late,clay,24.37,0
38.87,34.61,72.7,4.14,mid_season,clay,15.18,0
82.09,21.82,61.81,0,initial,sandy,0,0
50.5,35.07,81.65,3.18,mid_season,loamy,16.06,0
51.04,35.92,83.66,4.32,development,sandy,24.2,0
30.81,28.91,71.27,2.75,development,loamy,9.08,0
50.55,23.89,39.62,3.44,mid_season,clay,1.81,0
44.59,31.05,69.32,0,late,loamy,0,1
33.21,23.63,54.49,4.12,development,loamy,2.99,0
73.56,34.54,75.9,2.03,development,loamy,8.8,0
42.81,29.57,78.73,4.85,mid_season,clay,16.62,0
44.37,20.21,39.52,6.02,development,loamy,3.95,0
54.42,24.99,60.55,0,late,loamy,0,0
83.0,25.47,40.69,4.98,development,sandy,0.54,0
56.52,33.01,61.84,3.79,mid_season,clay,11.45,0
58.63,24.17,39.67,5.84,late,sandy,5.7,0
40.21,25.65,35.34,1.67,late,sandy,14.92,0
50.41,28.12,74.73,2.5,mid_season,sandy,5.59,0
59.76,27.67,66.11,5.57,initial,clay,8.14,0
70.27,33.81,62.3,4.82,mid_season,clay,14.06,0
25.87,31.79,69.31,3.58,late,sandy,3.83,0
54.87,31.98,72.22,3.89,mid_season,clay,10.2,0
68.75,28.88,67.16,3.82,mid_season,clay,5.85,0
50.91,30.31,64.23,2.15,mid_season,sandy,6.52,0
59.25,32.38,69.26,5.12,development,clay,14.3,0
48.91,31.73,42.13,0,initial,loamy,0,0
65.58,27.6,42.45,0,initial,clay,0,0
31.84,28.33,44.6,5.47,mid_season,sandy,19.06,0
17.7,26.09,55.03,3.62,mid_season,clay,4.86,0
59.7,34.52,60.12,2.22,mid_season,sandy,21.31,0
67.33,31.8,55.76,3.49,late,clay,1.28,0
88.98,28.93,52.89,2.12,initial,sandy,1.41,0
39.66,31.7,38.13,4.46,late,clay,16.23,0
82.48,29.56,42.62,6.5,mid_season,clay,14.53,0
51.58,34.58,59.88,0,late,sandy,0,1
17.72,31.87,50.11,4.63,development,clay,16.59,0
55.69,35.29,50.2,4.0,mid_season,sandy,16.46,0
61.67,28.75,68.59,2.38,late,clay,0.89,0
60.16,34.02,39.06,0,late,sandy,0,0
46.16,26.5,77.46,2.28,late,clay,13.76,0
67.46,34.67,51.93,4.33,development,sandy,8.99,0
78.49,34.65,79.36,3.56,initial,clay,11.85,0
56.25,25.22,70.92,3.97,late,sandy,5.06,0
79.68,30.22,70.22,4.23,development,sandy,8.18,0
37.53,19.06,40.52,4.53,initial,loamy,7.01,0
68.64,23.61,76.42,5.35,late,clay,6.35,0
29.55,21.77,70.82,3.1,mid_season,loamy,11.39,0
89.17,32.28,39.09,2.9,initial,clay,4.9,0
83.31,25.54,66.46,4.0,late,loamy,0.69,0
81.05,27.53,55.1,3.95,late,clay,9.05,0
56.7,18.4,37.54,0,late,clay,0,0
92.37,32.54,55.91,0,initial,sandy,0,0
68.62,22.7,67.58,5.14,initial,loamy,2.63,0
45.39,33.36,66.43,0,development,loamy,0,1
79.79,22.88,58.46,0,late,clay,0,0
44.25,19.45,49.0,3.57,initial,sandy,10.61,0
65.71,35.11,65.42,3.51,development,loamy,2.91,0
72.29,19.5,50.87,4.97,mid_season,clay,28.17,0
59.11,35.92,40.89,3.2,development,loamy,12.52,0
68.73,25.29,82.3,3.39,initial,clay,5.98,0
81.25,21.59,47.22,5.16,development,clay,4.15,0
46.19,24.54,48.64,3.6,late,sandy,9.26,0
65.68,19.97,78.62,5.34,mid_season,clay,20.31,0
55.95,29.22,73.3,3.88,development,sandy,3.79,0
53.36,22.3,78.42,3.36,initial,loamy,3.18,0
27.23,28.52,43.25,4.3,development,clay,16.89,0
55.35,28.35,64.54,4.23,late,sandy,5.18,0
50.06,24.56,77.3,0,initial,loamy,0,0
43.0,34.17,44.68,5.77,mid_season,sandy,6.64,0
81.15,25.18,55.24,4.38,development,loamy,13.25,0
45.23,34.26,43.28,3.45,initial,loamy,5.34,0
67.99,21.35,64.83,4.34,mid_season,sandy,15.41,0
44.13,34.04,62.04,0,late,loamy,0,1
50.64,19.53,78.64,4.7,late,loamy,4.31,0
14.56,31.03,79.13,2.31,development,loamy,2.58,0
49.9,34.62,67.09,1.68,development,sandy,8.65,0
56.29,30.95,45.04,2.77,mid_season,loamy,8.54,0
58.7,28.33,36.24,1.32,development,clay,11.58,0
56.58,26.94,81.13,4.3,late,clay,6.14,0
44.36,20.85,54.98,4.16,mid_season,loamy,11.42,0
52.15,29.92,67.7,3.83,late,loamy,14.82,0
61.82,32.06,58.05,5.12,development,clay,18.85,0
28.62,22.25,62.85,5.21,development,clay,7.07,0
69.86,18.81,64.04,3.95,development,sandy,0.65,0
29.48,34.83,58.22,0,mid_season,sandy,0,1
43.8,21.03,37.76,6.07,late,clay,15.09,0
95,20.67,51.27,2.66,initial,loamy,8.77,0
83.09,35.4,36.25,4.51,late,sandy,1.46,0
32.19,22.53,69.5,0,initial,loamy,0,0
63.66,19.31,69.26,4.46,initial,loamy,0.83,0
54.15,22.11,45.02,6.21,late,sandy,1.19,0
54.91,33.21,38.57,4.25,late,sandy,3.28,0
35.27,29.69,59.94,4.47,development,sandy,14.51,0
77.97,18.09,41.13,4.34,initial,clay,8.37,0
60.18,28.12,58.75,6.13,development,loamy,2.43,0
25.71,25.98,46.98,2.01,mid_season,sandy,8.28,0
51.24,30.29,41.13,3.64,initial,clay,0.27,0
51.94,33.79,74.94,2.84,mid_season,loamy,10.86,0
50.38,18.46,62.4,4.97,development,sandy,4.49,0
65.34,20.84,55.63,3.22,initial,clay,15.37,0
52.27,23.18,48.19,0,mid_season,loamy,0,0
58.6,26.23,41.74,0,initial,loamy,0,0
95,29.44,50.1,0,development,sandy,0,0
32.61,21.35,44.88,3.18,development,clay,1.51,0
51.99,32.93,73.25,2.8,late,sandy,6.19,0
73.91,22.24,68.87,4.46,mid_season,clay,14.34,0
69.79,28.4,65.89,0,initial,clay,0,0
47.81,18.96,51.85,4.8,development,sandy,17.47,0
52.23,30.34,84.97,0,development,sandy,0,1
60.74,28.66,55.39,4.19,mid_season,loamy,26.04,0
37.05,35.08,72.27,4.28,initial,sandy,6.34,0
95,32.14,61.62,5.33,development,loamy,10.36,0
65.11,20.39,66.2,4.43,development,sandy,14.76,0
56.02,18.6,68.45,3.79,initial,sandy,5.87,0
62.31,25.64,69.07,3.69,mid_season,sandy,4.42,0
57.68,26.47,71.59,5.71,mid_season,sandy,7.9,0
73.3,24.49,40.77,4.59,mid_season,sandy,3.58,0
47.82,18.92,65.21,4.59,late,loamy,5.59,0
77.23,35.64,58.36,2.76,late,sandy,0.56,0
64.23,20.22,44.31,4.13,mid_season,clay,10.68,0
54.51,28.26,41.07,3.32,late,clay,0.15,0
57.17,19.03,66.79,4.71,development,sandy,20.29,0
42.84,33.75,51.86,5.41,initial,sandy,1.5,0
61.09,30.77,77.95,2.34,late,clay,5.85,0
37.87,31.98,41.8,0,development,clay,0,1
20.59,25.22,50.16,3.43,development,sandy,7.15,0
54.02,28.04,47.11,3.31,mid_season,clay,12.87,0
53.93,32.01,42.58,3.69,mid_season,loamy,18.81,0
22.4,28.73,57.1,4.39,development,loamy,12.24,0
50.69,21.81,74.08,2.53,development,loamy,15.76,0
60.91,19.72,55.89,2.29,initial,sandy,4.39,0
57.21,20.7,43.65,0.72,late,sandy,12.15,0
58.84,30.01,78.71,1.55,mid_season,clay,12.91,0
29.51,25.51,54.07,6.08,initial,loamy,7.24,0
55.91,20.28,36.54,5.07,initial,clay,21.91,0
46.41,25.17,68.29,4.65,initial,clay,13.83,0
57.06,25.01,74.23,3.58,late,loamy,13.04,0
68.97,23.33,68.64,4.27,development,sandy,9.15,0
24.28,30.6,38.0,3.75,development,sandy,13.2,0
64.79,27.39,65.88,3.44,mid_season,clay,6.39,0
70.9,20.03,81.27,0,late,loamy,0,0
50.18,20.37,76.64,5.71,development,loamy,4.41,0
64.55,28.21,80.36,2.6,development,loamy,20.45,0
58.57,29.8,81.59,2.36,mid_season,clay,14.29,0
59.83,19.66,38.65,1.79,late,loamy,7.22,0
56.75,35.12,77.34,4.44,initial,sandy,2.53,0
95,33.39,50.52,3.73,mid_season,clay,14.49,0
65.19,18.59,84.82,4.52,mid_season,clay,16.6,0
42.07,30.54,72.99,3.79,late,sandy,6.07,0
59.48,31.33,35.12,3.25,late,clay,12.77,0
31.0,24.49,53.06,3.36,initial,clay,10.27,0
29.37,32.76,63.44,4.14,mid_season,loamy,12.94,0
65.02,33.25,69.92,3.26,mid_season,sandy,13.19,0
53.22,35.88,43.93,2.59,development,sandy,9.32,0
60.7,29.92,64.26,0,initial,clay,0,0
34.15,30.69,83.42,0,mid_season,loamy,0,1
67.58,32.19,35.14,3.88,mid_season,clay,9.11,0
43.85,23.52,44.54,5.35,development,clay,4.53,0
95,28.92,63.85,0,late,sandy,0,0
48.05,18.91,45.78,4.87,late,loamy,18.43,0
65.34,33.62,64.09,2.92,late,loamy,11.93,0
19.62,33.57,83.36,3.87,late,sandy,8.88,0
36.71,23.62,72.69,4.22,late,loamy,14.05,0
52.31,30.67,57.01,3.57,mid_season,sandy,11.71,0
37.61,24.61,40.61,4.95,initial,loamy,11.6,0
62.21,22.99,49.43,4.55,late,sandy,5.18,0
43.67,24.24,77.86,4.23,initial,loamy,2.78,0
43.44,27.44,41.23,1.62,initial,loamy,6.21,0
65.94,24.27,64.96,0,initial,clay,0,0
71.89,20.75,58.61,4.42,mid_season,clay,17.59,0
52.28,35.35,74.45,3.65,late,loamy,6.61,0
59.82,32.62,55.8,3.09,development,clay,10.95,0
46.79,21.61,80.44,3.26,mid_season,sandy,13.44,0
33.75,25.51,67.07,4.15,late,sandy,7.63,0
39.81,28.95,46.65,3.79,late,loamy,7.69,0
59.25,22.85,48.85,5.5,development,clay,18.39,0
56.19,20.72,39.42,4.98,late,clay,2.54,0
41.23,31.46,65.85,4.21,initial,loamy,13.82,0
49.32,32.21,60.65,4.11,late,clay,20.0,0
41.81,34.23,75.64,3.13,development,sandy,5.37,0
53.24,19.7,52.04,4.53,mid_season,loamy,15.23,0
31.11,27.33,76.04,3.64,initial,loamy,8.07,0
62.29,24.83,76.42,4.69,development,sandy,1.77,0
55.52,27.04,47.46,2.93,mid_season,clay,15.33,0
29.9,26.44,73.96,4.07,mid_season,clay,19.41,0
74.69,32.21,58.25,2.76,mid_season,clay,7.41,0
66.83,30.17,60.12,4.53,late,sandy,10.37,0
61.99,32.0,79.62,4.08,late,clay,9.24,0
72.78,20.14,38.62,3.3,mid_season,loamy,15.21,0
26.87,29.81,61.11,4.98,mid_season,sandy,9.52,0
66.49,20.44,81.71,0,initial,sandy,0,0
54.22,22.35,58.04,4.94,late,loamy,25.16,0
73.83,29.9,81.98,4.65,development,clay,10.73,0
56.79,32.09,73.01,4.74,late,clay,0.51,0
30.07,35.54,81.93,3.38,development,sandy,12.39,0
45.73,22.94,36.76,0,initial,sandy,0,0
71.95,26.04,53.25,4.7,initial,sandy,9.05,0
69.07,28.71,70.16,7.24,initial,clay,4.31,0
60.78,32.64,50.62,2.51,initial,clay,10.33,0
30.54,27.99,45.77,2.38,late,clay,10.3,0
38.42,26.66,66.66,3.92,development,clay,18.73,0
65.71,26.91,79.31,4.23,development,sandy,16.47,0
50.47,23.79,61.13,5.17,development,loamy,16.17,0
77.41,26.71,65.8,3.55,development,loamy,24.63,0
61.14,28.82,43.79,4.71,development,loamy,12.39,0
46.02,30.49,58.2,3.65,initial,loamy,8.36,0
55.47,24.78,39.64,4.3,mid_season,loamy,7.45,0
51.36,24.16,52.99,3.09,initial,sandy,2.2,0
87.22,31.86,41.67,4.03,development,sandy,11.43,0
70.34,31.95,72.93,2.78,development,sandy,9.56,0
62.23,19.89,84.32,0,initial,loamy,0,0
49.28,21.06,43.15,4.94,initial,sandy,15.05,0
84.1,23.08,83.66,4.56,development,sandy,0.3,0
49.88,22.02,60.08,4.56,development,clay,15.2,0
59.18,25.24,65.69,4.75,mid_season,clay,11.2,0
52.16,29.34,75.56,3.75,late,sandy,12.66,0
54.03,31.84,64.09,0,development,sandy,0,1
65.47,33.24,68.04,5.65,development,loamy,15.63,0
68.27,18.7,58.85,4.38,late,sandy,3.68,0
95,35.68,63.88,3.35,development,loamy,1.61,0
33.11,22.99,35.75,4.96,development,loamy,13.98,0
55.23,26.33,50.9,4.93,late,sandy,18.3,0
62.44,32.09,69.31,5.76,mid_season,sandy,22.66,0
59.97,28.72,49.59,0,initial,sandy,0,0
27.96,34.96,58.24,3.24,initial,clay,2.32,0
72.3,29.52,44.95,4.73,mid_season,clay,20.52,0
29.0,26.56,49.79,0,late,loamy,0,1
54.95,19.37,65.31,3.83,initial,loamy,9.27,0
91.95,28.37,37.36,4.49,late,sandy,1.14,0
46.48,29.7,62.66,4.08,initial,sandy,0.18,0
50.42,24.04,74.92,4.62,initial,sandy,1.42,0
54.24,30.06,82.71,6.43,development,loamy,6.71,0
57.75,28.3,69.68,0,initial,loamy,0,0
48.21,27.17,71.46,5.16,mid_season,clay,9.33,0
83.5,21.57,66.48,3.28,mid_season,clay,16.19,0
95,21.97,36.89,0,development,loamy,0,0
20.25,18.44,40.77,0,mid_season,loamy,0,1
14.94,22.69,54.31,5.66,mid_season,loamy,13.15,0
50.47,27.09,56.83,3.56,development,sandy,9.54,0
25.86,25.67,72.49,4.34,development,sandy,3.61,0
69.88,32.7,49.12,4.34,mid_season,loamy,10.69,0
75.95,32.89,61.41,0,initial,clay,0,0
36.44,20.98,79.02,4.0,late,sandy,8.33,0
31.87,23.26,80.77,5.17,late,loamy,8.71,0
33.37,29.58,52.8,3.36,mid_season,sandy,16.06,0
24.48,32.53,51.45,4.99,development,loamy,0.55,0
54.92,34.74,51.29,3.83,development,clay,18.32,0
55.57,23.41,35.54,3.79,initial,loamy,17.47,0
35.78,19.85,50.61,4.09,mid_season,loamy,7.26,0
39.4,30.02,43.74,4.08,development,clay,9.37,0
82.99,34.25,56.58,4.18,initial,clay,1.32,0
46.23,35.95,56.08,0,initial,sandy,0,0
63.14,22.05,38.31,2.81,initial,clay,8.79,0
62.02,30.45,59.11,4.99,late,clay,22.55,0
63.83,23.87,74.25,0.66,initial,clay,18.09,0
51.75,31.7,58.35,5.96,late,clay,3.02,0
13.41,21.3,59.43,3.61,development,clay,12.22,0
62.1,32.27,39.25,5.02,development,loamy,15.14,0
52.93,21.52,69.77,3.53,initial,loamy,4.15,0
74.59,28.93,52.21,4.04,development,sandy,12.11,0
65.3,23.93,64.92,4.77,late,loamy,7.42,0
64.63,31.24,37.16,3.21,development,loamy,5.18,0
83.43,33.74,54.04,3.17,initial,sandy,6.28,0
43.11,33.43,45.2,3.33,development,loamy,2.97,0
29.86,19.71,76.71,0,initial,loamy,0,0
39.16,30.57,82.95,4.34,initial,sandy,10.47,0
95,28.84,68.24,4.75,initial,loamy,1.02,0
52.79,23.1,51.87,4.29,mid_season,sandy,8.63,0
79.21,28.59,47.96,4.43,initial,loamy,9.73,0
74.61,18.39,64.4,0,initial,sandy,0,0
52.27,29.17,35.72,3.83,development,sandy,3.66,0
77.64,34.84,46.96,3.49,initial,sandy,4.29,0
52.13,19.57,53.4,5.59,late,loamy,3.16,0
69.59,19.43,62.23,2.64,late,loamy,7.01,0
64.15,29.36,46.7,4.61,late,sandy,16.58,0
57.0,31.69,59.67,3.68,late,loamy,6.33,0
47.86,27.84,54.21,2.45,mid_season,sandy,9.12,0
68.13,29.67,41.99,5.54,late,clay,5.05,0
62.22,26.21,46.28,3.86,mid_season,sandy,7.68,0
57.63,28.45,45.88,5.6,development,clay,7.55,0
48.35,18.15,66.77,3.81,development,sandy,1.46,0
56.32,33.63,52.61,3.86,mid_season,loamy,14.09,0
33.92,34.83,59.26,0,development,sandy,0,1
50.6,28.79,70.45,3.19,late,loamy,9.6,0
7.87,27.25,38.97,3.3,mid_season,loamy,10.62,0
53.2,18.34,35.97,3.97,mid_season,clay,15.95,0
22.88,22.59,76.4,1.54,mid_season,loamy,5.1,0
39.26,25.58,46.18,5.62,development,clay,4.57,0
43.72,18.96,61.21,3.9,initial,clay,4.23,0
57.38,30.62,52.45,3.32,development,clay,5.05,0
80.26,28.79,70.3,4.28,initial,clay,5.26,0
39.27,21.58,36.37,2.86,mid_season,loamy,23.4,0
36.7,29.64,55.74,4.69,late,loamy,9.76,0
43.56,21.79,77.84,0,development,clay,0,1
84.21,19.51,65.98,4.8,mid_season,clay,9.82,0
82.08,26.94,70.57,2.27,mid_season,clay,6.15,0
59.8,26.71,62.98,5.61,initial,clay,12.4,0
33.68,21.22,61.02,4.85,mid_season,loamy,1.54,0
31.86,27.69,80.39,3.86,late,clay,4.48,0
47.98,32.25,82.36,2.08,development,clay,6.22,0
36.07,32.84,47.13,2.66,initial,sandy,3.56,0
77.41,25.83,49.97,4.78,development,loamy,10.74,0
48.8,33.17,41.2,6.34,development,sandy,4.57,0
64.26,21.98,82.51,4.22,late,loamy,4.56,0
49.22,24.56,80.19,0,development,sandy,0,1
24.25,32.74,44.32,4.39,late,loamy,11.19,0
52.42,30.88,46.48,4.07,development,clay,6.81,0
56.58,32.74,80.04,5.34,initial,clay,3.58,0
20.48,30.91,77.02,0,late,clay,0,1
69.88,32.39,52.55,3.12,late,loamy,5.02,0
62.15,19.98,79.68,4.42,development,clay,11.27,0
41.23,26.5,69.32,5.9,late,loamy,7.0,0
50.35,22.44,59.31,4.96,development,loamy,12.26,0
53.16,35.43,43.16,0,initial,loamy,0,0
30.98,27.99,77.77,3.55,late,sandy,0.97,0
50.66,23.6,48.11,3.0,mid_season,loamy,19.75,0
46.35,24.48,64.46,4.74,late,clay,8.55,0
41.86,35.46,45.63,5.91,development,loamy,3.29,0
54.28,24.63,78.24,3.91,initial,loamy,4.13,0
45.24,21.27,78.82,4.13,late,loamy,3.33,0
50.73,30.6,40.05,0,development,sandy,0,1
42.79,32.15,72.24,0,initial,loamy,0,0
39.78,34.98,70.75,3.74,late,clay,14.1,0
24.43,32.16,76.24,0,initial,sandy,0,0
12.87,18.05,79.14,4.41,late,sandy,14.15,0
70.31,26.15,64.41,4.02,development,clay,7.67,0
80.01,18.03,70.9,3.41,development,loamy,5.03,0
63.62,34.37,38.85,3.59,development,clay,3.81,0
39.13,29.12,57.72,5.99,initial,loamy,11.96,0
47.57,23.11,42.44,3.74,initial,clay,1.08,0
35.84,35.8,47.85,0,initial,sandy,0,1
67.91,21.98,84.38,3.52,development,clay,12.11,0
57.23,18.55,73.26,5.51,mid_season,loamy,13.14,0
90.37,32.19,71.33,0,development,loamy,0,0
61.77,30.96,38.58,4.42,initial,clay,10.72,0
77.54,21.1,83.36,2.38,development,sandy,20.46,0
39.94,29.21,74.54,4.98,mid_season,clay,17.02,0
51.15,32.04,58.55,0,initial,sandy,0,0
38.82,24.41,56.81,4.23,initial,clay,2.94,0
81.55,27.85,52.4,3.18,late,clay,14.48,0
34.0,34.53,62.29,2.44,initial,clay,6.37,0
32.84,35.57,68.53,0,development,sandy,0,1
48.86,23.62,73.11,4.03,late,sandy,5.1,0
48.73,31.68,45.58,3.99,development,loamy,1.65,0
44.97,19.47,62.5,0.24,late,loamy,0.01,1
34.48,25.52,76.64,3.97,mid_season,loamy,9.89,0
25.72,22.8,55.47,4.42,mid_season,clay,16.61,0
43.0,19.27,46.48,3.91,late,clay,17.23,0
49.58,35.39,51.44,4.5,mid_season,clay,21.28,0
46.38,33.22,50.58,0,late,clay,0,0
19.78,30.71,82.63,4.57,mid_season,loamy,19.88,0
73.16,28.01,62.75,2.85,late,loamy,2.99,0
84.35,35.15,74.11,5.12,initial,sandy,1.92,0
41.63,32.31,84.6,3.99,late,clay,9.41,0
81.36,21.14,37.86,3.33,mid_season,loamy,12.68,0
37.97,33.27,41.15,3.52,mid_season,clay,12.64,0
49.72,27.29,46.3,5.21,late,sandy,2.99,0
56.68,33.71,65.8,4.64,initial,loamy,9.71,0
58.5,28.38,66.05,4.28,late,loamy,2.57,0
42.3,28.16,80.14,2.86,development,clay,12.95,0
40.48,27.17,52.51,3.51,late,sandy,14.74,0
58.45,20.47,70.33,4.07,late,sandy,11.43,0
81.18,33.65,59.4,5.81,initial,sandy,11.16,0
70.66,27.04,53.52,2.67,development,sandy,7.31,0
92.61,33.9,39.31,5.47,initial,clay,22.59,0
69.28,18.22,60.0,3.78,late,clay,8.33,0
64.01,30.88,57.7,5.61,development,clay,19.4,0
69.8,29.14,46.67,2.09,initial,loamy,13.68,0
63.72,30.42,77.59,0,mid_season,sandy,0,0
59.59,25.6,45.91,5.1,development,clay,15.64,0
68.92,25.08,43.03,0,initial,sandy,0,0
34.79,25.25,48.17,0,development,sandy,0,1
35.43,23.71,61.98,5.01,mid_season,clay,16.88,0
47.22,34.39,63.34,0,late,sandy,0,1
48.0,33.86,47.31,3.82,development,clay,7.16,0
58.53,26.38,49.06,4.73,mid_season,clay,7.15,0
34.0,28.64,63.87,4.17,mid_season,sandy,11.03,0
55.47,35.88,68.88,4.67,late,sandy,3.03,0
72.15,23.75,78.24,5.21,development,clay,16.04,0
44.84,21.42,81.31,0,initial,clay,0,0
49.45,30.17,58.17,3.08,late,loamy,8.34,0
72.55,31.59,83.16,0,initial,sandy,0,0
42.48,19.1,50.15,2.96,development,loamy,15.19,0
65.09,32.0,40.23,4.39,late,clay,13.24,0
95,20.8,83.31,4.91,initial,loamy,11.34,0
41.72,27.53,37.99,0,initial,clay,0,0
60.33,30.24,69.66,0,late,sandy,0,0
36.93,25.41,42.54,0,late,clay,0,1
38.79,25.61,41.66,1.81,mid_season,sandy,15.65,0
79.14,21.14,40.35,5.57,late,sandy,2.19,0
50.71,34.59,65.21,0,initial,loamy,0,0
70.39,23.02,55.32,2.12,development,clay,8.78,0
69.52,21.79,66.81,0,development,loamy,0,0
80.24,32.04,52.46,5.19,late,sandy,5.71,0
94.88,30.28,74.39,2.47,development,sandy,3.54,0
40.51,23.84,43.9,4.9,mid_season,loamy,15.83,0
46.7,30.4,46.37,6.01,mid_season,sandy,9.82,0
68.61,19.79,61.0,2.83,mid_season,clay,23.56,0
23.08,30.53,84.38,0.68,mid_season,sandy,15.02,0
60.67,26.09,50.77,2.2,mid_season,clay,15.36,0
64.92,32.51,50.89,3.54,development,loamy,9.95,0
23.61,18.06,42.87,4.24,development,clay,2.39,0
66.17,26.16,58.35,2.66,late,sandy,7.82,0
38.17,23.44,76.11,6.88,mid_season,clay,26.9,0
64.04,34.9,46.13,3.28,late,loamy,16.24,0
41.69,27.74,60.33,3.99,mid_season,loamy,27.18,0
82.16,27.91,48.4,4.43,late,loamy,8.4,0
57.6,19.97,67.68,4.48,development,clay,5.03,0
57.43,23.7,59.04,1.97,initial,sandy,14.08,0
62.67,32.46,76.63,3.55,mid_season,clay,20.1,0
77.5,28.15,63.58,4.35,late,clay,20.43,0
44.17,20.79,83.2,4.78,late,clay,8.25,0
27.35,25.99,83.24,3.2,mid_season,sandy,1.18,0
66.52,18.21,39.62,4.94,initial,sandy,3.85,0
94.23,25.6,48.69,3.92,mid_season,loamy,14.53,0
61.85,23.81,45.95,3.32,late,loamy,1.3,0
64.04,27.94,76.33,5.02,initial,loamy,10.67,0
56.31,23.11,83.73,5.5,development,clay,8.28,0
87.43,29.11,47.19,2.16,initial,sandy,7.08,0
82.65,28.89,57.57,3.21,mid_season,loamy,6.74,0
32.98,18.46,57.81,2.87,initial,loamy,11.76,0
95,18.52,82.35,3.93,initial,clay,0.58,0
26.17,28.19,36.72,3.85,mid_season,sandy,12.77,0
28.36,26.91,64.64,3.57,initial,clay,13.06,0
43.14,20.24,51.59,5.72,initial,loamy,1.55,0
85.74,24.07,69.45,5.26,late,loamy,16.54,0
58.12,25.98,52.25,5.1,initial,clay,6.97,0
46.61,32.7,50.39,3.97,mid_season,sandy,20.62,0
41.37,23.09,54.71,3.49,late,sandy,17.32,0
54.64,18.8,62.68,2.24,late,sandy,1.01,0
56.62,22.47,43.79,5.04,development,clay,4.19,0
47.33,25.0,54.45,4.26,mid_season,loamy,18.05,0
62.95,28.23,49.39,3.33,development,loamy,10.13,0
34.18,28.26,59.91,0,late,loamy,0,1
48.28,27.43,45.53,5.89,late,clay,9.47,0
44.31,33.51,70.5,3.54,late,clay,7.37,0
65.09,18.71,40.54,4.68,development,loamy,18.54,0
30.27,20.23,54.32,3.62,initial,clay,9.0,0
46.82,21.47,55.97,4.12,initial,clay,2.39,0
42.15,22.53,48.53,6.0,mid_season,sandy,2.52,0
73.69,19.76,42.83,5.28,mid_season,loamy,9.53,0
66.96,30.75,80.9,0,initial,sandy,0,0
70.72,31.77,67.99,4.52,initial,clay,8.25,0
14.74,21.72,38.68,0,initial,loamy,0,0
54.85,34.16,35.01,0,development,clay,0,0
51.84,21.05,59.65,0,initial,loamy,0,0
59.59,22.77,35.57,3.5,development,clay,7.4,0
50.2,19.06,79.51,2.9,late,clay,5.04,0
53.37,23.97,63.43,2.49,mid_season,loamy,16.32,0
28.11,29.83,70.85,4.29,late,loamy,12.31,0
51.36,20.93,83.15,3.93,mid_season,sandy,11.53,0
43.65,20.29,46.66,3.72,late,loamy,5.35,0
65.27,19.46,44.52,2.42,development,clay,10.55,0
64.13,23.65,39.36,4.02,late,clay,13.81,0
73.05,30.0,65.94,5.01,late,clay,14.49,0
51.45,33.97,79.77,4.86,initial,clay,8.78,0
23.51,34.11,44.96,3.26,initial,loamy,3.69,0
50.77,27.32,48.81,5.5,development,loamy,17.96,0
72.41,31.24,63.42,3.54,mid_season,sandy,15.93,0
37.93,29.92,68.41,0,development,loamy,0,1
23.66,33.82,57.14,3.67,mid_season,loamy,22.2,0
56.33,22.87,53.37,4.55,mid_season,loamy,22.47,0
52.44,20.03,77.07,3.62,development,sandy,16.11,0
56.65,21.3,78.48,3.79,initial,sandy,8.21,0
66.67,32.97,39.41,4.63,mid_season,sandy,7.97,0
55.31,22.41,45.01,4.13,late,loamy,1.01,0
35.58,22.86,71.14,3.14,mid_season,clay,11.78,0
62.33,20.74,64.22,4.99,initial,loamy,3.08,0
56.56,27.07,45.35,0,initial,loamy,0,0
62.39,18.04,51.47,3.27,mid_season,sandy,4.39,0
48.29,25.09,35.86,2.09,late,loamy,12.41,0
73.81,32.19,61.24,3.58,late,sandy,18.89,0
49.0,31.44,71.95,3.3,mid_season,clay,9.14,0
33.16,24.43,65.1,4.85,late,loamy,8.22,0
44.08,32.81,83.36,5.63,initial,loamy,1.71,0
74.2,35.54,81.05,6.06,mid_season,clay,12.86,0
75.63,34.44,59.48,4.99,development,loamy,13.81,0
54.75,26.19,55.98,4.66,late,sandy,1.18,0
41.31,20.14,77.23,3.3,development,sandy,8.3,0
75.74,23.79,66.13,5.24,mid_season,loamy,12.57,0
70.29,34.08,54.35,4.62,development,loamy,2.21,0
60.95,31.68,54.74,5.13,mid_season,loamy,2.23,0
80.05,35.33,61.19,4.23,mid_season,loamy,18.17,0
58.48,20.48,69.32,3.39,development,loamy,8.31,0
55.56,24.05,47.49,5.24,late,loamy,0.77,0
38.11,22.81,83.43,2.94,mid_season,sandy,16.69,0
73.44,33.85,67.14,3.19,mid_season,sandy,5.01,0
71.66,34.05,44.72,6.65,initial,loamy,2.01,0
79.48,27.2,35.54,6.43,initial,sandy,10.0,0
50.69,31.57,76.15,4.62,initial,sandy,6.08,0
59.11,25.56,40.28,0,initial,clay,0,0
41.5,28.79,72.59,3.62,development,loamy,5.02,0
42.06,35.03,68.21,2.47,initial,sandy,12.81,0
62.56,25.82,60.77,2.91,late,clay,9.27,0
43.4,19.91,81.64,4.91,late,loamy,13.39,0
51.99,21.35,70.73,5.85,development,clay,15.54,0
48.56,31.0,66.28,4.15,mid_season,clay,9.06,0
51.46,24.01,39.9,5.39,development,loamy,3.98,0
45.88,33.17,83.51,5.03,late,sandy,19.7,0
41.42,27.3,52.61,5.29,mid_season,loamy,15.72,0
66.59,32.68,47.72,6.79,initial,loamy,15.6,0
54.88,30.08,52.86,3.78,development,loamy,16.79,0
85.96,19.87,76.26,3.63,late,sandy,18.39,0
42.81,28.62,37.76,2.16,development,clay,14.3,0
76.44,21.65,68.8,3.49,development,loamy,9.87,0
49.89,35.06,65.87,0,initial,sandy,0,0
48.19,29.56,53.2,3.79,development,clay,16.09,0
72.13,31.85,72.75,0,mid_season,sandy,0,0
85.2,32.41,70.42,3.09,mid_season,loamy,4.02,0
37.54,23.98,82.53,4.33,late,sandy,5.99,0
49.19,22.94,70.52,0,late,loamy,0,1
89.24,31.86,47.01,2.24,mid_season,clay,6.12,0
37.54,25.31,50.42,6.23,initial,loamy,6.62,0
79.34,20.05,51.74,3.69,initial,loamy,6.45,0
57.29,30.72,83.77,3.57,late,sandy,2.86,0
52.24,25.62,75.79,3.03,mid_season,sandy,10.09,0
68.67,25.63,84.16,2.11,mid_season,loamy,16.63,0
63.89,28.5,66.54,4.24,mid_season,loamy,5.81,0
42.62,33.41,54.57,3.78,development,sandy,5.61,0
22.68,29.61,43.49,0,late,loamy,0,1
41.56,19.11,67.29,4.46,initial,clay,10.23,0
48.57,31.35,53.67,4.41,development,clay,9.88,0
57.39,25.88,50.05,3.56,late,clay,15.22,0
57.08,31.21,42.72,4.74,late,sandy,17.75,0
43.38,22.97,39.42,3.7,mid_season,clay,5.0,0
95,30.87,81.67,0,late,loamy,0,0
21.32,29.54,83.95,0,development,sandy,0,1
24.1,22.59,77.86,3.96,mid_season,loamy,5.81,0
32.75,31.12,58.64,3.98,mid_season,clay,11.31,0
48.88,24.81,66.01,5.33,late,clay,2.43,0
70.12,35.65,65.03,2.48,late,sandy,13.1,0
51.0,28.72,75.83,4.59,initial,clay,8.74,0
56.13,24.68,65.6,3.84,mid_season,sandy,11.64,0
55.84,31.14,66.34,5.11,initial,clay,1.48,0
56.15,30.31,65.97,0,late,sandy,0,1
57.46,33.23,44.09,4.12,late,loamy,2.36,0
19.81,34.74,45.45,4.41,mid_season,sandy,11.53,0
82.26,34.74,58.33,3.1,initial,clay,8.03,0
66.44,27.74,40.21,5.11,initial,sandy,8.76,0
63.85,27.0,53.53,1.7,late,sandy,23.17,0
73.83,28.28,59.2,3.79,development,loamy,6.99,0
39.28,30.9,60.13,4.34,initial,loamy,10.34,0
47.75,27.87,56.41,3.89,late,loamy,9.61,0
95,34.21,78.8,2.45,mid_season,loamy,17.3,0
47.46,22.44,70.54,4.13,late,sandy,18.38,0
47.34,20.83,70.62,6.23,mid_season,sandy,6.97,0
56.53,28.0,48.66,5.12,mid_season,sandy,10.05,0
56.69,23.79,42.27,3.48,initial,loamy,4.45,0
70.82,33.68,61.08,4.29,initial,clay,4.9,0
69.54,19.32,79.21,3.42,mid_season,clay,17.19,0
47.24,18.29,70.44,4.81,development,clay,11.81,0
60.8,19.25,46.54,6.16,late,clay,5.88,0
58.17,31.3,52.94,4.68,mid_season,clay,12.44,0
35.07,27.93,59.47,0,development,sandy,0,1
70.79,34.48,84.46,2.68,development,sandy,0.07,0
77.14,27.86,66.83,2.23,late,sandy,0.41,0
76.45,28.89,74.39,3.58,development,loamy,5.09,0
49.01,34.61,69.22,4.45,late,sandy,6.96,0
66.47,31.15,62.54,5.12,late,loamy,7.31,0
66.48,27.46,49.86,4.49,development,loamy,3.49,0
65.34,20.31,49.29,0,late,clay,0,0
95,35.82,83.62,3.46,development,clay,10.0,0
60.12,19.38,63.44,3.47,mid_season,sandy,11.19,0
77.4,28.14,45.7,3.49,late,loamy,7.23,0
36.01,24.79,81.26,5.0,initial,clay,8.9,0
39.01,22.05,58.77,0,initial,sandy,0,0
47.75,23.73,44.42,2.71,development,sandy,3.73,0
69.68,24.14,70.5,4.35,late,loamy,10.49,0
70.07,26.04,78.99,4.25,initial,loamy,8.56,0
62.1,20.97,66.78,4.84,initial,clay,9.79,0
37.59,20.15,57.54,0,initial,loamy,0,0
30.66,27.06,81.23,6.23,late,sandy,4.69,0
44.13,31.14,48.22,4.23,mid_season,loamy,4.99,0
62.62,32.81,66.31,3.4,initial,sandy,9.79,0
24.57,23.68,73.13,5.55,mid_season,loamy,15.42,0
62.42,23.36,80.2,0,development,sandy,0,0
55.23,26.58,81.74,4.75,late,loamy,9.29,0
61.53,27.43,35.77,0,development,sandy,0,0
30.48,18.13,36.71,2.23,late,sandy,23.55,0
81.75,23.25,55.79,4.23,development,loamy,2.52,0
78.22,35.17,43.1,4.4,initial,loamy,4.96,0
47.93,33.27,54.74,0,initial,loamy,0,0
22.4,28.17,35.36,3.53,development,sandy,6.36,0
32.57,24.07,72.73,4.52,initial,sandy,3.97,0
45.05,28.76,53.39,1.88,mid_season,clay,5.8,0
49.54,27.34,61.95,4.26,initial,sandy,12.55,0
72.31,34.93,38.52,0,development,clay,0,0
75.61,23.24,66.07,3.64,mid_season,sandy,7.86,0
42.93,30.82,35.33,4.53,development,sandy,0.76,0
73.64,27.47,53.17,3.31,initial,loamy,5.97,0
29.82,23.96,38.62,3.77,initial,loamy,9.04,0
82.88,22.63,38.41,3.27,initial,loamy,19.76,0
86.34,26.78,38.94,2.07,late,sandy,13.18,0
43.84,26.69,70.24,5.38,initial,loamy,9.92,0
50.6,32.27,47.14,4.16,late,loamy,6.02,0
67.74,27.13,68.81,3.63,mid_season,loamy,7.27,0
53.32,29.06,63.33,0,initial,clay,0,0
91.88,33.3,51.59,2.86,mid_season,loamy,13.34,0
62.58,27.83,54.5,0,initial,clay,0,0
25.68,30.78,51.75,1.58,development,sandy,4.77,0
43.68,33.07,70.81,3.82,mid_season,loamy,13.17,0
46.56,34.97,38.29,3.46,mid_season,sandy,8.39,0
67.42,18.7,75.36,4.29,late,clay,6.16,0
28.24,24.02,47.12,0,late,clay,0,1
50.3,26.93,41.19,6.2,mid_season,sandy,10.53,0
73.75,27.11,82.84,5.05,late,loamy,9.89,0
44.74,22.78,57.77,1.32,development,loamy,24.69,0
37.09,31.14,55.58,4.6,mid_season,loamy,4.25,0
82.96,32.34,72.43,4.21,development,clay,1.87,0
68.32,18.95,66.96,3.7,development,sandy,6.87,0
27.77,30.42,43.26,2.48,late,clay,13.42,0
65.31,24.85,71.27,0,development,loamy,0,0
62.53,34.71,42.05,3.67,late,sandy,14.67,0
26.11,29.41,84.16,3.1,development,clay,7.29,0
31.93,23.61,61.5,3.42,late,clay,13.58,0
59.38,22.01,61.56,3.52,development,loamy,10.28,0
46.05,23.52,62.16,5.97,late,loamy,1.1,0
82.42,19.77,40.23,4.66,mid_season,loamy,17.44,0
30.21,19.57,51.59,3.42,late,clay,0.87,0
19.59,20.14,56.47,6.16,mid_season,clay,15.3,0
77.13,24.29,56.7,3.89,late,sandy,10.03,0
62.41,28.52,79.49,0,development,sandy,0,0
49.32,23.62,68.93,4.24,late,sandy,2.39,0
64.77,33.26,50.89,3.66,development,sandy,4.59,0
67.49,26.29,46.7,5.23,mid_season,sandy,7.76,0
52.16,33.57,75.13,3.59,initial,sandy,2.74,0
27.75,34.01,80.26,2.83,late,clay,7.94,0
61.67,18.62,41.3,5.08,development,sandy,16.03,0
69.55,34.21,66.82,0,late,loamy,0,0
49.67,20.8,69.04,0,initial,clay,0,0
62.04,29.57,81.24,3.56,development,sandy,0.59,0
28.53,29.08,45.51,4.21,development,sandy,13.66,0
81.09,32.26,76.98,4.04,late,loamy,12.39,0
17.69,24.79,42.54,7.03,mid_season,loamy,0.17,0
59.44,24.45,81.85,5.49,mid_season,clay,14.37,0
38.64,30.82,67.92,0,development,loamy,0,1
56.3,27.21,82.61,4.75,late,sandy,10.83,0
34.8,21.78,55.29,5.2,late,sandy,18.18,0
53.88,28.13,58.14,3.74,late,loamy,10.51,0
54.49,30.59,45.81,3.78,initial,clay,2.09,0
46.4,25.35,67.25,7.03,initial,clay,0.38,0
54.11,20.98,50.33,0,late,clay,0,0
31.42,30.09,54.62,4.49,late,sandy,3.7,0
78.95,27.7,49.72,5.77,initial,loamy,9.07,0
59.19,35.39,53.54,5.06,initial,clay,6.09,0
78.07,31.62,72.99,1.31,development,sandy,12.36,0
67.88,31.71,64.42,4.8,mid_season,loamy,12.47,0
64.0,28.0,81.57,3.96,mid_season,clay,33.79,0
28.01,19.43,68.49,3.22,initial,loamy,9.81,0
41.23,18.47,74.52,0,initial,loamy,0,0
57.63,35.34,75.18,4.33,initial,clay,9.47,0
29.14,23.39,68.25,4.99,development,clay,13.48,0
63.21,34.65,45.72,4.03,mid_season,loamy,15.09,0
49.72,18.09,84.49,6.5,development,loamy,12.45,0
53.74,20.62,52.9,2.71,development,clay,17.72,0
72.51,31.81,35.18,4.29,development,clay,2.9,0
41.2,30.39,36.08,3.79,late,clay,21.97,0
59.18,31.94,82.12,4.9,mid_season,sandy,2.7,0
52.76,20.73,55.09,4.87,late,sandy,16.65,0
62.82,28.64,41.91,4.3,development,clay,21.93,0
41.35,23.91,49.64,2.92,late,sandy,9.0,0
53.14,25.54,60.59,3.96,initial,clay,15.59,0
60.44,30.26,56.01,0,initial,loamy,0,0
84.06,25.34,44.09,5.83,mid_season,sandy,13.3,0
62.0,23.1,45.64,5.37,late,sandy,1.57,0
89.27,32.5,37.11,2.71,initial,loamy,1.08,0
75.21,29.08,73.54,3.86,initial,clay,2.02,0
62.48,20.63,75.48,4.04,mid_season,clay,20.02,0
38.29,29.83,51.31,0,initial,clay,0,0
39.46,24.83,84.41,4.95,mid_season,sandy,12.31,0
60.12,23.77,54.38,2.91,late,sandy,11.07,0
43.74,35.66,75.83,5.11,initial,clay,0.49,0
64.38,20.91,71.11,4.72,development,sandy,11.32,0
73.6,21.87,74.36,0,initial,loamy,0,0
56.55,19.55,70.87,3.8,development,clay,18.45,0
75.45,18.32,36.73,0,initial,sandy,0,0
64.45,29.07,60.03,5.35,mid_season,clay,21.73,0
38.54,34.93,76.72,2.72,late,sandy,7.19,0
57.26,26.38,80.89,4.83,mid_season,clay,21.43,0
47.45,33.44,61.85,0,development,sandy,0,1
23.08,22.02,58.52,3.75,development,clay,13.59,0
46.51,23.38,51.54,0,initial,sandy,0,0
11.17,27.71,47.68,3.57,mid_season,loamy,15.98,0
63.98,22.54,81.32,3.27,mid_season,sandy,6.7,0
42.85,23.77,42.7,6.03,development,sandy,11.72,0
71.86,20.45,35.28,3.91,development,loamy,4.54,0
43.16,33.33,61.7,3.54,late,sandy,8.27,0
31.62,31.08,68.86,4.63,initial,clay,7.54,0
78.47,24.27,45.19,2.27,development,sandy,9.38,0
67.36,29.66,47.17,2.49,initial,clay,13.12,0
51.9,31.66,51.83,2.2,initial,loamy,4.85,0
45.24,33.22,56.82,3.11,mid_season,loamy,14.32,0
60.46,34.69,36.17,6.28,development,loamy,19.06,0
24.03,33.85,50.69,0,development,loamy,0,1
50.85,18.8,47.59,0,initial,loamy,0,0
48.34,27.07,66.32,0,late,loamy,0,1
37.11,30.05,82.61,0,late,clay,0,1
30.22,24.02,43.94,4.63,late,sandy,7.11,0
64.58,29.35,65.02,3.13,mid_season,clay,18.38,0
32.98,20.53,79.23,4.02,late,clay,6.24,0
37.33,27.07,37.09,2.37,late,loamy,13.33,0
28.57,31.65,49.75,4.38,mid_season,clay,10.23,0
71.27,32.98,48.33,0,mid_season,sandy,0,0
46.51,23.5,55.33,0,initial,sandy,0,0
34.75,34.9,56.41,3.99,late,loamy,20.62,0
53.59,29.82,46.17,3.23,late,loamy,3.45,0
53.81,20.24,51.03,3.04,initial,clay,4.17,0
51.43,19.02,67.87,3.15,development,clay,24.35,0
91.13,20.57,78.17,0,late,loamy,0,0
48.71,18.81,37.76,3.34,development,clay,0.11,0
32.99,32.34,43.74,5.92,development,sandy,2.57,0
53.99,35.97,67.62,4.03,initial,clay,7.37,0
86.93,29.14,52.78,0,initial,sandy,0,0
28.21,18.17,52.69,4.1,initial,clay,3.89,0
67.93,30.89,70.1,3.65,development,sandy,14.86,0
58.11,23.42,84.95,0,late,sandy,0,1
39.62,23.47,50.44,4.72,development,sandy,16.71,0
39.51,35.38,54.99,3.6,late,sandy,18.98,0
56.57,35.45,74.41,5.26,development,clay,10.08,0
53.39,30.98,73.3,2.75,late,sandy,0.45,0
48.57,30.54,78.78,3.29,mid_season,clay,15.75,0
71.31,32.15,45.9,1.98,initial,clay,9.09,0
74.6,27.49,83.79,4.45,development,clay,17.5,0
48.47,22.62,43.53,0,late,loamy,0,1
30.49,33.76,62.33,4.67,development,sandy,5.01,0
54.89,24.31,37.33,4.57,development,clay,4.57,0
25.41,31.69,49.99,4.66,mid_season,loamy,4.36,0
29.31,29.75,75.87,4.68,development,loamy,14.93,0
95,21.99,65.55,3.38,mid_season,clay,5.95,0
21.98,31.14,79.71,3.76,late,sandy,12.43,0
71.84,27.91,37.14,1.9,development,clay,9.12,0
80.68,31.62,42.67,3.72,initial,clay,3.35,0
25.11,27.78,75.53,2.94,late,loamy,12.35,0
46.7,19.82,35.42,3.92,late,loamy,11.01,0
41.75,23.88,84.68,2.94,late,sandy,3.51,0
64.97,27.12,70.15,4.41,late,sandy,11.41,0
50.99,28.11,65.37,2.86,development,clay,4.32,0
42.06,23.96,41.69,1.95,mid_season,sandy,0.0,0
58.75,32.56,75.49,0,late,loamy,0,0
47.85,25.6,73.92,4.54,mid_season,loamy,20.41,0
49.67,35.43,40.83,4.93,development,clay,5.17,0
69.89,28.15,51.25,5.33,mid_season,clay,14.54,0
27.7,24.45,67.64,5.16,development,clay,17.27,0
62.39,22.11,57.31,0,initial,clay,0,0
35.03,21.3,70.07,4.71,mid_season,loamy,18.59,0
71.36,22.75,58.06,4.08,mid_season,loamy,4.9,0
74.75,28.05,46.66,0,initial,sandy,0,0
85.49,34.09,70.95,0,initial,clay,0,0
65.92,22.85,54.24,0,late,loamy,0,0
45.2,30.6,39.79,5.72,mid_season,loamy,14.92,0
32.21,34.82,64.17,3.11,development,clay,1.88,0
95,33.12,52.49,5.03,mid_season,sandy,29.36,0
73.01,18.63,62.79,3.14,development,loamy,10.44,0
81.44,32.03,78.77,5.26,late,clay,2.56,0
59.97,25.59,38.39,1.99,mid_season,sandy,22.2,0
65.57,31.67,61.02,4.68,late,sandy,16.18,0
58.26,28.61,82.42,0,development,loamy,0,0
47.11,24.86,62.71,3.74,late,loamy,11.1,0
30.57,26.24,74.09,3.91,late,sandy,8.97,0
40.69,29.64,77.3,3.11,development,loamy,2.46,0
66.1,20.97,57.63,2.54,late,loamy,7.9,0
74.35,27.84,67.78,4.62,initial,clay,8.99,0
48.55,26.73,38.39,7.21,mid_season,sandy,20.27,0
61.64,32.57,70.69,3.63,development,loamy,5.86,0
81.4,24.98,53.98,0,initial,clay,0,0
43.57,20.28,46.83,4.95,development,clay,14.71,0
33.87,27.4,72.6,5.09,late,loamy,19.34,0
49.57,19.78,80.41,2.49,development,sandy,10.29,0
52.97,26.07,72.25,3.02,initial,loamy,1.6,0
71.24,22.61,52.69,3.03,mid_season,loamy,15.22,0
62.78,24.57,76.88,3.43,mid_season,sandy,12.18,0
48.92,35.68,56.95,0,initial,sandy,0,0
55.04,27.01,64.53,4.15,initial,clay,12.65,0
20.38,30.57,60.06,2.32,late,clay,7.53,0
57.69,29.79,66.57,0,late,clay,0,0
60.38,31.66,70.17,2.79,mid_season,clay,17.6,0
42.41,20.66,78.5,0,development,loamy,0,1
66.24,24.42,36.6,3.08,late,sandy,3.35,0
80.24,35.15,62.22,3.88,development,sandy,9.69,0
63.96,29.45,50.56,0,initial,clay,0,0
58.14,34.59,43.96,4.83,mid_season,loamy,18.37,0
17.03,34.47,50.43,0,initial,sandy,0,0
84.75,21.75,50.29,5.02,mid_season,sandy,17.79,0
33.45,29.1,75.72,4.39,late,clay,13.53,0
50.02,31.12,61.97,4.35,mid_season,loamy,9.86,0
38.77,33.37,54.53,4.89,mid_season,sandy,21.65,0
52.48,21.08,61.79,5.09,late,clay,10.87,0
50.72,35.55,35.26,3.86,development,clay,5.84,0
61.5,24.67,80.14,0,late,loamy,0,0
68.03,29.23,55.69,0,development,loamy,0,0
49.93,31.06,48.67,3.02,mid_season,clay,10.2,0
5,18.51,57.03,2.43,mid_season,loamy,16.3,0
58.87,32.29,42.15,4.08,late,sandy,10.46,0
58.84,21.8,40.22,2.2,mid_season,clay,10.41,0
83.62,23.9,58.3,6.12,development,sandy,11.58,0
43.59,34.34,59.34,0,initial,loamy,0,0
39.07,30.57,53.73,0,initial,loamy,0,0
50.76,27.31,50.29,3.65,late,sandy,9.26,0
36.99,25.39,48.68,1.99,initial,loamy,7.7,0
51.13,27.42,37.38,3.03,mid_season,loamy,12.33,0
82.63,26.62,39.97,3.7,late,loamy,10.46,0
67.08,30.48,38.69,3.86,late,clay,7.49,0
14.79,34.26,40.99,2.06,late,clay,2.75,0
76.43,29.96,47.37,3.71,initial,clay,3.45,0
83.11,30.56,47.25,2.79,development,clay,4.08,0
41.97,30.45,49.15,3.36,late,loamy,10.68,0
56.73,22.9,76.0,0,development,sandy,0,1
25.81,28.23,81.48,5.71,initial,loamy,10.94,0
68.45,33.32,53.01,3.79,late,loamy,17.02,0
37.68,28.69,54.54,5.68,late,clay,7.53,0
73.63,23.97,46.73,0,initial,loamy,0,0
62.01,23.06,65.54,3.34,late,loamy,22.91,0
31.93,28.17,44.7,0,development,clay,0,1
69.89,25.65,53.69,3.67,late,loamy,2.65,0
51.36,20.39,44.05,2.71,late,clay,7.43,0
47.66,30.22,57.64,3.94,initial,sandy,9.96,0
56.52,23.74,45.77,3.78,late,sandy,2.46,0
62.57,32.83,50.03,1.99,development,sandy,11.49,0
70.55,32.15,44.17,4.34,initial,loamy,4.09,0
40.25,23.61,57.79,3.53,initial,clay,0.73,0
53.95,34.59,61.14,0,initial,sandy,0,0
78.14,19.26,58.43,0,initial,sandy,0,0
30.93,31.29,36.62,3.51,development,sandy,16.97,0
66.4,27.36,63.27,6.52,development,loamy,15.0,0
53.89,32.08,79.34,3.19,late,sandy,3.49,0
26.55,31.15,39.75,0,initial,clay,0,0
31.64,24.97,79.8,0,initial,clay,0,0
43.99,32.78,78.44,0,development,sandy,0,1
41.97,21.63,75.7,3.8,mid_season,clay,11.55,0
52.71,31.87,65.44,7.26,initial,sandy,5.37,0
67.68,19.22,79.46,3.95,late,clay,14.57,0
35.88,23.02,84.35,0,initial,sandy,0,0
64.01,18.65,69.19,4.49,late,clay,9.7,0
72.92,20.69,51.32,5.5,late,clay,4.01,0
64.34,26.27,74.67,0,initial,loamy,0,0
46.05,28.63,57.28,0,development,loamy,0,1
58.32,32.95,51.8,4.45,late,loamy,5.7,0
23.51,20.94,83.29,0,initial,clay,0,0
61.63,23.32,59.13,0,late,clay,0,0
51.84,27.21,68.79,4.32,late,sandy,6.68,0
57.29,24.47,60.64,5.16,mid_season,clay,9.5,0
32.88,21.87,39.52,6.11,development,loamy,8.7,0
39.43,35.17,79.23,3.7,late,clay,8.89,0
31.55,28.02,46.79,6.31,initial,clay,11.92,0
22.61,29.25,80.77,4.84,late,sandy,0.1,0
63.23,18.9,37.93,0,initial,clay,0,0
12.22,20.06,36.69,3.21,late,sandy,8.16,0
40.93,19.27,84.03,3.31,late,sandy,10.54,0
59.38,30.1,77.36,3.48,initial,sandy,2.47,0
76.88,22.63,69.64,0,initial,loamy,0,0
54.65,35.63,48.5,3.57,late,clay,17.78,0
65.56,30.39,42.07,4.1,initial,sandy,6.55,0
44.11,34.99,40.02,3.46,initial,loamy,17.48,0
54.74,24.27,83.38,2.65,development,loamy,8.65,0
20.89,21.49,46.06,4.79,development,sandy,9.42,0
69.33,20.78,58.17,3.98,development,clay,13.3,0
40.74,25.18,57.93,2.88,late,clay,9.74,0
32.49,22.51,54.43,6.14,mid_season,loamy,18.44,0
60.8,24.53,84.44,4.93,late,sandy,17.43,0
44.9,22.41,77.07,3.17,mid_season,sandy,13.88,0
58.55,31.01,46.02,3.16,development,clay,5.46,0
59.26,24.65,84.99,6.72,development,clay,14.75,0
43.83,35.55,62.6,4.28,mid_season,loamy,5.2,0
48.67,18.59,70.96,3.72,mid_season,sandy,21.85,0
68.95,22.09,68.06,3.54,late,sandy,9.9,0
43.62,29.27,68.4,4.0,initial,sandy,12.33,0
43.44,33.65,40.52,3.19,late,sandy,5.93,0
73.3,20.71,52.42,3.94,initial,clay,5.63,0
42.03,21.28,78.18,3.86,late,sandy,13.2,0
49.6,18.77,44.41,4.08,development,sandy,20.78,0
87.77,18.96,38.81,4.23,initial,clay,0.81,0
55.45,26.96,53.38,5.23,mid_season,sandy,11.03,0
78.26,33.66,57.06,4.78,development,sandy,0.53,0
51.85,18.25,61.45,5.6,mid_season,sandy,15.86,0
27.58,27.83,67.81,0,initial,sandy,0,0
43.43,18.53,81.52,3.55,development,clay,14.92,0
54.18,34.33,38.42,3.17,late,clay,8.48,0
64.68,32.8,71.11,3.45,initial,loamy,11.69,0
55.23,22.38,71.03,1.32,initial,clay,8.58,0
15.68,31.0,43.43,6.33,initial,clay,1.09,0
50.01,34.94,52.42,3.31,mid_season,sandy,10.12,0
48.37,18.03,65.16,2.62,late,loamy,3.65,0
43.63,20.96,75.19,3.53,initial,sandy,6.3,0
82.22,32.32,35.18,3.5,initial,loamy,1.04,0
51.07,32.6,68.03,3.21,late,loamy,6.44,0
26.36,34.28,78.88,3.89,mid_season,clay,22.63,0
42.45,33.05,68.73,0,late,loamy,0,1
54.42,33.69,61.87,4.28,development,loamy,10.8,0
77.5,18.35,41.03,3.28,development,clay,6.88,0
70.4,24.11,58.32,6.21,mid_season,sandy,2.91,0
65.56,19.63,67.95,4.92,late,clay,20.49,0
36.89,22.69,58.46,4.6,mid_season,loamy,12.42,0
53.91,20.32,67.12,3.1,mid_season,loamy,16.07,0
47.56,31.82,38.13,3.12,initial,clay,5.55,0
49.62,23.66,41.67,0,initial,loamy,0,0
64.28,18.13,81.05,3.91,initial,loamy,15.39,0
52.8,23.15,61.64,6.52,mid_season,clay,17.26,0
5.0,34.43,45.12,2.86,development,clay,11.36,0
70.42,30.33,66.85,4.1,mid_season,sandy,0.03,0
65.82,28.27,48.3,3.61,mid_season,loamy,18.24,0
60.62,25.86,65.07,2.95,late,sandy,3.69,0
52.81,30.44,80.22,4.9,mid_season,clay,13.31,0
55.46,33.65,83.14,4.06,mid_season,loamy,8.64,0
40.71,29.45,42.1,4.35,late,clay,16.88,0
5,18.59,48.87,3.9,late,sandy,7.32,0
39.71,30.88,70.04,2.61,mid_season,sandy,17.68,0
37.13,33.66,43.46,4.13,initial,loamy,10.05,0
50.46,27.01,52.2,0,development,sandy,0,1
52.8,34.25,40.68,2.91,late,sandy,13.6,0
57.07,27.92,77.15,5.13,initial,loamy,6.07,0
67.16,33.97,84.31,4.03,mid_season,sandy,7.4,0
31.39,18.44,71.86,3.3,initial,clay,5.39,0
46.88,24.49,67.33,3.99,development,clay,18.5,0
59.4,32.34,84.03,3.57,late,loamy,14.49,0
74.44,26.18,76.03,4.88,mid_season,clay,23.79,0
46.2,33.08,84.11,5.61,development,clay,16.72,0
56.27,27.85,50.46,4.82,development,loamy,3.93,0
82.67,35.8,43.7,2.81,initial,sandy,22.8,0
51.41,35.26,72.21,3.39,mid_season,loamy,15.84,0
51.38,32.52,55.39,4.96,initial,clay,7.43,0
60.93,18.97,69.24,4.15,mid_season,sandy,4.57,0
51.59,23.78,57.22,1.62,development,sandy,22.4,0
25.29,33.37,77.18,0,initial,clay,0,0
45.91,25.26,39.74,4.59,initial,sandy,1.2,0
22.91,21.22,39.32,4.38,late,sandy,2.54,0
60.49,32.73,36.91,4.3,development,loamy,6.48,0
41.93,33.88,36.92,6.39,late,loamy,15.71,0
40.21,19.17,68.46,3.3,initial,sandy,1.58,0
61.48,32.37,66.64,5.19,mid_season,sandy,8.29,0
27.36,26.55,40.84,4.7,mid_season,clay,25.35,0
59.32,19.65,45.79,4.66,late,sandy,5.85,0
81.29,31.11,77.82,5.06,development,clay,2.94,0
63.86,26.57,79.38,2.9,initial,sandy,7.77,0
42.88,24.92,65.11,4.45,initial,clay,17.49,0
76.64,22.93,80.27,3.2,late,loamy,10.85,0
45.81,33.82,36.8,3.61,mid_season,sandy,3.53,0
74.09,32.98,62.41,3.99,late,sandy,9.11,0
66.47,35.06,35.63,3.96,late,sandy,10.05,0
64.69,30.04,67.2,5.2,initial,sandy,19.27,0
62.45,33.35,78.64,3.43,development,loamy,19.52,0
58.36,32.46,43.71,3.92,mid_season,sandy,6.59,0
64.05,27.03,40.76,3.27,development,sandy,6.02,0
55.26,22.95,66.75,4.15,development,loamy,17.52,0
51.58,21.69,36.9,3.94,late,loamy,13.89,0
74.54,19.27,39.39,0,late,clay,0,0
55.95,18.04,74.09,0,initial,clay,0,0
92.17,33.93,63.56,3.35,mid_season,loamy,5.83,0
90.68,27.88,70.55,0,development,loamy,0,0
40.52,32.0,54.99,0,development,loamy,0,1
31.34,27.58,43.68,4.19,development,clay,12.88,0
51.37,33.59,37.97,3.5,development,loamy,21.13,0
63.98,30.62,73.22,3.07,development,sandy,2.62,0
44.8,30.54,80.69,2.85,mid_season,loamy,10.85,0
70.76,35.37,73.23,4.53,development,sandy,9.45,0
68.07,23.51,63.43,3.43,mid_season,clay,13.62,0
52.64,34.9,59.58,6.26,late,clay,5.8,0
51.52,25.37,43.96,3.34,mid_season,clay,11.13,0
43.42,35.58,37.54,0,initial,loamy,0,1
48.09,24.9,72.5,3.9,development,clay,14.76,0
73.52,31.79,49.75,3.69,mid_season,sandy,1.54,0
62.89,29.4,50.33,0,initial,sandy,0,0
45.8,29.05,66.57,2.93,initial,loamy,12.98,0
62.07,23.1,71.18,3.71,late,clay,17.18,0
76.23,35.42,55.24,3.39,initial,loamy,3.84,0
63.78,21.0,81.12,4.04,late,clay,3.46,0
72.74,26.63,37.48,4.62,initial,clay,2.67,0
61.25,29.92,65.31,3.98,initial,sandy,2.5,0
68.26,32.5,84.2,4.58,mid_season,clay,2.78,0
37.04,30.72,44.04,3.66,development,clay,6.66,0
16.89,20.68,37.3,5.59,mid_season,sandy,1.54,0
86.27,28.89,64.96,2.67,late,sandy,2.7,0
91.91,26.61,44.81,4.16,development,sandy,2.47,0
30.63,20.52,49.69,3.26,late,clay,20.56,0
57.48,23.41,42.2,0,initial,sandy,0,0
49.34,34.34,62.85,5.97,development,clay,6.82,0
25.4,23.24,66.56,3.88,late,sandy,3.93,0
66.06,25.4,76.99,5.3,late,sandy,9.02,0
30.42,32.11,57.29,0,initial,loamy,0,0
62.72,20.83,41.81,5.06,late,sandy,1.08,0
55.07,33.85,50.38,3.3,development,loamy,6.05,0
37.58,28.74,52.04,5.68,initial,loamy,12.67,0
49.41,26.69,81.83,3.7,late,clay,14.01,0
67.76,33.8,75.46,3.86,mid_season,clay,15.85,0
73.94,18.89,77.18,4.08,initial,sandy,11.15,0
63.28,29.29,59.54,3.44,late,loamy,0.78,0
61.85,32.66,48.34,3.59,initial,sandy,11.98,0
49.04,34.17,66.28,1.15,mid_season,loamy,8.55,0
35.99,18.24,47.25,5.0,late,clay,15.83,0
85.74,29.44,51.02,3.04,late,loamy,13.28,0
60.12,31.86,81.82,5.59,development,loamy,5.6,0
52.35,25.67,63.14,4.2,development,loamy,3.72,0
49.1,29.39,65.6,4.66,initial,clay,16.17,0
46.4,34.14,77.09,3.4,mid_season,sandy,14.72,0
48.44,20.9,55.16,4.5,initial,clay,8.88,0
56.79,33.13,60.55,3.32,mid_season,sandy,12.15,0
76.34,24.23,39.21,4.24,late,clay,14.59,0
60.05,32.69,50.4,3.34,mid_season,sandy,9.77,0
44.17,24.17,78.04,4.76,development,sandy,8.53,0
53.65,21.75,58.28,4.28,mid_season,clay,18.16,0
46.37,33.15,41.81,6.07,development,loamy,13.31,0
81.22,27.39,47.49,0,late,loamy,0,0
51.97,20.67,77.36,3.46,mid_season,clay,14.45,0
58.9,27.89,41.83,0,development,sandy,0,1
37.86,20.84,52.55,4.2,initial,loamy,9.93,0
31.39,24.72,55.48,4.07,mid_season,loamy,23.5,0
46.88,27.89,70.51,6.31,initial,loamy,1.89,0
71.46,24.7,68.13,5.29,initial,sandy,8.89,0
61.48,27.95,71.75,5.17,late,loamy,0.96,0
70.13,18.87,74.75,2.91,development,clay,18.59,0
38.29,25.12,43.38,4.72,late,clay,11.9,0
66.37,35.06,55.16,3.11,development,loamy,11.45,0
29.82,34.28,76.75,0,development,clay,0,1
37.99,34.26,41.9,3.13,initial,loamy,4.23,0
38.86,30.51,51.49,3.56,initial,sandy,12.15,0
35.31,31.28,74.34,2.89,mid_season,loamy,21.94,0
49.54,22.85,62.18,0,initial,clay,0,0
54.53,30.92,49.46,4.76,late,sandy,2.6,0
71.69,20.47,51.11,3.57,mid_season,loamy,5.59,0
51.22,32.28,43.7,4.55,development,loamy,7.37,0
17.09,31.44,53.94,4.53,mid_season,loamy,19.13,0
9.87,21.0,72.4,0,development,sandy,0,1
65.81,24.72,47.89,4.63,development,clay,23.13,0
20.28,23.1,71.49,0,development,loamy,0,1
62.18,20.86,49.86,0,initial,loamy,0,0
45.41,27.93,46.5,4.19,mid_season,loamy,23.72,0
36.58,31.76,67.41,3.2,late,loamy,13.21,0
36.49,20.03,72.57,0,development,clay,0,1
28.81,35.85,71.62,4.14,late,sandy,27.9,0
78.23,33.11,78.66,4.97,mid_season,clay,14.14,0
38.12,23.27,35.85,2.75,initial,sandy,0.62,0
57.37,20.14,70.42,3.81,development,loamy,13.47,0
65.67,29.81,67.98,4.29,mid_season,clay,12.04,0
78.94,28.22,53.75,1.37,initial,sandy,4.73,0
72.85,22.24,50.62,4.03,mid_season,sandy,13.36,0
61.82,29.78,46.59,0,development,sandy,0,0
44.13,21.26,51.03,4.87,development,sandy,5.05,0
51.09,25.67,74.81,4.15,mid_season,sandy,13.48,0
95,22.94,46.92,4.32,late,clay,0.89,0
19.6,26.15,62.66,4.22,development,loamy,14.3,0
66.1,24.65,84.56,0,initial,clay,0,0
73.34,19.06,81.26,3.71,late,clay,4.33,0
50.28,33.14,48.63,3.63,development,sandy,14.71,0
71.59,31.19,46.16,1.64,development,clay,7.13,0
54.54,33.4,84.01,4.58,mid_season,sandy,27.52,0
54.33,18.02,64.09,4.26,mid_season,loamy,5.15,0
51.93,22.2,72.22,5.0,mid_season,loamy,11.43,0
14.72,26.07,65.23,4.79,development,clay,6.2,0
65.03,34.82,53.07,3.48,initial,sandy,5.6,0
41.88,19.26,70.42,6.19,development,clay,6.47,0
35.95,35.79,81.2,4.3,development,clay,10.88,0
41.06,29.94,48.21,4.53,development,loamy,14.19,0
61.71,22.28,59.77,4.6,mid_season,loamy,8.33,0
53.29,24.79,59.58,1.52,initial,loamy,7.69,0
51.48,19.78,67.5,3.6,mid_season,clay,24.28,0
52.48,25.1,77.51,3.89,development,sandy,3.04,0
68.45,34.43,66.2,2.45,initial,sandy,12.04,0
60.0,23.52,48.24,5.27,development,clay,6.86,0
66.01,20.18,43.62,4.56,development,loamy,13.82,0
44.49,18.75,35.37,3.88,initial,loamy,1.49,0
14.61,20.58,61.97,4.47,development,clay,12.27,0
44.24,29.07,59.0,3.74,mid_season,sandy,15.44,0
70.22,20.18,61.75,3.0,development,loamy,6.56,0
84.85,21.67,58.41,3.28,development,loamy,8.56,0
57.96,26.3,43.71,0,development,loamy,0,0
57.07,25.95,70.83,4.3,initial,clay,15.81,0
51.19,32.75,63.91,4.5,initial,sandy,0.08,0
60.32,28.24,49.13,3.32,late,loamy,7.41,0
78.61,35.04,56.86,3.05,mid_season,loamy,0.29,0
54.53,25.11,77.4,6.02,mid_season,clay,16.32,0
54.88,30.71,61.53,2.72,mid_season,clay,20.29,0
33.84,21.06,59.75,3.43,mid_season,loamy,13.48,0
79.27,34.03,47.37,3.4,late,sandy,16.77,0
44.87,18.05,50.16,4.45,late,sandy,12.84,0
38.3,26.64,37.69,5.04,mid_season,sandy,8.28,0
69.52,27.6,73.99,4.98,mid_season,clay,14.62,0
20.06,20.32,80.76,0,initial,clay,0,0
54.6,30.94,38.1,0,development,sandy,0,1
35.64,23.49,54.69,5.74,initial,loamy,1.71,0
44.76,21.62,63.01,3.96,initial,sandy,3.2,0
62.09,22.12,80.25,3.93,mid_season,loamy,11.91,0
60.7,25.14,66.5,3.92,late,loamy,5.67,0
70.34,18.9,41.16,3.0,late,sandy,9.47,0
58.12,20.71,73.26,6.06,development,sandy,7.15,0
51.95,18.62,56.09,0,mid_season,loamy,0,1
72.33,24.58,56.77,4.19,late,loamy,21.67,0
43.26,33.83,50.63,3.47,development,loamy,6.85,0
39.26,31.89,54.02,5.09,late,sandy,3.17,0
56.08,29.52,70.89,3.72,late,sandy,7.0,0
49.02,32.6,60.53,0,development,clay,0,0
67.74,33.45,84.66,3.45,late,sandy,0.93,0
80.47,32.82,60.92,0,late,sandy,0,0
56.01,33.33,62.88,5.36,mid_season,loamy,5.95,0
70.3,29.31,39.11,4.39,late,clay,10.62,0
39.2,23.2,78.45,0,development,loamy,0,1
57.52,25.78,82.21,2.32,mid_season,sandy,0.47,0
72.02,34.74,53.46,2.51,development,clay,13.13,0
5,18.34,79.19,4.93,mid_season,sandy,10.12,0
35.28,26.65,71.54,4.08,development,loamy,2.33,0
72.38,34.32,43.04,5.63,mid_season,clay,5.69,0
47.37,26.99,61.45,5.09,development,clay,13.72,0
83.08,35.76,84.22,3.07,late,sandy,17.69,0
60.88,20.61,50.19,5.03,development,loamy,4.6,0
9.54,25.18,74.1,4.05,late,sandy,10.22,0
51.31,22.36,68.78,2.83,development,loamy,14.8,0
52.01,24.66,62.97,3.72,initial,sandy,5.92,0
57.25,32.1,59.19,4.05,mid_season,loamy,8.2,0
46.44,19.08,64.19,4.19,mid_season,loamy,18.09,0
77.05,18.39,63.53,4.57,late,sandy,10.02,0
63.82,35.82,84.4,3.61,mid_season,loamy,18.32,0
79.18,22.74,55.1,2.79,late,clay,9.38,0
21.16,34.01,63.66,2.26,mid_season,loamy,16.62,0
57.94,26.4,74.38,4.86,development,sandy,0.51,0
51.66,22.17,74.43,7.53,initial,clay,11.9,0
30.44,24.57,41.42,4.58,development,sandy,1.25,0
84.19,19.36,70.29,5.21,late,loamy,10.9,0
18.55,24.93,41.52,6.14,mid_season,sandy,4.35,0
60.25,32.14,51.96,4.96,mid_season,sandy,11.06,0
49.32,18.86,45.79,2.73,late,loamy,12.53,0
5,22.62,76.89,5.16,late,loamy,6.42,0
15.62,21.66,60.39,2.6,mid_season,clay,11.42,0
26.72,34.88,50.8,2.5,mid_season,clay,20.11,0
42.41,26.56,48.74,3.33,late,loamy,11.84,0
59.81,32.37,76.04,2.51,development,sandy,5.16,0
38.78,33.33,37.95,2.31,mid_season,loamy,8.1,0
51.96,24.91,38.33,4.25,initial,clay,11.93,0
47.64,33.08,50.4,0,initial,sandy,0,0
50.13,20.62,61.71,6.14,mid_season,clay,18.9,0
50.28,23.9,59.23,3.17,mid_season,loamy,18.78,0
43.03,32.3,79.22,3.0,late,clay,5.08,0
35.03,31.71,75.67,3.36,mid_season,sandy,22.24,0
27.37,27.33,71.61,3.09,mid_season,loamy,13.33,0
40.25,35.65,77.91,5.38,mid_season,loamy,0.85,0
43.87,32.31,76.59,3.72,development,loamy,15.16,0
74.1,25.12,56.17,4.63,late,clay,9.88,0
93.64,26.25,60.72,3.99,development,clay,9.02,0
45.74,26.66,61.39,3.81,development,sandy,0.29,0
40.52,19.51,70.26,5.09,initial,sandy,7.68,0
28.41,29.07,38.7,3.83,initial,sandy,16.42,0
87.76,21.97,74.77,3.76,development,loamy,17.41,0
95,24.58,76.67,0,late,clay,0,0
54.35,28.09,81.15,4.05,development,clay,7.13,0
95,22.04,84.04,4.96,initial,clay,2.6,0
79.02,22.74,50.56,4.27,mid_season,clay,7.43,0
48.77,27.58,67.13,4.29,initial,clay,5.96,0
78.11,21.29,79.23,4.42,late,loamy,5.61,0
74.91,35.62,81.4,0.83,late,clay,5.72,0
69.11,18.3,65.35,2.48,development,loamy,5.75,0
85.18,23.71,81.47,0,initial,loamy,0,0
58.11,24.9,60.59,3.92,initial,clay,17.43,0
55.1,35.94,68.51,4.72,mid_season,sandy,9.31,0
54.04,31.01,42.22,0,initial,loamy,0,0
68.91,19.23,80.14,3.21,late,clay,10.54,0
48.59,33.77,71.65,5.08,mid_season,sandy,6.01,0
85.66,28.36,54.59,4.61,mid_season,clay,15.22,0
80.94,32.39,74.41,4.28,development,loamy,12.39,0
73.96,34.54,52.31,3.88,mid_season,clay,7.65,0
55.08,23.7,51.35,5.81,development,loamy,3.54,0
44.73,28.22,84.55,3.92,late,clay,13.57,0
82.84,26.84,75.43,4.53,late,sandy,0.24,0
12.47,19.79,72.68,0,initial,clay,0,0
64.6,29.22,42.38,3.43,mid_season,loamy,5.8,0
52.75,34.35,50.54,2.99,initial,loamy,18.56,0
76.61,22.05,38.96,3.17,late,clay,1.08,0
26.77,32.2,69.01,2.99,mid_season,loamy,8.24,0
84.01,22.43,70.54,0,late,sandy,0,0
25.92,29.37,60.77,0,development,clay,0,1
70.34,35.32,43.93,2.42,mid_season,sandy,18.22,0
70.31,26.18,75.03,3.22,initial,clay,9.91,0
93.13,21.66,66.98,5.11,mid_season,loamy,4.8,0
48.12,24.57,80.17,4.3,late,sandy,9.86,0
73.32,21.51,44.43,3.44,mid_season,sandy,13.8,0
50.66,24.54,76.88,3.77,development,loamy,9.99,0
58.41,25.54,79.71,4.57,mid_season,loamy,12.24,0
74.18,34.29,56.62,3.56,mid_season,loamy,10.28,0
82.14,25.28,84.46,3.01,development,clay,13.46,0
48.92,18.81,76.7,3.89,development,loamy,14.86,0
34.27,27.37,70.36,0,late,sandy,0,1
54.6,26.87,68.94,3.59,development,sandy,8.3,0
59.87,28.98,59.76,5.04,initial,clay,12.7,0
72.35,25.15,38.72,0,initial,loamy,0,0
61.71,24.76,66.01,3.41,mid_season,clay,16.78,0
60.33,27.02,79.95,4.18,initial,loamy,14.81,0
46.63,33.49,80.44,5.05,late,clay,22.29,0
46.61,19.3,42.9,4.91,development,sandy,8.12,0
63.42,19.64,49.96,4.19,development,sandy,14.7,0
48.89,21.2,71.6,3.09,initial,clay,1.88,0
31.24,35.63,37.83,0,initial,clay,0,1
41.48,24.77,55.34,0,development,sandy,0,1
50.07,29.5,42.42,6.12,late,clay,12.55,0
7.42,32.92,57.54,0,initial,clay,0,0
54.21,24.29,35.25,5.93,initial,clay,3.9,0
51.76,23.77,44.38,2.93,development,loamy,11.68,0
74.44,26.58,40.61,4.91,development,clay,2.5,0
60.8,22.94,38.45,3.08,development,loamy,9.89,0
95,24.16,54.83,4.75,late,clay,4.75,0
88.41,32.64,58.7,0,initial,sandy,0,0
91.81,35.74,37.65,3.7,late,clay,8.28,0
42.91,32.18,67.19,4.64,initial,loamy,10.18,0
51.56,34.68,38.61,4.12,mid_season,sandy,0.12,0
66.7,19.04,81.41,0,initial,loamy,0,0
89.95,30.71,44.79,3.56,development,loamy,3.91,0
53.82,28.04,49.62,4.7,mid_season,loamy,13.4,0
46.47,31.19,49.54,0,initial,sandy,0,0
56.82,20.13,66.19,0,late,clay,0,0
70.68,31.03,70.47,4.38,mid_season,clay,7.51,0
53.1,33.17,69.47,3.07,late,loamy,4.03,0
59.72,31.21,45.04,3.76,late,loamy,17.15,0
54.85,22.73,83.03,0,development,sandy,0,1
47.72,20.65,37.5,3.66,mid_season,loamy,6.07,0
89.13,25.5,84.41,4.06,late,loamy,8.28,0
42.0,24.36,84.18,6.12,late,clay,16.29,0
58.8,28.36,67.03,4.61,development,sandy,14.73,0
37.46,31.46,77.68,0,initial,loamy,0,0
54.39,25.7,45.91,5.4,mid_season,loamy,21.7,0
54.17,27.05,50.58,0,mid_season,sandy,0,1
62.27,32.7,45.64,0,mid_season,loamy,0,0
71.41,24.26,57.69,5.25,mid_season,loamy,14.41,0
52.26,21.66,83.08,5.45,late,clay,14.05,0
47.04,19.07,71.54,0,mid_season,sandy,0,1
37.59,34.31,69.5,2.83,late,sandy,8.96,0
37.97,34.24,39.08,4.19,late,clay,10.79,0
61.05,19.86,56.32,2.45,late,clay,10.2,0
54.02,25.71,44.55,5.3,initial,sandy,17.25,0
62.34,30.63,43.74,4.62,initial,loamy,4.63,0
74.24,21.67,71.64,5.57,late,loamy,1.73,0
52.06,22.3,76.91,2.55,late,clay,12.73,0
68.99,18.14,39.59,4.5,initial,sandy,6.51,0
94.71,33.97,71.31,3.01,initial,loamy,2.04,0
26.45,24.47,41.14,3.63,mid_season,clay,13.43,0
20.99,24.4,40.39,4.28,development,clay,11.07,0
69.04,29.86,55.84,5.8,initial,clay,5.05,0
48.58,27.17,61.45,4.75,late,loamy,9.43,0
58.54,27.78,80.22,1.62,mid_season,sandy,4.98,0
75.76,27.51,48.24,4.04,late,clay,22.54,0
41.99,18.2,56.34,4.28,late,clay,7.73,0
76.82,32.02,55.46,5.35,mid_season,clay,16.47,0
63.08,22.38,68.25,4.43,initial,clay,1.66,0
75.9,21.07,66.04,0,development,sandy,0,0
33.14,34.44,74.71,4.17,mid_season,sandy,4.19,0
51.52,24.03,72.09,4.6,initial,loamy,8.62,0
76.15,26.75,64.67,2.94,late,sandy,3.74,0
47.54,27.45,37.76,5.9,late,loamy,3.51,0
37.5,35.64,76.81,4.94,late,clay,8.17,0
35.57,18.97,62.44,4.74,initial,loamy,4.72,0
85.41,33.89,69.89,4.84,development,loamy,8.03,0
63.96,28.36,51.08,2.5,mid_season,loamy,9.69,0
52.41,21.39,60.34,1.73,development,sandy,5.42,0
38.11,35.99,41.0,5.46,development,loamy,12.73,0
49.64,31.2,57.34,0,initial,sandy,0,0
27.33,27.35,80.8,3.79,mid_season,sandy,2.53,0
60.56,30.9,54.58,4.22,mid_season,loamy,0.4,0
64.84,30.33,42.41,2.71,development,clay,7.45,0
82.05,31.6,73.31,5.48,mid_season,loamy,20.88,0
91.99,29.25,66.91,3.56,mid_season,sandy,2.08,0
68.21,32.3,82.2,1.83,mid_season,loamy,18.2,0
61.91,26.39,37.24,3.63,initial,loamy,13.03,0
41.91,34.33,47.06,4.23,late,sandy,16.42,0
34.2,32.47,76.97,4.36,mid_season,clay,6.52,0
75.28,29.55,35.47,5.26,initial,clay,12.38,0
18.5,24.15,83.81,0,late,loamy,0,1
54.28,22.69,82.03,4.63,mid_season,loamy,21.39,0
23.18,26.37,69.88,3.62,initial,clay,6.02,0
54.33,21.68,76.14,2.54,mid_season,clay,18.28,0
59.48,31.1,70.3,3.09,mid_season,clay,15.76,0
61.67,27.97,58.93,3.93,initial,loamy,3.44,0
57.03,27.85,67.27,5.04,late,clay,5.88,0
78.86,34.12,54.17,4.96,late,clay,3.42,0
27.27,28.62,57.46,3.6,development,clay,13.5,0
20.04,34.29,69.27,4.88,development,loamy,4.11,0
42.47,28.97,37.56,4.27,mid_season,sandy,16.56,0
35.8,25.84,69.33,3.35,late,sandy,15.46,0
43.85,26.44,74.71,5.74,initial,clay,8.59,0
95,26.92,42.41,0,initial,sandy,0,0
38.03,29.0,55.58,5.51,late,clay,20.5,0
79.39,31.68,64.53,0,initial,sandy,0,0
38.78,21.39,39.15,4.05,mid_season,sandy,5.95,0
53.62,28.17,42.12,4.26,late,sandy,8.87,0
64.4,35.99,55.85,5.2,late,loamy,14.25,0
45.31,30.02,45.92,3.68,late,sandy,7.34,0
57.13,33.32,44.12,3.49,development,loamy,6.52,0
67.93,22.71,83.15,4.37,mid_season,sandy,4.79,0
64.73,29.05,62.17,4.89,mid_season,loamy,10.65,0
36.87,19.36,54.8,4.83,mid_season,loamy,12.69,0
70.31,20.92,47.02,4.46,initial,loamy,7.23,0
68.05,20.12,82.38,1.5,late,loamy,22.4,0
55.67,30.43,77.53,3.4,development,clay,5.93,0
52.55,28.54,60.03,5.26,late,loamy,10.22,0
57.57,22.84,53.69,0,initial,clay,0,0
61.07,30.69,70.77,4.93,late,sandy,21.06,0
23.92,20.81,43.15,3.62,mid_season,loamy,11.13,0
46.03,23.97,59.57,3.05,mid_season,sandy,20.71,0
63.04,21.76,70.34,4.8,late,loamy,10.8,0
77.89,20.01,60.17,4.46,mid_season,sandy,5.58,0
54.85,18.3,36.18,5.57,late,sandy,16.15,0
35.1,21.89,74.64,4.43,mid_season,clay,9.53,0
48.14,26.27,36.37,2.24,late,loamy,9.99,0
17.99,23.49,50.94,3.56,mid_season,sandy,6.94,0
76.7,33.71,75.42,4.41,development,sandy,21.5,0
50.95,23.18,55.98,4.66,development,clay,21.5,0
48.03,30.56,50.62,4.75,mid_season,sandy,12.21,0
48.64,33.55,74.35,2.36,mid_season,loamy,15.65,0
64.16,26.45,72.93,5.06,late,loamy,9.16,0
17.44,26.53,73.38,3.81,mid_season,sandy,1.26,0
65.75,29.6,55.26,2.68,mid_season,loamy,8.48,0
76.33,34.66,64.29,5.91,initial,sandy,4.6,0
65.19,27.02,84.5,5.28,late,sandy,1.9,0
54.56,31.0,65.18,3.48,mid_season,loamy,14.44,0
74.71,35.43,76.53,2.7,late,loamy,7.86,0
51.91,30.87,36.61,3.4,mid_season,clay,11.21,0
67.42,21.87,82.65,0,development,sandy,0,0
67.18,23.52,65.28,6.42,mid_season,sandy,6.13,0
37.48,21.89,83.94,3.93,development,loamy,21.99,0
36.12,20.92,66.53,4.01,late,clay,5.42,0
52.49,21.15,58.83,4.35,mid_season,sandy,4.42,0
73.79,29.95,46.83,0,initial,sandy,0,0
30.85,20.12,55.9,5.05,initial,clay,3.76,0
43.3,30.67,45.2,2.55,mid_season,sandy,12.53,0
69.2,33.0,57.49,1.55,late,sandy,11.81,0
48.84,30.98,68.05,3.9,development,clay,7.82,0
34.66,29.28,42.63,3.87,development,sandy,7.27,0
37.62,28.76,80.0,0,late,sandy,0,1
57.32,28.8,35.49,5.88,development,loamy,6.92,0
60.89,19.97,72.49,0,mid_season,clay,0,0
62.13,32.77,73.01,3.37,initial,sandy,11.25,0
46.73,24.69,63.41,3.04,initial,clay,9.53,0
43.96,24.0,55.17,3.03,development,sandy,5.95,0
31.17,21.3,41.91,3.32,initial,clay,7.45,0
53.79,35.09,65.01,3.94,development,clay,14.31,0
36.53,34.94,65.7,5.14,development,clay,12.94,0
45.04,31.02,82.55,0,initial,clay,0,0
66.36,30.34,75.52,2.92,initial,loamy,16.36,0
54.16,31.89,77.89,4.17,late,loamy,11.86,0
17.42,22.83,55.2,3.43,development,loamy,16.94,0
88.94,34.17,69.21,3.45,late,clay,13.82,0
23.51,28.99,46.63,5.12,mid_season,clay,29.21,0
82.64,18.42,77.84,4.01,initial,loamy,19.52,0
52.91,35.81,52.09,3.35,mid_season,sandy,9.26,0
63.86,27.65,70.23,3.23,development,sandy,6.02,0
63.8,27.34,48.19,4.88,development,sandy,2.13,0
70.33,31.31,35.6,3.78,late,loamy,29.96,0
59.09,20.74,46.32,0,initial,loamy,0,0
56.54,35.36,40.68,3.33,initial,clay,5.51,0
71.77,19.27,69.82,3.3,initial,sandy,2.07,0
84.83,31.92,53.15,5.06,late,clay,6.45,0
64.69,34.97,63.89,3.64,initial,sandy,1.74,0
40.45,19.91,63.52,5.75,development,clay,16.51,0
72.5,30.42,45.37,3.24,development,sandy,2.6,0
46.6,32.36,48.31,2.19,development,loamy,5.5,0
75.77,29.81,39.13,0,initial,clay,0,0
55.97,24.76,62.55,4.73,initial,sandy,4.43,0
41.44,33.42,57.33,3.72,initial,clay,11.88,0
16.75,31.78,71.73,4.99,development,sandy,14.45,0
47.94,28.97,47.88,4.69,late,clay,0.39,0
59.92,20.16,51.26,3.58,development,loamy,8.28,0
83.63,23.14,47.82,3.94,late,loamy,11.26,0
53.96,31.71,45.72,3.61,mid_season,sandy,4.68,0
42.72,27.56,57.79,6.12,development,loamy,9.81,0
94.64,25.99,70.85,4.75,mid_season,clay,21.11,0
42.65,32.49,44.85,3.45,initial,loamy,5.54,0
65.43,35.92,52.77,0,initial,sandy,0,0
46.45,21.14,69.34,6.09,development,sandy,4.2,0
42.4,19.03,37.07,5.31,development,clay,10.65,0
57.83,22.44,70.06,6.75,initial,loamy,1.19,0
19.16,24.97,84.02,3.44,late,clay,7.94,0
29.75,32.69,80.74,3.94,late,clay,7.71,0
34.07,29.35,73.38,0,late,sandy,0,1
22.22,18.25,46.05,2.83,late,loamy,4.76,0
42.82,34.48,83.2,0,mid_season,loamy,0,1
62.21,23.44,76.14,0,development,loamy,0,0
49.54,35.23,38.14,4.35,mid_season,sandy,6.4,0
37.08,24.3,44.74,3.36,initial,clay,4.43,0
47.59,23.36,53.35,0,late,clay,0,0
82.32,26.78,73.34,4.77,late,sandy,14.64,0
78.65,18.64,76.95,3.33,late,loamy,1.64,0
44.69,35.07,82.7,3.92,mid_season,sandy,4.97,0
61.99,26.84,40.58,3.22,late,sandy,13.63,0
49.78,35.47,57.22,3.35,mid_season,sandy,8.38,0
51.12,19.48,76.12,3.37,mid_season,loamy,12.21,0
60.06,23.74,79.77,4.25,late,sandy,3.16,0
33.97,23.1,43.06,0,development,sandy,0,1
57.44,24.46,35.18,2.25,development,sandy,10.09,0
58.81,32.01,67.48,3.71,mid_season,loamy,22.01,0
82.74,18.92,41.26,0,late,clay,0,0
26.81,27.98,68.82,0,initial,loamy,0,0
27.81,30.37,39.17,3.14,late,sandy,11.35,0
33.32,35.67,68.46,3.49,initial,loamy,5.41,0
51.24,21.55,49.81,4.72,mid_season,sandy,15.18,0
67.32,25.92,39.73,0,late,clay,0,0
48.54,28.47,82.95,5.02,development,clay,13.18,0
77.88,34.91,57.84,3.22,mid_season,sandy,9.88,0
52.23,19.48,69.16,0,initial,clay,0,0
51.13,34.26,36.77,3.51,development,sandy,11.22,0
46.99,18.75,54.8,4.3,mid_season,loamy,17.96,0
47.12,19.24,69.67,6.15,mid_season,sandy,6.19,0
34.23,32.94,73.79,3.33,mid_season,clay,6.68,0
48.22,31.66,63.47,2.51,initial,loamy,7.97,0
63.16,32.07,68.03,3.02,development,sandy,5.37,0
72.86,25.22,38.0,4.49,mid_season,loamy,11.92,0
13.75,26.23,76.19,3.79,late,clay,14.34,0
28.99,23.35,44.81,0,initial,sandy,0,0
80.25,24.35,69.33,3.23,development,sandy,3.02,0
93.39,19.86,68.61,2.52,late,sandy,19.49,0
28.25,27.83,58.71,5.25,development,loamy,9.34,0
37.79,31.09,75.5,5.78,development,sandy,17.38,0
35.24,30.63,48.04,3.89,initial,clay,11.85,0
71.66,24.14,76.18,4.87,late,loamy,17.36,0
57.11,22.28,83.1,0,late,loamy,0,0
36.74,26.24,77.3,0,development,sandy,0,1
11.44,30.04,64.64,4.05,development,loamy,17.65,0
53.85,25.7,66.25,4.45,development,clay,17.12,0
59.48,29.66,37.01,4.03,initial,sandy,15.24,0
56.52,34.18,77.75,4.39,initial,sandy,1.77,0
54.34,21.23,38.92,3.4,late,sandy,9.79,0
66.02,31.19,36.52,4.24,development,clay,2.67,0
60.4,34.21,39.49,2.85,mid_season,loamy,13.3,0
42.2,35.39,47.9,5.07,late,loamy,2.94,0
56.48,35.52,83.28,3.11,mid_season,clay,24.0,0
64.32,32.23,58.1,3.8,development,loamy,2.38,0
35.8,23.63,49.58,4.36,initial,sandy,12.45,0
82.38,21.11,46.99,0,mid_season,sandy,0,0
72.12,22.03,77.21,3.62,initial,sandy,14.06,0
65.41,32.07,65.04,1.55,late,loamy,11.23,0
57.9,25.18,46.52,0,mid_season,sandy,0,1
46.78,24.96,45.97,3.34,initial,sandy,12.73,0
86.67,24.69,84.71,0,initial,sandy,0,0
31.21,18.76,45.78,5.66,late,loamy,12.07,0
58.2,29.76,59.19,3.79,mid_season,loamy,16.55,0
65.0,33.74,37.95,4.26,development,sandy,13.16,0
54.83,34.8,46.59,4.63,mid_season,loamy,15.91,0
67.56,31.16,76.49,3.03,late,sandy,0.43,0
36.96,26.6,53.17,6.02,late,clay,3.64,0
71.59,24.88,78.11,5.38,late,loamy,8.31,0
75.29,30.39,76.66,5.46,development,sandy,0.76,0
48.35,33.24,63.75,3.41,initial,clay,3.47,0
64.43,24.93,43.42,2.6,late,loamy,12.1,0
64.12,25.64,56.05,3.93,mid_season,loamy,18.4,0
62.46,21.78,54.08,0,initial,sandy,0,0
38.57,29.28,54.25,5.71,initial,clay,5.15,0
42.07,23.23,77.03,2.24,initial,clay,9.51,0
59.03,27.07,36.61,0,initial,loamy,0,0
43.13,33.86,71.66,3.25,mid_season,loamy,4.64,0
46.37,32.05,39.47,5.35,late,loamy,11.15,0
20.34,25.47,42.63,5.66,development,loamy,8.3,0
73.04,32.95,51.66,3.92,mid_season,clay,14.51,0
46.31,24.44,68.83,4.31,mid_season,sandy,14.39,0
68.86,32.67,53.08,2.25,initial,sandy,12.61,0
53.33,22.6,75.93,5.05,development,loamy,12.81,0
30.95,24.5,80.75,0,development,sandy,0,1
66.69,28.67,67.94,0,initial,sandy,0,0
52.82,23.12,35.94,3.96,initial,loamy,5.49,0
58.79,26.76,37.27,0,late,sandy,0,1
50.86,31.13,49.77,5.42,development,sandy,6.1,0
22.54,26.34,36.77,4.05,development,clay,14.58,0
51.3,25.94,57.87,3.52,development,sandy,14.89,0
56.54,33.59,52.74,4.47,late,loamy,17.92,0
60.71,25.82,38.32,3.63,initial,loamy,5.95,0
50.58,29.13,79.47,5.73,mid_season,clay,12.06,0
61.71,34.05,83.15,2.32,development,sandy,3.42,0
56.42,32.49,79.54,5.34,initial,sandy,8.67,0
88.94,30.43,44.29,0,mid_season,sandy,0,0
53.76,35.94,48.98,3.53,initial,clay,6.32,0
62.79,34.44,84.82,3.88,late,sandy,14.56,0
58.15,32.3,64.95,5.67,late,clay,3.68,0
43.88,26.97,80.55,0,development,loamy,0,1
42.85,19.71,56.72,4.54,mid_season,sandy,12.31,0
41.81,21.65,61.56,2.43,initial,sandy,7.58,0
95,32.99,60.8,2.96,mid_season,clay,11.01,0
54.36,33.45,58.8,3.67,initial,clay,9.73,0
28.53,29.35,81.77,4.47,late,sandy,5.02,0
37.36,20.97,53.41,0,development,sandy,0,1
70.21,35.46,70.31,0,initial,sandy,0,0
63.13,22.16,77.94,4.1,development,loamy,5.08,0
37.68,25.79,36.67,5.19,initial,clay,1.74,0
30.21,22.67,68.94,2.94,initial,sandy,1.33,0
53.86,22.59,63.65,5.32,initial,loamy,5.34,0
52.33,19.29,68.13,3.46,late,loamy,12.61,0
66.8,35.63,52.89,4.6,late,loamy,16.95,0
77.8,31.85,73.7,0,initial,clay,0,0
84.58,29.77,37.63,2.55,initial,loamy,2.41,0
43.8,29.03,53.98,3.26,initial,loamy,1.45,0
86.31,24.23,77.45,5.5,initial,sandy,1.86,0
33.87,32.3,56.14,4.17,late,loamy,8.31,0
45.9,19.22,38.04,2.18,late,clay,1.51,0
46.38,29.21,44.34,0,initial,clay,0,0
50.39,26.14,78.82,3.47,development,loamy,13.09,0
41.72,23.73,61.22,4.19,development,clay,8.43,0
31.26,24.63,53.46,0,initial,loamy,0,0
49.07,35.54,69.76,2.77,initial,sandy,9.94,0
48.05,34.5,80.55,4.26,mid_season,loamy,14.36,0
80.61,31.46,72.87,4.69,initial,loamy,8.66,0
64.56,30.2,59.62,3.95,initial,loamy,5.43,0
37.74,28.12,77.06,3.9,initial,clay,11.98,0
69.1,23.0,58.55,3.28,late,clay,3.5,0
43.69,33.83,84.69,3.76,late,sandy,5.75,0
73.16,27.26,73.33,4.38,development,clay,7.6,0
58.5,21.35,84.99,5.95,initial,loamy,0.96,0
81.31,27.37,56.24,3.59,late,clay,9.58,0
28.69,19.07,78.08,4.26,mid_season,clay,7.46,0
57.27,27.34,56.84,3.98,development,sandy,4.47,0
43.25,32.15,63.85,4.25,initial,sandy,7.22,0
38.87,25.51,48.65,5.21,late,loamy,12.56,0
76.63,23.37,52.9,3.43,mid_season,loamy,23.37,0
52.72,18.59,49.72,4.58,late,loamy,7.63,0
23.55,31.58,63.73,2.98,late,sandy,14.74,0
36.8,32.09,35.1,4.29,initial,clay,2.28,0
91.14,18.81,50.6,0,initial,sandy,0,0
23.61,28.57,84.93,3.49,mid_season,clay,28.47,0
41.54,28.18,46.74,0,late,loamy,0,1
60.27,26.37,77.01,4.1,initial,loamy,1.16,0
42.04,35.63,79.65,3.2,mid_season,clay,8.8,0
59.51,35.68,50.85,6.46,mid_season,clay,8.18,0
15.85,25.48,69.78,3.39,late,loamy,14.85,0
35.69,32.98,73.91,3.77,initial,sandy,9.09,0
50.04,35.96,58.93,0,late,clay,0,0
31.91,18.57,79.32,3.52,development,loamy,6.35,0
47.61,21.5,65.25,4.66,mid_season,loamy,2.77,0
43.99,24.22,73.8,3.11,development,loamy,6.07,0
58.58,30.91,63.54,0,development,loamy,0,0
77.48,33.12,52.27,2.78,late,clay,20.57,0
69.84,29.52,67.2,2.01,development,sandy,9.93,0
44.6,29.66,41.76,2.74,late,loamy,4.25,0
24.53,25.17,35.08,0,late,clay,0,1
22.38,20.29,60.82,3.95,initial,clay,16.01,0
77.52,20.37,45.06,4.42,development,loamy,8.99,0
58.27,18.9,50.75,2.8,development,loamy,9.26,0
20.09,29.49,77.73,3.29,development,loamy,7.57,0
61.95,31.06,68.52,3.49,development,loamy,9.56,0
9.1,19.57,42.11,3.09,initial,sandy,1.41,0
54.73,24.21,72.3,6.14,late,sandy,3.41,0
71.87,32.05,68.35,2.36,late,sandy,14.08,0
76.49,18.73,63.91,0.93,late,clay,14.17,0
70.25,30.64,65.03,1.78,mid_season,sandy,15.78,0
62.6,24.84,45.27,4.15,late,clay,15.67,0
42.11,32.33,79.61,6.02,initial,clay,0.18,0
52.06,33.12,53.46,5.91,development,loamy,9.94,0
47.37,19.92,39.97,5.54,development,clay,14.79,0
65.99,18.46,84.77,5.57,initial,clay,3.7,0
36.46,21.46,80.2,3.05,late,clay,5.05,0
5,34.79,74.64,5.77,initial,loamy,8.6,0
63.43,21.55,41.41,5.42,mid_season,loamy,10.42,0
42.22,35.71,40.52,4.81,development,loamy,1.72,0
63.79,22.54,53.35,0,initial,sandy,0,0
34.93,31.45,45.92,0,initial,loamy,0,0
63.55,27.4,58.08,3.3,development,loamy,1.28,0
65.05,19.95,82.44,0,late,sandy,0,0
18.71,24.22,43.49,1.67,development,loamy,9.15,0
54.68,30.79,73.8,5.09,late,clay,4.76,0
68.53,34.84,46.33,4.68,mid_season,sandy,18.99,0
42.5,21.37,47.86,3.31,mid_season,sandy,8.75,0
62.24,28.72,38.77,4.42,late,loamy,9.42,0
84.07,23.73,68.63,0,development,sandy,0,0
17.36,25.84,48.26,0,initial,sandy,0,0
65.74,21.64,38.94,4.96,mid_season,loamy,25.8,0
86.09,25.23,41.76,2.0,mid_season,loamy,6.7,0
44.46,22.85,56.23,0,development,clay,0,1
66.3,23.58,36.54,3.84,mid_season,sandy,9.32,0
67.23,23.01,46.31,3.21,late,sandy,7.17,0
73.3,26.06,72.0,4.16,development,clay,10.09,0
66.08,34.78,68.75,2.44,mid_season,sandy,17.61,0
69.19,35.81,50.32,5.46,mid_season,sandy,15.33,0
71.62,24.21,68.51,4.77,initial,clay,4.87,0
66.45,32.09,40.44,3.6,development,sandy,14.62,0
49.33,30.78,52.89,3.21,mid_season,sandy,17.35,0
54.27,18.42,81.43,3.36,late,loamy,10.73,0
55.73,30.19,37.34,4.62,initial,sandy,11.41,0
39.06,19.41,82.65,0,initial,clay,0,0
53.54,19.06,84.28,4.34,development,loamy,5.8,0
71.54,33.04,59.27,2.72,mid_season,loamy,19.4,0
55.91,31.38,58.27,0,initial,sandy,0,0
54.85,18.06,71.34,2.76,development,sandy,4.08,0
57.72,31.14,38.02,3.81,late,loamy,5.56,0
63.0,31.16,41.14,6.6,late,clay,14.85,0
33.52,22.12,78.49,5.68,initial,sandy,4.78,0
73.14,22.49,49.85,2.41,initial,loamy,8.74,0
8.8,26.4,41.82,3.55,late,sandy,2.71,0
51.0,33.1,64.2,0,initial,loamy,0,0
76.61,33.86,65.46,2.82,late,sandy,7.49,0
56.94,34.58,77.1,3.74,mid_season,sandy,10.54,0
51.58,22.15,40.91,3.86,late,clay,15.15,0
85.24,28.13,40.84,4.81,late,sandy,7.17,0
61.99,24.62,76.88,3.98,development,loamy,13.89,0
38.69,28.49,41.53,5.45,late,sandy,0.15,0
47.03,21.78,35.21,5.09,initial,sandy,10.76,0
24.24,24.73,38.9,0,development,sandy,0,1
54.0,34.47,52.56,6.24,mid_season,loamy,10.14,0
29.23,35.26,37.44,2.31,late,loamy,1.38,0
70.32,29.4,60.24,0,initial,loamy,0,0
51.71,34.74,54.21,3.91,mid_season,sandy,2.86,0
69.74,28.68,66.35,0,initial,clay,0,0
50.66,34.16,71.31,2.38,mid_season,loamy,1.18,0
32.17,22.86,60.96,0,mid_season,sandy,0,1
52.46,35.01,47.81,4.93,development,clay,1.6,0
44.48,24.49,59.38,4.33,late,loamy,5.57,0
67.41,32.51,83.28,0,development,clay,0,0
86.33,27.1,71.33,5.23,late,clay,15.91,0
58.63,20.96,71.52,3.0,initial,clay,6.03,0
54.98,32.73,39.71,4.1,initial,loamy,8.79,0
82.6,29.53,53.9,2.42,development,clay,0.74,0
47.66,28.32,42.7,0,initial,loamy,0,0
74.63,27.7,50.5,2.15,development,loamy,0.27,0
40.41,20.77,38.85,3.76,mid_season,loamy,2.14,0
65.51,34.32,82.12,4.07,mid_season,sandy,5.81,0
61.28,22.27,83.56,3.3,initial,sandy,2.93,0
47.49,23.34,52.65,4.76,development,loamy,4.16,0
49.54,35.06,48.05,4.82,late,sandy,11.84,0
72.44,25.21,39.4,0,development,sandy,0,0
35.94,22.66,56.47,7.05,initial,loamy,1.64,0
65.46,28.2,42.27,2.63,initial,clay,11.62,0
22.25,20.44,37.32,3.86,late,clay,8.74,0
44.12,33.01,53.47,0,late,loamy,0,1
17.01,33.68,82.44,4.67,late,sandy,10.65,0
30.97,24.0,54.21,2.69,late,clay,7.47,0
48.97,19.48,73.06,2.59,late,sandy,4.78,0
69.49,33.72,57.77,0,development,sandy,0,0
45.44,34.17,46.69,3.64,late,loamy,9.96,0
57.41,25.23,74.29,0,initial,sandy,0,0
79.14,28.02,69.33,3.37,development,loamy,5.33,0
54.56,24.11,81.42,3.08,initial,sandy,9.4,0
70.19,18.34,49.56,4.8,initial,clay,12.09,0
79.8,32.35,70.13,4.14,mid_season,sandy,1.71,0
37.68,20.87,72.99,3.8,mid_season,loamy,19.67,0
52.27,19.69,44.86,4.61,development,loamy,14.43,0
53.92,19.61,77.78,4.73,mid_season,loamy,14.16,0
53.19,23.42,41.57,4.03,mid_season,clay,21.29,0
38.45,34.16,76.18,3.86,development,sandy,4.1,0
26.65,21.07,78.62,0,late,loamy,0,1
54.41,28.36,67.84,5.44,initial,sandy,5.84,0
65.35,21.66,50.96,3.13,mid_season,loamy,11.05,0
57.37,32.32,56.76,5.3,initial,loamy,1.63,0
26.79,27.1,83.2,5.69,mid_season,loamy,11.91,0
45.0,29.13,55.39,3.67,mid_season,sandy,11.16,0
25.28,32.82,57.29,5.62,initial,loamy,10.08,0
30.84,21.17,71.72,2.95,late,loamy,4.11,0
88.5,22.54,81.26,0,development,clay,0,0
52.96,25.07,38.3,2.77,mid_season,loamy,29.58,0
52.57,35.79,79.07,4.65,development,sandy,5.51,0
52.81,22.63,62.57,3.72,development,clay,15.48,0
56.99,20.8,64.18,4.54,late,clay,8.31,0
45.08,29.19,46.57,4.08,mid_season,sandy,2.32,0
39.04,31.59,73.17,3.15,late,sandy,8.59,0
95,21.5,53.13,4.2,initial,sandy,1.47,0
90.87,26.25,76.72,6.31,development,clay,18.57,0
58.94,34.3,47.42,0,late,sandy,0,1
47.77,33.2,60.32,4.52,initial,clay,3.68,0
38.08,27.73,80.64,5.17,mid_season,loamy,2.16,0
38.02,33.61,84.45,5.59,development,sandy,10.37,0
38.63,34.35,40.16,3.28,mid_season,loamy,7.06,0
56.52,28.52,75.28,3.41,late,clay,14.55,0
60.59,35.59,49.26,4.11,development,sandy,3.78,0
46.6,19.97,46.25,5.32,late,sandy,23.81,0
65.82,23.3,63.2,0,initial,sandy,0,0
20.84,33.11,53.93,5.07,late,clay,3.79,0
42.27,20.54,71.36,2.82,development,clay,9.85,0
69.05,18.02,54.67,5.0,mid_season,sandy,9.1,0
69.37,27.87,59.68,2.51,mid_season,loamy,6.63,0
50.39,33.84,62.24,3.13,initial,clay,5.38,0
42.26,35.51,40.66,4.82,late,loamy,16.67,0
78.95,24.7,56.43,0,initial,clay,0,0
95,33.02,35.85,3.52,mid_season,clay,9.51,0
58.62,35.16,44.39,2.34,development,clay,4.35,0
47.05,22.48,80.21,3.02,mid_season,clay,8.72,0
59.98,24.08,78.59,5.59,late,loamy,4.89,0
50.79,35.97,39.57,6.17,initial,clay,8.58,0
40.94,27.56,38.49,4.13,late,sandy,9.11,0
54.32,30.68,39.54,3.43,mid_season,clay,13.9,0
43.26,35.59,45.54,0,late,sandy,0,1
78.78,26.24,44.22,0,late,loamy,0,0
44.06,19.5,46.24,4.54,development,sandy,16.83,0
32.29,19.61,75.41,4.97,mid_season,sandy,9.46,0
27.73,31.59,57.19,4.13,initial,clay,3.32,0
55.57,20.81,51.45,5.37,mid_season,sandy,15.59,0
55.6,32.11,64.36,4.86,initial,loamy,0.07,0
95,19.48,78.23,3.05,late,sandy,17.88,0
60.99,32.16,72.54,0,development,loamy,0,0
64.44,29.68,45.49,4.42,mid_season,sandy,5.85,0
95,28.49,65.08,4.13,late,sandy,1.17,0
66.3,19.33,53.45,4.27,late,clay,10.29,0
66.66,28.47,50.35,5.88,mid_season,loamy,21.46,0
55.15,21.31,66.41,0,initial,sandy,0,0
38.58,28.74,76.64,1.08,initial,clay,19.92,0
54.2,22.08,57.06,3.36,initial,loamy,14.41,0
56.77,20.91,49.78,2.84,development,loamy,1.47,0
66.0,29.56,65.69,4.16,initial,clay,4.34,0
72.48,34.58,79.78,2.57,initial,sandy,12.85,0
53.82,31.04,40.93,6.01,late,loamy,8.64,0
69.1,24.0,68.73,2.9,development,sandy,7.75,0
70.6,19.35,61.21,4.28,initial,clay,16.62,0
77.75,26.77,68.37,4.55,late,loamy,12.0,0
95,20.06,72.52,4.03,late,sandy,14.9,0
44.17,20.41,40.11,3.5,initial,clay,7.79,0
26.87,27.16,70.25,3.53,mid_season,clay,10.18,0
46.46,30.75,65.16,3.55,mid_season,clay,6.87,0
72.38,19.82,79.17,4.46,mid_season,sandy,22.26,0
67.77,25.09,49.09,0,initial,clay,0,0
50.99,28.48,76.08,3.56,initial,sandy,3.92,0
74.33,25.7,59.87,2.12,development,clay,8.43,0
80.59,31.53,44.01,4.78,mid_season,clay,8.93,0
48.18,31.41,60.55,0,initial,loamy,0,0
69.15,33.12,84.29,4.31,mid_season,loamy,13.55,0
46.56,32.14,43.61,4.68,mid_season,clay,2.24,0
65.61,21.89,37.79,4.38,mid_season,loamy,6.48,0
52.14,25.95,51.16,3.35,mid_season,clay,14.91,0
64.71,18.22,75.94,3.26,development,clay,10.25,0
95,33.33,63.23,4.93,development,loamy,20.4,0
30.3,31.2,48.61,3.7,mid_season,clay,19.11,0
7.31,34.79,43.85,0,initial,loamy,0,1
63.4,28.67,40.33,4.84,mid_season,loamy,20.32,0
73.22,21.27,83.3,4.11,late,sandy,0.58,0
59.1,24.52,58.13,0,initial,loamy,0,0
41.31,34.26,67.57,3.47,mid_season,loamy,13.73,0
72.22,20.5,61.27,4.59,development,clay,15.51,0
66.18,26.3,44.63,3.97,late,loamy,13.86,0
35.1,31.37,73.52,3.14,mid_season,sandy,12.04,0
55.8,35.22,82.65,4.51,initial,clay,10.03,0
43.67,21.9,44.28,3.43,mid_season,sandy,2.24,0
11.14,32.69,66.81,4.17,late,sandy,1.04,0
66.96,22.74,50.32,4.75,late,loamy,7.93,0
55.44,26.79,42.97,0,initial,sandy,0,0
29.68,24.27,58.5,3.52,initial,clay,5.82,0
58.92,25.83,55.0,5.86,mid_season,loamy,19.33,0
62.0,22.04,37.49,3.02,development,sandy,3.47,0
59.37,19.98,61.68,4.58,late,loamy,3.76,0
70.57,34.52,44.46,2.97,mid_season,clay,21.35,0
73.66,29.66,58.63,3.87,initial,sandy,3.44,0
50.04,21.16,80.6,3.57,initial,clay,4.87,0
43.05,26.24,41.01,0,late,loamy,0,1
75.59,21.14,37.95,3.94,initial,sandy,9.77,0
52.73,31.62,63.25,3.92,mid_season,loamy,2.9,0
39.4,32.01,41.5,2.39,initial,loamy,14.28,0
57.95,25.76,54.75,4.0,late,clay,4.84,0
46.79,22.34,52.35,3.34,late,clay,8.12,0
49.73,24.25,52.98,3.4,development,clay,14.54,0
81.57,31.72,41.57,3.86,development,clay,19.28,0
48.1,20.43,54.13,3.06,development,sandy,11.01,0
44.89,31.81,44.55,3.64,development,clay,0.81,0
64.69,24.76,79.5,0,initial,sandy,0,0
71.4,35.09,45.81,3.36,development,sandy,9.92,0
54.09,26.26,38.59,3.15,development,loamy,9.27,0
39.55,29.8,41.73,3.56,late,sandy,4.78,0
34.75,28.44,71.79,4.78,late,sandy,5.95,0
32.64,21.67,47.27,4.8,late,sandy,12.74,0
44.55,18.55,66.33,3.34,initial,loamy,1.25,0
67.72,27.11,81.21,0,late,clay,0,0
82.1,32.42,54.18,4.68,initial,clay,5.31,0
51.9,21.96,76.18,4.9,development,loamy,10.36,0
57.02,28.83,63.96,2.94,late,sandy,11.29,0
69.07,20.56,43.72,4.14,development,sandy,9.44,0
37.24,30.01,36.19,3.58,mid_season,loamy,6.46,0
72.38,21.27,41.39,4.03,mid_season,clay,29.61,0
57.24,23.7,70.75,4.76,mid_season,loamy,12.19,0
47.37,20.33,70.67,3.09,late,clay,17.07,0
47.13,26.24,47.47,5.44,development,loamy,17.55,0
46.54,35.33,46.11,5.74,mid_season,sandy,19.92,0
54.43,24.13,50.67,0,initial,clay,0,0
59.45,18.73,64.34,4.29,development,loamy,13.27,0
50.7,25.19,59.45,5.16,mid_season,clay,20.83,0
61.42,21.29,68.11,3.37,initial,clay,18.7,0
11.13,34.71,79.53,4.99,development,clay,15.39,0
88.93,20.2,49.52,3.54,initial,loamy,16.19,0
63.3,27.92,58.19,3.06,development,loamy,10.96,0
43.1,24.75,66.56,2.14,late,clay,1.63,0
68.05,34.28,66.06,0,late,loamy,0,0
45.77,34.2,36.32,2.82,development,sandy,8.55,0
78.14,18.68,53.78,4.56,development,clay,8.21,0
67.24,20.14,76.96,2.61,development,clay,1.67,0
60.29,18.24,62.04,5.54,late,clay,12.59,0
5.25,20.68,47.72,4.25,development,loamy,7.5,0
43.59,21.04,44.12,3.75,initial,clay,4.42,0
64.11,28.55,35.15,5.14,mid_season,sandy,14.19,0
57.4,32.8,35.33,3.66,development,clay,15.34,0
90.29,25.18,62.67,3.82,development,clay,8.11,0
35.0,21.88,71.52,0.92,development,loamy,14.57,0
37.17,25.87,78.08,3.8,initial,sandy,9.68,0
5,21.63,68.8,2.94,mid_season,sandy,16.39,0
59.69,26.22,73.18,0,mid_season,sandy,0,1
64.48,34.89,46.04,4.57,late,clay,19.15,0
49.24,34.23,74.55,4.85,initial,sandy,20.01,0
68.85,25.82,62.71,4.67,mid_season,sandy,4.83,0
27.67,34.66,61.43,0,initial,loamy,0,0
74.16,29.13,42.11,5.57,mid_season,clay,9.05,0
55.28,32.45,84.27,5.16,development,sandy,5.53,0
46.64,24.51,44.74,0,late,sandy,0,1
52.57,29.22,72.99,3.44,late,sandy,4.83,0
44.36,27.41,77.34,0,initial,loamy,0,0
58.46,29.2,81.47,3.57,late,clay,19.64,0
12.85,31.18,46.78,6.85,late,clay,11.39,0
28.02,30.23,47.34,3.51,initial,sandy,5.5,0
74.27,22.94,37.52,2.61,initial,clay,2.88,0
62.17,31.09,37.78,4.04,initial,loamy,2.27,0
61.78,24.12,53.22,6.15,late,clay,23.29,0
71.13,26.84,39.13,2.81,mid_season,sandy,6.68,0
24.45,18.59,75.59,4.02,late,loamy,18.58,0
74.85,23.65,35.39,2.41,development,sandy,0.17,0
63.57,24.29,36.68,0,initial,clay,0,0
51.03,22.78,71.93,3.51,initial,clay,4.72,0
40.48,25.53,84.25,2.88,development,clay,14.01,0
64.18,18.47,61.15,2.48,development,clay,4.94,0
41.52,19.62,77.89,4.31,late,sandy,8.12,0
34.04,22.76,66.82,3.82,mid_season,loamy,6.03,0
61.63,24.06,55.07,0,development,sandy,0,0
49.32,18.76,65.68,2.17,development,loamy,9.16,0
62.35,21.04,77.24,3.38,initial,loamy,6.6,0
47.35,27.96,77.67,2.52,mid_season,sandy,20.37,0
92.41,20.89,72.03,3.24,development,loamy,8.84,0
54.25,33.23,37.48,2.82,development,clay,17.47,0
33.87,21.88,65.87,3.98,development,loamy,8.39,0
56.62,25.62,47.74,2.5,initial,sandy,2.61,0
62.72,22.32,59.89,5.0,mid_season,loamy,5.94,0
51.02,29.42,44.96,4.63,late,loamy,12.55,0
39.09,21.55,59.06,2.92,late,clay,1.14,0
50.42,26.53,64.35,3.47,development,loamy,8.85,0
44.95,22.82,47.59,3.97,mid_season,sandy,1.62,0
80.56,33.94,69.49,3.8,initial,loamy,2.41,0
66.78,34.25,56.79,1.86,development,sandy,9.25,0
59.82,28.28,35.13,4.32,development,sandy,8.79,0
42.34,24.73,65.83,3.42,initial,loamy,9.42,0
66.78,20.07,67.39,3.58,development,loamy,0.47,0
54.01,35.2,61.6,5.38,late,loamy,0.37,0
72.45,32.33,73.48,3.53,initial,clay,1.5,0
41.21,21.38,45.43,5.4,mid_season,loamy,1.67,0
69.62,27.76,49.24,3.32,initial,sandy,12.97,0
74.61,23.84,56.62,3.72,late,sandy,13.59,0
64.13,20.27,44.85,0,initial,loamy,0,0
44.72,30.65,51.42,0,initial,clay,0,0
46.46,19.99,69.42,5.56,mid_season,sandy,11.63,0
41.59,24.47,36.54,1.73,late,clay,1.37,0
72.05,31.06,77.48,4.58,initial,sandy,1.68,0
51.24,24.16,62.02,2.32,mid_season,clay,6.07,0
80.89,33.78,68.68,3.48,mid_season,clay,11.72,0
56.91,24.29,46.29,0,late,sandy,0,1
43.33,21.3,66.29,0,late,loamy,0,1
35.07,33.66,71.85,3.28,late,loamy,11.62,0
67.99,25.74,46.21,2.74,late,loamy,20.74,0
61.46,26.07,64.49,3.18,mid_season,sandy,2.54,0
47.66,35.87,47.89,1.61,mid_season,sandy,5.02,0
39.93,23.05,55.56,0,initial,sandy,0,0
44.95,22.63,36.45,3.53,development,clay,2.38,0
95,21.48,35.85,4.52,late,clay,14.29,0
55.69,28.58,70.92,2.84,late,loamy,0.56,0
59.6,19.07,43.17,4.37,late,clay,10.75,0
71.74,32.67,38.61,3.62,initial,clay,0.58,0
78.17,18.83,84.59,3.9,mid_season,clay,18.47,0
52.7,34.52,46.53,3.02,initial,loamy,1.06,0
81.34,34.77,58.29,0,mid_season,sandy,0,0
53.61,23.62,70.83,5.88,development,clay,16.47,0
67.38,23.94,62.59,4.94,late,loamy,4.66,0
66.23,31.27,80.93,4.29,initial,clay,8.32,0
19.17,26.58,46.05,3.45,initial,loamy,7.07,0
73.99,20.76,47.37,2.75,initial,sandy,5.13,0
68.69,25.91,48.39,3.44,development,sandy,7.49,0
41.63,33.48,69.94,4.99,mid_season,sandy,7.47,0
75.51,31.24,55.72,0,late,sandy,0,0
29.25,34.59,52.39,4.96,development,clay,1.25,0
53.94,22.97,37.16,4.23,late,loamy,17.29,0
62.2,18.95,43.65,2.44,late,loamy,18.86,0
57.15,22.63,57.67,5.32,mid_season,sandy,24.91,0
55.4,18.8,55.36,5.74,late,sandy,3.73,0
50.87,33.05,39.79,1.84,development,sandy,7.02,0
78.61,35.68,66.87,0,initial,sandy,0,0
55.45,28.92,74.8,4.07,mid_season,clay,21.17,0
37.01,27.03,61.89,4.48,initial,loamy,11.01,0
51.4,30.09,66.52,3.91,initial,clay,7.14,0
65.87,35.11,57.7,5.12,development,loamy,5.32,0
56.33,33.73,70.59,4.61,mid_season,loamy,13.07,0
75.02,27.16,54.65,3.98,mid_season,loamy,15.3,0
69.24,26.82,60.86,2.99,mid_season,loamy,4.53,0
74.72,21.2,53.12,5.09,mid_season,clay,17.33,0
88.41,23.64,68.61,5.1,late,sandy,17.74,0
11.58,23.88,43.33,3.47,mid_season,clay,5.05,0
36.36,29.31,81.49,5.71,initial,sandy,4.41,0
35.74,29.1,39.68,0,mid_season,loamy,0,1
49.62,28.41,57.17,2.78,mid_season,clay,12.32,0
21.45,26.75,39.7,3.74,late,clay,25.4,0
80.39,31.12,62.09,4.25,late,sandy,5.34,0
49.57,34.97,43.23,0,initial,loamy,0,1
62.06,33.54,69.82,2.06,mid_season,loamy,10.19,0
71.34,19.08,71.49,4.64,late,clay,8.18,0
67.84,25.53,76.25,3.24,development,clay,7.24,0
53.46,25.4,77.5,0,initial,sandy,0,0
73.08,35.09,36.26,4.87,initial,sandy,9.73,0
49.78,35.1,64.97,6.67,development,clay,30.52,0
37.4,23.11,64.04,3.25,development,sandy,6.92,0
62.91,19.13,44.26,4.39,initial,sandy,16.42,0
83.88,22.31,42.53,0.93,late,sandy,8.06,0
86.81,31.59,37.62,0,initial,loamy,0,0
32.94,34.03,64.69,0,initial,sandy,0,0
82.89,19.45,73.33,3.58,mid_season,sandy,3.58,0
48.22,22.88,60.15,5.26,development,clay,5.38,0
46.34,29.87,70.99,3.48,late,loamy,10.41,0
71.99,23.87,62.03,4.7,late,loamy,15.55,0
40.51,23.23,67.2,2.54,mid_season,loamy,13.36,0
80.29,32.25,84.04,4.05,mid_season,loamy,3.97,0
48.37,29.81,37.8,0,late,sandy,0,1
53.68,33.6,66.66,4.18,late,clay,15.3,0
66.71,32.49,40.4,3.57,mid_season,sandy,18.35,0
62.44,18.12,70.35,4.31,development,sandy,3.58,0
41.89,24.16,82.7,4.39,late,sandy,0.43,0
47.69,32.19,73.51,3.38,mid_season,loamy,9.42,0
33.01,24.94,79.8,3.18,initial,clay,13.59,0
59.57,26.66,66.06,2.1,late,loamy,6.73,0
37.63,21.32,51.96,4.03,mid_season,loamy,15.34,0
55.17,27.58,66.92,3.8,development,sandy,2.75,0
90.39,25.39,63.3,4.5,late,clay,3.27,0
36.29,26.11,51.23,5.34,initial,clay,3.48,0
67.42,34.06,73.64,2.9,mid_season,clay,14.3,0
78.23,30.53,43.1,3.19,mid_season,sandy,8.42,0
95,31.05,80.16,6.0,late,loamy,2.63,0
52.78,32.85,52.46,2.03,late,sandy,8.6,0
46.54,31.94,44.29,4.26,mid_season,loamy,15.75,0
57.76,21.51,41.03,5.22,mid_season,loamy,18.34,0
78.08,32.07,64.04,5.37,development,clay,12.43,0
64.9,24.71,37.69,4.29,late,clay,2.5,0
40.93,35.77,36.59,2.88,development,sandy,3.87,0
49.92,21.78,82.63,3.77,development,loamy,5.77,0
35.79,22.81,47.91,3.94,initial,sandy,3.69,0
43.76,32.91,60.59,3.28,initial,loamy,8.33,0
43.71,26.56,50.34,6.21,mid_season,loamy,4.07,0
51.47,26.67,43.66,3.23,mid_season,sandy,18.41,0
45.34,24.03,37.62,4.32,mid_season,loamy,9.24,0
10.05,30.98,65.78,1.23,initial,loamy,4.4,0
39.25,25.34,51.23,3.42,mid_season,loamy,17.73,0
59.19,30.37,68.39,4.63,mid_season,sandy,3.49,0
49.52,19.9,79.53,2.01,development,sandy,15.64,0
35.35,32.99,45.23,0,development,sandy,0,1
44.17,30.43,69.96,4.38,late,loamy,5.05,0
53.07,20.28,82.76,0,initial,clay,0,0
78.31,33.35,66.01,4.74,initial,loamy,24.57,0
74.15,21.44,69.81,1.56,initial,loamy,0.74,0
57.27,19.97,35.77,5.05,mid_season,clay,8.92,0
18.59,24.38,70.1,5.01,mid_season,clay,24.22,0
46.32,24.43,79.16,0,development,clay,0,0
62.33,18.03,49.94,2.42,initial,clay,15.31,0
18.57,21.58,57.08,5.05,development,loamy,18.69,0
56.32,28.55,57.88,4.89,development,sandy,6.03,0
38.5,32.63,54.56,2.07,late,loamy,5.76,0
72.15,18.9,48.01,7.17,initial,clay,9.89,0
54.87,23.52,46.33,3.53,development,clay,7.7,0
